Using launch settings from /home/runner/work/Win32Emu/Win32Emu/Win32Emu.Gui/Properties/launchSettings.json...
Warning: Could not enable file logging: File not found: /home/runner/work/Win32Emu/Win32Emu/diagnostic_logs/ign_teas_20260126_001254.log
info: Win32Emu.Emulator[0]
      Logging to file: /home/runner/work/Win32Emu/Win32Emu/diagnostic_logs/ign_teas_20260126_001254.log
info: Win32Emu.Emulator[0]
      Creating virtual disk: /tmp/Win32Emu_VHDs/IGN_TEAS_6b3405f4a47c285e.vhd
dbug: Win32Emu.Emulator[0]
      [DiskVFS] VHD disk formatted with FAT32
info: Win32Emu.Emulator[0]
      [DiskVFS] Created and formatted Vhd disk: /tmp/Win32Emu_VHDs/IGN_TEAS_6b3405f4a47c285e.vhd (536870912 bytes)
info: Win32Emu.Emulator[0]
      [DiskVFS] Mounted VHD: /tmp/Win32Emu_VHDs/IGN_TEAS_6b3405f4a47c285e.vhd (Read-Write)
dbug: Win32Emu.Emulator[0]
      [DiskVFS] Created directory: \ign_teas
info: Win32Emu.Emulator[0]
      Created root directory: \ign_teas
info: Win32Emu.Emulator[0]
      [VHD Creation] Starting copy of 32 files to virtual disk
dbug: Win32Emu.Emulator[0]
      Created directory: \ign_teas
info: Win32Emu.Emulator[0]
      [VHD Creation] Copying file 1/32: IGN_TEAS_42aeaf49af6191400fa18ba3e3c47e48_20260108_133310.log
info: Win32Emu.Emulator[0]
      [DiskVFS] FindCaseInsensitivePath: Searching for '\ign_teas\IGN_TEAS_42aeaf49af6191400fa18ba3e3c47e48_20260108_133310.log'
info: Win32Emu.Emulator[0]
      [DiskVFS] FindCaseInsensitivePath: Checking directory='\ign_teas', filename='IGN_TEAS_42aeaf49af6191400fa18ba3e3c47e48_20260108_133310.log'
dbug: Win32Emu.Emulator[0]
      [DiskVFS] Opened file: \ign_teas\IGN_TEAS_42aeaf49af6191400fa18ba3e3c47e48_20260108_133310.log
info: Win32Emu.Emulator[0]
      [VHD Creation] Successfully copied IGN_TEAS_42aeaf49af6191400fa18ba3e3c47e48_20260108_133310.log (118513 bytes) [1/32]
dbug: Win32Emu.Emulator[0]
      Created directory: \ign_teas
info: Win32Emu.Emulator[0]
      [VHD Creation] Copying file 2/32: IGN_TEAS_42aeaf49af6191400fa18ba3e3c47e48_20260108_133903.log
info: Win32Emu.Emulator[0]
      [DiskVFS] FindCaseInsensitivePath: Searching for '\ign_teas\IGN_TEAS_42aeaf49af6191400fa18ba3e3c47e48_20260108_133903.log'
info: Win32Emu.Emulator[0]
      [DiskVFS] FindCaseInsensitivePath: Checking directory='\ign_teas', filename='IGN_TEAS_42aeaf49af6191400fa18ba3e3c47e48_20260108_133903.log'
dbug: Win32Emu.Emulator[0]
      [DiskVFS] Opened file: \ign_teas\IGN_TEAS_42aeaf49af6191400fa18ba3e3c47e48_20260108_133903.log
info: Win32Emu.Emulator[0]
      [VHD Creation] Successfully copied IGN_TEAS_42aeaf49af6191400fa18ba3e3c47e48_20260108_133903.log (47070 bytes) [2/32]
dbug: Win32Emu.Emulator[0]
      Created directory: \ign_teas
info: Win32Emu.Emulator[0]
      [VHD Creation] Copying file 3/32: IGN_TEAS.EXE
info: Win32Emu.Emulator[0]
      [DiskVFS] FindCaseInsensitivePath: Searching for '\ign_teas\IGN_TEAS.EXE'
info: Win32Emu.Emulator[0]
      [DiskVFS] FindCaseInsensitivePath: Checking directory='\ign_teas', filename='IGN_TEAS.EXE'
dbug: Win32Emu.Emulator[0]
      [DiskVFS] Opened file: \ign_teas\IGN_TEAS.EXE
info: Win32Emu.Emulator[0]
      [VHD Creation] Successfully copied IGN_TEAS.EXE (290816 bytes) [3/32]
dbug: Win32Emu.Emulator[0]
      Created directory: \ign_teas
info: Win32Emu.Emulator[0]
      [VHD Creation] Copying file 4/32: README.TXT
info: Win32Emu.Emulator[0]
      [DiskVFS] FindCaseInsensitivePath: Searching for '\ign_teas\README.TXT'
info: Win32Emu.Emulator[0]
      [DiskVFS] FindCaseInsensitivePath: Checking directory='\ign_teas', filename='README.TXT'
dbug: Win32Emu.Emulator[0]
      [DiskVFS] Opened file: \ign_teas\README.TXT
info: Win32Emu.Emulator[0]
      [VHD Creation] Successfully copied README.TXT (2662 bytes) [4/32]
dbug: Win32Emu.Emulator[0]
      Created directory: \ign_teas
info: Win32Emu.Emulator[0]
      [VHD Creation] Copying file 5/32: IGN_TEAS_42aeaf49af6191400fa18ba3e3c47e48_20260108_134417.log
info: Win32Emu.Emulator[0]
      [DiskVFS] FindCaseInsensitivePath: Searching for '\ign_teas\IGN_TEAS_42aeaf49af6191400fa18ba3e3c47e48_20260108_134417.log'
info: Win32Emu.Emulator[0]
      [DiskVFS] FindCaseInsensitivePath: Checking directory='\ign_teas', filename='IGN_TEAS_42aeaf49af6191400fa18ba3e3c47e48_20260108_134417.log'
dbug: Win32Emu.Emulator[0]
      [DiskVFS] Opened file: \ign_teas\IGN_TEAS_42aeaf49af6191400fa18ba3e3c47e48_20260108_134417.log
info: Win32Emu.Emulator[0]
      [VHD Creation] Successfully copied IGN_TEAS_42aeaf49af6191400fa18ba3e3c47e48_20260108_134417.log (492564 bytes) [5/32]
dbug: Win32Emu.Emulator[0]
      Created directory: \ign_teas
dbug: Win32Emu.Emulator[0]
      [DiskVFS] Created directory: \ign_teas\DATA
dbug: Win32Emu.Emulator[0]
      Created directory: \ign_teas\DATA
info: Win32Emu.Emulator[0]
      [VHD Creation] Copying file 6/32: IGN3.TEX
info: Win32Emu.Emulator[0]
      [DiskVFS] FindCaseInsensitivePath: Searching for '\ign_teas\DATA\IGN3.TEX'
info: Win32Emu.Emulator[0]
      [DiskVFS] FindCaseInsensitivePath: Checking directory='\ign_teas\DATA', filename='IGN3.TEX'
dbug: Win32Emu.Emulator[0]
      [DiskVFS] Opened file: \ign_teas\DATA\IGN3.TEX
info: Win32Emu.Emulator[0]
      [VHD Creation] Successfully copied IGN3.TEX (65536 bytes) [6/32]
dbug: Win32Emu.Emulator[0]
      Created directory: \ign_teas
dbug: Win32Emu.Emulator[0]
      Created directory: \ign_teas\DATA
info: Win32Emu.Emulator[0]
      [VHD Creation] Copying file 7/32: IGN.PSQ
info: Win32Emu.Emulator[0]
      [DiskVFS] FindCaseInsensitivePath: Searching for '\ign_teas\DATA\IGN.PSQ'
info: Win32Emu.Emulator[0]
      [DiskVFS] FindCaseInsensitivePath: Checking directory='\ign_teas\DATA', filename='IGN.PSQ'
dbug: Win32Emu.Emulator[0]
      [DiskVFS] Opened file: \ign_teas\DATA\IGN.PSQ
info: Win32Emu.Emulator[0]
      [VHD Creation] Successfully copied IGN.PSQ (288 bytes) [7/32]
dbug: Win32Emu.Emulator[0]
      Created directory: \ign_teas
dbug: Win32Emu.Emulator[0]
      Created directory: \ign_teas\DATA
info: Win32Emu.Emulator[0]
      [VHD Creation] Copying file 8/32: IGN6.DPS
info: Win32Emu.Emulator[0]
      [DiskVFS] FindCaseInsensitivePath: Searching for '\ign_teas\DATA\IGN6.DPS'
info: Win32Emu.Emulator[0]
      [DiskVFS] FindCaseInsensitivePath: Checking directory='\ign_teas\DATA', filename='IGN6.DPS'
dbug: Win32Emu.Emulator[0]
      [DiskVFS] Opened file: \ign_teas\DATA\IGN6.DPS
info: Win32Emu.Emulator[0]
      [VHD Creation] Successfully copied IGN6.DPS (23059 bytes) [8/32]
dbug: Win32Emu.Emulator[0]
      Created directory: \ign_teas
dbug: Win32Emu.Emulator[0]
      Created directory: \ign_teas\DATA
info: Win32Emu.Emulator[0]
      [VHD Creation] Copying file 9/32: IGN.PFM
info: Win32Emu.Emulator[0]
      [DiskVFS] FindCaseInsensitivePath: Searching for '\ign_teas\DATA\IGN.PFM'
info: Win32Emu.Emulator[0]
      [DiskVFS] FindCaseInsensitivePath: Checking directory='\ign_teas\DATA', filename='IGN.PFM'
dbug: Win32Emu.Emulator[0]
      [DiskVFS] Opened file: \ign_teas\DATA\IGN.PFM
info: Win32Emu.Emulator[0]
      [VHD Creation] Successfully copied IGN.PFM (5831571 bytes) [9/32]
dbug: Win32Emu.Emulator[0]
      Created directory: \ign_teas
dbug: Win32Emu.Emulator[0]
      Created directory: \ign_teas\DATA
info: Win32Emu.Emulator[0]
      [VHD Creation] Copying file 10/32: IGN5.DPS
info: Win32Emu.Emulator[0]
      [DiskVFS] FindCaseInsensitivePath: Searching for '\ign_teas\DATA\IGN5.DPS'
info: Win32Emu.Emulator[0]
      [DiskVFS] FindCaseInsensitivePath: Checking directory='\ign_teas\DATA', filename='IGN5.DPS'
dbug: Win32Emu.Emulator[0]
      [DiskVFS] Opened file: \ign_teas\DATA\IGN5.DPS
info: Win32Emu.Emulator[0]
      [VHD Creation] Successfully copied IGN5.DPS (23088 bytes) [10/32]
dbug: Win32Emu.Emulator[0]
      Created directory: \ign_teas
dbug: Win32Emu.Emulator[0]
      Created directory: \ign_teas\DATA
info: Win32Emu.Emulator[0]
      [VHD Creation] Copying file 11/32: IGN0.PIC
info: Win32Emu.Emulator[0]
      [DiskVFS] FindCaseInsensitivePath: Searching for '\ign_teas\DATA\IGN0.PIC'
info: Win32Emu.Emulator[0]
      [DiskVFS] FindCaseInsensitivePath: Checking directory='\ign_teas\DATA', filename='IGN0.PIC'
dbug: Win32Emu.Emulator[0]
      [DiskVFS] Opened file: \ign_teas\DATA\IGN0.PIC
info: Win32Emu.Emulator[0]
      [VHD Creation] Successfully copied IGN0.PIC (64846 bytes) [11/32]
dbug: Win32Emu.Emulator[0]
      Created directory: \ign_teas
dbug: Win32Emu.Emulator[0]
      Created directory: \ign_teas\DATA
info: Win32Emu.Emulator[0]
      [VHD Creation] Copying file 12/32: IGN1.PIC
info: Win32Emu.Emulator[0]
      [DiskVFS] FindCaseInsensitivePath: Searching for '\ign_teas\DATA\IGN1.PIC'
info: Win32Emu.Emulator[0]
      [DiskVFS] FindCaseInsensitivePath: Checking directory='\ign_teas\DATA', filename='IGN1.PIC'
dbug: Win32Emu.Emulator[0]
      [DiskVFS] Opened file: \ign_teas\DATA\IGN1.PIC
info: Win32Emu.Emulator[0]
      [VHD Creation] Successfully copied IGN1.PIC (308046 bytes) [12/32]
dbug: Win32Emu.Emulator[0]
      Created directory: \ign_teas
dbug: Win32Emu.Emulator[0]
      Created directory: \ign_teas\DATA
info: Win32Emu.Emulator[0]
      [VHD Creation] Copying file 13/32: IGN3.PIC
info: Win32Emu.Emulator[0]
      [DiskVFS] FindCaseInsensitivePath: Searching for '\ign_teas\DATA\IGN3.PIC'
info: Win32Emu.Emulator[0]
      [DiskVFS] FindCaseInsensitivePath: Checking directory='\ign_teas\DATA', filename='IGN3.PIC'
dbug: Win32Emu.Emulator[0]
      [DiskVFS] Opened file: \ign_teas\DATA\IGN3.PIC
info: Win32Emu.Emulator[0]
      [VHD Creation] Successfully copied IGN3.PIC (308046 bytes) [13/32]
dbug: Win32Emu.Emulator[0]
      Created directory: \ign_teas
dbug: Win32Emu.Emulator[0]
      Created directory: \ign_teas\DATA
info: Win32Emu.Emulator[0]
      [VHD Creation] Copying file 14/32: IGN8.TEX
info: Win32Emu.Emulator[0]
      [DiskVFS] FindCaseInsensitivePath: Searching for '\ign_teas\DATA\IGN8.TEX'
info: Win32Emu.Emulator[0]
      [DiskVFS] FindCaseInsensitivePath: Checking directory='\ign_teas\DATA', filename='IGN8.TEX'
dbug: Win32Emu.Emulator[0]
      [DiskVFS] Opened file: \ign_teas\DATA\IGN8.TEX
info: Win32Emu.Emulator[0]
      [VHD Creation] Successfully copied IGN8.TEX (65536 bytes) [14/32]
dbug: Win32Emu.Emulator[0]
      Created directory: \ign_teas
dbug: Win32Emu.Emulator[0]
      Created directory: \ign_teas\DATA
info: Win32Emu.Emulator[0]
      [VHD Creation] Copying file 15/32: IGN4.DPS
info: Win32Emu.Emulator[0]
      [DiskVFS] FindCaseInsensitivePath: Searching for '\ign_teas\DATA\IGN4.DPS'
info: Win32Emu.Emulator[0]
      [DiskVFS] FindCaseInsensitivePath: Checking directory='\ign_teas\DATA', filename='IGN4.DPS'
dbug: Win32Emu.Emulator[0]
      [DiskVFS] Opened file: \ign_teas\DATA\IGN4.DPS
info: Win32Emu.Emulator[0]
      [VHD Creation] Successfully copied IGN4.DPS (23066 bytes) [15/32]
dbug: Win32Emu.Emulator[0]
      Created directory: \ign_teas
dbug: Win32Emu.Emulator[0]
      Created directory: \ign_teas\DATA
info: Win32Emu.Emulator[0]
      [VHD Creation] Copying file 16/32: IGN4.PIC
info: Win32Emu.Emulator[0]
      [DiskVFS] FindCaseInsensitivePath: Searching for '\ign_teas\DATA\IGN4.PIC'
info: Win32Emu.Emulator[0]
      [DiskVFS] FindCaseInsensitivePath: Checking directory='\ign_teas\DATA', filename='IGN4.PIC'
dbug: Win32Emu.Emulator[0]
      [DiskVFS] Opened file: \ign_teas\DATA\IGN4.PIC
info: Win32Emu.Emulator[0]
      [VHD Creation] Successfully copied IGN4.PIC (308046 bytes) [16/32]
dbug: Win32Emu.Emulator[0]
      Created directory: \ign_teas
dbug: Win32Emu.Emulator[0]
      Created directory: \ign_teas\DATA
info: Win32Emu.Emulator[0]
      [VHD Creation] Copying file 17/32: IGN2.TEX
info: Win32Emu.Emulator[0]
      [DiskVFS] FindCaseInsensitivePath: Searching for '\ign_teas\DATA\IGN2.TEX'
info: Win32Emu.Emulator[0]
      [DiskVFS] FindCaseInsensitivePath: Checking directory='\ign_teas\DATA', filename='IGN2.TEX'
dbug: Win32Emu.Emulator[0]
      [DiskVFS] Opened file: \ign_teas\DATA\IGN2.TEX
info: Win32Emu.Emulator[0]
      [VHD Creation] Successfully copied IGN2.TEX (393280 bytes) [17/32]
dbug: Win32Emu.Emulator[0]
      Created directory: \ign_teas
dbug: Win32Emu.Emulator[0]
      Created directory: \ign_teas\DATA
info: Win32Emu.Emulator[0]
      [VHD Creation] Copying file 18/32: IGN7.DPS
info: Win32Emu.Emulator[0]
      [DiskVFS] FindCaseInsensitivePath: Searching for '\ign_teas\DATA\IGN7.DPS'
info: Win32Emu.Emulator[0]
      [DiskVFS] FindCaseInsensitivePath: Checking directory='\ign_teas\DATA', filename='IGN7.DPS'
dbug: Win32Emu.Emulator[0]
      [DiskVFS] Opened file: \ign_teas\DATA\IGN7.DPS
info: Win32Emu.Emulator[0]
      [VHD Creation] Successfully copied IGN7.DPS (23055 bytes) [18/32]
dbug: Win32Emu.Emulator[0]
      Created directory: \ign_teas
dbug: Win32Emu.Emulator[0]
      Created directory: \ign_teas\DATA
info: Win32Emu.Emulator[0]
      [VHD Creation] Copying file 19/32: IGN.PAN
info: Win32Emu.Emulator[0]
      [DiskVFS] FindCaseInsensitivePath: Searching for '\ign_teas\DATA\IGN.PAN'
info: Win32Emu.Emulator[0]
      [DiskVFS] FindCaseInsensitivePath: Checking directory='\ign_teas\DATA', filename='IGN.PAN'
dbug: Win32Emu.Emulator[0]
      [DiskVFS] Opened file: \ign_teas\DATA\IGN.PAN
info: Win32Emu.Emulator[0]
      [VHD Creation] Successfully copied IGN.PAN (65536 bytes) [19/32]
dbug: Win32Emu.Emulator[0]
      Created directory: \ign_teas
dbug: Win32Emu.Emulator[0]
      Created directory: \ign_teas\DATA
info: Win32Emu.Emulator[0]
      [VHD Creation] Copying file 20/32: IGN1.DPS
info: Win32Emu.Emulator[0]
      [DiskVFS] FindCaseInsensitivePath: Searching for '\ign_teas\DATA\IGN1.DPS'
info: Win32Emu.Emulator[0]
      [DiskVFS] FindCaseInsensitivePath: Checking directory='\ign_teas\DATA', filename='IGN1.DPS'
dbug: Win32Emu.Emulator[0]
      [DiskVFS] Opened file: \ign_teas\DATA\IGN1.DPS
info: Win32Emu.Emulator[0]
      [VHD Creation] Successfully copied IGN1.DPS (45272 bytes) [20/32]
dbug: Win32Emu.Emulator[0]
      Created directory: \ign_teas
dbug: Win32Emu.Emulator[0]
      Created directory: \ign_teas\DATA
info: Win32Emu.Emulator[0]
      [VHD Creation] Copying file 21/32: IGN2.PIC
info: Win32Emu.Emulator[0]
      [DiskVFS] FindCaseInsensitivePath: Searching for '\ign_teas\DATA\IGN2.PIC'
info: Win32Emu.Emulator[0]
      [DiskVFS] FindCaseInsensitivePath: Checking directory='\ign_teas\DATA', filename='IGN2.PIC'
dbug: Win32Emu.Emulator[0]
      [DiskVFS] Opened file: \ign_teas\DATA\IGN2.PIC
info: Win32Emu.Emulator[0]
      [VHD Creation] Successfully copied IGN2.PIC (308046 bytes) [21/32]
dbug: Win32Emu.Emulator[0]
      Created directory: \ign_teas
dbug: Win32Emu.Emulator[0]
      Created directory: \ign_teas\DATA
info: Win32Emu.Emulator[0]
      [VHD Creation] Copying file 22/32: IGN6.TEX
info: Win32Emu.Emulator[0]
      [DiskVFS] FindCaseInsensitivePath: Searching for '\ign_teas\DATA\IGN6.TEX'
info: Win32Emu.Emulator[0]
      [DiskVFS] FindCaseInsensitivePath: Checking directory='\ign_teas\DATA', filename='IGN6.TEX'
dbug: Win32Emu.Emulator[0]
      [DiskVFS] Opened file: \ign_teas\DATA\IGN6.TEX
info: Win32Emu.Emulator[0]
      [VHD Creation] Successfully copied IGN6.TEX (32768 bytes) [22/32]
dbug: Win32Emu.Emulator[0]
      Created directory: \ign_teas
dbug: Win32Emu.Emulator[0]
      Created directory: \ign_teas\DATA
info: Win32Emu.Emulator[0]
      [VHD Creation] Copying file 23/32: IGN2.DPS
info: Win32Emu.Emulator[0]
      [DiskVFS] FindCaseInsensitivePath: Searching for '\ign_teas\DATA\IGN2.DPS'
info: Win32Emu.Emulator[0]
      [DiskVFS] FindCaseInsensitivePath: Checking directory='\ign_teas\DATA', filename='IGN2.DPS'
dbug: Win32Emu.Emulator[0]
      [DiskVFS] Opened file: \ign_teas\DATA\IGN2.DPS
info: Win32Emu.Emulator[0]
      [VHD Creation] Successfully copied IGN2.DPS (23049 bytes) [23/32]
dbug: Win32Emu.Emulator[0]
      Created directory: \ign_teas
dbug: Win32Emu.Emulator[0]
      Created directory: \ign_teas\DATA
info: Win32Emu.Emulator[0]
      [VHD Creation] Copying file 24/32: IGN1.TEX
info: Win32Emu.Emulator[0]
      [DiskVFS] FindCaseInsensitivePath: Searching for '\ign_teas\DATA\IGN1.TEX'
info: Win32Emu.Emulator[0]
      [DiskVFS] FindCaseInsensitivePath: Checking directory='\ign_teas\DATA', filename='IGN1.TEX'
dbug: Win32Emu.Emulator[0]
      [DiskVFS] Opened file: \ign_teas\DATA\IGN1.TEX
info: Win32Emu.Emulator[0]
      [VHD Creation] Successfully copied IGN1.TEX (1048768 bytes) [24/32]
dbug: Win32Emu.Emulator[0]
      Created directory: \ign_teas
dbug: Win32Emu.Emulator[0]
      Created directory: \ign_teas\DATA
info: Win32Emu.Emulator[0]
      [VHD Creation] Copying file 25/32: IGN7.TEX
info: Win32Emu.Emulator[0]
      [DiskVFS] FindCaseInsensitivePath: Searching for '\ign_teas\DATA\IGN7.TEX'
info: Win32Emu.Emulator[0]
      [DiskVFS] FindCaseInsensitivePath: Checking directory='\ign_teas\DATA', filename='IGN7.TEX'
dbug: Win32Emu.Emulator[0]
      [DiskVFS] Opened file: \ign_teas\DATA\IGN7.TEX
info: Win32Emu.Emulator[0]
      [VHD Creation] Successfully copied IGN7.TEX (65536 bytes) [25/32]
dbug: Win32Emu.Emulator[0]
      Created directory: \ign_teas
dbug: Win32Emu.Emulator[0]
      Created directory: \ign_teas\DATA
info: Win32Emu.Emulator[0]
      [VHD Creation] Copying file 26/32: IGN.SHD
info: Win32Emu.Emulator[0]
      [DiskVFS] FindCaseInsensitivePath: Searching for '\ign_teas\DATA\IGN.SHD'
info: Win32Emu.Emulator[0]
      [DiskVFS] FindCaseInsensitivePath: Checking directory='\ign_teas\DATA', filename='IGN.SHD'
dbug: Win32Emu.Emulator[0]
      [DiskVFS] Opened file: \ign_teas\DATA\IGN.SHD
info: Win32Emu.Emulator[0]
      [VHD Creation] Successfully copied IGN.SHD (65536 bytes) [26/32]
dbug: Win32Emu.Emulator[0]
      Created directory: \ign_teas
dbug: Win32Emu.Emulator[0]
      Created directory: \ign_teas\DATA
info: Win32Emu.Emulator[0]
      [VHD Creation] Copying file 27/32: IGN3.DPS
info: Win32Emu.Emulator[0]
      [DiskVFS] FindCaseInsensitivePath: Searching for '\ign_teas\DATA\IGN3.DPS'
info: Win32Emu.Emulator[0]
      [DiskVFS] FindCaseInsensitivePath: Checking directory='\ign_teas\DATA', filename='IGN3.DPS'
dbug: Win32Emu.Emulator[0]
      [DiskVFS] Opened file: \ign_teas\DATA\IGN3.DPS
info: Win32Emu.Emulator[0]
      [VHD Creation] Successfully copied IGN3.DPS (23097 bytes) [27/32]
dbug: Win32Emu.Emulator[0]
      Created directory: \ign_teas
dbug: Win32Emu.Emulator[0]
      Created directory: \ign_teas\DATA
info: Win32Emu.Emulator[0]
      [VHD Creation] Copying file 28/32: IGN35.DPS
info: Win32Emu.Emulator[0]
      [DiskVFS] FindCaseInsensitivePath: Searching for '\ign_teas\DATA\IGN35.DPS'
info: Win32Emu.Emulator[0]
      [DiskVFS] FindCaseInsensitivePath: Checking directory='\ign_teas\DATA', filename='IGN35.DPS'
dbug: Win32Emu.Emulator[0]
      [DiskVFS] Opened file: \ign_teas\DATA\IGN35.DPS
info: Win32Emu.Emulator[0]
      [VHD Creation] Successfully copied IGN35.DPS (23030 bytes) [28/32]
dbug: Win32Emu.Emulator[0]
      Created directory: \ign_teas
dbug: Win32Emu.Emulator[0]
      Created directory: \ign_teas\DATA
info: Win32Emu.Emulator[0]
      [VHD Creation] Copying file 29/32: IGN25.DPS
info: Win32Emu.Emulator[0]
      [DiskVFS] FindCaseInsensitivePath: Searching for '\ign_teas\DATA\IGN25.DPS'
info: Win32Emu.Emulator[0]
      [DiskVFS] FindCaseInsensitivePath: Checking directory='\ign_teas\DATA', filename='IGN25.DPS'
dbug: Win32Emu.Emulator[0]
      [DiskVFS] Opened file: \ign_teas\DATA\IGN25.DPS
info: Win32Emu.Emulator[0]
      [VHD Creation] Successfully copied IGN25.DPS (23046 bytes) [29/32]
dbug: Win32Emu.Emulator[0]
      Created directory: \ign_teas
dbug: Win32Emu.Emulator[0]
      Created directory: \ign_teas\DATA
info: Win32Emu.Emulator[0]
      [VHD Creation] Copying file 30/32: IGN4.TEX
info: Win32Emu.Emulator[0]
      [DiskVFS] FindCaseInsensitivePath: Searching for '\ign_teas\DATA\IGN4.TEX'
info: Win32Emu.Emulator[0]
      [DiskVFS] FindCaseInsensitivePath: Checking directory='\ign_teas\DATA', filename='IGN4.TEX'
dbug: Win32Emu.Emulator[0]
      [DiskVFS] Opened file: \ign_teas\DATA\IGN4.TEX
info: Win32Emu.Emulator[0]
      [VHD Creation] Successfully copied IGN4.TEX (65536 bytes) [30/32]
dbug: Win32Emu.Emulator[0]
      Created directory: \ign_teas
dbug: Win32Emu.Emulator[0]
      Created directory: \ign_teas\DATA
info: Win32Emu.Emulator[0]
      [VHD Creation] Copying file 31/32: IGN.COL
info: Win32Emu.Emulator[0]
      [DiskVFS] FindCaseInsensitivePath: Searching for '\ign_teas\DATA\IGN.COL'
info: Win32Emu.Emulator[0]
      [DiskVFS] FindCaseInsensitivePath: Checking directory='\ign_teas\DATA', filename='IGN.COL'
dbug: Win32Emu.Emulator[0]
      [DiskVFS] Opened file: \ign_teas\DATA\IGN.COL
info: Win32Emu.Emulator[0]
      [VHD Creation] Successfully copied IGN.COL (776 bytes) [31/32]
dbug: Win32Emu.Emulator[0]
      Created directory: \ign_teas
dbug: Win32Emu.Emulator[0]
      Created directory: \ign_teas\DATA
info: Win32Emu.Emulator[0]
      [VHD Creation] Copying file 32/32: IGN5.TEX
info: Win32Emu.Emulator[0]
      [DiskVFS] FindCaseInsensitivePath: Searching for '\ign_teas\DATA\IGN5.TEX'
info: Win32Emu.Emulator[0]
      [DiskVFS] FindCaseInsensitivePath: Checking directory='\ign_teas\DATA', filename='IGN5.TEX'
dbug: Win32Emu.Emulator[0]
      [DiskVFS] Opened file: \ign_teas\DATA\IGN5.TEX
info: Win32Emu.Emulator[0]
      [VHD Creation] Successfully copied IGN5.TEX (65536 bytes) [32/32]
info: Win32Emu.Emulator[0]
      [DiskVFS] Disposed
info: Win32Emu.Emulator[0]
      [VHD Creation] Virtual disk created successfully: /tmp/Win32Emu_VHDs/IGN_TEAS_6b3405f4a47c285e.vhd (32/32 files copied)
info: Win32Emu.Emulator[0]
      Using virtual disk: /tmp/Win32Emu_VHDs/IGN_TEAS_6b3405f4a47c285e.vhd
info: Win32Emu.Emulator[0]
      Executable VFS path: C:\ign_teas\IGN_TEAS.EXE
info: Win32Emu.Emulator[0]
      [Loader] Extracting executable from virtual disk: C:\ign_teas\IGN_TEAS.EXE
info: Win32Emu.Emulator[0]
      [DiskVFS] Mounted VHD: /tmp/Win32Emu_VHDs/IGN_TEAS_6b3405f4a47c285e.vhd (Read-Write)
info: Win32Emu.Emulator[0]
      [DiskVFS] FindCaseInsensitivePath: Searching for '\ign_teas\IGN_TEAS.EXE'
info: Win32Emu.Emulator[0]
      [DiskVFS] FindCaseInsensitivePath: File exists as-is: '\ign_teas\IGN_TEAS.EXE'
dbug: Win32Emu.Emulator[0]
      [DiskVFS] Opened file: \ign_teas\IGN_TEAS.EXE
info: Win32Emu.Emulator[0]
      [Loader] Extracted 290816 bytes from virtual disk
info: Win32Emu.Emulator[0]
      [DiskVFS] Disposed
info: Win32Emu.Emulator[0]
      [Loader] Host OS: Ubuntu 24.04.3 LTS
info: Win32Emu.Emulator[0]
      [Loader] Host OS Architecture: X64
info: Win32Emu.Emulator[0]
      [Loader] Host Process Architecture: X64
info: Win32Emu.Emulator[0]
      [Loader] Host Framework: .NET 10.0.2
info: Win32Emu.Emulator[0]
      [Loader] Host Runtime Identifier: linux-x64
dbug: Win32Emu.Emulator[0]
      [Loader] Loading executable: C:\ign_teas\IGN_TEAS.EXE
info: Win32Emu.Emulator[0]
      [Memory] Configured size: 256 MB, Address space: 4096 MB (sparse, pages allocated on-demand)
info: Win32Emu.Emulator[0]
      [Loader] Detected format: PE32
dbug: Win32Emu.Emulator[0]
      [Loader] Loading PE headers: Size=0x00000400 at ImageBase=0x00400000
dbug: Win32Emu.Emulator[0]
      [Loader] Loaded 0x00000400 bytes of PE headers
dbug: Win32Emu.Emulator[0]
      [Loader] Loading section ., t, e, x, t: RVA=0x00001000, VirtualSize=0x0001940C, RawDataSize=0x00019600, Flags=0x60000020
dbug: Win32Emu.Emulator[0]
      [Loader] Section ., t, e, x, t has RawDataSize (0x00019600) > VirtualSize (0x0001940C), truncating to VirtualSize to avoid writing beyond section bounds
dbug: Win32Emu.Emulator[0]
      [Loader] Loading section ., r, d, a, t, a: RVA=0x0001B000, VirtualSize=0x00000838, RawDataSize=0x00000A00, Flags=0x40000040
dbug: Win32Emu.Emulator[0]
      [Loader] Section ., r, d, a, t, a has RawDataSize (0x00000A00) > VirtualSize (0x00000838), truncating to VirtualSize to avoid writing beyond section bounds
dbug: Win32Emu.Emulator[0]
      [Loader] Loading section ., d, a, t, a: RVA=0x0001C000, VirtualSize=0x00038690, RawDataSize=0x00020400, Flags=0xC0000040
dbug: Win32Emu.Emulator[0]
      [Loader] Section ., d, a, t, a has VirtualSize (0x00038690) > RawDataSize (0x00020400), extra 0x00018290 bytes remain zero-filled
dbug: Win32Emu.Emulator[0]
      [Loader] Loading section ., i, d, a, t, a: RVA=0x00055000, VirtualSize=0x0000092E, RawDataSize=0x00000A00, Flags=0xC0000040
dbug: Win32Emu.Emulator[0]
      [Loader] Section ., i, d, a, t, a has RawDataSize (0x00000A00) > VirtualSize (0x0000092E), truncating to VirtualSize to avoid writing beyond section bounds
dbug: Win32Emu.Emulator[0]
      [Loader] Loading section c, o, d, e: RVA=0x00056000, VirtualSize=0x000014AF, RawDataSize=0x00001600, Flags=0xC0000040
dbug: Win32Emu.Emulator[0]
      [Loader] Section c, o, d, e has RawDataSize (0x00001600) > VirtualSize (0x000014AF), truncating to VirtualSize to avoid writing beyond section bounds
dbug: Win32Emu.Emulator[0]
      [Loader] Loading section S, T, A, C, K: RVA=0x00058000, VirtualSize=0x00000200, RawDataSize=0x00000200, Flags=0xC0000040
dbug: Win32Emu.Emulator[0]
      [Loader] Loading section ., r, s, r, c: RVA=0x00059000, VirtualSize=0x00000504, RawDataSize=0x00000600, Flags=0x40000040
dbug: Win32Emu.Emulator[0]
      [Loader] Section ., r, s, r, c has RawDataSize (0x00000600) > VirtualSize (0x00000504), truncating to VirtualSize to avoid writing beyond section bounds
dbug: Win32Emu.Emulator[0]
      [Loader] Loading section ., r, e, l, o, c: RVA=0x0005A000, VirtualSize=0x00009F28, RawDataSize=0x0000A000, Flags=0x42000040
dbug: Win32Emu.Emulator[0]
      [Loader] Section ., r, e, l, o, c has RawDataSize (0x0000A000) > VirtualSize (0x00009F28), truncating to VirtualSize to avoid writing beyond section bounds
dbug: Win32Emu.Emulator[0]
      [Loader] Image loaded at preferred base 0x00400000, no relocations needed
info: Win32Emu.Emulator[0]
      [Loader] Created syscall dispatcher at 0x0E000000
info: Win32Emu.Emulator[0]
      [Loader] Processing imports from DLL: USER32.dll (30 symbols)
dbug: Win32Emu.Emulator[0]
      [Loader] IAT entry at VA 0x004552E0 contains unusual value 0x00055410 before writing synthetic address.
info: Win32Emu.Emulator[0]
      [Loader] Mapped import: USER32.DLL!ClientToScreen -> IAT VA 0x004552E0 = synthetic 0x0F000000
dbug: Win32Emu.Emulator[0]
      [Loader] IAT entry at VA 0x004552E4 contains unusual value 0x00055370 before writing synthetic address.
info: Win32Emu.Emulator[0]
      [Loader] Mapped import: USER32.DLL!DispatchMessageA -> IAT VA 0x004552E4 = synthetic 0x0F000010
dbug: Win32Emu.Emulator[0]
      [Loader] IAT entry at VA 0x004552E8 contains unusual value 0x00055432 before writing synthetic address.
info: Win32Emu.Emulator[0]
      [Loader] Mapped import: USER32.DLL!SetRect -> IAT VA 0x004552E8 = synthetic 0x0F000020
dbug: Win32Emu.Emulator[0]
      [Loader] IAT entry at VA 0x004552EC contains unusual value 0x00055398 before writing synthetic address.
info: Win32Emu.Emulator[0]
      [Loader] Mapped import: USER32.DLL!GetMessageA -> IAT VA 0x004552EC = synthetic 0x0F000030
dbug: Win32Emu.Emulator[0]
      [Loader] IAT entry at VA 0x004552F0 contains unusual value 0x000553A6 before writing synthetic address.
info: Win32Emu.Emulator[0]
      [Loader] Mapped import: USER32.DLL!PeekMessageA -> IAT VA 0x004552F0 = synthetic 0x0F000040
dbug: Win32Emu.Emulator[0]
      [Loader] IAT entry at VA 0x004552F4 contains unusual value 0x000553B6 before writing synthetic address.
info: Win32Emu.Emulator[0]
      [Loader] Mapped import: USER32.DLL!RegisterClassA -> IAT VA 0x004552F4 = synthetic 0x0F000050
dbug: Win32Emu.Emulator[0]
      [Loader] IAT entry at VA 0x004552F8 contains unusual value 0x000553C8 before writing synthetic address.
info: Win32Emu.Emulator[0]
      [Loader] Mapped import: USER32.DLL!LoadIconA -> IAT VA 0x004552F8 = synthetic 0x0F000060
dbug: Win32Emu.Emulator[0]
      [Loader] IAT entry at VA 0x004552FC contains unusual value 0x000553D4 before writing synthetic address.
info: Win32Emu.Emulator[0]
      [Loader] Mapped import: USER32.DLL!LoadCursorA -> IAT VA 0x004552FC = synthetic 0x0F000070
dbug: Win32Emu.Emulator[0]
      [Loader] IAT entry at VA 0x00455300 contains unusual value 0x000553E2 before writing synthetic address.
info: Win32Emu.Emulator[0]
      [Loader] Mapped import: USER32.DLL!DefWindowProcA -> IAT VA 0x00455300 = synthetic 0x0F000080
dbug: Win32Emu.Emulator[0]
      [Loader] IAT entry at VA 0x00455304 contains unusual value 0x000553F4 before writing synthetic address.
info: Win32Emu.Emulator[0]
      [Loader] Mapped import: USER32.DLL!DestroyWindow -> IAT VA 0x00455304 = synthetic 0x0F000090
dbug: Win32Emu.Emulator[0]
      [Loader] IAT entry at VA 0x00455308 contains unusual value 0x00055404 before writing synthetic address.
info: Win32Emu.Emulator[0]
      [Loader] Mapped import: USER32.DLL!SetCursor -> IAT VA 0x00455308 = synthetic 0x0F0000A0
dbug: Win32Emu.Emulator[0]
      [Loader] IAT entry at VA 0x0045530C contains unusual value 0x00055462 before writing synthetic address.
info: Win32Emu.Emulator[0]
      [Loader] Mapped import: USER32.DLL!PostMessageA -> IAT VA 0x0045530C = synthetic 0x0F0000B0
dbug: Win32Emu.Emulator[0]
      [Loader] IAT entry at VA 0x00455310 contains unusual value 0x00055450 before writing synthetic address.
info: Win32Emu.Emulator[0]
      [Loader] Mapped import: USER32.DLL!PostQuitMessage -> IAT VA 0x00455310 = synthetic 0x0F0000C0
dbug: Win32Emu.Emulator[0]
      [Loader] IAT entry at VA 0x00455314 contains unusual value 0x0005543C before writing synthetic address.
info: Win32Emu.Emulator[0]
      [Loader] Mapped import: USER32.DLL!GetSystemMetrics -> IAT VA 0x00455314 = synthetic 0x0F0000D0
dbug: Win32Emu.Emulator[0]
      [Loader] IAT entry at VA 0x00455318 contains unusual value 0x00055422 before writing synthetic address.
info: Win32Emu.Emulator[0]
      [Loader] Mapped import: USER32.DLL!GetClientRect -> IAT VA 0x00455318 = synthetic 0x0F0000E0
dbug: Win32Emu.Emulator[0]
      [Loader] IAT entry at VA 0x0045531C contains unusual value 0x00055888 before writing synthetic address.
info: Win32Emu.Emulator[0]
      [Loader] Mapped import: USER32.DLL!SetWindowPos -> IAT VA 0x0045531C = synthetic 0x0F0000F0
dbug: Win32Emu.Emulator[0]
      [Loader] IAT entry at VA 0x00455320 contains unusual value 0x00055898 before writing synthetic address.
info: Win32Emu.Emulator[0]
      [Loader] Mapped import: USER32.DLL!AdjustWindowRectEx -> IAT VA 0x00455320 = synthetic 0x0F000100
dbug: Win32Emu.Emulator[0]
      [Loader] IAT entry at VA 0x00455324 contains unusual value 0x0005590C before writing synthetic address.
info: Win32Emu.Emulator[0]
      [Loader] Mapped import: USER32.DLL!CreateWindowExA -> IAT VA 0x00455324 = synthetic 0x0F000110
dbug: Win32Emu.Emulator[0]
      [Loader] IAT entry at VA 0x00455328 contains unusual value 0x000558FC before writing synthetic address.
info: Win32Emu.Emulator[0]
      [Loader] Mapped import: USER32.DLL!UpdateWindow -> IAT VA 0x00455328 = synthetic 0x0F000120
dbug: Win32Emu.Emulator[0]
      [Loader] IAT entry at VA 0x0045532C contains unusual value 0x00055384 before writing synthetic address.
info: Win32Emu.Emulator[0]
      [Loader] Mapped import: USER32.DLL!TranslateMessage -> IAT VA 0x0045532C = synthetic 0x0F000130
dbug: Win32Emu.Emulator[0]
      [Loader] IAT entry at VA 0x00455330 contains unusual value 0x000558E8 before writing synthetic address.
info: Win32Emu.Emulator[0]
      [Loader] Mapped import: USER32.DLL!GetDC -> IAT VA 0x00455330 = synthetic 0x0F000140
dbug: Win32Emu.Emulator[0]
      [Loader] IAT entry at VA 0x00455334 contains unusual value 0x00055844 before writing synthetic address.
info: Win32Emu.Emulator[0]
      [Loader] Mapped import: USER32.DLL!ShowWindow -> IAT VA 0x00455334 = synthetic 0x0F000150
dbug: Win32Emu.Emulator[0]
      [Loader] IAT entry at VA 0x00455338 contains unusual value 0x00055852 before writing synthetic address.
info: Win32Emu.Emulator[0]
      [Loader] Mapped import: USER32.DLL!MessageBoxA -> IAT VA 0x00455338 = synthetic 0x0F000160
dbug: Win32Emu.Emulator[0]
      [Loader] IAT entry at VA 0x0045533C contains unusual value 0x00055860 before writing synthetic address.
info: Win32Emu.Emulator[0]
      [Loader] Mapped import: USER32.DLL!GetWindowRect -> IAT VA 0x0045533C = synthetic 0x0F000170
dbug: Win32Emu.Emulator[0]
      [Loader] IAT entry at VA 0x00455340 contains unusual value 0x00055870 before writing synthetic address.
info: Win32Emu.Emulator[0]
      [Loader] Mapped import: USER32.DLL!SystemParametersInfoA -> IAT VA 0x00455340 = synthetic 0x0F000180
dbug: Win32Emu.Emulator[0]
      [Loader] IAT entry at VA 0x00455344 contains unusual value 0x000558DC before writing synthetic address.
info: Win32Emu.Emulator[0]
      [Loader] Mapped import: USER32.DLL!ReleaseDC -> IAT VA 0x00455344 = synthetic 0x0F000190
dbug: Win32Emu.Emulator[0]
      [Loader] IAT entry at VA 0x00455348 contains unusual value 0x000558F0 before writing synthetic address.
info: Win32Emu.Emulator[0]
      [Loader] Mapped import: USER32.DLL!SetFocus -> IAT VA 0x00455348 = synthetic 0x0F0001A0
dbug: Win32Emu.Emulator[0]
      [Loader] IAT entry at VA 0x0045534C contains unusual value 0x000558AE before writing synthetic address.
info: Win32Emu.Emulator[0]
      [Loader] Mapped import: USER32.DLL!GetMenu -> IAT VA 0x0045534C = synthetic 0x0F0001B0
dbug: Win32Emu.Emulator[0]
      [Loader] IAT entry at VA 0x00455350 contains unusual value 0x000558B8 before writing synthetic address.
info: Win32Emu.Emulator[0]
      [Loader] Mapped import: USER32.DLL!SetWindowLongA -> IAT VA 0x00455350 = synthetic 0x0F0001C0
dbug: Win32Emu.Emulator[0]
      [Loader] IAT entry at VA 0x00455354 contains unusual value 0x000558CA before writing synthetic address.
info: Win32Emu.Emulator[0]
      [Loader] Mapped import: USER32.DLL!GetWindowLongA -> IAT VA 0x00455354 = synthetic 0x0F0001D0
info: Win32Emu.Emulator[0]
      [Loader] Processing imports from DLL: GDI32.dll (2 symbols)
dbug: Win32Emu.Emulator[0]
      [Loader] IAT entry at VA 0x00455220 contains unusual value 0x0005591E before writing synthetic address.
info: Win32Emu.Emulator[0]
      [Loader] Mapped import: GDI32.DLL!GetDeviceCaps -> IAT VA 0x00455220 = synthetic 0x0F0001E0
dbug: Win32Emu.Emulator[0]
      [Loader] IAT entry at VA 0x00455224 contains unusual value 0x0005547E before writing synthetic address.
info: Win32Emu.Emulator[0]
      [Loader] Mapped import: GDI32.DLL!GetStockObject -> IAT VA 0x00455224 = synthetic 0x0F0001F0
info: Win32Emu.Emulator[0]
      [Loader] Processing imports from DLL: DDRAW.dll (1 symbols)
dbug: Win32Emu.Emulator[0]
      [Loader] IAT entry at VA 0x00455208 contains unusual value 0x0005549A before writing synthetic address.
info: Win32Emu.Emulator[0]
      [Loader] Mapped import: DDRAW.DLL!DirectDrawCreate -> IAT VA 0x00455208 = synthetic 0x0F000200
info: Win32Emu.Emulator[0]
      [Loader] Processing imports from DLL: DSOUND.dll (1 symbols)
dbug: Win32Emu.Emulator[0]
      [Loader] IAT entry at VA 0x00455218 contains unusual value 0x000554B8 before writing synthetic address.
info: Win32Emu.Emulator[0]
      [Loader] Mapped import: DSOUND.DLL!DirectSoundCreate -> IAT VA 0x00455218 = synthetic 0x0F000210
info: Win32Emu.Emulator[0]
      [Loader] Processing imports from DLL: DINPUT.dll (1 symbols)
dbug: Win32Emu.Emulator[0]
      [Loader] IAT entry at VA 0x00455210 contains unusual value 0x000554D8 before writing synthetic address.
info: Win32Emu.Emulator[0]
      [Loader] Mapped import: DINPUT.DLL!DirectInputCreateA -> IAT VA 0x00455210 = synthetic 0x0F000220
info: Win32Emu.Emulator[0]
      [Loader] Processing imports from DLL: WINMM.dll (4 symbols)
dbug: Win32Emu.Emulator[0]
      [Loader] IAT entry at VA 0x0045535C contains unusual value 0x0005551C before writing synthetic address.
info: Win32Emu.Emulator[0]
      [Loader] Mapped import: WINMM.DLL!timeGetTime -> IAT VA 0x0045535C = synthetic 0x0F000230
dbug: Win32Emu.Emulator[0]
      [Loader] IAT entry at VA 0x00455360 contains unusual value 0x000554FA before writing synthetic address.
info: Win32Emu.Emulator[0]
      [Loader] Mapped import: WINMM.DLL!timeBeginPeriod -> IAT VA 0x00455360 = synthetic 0x0F000240
dbug: Win32Emu.Emulator[0]
      [Loader] IAT entry at VA 0x00455364 contains unusual value 0x0005550C before writing synthetic address.
info: Win32Emu.Emulator[0]
      [Loader] Mapped import: WINMM.DLL!timeEndPeriod -> IAT VA 0x00455364 = synthetic 0x0F000250
dbug: Win32Emu.Emulator[0]
      [Loader] IAT entry at VA 0x00455368 contains unusual value 0x0005552A before writing synthetic address.
info: Win32Emu.Emulator[0]
      [Loader] Mapped import: WINMM.DLL!timeKillEvent -> IAT VA 0x00455368 = synthetic 0x0F000260
info: Win32Emu.Emulator[0]
      [Loader] Processing imports from DLL: KERNEL32.dll (44 symbols)
dbug: Win32Emu.Emulator[0]
      [Loader] IAT entry at VA 0x0045522C contains unusual value 0x00055622 before writing synthetic address.
info: Win32Emu.Emulator[0]
      [Loader] Mapped import: KERNEL32.DLL!GetModuleFileNameA -> IAT VA 0x0045522C = synthetic 0x0F000270
dbug: Win32Emu.Emulator[0]
      [Loader] IAT entry at VA 0x00455230 contains unusual value 0x0005569A before writing synthetic address.
info: Win32Emu.Emulator[0]
      [Loader] Mapped import: KERNEL32.DLL!GetEnvironmentStringsW -> IAT VA 0x00455230 = synthetic 0x0F000280
dbug: Win32Emu.Emulator[0]
      [Loader] IAT entry at VA 0x00455234 contains unusual value 0x000556B4 before writing synthetic address.
info: Win32Emu.Emulator[0]
      [Loader] Mapped import: KERNEL32.DLL!WideCharToMultiByte -> IAT VA 0x00455234 = synthetic 0x0F000290
dbug: Win32Emu.Emulator[0]
      [Loader] IAT entry at VA 0x00455238 contains unusual value 0x000557D0 before writing synthetic address.
info: Win32Emu.Emulator[0]
      [Loader] Mapped import: KERNEL32.DLL!GetStringTypeA -> IAT VA 0x00455238 = synthetic 0x0F0002A0
dbug: Win32Emu.Emulator[0]
      [Loader] IAT entry at VA 0x0045523C contains unusual value 0x000557C2 before writing synthetic address.
info: Win32Emu.Emulator[0]
      [Loader] Mapped import: KERNEL32.DLL!CreateFileA -> IAT VA 0x0045523C = synthetic 0x0F0002B0
dbug: Win32Emu.Emulator[0]
      [Loader] IAT entry at VA 0x00455240 contains unusual value 0x000557AE before writing synthetic address.
info: Win32Emu.Emulator[0]
      [Loader] Mapped import: KERNEL32.DLL!FlushFileBuffers -> IAT VA 0x00455240 = synthetic 0x0F0002C0
dbug: Win32Emu.Emulator[0]
      [Loader] IAT entry at VA 0x00455244 contains unusual value 0x0005579E before writing synthetic address.
info: Win32Emu.Emulator[0]
      [Loader] Mapped import: KERNEL32.DLL!SetStdHandle -> IAT VA 0x00455244 = synthetic 0x0F0002D0
dbug: Win32Emu.Emulator[0]
      [Loader] IAT entry at VA 0x00455248 contains unusual value 0x0005578E before writing synthetic address.
info: Win32Emu.Emulator[0]
      [Loader] Mapped import: KERNEL32.DLL!LoadLibraryA -> IAT VA 0x00455248 = synthetic 0x0F0002E0
dbug: Win32Emu.Emulator[0]
      [Loader] IAT entry at VA 0x0045524C contains unusual value 0x0005577C before writing synthetic address.
info: Win32Emu.Emulator[0]
      [Loader] Mapped import: KERNEL32.DLL!SetFilePointer -> IAT VA 0x0045524C = synthetic 0x0F0002F0
dbug: Win32Emu.Emulator[0]
      [Loader] IAT entry at VA 0x00455250 contains unusual value 0x00055770 before writing synthetic address.
info: Win32Emu.Emulator[0]
      [Loader] Mapped import: KERNEL32.DLL!ReadFile -> IAT VA 0x00455250 = synthetic 0x0F000300
dbug: Win32Emu.Emulator[0]
      [Loader] IAT entry at VA 0x00455254 contains unusual value 0x00055762 before writing synthetic address.
info: Win32Emu.Emulator[0]
      [Loader] Mapped import: KERNEL32.DLL!CloseHandle -> IAT VA 0x00455254 = synthetic 0x0F000310
dbug: Win32Emu.Emulator[0]
      [Loader] IAT entry at VA 0x00455258 contains unusual value 0x00055752 before writing synthetic address.
info: Win32Emu.Emulator[0]
      [Loader] Mapped import: KERNEL32.DLL!VirtualAlloc -> IAT VA 0x00455258 = synthetic 0x0F000320
dbug: Win32Emu.Emulator[0]
      [Loader] IAT entry at VA 0x0045525C contains unusual value 0x00055746 before writing synthetic address.
info: Win32Emu.Emulator[0]
      [Loader] Mapped import: KERNEL32.DLL!WriteFile -> IAT VA 0x0045525C = synthetic 0x0F000330
dbug: Win32Emu.Emulator[0]
      [Loader] IAT entry at VA 0x00455260 contains unusual value 0x00055738 before writing synthetic address.
info: Win32Emu.Emulator[0]
      [Loader] Mapped import: KERNEL32.DLL!VirtualFree -> IAT VA 0x00455260 = synthetic 0x0F000340
dbug: Win32Emu.Emulator[0]
      [Loader] IAT entry at VA 0x00455264 contains unusual value 0x00055824 before writing synthetic address.
info: Win32Emu.Emulator[0]
      [Loader] Mapped import: KERNEL32.DLL!RaiseException -> IAT VA 0x00455264 = synthetic 0x0F000350
dbug: Win32Emu.Emulator[0]
      [Loader] IAT entry at VA 0x00455268 contains unusual value 0x00055814 before writing synthetic address.
info: Win32Emu.Emulator[0]
      [Loader] Mapped import: KERNEL32.DLL!SetEndOfFile -> IAT VA 0x00455268 = synthetic 0x0F000360
dbug: Win32Emu.Emulator[0]
      [Loader] IAT entry at VA 0x0045526C contains unusual value 0x00055804 before writing synthetic address.
info: Win32Emu.Emulator[0]
      [Loader] Mapped import: KERNEL32.DLL!LCMapStringW -> IAT VA 0x0045526C = synthetic 0x0F000370
dbug: Win32Emu.Emulator[0]
      [Loader] IAT entry at VA 0x00455270 contains unusual value 0x000557F4 before writing synthetic address.
info: Win32Emu.Emulator[0]
      [Loader] Mapped import: KERNEL32.DLL!LCMapStringA -> IAT VA 0x00455270 = synthetic 0x0F000380
dbug: Win32Emu.Emulator[0]
      [Loader] IAT entry at VA 0x00455274 contains unusual value 0x000557E2 before writing synthetic address.
info: Win32Emu.Emulator[0]
      [Loader] Mapped import: KERNEL32.DLL!GetStringTypeW -> IAT VA 0x00455274 = synthetic 0x0F000390
dbug: Win32Emu.Emulator[0]
      [Loader] IAT entry at VA 0x00455278 contains unusual value 0x00055544 before writing synthetic address.
info: Win32Emu.Emulator[0]
      [Loader] Mapped import: KERNEL32.DLL!ExitProcess -> IAT VA 0x00455278 = synthetic 0x0F0003A0
dbug: Win32Emu.Emulator[0]
      [Loader] IAT entry at VA 0x0045527C contains unusual value 0x00055552 before writing synthetic address.
info: Win32Emu.Emulator[0]
      [Loader] Mapped import: KERNEL32.DLL!TerminateProcess -> IAT VA 0x0045527C = synthetic 0x0F0003B0
dbug: Win32Emu.Emulator[0]
      [Loader] IAT entry at VA 0x00455280 contains unusual value 0x00055566 before writing synthetic address.
info: Win32Emu.Emulator[0]
      [Loader] Mapped import: KERNEL32.DLL!GetCurrentProcess -> IAT VA 0x00455280 = synthetic 0x0F0003C0
dbug: Win32Emu.Emulator[0]
      [Loader] IAT entry at VA 0x00455284 contains unusual value 0x0005557A before writing synthetic address.
info: Win32Emu.Emulator[0]
      [Loader] Mapped import: KERNEL32.DLL!GetModuleHandleA -> IAT VA 0x00455284 = synthetic 0x0F0003D0
dbug: Win32Emu.Emulator[0]
      [Loader] IAT entry at VA 0x00455288 contains unusual value 0x0005558E before writing synthetic address.
info: Win32Emu.Emulator[0]
      [Loader] Mapped import: KERNEL32.DLL!GetStartupInfoA -> IAT VA 0x00455288 = synthetic 0x0F0003E0
dbug: Win32Emu.Emulator[0]
      [Loader] IAT entry at VA 0x0045528C contains unusual value 0x000555A0 before writing synthetic address.
info: Win32Emu.Emulator[0]
      [Loader] Mapped import: KERNEL32.DLL!GetCommandLineA -> IAT VA 0x0045528C = synthetic 0x0F0003F0
dbug: Win32Emu.Emulator[0]
      [Loader] IAT entry at VA 0x00455290 contains unusual value 0x000555B2 before writing synthetic address.
info: Win32Emu.Emulator[0]
      [Loader] Mapped import: KERNEL32.DLL!GetVersion -> IAT VA 0x00455290 = synthetic 0x0F000400
dbug: Win32Emu.Emulator[0]
      [Loader] IAT entry at VA 0x00455294 contains unusual value 0x000555C0 before writing synthetic address.
info: Win32Emu.Emulator[0]
      [Loader] Mapped import: KERNEL32.DLL!HeapAlloc -> IAT VA 0x00455294 = synthetic 0x0F000410
dbug: Win32Emu.Emulator[0]
      [Loader] IAT entry at VA 0x00455298 contains unusual value 0x000555CC before writing synthetic address.
info: Win32Emu.Emulator[0]
      [Loader] Mapped import: KERNEL32.DLL!HeapFree -> IAT VA 0x00455298 = synthetic 0x0F000420
dbug: Win32Emu.Emulator[0]
      [Loader] IAT entry at VA 0x0045529C contains unusual value 0x000555D8 before writing synthetic address.
info: Win32Emu.Emulator[0]
      [Loader] Mapped import: KERNEL32.DLL!GetLastError -> IAT VA 0x0045529C = synthetic 0x0F000430
dbug: Win32Emu.Emulator[0]
      [Loader] IAT entry at VA 0x004552A0 contains unusual value 0x0005571C before writing synthetic address.
info: Win32Emu.Emulator[0]
      [Loader] Mapped import: KERNEL32.DLL!HeapDestroy -> IAT VA 0x004552A0 = synthetic 0x0F000440
dbug: Win32Emu.Emulator[0]
      [Loader] IAT entry at VA 0x004552A4 contains unusual value 0x0005572A before writing synthetic address.
info: Win32Emu.Emulator[0]
      [Loader] Mapped import: KERNEL32.DLL!HeapCreate -> IAT VA 0x004552A4 = synthetic 0x0F000450
dbug: Win32Emu.Emulator[0]
      [Loader] IAT entry at VA 0x004552A8 contains unusual value 0x000555E8 before writing synthetic address.
info: Win32Emu.Emulator[0]
      [Loader] Mapped import: KERNEL32.DLL!GetProcAddress -> IAT VA 0x004552A8 = synthetic 0x0F000460
dbug: Win32Emu.Emulator[0]
      [Loader] IAT entry at VA 0x004552AC contains unusual value 0x000555FA before writing synthetic address.
info: Win32Emu.Emulator[0]
      [Loader] Mapped import: KERNEL32.DLL!RtlUnwind -> IAT VA 0x004552AC = synthetic 0x0F000470
dbug: Win32Emu.Emulator[0]
      [Loader] IAT entry at VA 0x004552B0 contains unusual value 0x00055606 before writing synthetic address.
info: Win32Emu.Emulator[0]
      [Loader] Mapped import: KERNEL32.DLL!UnhandledExceptionFilter -> IAT VA 0x004552B0 = synthetic 0x0F000480
dbug: Win32Emu.Emulator[0]
      [Loader] IAT entry at VA 0x004552B4 contains unusual value 0x000556FE before writing synthetic address.
info: Win32Emu.Emulator[0]
      [Loader] Mapped import: KERNEL32.DLL!GetFileType -> IAT VA 0x004552B4 = synthetic 0x0F000490
dbug: Win32Emu.Emulator[0]
      [Loader] IAT entry at VA 0x004552B8 contains unusual value 0x00055638 before writing synthetic address.
info: Win32Emu.Emulator[0]
      [Loader] Mapped import: KERNEL32.DLL!FreeEnvironmentStringsA -> IAT VA 0x004552B8 = synthetic 0x0F0004A0
dbug: Win32Emu.Emulator[0]
      [Loader] IAT entry at VA 0x004552BC contains unusual value 0x00055652 before writing synthetic address.
info: Win32Emu.Emulator[0]
      [Loader] Mapped import: KERNEL32.DLL!MultiByteToWideChar -> IAT VA 0x004552BC = synthetic 0x0F0004B0
dbug: Win32Emu.Emulator[0]
      [Loader] IAT entry at VA 0x004552C0 contains unusual value 0x00055668 before writing synthetic address.
info: Win32Emu.Emulator[0]
      [Loader] Mapped import: KERNEL32.DLL!GetEnvironmentStrings -> IAT VA 0x004552C0 = synthetic 0x0F0004C0
dbug: Win32Emu.Emulator[0]
      [Loader] IAT entry at VA 0x004552C4 contains unusual value 0x00055680 before writing synthetic address.
info: Win32Emu.Emulator[0]
      [Loader] Mapped import: KERNEL32.DLL!FreeEnvironmentStringsW -> IAT VA 0x004552C4 = synthetic 0x0F0004D0
dbug: Win32Emu.Emulator[0]
      [Loader] IAT entry at VA 0x004552C8 contains unusual value 0x000556EC before writing synthetic address.
info: Win32Emu.Emulator[0]
      [Loader] Mapped import: KERNEL32.DLL!SetHandleCount -> IAT VA 0x004552C8 = synthetic 0x0F0004E0
dbug: Win32Emu.Emulator[0]
      [Loader] IAT entry at VA 0x004552CC contains unusual value 0x0005570C before writing synthetic address.
info: Win32Emu.Emulator[0]
      [Loader] Mapped import: KERNEL32.DLL!GetStdHandle -> IAT VA 0x004552CC = synthetic 0x0F0004F0
dbug: Win32Emu.Emulator[0]
      [Loader] IAT entry at VA 0x004552D0 contains unusual value 0x000556CA before writing synthetic address.
info: Win32Emu.Emulator[0]
      [Loader] Mapped import: KERNEL32.DLL!GetCPInfo -> IAT VA 0x004552D0 = synthetic 0x0F000500
dbug: Win32Emu.Emulator[0]
      [Loader] IAT entry at VA 0x004552D4 contains unusual value 0x000556D6 before writing synthetic address.
info: Win32Emu.Emulator[0]
      [Loader] Mapped import: KERNEL32.DLL!GetACP -> IAT VA 0x004552D4 = synthetic 0x0F000510
dbug: Win32Emu.Emulator[0]
      [Loader] IAT entry at VA 0x004552D8 contains unusual value 0x000556E0 before writing synthetic address.
info: Win32Emu.Emulator[0]
      [Loader] Mapped import: KERNEL32.DLL!GetOEMCP -> IAT VA 0x004552D8 = synthetic 0x0F000520
info: Win32Emu.Emulator[0]
      [Loader] Import mapping complete: 83 imports mapped to addresses 0x0F000000 - 0x0F000520
info: Win32Emu.Emulator[0]
      [Loader] IAT verification passed: all 83 entries are correct
info: Win32Emu.Emulator[0]
      [Loader] Registered 83 IAT entries for runtime protection
dbug: Win32Emu.Emulator[0]
      [Loader] No TLS directory found in PE image
dbug: Win32Emu.Emulator[0]
      [Loader] Section ., t, e, x, t: RVA=0x00001000, VirtualSize=0x0001940C, RawSize=0x00019600, Characteristics=0x60000020
dbug: Win32Emu.Emulator[0]
      [Loader] Section ., r, d, a, t, a: RVA=0x0001B000, VirtualSize=0x00000838, RawSize=0x00000A00, Characteristics=0x40000040
dbug: Win32Emu.Emulator[0]
      [Loader] Section ., d, a, t, a: RVA=0x0001C000, VirtualSize=0x00038690, RawSize=0x00020400, Characteristics=0xC0000040
dbug: Win32Emu.Emulator[0]
      [Loader] Section ., i, d, a, t, a: RVA=0x00055000, VirtualSize=0x0000092E, RawSize=0x00000A00, Characteristics=0xC0000040
dbug: Win32Emu.Emulator[0]
      [Loader] Section c, o, d, e: RVA=0x00056000, VirtualSize=0x000014AF, RawSize=0x00001600, Characteristics=0xC0000040
dbug: Win32Emu.Emulator[0]
      [Loader] Section S, T, A, C, K: RVA=0x00058000, VirtualSize=0x00000200, RawSize=0x00000200, Characteristics=0xC0000040
dbug: Win32Emu.Emulator[0]
      [Loader] Section ., r, s, r, c: RVA=0x00059000, VirtualSize=0x00000504, RawSize=0x00000600, Characteristics=0x40000040
dbug: Win32Emu.Emulator[0]
      [Loader] Section ., r, e, l, o, c: RVA=0x0005A000, VirtualSize=0x00009F28, RawSize=0x0000A000, Characteristics=0x42000040
info: Win32Emu.Emulator[0]
      [Loader] Extracted 8 sections from PE file
dbug: Win32Emu.Emulator[0]
      [Loader] Image base=0x00400000 EntryPoint=0x00410FD0 Size=0x64000
dbug: Win32Emu.Emulator[0]
      [Loader] Imports mapped: 83
dbug: Win32Emu.Emulator[0]
      [Loader] Subsystem: 2 (2=GUI, 3=CUI)
dbug: Win32Emu.Emulator[0]
      [Loader] Stack: Reserve=0x100000 Commit=0x1000
dbug: Win32Emu.Emulator[0]
      [Loader] Heap: Reserve=0x100000 Commit=0x1000
dbug: Win32Emu.Emulator[0]
      [Loader] Sections loaded: 8
dbug: Win32Emu.Emulator[0]
      [Loader]   Section '.text': RVA=0x00001000 Size=0x0001940C Flags=[EXEC,READ]
dbug: Win32Emu.Emulator[0]
      [Loader]   Section '.rdata': RVA=0x0001B000 Size=0x00000838 Flags=[DATA,READ]
dbug: Win32Emu.Emulator[0]
      [Loader]   Section '.data': RVA=0x0001C000 Size=0x00038690 Flags=[DATA,READ,WRITE]
dbug: Win32Emu.Emulator[0]
      [Loader]   Section '.idata': RVA=0x00055000 Size=0x0000092E Flags=[DATA,READ,WRITE]
dbug: Win32Emu.Emulator[0]
      [Loader]   Section 'code': RVA=0x00056000 Size=0x000014AF Flags=[DATA,READ,WRITE]
dbug: Win32Emu.Emulator[0]
      [Loader]   Section 'STACK': RVA=0x00058000 Size=0x00000200 Flags=[DATA,READ,WRITE]
dbug: Win32Emu.Emulator[0]
      [Loader]   Section '.rsrc': RVA=0x00059000 Size=0x00000504 Flags=[DATA,READ]
dbug: Win32Emu.Emulator[0]
      [Loader]   Section '.reloc': RVA=0x0005A000 Size=0x00009F28 Flags=[DATA,READ]
info: Win32Emu.Emulator[0]
      [ProcessEnvironment] Console allocated - stdin=0x00000001, stdout=0x00000002, stderr=0x00000003
info: Win32Emu.Emulator[0]
      [RegistryHive] Created in-memory hive: SYSTEM
info: Win32Emu.Emulator[0]
      [RegistryHive] Created in-memory hive: SOFTWARE
info: Win32Emu.Emulator[0]
      [RegistryHive] Created in-memory hive: NTUSER.DAT
info: Win32Emu.Emulator[0]
      [RegistryHive] Initialized 3 registry hives
dbug: Win32Emu.Emulator[0]
      [RegistryHive] Set default value: PATH=C:\WINDOWS\system32;C:\WINDOWS;C:\WINDOWS\System32\Wbem
dbug: Win32Emu.Emulator[0]
      [RegistryHive] Set default value: PATHEXT=.COM;.EXE;.BAT;.CMD;.VBS;.VBE;.JS;.JSE;.WSF;.WSH
dbug: Win32Emu.Emulator[0]
      [RegistryHive] Set default value: TEMP=C:\TEMP
dbug: Win32Emu.Emulator[0]
      [RegistryHive] Set default value: TMP=C:\TEMP
dbug: Win32Emu.Emulator[0]
      [RegistryHive] Set default value: WINDIR=C:\WINDOWS
dbug: Win32Emu.Emulator[0]
      [RegistryHive] Set default value: SystemRoot=C:\WINDOWS
dbug: Win32Emu.Emulator[0]
      [RegistryHive] Set default value: ComSpec=C:\WINDOWS\system32\cmd.exe
dbug: Win32Emu.Emulator[0]
      [RegistryHive] Set default value: OS=Windows_NT
info: Win32Emu.Emulator[0]
      [RegistryHive] Initialized system environment variables
dbug: Win32Emu.Emulator[0]
      [RegistryHive] Set default value: TEMP=C:\Users\User\AppData\Local\Temp
dbug: Win32Emu.Emulator[0]
      [RegistryHive] Set default value: TMP=C:\Users\User\AppData\Local\Temp
info: Win32Emu.Emulator[0]
      [RegistryHive] Initialized user environment variables
info: Win32Emu.Emulator[0]
      [ProcessEnv] Registry hive initialized
dbug: Win32Emu.Emulator[0]
      [RegistryHive] Opened key: HKEY_LOCAL_MACHINE\SYSTEM\CurrentControlSet\Control\Session Manager\Environment -> handle 0x80000000
dbug: Win32Emu.Emulator[0]
      [ProcessEnv] Loading environment variables from key handle 0x80000000
dbug: Win32Emu.Emulator[0]
      [RegistryHive] Enumerated 8 values for handle 0x80000000
dbug: Win32Emu.Emulator[0]
      [RegistryHive] Query value: ComSpec=C:\WINDOWS\system32\cmd.exe (type=String) from handle 0x80000000
dbug: Win32Emu.Emulator[0]
      [ProcessEnv] Loaded environment variable: ComSpec=C:\WINDOWS\system32\cmd.exe
dbug: Win32Emu.Emulator[0]
      [RegistryHive] Query value: OS=Windows_NT (type=String) from handle 0x80000000
dbug: Win32Emu.Emulator[0]
      [ProcessEnv] Loaded environment variable: OS=Windows_NT
dbug: Win32Emu.Emulator[0]
      [RegistryHive] Query value: PATH=C:\WINDOWS\system32;C:\WINDOWS;C:\WINDOWS\System32\Wbem (type=String) from handle 0x80000000
dbug: Win32Emu.Emulator[0]
      [ProcessEnv] Loaded environment variable: PATH=C:\WINDOWS\system32;C:\WINDOWS;C:\WINDOWS\System32\Wbem
dbug: Win32Emu.Emulator[0]
      [RegistryHive] Query value: PATHEXT=.COM;.EXE;.BAT;.CMD;.VBS;.VBE;.JS;.JSE;.WSF;.WSH (type=String) from handle 0x80000000
dbug: Win32Emu.Emulator[0]
      [ProcessEnv] Loaded environment variable: PATHEXT=.COM;.EXE;.BAT;.CMD;.VBS;.VBE;.JS;.JSE;.WSF;.WSH
dbug: Win32Emu.Emulator[0]
      [RegistryHive] Query value: SystemRoot=C:\WINDOWS (type=String) from handle 0x80000000
dbug: Win32Emu.Emulator[0]
      [ProcessEnv] Loaded environment variable: SystemRoot=C:\WINDOWS
dbug: Win32Emu.Emulator[0]
      [RegistryHive] Query value: TEMP=C:\TEMP (type=String) from handle 0x80000000
dbug: Win32Emu.Emulator[0]
      [ProcessEnv] Loaded environment variable: TEMP=C:\TEMP
dbug: Win32Emu.Emulator[0]
      [RegistryHive] Query value: TMP=C:\TEMP (type=String) from handle 0x80000000
dbug: Win32Emu.Emulator[0]
      [ProcessEnv] Loaded environment variable: TMP=C:\TEMP
dbug: Win32Emu.Emulator[0]
      [RegistryHive] Query value: WINDIR=C:\WINDOWS (type=String) from handle 0x80000000
dbug: Win32Emu.Emulator[0]
      [ProcessEnv] Loaded environment variable: WINDIR=C:\WINDOWS
dbug: Win32Emu.Emulator[0]
      [RegistryHive] Closed key handle: 0x80000000
dbug: Win32Emu.Emulator[0]
      [RegistryHive] Opened key: HKEY_CURRENT_USER\Environment -> handle 0x80000001
dbug: Win32Emu.Emulator[0]
      [ProcessEnv] Loading environment variables from key handle 0x80000001
dbug: Win32Emu.Emulator[0]
      [RegistryHive] Enumerated 2 values for handle 0x80000001
dbug: Win32Emu.Emulator[0]
      [RegistryHive] Query value: TEMP=C:\Users\User\AppData\Local\Temp (type=String) from handle 0x80000001
dbug: Win32Emu.Emulator[0]
      [ProcessEnv] Loaded environment variable: TEMP=C:\Users\User\AppData\Local\Temp
dbug: Win32Emu.Emulator[0]
      [RegistryHive] Query value: TMP=C:\Users\User\AppData\Local\Temp (type=String) from handle 0x80000001
dbug: Win32Emu.Emulator[0]
      [ProcessEnv] Loaded environment variable: TMP=C:\Users\User\AppData\Local\Temp
dbug: Win32Emu.Emulator[0]
      [RegistryHive] Closed key handle: 0x80000001
info: Win32Emu.Emulator[0]
      [ProcessEnv] Synced environment variables from registry
info: Win32Emu.Emulator[0]
      [ProcessEnv] Pre-registered standard control class: BUTTON with WndProc=0x0D000000
info: Win32Emu.Emulator[0]
      [ProcessEnv] Pre-registered standard control class: EDIT with WndProc=0x0D000001
info: Win32Emu.Emulator[0]
      [ProcessEnv] Pre-registered standard control class: STATIC with WndProc=0x0D000002
info: Win32Emu.Emulator[0]
      [ProcessEnv] Pre-registered standard control class: LISTBOX with WndProc=0x0D000003
info: Win32Emu.Emulator[0]
      [ProcessEnv] Pre-registered standard control class: COMBOBOX with WndProc=0x0D000004
info: Win32Emu.Emulator[0]
      [ProcessEnv] Pre-registered standard control class: SCROLLBAR with WndProc=0x0D000005
info: Win32Emu.Emulator[0]
      [ProcessEnv] Pre-registered standard control class: MDICLIENT with WndProc=0x0D000006
info: Win32Emu.Emulator[0]
      [ProcessEnv] Pre-registered standard control class: COMBOLBOX with WndProc=0x0D000007
info: Win32Emu.Emulator[0]
      [ProcessEnv] Pre-registered standard control class: DDEMLEVENT with WndProc=0x0D000008
info: Win32Emu.Emulator[0]
      [ProcessEnv] Pre-registered standard control class: MESSAGE with WndProc=0x0D000009
info: Win32Emu.Emulator[0]
      [ProcessEnv] Pre-registered standard control class: #32768 with WndProc=0x0D00000A
info: Win32Emu.Emulator[0]
      [ProcessEnv] Pre-registered standard control class: #32769 with WndProc=0x0D00000B
info: Win32Emu.Emulator[0]
      [ProcessEnv] Pre-registered standard control class: #32770 with WndProc=0x0D00000C
info: Win32Emu.Emulator[0]
      [ProcessEnv] Pre-registered standard control class: #32771 with WndProc=0x0D00000D
info: Win32Emu.Emulator[0]
      [ProcessEnv] Pre-registered standard control class: #32772 with WndProc=0x0D00000E
info: Win32Emu.Emulator[0]
      [Loader] Initializing virtual file system with disk: /tmp/Win32Emu_VHDs/IGN_TEAS_6b3405f4a47c285e.vhd
info: Win32Emu.Emulator[0]
      [DiskVFS] Mounted VHD: /tmp/Win32Emu_VHDs/IGN_TEAS_6b3405f4a47c285e.vhd (Read-Write)
info: Win32Emu.Emulator[0]
      [ProcessEnv] Virtual File System initialized with disk: /tmp/Win32Emu_VHDs/IGN_TEAS_6b3405f4a47c285e.vhd
dbug: Win32Emu.Emulator[0]
      [RegistryHive] SaveHives called but VFS not available, skipping
info: Win32Emu.Emulator[0]
      [RegistryHive] Disposed registry hive manager
info: Win32Emu.Emulator[0]
      [DiskVFS] FindCaseInsensitivePath: Searching for '\Windows\System32\Config\SYSTEM'
info: Win32Emu.Emulator[0]
      [DiskVFS] FindCaseInsensitivePath: Checking directory='\Windows\System32\Config', filename='SYSTEM'
info: Win32Emu.Emulator[0]
      [DiskVFS] FindCaseInsensitivePath: Directory doesn't exist, recursing: '\Windows\System32\Config'
info: Win32Emu.Emulator[0]
      [DiskVFS] FindCaseInsensitivePath: Searching for '\Windows\System32\Config'
info: Win32Emu.Emulator[0]
      [DiskVFS] FindCaseInsensitivePath: Checking directory='\Windows\System32', filename='Config'
info: Win32Emu.Emulator[0]
      [DiskVFS] FindCaseInsensitivePath: Directory doesn't exist, recursing: '\Windows\System32'
info: Win32Emu.Emulator[0]
      [DiskVFS] FindCaseInsensitivePath: Searching for '\Windows\System32'
info: Win32Emu.Emulator[0]
      [DiskVFS] FindCaseInsensitivePath: Checking directory='\Windows', filename='System32'
info: Win32Emu.Emulator[0]
      [DiskVFS] FindCaseInsensitivePath: Directory doesn't exist, recursing: '\Windows'
info: Win32Emu.Emulator[0]
      [DiskVFS] FindCaseInsensitivePath: Searching for '\Windows'
info: Win32Emu.Emulator[0]
      [DiskVFS] FindCaseInsensitivePath: Invalid path (no separator): '\Windows'
info: Win32Emu.Emulator[0]
      [DiskVFS] FindCaseInsensitivePath: Directory still doesn't exist after recursion: '\Windows'
info: Win32Emu.Emulator[0]
      [DiskVFS] FindCaseInsensitivePath: Directory still doesn't exist after recursion: '\Windows\System32'
info: Win32Emu.Emulator[0]
      [DiskVFS] FindCaseInsensitivePath: Directory still doesn't exist after recursion: '\Windows\System32\Config'
info: Win32Emu.Emulator[0]
      [RegistryHive] Created in-memory hive: SYSTEM
info: Win32Emu.Emulator[0]
      [DiskVFS] FindCaseInsensitivePath: Searching for '\Windows\System32\Config\SOFTWARE'
info: Win32Emu.Emulator[0]
      [DiskVFS] FindCaseInsensitivePath: Checking directory='\Windows\System32\Config', filename='SOFTWARE'
info: Win32Emu.Emulator[0]
      [DiskVFS] FindCaseInsensitivePath: Directory doesn't exist, recursing: '\Windows\System32\Config'
info: Win32Emu.Emulator[0]
      [DiskVFS] FindCaseInsensitivePath: Searching for '\Windows\System32\Config'
info: Win32Emu.Emulator[0]
      [DiskVFS] FindCaseInsensitivePath: Checking directory='\Windows\System32', filename='Config'
info: Win32Emu.Emulator[0]
      [DiskVFS] FindCaseInsensitivePath: Directory doesn't exist, recursing: '\Windows\System32'
info: Win32Emu.Emulator[0]
      [DiskVFS] FindCaseInsensitivePath: Searching for '\Windows\System32'
info: Win32Emu.Emulator[0]
      [DiskVFS] FindCaseInsensitivePath: Checking directory='\Windows', filename='System32'
info: Win32Emu.Emulator[0]
      [DiskVFS] FindCaseInsensitivePath: Directory doesn't exist, recursing: '\Windows'
info: Win32Emu.Emulator[0]
      [DiskVFS] FindCaseInsensitivePath: Searching for '\Windows'
info: Win32Emu.Emulator[0]
      [DiskVFS] FindCaseInsensitivePath: Invalid path (no separator): '\Windows'
info: Win32Emu.Emulator[0]
      [DiskVFS] FindCaseInsensitivePath: Directory still doesn't exist after recursion: '\Windows'
info: Win32Emu.Emulator[0]
      [DiskVFS] FindCaseInsensitivePath: Directory still doesn't exist after recursion: '\Windows\System32'
info: Win32Emu.Emulator[0]
      [DiskVFS] FindCaseInsensitivePath: Directory still doesn't exist after recursion: '\Windows\System32\Config'
info: Win32Emu.Emulator[0]
      [RegistryHive] Created in-memory hive: SOFTWARE
info: Win32Emu.Emulator[0]
      [DiskVFS] FindCaseInsensitivePath: Searching for '\Users\User\NTUSER.DAT'
info: Win32Emu.Emulator[0]
      [DiskVFS] FindCaseInsensitivePath: Checking directory='\Users\User', filename='NTUSER.DAT'
info: Win32Emu.Emulator[0]
      [DiskVFS] FindCaseInsensitivePath: Directory doesn't exist, recursing: '\Users\User'
info: Win32Emu.Emulator[0]
      [DiskVFS] FindCaseInsensitivePath: Searching for '\Users\User'
info: Win32Emu.Emulator[0]
      [DiskVFS] FindCaseInsensitivePath: Checking directory='\Users', filename='User'
info: Win32Emu.Emulator[0]
      [DiskVFS] FindCaseInsensitivePath: Directory doesn't exist, recursing: '\Users'
info: Win32Emu.Emulator[0]
      [DiskVFS] FindCaseInsensitivePath: Searching for '\Users'
info: Win32Emu.Emulator[0]
      [DiskVFS] FindCaseInsensitivePath: Invalid path (no separator): '\Users'
info: Win32Emu.Emulator[0]
      [DiskVFS] FindCaseInsensitivePath: Directory still doesn't exist after recursion: '\Users'
info: Win32Emu.Emulator[0]
      [DiskVFS] FindCaseInsensitivePath: Directory still doesn't exist after recursion: '\Users\User'
info: Win32Emu.Emulator[0]
      [RegistryHive] Created in-memory hive: NTUSER.DAT
info: Win32Emu.Emulator[0]
      [RegistryHive] Initialized 3 registry hives
dbug: Win32Emu.Emulator[0]
      [RegistryHive] Set default value: PATH=C:\WINDOWS\system32;C:\WINDOWS;C:\WINDOWS\System32\Wbem
dbug: Win32Emu.Emulator[0]
      [RegistryHive] Set default value: PATHEXT=.COM;.EXE;.BAT;.CMD;.VBS;.VBE;.JS;.JSE;.WSF;.WSH
dbug: Win32Emu.Emulator[0]
      [RegistryHive] Set default value: TEMP=C:\TEMP
dbug: Win32Emu.Emulator[0]
      [RegistryHive] Set default value: TMP=C:\TEMP
dbug: Win32Emu.Emulator[0]
      [RegistryHive] Set default value: WINDIR=C:\WINDOWS
dbug: Win32Emu.Emulator[0]
      [RegistryHive] Set default value: SystemRoot=C:\WINDOWS
dbug: Win32Emu.Emulator[0]
      [RegistryHive] Set default value: ComSpec=C:\WINDOWS\system32\cmd.exe
dbug: Win32Emu.Emulator[0]
      [RegistryHive] Set default value: OS=Windows_NT
info: Win32Emu.Emulator[0]
      [RegistryHive] Initialized system environment variables
dbug: Win32Emu.Emulator[0]
      [RegistryHive] Set default value: TEMP=C:\Users\User\AppData\Local\Temp
dbug: Win32Emu.Emulator[0]
      [RegistryHive] Set default value: TMP=C:\Users\User\AppData\Local\Temp
info: Win32Emu.Emulator[0]
      [RegistryHive] Initialized user environment variables
info: Win32Emu.Emulator[0]
      [ProcessEnv] Registry hive initialized
dbug: Win32Emu.Emulator[0]
      [RegistryHive] Opened key: HKEY_LOCAL_MACHINE\SYSTEM\CurrentControlSet\Control\Session Manager\Environment -> handle 0x80000000
dbug: Win32Emu.Emulator[0]
      [ProcessEnv] Loading environment variables from key handle 0x80000000
dbug: Win32Emu.Emulator[0]
      [RegistryHive] Enumerated 8 values for handle 0x80000000
dbug: Win32Emu.Emulator[0]
      [RegistryHive] Query value: ComSpec=C:\WINDOWS\system32\cmd.exe (type=String) from handle 0x80000000
dbug: Win32Emu.Emulator[0]
      [ProcessEnv] Loaded environment variable: ComSpec=C:\WINDOWS\system32\cmd.exe
dbug: Win32Emu.Emulator[0]
      [RegistryHive] Query value: OS=Windows_NT (type=String) from handle 0x80000000
dbug: Win32Emu.Emulator[0]
      [ProcessEnv] Loaded environment variable: OS=Windows_NT
dbug: Win32Emu.Emulator[0]
      [RegistryHive] Query value: PATH=C:\WINDOWS\system32;C:\WINDOWS;C:\WINDOWS\System32\Wbem (type=String) from handle 0x80000000
dbug: Win32Emu.Emulator[0]
      [ProcessEnv] Loaded environment variable: PATH=C:\WINDOWS\system32;C:\WINDOWS;C:\WINDOWS\System32\Wbem
dbug: Win32Emu.Emulator[0]
      [RegistryHive] Query value: PATHEXT=.COM;.EXE;.BAT;.CMD;.VBS;.VBE;.JS;.JSE;.WSF;.WSH (type=String) from handle 0x80000000
dbug: Win32Emu.Emulator[0]
      [ProcessEnv] Loaded environment variable: PATHEXT=.COM;.EXE;.BAT;.CMD;.VBS;.VBE;.JS;.JSE;.WSF;.WSH
dbug: Win32Emu.Emulator[0]
      [RegistryHive] Query value: SystemRoot=C:\WINDOWS (type=String) from handle 0x80000000
dbug: Win32Emu.Emulator[0]
      [ProcessEnv] Loaded environment variable: SystemRoot=C:\WINDOWS
dbug: Win32Emu.Emulator[0]
      [RegistryHive] Query value: TEMP=C:\TEMP (type=String) from handle 0x80000000
dbug: Win32Emu.Emulator[0]
      [ProcessEnv] Loaded environment variable: TEMP=C:\TEMP
dbug: Win32Emu.Emulator[0]
      [RegistryHive] Query value: TMP=C:\TEMP (type=String) from handle 0x80000000
dbug: Win32Emu.Emulator[0]
      [ProcessEnv] Loaded environment variable: TMP=C:\TEMP
dbug: Win32Emu.Emulator[0]
      [RegistryHive] Query value: WINDIR=C:\WINDOWS (type=String) from handle 0x80000000
dbug: Win32Emu.Emulator[0]
      [ProcessEnv] Loaded environment variable: WINDIR=C:\WINDOWS
dbug: Win32Emu.Emulator[0]
      [RegistryHive] Closed key handle: 0x80000000
dbug: Win32Emu.Emulator[0]
      [RegistryHive] Opened key: HKEY_CURRENT_USER\Environment -> handle 0x80000001
dbug: Win32Emu.Emulator[0]
      [ProcessEnv] Loading environment variables from key handle 0x80000001
dbug: Win32Emu.Emulator[0]
      [RegistryHive] Enumerated 2 values for handle 0x80000001
dbug: Win32Emu.Emulator[0]
      [RegistryHive] Query value: TEMP=C:\Users\User\AppData\Local\Temp (type=String) from handle 0x80000001
dbug: Win32Emu.Emulator[0]
      [ProcessEnv] Loaded environment variable: TEMP=C:\Users\User\AppData\Local\Temp
dbug: Win32Emu.Emulator[0]
      [RegistryHive] Query value: TMP=C:\Users\User\AppData\Local\Temp (type=String) from handle 0x80000001
dbug: Win32Emu.Emulator[0]
      [ProcessEnv] Loaded environment variable: TMP=C:\Users\User\AppData\Local\Temp
dbug: Win32Emu.Emulator[0]
      [RegistryHive] Closed key handle: 0x80000001
info: Win32Emu.Emulator[0]
      [ProcessEnv] Synced environment variables from registry
info: Win32Emu.Emulator[0]
      [Loader] Virtual file system initialized successfully (disk)
info: Win32Emu.Emulator[0]
      [ProcessEnv] Registered main executable: C:\ign_teas\IGN_TEAS.EXE at 0x00400000
info: Win32Emu.Emulator[0]
      [ProcessEnv] Set current directory to: C:\ign_teas
dbug: Win32Emu.Emulator[0]
      MemWrite addr=0x00470020 len=25 data=43 3A 5C 69 67 6E 5F 74 65 61 73 5C 49 47 4E 5F 54 45 41 53 2E 45 58 45 00
info: Win32Emu.Emulator[0]
      [ProcessEnv] TEB allocated at 0x00470040
info: Win32Emu.Emulator[0]
      [ProcessEnv] PEB allocated at 0x00471040
info: Win32Emu.Emulator[0]
      [ProcessEnvironment] Detected GUI subsystem, no console allocated
dbug: Win32Emu.Emulator[0]
      [ProcessEnv] GetEnvironmentVariable: 'WIN32EMU_JIT_CACHE_DIR' not found
info: Win32Emu.Emulator[0]
      [Loader] Using JIT cache directory: /home/runner/work/Win32Emu/Win32Emu/.jitcache
info: Win32Emu.Emulator[0]
      [RtlJitCache] Initialized RTL-based JIT cache at /home/runner/work/Win32Emu/Win32Emu/.jitcache
info: Win32Emu.Emulator[0]
      [RtlJitCache] Using decompiler: CustomRTL (MIT License - Part of Win32Emu)
info: Win32Emu.Emulator[0]
      [RtlJitCache] C# source code will be saved to /home/runner/work/Win32Emu/Win32Emu/.jitcache/Source
info: Win32Emu.Emulator[0]
      [JitCpu] Initialized RTL-based JIT CPU backend with readable C# code generation
info: Win32Emu.Emulator[0]
      [JitCache] Initialized with cache directory: /home/runner/work/Win32Emu/Win32Emu/.jitcache
info: Win32Emu.Emulator[0]
      [JitCpu] Metadata cache initialized for block analysis metadata persistence
dbug: Win32Emu.Emulator[0]
      [JitCpu] ProcessEnvironment set for transpiled function support
dbug: Win32Emu.Emulator[0]
      [Loader] Transpiled functions not found at /home/runner/work/Win32Emu/Win32Emu/Win32Emu.Gui/bin/Release/net10.0/Generated/IgNTeas/bin/Release/net10.0/IgNTeas.Generated.dll (this is optional)
info: Win32Emu.Emulator[0]
      [Loader] Unified JitCpu backend enabled (JIT compilation: True, Interpreter mode: False)
info: Win32Emu.Emulator[0]
      [JitCpu] Set executable path: C:\ign_teas\IGN_TEAS.EXE
info: Win32Emu.Emulator[0]
      [Loader] JIT cache: Set executable path to C:\ign_teas\IGN_TEAS.EXE
info: Win32Emu.Emulator[0]
      [RtlJitCache] No cache metadata found for C:\ign_teas\IGN_TEAS.EXE
info: Win32Emu.Emulator[0]
      [JitCpu] RTL cache loaded: 0 blocks from /home/runner/work/Win32Emu/Win32Emu/.jitcache/Source
info: Win32Emu.Emulator[0]
      [JitCache] No cache file found for C:\ign_teas\IGN_TEAS.EXE
info: Win32Emu.Emulator[0]
      [JitCpu] Metadata cache loaded: 0 blocks, 0 instructions
info: Win32Emu.Emulator[0]
      [Loader] Selected CPU Emulator: JitCpu
info: Win32Emu.Emulator[0]
      [Loader] Zero-initializing entire stack reserve region (0x00100000 - 0x00200000, 1048576 bytes)
info: Win32Emu.Emulator[0]
      [Loader] Stack initialized: Base=0x00200000 Limit=0x00100000 ESP=0x001FF000 Reserve=0x100000 Commit=0x1000
info: Win32Emu.Emulator[0]
      [Loader] Heap base: 0x00470000
info: Win32Emu.Emulator[0]
      [ProcessEnv] VirtualAlloc(lp=0x00000000, size=0x00000004, alloc=0x00001000, prot=0x00000004)
info: Win32Emu.Emulator[0]
      [ProcessEnv] VirtualAlloc: allocated at 0x00473000, size=0x00001000, reserve=False, commit=True, topDown=False
info: Win32Emu.Emulator[0]
      [ProcessEnv] VirtualAlloc(lp=0x00000000, size=0x00000004, alloc=0x00001000, prot=0x00000004)
info: Win32Emu.Emulator[0]
      [ProcessEnv] VirtualAlloc: allocated at 0x00474000, size=0x00001000, reserve=False, commit=True, topDown=False
info: Win32Emu.Emulator[0]
      [ProcessEnv] VirtualAlloc(lp=0x00000000, size=0x00000004, alloc=0x00001000, prot=0x00000004)
info: Win32Emu.Emulator[0]
      [ProcessEnv] VirtualAlloc: allocated at 0x00475000, size=0x00001000, reserve=False, commit=True, topDown=False
info: Win32Emu.Emulator[0]
      [ThreadScheduler] Initialized main thread 1 (handle=0x00001000)
info: Win32Emu.Emulator[0]
      [ProcessEnv] Main thread initialized with ID=1
dbug: Win32Emu.Emulator[0]
      [Loader] Main thread initialized
info: Win32Emu.Emulator[0]
      [Loader] Fixing up data imports
info: Win32Emu.Emulator[0]
      [Loader] Fixed up 0 data import(s)
dbug: Win32Emu.Emulator[0]
      [Emulator] No TLS callbacks to execute
info: Win32Emu.Emulator[0]
      [Emulator] Checking for executable-specific workarounds
dbug: Win32Emu.Emulator[0]
      [Emulator] Image FilePath: <memory>
dbug: Win32Emu.Emulator[0]
      [Emulator] Env ExecutablePath: C:\ign_teas\IGN_TEAS.EXE
dbug: Win32Emu.Emulator[0]
      [Emulator] Extracted names: <MEMORY> / C:\IGN_TEAS\IGN_TEAS.EXE
dbug: Win32Emu.Emulator[0]
      [ProcessEnv] SetEnvironmentVariable: Set 'IGN_TEAS_DEBUG'='1'
dbug: Win32Emu.Emulator[0]
      [RegistryHive] Created key: HKEY_CURRENT_USER\Environment -> handle 0x80000002
dbug: Win32Emu.Emulator[0]
      [RegistryHive] Set value: IGN_TEAS_DEBUG=1 (type=String) in handle 0x80000002
dbug: Win32Emu.Emulator[0]
      [ProcessEnv] Updated registry env var: IGN_TEAS_DEBUG=1
dbug: Win32Emu.Emulator[0]
      [RegistryHive] Closed key handle: 0x80000002
info: Win32Emu.Emulator[0]
      [Emulator] IGN_TEAS.EXE detected - enabled IGN_TEAS_DEBUG environment variable
dbug: Win32Emu.Emulator[0]
      [EventProcessing] Starting UI event processing loop
dbug: Win32Emu.Emulator[0]
      [Debug] Enhanced debugging enabled - will catch 0xFFFFFFFD errors
dbug: Win32Emu.Emulator[0]
      [Debug] Monitoring for suspicious register values
info: Win32Emu.Emulator[0]
      [Import] Direct call to KERNEL32.DLL!GetVersion at 0x0F000400
info: Win32Emu.Emulator[0]
      Dispatching KERNEL32.DLL!GetVersion at EIP=0x0F000400 ESP=0x001FEF7C stack=FC 0F 41 00 00 00 00 00 00 00 00 00 00 00 00 00
info: Win32Emu.Emulator[0]
      [Dispatcher] KERNEL32.DLL!GetVersion returned 0x03B60004, argBytes=0, convention=Stdcall
info: Win32Emu.Emulator[0]
      [Import KERNEL32.DLL!GetVersion] Return address from stack: ESP=0x001FEF7C, retEIP=0x00410FFC
info: Win32Emu.Emulator[0]
      [Import KERNEL32.DLL!GetVersion] Stack state before cleanup:
        [ESP+00] = 0x001FEF7C: 0x00410FFC (return addr)
        [ESP+04] = 0x001FEF80: 0x00000000
        [ESP+08] = 0x001FEF84: 0x00000000
        [ESP+12] = 0x001FEF88: 0x00000000
        [ESP+16] = 0x001FEF8C: 0x00000000
        [ESP+20] = 0x001FEF90: 0x00000000
      
info: Win32Emu.Emulator[0]
      [Import KERNEL32.DLL!GetVersion] Stack cleanup: ESP=0x001FEF7C, retEIP=0x00410FFC, argBytes=0, new ESP=0x001FEF80
dbug: Win32Emu.Emulator[0]
      [RegisterValidation] After Import KERNEL32.DLL!GetVersion: EBX=00000000 (saved=00000000, preserved=True), ESI=00000000 (saved=00000000, preserved=True), EDI=00000000 (saved=00000000, preserved=True), EBP=001FEFFC (saved=001FEFFC, preserved=True, valid=True, savedValid=True), ESP=001FEF80
dbug: Win32Emu.Emulator[0]
      [Import] Successfully invoked KERNEL32.DLL!GetVersion
info: Win32Emu.Emulator[0]
      [Import] Direct call to KERNEL32.DLL!HeapCreate at 0x0F000450
info: Win32Emu.Emulator[0]
      Dispatching KERNEL32.DLL!HeapCreate at EIP=0x0F000450 ESP=0x001FEF6C stack=6F 2C 41 00 01 00 00 00 00 10 00 00 00 00 00 00
info: Win32Emu.Emulator[0]
      [Dispatcher] KERNEL32.DLL!HeapCreate returned 0x00476000, argBytes=12, convention=Stdcall
info: Win32Emu.Emulator[0]
      [Import KERNEL32.DLL!HeapCreate] Return address from stack: ESP=0x001FEF6C, retEIP=0x00412C6F
info: Win32Emu.Emulator[0]
      [Import KERNEL32.DLL!HeapCreate] Stack state before cleanup:
        [ESP+00] = 0x001FEF6C: 0x00412C6F (return addr)
        [ESP+04] = 0x001FEF70: 0x00000001 (arg1)
        [ESP+08] = 0x001FEF74: 0x00001000 (arg2)
        [ESP+12] = 0x001FEF78: 0x00000000 (arg3)
        [ESP+16] = 0x001FEF7C: 0x00411036
        [ESP+20] = 0x001FEF80: 0x00000000
      
info: Win32Emu.Emulator[0]
      [Import KERNEL32.DLL!HeapCreate] Stack cleanup: ESP=0x001FEF6C, retEIP=0x00412C6F, argBytes=12, new ESP=0x001FEF7C
dbug: Win32Emu.Emulator[0]
      [RegisterValidation] After Import KERNEL32.DLL!HeapCreate: EBX=00000000 (saved=00000000, preserved=True), ESI=00000000 (saved=00000000, preserved=True), EDI=00000000 (saved=00000000, preserved=True), EBP=001FEFFC (saved=001FEFFC, preserved=True, valid=True, savedValid=True), ESP=001FEF7C
dbug: Win32Emu.Emulator[0]
      [Import] Successfully invoked KERNEL32.DLL!HeapCreate
info: Win32Emu.Emulator[0]
      [Import] Direct call to KERNEL32.DLL!VirtualAlloc at 0x0F000320
info: Win32Emu.Emulator[0]
      Dispatching KERNEL32.DLL!VirtualAlloc at EIP=0x0F000320 ESP=0x001FEF54 stack=18 30 41 00 00 00 00 00 00 00 40 00 00 20 00 00
info: Win32Emu.Emulator[0]
      [Kernel32] VirtualAlloc(lpAddress=0x00000000, dwSize=0x00400000, alloc=0x00002000, protect=0x00000004)
info: Win32Emu.Emulator[0]
      [ProcessEnv] VirtualAlloc(lp=0x00000000, size=0x00400000, alloc=0x00002000, prot=0x00000004)
info: Win32Emu.Emulator[0]
      [ProcessEnv] VirtualAlloc: allocated at 0x00480000, size=0x00400000, reserve=True, commit=False, topDown=False
info: Win32Emu.Emulator[0]
      [Kernel32] VirtualAlloc -> 0x00480000
info: Win32Emu.Emulator[0]
      [Dispatcher] KERNEL32.DLL!VirtualAlloc returned 0x00480000, argBytes=16, convention=Stdcall
info: Win32Emu.Emulator[0]
      [Import KERNEL32.DLL!VirtualAlloc] Return address from stack: ESP=0x001FEF54, retEIP=0x00413018
info: Win32Emu.Emulator[0]
      [Import KERNEL32.DLL!VirtualAlloc] Stack state before cleanup:
        [ESP+00] = 0x001FEF54: 0x00413018 (return addr)
        [ESP+04] = 0x001FEF58: 0x00000000 (arg1)
        [ESP+08] = 0x001FEF5C: 0x00400000 (arg2)
        [ESP+12] = 0x001FEF60: 0x00002000 (arg3)
        [ESP+16] = 0x001FEF64: 0x00000004 (arg4)
        [ESP+20] = 0x001FEF68: 0x001FEFFC
      
info: Win32Emu.Emulator[0]
      [Import KERNEL32.DLL!VirtualAlloc] Stack cleanup: ESP=0x001FEF54, retEIP=0x00413018, argBytes=16, new ESP=0x001FEF68
dbug: Win32Emu.Emulator[0]
      [RegisterValidation] After Import KERNEL32.DLL!VirtualAlloc: EBX=00000000 (saved=00000000, preserved=True), ESI=0043AE50 (saved=0043AE50, preserved=True), EDI=0F000320 (saved=0F000320, preserved=True), EBP=001FEFFC (saved=001FEFFC, preserved=True, valid=True, savedValid=True), ESP=001FEF68
dbug: Win32Emu.Emulator[0]
      [Import] Successfully invoked KERNEL32.DLL!VirtualAlloc
info: Win32Emu.Emulator[0]
      [Import] Direct call to KERNEL32.DLL!VirtualAlloc at 0x0F000320
info: Win32Emu.Emulator[0]
      Dispatching KERNEL32.DLL!VirtualAlloc at EIP=0x0F000320 ESP=0x001FEF54 stack=31 30 41 00 00 00 48 00 00 00 01 00 00 10 00 00
info: Win32Emu.Emulator[0]
      [Kernel32] VirtualAlloc(lpAddress=0x00480000, dwSize=0x00010000, alloc=0x00001000, protect=0x00000004)
info: Win32Emu.Emulator[0]
      [ProcessEnv] VirtualAlloc(lp=0x00480000, size=0x00010000, alloc=0x00001000, prot=0x00000004)
info: Win32Emu.Emulator[0]
      [ProcessEnv] VirtualAlloc: Re-committing already allocated region at 0x00480000
info: Win32Emu.Emulator[0]
      [ProcessEnv] VirtualAlloc: Allocated 0x10000 bytes at specific address 0x00480000 (reserve=False, commit=True)
info: Win32Emu.Emulator[0]
      [Kernel32] VirtualAlloc -> 0x00480000
info: Win32Emu.Emulator[0]
      [Dispatcher] KERNEL32.DLL!VirtualAlloc returned 0x00480000, argBytes=16, convention=Stdcall
info: Win32Emu.Emulator[0]
      [Import KERNEL32.DLL!VirtualAlloc] Return address from stack: ESP=0x001FEF54, retEIP=0x00413031
info: Win32Emu.Emulator[0]
      [Import KERNEL32.DLL!VirtualAlloc] Stack state before cleanup:
        [ESP+00] = 0x001FEF54: 0x00413031 (return addr)
        [ESP+04] = 0x001FEF58: 0x00480000 (arg1)
        [ESP+08] = 0x001FEF5C: 0x00010000 (arg2)
        [ESP+12] = 0x001FEF60: 0x00001000 (arg3)
        [ESP+16] = 0x001FEF64: 0x00000004 (arg4)
        [ESP+20] = 0x001FEF68: 0x001FEFFC
      
info: Win32Emu.Emulator[0]
      [Import KERNEL32.DLL!VirtualAlloc] Stack cleanup: ESP=0x001FEF54, retEIP=0x00413031, argBytes=16, new ESP=0x001FEF68
dbug: Win32Emu.Emulator[0]
      [RegisterValidation] After Import KERNEL32.DLL!VirtualAlloc: EBX=00480000 (saved=00480000, preserved=True), ESI=0043AE50 (saved=0043AE50, preserved=True), EDI=0F000320 (saved=0F000320, preserved=True), EBP=001FEFFC (saved=001FEFFC, preserved=True, valid=True, savedValid=True), ESP=001FEF68
dbug: Win32Emu.Emulator[0]
      [Import] Successfully invoked KERNEL32.DLL!VirtualAlloc
info: Win32Emu.Emulator[0]
      [Import] Direct call to KERNEL32.DLL!GetStartupInfoA at 0x0F0003E0
info: Win32Emu.Emulator[0]
      Dispatching KERNEL32.DLL!GetStartupInfoA at EIP=0x0F0003E0 ESP=0x001FEF20 stack=EE 2A 41 00 38 EF 1F 00 FC EF 1F 00 00 00 00 00
info: Win32Emu.Emulator[0]
      [Dispatcher] KERNEL32.DLL!GetStartupInfoA returned 0x00000000, argBytes=4, convention=Stdcall
info: Win32Emu.Emulator[0]
      [Import KERNEL32.DLL!GetStartupInfoA] Return address from stack: ESP=0x001FEF20, retEIP=0x00412AEE
info: Win32Emu.Emulator[0]
      [Import KERNEL32.DLL!GetStartupInfoA] Stack state before cleanup:
        [ESP+00] = 0x001FEF20: 0x00412AEE (return addr)
        [ESP+04] = 0x001FEF24: 0x001FEF38 (arg1)
        [ESP+08] = 0x001FEF28: 0x001FEFFC
        [ESP+12] = 0x001FEF2C: 0x00000000
        [ESP+16] = 0x001FEF30: 0x00000000
        [ESP+20] = 0x001FEF34: 0x00000000
      
info: Win32Emu.Emulator[0]
      [Import KERNEL32.DLL!GetStartupInfoA] Stack cleanup: ESP=0x001FEF20, retEIP=0x00412AEE, argBytes=4, new ESP=0x001FEF28
dbug: Win32Emu.Emulator[0]
      [RegisterValidation] After Import KERNEL32.DLL!GetStartupInfoA: EBX=00000000 (saved=00000000, preserved=True), ESI=00480200 (saved=00480200, preserved=True), EDI=00000000 (saved=00000000, preserved=True), EBP=001FEFFC (saved=001FEFFC, preserved=True, valid=True, savedValid=True), ESP=001FEF28
dbug: Win32Emu.Emulator[0]
      [Import] Successfully invoked KERNEL32.DLL!GetStartupInfoA
info: Win32Emu.Emulator[0]
      [Import] Direct call to KERNEL32.DLL!GetStdHandle at 0x0F0004F0
info: Win32Emu.Emulator[0]
      Dispatching KERNEL32.DLL!GetStdHandle at EIP=0x0F0004F0 ESP=0x001FEF20 stack=05 2C 41 00 F6 FF FF FF FC EF 1F 00 00 00 00 00
info: Win32Emu.Emulator[0]
      [Dispatcher] KERNEL32.DLL!GetStdHandle returned 0x00000001, argBytes=4, convention=Stdcall
info: Win32Emu.Emulator[0]
      [Import KERNEL32.DLL!GetStdHandle] Return address from stack: ESP=0x001FEF20, retEIP=0x00412C05
info: Win32Emu.Emulator[0]
      [Import KERNEL32.DLL!GetStdHandle] Stack state before cleanup:
        [ESP+00] = 0x001FEF20: 0x00412C05 (return addr)
        [ESP+04] = 0x001FEF24: 0xFFFFFFF6 (arg1)
        [ESP+08] = 0x001FEF28: 0x001FEFFC
        [ESP+12] = 0x001FEF2C: 0x00000000
        [ESP+16] = 0x001FEF30: 0x00000000
        [ESP+20] = 0x001FEF34: 0x00000000
      
info: Win32Emu.Emulator[0]
      [Import KERNEL32.DLL!GetStdHandle] Stack cleanup: ESP=0x001FEF20, retEIP=0x00412C05, argBytes=4, new ESP=0x001FEF28
dbug: Win32Emu.Emulator[0]
      [RegisterValidation] After Import KERNEL32.DLL!GetStdHandle: EBX=0F0004F0 (saved=0F0004F0, preserved=True), ESI=00000000 (saved=00000000, preserved=True), EDI=00480100 (saved=00480100, preserved=True), EBP=001FEFFC (saved=001FEFFC, preserved=True, valid=True, savedValid=True), ESP=001FEF28
dbug: Win32Emu.Emulator[0]
      [Import] Successfully invoked KERNEL32.DLL!GetStdHandle
info: Win32Emu.Emulator[0]
      [Import] Direct call to KERNEL32.DLL!GetFileType at 0x0F000490
info: Win32Emu.Emulator[0]
      Dispatching KERNEL32.DLL!GetFileType at EIP=0x0F000490 ESP=0x001FEF20 stack=13 2C 41 00 01 00 00 00 FC EF 1F 00 00 00 00 00
info: Win32Emu.Emulator[0]
      [Dispatcher] KERNEL32.DLL!GetFileType returned 0x00000002, argBytes=4, convention=Stdcall
info: Win32Emu.Emulator[0]
      [Import KERNEL32.DLL!GetFileType] Return address from stack: ESP=0x001FEF20, retEIP=0x00412C13
info: Win32Emu.Emulator[0]
      [Import KERNEL32.DLL!GetFileType] Stack state before cleanup:
        [ESP+00] = 0x001FEF20: 0x00412C13 (return addr)
        [ESP+04] = 0x001FEF24: 0x00000001 (arg1)
        [ESP+08] = 0x001FEF28: 0x001FEFFC
        [ESP+12] = 0x001FEF2C: 0x00000000
        [ESP+16] = 0x001FEF30: 0x00000000
        [ESP+20] = 0x001FEF34: 0x00000000
      
info: Win32Emu.Emulator[0]
      [Import KERNEL32.DLL!GetFileType] Stack cleanup: ESP=0x001FEF20, retEIP=0x00412C13, argBytes=4, new ESP=0x001FEF28
dbug: Win32Emu.Emulator[0]
      [RegisterValidation] After Import KERNEL32.DLL!GetFileType: EBX=0F0004F0 (saved=0F0004F0, preserved=True), ESI=00000000 (saved=00000000, preserved=True), EDI=00480100 (saved=00480100, preserved=True), EBP=00000001 (saved=00000001, preserved=True, valid=False, savedValid=False), ESP=001FEF28
dbug: Win32Emu.Emulator[0]
      [Import] Successfully invoked KERNEL32.DLL!GetFileType
info: Win32Emu.Emulator[0]
      [Import] Direct call to KERNEL32.DLL!GetStdHandle at 0x0F0004F0
info: Win32Emu.Emulator[0]
      Dispatching KERNEL32.DLL!GetStdHandle at EIP=0x0F0004F0 ESP=0x001FEF20 stack=05 2C 41 00 F5 FF FF FF FC EF 1F 00 00 00 00 00
info: Win32Emu.Emulator[0]
      [Dispatcher] KERNEL32.DLL!GetStdHandle returned 0x00000002, argBytes=4, convention=Stdcall
info: Win32Emu.Emulator[0]
      [Import KERNEL32.DLL!GetStdHandle] Return address from stack: ESP=0x001FEF20, retEIP=0x00412C05
info: Win32Emu.Emulator[0]
      [Import KERNEL32.DLL!GetStdHandle] Stack state before cleanup:
        [ESP+00] = 0x001FEF20: 0x00412C05 (return addr)
        [ESP+04] = 0x001FEF24: 0xFFFFFFF5 (arg1)
        [ESP+08] = 0x001FEF28: 0x001FEFFC
        [ESP+12] = 0x001FEF2C: 0x00000000
        [ESP+16] = 0x001FEF30: 0x00000000
        [ESP+20] = 0x001FEF34: 0x00000000
      
info: Win32Emu.Emulator[0]
      [Import KERNEL32.DLL!GetStdHandle] Stack cleanup: ESP=0x001FEF20, retEIP=0x00412C05, argBytes=4, new ESP=0x001FEF28
dbug: Win32Emu.Emulator[0]
      [RegisterValidation] After Import KERNEL32.DLL!GetStdHandle: EBX=0F0004F0 (saved=0F0004F0, preserved=True), ESI=00000001 (saved=00000001, preserved=True), EDI=00480108 (saved=00480108, preserved=True), EBP=00000001 (saved=00000001, preserved=True, valid=False, savedValid=False), ESP=001FEF28
dbug: Win32Emu.Emulator[0]
      [Import] Successfully invoked KERNEL32.DLL!GetStdHandle
info: Win32Emu.Emulator[0]
      [Import] Direct call to KERNEL32.DLL!GetFileType at 0x0F000490
info: Win32Emu.Emulator[0]
      Dispatching KERNEL32.DLL!GetFileType at EIP=0x0F000490 ESP=0x001FEF20 stack=13 2C 41 00 02 00 00 00 FC EF 1F 00 00 00 00 00
info: Win32Emu.Emulator[0]
      [Dispatcher] KERNEL32.DLL!GetFileType returned 0x00000002, argBytes=4, convention=Stdcall
info: Win32Emu.Emulator[0]
      [Import KERNEL32.DLL!GetFileType] Return address from stack: ESP=0x001FEF20, retEIP=0x00412C13
info: Win32Emu.Emulator[0]
      [Import KERNEL32.DLL!GetFileType] Stack state before cleanup:
        [ESP+00] = 0x001FEF20: 0x00412C13 (return addr)
        [ESP+04] = 0x001FEF24: 0x00000002 (arg1)
        [ESP+08] = 0x001FEF28: 0x001FEFFC
        [ESP+12] = 0x001FEF2C: 0x00000000
        [ESP+16] = 0x001FEF30: 0x00000000
        [ESP+20] = 0x001FEF34: 0x00000000
      
info: Win32Emu.Emulator[0]
      [Import KERNEL32.DLL!GetFileType] Stack cleanup: ESP=0x001FEF20, retEIP=0x00412C13, argBytes=4, new ESP=0x001FEF28
dbug: Win32Emu.Emulator[0]
      [RegisterValidation] After Import KERNEL32.DLL!GetFileType: EBX=0F0004F0 (saved=0F0004F0, preserved=True), ESI=00000001 (saved=00000001, preserved=True), EDI=00480108 (saved=00480108, preserved=True), EBP=00000002 (saved=00000002, preserved=True, valid=False, savedValid=False), ESP=001FEF28
dbug: Win32Emu.Emulator[0]
      [Import] Successfully invoked KERNEL32.DLL!GetFileType
info: Win32Emu.Emulator[0]
      [Import] Direct call to KERNEL32.DLL!GetStdHandle at 0x0F0004F0
info: Win32Emu.Emulator[0]
      Dispatching KERNEL32.DLL!GetStdHandle at EIP=0x0F0004F0 ESP=0x001FEF20 stack=05 2C 41 00 F4 FF FF FF FC EF 1F 00 00 00 00 00
info: Win32Emu.Emulator[0]
      [Dispatcher] KERNEL32.DLL!GetStdHandle returned 0x00000003, argBytes=4, convention=Stdcall
info: Win32Emu.Emulator[0]
      [Import KERNEL32.DLL!GetStdHandle] Return address from stack: ESP=0x001FEF20, retEIP=0x00412C05
info: Win32Emu.Emulator[0]
      [Import KERNEL32.DLL!GetStdHandle] Stack state before cleanup:
        [ESP+00] = 0x001FEF20: 0x00412C05 (return addr)
        [ESP+04] = 0x001FEF24: 0xFFFFFFF4 (arg1)
        [ESP+08] = 0x001FEF28: 0x001FEFFC
        [ESP+12] = 0x001FEF2C: 0x00000000
        [ESP+16] = 0x001FEF30: 0x00000000
        [ESP+20] = 0x001FEF34: 0x00000000
      
info: Win32Emu.Emulator[0]
      [Import KERNEL32.DLL!GetStdHandle] Stack cleanup: ESP=0x001FEF20, retEIP=0x00412C05, argBytes=4, new ESP=0x001FEF28
dbug: Win32Emu.Emulator[0]
      [RegisterValidation] After Import KERNEL32.DLL!GetStdHandle: EBX=0F0004F0 (saved=0F0004F0, preserved=True), ESI=00000002 (saved=00000002, preserved=True), EDI=00480110 (saved=00480110, preserved=True), EBP=00000002 (saved=00000002, preserved=True, valid=False, savedValid=False), ESP=001FEF28
dbug: Win32Emu.Emulator[0]
      [Import] Successfully invoked KERNEL32.DLL!GetStdHandle
info: Win32Emu.Emulator[0]
      [Import] Direct call to KERNEL32.DLL!GetFileType at 0x0F000490
info: Win32Emu.Emulator[0]
      Dispatching KERNEL32.DLL!GetFileType at EIP=0x0F000490 ESP=0x001FEF20 stack=13 2C 41 00 03 00 00 00 FC EF 1F 00 00 00 00 00
info: Win32Emu.Emulator[0]
      [Dispatcher] KERNEL32.DLL!GetFileType returned 0x00000002, argBytes=4, convention=Stdcall
info: Win32Emu.Emulator[0]
      [Import KERNEL32.DLL!GetFileType] Return address from stack: ESP=0x001FEF20, retEIP=0x00412C13
info: Win32Emu.Emulator[0]
      [Import KERNEL32.DLL!GetFileType] Stack state before cleanup:
        [ESP+00] = 0x001FEF20: 0x00412C13 (return addr)
        [ESP+04] = 0x001FEF24: 0x00000003 (arg1)
        [ESP+08] = 0x001FEF28: 0x001FEFFC
        [ESP+12] = 0x001FEF2C: 0x00000000
        [ESP+16] = 0x001FEF30: 0x00000000
        [ESP+20] = 0x001FEF34: 0x00000000
      
info: Win32Emu.Emulator[0]
      [Import KERNEL32.DLL!GetFileType] Stack cleanup: ESP=0x001FEF20, retEIP=0x00412C13, argBytes=4, new ESP=0x001FEF28
dbug: Win32Emu.Emulator[0]
      [RegisterValidation] After Import KERNEL32.DLL!GetFileType: EBX=0F0004F0 (saved=0F0004F0, preserved=True), ESI=00000002 (saved=00000002, preserved=True), EDI=00480110 (saved=00480110, preserved=True), EBP=00000003 (saved=00000003, preserved=True, valid=False, savedValid=False), ESP=001FEF28
dbug: Win32Emu.Emulator[0]
      [Import] Successfully invoked KERNEL32.DLL!GetFileType
info: Win32Emu.Emulator[0]
      [Import] Direct call to KERNEL32.DLL!SetHandleCount at 0x0F0004E0
info: Win32Emu.Emulator[0]
      Dispatching KERNEL32.DLL!SetHandleCount at EIP=0x0F0004E0 ESP=0x001FEF20 stack=50 2C 41 00 20 00 00 00 FC EF 1F 00 00 00 00 00
info: Win32Emu.Emulator[0]
      [Dispatcher] KERNEL32.DLL!SetHandleCount returned 0x00000020, argBytes=4, convention=Stdcall
info: Win32Emu.Emulator[0]
      [Import KERNEL32.DLL!SetHandleCount] Return address from stack: ESP=0x001FEF20, retEIP=0x00412C50
info: Win32Emu.Emulator[0]
      [Import KERNEL32.DLL!SetHandleCount] Stack state before cleanup:
        [ESP+00] = 0x001FEF20: 0x00412C50 (return addr)
        [ESP+04] = 0x001FEF24: 0x00000020 (arg1)
        [ESP+08] = 0x001FEF28: 0x001FEFFC
        [ESP+12] = 0x001FEF2C: 0x00000000
        [ESP+16] = 0x001FEF30: 0x00000000
        [ESP+20] = 0x001FEF34: 0x00000000
      
info: Win32Emu.Emulator[0]
      [Import KERNEL32.DLL!SetHandleCount] Stack cleanup: ESP=0x001FEF20, retEIP=0x00412C50, argBytes=4, new ESP=0x001FEF28
dbug: Win32Emu.Emulator[0]
      [RegisterValidation] After Import KERNEL32.DLL!SetHandleCount: EBX=0F0004F0 (saved=0F0004F0, preserved=True), ESI=00000003 (saved=00000003, preserved=True), EDI=00480110 (saved=00480110, preserved=True), EBP=00000003 (saved=00000003, preserved=True, valid=False, savedValid=False), ESP=001FEF28
dbug: Win32Emu.Emulator[0]
      [Import] Successfully invoked KERNEL32.DLL!SetHandleCount
dbug: Win32Emu.Emulator[0]
      
      [Debug] *** CPU TRYING TO EXECUTE SYNTHETIC IMPORT ADDRESS! ***
dbug: Win32Emu.Emulator[0]
      [Debug] EIP=0x0F000510 at instruction 8950
dbug: Win32Emu.Emulator[0]
      [Debug] This is import: KERNEL32.DLL!GetACP
dbug: Win32Emu.Emulator[0]
      [Debug] This should now execute an INT3 stub that will be handled as an import call
dbug: Win32Emu.Emulator[0]
      [Syscall] Advanced EIP past INT 0x80: 0x0E000000 -> 0x0E000002
info: Win32Emu.Emulator[0]
      [Syscall] KERNEL32.DLL!GetACP from stub at 0x0F000510
info: Win32Emu.Emulator[0]
      [Syscall] BEFORE API: Return address at 0x001FEF44 = 0x004127C1
info: Win32Emu.Emulator[0]
      Dispatching async KERNEL32.DLL!GetACP at EIP=0x0E000002 ESP=0x001FEF44 stack=C1 27 41 00 FD FF FF FF FC EF 1F 00 00 00 00 00
info: Win32Emu.Emulator[0]
      Dispatching KERNEL32.DLL!GetACP at EIP=0x0E000002 ESP=0x001FEF44 stack=C1 27 41 00 FD FF FF FF FC EF 1F 00 00 00 00 00
info: Win32Emu.Emulator[0]
      [Dispatcher] KERNEL32.DLL!GetACP returned 0x0000FDE9, argBytes=0, convention=Stdcall
info: Win32Emu.Emulator[0]
      [Syscall] AFTER API: Return address at 0x001FEF44 = 0x004127C1
dbug: Win32Emu.Emulator[0]
      [RegisterValidation] After Syscall KERNEL32.DLL!GetACP: EBX=00000000 (saved=00000000, preserved=True), ESI=00000000 (saved=00000000, preserved=True), EDI=00000000 (saved=00000000, preserved=True), EBP=001FEFFC (saved=001FEFFC, preserved=True, valid=True, savedValid=True), ESP=001FEF40
dbug: Win32Emu.Emulator[0]
      [Syscall] Returned 0x0000FDE9, argBytes=0, calling convention=Stdcall, CPU will execute RET naturally
dbug: Win32Emu.Emulator[0]
      [Syscall] Patched RET at 0x0F000515 with argBytes=0 for Stdcall calling convention
dbug: Win32Emu.Emulator[0]
      [Syscall] CPU state after KERNEL32.DLL!GetACP: EAX=0x0000FDE9 ESP=0x001FEF40
dbug: Win32Emu.Emulator[0]
      
      [Syscall] Stack validation after KERNEL32.DLL!GetACP:
        [ESP+-8] = 0x001FEF3C: 0x00000000
        [ESP+-4] = 0x001FEF40: 0x0F000515
        [ESP++0] = 0x001FEF44: 0x004127C1 <-- Future ESP
        [ESP++4] = 0x001FEF48: 0xFFFFFFFD
        [ESP++8] = 0x001FEF4C: 0x001FEFFC
        [ESP++12] = 0x001FEF50: 0x00000000
        [ESP++16] = 0x001FEF54: 0x00000000
dbug: Win32Emu.Emulator[0]
      
      [Debug] *** CPU TRYING TO EXECUTE SYNTHETIC IMPORT ADDRESS! ***
dbug: Win32Emu.Emulator[0]
      [Debug] EIP=0x0F000515 at instruction 8953
dbug: Win32Emu.Emulator[0]
      [Debug] This is import: KERNEL32.DLL!GetACP
dbug: Win32Emu.Emulator[0]
      [Debug] This should now execute an INT3 stub that will be handled as an import call
info: Win32Emu.Emulator[0]
      [Import] Direct call to KERNEL32.DLL!GetCPInfo at 0x0F000500
info: Win32Emu.Emulator[0]
      Dispatching KERNEL32.DLL!GetCPInfo at EIP=0x0F000500 ESP=0x001FEF40 stack=1A 28 41 00 E9 FD 00 00 60 EF 1F 00 FC EF 1F 00
info: Win32Emu.Emulator[0]
      [Kernel32] GetCPInfo called: codePage=Utf8 lpCpInfo=0x001FEF60
info: Win32Emu.Emulator[0]
      [Kernel32] GetCPInfo: actualCodePage=Utf8
info: Win32Emu.Emulator[0]
      [Dispatcher] KERNEL32.DLL!GetCPInfo returned 0x00000001, argBytes=8, convention=Stdcall
info: Win32Emu.Emulator[0]
      [Import KERNEL32.DLL!GetCPInfo] Return address from stack: ESP=0x001FEF40, retEIP=0x0041281A
info: Win32Emu.Emulator[0]
      [Import KERNEL32.DLL!GetCPInfo] Stack state before cleanup:
        [ESP+00] = 0x001FEF40: 0x0041281A (return addr)
        [ESP+04] = 0x001FEF44: 0x0000FDE9 (arg1)
        [ESP+08] = 0x001FEF48: 0x001FEF60 (arg2)
        [ESP+12] = 0x001FEF4C: 0x001FEFFC
        [ESP+16] = 0x001FEF50: 0x00000000
        [ESP+20] = 0x001FEF54: 0x00000000
      
info: Win32Emu.Emulator[0]
      [Import KERNEL32.DLL!GetCPInfo] Stack cleanup: ESP=0x001FEF40, retEIP=0x0041281A, argBytes=8, new ESP=0x001FEF4C
dbug: Win32Emu.Emulator[0]
      [RegisterValidation] After Import KERNEL32.DLL!GetCPInfo: EBX=00000000 (saved=00000000, preserved=True), ESI=00000000 (saved=00000000, preserved=True), EDI=00000000 (saved=00000000, preserved=True), EBP=0000FDE9 (saved=0000FDE9, preserved=True, valid=True, savedValid=True), ESP=001FEF4C
dbug: Win32Emu.Emulator[0]
      [Import] Successfully invoked KERNEL32.DLL!GetCPInfo
info: Win32Emu.Emulator[0]
      [Import] Direct call to KERNEL32.DLL!GetCommandLineA at 0x0F0003F0
info: Win32Emu.Emulator[0]
      Dispatching KERNEL32.DLL!GetCommandLineA at EIP=0x0F0003F0 ESP=0x001FEF7C stack=5B 10 41 00 00 00 00 00 00 00 00 00 00 00 00 00
dbug: Win32Emu.Emulator[0]
      [ProcessEnv] ReadAnsiString addr=0x00470000 result='C:\ign_teas\IGN_TEAS.EXE'
info: Win32Emu.Emulator[0]
      [Kernel32] GetCommandLineA returning 0x00470000: "C:\ign_teas\IGN_TEAS.EXE"
info: Win32Emu.Emulator[0]
      [Dispatcher] KERNEL32.DLL!GetCommandLineA returned 0x00470000, argBytes=0, convention=Stdcall
info: Win32Emu.Emulator[0]
      [Import KERNEL32.DLL!GetCommandLineA] Return address from stack: ESP=0x001FEF7C, retEIP=0x0041105B
info: Win32Emu.Emulator[0]
      [Import KERNEL32.DLL!GetCommandLineA] Stack state before cleanup:
        [ESP+00] = 0x001FEF7C: 0x0041105B (return addr)
        [ESP+04] = 0x001FEF80: 0x00000000
        [ESP+08] = 0x001FEF84: 0x00000000
        [ESP+12] = 0x001FEF88: 0x00000000
        [ESP+16] = 0x001FEF8C: 0x00000000
        [ESP+20] = 0x001FEF90: 0x00000000
      
info: Win32Emu.Emulator[0]
      [Import KERNEL32.DLL!GetCommandLineA] Stack cleanup: ESP=0x001FEF7C, retEIP=0x0041105B, argBytes=0, new ESP=0x001FEF80
dbug: Win32Emu.Emulator[0]
      [RegisterValidation] After Import KERNEL32.DLL!GetCommandLineA: EBX=00000000 (saved=00000000, preserved=True), ESI=00000000 (saved=00000000, preserved=True), EDI=00000000 (saved=00000000, preserved=True), EBP=001FEFFC (saved=001FEFFC, preserved=True, valid=True, savedValid=True), ESP=001FEF80
dbug: Win32Emu.Emulator[0]
      [Import] Successfully invoked KERNEL32.DLL!GetCommandLineA
info: Win32Emu.Emulator[0]
      [Import] Direct call to KERNEL32.DLL!GetEnvironmentStringsW at 0x0F000280
info: Win32Emu.Emulator[0]
      Dispatching KERNEL32.DLL!GetEnvironmentStringsW at EIP=0x0F000280 ESP=0x001FEF64 stack=3B 26 41 00 FC EF 1F 00 00 00 00 00 00 00 00 00
info: Win32Emu.Emulator[0]
      [Dispatcher] KERNEL32.DLL!GetEnvironmentStringsW returned 0x00880000, argBytes=0, convention=Stdcall
info: Win32Emu.Emulator[0]
      [Import KERNEL32.DLL!GetEnvironmentStringsW] Return address from stack: ESP=0x001FEF64, retEIP=0x0041263B
info: Win32Emu.Emulator[0]
      [Import KERNEL32.DLL!GetEnvironmentStringsW] Stack state before cleanup:
        [ESP+00] = 0x001FEF64: 0x0041263B (return addr)
        [ESP+04] = 0x001FEF68: 0x001FEFFC
        [ESP+08] = 0x001FEF6C: 0x00000000
        [ESP+12] = 0x001FEF70: 0x00000000
        [ESP+16] = 0x001FEF74: 0x00000000
        [ESP+20] = 0x001FEF78: 0xFFFFFFFD
      
info: Win32Emu.Emulator[0]
      [Import KERNEL32.DLL!GetEnvironmentStringsW] Stack cleanup: ESP=0x001FEF64, retEIP=0x0041263B, argBytes=0, new ESP=0x001FEF68
dbug: Win32Emu.Emulator[0]
      [RegisterValidation] After Import KERNEL32.DLL!GetEnvironmentStringsW: EBX=00000000 (saved=00000000, preserved=True), ESI=0F000280 (saved=0F000280, preserved=True), EDI=00000000 (saved=00000000, preserved=True), EBP=001FEFFC (saved=001FEFFC, preserved=True, valid=True, savedValid=True), ESP=001FEF68
dbug: Win32Emu.Emulator[0]
      [Import] Successfully invoked KERNEL32.DLL!GetEnvironmentStringsW
info: Win32Emu.Emulator[0]
      [Import] Direct call to KERNEL32.DLL!WideCharToMultiByte at 0x0F000290
info: Win32Emu.Emulator[0]
      Dispatching KERNEL32.DLL!WideCharToMultiByte at EIP=0x0F000290 ESP=0x001FEF44 stack=C6 26 41 00 00 00 00 00 00 00 00 00 00 00 88 00
info: Win32Emu.Emulator[0]
      [Kernel32] WideCharToMultiByte: CP=Acp cchWide=353 lpWide=0x00880000 cbMulti=0 lpMulti=0x00000000
info: Win32Emu.Emulator[0]
      [Kernel32] WideCharToMultiByte: Read 353 chars (specified count)
dbug: Win32Emu.Emulator[0]
      [Kernel32] WideCharToMultiByte: Detected trailing null in wide string
dbug: Win32Emu.Emulator[0]
      [Kernel32] WideCharToMultiByte: Converting with code page Utf8
dbug: Win32Emu.Emulator[0]
      [Kernel32] WideCharToMultiByte: Conversion complete, got 353 bytes
info: Win32Emu.Emulator[0]
      [Kernel32] WideCharToMultiByte: Returning size 353
info: Win32Emu.Emulator[0]
      [Dispatcher] KERNEL32.DLL!WideCharToMultiByte returned 0x00000161, argBytes=32, convention=Stdcall
info: Win32Emu.Emulator[0]
      [Import KERNEL32.DLL!WideCharToMultiByte] Return address from stack: ESP=0x001FEF44, retEIP=0x004126C6
info: Win32Emu.Emulator[0]
      [Import KERNEL32.DLL!WideCharToMultiByte] Stack state before cleanup:
        [ESP+00] = 0x001FEF44: 0x004126C6 (return addr)
        [ESP+04] = 0x001FEF48: 0x00000000 (arg1)
        [ESP+08] = 0x001FEF4C: 0x00000000 (arg2)
        [ESP+12] = 0x001FEF50: 0x00880000 (arg3)
        [ESP+16] = 0x001FEF54: 0x00000161 (arg4)
        [ESP+20] = 0x001FEF58: 0x00000000 (arg5)
      
info: Win32Emu.Emulator[0]
      [Import KERNEL32.DLL!WideCharToMultiByte] Stack cleanup: ESP=0x001FEF44, retEIP=0x004126C6, argBytes=32, new ESP=0x001FEF68
dbug: Win32Emu.Emulator[0]
      [RegisterValidation] After Import KERNEL32.DLL!WideCharToMultiByte: EBX=00000000 (saved=00000000, preserved=True), ESI=00000161 (saved=00000161, preserved=True), EDI=00880000 (saved=00880000, preserved=True), EBP=001FEFFC (saved=001FEFFC, preserved=True, valid=True, savedValid=True), ESP=001FEF68
dbug: Win32Emu.Emulator[0]
      [Import] Successfully invoked KERNEL32.DLL!WideCharToMultiByte
info: Win32Emu.Emulator[0]
      [Import] Direct call to KERNEL32.DLL!WideCharToMultiByte at 0x0F000290
info: Win32Emu.Emulator[0]
      Dispatching KERNEL32.DLL!WideCharToMultiByte at EIP=0x0F000290 ESP=0x001FEF44 stack=ED 26 41 00 00 00 00 00 00 00 00 00 00 00 88 00
info: Win32Emu.Emulator[0]
      [Kernel32] WideCharToMultiByte: CP=Acp cchWide=353 lpWide=0x00880000 cbMulti=353 lpMulti=0x00480200
info: Win32Emu.Emulator[0]
      [Kernel32] WideCharToMultiByte: Read 353 chars (specified count)
dbug: Win32Emu.Emulator[0]
      [Kernel32] WideCharToMultiByte: Detected trailing null in wide string
dbug: Win32Emu.Emulator[0]
      [Kernel32] WideCharToMultiByte: Converting with code page Utf8
dbug: Win32Emu.Emulator[0]
      [Kernel32] WideCharToMultiByte: Conversion complete, got 353 bytes
dbug: Win32Emu.Emulator[0]
      [Kernel32] WideCharToMultiByte: Writing 353 bytes to 0x00480200
dbug: Win32Emu.Emulator[0]
      [Kernel32] WideCharToMultiByte: Success, returning 353 bytes
info: Win32Emu.Emulator[0]
      [Dispatcher] KERNEL32.DLL!WideCharToMultiByte returned 0x00000161, argBytes=32, convention=Stdcall
info: Win32Emu.Emulator[0]
      [Import KERNEL32.DLL!WideCharToMultiByte] Return address from stack: ESP=0x001FEF44, retEIP=0x004126ED
info: Win32Emu.Emulator[0]
      [Import KERNEL32.DLL!WideCharToMultiByte] Stack state before cleanup:
        [ESP+00] = 0x001FEF44: 0x004126ED (return addr)
        [ESP+04] = 0x001FEF48: 0x00000000 (arg1)
        [ESP+08] = 0x001FEF4C: 0x00000000 (arg2)
        [ESP+12] = 0x001FEF50: 0x00880000 (arg3)
        [ESP+16] = 0x001FEF54: 0x00000161 (arg4)
        [ESP+20] = 0x001FEF58: 0x00480200 (arg5)
      
info: Win32Emu.Emulator[0]
      [Import KERNEL32.DLL!WideCharToMultiByte] Stack cleanup: ESP=0x001FEF44, retEIP=0x004126ED, argBytes=32, new ESP=0x001FEF68
dbug: Win32Emu.Emulator[0]
      [RegisterValidation] After Import KERNEL32.DLL!WideCharToMultiByte: EBX=00480200 (saved=00480200, preserved=True), ESI=00000161 (saved=00000161, preserved=True), EDI=00880000 (saved=00880000, preserved=True), EBP=00000161 (saved=00000161, preserved=True, valid=False, savedValid=False), ESP=001FEF68
dbug: Win32Emu.Emulator[0]
      [Import] Successfully invoked KERNEL32.DLL!WideCharToMultiByte
info: Win32Emu.Emulator[0]
      [Import] Direct call to KERNEL32.DLL!FreeEnvironmentStringsW at 0x0F0004D0
info: Win32Emu.Emulator[0]
      Dispatching KERNEL32.DLL!FreeEnvironmentStringsW at EIP=0x0F0004D0 ESP=0x001FEF60 stack=03 27 41 00 00 00 88 00 FC EF 1F 00 00 00 00 00
info: Win32Emu.Emulator[0]
      [Dispatcher] KERNEL32.DLL!FreeEnvironmentStringsW returned 0x00000001, argBytes=4, convention=Stdcall
info: Win32Emu.Emulator[0]
      [Import KERNEL32.DLL!FreeEnvironmentStringsW] Return address from stack: ESP=0x001FEF60, retEIP=0x00412703
info: Win32Emu.Emulator[0]
      [Import KERNEL32.DLL!FreeEnvironmentStringsW] Stack state before cleanup:
        [ESP+00] = 0x001FEF60: 0x00412703 (return addr)
        [ESP+04] = 0x001FEF64: 0x00880000 (arg1)
        [ESP+08] = 0x001FEF68: 0x001FEFFC
        [ESP+12] = 0x001FEF6C: 0x00000000
        [ESP+16] = 0x001FEF70: 0x00000000
        [ESP+20] = 0x001FEF74: 0x00000000
      
info: Win32Emu.Emulator[0]
      [Import KERNEL32.DLL!FreeEnvironmentStringsW] Stack cleanup: ESP=0x001FEF60, retEIP=0x00412703, argBytes=4, new ESP=0x001FEF68
dbug: Win32Emu.Emulator[0]
      [RegisterValidation] After Import KERNEL32.DLL!FreeEnvironmentStringsW: EBX=00480200 (saved=00480200, preserved=True), ESI=00000161 (saved=00000161, preserved=True), EDI=00880000 (saved=00880000, preserved=True), EBP=00000161 (saved=00000161, preserved=True, valid=False, savedValid=False), ESP=001FEF68
dbug: Win32Emu.Emulator[0]
      [Import] Successfully invoked KERNEL32.DLL!FreeEnvironmentStringsW
info: Win32Emu.Emulator[0]
      [Import] Direct call to KERNEL32.DLL!GetModuleFileNameA at 0x0F000270
info: Win32Emu.Emulator[0]
      Dispatching KERNEL32.DLL!GetModuleFileNameA at EIP=0x0F000270 ESP=0x001FEF5C stack=B8 23 41 00 00 00 00 00 60 27 45 00 04 01 00 00
info: Win32Emu.Emulator[0]
      [Kernel32] GetModuleFileNameA called: h=0x00000000 lp=0x00452760 n=260
dbug: Win32Emu.Emulator[0]
      [Kernel32] GetModuleFileNameA resolved path: C:\ign_teas\IGN_TEAS.EXE
dbug: Win32Emu.Emulator[0]
      [Kernel32] GetModuleFileNameA converted to Windows path: C:\ign_teas\IGN_TEAS.EXE
dbug: Win32Emu.Emulator[0]
      MemWrite addr=0x00452778 len=1 data=00
dbug: Win32Emu.Emulator[0]
      MemWrite addr=0x00452760 len=25 data=43 3A 5C 69 67 6E 5F 74 65 61 73 5C 49 47 4E 5F 54 45 41 53 2E 45 58 45
info: Win32Emu.Emulator[0]
      [Kernel32] GetModuleFileNameA returning 24
info: Win32Emu.Emulator[0]
      [Dispatcher] KERNEL32.DLL!GetModuleFileNameA returned 0x00000018, argBytes=12, convention=Stdcall
info: Win32Emu.Emulator[0]
      [Import KERNEL32.DLL!GetModuleFileNameA] Return address from stack: ESP=0x001FEF5C, retEIP=0x004123B8
info: Win32Emu.Emulator[0]
      [Import KERNEL32.DLL!GetModuleFileNameA] Stack state before cleanup:
        [ESP+00] = 0x001FEF5C: 0x004123B8 (return addr)
        [ESP+04] = 0x001FEF60: 0x00000000 (arg1)
        [ESP+08] = 0x001FEF64: 0x00452760 (arg2)
        [ESP+12] = 0x001FEF68: 0x00000104 (arg3)
        [ESP+16] = 0x001FEF6C: 0x00000000
        [ESP+20] = 0x001FEF70: 0x00000000
      
info: Win32Emu.Emulator[0]
      [Import KERNEL32.DLL!GetModuleFileNameA] Stack cleanup: ESP=0x001FEF5C, retEIP=0x004123B8, argBytes=12, new ESP=0x001FEF6C
dbug: Win32Emu.Emulator[0]
      [RegisterValidation] After Import KERNEL32.DLL!GetModuleFileNameA: EBX=00000000 (saved=00000000, preserved=True), ESI=00452760 (saved=00452760, preserved=True), EDI=00000000 (saved=00000000, preserved=True), EBP=001FEFFC (saved=001FEFFC, preserved=True, valid=True, savedValid=True), ESP=001FEF6C
dbug: Win32Emu.Emulator[0]
      [Import] Successfully invoked KERNEL32.DLL!GetModuleFileNameA
info: Win32Emu.Emulator[0]
      [Import] Direct call to KERNEL32.DLL!GetModuleHandleA at 0x0F0003D0
info: Win32Emu.Emulator[0]
      Dispatching KERNEL32.DLL!GetModuleHandleA at EIP=0x0F0003D0 ESP=0x001FEF6C stack=7B 1A 41 00 14 B3 41 00 2A 0E 41 00 9B 0E 41 00
info: Win32Emu.Emulator[0]
      [Kernel32] GetModuleHandleA called: module='KERNEL32'
dbug: Win32Emu.Emulator[0]
      [Kernel32] GetModuleHandleA returning handle for KERNEL32.DLL: 0x10000000
info: Win32Emu.Emulator[0]
      [Dispatcher] KERNEL32.DLL!GetModuleHandleA returned 0x10000000, argBytes=4, convention=Stdcall
info: Win32Emu.Emulator[0]
      [Import KERNEL32.DLL!GetModuleHandleA] Return address from stack: ESP=0x001FEF6C, retEIP=0x00411A7B
info: Win32Emu.Emulator[0]
      [Import KERNEL32.DLL!GetModuleHandleA] Stack state before cleanup:
        [ESP+00] = 0x001FEF6C: 0x00411A7B (return addr)
        [ESP+04] = 0x001FEF70: 0x0041B314 (arg1)
        [ESP+08] = 0x001FEF74: 0x00410E2A
        [ESP+12] = 0x001FEF78: 0x00410E9B
        [ESP+16] = 0x001FEF7C: 0x00411090
        [ESP+20] = 0x001FEF80: 0x00000000
      
info: Win32Emu.Emulator[0]
      [Import KERNEL32.DLL!GetModuleHandleA] Stack cleanup: ESP=0x001FEF6C, retEIP=0x00411A7B, argBytes=4, new ESP=0x001FEF74
dbug: Win32Emu.Emulator[0]
      [RegisterValidation] After Import KERNEL32.DLL!GetModuleHandleA: EBX=00000000 (saved=00000000, preserved=True), ESI=00000000 (saved=00000000, preserved=True), EDI=00000000 (saved=00000000, preserved=True), EBP=001FEFFC (saved=001FEFFC, preserved=True, valid=True, savedValid=True), ESP=001FEF74
dbug: Win32Emu.Emulator[0]
      [Import] Successfully invoked KERNEL32.DLL!GetModuleHandleA
info: Win32Emu.Emulator[0]
      [Import] Direct call to KERNEL32.DLL!GetProcAddress at 0x0F000460
info: Win32Emu.Emulator[0]
      Dispatching KERNEL32.DLL!GetProcAddress at EIP=0x0F000460 ESP=0x001FEF68 stack=8B 1A 41 00 00 00 00 10 F8 B2 41 00 2A 0E 41 00
info: Win32Emu.Emulator[0]
      [Kernel32] GetProcAddress(0x10000000, 0x0041B2F8)
info: Win32Emu.Emulator[0]
      [Kernel32] GetProcAddress: Looking up 'IsProcessorFeaturePresent'
info: Win32Emu.Emulator[0]
      [ProcessEnv] Registered synthetic export: KERNEL32.DLL!IsProcessorFeaturePresent at 0x0F800000
info: Win32Emu.Emulator[0]
      [Kernel32] GetProcAddress: Registered synthetic export 'KERNEL32.DLL!IsProcessorFeaturePresent' at 0x0F800000
info: Win32Emu.Emulator[0]
      [Dispatcher] KERNEL32.DLL!GetProcAddress returned 0x0F800000, argBytes=8, convention=Stdcall
info: Win32Emu.Emulator[0]
      [Import KERNEL32.DLL!GetProcAddress] Return address from stack: ESP=0x001FEF68, retEIP=0x00411A8B
info: Win32Emu.Emulator[0]
      [Import KERNEL32.DLL!GetProcAddress] Stack state before cleanup:
        [ESP+00] = 0x001FEF68: 0x00411A8B (return addr)
        [ESP+04] = 0x001FEF6C: 0x10000000 (arg1)
        [ESP+08] = 0x001FEF70: 0x0041B2F8 (arg2)
        [ESP+12] = 0x001FEF74: 0x00410E2A
        [ESP+16] = 0x001FEF78: 0x00410E9B
        [ESP+20] = 0x001FEF7C: 0x00411090
      
info: Win32Emu.Emulator[0]
      [Import KERNEL32.DLL!GetProcAddress] Stack cleanup: ESP=0x001FEF68, retEIP=0x00411A8B, argBytes=8, new ESP=0x001FEF74
dbug: Win32Emu.Emulator[0]
      [RegisterValidation] After Import KERNEL32.DLL!GetProcAddress: EBX=00000000 (saved=00000000, preserved=True), ESI=00000000 (saved=00000000, preserved=True), EDI=00000000 (saved=00000000, preserved=True), EBP=001FEFFC (saved=001FEFFC, preserved=True, valid=True, savedValid=True), ESP=001FEF74
dbug: Win32Emu.Emulator[0]
      [Import] Successfully invoked KERNEL32.DLL!GetProcAddress
info: Win32Emu.Emulator[0]
      [Import] Direct call to KERNEL32.DLL!IsProcessorFeaturePresent at 0x0F800000
info: Win32Emu.Emulator[0]
      Dispatching KERNEL32.DLL!IsProcessorFeaturePresent at EIP=0x0F800000 ESP=0x001FEF6C stack=93 1A 41 00 00 00 00 00 2A 0E 41 00 9B 0E 41 00
dbug: Win32Emu.Emulator[0]
      [Kernel32] IsProcessorFeaturePresent(0) -> False
info: Win32Emu.Emulator[0]
      [Dispatcher] KERNEL32.DLL!IsProcessorFeaturePresent returned 0x00000000, argBytes=4, convention=Stdcall
info: Win32Emu.Emulator[0]
      [Import KERNEL32.DLL!IsProcessorFeaturePresent] Return address from stack: ESP=0x001FEF6C, retEIP=0x00411A93
info: Win32Emu.Emulator[0]
      [Import KERNEL32.DLL!IsProcessorFeaturePresent] Stack state before cleanup:
        [ESP+00] = 0x001FEF6C: 0x00411A93 (return addr)
        [ESP+04] = 0x001FEF70: 0x00000000 (arg1)
        [ESP+08] = 0x001FEF74: 0x00410E2A
        [ESP+12] = 0x001FEF78: 0x00410E9B
        [ESP+16] = 0x001FEF7C: 0x00411090
        [ESP+20] = 0x001FEF80: 0x00000000
      
info: Win32Emu.Emulator[0]
      [Import KERNEL32.DLL!IsProcessorFeaturePresent] Stack cleanup: ESP=0x001FEF6C, retEIP=0x00411A93, argBytes=4, new ESP=0x001FEF74
dbug: Win32Emu.Emulator[0]
      [RegisterValidation] After Import KERNEL32.DLL!IsProcessorFeaturePresent: EBX=00000000 (saved=00000000, preserved=True), ESI=00000000 (saved=00000000, preserved=True), EDI=00000000 (saved=00000000, preserved=True), EBP=001FEFFC (saved=001FEFFC, preserved=True, valid=True, savedValid=True), ESP=001FEF74
dbug: Win32Emu.Emulator[0]
      [Import] Successfully invoked KERNEL32.DLL!IsProcessorFeaturePresent
info: Win32Emu.Emulator[0]
      [Import] Direct call to KERNEL32.DLL!HeapAlloc at 0x0F000410
info: Win32Emu.Emulator[0]
      Dispatching KERNEL32.DLL!HeapAlloc at EIP=0x0F000410 ESP=0x001FEF38 stack=4C 18 41 00 00 60 47 00 08 00 00 00 00 08 00 00
info: Win32Emu.Emulator[0]
      [Dispatcher] KERNEL32.DLL!HeapAlloc returned 0x00476000, argBytes=12, convention=Stdcall
info: Win32Emu.Emulator[0]
      [Import KERNEL32.DLL!HeapAlloc] Return address from stack: ESP=0x001FEF38, retEIP=0x0041184C
info: Win32Emu.Emulator[0]
      [Import KERNEL32.DLL!HeapAlloc] Stack state before cleanup:
        [ESP+00] = 0x001FEF38: 0x0041184C (return addr)
        [ESP+04] = 0x001FEF3C: 0x00476000 (arg1)
        [ESP+08] = 0x001FEF40: 0x00000008 (arg2)
        [ESP+12] = 0x001FEF44: 0x00000800 (arg3)
        [ESP+16] = 0x001FEF48: 0x0041C010
        [ESP+20] = 0x001FEF4C: 0x0041C00C
      
info: Win32Emu.Emulator[0]
      [Import KERNEL32.DLL!HeapAlloc] Stack cleanup: ESP=0x001FEF38, retEIP=0x0041184C, argBytes=12, new ESP=0x001FEF48
dbug: Win32Emu.Emulator[0]
      [RegisterValidation] After Import KERNEL32.DLL!HeapAlloc: EBX=0F000410 (saved=0F000410, preserved=True), ESI=00000800 (saved=00000800, preserved=True), EDI=0041C010 (saved=0041C010, preserved=True), EBP=001FEFFC (saved=001FEFFC, preserved=True, valid=True, savedValid=True), ESP=001FEF48
dbug: Win32Emu.Emulator[0]
      [Import] Successfully invoked KERNEL32.DLL!HeapAlloc
info: Win32Emu.Emulator[0]
      [Import] Direct call to KERNEL32.DLL!GetStartupInfoA at 0x0F0003E0
info: Win32Emu.Emulator[0]
      Dispatching KERNEL32.DLL!GetStartupInfoA at EIP=0x0F0003E0 ESP=0x001FEF78 stack=F6 10 41 00 8C EF 1F 00 00 00 00 00 00 00 00 00
info: Win32Emu.Emulator[0]
      [Dispatcher] KERNEL32.DLL!GetStartupInfoA returned 0x00000000, argBytes=4, convention=Stdcall
info: Win32Emu.Emulator[0]
      [Import KERNEL32.DLL!GetStartupInfoA] Return address from stack: ESP=0x001FEF78, retEIP=0x004110F6
info: Win32Emu.Emulator[0]
      [Import KERNEL32.DLL!GetStartupInfoA] Stack state before cleanup:
        [ESP+00] = 0x001FEF78: 0x004110F6 (return addr)
        [ESP+04] = 0x001FEF7C: 0x001FEF8C (arg1)
        [ESP+08] = 0x001FEF80: 0x00000000
        [ESP+12] = 0x001FEF84: 0x00000000
        [ESP+16] = 0x001FEF88: 0x00000000
        [ESP+20] = 0x001FEF8C: 0x00000044
      
info: Win32Emu.Emulator[0]
      [Import KERNEL32.DLL!GetStartupInfoA] Stack cleanup: ESP=0x001FEF78, retEIP=0x004110F6, argBytes=4, new ESP=0x001FEF80
dbug: Win32Emu.Emulator[0]
      [RegisterValidation] After Import KERNEL32.DLL!GetStartupInfoA: EBX=00000000 (saved=00000000, preserved=True), ESI=00470018 (saved=00470018, preserved=True), EDI=00000000 (saved=00000000, preserved=True), EBP=001FEFFC (saved=001FEFFC, preserved=True, valid=True, savedValid=True), ESP=001FEF80
dbug: Win32Emu.Emulator[0]
      [Import] Successfully invoked KERNEL32.DLL!GetStartupInfoA
info: Win32Emu.Emulator[0]
      [Import] Direct call to KERNEL32.DLL!GetModuleHandleA at 0x0F0003D0
info: Win32Emu.Emulator[0]
      Dispatching KERNEL32.DLL!GetModuleHandleA at EIP=0x0F0003D0 ESP=0x001FEF6C stack=15 11 41 00 00 00 00 00 00 00 00 00 18 00 47 00
info: Win32Emu.Emulator[0]
      [Kernel32] GetModuleHandleA called: module='NULL (current process)'
dbug: Win32Emu.Emulator[0]
      [Kernel32] GetModuleHandleA returning current process handle: 0x00400000
info: Win32Emu.Emulator[0]
      [Dispatcher] KERNEL32.DLL!GetModuleHandleA returned 0x00400000, argBytes=4, convention=Stdcall
info: Win32Emu.Emulator[0]
      [Import KERNEL32.DLL!GetModuleHandleA] Return address from stack: ESP=0x001FEF6C, retEIP=0x00411115
info: Win32Emu.Emulator[0]
      [Import KERNEL32.DLL!GetModuleHandleA] Stack state before cleanup:
        [ESP+00] = 0x001FEF6C: 0x00411115 (return addr)
        [ESP+04] = 0x001FEF70: 0x00000000 (arg1)
        [ESP+08] = 0x001FEF74: 0x00000000
        [ESP+12] = 0x001FEF78: 0x00470018
        [ESP+16] = 0x001FEF7C: 0x0000000A
        [ESP+20] = 0x001FEF80: 0x00000000
      
info: Win32Emu.Emulator[0]
      [Import KERNEL32.DLL!GetModuleHandleA] Stack cleanup: ESP=0x001FEF6C, retEIP=0x00411115, argBytes=4, new ESP=0x001FEF74
dbug: Win32Emu.Emulator[0]
      [RegisterValidation] After Import KERNEL32.DLL!GetModuleHandleA: EBX=00000000 (saved=00000000, preserved=True), ESI=00470018 (saved=00470018, preserved=True), EDI=00000000 (saved=00000000, preserved=True), EBP=001FEFFC (saved=001FEFFC, preserved=True, valid=True, savedValid=True), ESP=001FEF74
dbug: Win32Emu.Emulator[0]
      [Import] Successfully invoked KERNEL32.DLL!GetModuleHandleA
info: Win32Emu.Emulator[0]
      [Import] Direct call to USER32.DLL!LoadCursorA at 0x0F000070
info: Win32Emu.Emulator[0]
      Dispatching USER32.DLL!LoadCursorA at EIP=0x0F000070 ESP=0x001FEF0C stack=68 31 40 00 00 00 00 00 00 7F 00 00 FC EF 1F 00
info: Win32Emu.Emulator[0]
      [User32] LoadCursorA: hInstance=0x00000000 lpCursorName=0x00007F00
info: Win32Emu.Emulator[0]
      [Dispatcher] USER32.DLL!LoadCursorA returned 0x00017F00, argBytes=8, convention=Stdcall
info: Win32Emu.Emulator[0]
      [Import USER32.DLL!LoadCursorA] Return address from stack: ESP=0x001FEF0C, retEIP=0x00403168
info: Win32Emu.Emulator[0]
      [Import USER32.DLL!LoadCursorA] Stack state before cleanup:
        [ESP+00] = 0x001FEF0C: 0x00403168 (return addr)
        [ESP+04] = 0x001FEF10: 0x00000000 (arg1)
        [ESP+08] = 0x001FEF14: 0x00007F00 (arg2)
        [ESP+12] = 0x001FEF18: 0x001FEFFC
        [ESP+16] = 0x001FEF1C: 0x00000000
        [ESP+20] = 0x001FEF20: 0x00470018
      
info: Win32Emu.Emulator[0]
      [Import USER32.DLL!LoadCursorA] Stack cleanup: ESP=0x001FEF0C, retEIP=0x00403168, argBytes=8, new ESP=0x001FEF18
dbug: Win32Emu.Emulator[0]
      [RegisterValidation] After Import USER32.DLL!LoadCursorA: EBX=00000000 (saved=00000000, preserved=True), ESI=00000000 (saved=00000000, preserved=True), EDI=00000000 (saved=00000000, preserved=True), EBP=001FEFFC (saved=001FEFFC, preserved=True, valid=True, savedValid=True), ESP=001FEF18
dbug: Win32Emu.Emulator[0]
      [Import] Successfully invoked USER32.DLL!LoadCursorA
info: Win32Emu.Emulator[0]
      [Import] Direct call to USER32.DLL!LoadIconA at 0x0F000060
info: Win32Emu.Emulator[0]
      Dispatching USER32.DLL!LoadIconA at EIP=0x0F000060 ESP=0x001FEF0C stack=9C 31 40 00 00 00 00 00 00 7F 00 00 FC EF 1F 00
info: Win32Emu.Emulator[0]
      [User32] LoadIconA: hInstance=0x00000000 lpIconName=0x00007F00
info: Win32Emu.Emulator[0]
      [Dispatcher] USER32.DLL!LoadIconA returned 0x00017F00, argBytes=8, convention=Stdcall
info: Win32Emu.Emulator[0]
      [Import USER32.DLL!LoadIconA] Return address from stack: ESP=0x001FEF0C, retEIP=0x0040319C
info: Win32Emu.Emulator[0]
      [Import USER32.DLL!LoadIconA] Stack state before cleanup:
        [ESP+00] = 0x001FEF0C: 0x0040319C (return addr)
        [ESP+04] = 0x001FEF10: 0x00000000 (arg1)
        [ESP+08] = 0x001FEF14: 0x00007F00 (arg2)
        [ESP+12] = 0x001FEF18: 0x001FEFFC
        [ESP+16] = 0x001FEF1C: 0x00000000
        [ESP+20] = 0x001FEF20: 0x00470018
      
info: Win32Emu.Emulator[0]
      [Import USER32.DLL!LoadIconA] Stack cleanup: ESP=0x001FEF0C, retEIP=0x0040319C, argBytes=8, new ESP=0x001FEF18
dbug: Win32Emu.Emulator[0]
      [RegisterValidation] After Import USER32.DLL!LoadIconA: EBX=00000000 (saved=00000000, preserved=True), ESI=00000000 (saved=00000000, preserved=True), EDI=00000000 (saved=00000000, preserved=True), EBP=0F000060 (saved=0F000060, preserved=True, valid=False, savedValid=False), ESP=001FEF18
dbug: Win32Emu.Emulator[0]
      [Import] Successfully invoked USER32.DLL!LoadIconA
info: Win32Emu.Emulator[0]
      [Import] Direct call to GDI32.DLL!GetStockObject at 0x0F0001F0
info: Win32Emu.Emulator[0]
      Dispatching GDI32.DLL!GetStockObject at EIP=0x0F0001F0 ESP=0x001FEF10 stack=B2 31 40 00 04 00 00 00 FC EF 1F 00 00 00 00 00
info: Win32Emu.Emulator[0]
      [Gdi32] GetStockObject(4) -> 0x80000000
info: Win32Emu.Emulator[0]
      [Dispatcher] GDI32.DLL!GetStockObject returned 0x80000000, argBytes=4, convention=Stdcall
info: Win32Emu.Emulator[0]
      [Import GDI32.DLL!GetStockObject] Return address from stack: ESP=0x001FEF10, retEIP=0x004031B2
info: Win32Emu.Emulator[0]
      [Import GDI32.DLL!GetStockObject] Stack state before cleanup:
        [ESP+00] = 0x001FEF10: 0x004031B2 (return addr)
        [ESP+04] = 0x001FEF14: 0x00000004 (arg1)
        [ESP+08] = 0x001FEF18: 0x001FEFFC
        [ESP+12] = 0x001FEF1C: 0x00000000
        [ESP+16] = 0x001FEF20: 0x00470018
        [ESP+20] = 0x001FEF24: 0x00000000
      
info: Win32Emu.Emulator[0]
      [Import GDI32.DLL!GetStockObject] Stack cleanup: ESP=0x001FEF10, retEIP=0x004031B2, argBytes=4, new ESP=0x001FEF18
dbug: Win32Emu.Emulator[0]
      [RegisterValidation] After Import GDI32.DLL!GetStockObject: EBX=00000000 (saved=00000000, preserved=True), ESI=00000000 (saved=00000000, preserved=True), EDI=00000000 (saved=00000000, preserved=True), EBP=0F000060 (saved=0F000060, preserved=True, valid=False, savedValid=False), ESP=001FEF18
dbug: Win32Emu.Emulator[0]
      [Import] Successfully invoked GDI32.DLL!GetStockObject
info: Win32Emu.Emulator[0]
      [Import] Direct call to USER32.DLL!RegisterClassA at 0x0F000050
info: Win32Emu.Emulator[0]
      Dispatching USER32.DLL!RegisterClassA at EIP=0x0F000050 ESP=0x001FEF10 stack=CD 31 40 00 44 EF 1F 00 FC EF 1F 00 00 00 00 00
dbug: Win32Emu.Emulator[0]
      [ProcessEnv] ReadAnsiString addr=0x0041C7B8 result='Ignition'
info: Win32Emu.Emulator[0]
      [ProcessEnv] Registered window class: Ignition
info: Win32Emu.Emulator[0]
      [User32] RegisterClassA: 'Ignition' -> atom 0xC000
info: Win32Emu.Emulator[0]
      [Dispatcher] USER32.DLL!RegisterClassA returned 0x0000C000, argBytes=4, convention=Stdcall
info: Win32Emu.Emulator[0]
      [Import USER32.DLL!RegisterClassA] Return address from stack: ESP=0x001FEF10, retEIP=0x004031CD
info: Win32Emu.Emulator[0]
      [Import USER32.DLL!RegisterClassA] Stack state before cleanup:
        [ESP+00] = 0x001FEF10: 0x004031CD (return addr)
        [ESP+04] = 0x001FEF14: 0x001FEF44 (arg1)
        [ESP+08] = 0x001FEF18: 0x001FEFFC
        [ESP+12] = 0x001FEF1C: 0x00000000
        [ESP+16] = 0x001FEF20: 0x00470018
        [ESP+20] = 0x001FEF24: 0x00000000
      
info: Win32Emu.Emulator[0]
      [Import USER32.DLL!RegisterClassA] Stack cleanup: ESP=0x001FEF10, retEIP=0x004031CD, argBytes=4, new ESP=0x001FEF18
dbug: Win32Emu.Emulator[0]
      [RegisterValidation] After Import USER32.DLL!RegisterClassA: EBX=00000000 (saved=00000000, preserved=True), ESI=00000000 (saved=00000000, preserved=True), EDI=00000000 (saved=00000000, preserved=True), EBP=0F000060 (saved=0F000060, preserved=True, valid=False, savedValid=False), ESP=001FEF18
dbug: Win32Emu.Emulator[0]
      [Import] Successfully invoked USER32.DLL!RegisterClassA
info: Win32Emu.Emulator[0]
      [Import] Direct call to WINMM.DLL!timeBeginPeriod at 0x0F000240
info: Win32Emu.Emulator[0]
      Dispatching WINMM.DLL!timeBeginPeriod at EIP=0x0F000240 ESP=0x001FEF10 stack=E8 31 40 00 01 00 00 00 FC EF 1F 00 00 00 00 00
info: Win32Emu.Emulator[0]
      [WinMM] timeBeginPeriod(1)
info: Win32Emu.Emulator[0]
      [Dispatcher] WINMM.DLL!timeBeginPeriod returned 0x00000000, argBytes=4, convention=Stdcall
info: Win32Emu.Emulator[0]
      [Import WINMM.DLL!timeBeginPeriod] Return address from stack: ESP=0x001FEF10, retEIP=0x004031E8
info: Win32Emu.Emulator[0]
      [Import WINMM.DLL!timeBeginPeriod] Stack state before cleanup:
        [ESP+00] = 0x001FEF10: 0x004031E8 (return addr)
        [ESP+04] = 0x001FEF14: 0x00000001 (arg1)
        [ESP+08] = 0x001FEF18: 0x001FEFFC
        [ESP+12] = 0x001FEF1C: 0x00000000
        [ESP+16] = 0x001FEF20: 0x00470018
        [ESP+20] = 0x001FEF24: 0x00000000
      
info: Win32Emu.Emulator[0]
      [Import WINMM.DLL!timeBeginPeriod] Stack cleanup: ESP=0x001FEF10, retEIP=0x004031E8, argBytes=4, new ESP=0x001FEF18
dbug: Win32Emu.Emulator[0]
      [RegisterValidation] After Import WINMM.DLL!timeBeginPeriod: EBX=00000000 (saved=00000000, preserved=True), ESI=00000000 (saved=00000000, preserved=True), EDI=00000000 (saved=00000000, preserved=True), EBP=0F000060 (saved=0F000060, preserved=True, valid=False, savedValid=False), ESP=001FEF18
dbug: Win32Emu.Emulator[0]
      [Import] Successfully invoked WINMM.DLL!timeBeginPeriod
info: Win32Emu.Emulator[0]
      [Import] Direct call to KERNEL32.DLL!HeapAlloc at 0x0F000410
info: Win32Emu.Emulator[0]
      Dispatching KERNEL32.DLL!HeapAlloc at EIP=0x0F000410 ESP=0x001FEEB4 stack=44 12 41 00 00 60 47 00 00 00 00 00 00 10 00 00
info: Win32Emu.Emulator[0]
      [ProcessEnv] VirtualAlloc(lp=0x00000000, size=0x00001000, alloc=0x00001000, prot=0x00000004)
info: Win32Emu.Emulator[0]
      [ProcessEnv] VirtualAlloc: allocated at 0x00881000, size=0x00001000, reserve=False, commit=True, topDown=False
info: Win32Emu.Emulator[0]
      [Dispatcher] KERNEL32.DLL!HeapAlloc returned 0x00881000, argBytes=12, convention=Stdcall
info: Win32Emu.Emulator[0]
      [Import KERNEL32.DLL!HeapAlloc] Return address from stack: ESP=0x001FEEB4, retEIP=0x00411244
info: Win32Emu.Emulator[0]
      [Import KERNEL32.DLL!HeapAlloc] Stack state before cleanup:
        [ESP+00] = 0x001FEEB4: 0x00411244 (return addr)
        [ESP+04] = 0x001FEEB8: 0x00476000 (arg1)
        [ESP+08] = 0x001FEEBC: 0x00000000 (arg2)
        [ESP+12] = 0x001FEEC0: 0x00001000 (arg3)
        [ESP+16] = 0x001FEEC4: 0x00001000
        [ESP+20] = 0x001FEEC8: 0x004111ED
      
info: Win32Emu.Emulator[0]
      [Import KERNEL32.DLL!HeapAlloc] Stack cleanup: ESP=0x001FEEB4, retEIP=0x00411244, argBytes=12, new ESP=0x001FEEC4
dbug: Win32Emu.Emulator[0]
      [RegisterValidation] After Import KERNEL32.DLL!HeapAlloc: EBX=00000000 (saved=00000000, preserved=True), ESI=00001000 (saved=00001000, preserved=True), EDI=00000000 (saved=00000000, preserved=True), EBP=0F000060 (saved=0F000060, preserved=True, valid=False, savedValid=False), ESP=001FEEC4
dbug: Win32Emu.Emulator[0]
      [Import] Successfully invoked KERNEL32.DLL!HeapAlloc
info: Win32Emu.Emulator[0]
      [Import] Direct call to KERNEL32.DLL!WriteFile at 0x0F000330
info: Win32Emu.Emulator[0]
      Dispatching KERNEL32.DLL!WriteFile at EIP=0x0F000330 ESP=0x001FEA88 stack=B4 42 41 00 02 00 00 00 C4 EA 1F 00 31 00 00 00
info: Win32Emu.Emulator[0]
      [Kernel32] WriteFile(handle=0x00000002, lpBuffer=0x001FEAC4, nNumberOfBytesToWrite=49, lpNumberOfBytesWritten=0x001FEAB4, lpOverlapped=0x00000000)
info: Win32Emu.Emulator[0]
      [ProcessEnv] StdOutput: 
      Lisa 2 Development System, Compilation 0.91.0
      

Lisa 2 Development System, Compilation 0.91.0
info: Win32Emu.Emulator[0]
      [Dispatcher] KERNEL32.DLL!WriteFile returned 0x00000001, argBytes=20, convention=Stdcall
info: Win32Emu.Emulator[0]
      [Import KERNEL32.DLL!WriteFile] Return address from stack: ESP=0x001FEA88, retEIP=0x004142B4
info: Win32Emu.Emulator[0]
      [Import KERNEL32.DLL!WriteFile] Stack state before cleanup:
        [ESP+00] = 0x001FEA88: 0x004142B4 (return addr)
        [ESP+04] = 0x001FEA8C: 0x00000002 (arg1)
        [ESP+08] = 0x001FEA90: 0x001FEAC4 (arg2)
        [ESP+12] = 0x001FEA94: 0x00000031 (arg3)
        [ESP+16] = 0x001FEA98: 0x001FEAB4 (arg4)
        [ESP+20] = 0x001FEA9C: 0x00000000 (arg5)
      
info: Win32Emu.Emulator[0]
      [Import KERNEL32.DLL!WriteFile] Stack cleanup: ESP=0x001FEA88, retEIP=0x004142B4, argBytes=20, new ESP=0x001FEAA0
dbug: Win32Emu.Emulator[0]
      [RegisterValidation] After Import KERNEL32.DLL!WriteFile: EBX=0088102F (saved=0088102F, preserved=True), ESI=00000002 (saved=00000002, preserved=True), EDI=00000031 (saved=00000031, preserved=True), EBP=0000002F (saved=0000002F, preserved=True, valid=False, savedValid=False), ESP=001FEAA0
dbug: Win32Emu.Emulator[0]
      [Import] Successfully invoked KERNEL32.DLL!WriteFile
info: Win32Emu.Emulator[0]
      [Import] Direct call to KERNEL32.DLL!WriteFile at 0x0F000330
Copyright (c) UDS, 1995-1996

info: Win32Emu.Emulator[0]
      Dispatching KERNEL32.DLL!WriteFile at EIP=0x0F000330 ESP=0x001FEA8C stack=B4 42 41 00 02 00 00 00 C8 EA 1F 00 20 00 00 00
info: Win32Emu.Emulator[0]
      [Kernel32] WriteFile(handle=0x00000002, lpBuffer=0x001FEAC8, nNumberOfBytesToWrite=32, lpNumberOfBytesWritten=0x001FEAB8, lpOverlapped=0x00000000)
info: Win32Emu.Emulator[0]
      [ProcessEnv] StdOutput: Copyright (c) UDS, 1995-1996
      
      
info: Win32Emu.Emulator[0]
      [Dispatcher] KERNEL32.DLL!WriteFile returned 0x00000001, argBytes=20, convention=Stdcall
info: Win32Emu.Emulator[0]
      [Import KERNEL32.DLL!WriteFile] Return address from stack: ESP=0x001FEA8C, retEIP=0x004142B4
info: Win32Emu.Emulator[0]
      [Import KERNEL32.DLL!WriteFile] Stack state before cleanup:
        [ESP+00] = 0x001FEA8C: 0x004142B4 (return addr)
        [ESP+04] = 0x001FEA90: 0x00000002 (arg1)
        [ESP+08] = 0x001FEA94: 0x001FEAC8 (arg2)
        [ESP+12] = 0x001FEA98: 0x00000020 (arg3)
        [ESP+16] = 0x001FEA9C: 0x001FEAB8 (arg4)
        [ESP+20] = 0x001FEAA0: 0x00000000 (arg5)
      
info: Win32Emu.Emulator[0]
      [Import KERNEL32.DLL!WriteFile] Stack cleanup: ESP=0x001FEA8C, retEIP=0x004142B4, argBytes=20, new ESP=0x001FEAA4
dbug: Win32Emu.Emulator[0]
      [RegisterValidation] After Import KERNEL32.DLL!WriteFile: EBX=0088101E (saved=0088101E, preserved=True), ESI=00000002 (saved=00000002, preserved=True), EDI=00000020 (saved=00000020, preserved=True), EBP=0000001E (saved=0000001E, preserved=True, valid=False, savedValid=False), ESP=001FEAA4
dbug: Win32Emu.Emulator[0]
      [Import] Successfully invoked KERNEL32.DLL!WriteFile
info: Win32Emu.Emulator[0]
      [Import] Direct call to KERNEL32.DLL!HeapAlloc at 0x0F000410
info: Win32Emu.Emulator[0]
      Dispatching KERNEL32.DLL!HeapAlloc at EIP=0x0F000410 ESP=0x001FEECC stack=44 12 41 00 00 60 47 00 00 00 00 00 E0 20 00 00
info: Win32Emu.Emulator[0]
      [ProcessEnv] VirtualAlloc(lp=0x00000000, size=0x000020E0, alloc=0x00001000, prot=0x00000004)
info: Win32Emu.Emulator[0]
      [ProcessEnv] VirtualAlloc: allocated at 0x00882000, size=0x00003000, reserve=False, commit=True, topDown=False
info: Win32Emu.Emulator[0]
      [Dispatcher] KERNEL32.DLL!HeapAlloc returned 0x00882000, argBytes=12, convention=Stdcall
info: Win32Emu.Emulator[0]
      [Import KERNEL32.DLL!HeapAlloc] Return address from stack: ESP=0x001FEECC, retEIP=0x00411244
info: Win32Emu.Emulator[0]
      [Import KERNEL32.DLL!HeapAlloc] Stack state before cleanup:
        [ESP+00] = 0x001FEECC: 0x00411244 (return addr)
        [ESP+04] = 0x001FEED0: 0x00476000 (arg1)
        [ESP+08] = 0x001FEED4: 0x00000000 (arg2)
        [ESP+12] = 0x001FEED8: 0x000020E0 (arg3)
        [ESP+16] = 0x001FEEDC: 0x000020D8
        [ESP+20] = 0x001FEEE0: 0x004111ED
      
info: Win32Emu.Emulator[0]
      [Import KERNEL32.DLL!HeapAlloc] Stack cleanup: ESP=0x001FEECC, retEIP=0x00411244, argBytes=12, new ESP=0x001FEEDC
dbug: Win32Emu.Emulator[0]
      [RegisterValidation] After Import KERNEL32.DLL!HeapAlloc: EBX=00000000 (saved=00000000, preserved=True), ESI=000020E0 (saved=000020E0, preserved=True), EDI=00000000 (saved=00000000, preserved=True), EBP=0F000060 (saved=0F000060, preserved=True, valid=False, savedValid=False), ESP=001FEEDC
dbug: Win32Emu.Emulator[0]
      [Import] Successfully invoked KERNEL32.DLL!HeapAlloc
info: Win32Emu.Emulator[0]
      [Import] Direct call to KERNEL32.DLL!HeapAlloc at 0x0F000410
info: Win32Emu.Emulator[0]
      Dispatching KERNEL32.DLL!HeapAlloc at EIP=0x0F000410 ESP=0x001FEECC stack=44 12 41 00 00 60 47 00 00 00 00 00 E0 20 00 00
info: Win32Emu.Emulator[0]
      [ProcessEnv] VirtualAlloc(lp=0x00000000, size=0x000020E0, alloc=0x00001000, prot=0x00000004)
info: Win32Emu.Emulator[0]
      [ProcessEnv] VirtualAlloc: allocated at 0x00885000, size=0x00003000, reserve=False, commit=True, topDown=False
info: Win32Emu.Emulator[0]
      [Dispatcher] KERNEL32.DLL!HeapAlloc returned 0x00885000, argBytes=12, convention=Stdcall
info: Win32Emu.Emulator[0]
      [Import KERNEL32.DLL!HeapAlloc] Return address from stack: ESP=0x001FEECC, retEIP=0x00411244
info: Win32Emu.Emulator[0]
      [Import KERNEL32.DLL!HeapAlloc] Stack state before cleanup:
        [ESP+00] = 0x001FEECC: 0x00411244 (return addr)
        [ESP+04] = 0x001FEED0: 0x00476000 (arg1)
        [ESP+08] = 0x001FEED4: 0x00000000 (arg2)
        [ESP+12] = 0x001FEED8: 0x000020E0 (arg3)
        [ESP+16] = 0x001FEEDC: 0x000020D8
        [ESP+20] = 0x001FEEE0: 0x004111ED
      
info: Win32Emu.Emulator[0]
      [Import KERNEL32.DLL!HeapAlloc] Stack cleanup: ESP=0x001FEECC, retEIP=0x00411244, argBytes=12, new ESP=0x001FEEDC
dbug: Win32Emu.Emulator[0]
      [RegisterValidation] After Import KERNEL32.DLL!HeapAlloc: EBX=00000000 (saved=00000000, preserved=True), ESI=000020E0 (saved=000020E0, preserved=True), EDI=00000000 (saved=00000000, preserved=True), EBP=0F000060 (saved=0F000060, preserved=True, valid=False, savedValid=False), ESP=001FEEDC
dbug: Win32Emu.Emulator[0]
      [Import] Successfully invoked KERNEL32.DLL!HeapAlloc
info: Win32Emu.Emulator[0]
      [Import] Direct call to KERNEL32.DLL!HeapAlloc at 0x0F000410
info: Win32Emu.Emulator[0]
      Dispatching KERNEL32.DLL!HeapAlloc at EIP=0x0F000410 ESP=0x001FEECC stack=44 12 41 00 00 60 47 00 00 00 00 00 E0 20 00 00
info: Win32Emu.Emulator[0]
      [ProcessEnv] VirtualAlloc(lp=0x00000000, size=0x000020E0, alloc=0x00001000, prot=0x00000004)
info: Win32Emu.Emulator[0]
      [ProcessEnv] VirtualAlloc: allocated at 0x00888000, size=0x00003000, reserve=False, commit=True, topDown=False
info: Win32Emu.Emulator[0]
      [Dispatcher] KERNEL32.DLL!HeapAlloc returned 0x00888000, argBytes=12, convention=Stdcall
info: Win32Emu.Emulator[0]
      [Import KERNEL32.DLL!HeapAlloc] Return address from stack: ESP=0x001FEECC, retEIP=0x00411244
info: Win32Emu.Emulator[0]
      [Import KERNEL32.DLL!HeapAlloc] Stack state before cleanup:
        [ESP+00] = 0x001FEECC: 0x00411244 (return addr)
        [ESP+04] = 0x001FEED0: 0x00476000 (arg1)
        [ESP+08] = 0x001FEED4: 0x00000000 (arg2)
        [ESP+12] = 0x001FEED8: 0x000020E0 (arg3)
        [ESP+16] = 0x001FEEDC: 0x000020D8
        [ESP+20] = 0x001FEEE0: 0x004111ED
      
info: Win32Emu.Emulator[0]
      [Import KERNEL32.DLL!HeapAlloc] Stack cleanup: ESP=0x001FEECC, retEIP=0x00411244, argBytes=12, new ESP=0x001FEEDC
dbug: Win32Emu.Emulator[0]
      [RegisterValidation] After Import KERNEL32.DLL!HeapAlloc: EBX=00000000 (saved=00000000, preserved=True), ESI=000020E0 (saved=000020E0, preserved=True), EDI=00000000 (saved=00000000, preserved=True), EBP=0F000060 (saved=0F000060, preserved=True, valid=False, savedValid=False), ESP=001FEEDC
dbug: Win32Emu.Emulator[0]
      [Import] Successfully invoked KERNEL32.DLL!HeapAlloc
info: Win32Emu.Emulator[0]
      [Import] Direct call to KERNEL32.DLL!HeapAlloc at 0x0F000410
info: Win32Emu.Emulator[0]
      Dispatching KERNEL32.DLL!HeapAlloc at EIP=0x0F000410 ESP=0x001FEECC stack=44 12 41 00 00 60 47 00 00 00 00 00 E0 20 00 00
info: Win32Emu.Emulator[0]
      [ProcessEnv] VirtualAlloc(lp=0x00000000, size=0x000020E0, alloc=0x00001000, prot=0x00000004)
info: Win32Emu.Emulator[0]
      [ProcessEnv] VirtualAlloc: allocated at 0x0088B000, size=0x00003000, reserve=False, commit=True, topDown=False
info: Win32Emu.Emulator[0]
      [Dispatcher] KERNEL32.DLL!HeapAlloc returned 0x0088B000, argBytes=12, convention=Stdcall
info: Win32Emu.Emulator[0]
      [Import KERNEL32.DLL!HeapAlloc] Return address from stack: ESP=0x001FEECC, retEIP=0x00411244
info: Win32Emu.Emulator[0]
      [Import KERNEL32.DLL!HeapAlloc] Stack state before cleanup:
        [ESP+00] = 0x001FEECC: 0x00411244 (return addr)
        [ESP+04] = 0x001FEED0: 0x00476000 (arg1)
        [ESP+08] = 0x001FEED4: 0x00000000 (arg2)
        [ESP+12] = 0x001FEED8: 0x000020E0 (arg3)
        [ESP+16] = 0x001FEEDC: 0x000020D8
        [ESP+20] = 0x001FEEE0: 0x004111ED
      
info: Win32Emu.Emulator[0]
      [Import KERNEL32.DLL!HeapAlloc] Stack cleanup: ESP=0x001FEECC, retEIP=0x00411244, argBytes=12, new ESP=0x001FEEDC
dbug: Win32Emu.Emulator[0]
      [RegisterValidation] After Import KERNEL32.DLL!HeapAlloc: EBX=00000000 (saved=00000000, preserved=True), ESI=000020E0 (saved=000020E0, preserved=True), EDI=00000000 (saved=00000000, preserved=True), EBP=0F000060 (saved=0F000060, preserved=True, valid=False, savedValid=False), ESP=001FEEDC
dbug: Win32Emu.Emulator[0]
      [Import] Successfully invoked KERNEL32.DLL!HeapAlloc
info: Win32Emu.Emulator[0]
      [Import] Direct call to KERNEL32.DLL!HeapAlloc at 0x0F000410
info: Win32Emu.Emulator[0]
      Dispatching KERNEL32.DLL!HeapAlloc at EIP=0x0F000410 ESP=0x001FEECC stack=44 12 41 00 00 60 47 00 00 00 00 00 E0 20 00 00
info: Win32Emu.Emulator[0]
      [ProcessEnv] VirtualAlloc(lp=0x00000000, size=0x000020E0, alloc=0x00001000, prot=0x00000004)
info: Win32Emu.Emulator[0]
      [ProcessEnv] VirtualAlloc: allocated at 0x0088E000, size=0x00003000, reserve=False, commit=True, topDown=False
info: Win32Emu.Emulator[0]
      [Dispatcher] KERNEL32.DLL!HeapAlloc returned 0x0088E000, argBytes=12, convention=Stdcall
info: Win32Emu.Emulator[0]
      [Import KERNEL32.DLL!HeapAlloc] Return address from stack: ESP=0x001FEECC, retEIP=0x00411244
info: Win32Emu.Emulator[0]
      [Import KERNEL32.DLL!HeapAlloc] Stack state before cleanup:
        [ESP+00] = 0x001FEECC: 0x00411244 (return addr)
        [ESP+04] = 0x001FEED0: 0x00476000 (arg1)
        [ESP+08] = 0x001FEED4: 0x00000000 (arg2)
        [ESP+12] = 0x001FEED8: 0x000020E0 (arg3)
        [ESP+16] = 0x001FEEDC: 0x000020D8
        [ESP+20] = 0x001FEEE0: 0x004111ED
      
info: Win32Emu.Emulator[0]
      [Import KERNEL32.DLL!HeapAlloc] Stack cleanup: ESP=0x001FEECC, retEIP=0x00411244, argBytes=12, new ESP=0x001FEEDC
dbug: Win32Emu.Emulator[0]
      [RegisterValidation] After Import KERNEL32.DLL!HeapAlloc: EBX=00000000 (saved=00000000, preserved=True), ESI=000020E0 (saved=000020E0, preserved=True), EDI=00000000 (saved=00000000, preserved=True), EBP=0F000060 (saved=0F000060, preserved=True, valid=False, savedValid=False), ESP=001FEEDC
dbug: Win32Emu.Emulator[0]
      [Import] Successfully invoked KERNEL32.DLL!HeapAlloc
info: Win32Emu.Emulator[0]
      [Import] Direct call to KERNEL32.DLL!HeapAlloc at 0x0F000410
info: Win32Emu.Emulator[0]
      Dispatching KERNEL32.DLL!HeapAlloc at EIP=0x0F000410 ESP=0x001FEECC stack=44 12 41 00 00 60 47 00 00 00 00 00 E0 20 00 00
info: Win32Emu.Emulator[0]
      [ProcessEnv] VirtualAlloc(lp=0x00000000, size=0x000020E0, alloc=0x00001000, prot=0x00000004)
info: Win32Emu.Emulator[0]
      [ProcessEnv] VirtualAlloc: allocated at 0x00891000, size=0x00003000, reserve=False, commit=True, topDown=False
info: Win32Emu.Emulator[0]
      [Dispatcher] KERNEL32.DLL!HeapAlloc returned 0x00891000, argBytes=12, convention=Stdcall
info: Win32Emu.Emulator[0]
      [Import KERNEL32.DLL!HeapAlloc] Return address from stack: ESP=0x001FEECC, retEIP=0x00411244
info: Win32Emu.Emulator[0]
      [Import KERNEL32.DLL!HeapAlloc] Stack state before cleanup:
        [ESP+00] = 0x001FEECC: 0x00411244 (return addr)
        [ESP+04] = 0x001FEED0: 0x00476000 (arg1)
        [ESP+08] = 0x001FEED4: 0x00000000 (arg2)
        [ESP+12] = 0x001FEED8: 0x000020E0 (arg3)
        [ESP+16] = 0x001FEEDC: 0x000020D8
        [ESP+20] = 0x001FEEE0: 0x004111ED
      
info: Win32Emu.Emulator[0]
      [Import KERNEL32.DLL!HeapAlloc] Stack cleanup: ESP=0x001FEECC, retEIP=0x00411244, argBytes=12, new ESP=0x001FEEDC
dbug: Win32Emu.Emulator[0]
      [RegisterValidation] After Import KERNEL32.DLL!HeapAlloc: EBX=00000000 (saved=00000000, preserved=True), ESI=000020E0 (saved=000020E0, preserved=True), EDI=00000000 (saved=00000000, preserved=True), EBP=0F000060 (saved=0F000060, preserved=True, valid=False, savedValid=False), ESP=001FEEDC
dbug: Win32Emu.Emulator[0]
      [Import] Successfully invoked KERNEL32.DLL!HeapAlloc
info: Win32Emu.Emulator[0]
      [Import] Direct call to USER32.DLL!GetSystemMetrics at 0x0F0000D0
info: Win32Emu.Emulator[0]
      Dispatching USER32.DLL!GetSystemMetrics at EIP=0x0F0000D0 ESP=0x001FEE50 stack=F5 52 40 00 01 00 00 00 00 00 00 00 00 00 00 00
info: Win32Emu.Emulator[0]
      [User32] GetSystemMetrics: nIndex=SM_CYSCREEN
info: Win32Emu.Emulator[0]
      [User32] GetSystemMetrics: Returning SM_CYSCREEN (1): 480
info: Win32Emu.Emulator[0]
      [Dispatcher] USER32.DLL!GetSystemMetrics returned 0x000001E0, argBytes=4, convention=Stdcall
info: Win32Emu.Emulator[0]
      [Import USER32.DLL!GetSystemMetrics] Return address from stack: ESP=0x001FEE50, retEIP=0x004052F5
info: Win32Emu.Emulator[0]
      [Import USER32.DLL!GetSystemMetrics] Stack state before cleanup:
        [ESP+00] = 0x001FEE50: 0x004052F5 (return addr)
        [ESP+04] = 0x001FEE54: 0x00000001 (arg1)
        [ESP+08] = 0x001FEE58: 0x00000000
        [ESP+12] = 0x001FEE5C: 0x00000000
        [ESP+16] = 0x001FEE60: 0x00400000
        [ESP+20] = 0x001FEE64: 0x00000000
      
info: Win32Emu.Emulator[0]
      [Import USER32.DLL!GetSystemMetrics] Stack cleanup: ESP=0x001FEE50, retEIP=0x004052F5, argBytes=4, new ESP=0x001FEE58
dbug: Win32Emu.Emulator[0]
      [RegisterValidation] After Import USER32.DLL!GetSystemMetrics: EBX=00000000 (saved=00000000, preserved=True), ESI=0F0000D0 (saved=0F0000D0, preserved=True), EDI=00000000 (saved=00000000, preserved=True), EBP=0F000060 (saved=0F000060, preserved=True, valid=False, savedValid=False), ESP=001FEE58
dbug: Win32Emu.Emulator[0]
      [Import] Successfully invoked USER32.DLL!GetSystemMetrics
info: Win32Emu.Emulator[0]
      [Import] Direct call to USER32.DLL!GetSystemMetrics at 0x0F0000D0
info: Win32Emu.Emulator[0]
      Dispatching USER32.DLL!GetSystemMetrics at EIP=0x0F0000D0 ESP=0x001FEE4C stack=FA 52 40 00 00 00 00 00 E0 01 00 00 00 00 00 00
info: Win32Emu.Emulator[0]
      [User32] GetSystemMetrics: nIndex=SM_CXSCREEN
info: Win32Emu.Emulator[0]
      [User32] GetSystemMetrics: Returning SM_CXSCREEN (0): 640
info: Win32Emu.Emulator[0]
      [Dispatcher] USER32.DLL!GetSystemMetrics returned 0x00000280, argBytes=4, convention=Stdcall
info: Win32Emu.Emulator[0]
      [Import USER32.DLL!GetSystemMetrics] Return address from stack: ESP=0x001FEE4C, retEIP=0x004052FA
info: Win32Emu.Emulator[0]
      [Import USER32.DLL!GetSystemMetrics] Stack state before cleanup:
        [ESP+00] = 0x001FEE4C: 0x004052FA (return addr)
        [ESP+04] = 0x001FEE50: 0x00000000 (arg1)
        [ESP+08] = 0x001FEE54: 0x000001E0
        [ESP+12] = 0x001FEE58: 0x00000000
        [ESP+16] = 0x001FEE5C: 0x00000000
        [ESP+20] = 0x001FEE60: 0x00400000
      
info: Win32Emu.Emulator[0]
      [Import USER32.DLL!GetSystemMetrics] Stack cleanup: ESP=0x001FEE4C, retEIP=0x004052FA, argBytes=4, new ESP=0x001FEE54
dbug: Win32Emu.Emulator[0]
      [RegisterValidation] After Import USER32.DLL!GetSystemMetrics: EBX=00000000 (saved=00000000, preserved=True), ESI=0F0000D0 (saved=0F0000D0, preserved=True), EDI=00000000 (saved=00000000, preserved=True), EBP=0F000060 (saved=0F000060, preserved=True, valid=False, savedValid=False), ESP=001FEE54
dbug: Win32Emu.Emulator[0]
      [Import] Successfully invoked USER32.DLL!GetSystemMetrics
info: Win32Emu.Emulator[0]
      [Import] Direct call to USER32.DLL!CreateWindowExA at 0x0F000110
info: Win32Emu.Emulator[0]
      Dispatching USER32.DLL!CreateWindowExA at EIP=0x0F000110 ESP=0x001FEE34 stack=19 53 40 00 00 00 04 00 B8 C7 41 00 F0 C7 41 00
dbug: Win32Emu.Emulator[0]
      [ProcessEnv] ReadAnsiString addr=0x0041C7B8 result='Ignition'
dbug: Win32Emu.Emulator[0]
      [ProcessEnv] ReadAnsiString addr=0x0041C7F0 result='Ignition'
info: Win32Emu.Emulator[0]
      [ProcessEnv] Created window: HWND=0x00010000 Class='Ignition' Title='Ignition'
dbug: Win32Emu.Emulator[0]
      [ProcessEnv] SendMessageToWindow: sending MSG=0x0001 to HWND=0x00010000
dbug: Win32Emu.Emulator[0]
      [ProcessEnv] SendMessageToWindow: Posting creation message 0x0001 to queue
info: Win32Emu.Emulator[0]
      [ProcessEnv] PostMessage: queued MSG=0x0001 HWND=0x00010000
dbug: Win32Emu.Emulator[0]
      [ProcessEnv] Sent WM_CREATE to window 0x00010000
dbug: Win32Emu.Emulator[0]
      [ProcessEnv] SendMessageToWindow: sending MSG=0x0005 to HWND=0x00010000
dbug: Win32Emu.Emulator[0]
      [ProcessEnv] SendMessageToWindow: Posting creation message 0x0005 to queue
info: Win32Emu.Emulator[0]
      [ProcessEnv] PostMessage: queued MSG=0x0005 HWND=0x00010000
dbug: Win32Emu.Emulator[0]
      [ProcessEnv] Sent WM_SIZE to window 0x00010000 (width=640, height=480)
dbug: Win32Emu.Emulator[0]
      [ProcessEnv] SendMessageToWindow: sending MSG=0x0003 to HWND=0x00010000
dbug: Win32Emu.Emulator[0]
      [ProcessEnv] SendMessageToWindow: Posting creation message 0x0003 to queue
info: Win32Emu.Emulator[0]
      [ProcessEnv] PostMessage: queued MSG=0x0003 HWND=0x00010000
dbug: Win32Emu.Emulator[0]
      [ProcessEnv] Sent WM_MOVE to window 0x00010000 (x=0, y=0)
info: Win32Emu.Emulator[0]
      [User32] CreateWindowExA: Created HWND=0x00010000 Class='Ignition' Title='Ignition'
info: Win32Emu.Emulator[0]
      [Dispatcher] USER32.DLL!CreateWindowExA returned 0x00010000, argBytes=48, convention=Stdcall
info: Win32Emu.Emulator[0]
      [Import USER32.DLL!CreateWindowExA] Return address from stack: ESP=0x001FEE34, retEIP=0x00405319
info: Win32Emu.Emulator[0]
      [Import USER32.DLL!CreateWindowExA] Stack state before cleanup:
        [ESP+00] = 0x001FEE34: 0x00405319 (return addr)
        [ESP+04] = 0x001FEE38: 0x00040000 (arg1)
        [ESP+08] = 0x001FEE3C: 0x0041C7B8 (arg2)
        [ESP+12] = 0x001FEE40: 0x0041C7F0 (arg3)
        [ESP+16] = 0x001FEE44: 0x80080000 (arg4)
        [ESP+20] = 0x001FEE48: 0x00000000 (arg5)
      
info: Win32Emu.Emulator[0]
      [Import USER32.DLL!CreateWindowExA] Stack cleanup: ESP=0x001FEE34, retEIP=0x00405319, argBytes=48, new ESP=0x001FEE68
dbug: Win32Emu.Emulator[0]
      [RegisterValidation] After Import USER32.DLL!CreateWindowExA: EBX=00000000 (saved=00000000, preserved=True), ESI=0F0000D0 (saved=0F0000D0, preserved=True), EDI=00000000 (saved=00000000, preserved=True), EBP=0F000060 (saved=0F000060, preserved=True, valid=False, savedValid=False), ESP=001FEE68
dbug: Win32Emu.Emulator[0]
      [Import] Successfully invoked USER32.DLL!CreateWindowExA
info: Win32Emu.Emulator[0]
      [Import] Direct call to USER32.DLL!UpdateWindow at 0x0F000120
info: Win32Emu.Emulator[0]
      Dispatching USER32.DLL!UpdateWindow at EIP=0x0F000120 ESP=0x001FEE60 stack=40 53 40 00 00 00 01 00 60 00 00 0F 00 00 00 00
info: Win32Emu.Emulator[0]
      [User32] UpdateWindow: HWND=0x00010000
info: Win32Emu.Emulator[0]
      [User32] UpdateWindow: Sending WM_PAINT to HWND=0x00010000
info: Win32Emu.Emulator[0]
      [User32] SendMessageA: HWND=0x00010000 MSG=0x000F wParam=0x00000000 lParam=0x00000000
info: Win32Emu.Emulator[0]
      [User32] SendMessageA: Found WndProc=0x00403340 for HWND=0x00010000
info: Win32Emu.Emulator[0]
      [User32] CallWindowProcedureAsync: Calling 0x00403340 with HWND=0x00010000 MSG=0x000F
info: Win32Emu.Emulator[0]
      [JitCpu] Compiling block at EIP=0x00403340 using RTL pipeline
info: Win32Emu.Emulator[0]
      [RtlJitCache] Compiling block at 0x00403340 (7 instructions)
warn: Win32Emu.Emulator[0]
      [X86ToRtl] Unsupported operand kind: Immediate8to32
info: Win32Emu.Emulator[0]
      [RtlJitCache] Saved C# source to /home/runner/work/Win32Emu/Win32Emu/.jitcache/Source/JitBlock_25f755b8_00403340.cs
info: Win32Emu.Emulator[0]
      [RtlJitCache] Saved assembly to /home/runner/work/Win32Emu/Win32Emu/.jitcache/JitBlock_25f755b8_00403340.dll
info: Win32Emu.Emulator[0]
      [RtlJitCache] Successfully compiled block at 0x00403340
info: Win32Emu.Emulator[0]
      [JitCpu] Block at EIP=0x00403340 compiled successfully. C# source saved to /home/runner/work/Win32Emu/Win32Emu/.jitcache/Source
info: Win32Emu.Emulator[0]
      [JitCpu] Compiling block at EIP=0x00403365 using RTL pipeline
info: Win32Emu.Emulator[0]
      [RtlJitCache] Compiling block at 0x00403365 (2 instructions)
warn: Win32Emu.Emulator[0]
      [X86ToRtl] Unsupported operand kind: Immediate8to32
info: Win32Emu.Emulator[0]
      [RtlJitCache] Saved C# source to /home/runner/work/Win32Emu/Win32Emu/.jitcache/Source/JitBlock_25f755b8_00403365.cs
info: Win32Emu.Emulator[0]
      [RtlJitCache] Saved assembly to /home/runner/work/Win32Emu/Win32Emu/.jitcache/JitBlock_25f755b8_00403365.dll
info: Win32Emu.Emulator[0]
      [RtlJitCache] Successfully compiled block at 0x00403365
info: Win32Emu.Emulator[0]
      [JitCpu] Block at EIP=0x00403365 compiled successfully. C# source saved to /home/runner/work/Win32Emu/Win32Emu/.jitcache/Source
info: Win32Emu.Emulator[0]
      [JitCpu] Compiling block at EIP=0x0040336E using RTL pipeline
info: Win32Emu.Emulator[0]
      [RtlJitCache] Compiling block at 0x0040336E (2 instructions)
info: Win32Emu.Emulator[0]
      [RtlJitCache] Saved C# source to /home/runner/work/Win32Emu/Win32Emu/.jitcache/Source/JitBlock_25f755b8_0040336E.cs
info: Win32Emu.Emulator[0]
      [RtlJitCache] Saved assembly to /home/runner/work/Win32Emu/Win32Emu/.jitcache/JitBlock_25f755b8_0040336E.dll
info: Win32Emu.Emulator[0]
      [RtlJitCache] Successfully compiled block at 0x0040336E
info: Win32Emu.Emulator[0]
      [JitCpu] Block at EIP=0x0040336E compiled successfully. C# source saved to /home/runner/work/Win32Emu/Win32Emu/.jitcache/Source
info: Win32Emu.Emulator[0]
      [JitCpu] Compiling block at EIP=0x00403379 using RTL pipeline
info: Win32Emu.Emulator[0]
      [RtlJitCache] Compiling block at 0x00403379 (2 instructions)
info: Win32Emu.Emulator[0]
      [RtlJitCache] Saved C# source to /home/runner/work/Win32Emu/Win32Emu/.jitcache/Source/JitBlock_25f755b8_00403379.cs
info: Win32Emu.Emulator[0]
      [RtlJitCache] Saved assembly to /home/runner/work/Win32Emu/Win32Emu/.jitcache/JitBlock_25f755b8_00403379.dll
info: Win32Emu.Emulator[0]
      [RtlJitCache] Successfully compiled block at 0x00403379
info: Win32Emu.Emulator[0]
      [JitCpu] Block at EIP=0x00403379 compiled successfully. C# source saved to /home/runner/work/Win32Emu/Win32Emu/.jitcache/Source
info: Win32Emu.Emulator[0]
      [JitCpu] Compiling block at EIP=0x00403384 using RTL pipeline
info: Win32Emu.Emulator[0]
      [RtlJitCache] Compiling block at 0x00403384 (1 instructions)
info: Win32Emu.Emulator[0]
      [RtlJitCache] Saved C# source to /home/runner/work/Win32Emu/Win32Emu/.jitcache/Source/JitBlock_25f755b8_00403384.cs
info: Win32Emu.Emulator[0]
      [RtlJitCache] Saved assembly to /home/runner/work/Win32Emu/Win32Emu/.jitcache/JitBlock_25f755b8_00403384.dll
info: Win32Emu.Emulator[0]
      [RtlJitCache] Successfully compiled block at 0x00403384
info: Win32Emu.Emulator[0]
      [JitCpu] Block at EIP=0x00403384 compiled successfully. C# source saved to /home/runner/work/Win32Emu/Win32Emu/.jitcache/Source
info: Win32Emu.Emulator[0]
      [JitCpu] Compiling block at EIP=0x0040349C using RTL pipeline
info: Win32Emu.Emulator[0]
      [RtlJitCache] Compiling block at 0x0040349C (8 instructions)
info: Win32Emu.Emulator[0]
      [RtlJitCache] Saved C# source to /home/runner/work/Win32Emu/Win32Emu/.jitcache/Source/JitBlock_25f755b8_0040349C.cs
info: Win32Emu.Emulator[0]
      [RtlJitCache] Saved assembly to /home/runner/work/Win32Emu/Win32Emu/.jitcache/JitBlock_25f755b8_0040349C.dll
info: Win32Emu.Emulator[0]
      [RtlJitCache] Successfully compiled block at 0x0040349C
info: Win32Emu.Emulator[0]
      [JitCpu] Block at EIP=0x0040349C compiled successfully. C# source saved to /home/runner/work/Win32Emu/Win32Emu/.jitcache/Source
info: Win32Emu.Emulator[0]
      [JitCpu] Compiling block at EIP=0x00455300 using RTL pipeline
info: Win32Emu.Emulator[0]
      [RtlJitCache] Compiling block at 0x00455300 (28 instructions)
warn: Win32Emu.Emulator[0]
      [X86ToRtl] Unsupported instruction: Loopne at 0x455318
warn: Win32Emu.Emulator[0]
      [X86ToRtl] Unsupported instruction: Sldt at 0x45531F
warn: Win32Emu.Emulator[0]
      [X86ToRtl] Unsupported instruction: INVALID at 0x455333
warn: Win32Emu.Emulator[0]
      [X86ToRtl] Unsupported instruction: Pushad at 0x455338
warn: Win32Emu.Emulator[0]
      [X86ToRtl] Unsupported instruction: Pshufw at 0x45533B
info: Win32Emu.Emulator[0]
      [RtlJitCache] Saved C# source to /home/runner/work/Win32Emu/Win32Emu/.jitcache/Source/JitBlock_25f755b8_00455300.cs
fail: Win32Emu.Emulator[0]
      [RtlJitCache] Compilation failed:
      (35,25): error CS0103: The name 'CL' does not exist in the current context
      (36,13): error CS0103: The name 'AL' does not exist in the current context
      (37,26): error CS0103: The name 'AL' does not exist in the current context
      (39,26): error CS0103: The name 'AL' does not exist in the current context
      (40,13): error CS0103: The name 'AL' does not exist in the current context
      (41,25): error CS0103: The name 'CL' does not exist in the current context
      (43,18): error CS0019: Operator '<<' cannot be applied to operands of type 'uint' and 'uint'
      (44,18): error CS0019: Operator '>>' cannot be applied to operands of type 'uint' and 'uint'
      (46,25): error CS0103: The name 'CL' does not exist in the current context
      (47,25): error CS0103: The name 'CL' does not exist in the current context
      (48,26): error CS0103: The name 'AL' does not exist in the current context
      (49,25): error CS0103: The name 'CL' does not exist in the current context
      (50,25): error CS0103: The name 'AL' does not exist in the current context
      (51,25): error CS0103: The name 'CL' does not exist in the current context
      (52,25): error CS0103: The name 'AL' does not exist in the current context
      (53,25): error CS0103: The name 'CL' does not exist in the current context
      (54,25): error CS0103: The name 'AL' does not exist in the current context
      (55,25): error CS0103: The name 'CL' does not exist in the current context
      (58,25): error CS0103: The name 'CL' does not exist in the current context
fail: Win32Emu.Emulator[0]
      [User32] CallWindowProcedureAsync: Exception during execution: C# compilation failed: (35,25): error CS0103: The name 'CL' does not exist in the current context
      (36,13): error CS0103: The name 'AL' does not exist in the current context
      (37,26): error CS0103: The name 'AL' does not exist in the current context
      (39,26): error CS0103: The name 'AL' does not exist in the current context
      (40,13): error CS0103: The name 'AL' does not exist in the current context
      (41,25): error CS0103: The name 'CL' does not exist in the current context
      (43,18): error CS0019: Operator '<<' cannot be applied to operands of type 'uint' and 'uint'
      (44,18): error CS0019: Operator '>>' cannot be applied to operands of type 'uint' and 'uint'
      (46,25): error CS0103: The name 'CL' does not exist in the current context
      (47,25): error CS0103: The name 'CL' does not exist in the current context
      (48,26): error CS0103: The name 'AL' does not exist in the current context
      (49,25): error CS0103: The name 'CL' does not exist in the current context
      (50,25): error CS0103: The name 'AL' does not exist in the current context
      (51,25): error CS0103: The name 'CL' does not exist in the current context
      (52,25): error CS0103: The name 'AL' does not exist in the current context
      (53,25): error CS0103: The name 'CL' does not exist in the current context
      (54,25): error CS0103: The name 'AL' does not exist in the current context
      (55,25): error CS0103: The name 'CL' does not exist in the current context
      (58,25): error CS0103: The name 'CL' does not exist in the current context
      System.InvalidOperationException: C# compilation failed: (35,25): error CS0103: The name 'CL' does not exist in the current context
      (36,13): error CS0103: The name 'AL' does not exist in the current context
      (37,26): error CS0103: The name 'AL' does not exist in the current context
      (39,26): error CS0103: The name 'AL' does not exist in the current context
      (40,13): error CS0103: The name 'AL' does not exist in the current context
      (41,25): error CS0103: The name 'CL' does not exist in the current context
      (43,18): error CS0019: Operator '<<' cannot be applied to operands of type 'uint' and 'uint'
      (44,18): error CS0019: Operator '>>' cannot be applied to operands of type 'uint' and 'uint'
      (46,25): error CS0103: The name 'CL' does not exist in the current context
      (47,25): error CS0103: The name 'CL' does not exist in the current context
      (48,26): error CS0103: The name 'AL' does not exist in the current context
      (49,25): error CS0103: The name 'CL' does not exist in the current context
      (50,25): error CS0103: The name 'AL' does not exist in the current context
      (51,25): error CS0103: The name 'CL' does not exist in the current context
      (52,25): error CS0103: The name 'AL' does not exist in the current context
      (53,25): error CS0103: The name 'CL' does not exist in the current context
      (54,25): error CS0103: The name 'AL' does not exist in the current context
      (55,25): error CS0103: The name 'CL' does not exist in the current context
      (58,25): error CS0103: The name 'CL' does not exist in the current context
         at Win32Emu.Rtl.RtlJitCache.CompileCSharpToAssembly(String csharpCode, String assemblyName) in /home/runner/work/Win32Emu/Win32Emu/Win32Emu.Rtl/RtlJitCache.cs:line 179
         at Win32Emu.Rtl.RtlJitCache.CompileBlockAsync(UInt32 startAddress, List`1 instructions) in /home/runner/work/Win32Emu/Win32Emu/Win32Emu.Rtl/RtlJitCache.cs:line 105
         at Win32Emu.Rtl.RtlJitCache.CompileBlock(UInt32 startAddress, List`1 instructions) in /home/runner/work/Win32Emu/Win32Emu/Win32Emu.Rtl/RtlJitCache.cs:line 132
         at Win32Emu.Cpu.Jit.JitCpu.CompileBlock(UInt32 startEip, VirtualMemory mem) in /home/runner/work/Win32Emu/Win32Emu/Win32Emu/Cpu/Jit/JitCpu.cs:line 1671
         at Win32Emu.Cpu.Jit.JitCpu.ExecuteBlockAsync(VirtualMemory mem) in /home/runner/work/Win32Emu/Win32Emu/Win32Emu/Cpu/Jit/JitCpu.cs:line 437
         at Win32Emu.Cpu.CpuHelpers.ExecuteAsync(ICpu cpu, VirtualMemory memory) in /home/runner/work/Win32Emu/Win32Emu/Win32Emu/Cpu/CpuHelpers.cs:line 53
         at Win32Emu.Win32.Modules.User32Module.ExecuteStdCallProcedureAsync(ICpu cpu, VirtualMemory memory, UInt32 procedureAddress, UInt32[] parameters, String contextName, CancellationToken cancellationToken) in /home/runner/work/Win32Emu/Win32Emu/Win32Emu/Win32/Modules/User32Module.cs:line 2920
info: Win32Emu.Emulator[0]
      [User32] CallWindowProcedureAsync: Completed with return value 0x00000000, timedOut=False, cancelled=False, failed=True
info: Win32Emu.Emulator[0]
      [User32] SendMessageA: WndProc returned 0x00000000
info: Win32Emu.Emulator[0]
      [Dispatcher] USER32.DLL!UpdateWindow returned 0x00000001, argBytes=4, convention=Stdcall
info: Win32Emu.Emulator[0]
      [Import USER32.DLL!UpdateWindow] Return address from stack: ESP=0x001FEE60, retEIP=0x00405340
info: Win32Emu.Emulator[0]
      [Import USER32.DLL!UpdateWindow] Stack state before cleanup:
        [ESP+00] = 0x001FEE60: 0x00405340 (return addr)
        [ESP+04] = 0x001FEE64: 0x00010000 (arg1)
        [ESP+08] = 0x001FEE68: 0x0F000060
        [ESP+12] = 0x001FEE6C: 0x00000000
        [ESP+16] = 0x001FEE70: 0x00000000
        [ESP+20] = 0x001FEE74: 0x00000000
      
info: Win32Emu.Emulator[0]
      [Import USER32.DLL!UpdateWindow] Stack cleanup: ESP=0x001FEE60, retEIP=0x00405340, argBytes=4, new ESP=0x001FEE68
dbug: Win32Emu.Emulator[0]
      [RegisterValidation] After Import USER32.DLL!UpdateWindow: EBX=00000000 (saved=00000000, preserved=True), ESI=0F0000D0 (saved=0F0000D0, preserved=True), EDI=00000000 (saved=00000000, preserved=True), EBP=0F000060 (saved=0F000060, preserved=True, valid=False, savedValid=False), ESP=001FEE68
dbug: Win32Emu.Emulator[0]
      [Import] Successfully invoked USER32.DLL!UpdateWindow
info: Win32Emu.Emulator[0]
      [Import] Direct call to USER32.DLL!SetFocus at 0x0F0001A0
info: Win32Emu.Emulator[0]
      Dispatching USER32.DLL!SetFocus at EIP=0x0F0001A0 ESP=0x001FEE60 stack=4D 53 40 00 00 00 01 00 60 00 00 0F 00 00 00 00
info: Win32Emu.Emulator[0]
      [User32] SetFocus: HWND=0x00010000
info: Win32Emu.Emulator[0]
      [ProcessEnv] PostMessage: queued MSG=0x001C HWND=0x00010000
dbug: Win32Emu.Emulator[0]
      [User32] SetFocus: Posted WM_ACTIVATEAPP to HWND=0x00010000
info: Win32Emu.Emulator[0]
      [ProcessEnv] PostMessage: queued MSG=0x0006 HWND=0x00010000
dbug: Win32Emu.Emulator[0]
      [User32] SetFocus: Posted WM_ACTIVATE to HWND=0x00010000
info: Win32Emu.Emulator[0]
      [Dispatcher] USER32.DLL!SetFocus returned 0x00000000, argBytes=4, convention=Stdcall
info: Win32Emu.Emulator[0]
      [Import USER32.DLL!SetFocus] Return address from stack: ESP=0x001FEE60, retEIP=0x0040534D
info: Win32Emu.Emulator[0]
      [Import USER32.DLL!SetFocus] Stack state before cleanup:
        [ESP+00] = 0x001FEE60: 0x0040534D (return addr)
        [ESP+04] = 0x001FEE64: 0x00010000 (arg1)
        [ESP+08] = 0x001FEE68: 0x0F000060
        [ESP+12] = 0x001FEE6C: 0x00000000
        [ESP+16] = 0x001FEE70: 0x00000000
        [ESP+20] = 0x001FEE74: 0x00000000
      
info: Win32Emu.Emulator[0]
      [Import USER32.DLL!SetFocus] Stack cleanup: ESP=0x001FEE60, retEIP=0x0040534D, argBytes=4, new ESP=0x001FEE68
dbug: Win32Emu.Emulator[0]
      [RegisterValidation] After Import USER32.DLL!SetFocus: EBX=00000000 (saved=00000000, preserved=True), ESI=0F0000D0 (saved=0F0000D0, preserved=True), EDI=00000000 (saved=00000000, preserved=True), EBP=0F000060 (saved=0F000060, preserved=True, valid=False, savedValid=False), ESP=001FEE68
dbug: Win32Emu.Emulator[0]
      [Import] Successfully invoked USER32.DLL!SetFocus
dbug: Win32Emu.Emulator[0]
      
      [Debug] *** CPU TRYING TO EXECUTE SYNTHETIC IMPORT ADDRESS! ***
dbug: Win32Emu.Emulator[0]
      [Debug] EIP=0x0F000200 at instruction 159459
dbug: Win32Emu.Emulator[0]
      [Debug] This is import: DDRAW.DLL!DirectDrawCreate
dbug: Win32Emu.Emulator[0]
      [Debug] This should now execute an INT3 stub that will be handled as an import call
dbug: Win32Emu.Emulator[0]
      [Syscall] Advanced EIP past INT 0x80: 0x0E000000 -> 0x0E000002
info: Win32Emu.Emulator[0]
      [Syscall] DDRAW.DLL!DirectDrawCreate from stub at 0x0F000200
info: Win32Emu.Emulator[0]
      [Syscall] BEFORE API: Return address at 0x001FEE58 = 0x0040535B
info: Win32Emu.Emulator[0]
      Dispatching async DDRAW.DLL!DirectDrawCreate at EIP=0x0E000002 ESP=0x001FEE58 stack=5B 53 40 00 00 00 00 00 80 F7 43 00 00 00 00 00
info: Win32Emu.Emulator[0]
      [DDraw] DirectDrawCreate(lpGuid=0x00000000, lplpDD=0x0043F780, pUnkOuter=0x00000000)
dbug: Win32Emu.Emulator[0]
      [COM] IDirectDraw::QueryInterface -> 0x0D001000 (async, argBytes=12)
dbug: Win32Emu.Emulator[0]
      [COM] IDirectDraw::AddRef -> 0x0D001010 (async, argBytes=4)
dbug: Win32Emu.Emulator[0]
      [COM] IDirectDraw::Release -> 0x0D001020 (async, argBytes=4)
dbug: Win32Emu.Emulator[0]
      [COM] IDirectDraw::Compact -> 0x0D001030 (async, argBytes=4)
dbug: Win32Emu.Emulator[0]
      [COM] IDirectDraw::CreateClipper -> 0x0D001040 (async, argBytes=16)
dbug: Win32Emu.Emulator[0]
      [COM] IDirectDraw::CreatePalette -> 0x0D001050 (async, argBytes=20)
dbug: Win32Emu.Emulator[0]
      [COM] IDirectDraw::CreateSurface -> 0x0D001060 (async, argBytes=16)
dbug: Win32Emu.Emulator[0]
      [COM] IDirectDraw::DuplicateSurface -> 0x0D001070 (async, argBytes=12)
dbug: Win32Emu.Emulator[0]
      [COM] IDirectDraw::EnumDisplayModes -> 0x0D001080 (async, argBytes=20)
dbug: Win32Emu.Emulator[0]
      [COM] IDirectDraw::EnumSurfaces -> 0x0D001090 (async, argBytes=20)
dbug: Win32Emu.Emulator[0]
      [COM] IDirectDraw::FlipToGDISurface -> 0x0D0010A0 (async, argBytes=4)
dbug: Win32Emu.Emulator[0]
      [COM] IDirectDraw::GetCaps -> 0x0D0010B0 (async, argBytes=12)
dbug: Win32Emu.Emulator[0]
      [COM] IDirectDraw::GetDisplayMode -> 0x0D0010C0 (async, argBytes=8)
dbug: Win32Emu.Emulator[0]
      [COM] IDirectDraw::GetFourCCCodes -> 0x0D0010D0 (async, argBytes=12)
dbug: Win32Emu.Emulator[0]
      [COM] IDirectDraw::GetGDISurface -> 0x0D0010E0 (async, argBytes=8)
dbug: Win32Emu.Emulator[0]
      [COM] IDirectDraw::GetMonitorFrequency -> 0x0D0010F0 (async, argBytes=8)
dbug: Win32Emu.Emulator[0]
      [COM] IDirectDraw::GetScanLine -> 0x0D001100 (async, argBytes=8)
dbug: Win32Emu.Emulator[0]
      [COM] IDirectDraw::GetVerticalBlankStatus -> 0x0D001110 (async, argBytes=8)
dbug: Win32Emu.Emulator[0]
      [COM] IDirectDraw::Initialize -> 0x0D001120 (async, argBytes=8)
dbug: Win32Emu.Emulator[0]
      [COM] IDirectDraw::RestoreDisplayMode -> 0x0D001130 (async, argBytes=4)
dbug: Win32Emu.Emulator[0]
      [COM] IDirectDraw::SetCooperativeLevel -> 0x0D001140 (async, argBytes=12)
dbug: Win32Emu.Emulator[0]
      [COM] IDirectDraw::SetDisplayMode -> 0x0D001150 (async, argBytes=16)
dbug: Win32Emu.Emulator[0]
      [COM] IDirectDraw::WaitForVerticalBlank -> 0x0D001160 (async, argBytes=12)
info: Win32Emu.Emulator[0]
      [COM] Created async IDirectDraw object at 0x00894000 (vtable at 0x00894010)
info: Win32Emu.Emulator[0]
      [COM] Verifying vtable at 0x00894010 with 23 methods:
info: Win32Emu.Emulator[0]
      [COM]   [00] vtable[0x00894010] = 0x0D001000 (QueryInterface)
info: Win32Emu.Emulator[0]
      [COM]   [01] vtable[0x00894014] = 0x0D001010 (AddRef)
info: Win32Emu.Emulator[0]
      [COM]   [02] vtable[0x00894018] = 0x0D001020 (Release)
info: Win32Emu.Emulator[0]
      [COM]   [03] vtable[0x0089401C] = 0x0D001030 (Compact)
info: Win32Emu.Emulator[0]
      [COM]   [04] vtable[0x00894020] = 0x0D001040 (CreateClipper)
info: Win32Emu.Emulator[0]
      [COM]   [05] vtable[0x00894024] = 0x0D001050 (CreatePalette)
info: Win32Emu.Emulator[0]
      [COM]   [06] vtable[0x00894028] = 0x0D001060 (CreateSurface)
info: Win32Emu.Emulator[0]
      [COM]   [07] vtable[0x0089402C] = 0x0D001070 (DuplicateSurface)
info: Win32Emu.Emulator[0]
      [COM]   [08] vtable[0x00894030] = 0x0D001080 (EnumDisplayModes)
info: Win32Emu.Emulator[0]
      [COM]   [09] vtable[0x00894034] = 0x0D001090 (EnumSurfaces)
info: Win32Emu.Emulator[0]
      [COM]   [10] vtable[0x00894038] = 0x0D0010A0 (FlipToGDISurface)
info: Win32Emu.Emulator[0]
      [COM]   [11] vtable[0x0089403C] = 0x0D0010B0 (GetCaps)
info: Win32Emu.Emulator[0]
      [COM]   [12] vtable[0x00894040] = 0x0D0010C0 (GetDisplayMode)
info: Win32Emu.Emulator[0]
      [COM]   [13] vtable[0x00894044] = 0x0D0010D0 (GetFourCCCodes)
info: Win32Emu.Emulator[0]
      [COM]   [14] vtable[0x00894048] = 0x0D0010E0 (GetGDISurface)
info: Win32Emu.Emulator[0]
      [DDraw] Writing COM object 0x00894000 to address 0x0043F780
dbug: Win32Emu.Emulator[0]
      [MemoryWrite] Write32 to .data section at 0x0043F780: 0x00894000
info: Win32Emu.Emulator[0]
      [DDraw] Verification: Read back 0x00894000 from 0x0043F780 - SUCCESS
info: Win32Emu.Emulator[0]
      [DDraw] Created IDirectDraw COM object at 0x00894000
info: Win32Emu.Emulator[0]
      [Dispatcher] Async DDRAW.DLL!DirectDrawCreate returned 0x00000000, argBytes=12
info: Win32Emu.Emulator[0]
      [Syscall] AFTER API: Return address at 0x001FEE58 = 0x0040535B
dbug: Win32Emu.Emulator[0]
      [RegisterValidation] After Syscall DDRAW.DLL!DirectDrawCreate: EBX=00000000 (saved=00000000, preserved=True), ESI=0F0000D0 (saved=0F0000D0, preserved=True), EDI=00000000 (saved=00000000, preserved=True), EBP=0F000060 (saved=0F000060, preserved=True, valid=False, savedValid=False), ESP=001FEE54
dbug: Win32Emu.Emulator[0]
      [Syscall] Returned 0x00000000, argBytes=12, calling convention=Stdcall, CPU will execute RET naturally
dbug: Win32Emu.Emulator[0]
      [Syscall] Patched RET at 0x0F000205 with argBytes=12 for Stdcall calling convention
dbug: Win32Emu.Emulator[0]
      [Syscall] CPU state after DDRAW.DLL!DirectDrawCreate: EAX=0x00000000 ESP=0x001FEE54
dbug: Win32Emu.Emulator[0]
      
      [Syscall] Stack validation after DDRAW.DLL!DirectDrawCreate:
        [ESP+-8] = 0x001FEE5C: 0x00000000
        [ESP+-4] = 0x001FEE60: 0x0043F780
        [ESP++0] = 0x001FEE64: 0x00000000 <-- Future ESP
        [ESP++4] = 0x001FEE68: 0x0F000060
        [ESP++8] = 0x001FEE6C: 0x00000000
        [ESP++12] = 0x001FEE70: 0x00000000
        [ESP++16] = 0x001FEE74: 0x00000000
dbug: Win32Emu.Emulator[0]
      
      [Debug] *** CPU TRYING TO EXECUTE SYNTHETIC IMPORT ADDRESS! ***
dbug: Win32Emu.Emulator[0]
      [Debug] EIP=0x0F000205 at instruction 159462
dbug: Win32Emu.Emulator[0]
      [Debug] This is import: DDRAW.DLL!DirectDrawCreate
dbug: Win32Emu.Emulator[0]
      [Debug] This should now execute an INT3 stub that will be handled as an import call
info: Win32Emu.Emulator[0]
      [COM] Invoking async vtable method: IDirectDraw::SetCooperativeLevel at address 0x0D001140
dbug: Win32Emu.Emulator[0]
      [COM] Register state before IDirectDraw::SetCooperativeLevel: EIP=0x0D001140, ESP=0x001FEE58, EBP=0x0F000060, EBX=0x00000000, ESI=0x0F0000D0, EDI=0x00000000
info: Win32Emu.Emulator[0]
      [DDraw COM] IDirectDraw::SetCooperativeLevel(this=0x00894000, hWnd=0x00010000, flags=0x00000053)
dbug: Win32Emu.Emulator[0]
      [DDraw COM] SetCooperativeLevel flags: DDSCL_EXCLUSIVE | DDSCL_NORMAL | DDSCL_ALLOWREBOOT
info: Win32Emu.Emulator[0]
      [ProcessEnv] Subscribed to rendering backend UI events
info: Win32Emu.Emulator[0]
      [DDraw] Subscribed to UI events from rendering backend
info: Win32Emu.Emulator[0]
      [DDraw] Initializing rendering backend for windowed mode (DDSCL_NORMAL) with 640x480x16
info: Win32Emu.Emulator[0]
      [Software] Initializing SDL3 software rendering backend (640x480)...
ERROR: Couldn't open /dev/input/event1: Permission denied
ERROR: Couldn't open /dev/input/mouse0: Permission denied
ERROR: Couldn't open /dev/input/event0: Permission denied
info: Win32Emu.Emulator[0]
      [Software] Created software renderer
info: Win32Emu.Emulator[0]
      [Software] Software rendering backend initialized successfully
info: Win32Emu.Emulator[0]
      [DDraw] Rendering backend initialized successfully for windowed mode
info: Win32Emu.Emulator[0]
      [DDraw] Updated ProcessEnvironment display mode to 640x480x16
info: Win32Emu.Emulator[0]
      [DDraw COM] SetCooperativeLevel succeeded, returning DD_OK (0)
dbug: Win32Emu.Emulator[0]
      [COM] IDirectDraw::SetCooperativeLevel async handler completed successfully
info: Win32Emu.Emulator[0]
      [COM] IDirectDraw::SetCooperativeLevel returned 0x00000000 (argBytes=12)
dbug: Win32Emu.Emulator[0]
      [COM] Register state after IDirectDraw::SetCooperativeLevel: EIP=0x0D001140, ESP=0x001FEE58, EBP=0x0F000060, EBX=0x00000000, ESI=0x0F0000D0, EDI=0x00000000
info: Win32Emu.Emulator[0]
      [COM vtable] Return address from stack: ESP=0x001FEE58, retEIP=0x0040538D
info: Win32Emu.Emulator[0]
      [COM vtable] Stack state before cleanup:
        [ESP+00] = 0x001FEE58: 0x0040538D (return addr)
        [ESP+04] = 0x001FEE5C: 0x00894000 (arg1)
        [ESP+08] = 0x001FEE60: 0x00010000 (arg2)
        [ESP+12] = 0x001FEE64: 0x00000053 (arg3)
        [ESP+16] = 0x001FEE68: 0x0F000060
        [ESP+20] = 0x001FEE6C: 0x00000000
      
info: Win32Emu.Emulator[0]
      [COM vtable] Stack cleanup: ESP=0x001FEE58, retEIP=0x0040538D, argBytes=12, new ESP=0x001FEE68
dbug: Win32Emu.Emulator[0]
      [RegisterValidation] After COM vtable: EBX=00000000 (saved=00000000, preserved=True), ESI=0F0000D0 (saved=0F0000D0, preserved=True), EDI=00000000 (saved=00000000, preserved=True), EBP=0F000060 (saved=0F000060, preserved=True, valid=False, savedValid=False), ESP=001FEE68
info: Win32Emu.Emulator[0]
      [COM] Invoking async vtable method: IDirectDraw::SetDisplayMode at address 0x0D001150
dbug: Win32Emu.Emulator[0]
      [COM] Register state before IDirectDraw::SetDisplayMode: EIP=0x0D001150, ESP=0x001FEE54, EBP=0x0F000060, EBX=0x00894010, ESI=0x0F0000D0, EDI=0x00000000
info: Win32Emu.Emulator[0]
      [DDraw COM] IDirectDraw::SetDisplayMode(this=0x00894000, width=640, height=480, bpp=8)
info: Win32Emu.Emulator[0]
      [DDraw] Updated ProcessEnvironment display mode to 640x480x8
info: Win32Emu.Emulator[0]
      [DDraw] Display mode changed to 640x480x8
info: Win32Emu.Emulator[0]
      [DDraw] Subscribed to UI events from rendering backend
info: Win32Emu.Emulator[0]
      [DDraw COM] SetDisplayMode succeeded, returning DD_OK (0)
dbug: Win32Emu.Emulator[0]
      [COM] IDirectDraw::SetDisplayMode async handler completed successfully
info: Win32Emu.Emulator[0]
      [COM] IDirectDraw::SetDisplayMode returned 0x00000000 (argBytes=16)
dbug: Win32Emu.Emulator[0]
      [COM] Register state after IDirectDraw::SetDisplayMode: EIP=0x0D001150, ESP=0x001FEE54, EBP=0x0F000060, EBX=0x00894010, ESI=0x0F0000D0, EDI=0x00000000
info: Win32Emu.Emulator[0]
      [COM vtable] Return address from stack: ESP=0x001FEE54, retEIP=0x004053C6
info: Win32Emu.Emulator[0]
      [COM vtable] Stack state before cleanup:
        [ESP+00] = 0x001FEE54: 0x004053C6 (return addr)
        [ESP+04] = 0x001FEE58: 0x00894000 (arg1)
        [ESP+08] = 0x001FEE5C: 0x00000280 (arg2)
        [ESP+12] = 0x001FEE60: 0x000001E0 (arg3)
        [ESP+16] = 0x001FEE64: 0x00000008 (arg4)
        [ESP+20] = 0x001FEE68: 0x0F000060
      
info: Win32Emu.Emulator[0]
      [COM vtable] Stack cleanup: ESP=0x001FEE54, retEIP=0x004053C6, argBytes=16, new ESP=0x001FEE68
dbug: Win32Emu.Emulator[0]
      [RegisterValidation] After COM vtable: EBX=00894010 (saved=00894010, preserved=True), ESI=0F0000D0 (saved=0F0000D0, preserved=True), EDI=00000000 (saved=00000000, preserved=True), EBP=0F000060 (saved=0F000060, preserved=True, valid=False, savedValid=False), ESP=001FEE68
info: Win32Emu.Emulator[0]
      [COM] Invoking async vtable method: IDirectDraw::CreateSurface at address 0x0D001060
dbug: Win32Emu.Emulator[0]
      [COM] Register state before IDirectDraw::CreateSurface: EIP=0x0D001060, ESP=0x001FEE54, EBP=0x0F000060, EBX=0x00894010, ESI=0x0F0000D0, EDI=0x001FEEA4
info: Win32Emu.Emulator[0]
      [ProcessEnv] PostMessage: queued MSG=0x0006 HWND=0x00000002
info: Win32Emu.Emulator[0]
      [ProcessEnv] PostMessage: queued MSG=0x001C HWND=0x00000002
dbug: Win32Emu.Emulator[0]
      [ProcessEnv] OnUIEvent: Translated WindowActivate to WM_001C for HWND=0x00000002
info: Win32Emu.Emulator[0]
      [ProcessEnv] PostMessage: queued MSG=0x0006 HWND=0x00000002
info: Win32Emu.Emulator[0]
      [ProcessEnv] PostMessage: queued MSG=0x001C HWND=0x00000002
dbug: Win32Emu.Emulator[0]
      [ProcessEnv] OnUIEvent: Translated WindowActivate to WM_001C for HWND=0x00000002
info: Win32Emu.Emulator[0]
      [DDraw COM] IDirectDraw::CreateSurface(this=0x00894000, lpDDSurfaceDesc=0x001FEEA0, lplpDDSurface=0x0043C914, pUnkOuter=0x00000000)
info: Win32Emu.Emulator[0]
      [DDraw] Surface creation: dwSize=108, flags=0x00000021, caps=0x00000218, width=0, height=4435536, backbufferCount=1
info: Win32Emu.Emulator[0]
      [DDraw] Primary surface created without explicit dimensions, using display mode: 640x480
dbug: Win32Emu.Emulator[0]
      [COM] IDirectDrawSurface::QueryInterface -> 0x0D002000 (argBytes=12)
dbug: Win32Emu.Emulator[0]
      [COM] IDirectDrawSurface::AddRef -> 0x0D002010 (argBytes=4)
dbug: Win32Emu.Emulator[0]
      [COM] IDirectDrawSurface::Release -> 0x0D002020 (argBytes=4)
dbug: Win32Emu.Emulator[0]
      [COM] IDirectDrawSurface::AddAttachedSurface -> 0x0D002030 (argBytes=8)
dbug: Win32Emu.Emulator[0]
      [COM] IDirectDrawSurface::AddOverlayDirtyRect -> 0x0D002040 (argBytes=8)
dbug: Win32Emu.Emulator[0]
      [COM] IDirectDrawSurface::Blt -> 0x0D002050 (argBytes=24)
dbug: Win32Emu.Emulator[0]
      [COM] IDirectDrawSurface::BltBatch -> 0x0D002060 (argBytes=16)
dbug: Win32Emu.Emulator[0]
      [COM] IDirectDrawSurface::BltFast -> 0x0D002070 (argBytes=24)
dbug: Win32Emu.Emulator[0]
      [COM] IDirectDrawSurface::DeleteAttachedSurface -> 0x0D002080 (argBytes=12)
dbug: Win32Emu.Emulator[0]
      [COM] IDirectDrawSurface::EnumAttachedSurfaces -> 0x0D002090 (argBytes=12)
dbug: Win32Emu.Emulator[0]
      [COM] IDirectDrawSurface::EnumOverlayZOrders -> 0x0D0020A0 (argBytes=16)
dbug: Win32Emu.Emulator[0]
      [COM] IDirectDrawSurface::Flip -> 0x0D0020B0 (argBytes=12)
dbug: Win32Emu.Emulator[0]
      [COM] IDirectDrawSurface::GetAttachedSurface -> 0x0D0020C0 (argBytes=12)
dbug: Win32Emu.Emulator[0]
      [COM] IDirectDrawSurface::GetBltStatus -> 0x0D0020D0 (argBytes=8)
dbug: Win32Emu.Emulator[0]
      [COM] IDirectDrawSurface::GetCaps -> 0x0D0020E0 (argBytes=8)
dbug: Win32Emu.Emulator[0]
      [COM] IDirectDrawSurface::GetClipper -> 0x0D0020F0 (argBytes=8)
dbug: Win32Emu.Emulator[0]
      [COM] IDirectDrawSurface::GetColorKey -> 0x0D002100 (argBytes=12)
dbug: Win32Emu.Emulator[0]
      [COM] IDirectDrawSurface::GetDC -> 0x0D002110 (argBytes=8)
dbug: Win32Emu.Emulator[0]
      [COM] IDirectDrawSurface::GetFlipStatus -> 0x0D002120 (argBytes=8)
dbug: Win32Emu.Emulator[0]
      [COM] IDirectDrawSurface::GetOverlayPosition -> 0x0D002130 (argBytes=12)
dbug: Win32Emu.Emulator[0]
      [COM] IDirectDrawSurface::GetPalette -> 0x0D002140 (argBytes=8)
dbug: Win32Emu.Emulator[0]
      [COM] IDirectDrawSurface::GetPixelFormat -> 0x0D002150 (argBytes=8)
dbug: Win32Emu.Emulator[0]
      [COM] IDirectDrawSurface::GetSurfaceDesc -> 0x0D002160 (argBytes=8)
dbug: Win32Emu.Emulator[0]
      [COM] IDirectDrawSurface::Initialize -> 0x0D002170 (argBytes=12)
dbug: Win32Emu.Emulator[0]
      [COM] IDirectDrawSurface::IsLost -> 0x0D002180 (argBytes=4)
dbug: Win32Emu.Emulator[0]
      [COM] IDirectDrawSurface::Lock -> 0x0D002190 (argBytes=20)
dbug: Win32Emu.Emulator[0]
      [COM] IDirectDrawSurface::ReleaseDC -> 0x0D0021A0 (argBytes=8)
dbug: Win32Emu.Emulator[0]
      [COM] IDirectDrawSurface::Restore -> 0x0D0021B0 (argBytes=4)
dbug: Win32Emu.Emulator[0]
      [COM] IDirectDrawSurface::SetClipper -> 0x0D0021C0 (argBytes=8)
dbug: Win32Emu.Emulator[0]
      [COM] IDirectDrawSurface::SetColorKey -> 0x0D0021D0 (argBytes=12)
dbug: Win32Emu.Emulator[0]
      [COM] IDirectDrawSurface::SetOverlayPosition -> 0x0D0021E0 (argBytes=12)
dbug: Win32Emu.Emulator[0]
      [COM] IDirectDrawSurface::SetPalette -> 0x0D0021F0 (argBytes=8)
dbug: Win32Emu.Emulator[0]
      [COM] IDirectDrawSurface::Unlock -> 0x0D002200 (argBytes=8)
dbug: Win32Emu.Emulator[0]
      [COM] IDirectDrawSurface::UpdateOverlay -> 0x0D002210 (argBytes=24)
dbug: Win32Emu.Emulator[0]
      [COM] IDirectDrawSurface::UpdateOverlayDisplay -> 0x0D002220 (argBytes=8)
dbug: Win32Emu.Emulator[0]
      [COM] IDirectDrawSurface::UpdateOverlayZOrder -> 0x0D002230 (argBytes=12)
info: Win32Emu.Emulator[0]
      [COM] Created IDirectDrawSurface object at 0x00894070 (vtable at 0x00894080)
info: Win32Emu.Emulator[0]
      [COM] Verifying vtable at 0x00894080 with 36 methods:
info: Win32Emu.Emulator[0]
      [COM]   [00] vtable[0x00894080] = 0x0D002000 (QueryInterface)
info: Win32Emu.Emulator[0]
      [COM]   [01] vtable[0x00894084] = 0x0D002010 (AddRef)
info: Win32Emu.Emulator[0]
      [COM]   [02] vtable[0x00894088] = 0x0D002020 (Release)
info: Win32Emu.Emulator[0]
      [COM]   [03] vtable[0x0089408C] = 0x0D002030 (AddAttachedSurface)
info: Win32Emu.Emulator[0]
      [COM]   [04] vtable[0x00894090] = 0x0D002040 (AddOverlayDirtyRect)
info: Win32Emu.Emulator[0]
      [COM]   [05] vtable[0x00894094] = 0x0D002050 (Blt)
info: Win32Emu.Emulator[0]
      [COM]   [06] vtable[0x00894098] = 0x0D002060 (BltBatch)
info: Win32Emu.Emulator[0]
      [COM]   [07] vtable[0x0089409C] = 0x0D002070 (BltFast)
info: Win32Emu.Emulator[0]
      [COM]   [08] vtable[0x008940A0] = 0x0D002080 (DeleteAttachedSurface)
info: Win32Emu.Emulator[0]
      [COM]   [09] vtable[0x008940A4] = 0x0D002090 (EnumAttachedSurfaces)
info: Win32Emu.Emulator[0]
      [COM]   [10] vtable[0x008940A8] = 0x0D0020A0 (EnumOverlayZOrders)
info: Win32Emu.Emulator[0]
      [COM]   [11] vtable[0x008940AC] = 0x0D0020B0 (Flip)
info: Win32Emu.Emulator[0]
      [COM]   [12] vtable[0x008940B0] = 0x0D0020C0 (GetAttachedSurface)
info: Win32Emu.Emulator[0]
      [COM]   [13] vtable[0x008940B4] = 0x0D0020D0 (GetBltStatus)
info: Win32Emu.Emulator[0]
      [COM]   [14] vtable[0x008940B8] = 0x0D0020E0 (GetCaps)
info: Win32Emu.Emulator[0]
      [DDraw] Creating 1 backbuffer(s) for primary surface
dbug: Win32Emu.Emulator[0]
      [COM] IDirectDrawSurface::QueryInterface -> 0x0D003000 (argBytes=12)
dbug: Win32Emu.Emulator[0]
      [COM] IDirectDrawSurface::AddRef -> 0x0D003010 (argBytes=4)
dbug: Win32Emu.Emulator[0]
      [COM] IDirectDrawSurface::Release -> 0x0D003020 (argBytes=4)
dbug: Win32Emu.Emulator[0]
      [COM] IDirectDrawSurface::AddAttachedSurface -> 0x0D003030 (argBytes=8)
dbug: Win32Emu.Emulator[0]
      [COM] IDirectDrawSurface::AddOverlayDirtyRect -> 0x0D003040 (argBytes=8)
dbug: Win32Emu.Emulator[0]
      [COM] IDirectDrawSurface::Blt -> 0x0D003050 (argBytes=24)
dbug: Win32Emu.Emulator[0]
      [COM] IDirectDrawSurface::BltBatch -> 0x0D003060 (argBytes=16)
dbug: Win32Emu.Emulator[0]
      [COM] IDirectDrawSurface::BltFast -> 0x0D003070 (argBytes=24)
dbug: Win32Emu.Emulator[0]
      [COM] IDirectDrawSurface::DeleteAttachedSurface -> 0x0D003080 (argBytes=12)
dbug: Win32Emu.Emulator[0]
      [COM] IDirectDrawSurface::EnumAttachedSurfaces -> 0x0D003090 (argBytes=12)
dbug: Win32Emu.Emulator[0]
      [COM] IDirectDrawSurface::EnumOverlayZOrders -> 0x0D0030A0 (argBytes=16)
dbug: Win32Emu.Emulator[0]
      [COM] IDirectDrawSurface::Flip -> 0x0D0030B0 (argBytes=12)
dbug: Win32Emu.Emulator[0]
      [COM] IDirectDrawSurface::GetAttachedSurface -> 0x0D0030C0 (argBytes=12)
dbug: Win32Emu.Emulator[0]
      [COM] IDirectDrawSurface::GetBltStatus -> 0x0D0030D0 (argBytes=8)
dbug: Win32Emu.Emulator[0]
      [COM] IDirectDrawSurface::GetCaps -> 0x0D0030E0 (argBytes=8)
dbug: Win32Emu.Emulator[0]
      [COM] IDirectDrawSurface::GetClipper -> 0x0D0030F0 (argBytes=8)
dbug: Win32Emu.Emulator[0]
      [COM] IDirectDrawSurface::GetColorKey -> 0x0D003100 (argBytes=12)
dbug: Win32Emu.Emulator[0]
      [COM] IDirectDrawSurface::GetDC -> 0x0D003110 (argBytes=8)
dbug: Win32Emu.Emulator[0]
      [COM] IDirectDrawSurface::GetFlipStatus -> 0x0D003120 (argBytes=8)
dbug: Win32Emu.Emulator[0]
      [COM] IDirectDrawSurface::GetOverlayPosition -> 0x0D003130 (argBytes=12)
dbug: Win32Emu.Emulator[0]
      [COM] IDirectDrawSurface::GetPalette -> 0x0D003140 (argBytes=8)
dbug: Win32Emu.Emulator[0]
      [COM] IDirectDrawSurface::GetPixelFormat -> 0x0D003150 (argBytes=8)
dbug: Win32Emu.Emulator[0]
      [COM] IDirectDrawSurface::GetSurfaceDesc -> 0x0D003160 (argBytes=8)
dbug: Win32Emu.Emulator[0]
      [COM] IDirectDrawSurface::Initialize -> 0x0D003170 (argBytes=12)
dbug: Win32Emu.Emulator[0]
      [COM] IDirectDrawSurface::IsLost -> 0x0D003180 (argBytes=4)
dbug: Win32Emu.Emulator[0]
      [COM] IDirectDrawSurface::Lock -> 0x0D003190 (argBytes=20)
dbug: Win32Emu.Emulator[0]
      [COM] IDirectDrawSurface::ReleaseDC -> 0x0D0031A0 (argBytes=8)
dbug: Win32Emu.Emulator[0]
      [COM] IDirectDrawSurface::Restore -> 0x0D0031B0 (argBytes=4)
dbug: Win32Emu.Emulator[0]
      [COM] IDirectDrawSurface::SetClipper -> 0x0D0031C0 (argBytes=8)
dbug: Win32Emu.Emulator[0]
      [COM] IDirectDrawSurface::SetColorKey -> 0x0D0031D0 (argBytes=12)
dbug: Win32Emu.Emulator[0]
      [COM] IDirectDrawSurface::SetOverlayPosition -> 0x0D0031E0 (argBytes=12)
dbug: Win32Emu.Emulator[0]
      [COM] IDirectDrawSurface::SetPalette -> 0x0D0031F0 (argBytes=8)
dbug: Win32Emu.Emulator[0]
      [COM] IDirectDrawSurface::Unlock -> 0x0D003200 (argBytes=8)
dbug: Win32Emu.Emulator[0]
      [COM] IDirectDrawSurface::UpdateOverlay -> 0x0D003210 (argBytes=24)
dbug: Win32Emu.Emulator[0]
      [COM] IDirectDrawSurface::UpdateOverlayDisplay -> 0x0D003220 (argBytes=8)
dbug: Win32Emu.Emulator[0]
      [COM] IDirectDrawSurface::UpdateOverlayZOrder -> 0x0D003230 (argBytes=12)
info: Win32Emu.Emulator[0]
      [COM] Created IDirectDrawSurface object at 0x00894110 (vtable at 0x00894120)
info: Win32Emu.Emulator[0]
      [COM] Verifying vtable at 0x00894120 with 36 methods:
info: Win32Emu.Emulator[0]
      [COM]   [00] vtable[0x00894120] = 0x0D003000 (QueryInterface)
info: Win32Emu.Emulator[0]
      [COM]   [01] vtable[0x00894124] = 0x0D003010 (AddRef)
info: Win32Emu.Emulator[0]
      [COM]   [02] vtable[0x00894128] = 0x0D003020 (Release)
info: Win32Emu.Emulator[0]
      [COM]   [03] vtable[0x0089412C] = 0x0D003030 (AddAttachedSurface)
info: Win32Emu.Emulator[0]
      [COM]   [04] vtable[0x00894130] = 0x0D003040 (AddOverlayDirtyRect)
info: Win32Emu.Emulator[0]
      [COM]   [05] vtable[0x00894134] = 0x0D003050 (Blt)
info: Win32Emu.Emulator[0]
      [COM]   [06] vtable[0x00894138] = 0x0D003060 (BltBatch)
info: Win32Emu.Emulator[0]
      [COM]   [07] vtable[0x0089413C] = 0x0D003070 (BltFast)
info: Win32Emu.Emulator[0]
      [COM]   [08] vtable[0x00894140] = 0x0D003080 (DeleteAttachedSurface)
info: Win32Emu.Emulator[0]
      [COM]   [09] vtable[0x00894144] = 0x0D003090 (EnumAttachedSurfaces)
info: Win32Emu.Emulator[0]
      [COM]   [10] vtable[0x00894148] = 0x0D0030A0 (EnumOverlayZOrders)
info: Win32Emu.Emulator[0]
      [COM]   [11] vtable[0x0089414C] = 0x0D0030B0 (Flip)
info: Win32Emu.Emulator[0]
      [COM]   [12] vtable[0x00894150] = 0x0D0030C0 (GetAttachedSurface)
info: Win32Emu.Emulator[0]
      [COM]   [13] vtable[0x00894154] = 0x0D0030D0 (GetBltStatus)
info: Win32Emu.Emulator[0]
      [COM]   [14] vtable[0x00894158] = 0x0D0030E0 (GetCaps)
info: Win32Emu.Emulator[0]
      [DDraw] Created backbuffer 1 at surface handle 0x71000001, COM object at 0x00894110
info: Win32Emu.Emulator[0]
      [DDraw] Attached backbuffer 0x71000001 to primary surface 0x71000000 (COM=0x00894070), AttachedSurfaces.Count=1
dbug: Win32Emu.Emulator[0]
      [MemoryWrite] Write32 to .data section at 0x0043C914: 0x00894070
info: Win32Emu.Emulator[0]
      [DDraw] Created IDirectDrawSurface COM object at 0x00894070 for surface 0x71000000
dbug: Win32Emu.Emulator[0]
      [COM] IDirectDraw::CreateSurface async handler completed successfully
info: Win32Emu.Emulator[0]
      [COM] IDirectDraw::CreateSurface returned 0x00000000 (argBytes=16)
dbug: Win32Emu.Emulator[0]
      [COM] Register state after IDirectDraw::CreateSurface: EIP=0x0D001060, ESP=0x001FEE54, EBP=0x0F000060, EBX=0x00894010, ESI=0x0F0000D0, EDI=0x001FEEA4
info: Win32Emu.Emulator[0]
      [COM vtable] Return address from stack: ESP=0x001FEE54, retEIP=0x0040556F
info: Win32Emu.Emulator[0]
      [COM vtable] Stack state before cleanup:
        [ESP+00] = 0x001FEE54: 0x0040556F (return addr)
        [ESP+04] = 0x001FEE58: 0x00894000 (arg1)
        [ESP+08] = 0x001FEE5C: 0x001FEEA0 (arg2)
        [ESP+12] = 0x001FEE60: 0x0043C914 (arg3)
        [ESP+16] = 0x001FEE64: 0x00000000 (arg4)
        [ESP+20] = 0x001FEE68: 0x0F000060
      
info: Win32Emu.Emulator[0]
      [COM vtable] Stack cleanup: ESP=0x001FEE54, retEIP=0x0040556F, argBytes=16, new ESP=0x001FEE68
dbug: Win32Emu.Emulator[0]
      [RegisterValidation] After COM vtable: EBX=00894010 (saved=00894010, preserved=True), ESI=0F0000D0 (saved=0F0000D0, preserved=True), EDI=001FEEA4 (saved=001FEEA4, preserved=True), EBP=0F000060 (saved=0F000060, preserved=True, valid=False, savedValid=False), ESP=001FEE68
info: Win32Emu.Emulator[0]
      [COM] Invoking vtable method (async fallback to sync): IDirectDrawSurface::GetAttachedSurface at address 0x0D0020C0
info: Win32Emu.Emulator[0]
      [DDraw COM] IDirectDrawSurface::GetAttachedSurface(this=0x00894070, lpDDSCaps=0x001FEE8C, lplp=0x001FEE78)
info: Win32Emu.Emulator[0]
      [DDraw] Found surface: Handle=0x71000000, ComAddr=0x00894070, IsPrimary=True, AttachedSurfaces.Count=1
info: Win32Emu.Emulator[0]
      [DDraw] Attached surfaces: 0x71000001
info: Win32Emu.Emulator[0]
      [DDraw] Requested surface caps: 0x00000004
info: Win32Emu.Emulator[0]
      [DDraw] Returning attached surface COM object at 0x00894110
dbug: Win32Emu.Emulator[0]
      [COM] IDirectDrawSurface::GetAttachedSurface handler completed successfully
info: Win32Emu.Emulator[0]
      [COM] IDirectDrawSurface::GetAttachedSurface returned 0x00000000 (argBytes=12)
info: Win32Emu.Emulator[0]
      [COM vtable] Return address from stack: ESP=0x001FEE58, retEIP=0x00405627
info: Win32Emu.Emulator[0]
      [COM vtable] Stack state before cleanup:
        [ESP+00] = 0x001FEE58: 0x00405627 (return addr)
        [ESP+04] = 0x001FEE5C: 0x00894070 (arg1)
        [ESP+08] = 0x001FEE60: 0x001FEE8C (arg2)
        [ESP+12] = 0x001FEE64: 0x001FEE78 (arg3)
        [ESP+16] = 0x001FEE68: 0x0F000060
        [ESP+20] = 0x001FEE6C: 0x00000000
      
info: Win32Emu.Emulator[0]
      [COM vtable] Stack cleanup: ESP=0x001FEE58, retEIP=0x00405627, argBytes=12, new ESP=0x001FEE68
dbug: Win32Emu.Emulator[0]
      [RegisterValidation] After COM vtable: EBX=00000001 (saved=00000001, preserved=True), ESI=0043C824 (saved=0043C824, preserved=True), EDI=00000010 (saved=00000010, preserved=True), EBP=00000000 (saved=00000000, preserved=True, valid=False, savedValid=False), ESP=001FEE68
info: Win32Emu.Emulator[0]
      [COM] Invoking async vtable method: IDirectDraw::CreatePalette at address 0x0D001050
dbug: Win32Emu.Emulator[0]
      [COM] Register state before IDirectDraw::CreatePalette: EIP=0x0D001050, ESP=0x001FEE50, EBP=0x00000001, EBX=0x00894010, ESI=0x0043C854, EDI=0x00000010
info: Win32Emu.Emulator[0]
      [DDraw COM] IDirectDraw::CreatePalette(this=0x00894000, dwFlags=0x00000044, lpColorTable=0x0043EB78, lplpDDPalette=0x0043EF78, pUnkOuter=0x00000000)
dbug: Win32Emu.Emulator[0]
      [COM] IDirectDrawPalette::QueryInterface -> 0x0D004000 (argBytes=12)
dbug: Win32Emu.Emulator[0]
      [COM] IDirectDrawPalette::AddRef -> 0x0D004010 (argBytes=4)
dbug: Win32Emu.Emulator[0]
      [COM] IDirectDrawPalette::Release -> 0x0D004020 (argBytes=4)
dbug: Win32Emu.Emulator[0]
      [COM] IDirectDrawPalette::GetCaps -> 0x0D004030 (argBytes=8)
dbug: Win32Emu.Emulator[0]
      [COM] IDirectDrawPalette::GetEntries -> 0x0D004040 (argBytes=20)
dbug: Win32Emu.Emulator[0]
      [COM] IDirectDrawPalette::Initialize -> 0x0D004050 (argBytes=16)
dbug: Win32Emu.Emulator[0]
      [COM] IDirectDrawPalette::SetEntries -> 0x0D004060 (argBytes=20)
info: Win32Emu.Emulator[0]
      [COM] Created IDirectDrawPalette object at 0x008941B0 (vtable at 0x008941C0)
info: Win32Emu.Emulator[0]
      [COM] Verifying vtable at 0x008941C0 with 7 methods:
info: Win32Emu.Emulator[0]
      [COM]   [00] vtable[0x008941C0] = 0x0D004000 (QueryInterface)
info: Win32Emu.Emulator[0]
      [COM]   [01] vtable[0x008941C4] = 0x0D004010 (AddRef)
info: Win32Emu.Emulator[0]
      [COM]   [02] vtable[0x008941C8] = 0x0D004020 (Release)
info: Win32Emu.Emulator[0]
      [COM]   [03] vtable[0x008941CC] = 0x0D004030 (GetCaps)
info: Win32Emu.Emulator[0]
      [COM]   [04] vtable[0x008941D0] = 0x0D004040 (GetEntries)
info: Win32Emu.Emulator[0]
      [COM]   [05] vtable[0x008941D4] = 0x0D004050 (Initialize)
info: Win32Emu.Emulator[0]
      [COM]   [06] vtable[0x008941D8] = 0x0D004060 (SetEntries)
dbug: Win32Emu.Emulator[0]
      [MemoryWrite] Write32 to .data section at 0x0043EF78: 0x008941B0
info: Win32Emu.Emulator[0]
      [DDraw] Created IDirectDrawPalette COM object at 0x008941B0 for palette 0x72000000
dbug: Win32Emu.Emulator[0]
      [COM] IDirectDraw::CreatePalette async handler completed successfully
info: Win32Emu.Emulator[0]
      [COM] IDirectDraw::CreatePalette returned 0x00000000 (argBytes=20)
dbug: Win32Emu.Emulator[0]
      [COM] Register state after IDirectDraw::CreatePalette: EIP=0x0D001050, ESP=0x001FEE50, EBP=0x00000001, EBX=0x00894010, ESI=0x0043C854, EDI=0x00000010
info: Win32Emu.Emulator[0]
      [COM vtable] Return address from stack: ESP=0x001FEE50, retEIP=0x004056E5
info: Win32Emu.Emulator[0]
      [COM vtable] Stack state before cleanup:
        [ESP+00] = 0x001FEE50: 0x004056E5 (return addr)
        [ESP+04] = 0x001FEE54: 0x00894000 (arg1)
        [ESP+08] = 0x001FEE58: 0x00000044 (arg2)
        [ESP+12] = 0x001FEE5C: 0x0043EB78 (arg3)
        [ESP+16] = 0x001FEE60: 0x0043EF78 (arg4)
        [ESP+20] = 0x001FEE64: 0x00000000 (arg5)
      
info: Win32Emu.Emulator[0]
      [COM vtable] Stack cleanup: ESP=0x001FEE50, retEIP=0x004056E5, argBytes=20, new ESP=0x001FEE68
dbug: Win32Emu.Emulator[0]
      [RegisterValidation] After COM vtable: EBX=00894010 (saved=00894010, preserved=True), ESI=0043C854 (saved=0043C854, preserved=True), EDI=00000010 (saved=00000010, preserved=True), EBP=00000001 (saved=00000001, preserved=True, valid=False, savedValid=False), ESP=001FEE68
info: Win32Emu.Emulator[0]
      [COM] Invoking vtable method (async fallback to sync): IDirectDrawSurface::SetPalette at address 0x0D0021F0
info: Win32Emu.Emulator[0]
      [DDraw COM] IDirectDrawSurface::SetPalette(this=0x00894070, lpDDPalette=0x008941B0)
info: Win32Emu.Emulator[0]
      [DDraw] Surface 0x71000000 palette set to 0x72000000
dbug: Win32Emu.Emulator[0]
      [COM] IDirectDrawSurface::SetPalette handler completed successfully
info: Win32Emu.Emulator[0]
      [COM] IDirectDrawSurface::SetPalette returned 0x00000000 (argBytes=8)
info: Win32Emu.Emulator[0]
      [COM vtable] Return address from stack: ESP=0x001FEE5C, retEIP=0x004058C3
info: Win32Emu.Emulator[0]
      [COM vtable] Stack state before cleanup:
        [ESP+00] = 0x001FEE5C: 0x004058C3 (return addr)
        [ESP+04] = 0x001FEE60: 0x00894070 (arg1)
        [ESP+08] = 0x001FEE64: 0x008941B0 (arg2)
        [ESP+12] = 0x001FEE68: 0x0F000060
        [ESP+16] = 0x001FEE6C: 0x00000000
        [ESP+20] = 0x001FEE70: 0x00000000
      
info: Win32Emu.Emulator[0]
      [COM vtable] Stack cleanup: ESP=0x001FEE5C, retEIP=0x004058C3, argBytes=8, new ESP=0x001FEE68
dbug: Win32Emu.Emulator[0]
      [RegisterValidation] After COM vtable: EBX=00894010 (saved=00894010, preserved=True), ESI=0043C854 (saved=0043C854, preserved=True), EDI=00000010 (saved=00000010, preserved=True), EBP=00000001 (saved=00000001, preserved=True, valid=False, savedValid=False), ESP=001FEE68
info: Win32Emu.Emulator[0]
      [COM] Invoking vtable method (async fallback to sync): IDirectDrawSurface::IsLost at address 0x0D002180
info: Win32Emu.Emulator[0]
      [DDraw COM] IDirectDrawSurface::IsLost(this=0x00894070)
dbug: Win32Emu.Emulator[0]
      [COM] IDirectDrawSurface::IsLost handler completed successfully
info: Win32Emu.Emulator[0]
      [COM] IDirectDrawSurface::IsLost returned 0x00000000 (argBytes=4)
info: Win32Emu.Emulator[0]
      [COM vtable] Return address from stack: ESP=0x001FEE50, retEIP=0x0040626D
info: Win32Emu.Emulator[0]
      [COM vtable] Stack state before cleanup:
        [ESP+00] = 0x001FEE50: 0x0040626D (return addr)
        [ESP+04] = 0x001FEE54: 0x00894070 (arg1)
        [ESP+08] = 0x001FEE58: 0x00000010
        [ESP+12] = 0x001FEE5C: 0x0043C854
        [ESP+16] = 0x001FEE60: 0x00894010
        [ESP+20] = 0x001FEE64: 0x004058D9
      
info: Win32Emu.Emulator[0]
      [COM vtable] Stack cleanup: ESP=0x001FEE50, retEIP=0x0040626D, argBytes=4, new ESP=0x001FEE58
dbug: Win32Emu.Emulator[0]
      [RegisterValidation] After COM vtable: EBX=00894080 (saved=00894080, preserved=True), ESI=00000001 (saved=00000001, preserved=True), EDI=00000000 (saved=00000000, preserved=True), EBP=00000001 (saved=00000001, preserved=True, valid=False, savedValid=False), ESP=001FEE58
info: Win32Emu.Emulator[0]
      [COM] Invoking vtable method (async fallback to sync): IDirectDrawSurface::IsLost at address 0x0D003180
info: Win32Emu.Emulator[0]
      [DDraw COM] IDirectDrawSurface::IsLost(this=0x00894110)
dbug: Win32Emu.Emulator[0]
      [COM] IDirectDrawSurface::IsLost handler completed successfully
info: Win32Emu.Emulator[0]
      [COM] IDirectDrawSurface::IsLost returned 0x00000000 (argBytes=4)
info: Win32Emu.Emulator[0]
      [COM vtable] Return address from stack: ESP=0x001FEE50, retEIP=0x0040629E
info: Win32Emu.Emulator[0]
      [COM vtable] Stack state before cleanup:
        [ESP+00] = 0x001FEE50: 0x0040629E (return addr)
        [ESP+04] = 0x001FEE54: 0x00894110 (arg1)
        [ESP+08] = 0x001FEE58: 0x00000010
        [ESP+12] = 0x001FEE5C: 0x0043C854
        [ESP+16] = 0x001FEE60: 0x00894010
        [ESP+20] = 0x001FEE64: 0x004058D9
      
info: Win32Emu.Emulator[0]
      [COM vtable] Stack cleanup: ESP=0x001FEE50, retEIP=0x0040629E, argBytes=4, new ESP=0x001FEE58
dbug: Win32Emu.Emulator[0]
      [RegisterValidation] After COM vtable: EBX=00000001 (saved=00000001, preserved=True), ESI=0043C824 (saved=0043C824, preserved=True), EDI=00000000 (saved=00000000, preserved=True), EBP=00000001 (saved=00000001, preserved=True, valid=False, savedValid=False), ESP=001FEE58
info: Win32Emu.Emulator[0]
      [Import] Direct call to USER32.DLL!ShowWindow at 0x0F000150
info: Win32Emu.Emulator[0]
      Dispatching USER32.DLL!ShowWindow at EIP=0x0F000150 ESP=0x001FEE5C stack=E7 58 40 00 00 00 01 00 05 00 00 00 60 00 00 0F
info: Win32Emu.Emulator[0]
      [User32] ShowWindow: HWND=0x00010000 nCmdShow=5
info: Win32Emu.Emulator[0]
      [User32] ShowWindow: Window 0x00010000 is now visible
dbug: Win32Emu.Emulator[0]
      [ProcessEnv] SendMessageToWindow: sending MSG=0x0018 to HWND=0x00010000
info: Win32Emu.Emulator[0]
      [User32] SendMessageA: HWND=0x00010000 MSG=0x0018 wParam=0x00000001 lParam=0x00000000
info: Win32Emu.Emulator[0]
      [User32] SendMessageA: Found WndProc=0x00403340 for HWND=0x00010000
info: Win32Emu.Emulator[0]
      [User32] CallWindowProcedureAsync: Calling 0x00403340 with HWND=0x00010000 MSG=0x0018
info: Win32Emu.Emulator[0]
      [JitCpu] Compiling block at EIP=0x00455300 using RTL pipeline
info: Win32Emu.Emulator[0]
      [RtlJitCache] Compiling block at 0x00455300 (28 instructions)
warn: Win32Emu.Emulator[0]
      [X86ToRtl] Unsupported instruction: Loopne at 0x455318
warn: Win32Emu.Emulator[0]
      [X86ToRtl] Unsupported instruction: Sldt at 0x45531F
warn: Win32Emu.Emulator[0]
      [X86ToRtl] Unsupported instruction: INVALID at 0x455333
warn: Win32Emu.Emulator[0]
      [X86ToRtl] Unsupported instruction: Pushad at 0x455338
warn: Win32Emu.Emulator[0]
      [X86ToRtl] Unsupported instruction: Pshufw at 0x45533B
info: Win32Emu.Emulator[0]
      [RtlJitCache] Saved C# source to /home/runner/work/Win32Emu/Win32Emu/.jitcache/Source/JitBlock_25f755b8_00455300.cs
fail: Win32Emu.Emulator[0]
      [RtlJitCache] Compilation failed:
      (35,25): error CS0103: The name 'CL' does not exist in the current context
      (36,13): error CS0103: The name 'AL' does not exist in the current context
      (37,26): error CS0103: The name 'AL' does not exist in the current context
      (39,26): error CS0103: The name 'AL' does not exist in the current context
      (40,13): error CS0103: The name 'AL' does not exist in the current context
      (41,25): error CS0103: The name 'CL' does not exist in the current context
      (43,18): error CS0019: Operator '<<' cannot be applied to operands of type 'uint' and 'uint'
      (44,18): error CS0019: Operator '>>' cannot be applied to operands of type 'uint' and 'uint'
      (46,25): error CS0103: The name 'CL' does not exist in the current context
      (47,25): error CS0103: The name 'CL' does not exist in the current context
      (48,26): error CS0103: The name 'AL' does not exist in the current context
      (49,25): error CS0103: The name 'CL' does not exist in the current context
      (50,25): error CS0103: The name 'AL' does not exist in the current context
      (51,25): error CS0103: The name 'CL' does not exist in the current context
      (52,25): error CS0103: The name 'AL' does not exist in the current context
      (53,25): error CS0103: The name 'CL' does not exist in the current context
      (54,25): error CS0103: The name 'AL' does not exist in the current context
      (55,25): error CS0103: The name 'CL' does not exist in the current context
      (58,25): error CS0103: The name 'CL' does not exist in the current context
fail: Win32Emu.Emulator[0]
      [User32] CallWindowProcedureAsync: Exception during execution: C# compilation failed: (35,25): error CS0103: The name 'CL' does not exist in the current context
      (36,13): error CS0103: The name 'AL' does not exist in the current context
      (37,26): error CS0103: The name 'AL' does not exist in the current context
      (39,26): error CS0103: The name 'AL' does not exist in the current context
      (40,13): error CS0103: The name 'AL' does not exist in the current context
      (41,25): error CS0103: The name 'CL' does not exist in the current context
      (43,18): error CS0019: Operator '<<' cannot be applied to operands of type 'uint' and 'uint'
      (44,18): error CS0019: Operator '>>' cannot be applied to operands of type 'uint' and 'uint'
      (46,25): error CS0103: The name 'CL' does not exist in the current context
      (47,25): error CS0103: The name 'CL' does not exist in the current context
      (48,26): error CS0103: The name 'AL' does not exist in the current context
      (49,25): error CS0103: The name 'CL' does not exist in the current context
      (50,25): error CS0103: The name 'AL' does not exist in the current context
      (51,25): error CS0103: The name 'CL' does not exist in the current context
      (52,25): error CS0103: The name 'AL' does not exist in the current context
      (53,25): error CS0103: The name 'CL' does not exist in the current context
      (54,25): error CS0103: The name 'AL' does not exist in the current context
      (55,25): error CS0103: The name 'CL' does not exist in the current context
      (58,25): error CS0103: The name 'CL' does not exist in the current context
      System.InvalidOperationException: C# compilation failed: (35,25): error CS0103: The name 'CL' does not exist in the current context
      (36,13): error CS0103: The name 'AL' does not exist in the current context
      (37,26): error CS0103: The name 'AL' does not exist in the current context
      (39,26): error CS0103: The name 'AL' does not exist in the current context
      (40,13): error CS0103: The name 'AL' does not exist in the current context
      (41,25): error CS0103: The name 'CL' does not exist in the current context
      (43,18): error CS0019: Operator '<<' cannot be applied to operands of type 'uint' and 'uint'
      (44,18): error CS0019: Operator '>>' cannot be applied to operands of type 'uint' and 'uint'
      (46,25): error CS0103: The name 'CL' does not exist in the current context
      (47,25): error CS0103: The name 'CL' does not exist in the current context
      (48,26): error CS0103: The name 'AL' does not exist in the current context
      (49,25): error CS0103: The name 'CL' does not exist in the current context
      (50,25): error CS0103: The name 'AL' does not exist in the current context
      (51,25): error CS0103: The name 'CL' does not exist in the current context
      (52,25): error CS0103: The name 'AL' does not exist in the current context
      (53,25): error CS0103: The name 'CL' does not exist in the current context
      (54,25): error CS0103: The name 'AL' does not exist in the current context
      (55,25): error CS0103: The name 'CL' does not exist in the current context
      (58,25): error CS0103: The name 'CL' does not exist in the current context
         at Win32Emu.Rtl.RtlJitCache.CompileCSharpToAssembly(String csharpCode, String assemblyName) in /home/runner/work/Win32Emu/Win32Emu/Win32Emu.Rtl/RtlJitCache.cs:line 179
         at Win32Emu.Rtl.RtlJitCache.CompileBlockAsync(UInt32 startAddress, List`1 instructions) in /home/runner/work/Win32Emu/Win32Emu/Win32Emu.Rtl/RtlJitCache.cs:line 105
         at Win32Emu.Rtl.RtlJitCache.CompileBlock(UInt32 startAddress, List`1 instructions) in /home/runner/work/Win32Emu/Win32Emu/Win32Emu.Rtl/RtlJitCache.cs:line 132
         at Win32Emu.Cpu.Jit.JitCpu.CompileBlock(UInt32 startEip, VirtualMemory mem) in /home/runner/work/Win32Emu/Win32Emu/Win32Emu/Cpu/Jit/JitCpu.cs:line 1671
         at Win32Emu.Cpu.Jit.JitCpu.ExecuteBlockAsync(VirtualMemory mem) in /home/runner/work/Win32Emu/Win32Emu/Win32Emu/Cpu/Jit/JitCpu.cs:line 437
         at Win32Emu.Cpu.CpuHelpers.ExecuteAsync(ICpu cpu, VirtualMemory memory) in /home/runner/work/Win32Emu/Win32Emu/Win32Emu/Cpu/CpuHelpers.cs:line 53
         at Win32Emu.Win32.Modules.User32Module.ExecuteStdCallProcedureAsync(ICpu cpu, VirtualMemory memory, UInt32 procedureAddress, UInt32[] parameters, String contextName, CancellationToken cancellationToken) in /home/runner/work/Win32Emu/Win32Emu/Win32Emu/Win32/Modules/User32Module.cs:line 2920
info: Win32Emu.Emulator[0]
      [User32] CallWindowProcedureAsync: Completed with return value 0x00000000, timedOut=False, cancelled=False, failed=True
info: Win32Emu.Emulator[0]
      [User32] SendMessageA: WndProc returned 0x00000000
dbug: Win32Emu.Emulator[0]
      [ProcessEnv] SendMessageToWindow: WndProc returned 0x00000000
dbug: Win32Emu.Emulator[0]
      [User32] ShowWindow: Sent WM_SHOWWINDOW to window 0x00010000
dbug: Win32Emu.Emulator[0]
      [ProcessEnv] SendMessageToWindow: sending MSG=0x001C to HWND=0x00010000
info: Win32Emu.Emulator[0]
      [User32] SendMessageA: HWND=0x00010000 MSG=0x001C wParam=0x00000001 lParam=0x00000000
info: Win32Emu.Emulator[0]
      [User32] SendMessageA: Found WndProc=0x00403340 for HWND=0x00010000
info: Win32Emu.Emulator[0]
      [User32] CallWindowProcedureAsync: Calling 0x00403340 with HWND=0x00010000 MSG=0x001C
info: Win32Emu.Emulator[0]
      [JitCpu] Compiling block at EIP=0x00455300 using RTL pipeline
info: Win32Emu.Emulator[0]
      [RtlJitCache] Compiling block at 0x00455300 (28 instructions)
warn: Win32Emu.Emulator[0]
      [X86ToRtl] Unsupported instruction: Loopne at 0x455318
warn: Win32Emu.Emulator[0]
      [X86ToRtl] Unsupported instruction: Sldt at 0x45531F
warn: Win32Emu.Emulator[0]
      [X86ToRtl] Unsupported instruction: INVALID at 0x455333
warn: Win32Emu.Emulator[0]
      [X86ToRtl] Unsupported instruction: Pushad at 0x455338
warn: Win32Emu.Emulator[0]
      [X86ToRtl] Unsupported instruction: Pshufw at 0x45533B
info: Win32Emu.Emulator[0]
      [RtlJitCache] Saved C# source to /home/runner/work/Win32Emu/Win32Emu/.jitcache/Source/JitBlock_25f755b8_00455300.cs
fail: Win32Emu.Emulator[0]
      [RtlJitCache] Compilation failed:
      (35,25): error CS0103: The name 'CL' does not exist in the current context
      (36,13): error CS0103: The name 'AL' does not exist in the current context
      (37,26): error CS0103: The name 'AL' does not exist in the current context
      (39,26): error CS0103: The name 'AL' does not exist in the current context
      (40,13): error CS0103: The name 'AL' does not exist in the current context
      (41,25): error CS0103: The name 'CL' does not exist in the current context
      (43,18): error CS0019: Operator '<<' cannot be applied to operands of type 'uint' and 'uint'
      (44,18): error CS0019: Operator '>>' cannot be applied to operands of type 'uint' and 'uint'
      (46,25): error CS0103: The name 'CL' does not exist in the current context
      (47,25): error CS0103: The name 'CL' does not exist in the current context
      (48,26): error CS0103: The name 'AL' does not exist in the current context
      (49,25): error CS0103: The name 'CL' does not exist in the current context
      (50,25): error CS0103: The name 'AL' does not exist in the current context
      (51,25): error CS0103: The name 'CL' does not exist in the current context
      (52,25): error CS0103: The name 'AL' does not exist in the current context
      (53,25): error CS0103: The name 'CL' does not exist in the current context
      (54,25): error CS0103: The name 'AL' does not exist in the current context
      (55,25): error CS0103: The name 'CL' does not exist in the current context
      (58,25): error CS0103: The name 'CL' does not exist in the current context
fail: Win32Emu.Emulator[0]
      [User32] CallWindowProcedureAsync: Exception during execution: C# compilation failed: (35,25): error CS0103: The name 'CL' does not exist in the current context
      (36,13): error CS0103: The name 'AL' does not exist in the current context
      (37,26): error CS0103: The name 'AL' does not exist in the current context
      (39,26): error CS0103: The name 'AL' does not exist in the current context
      (40,13): error CS0103: The name 'AL' does not exist in the current context
      (41,25): error CS0103: The name 'CL' does not exist in the current context
      (43,18): error CS0019: Operator '<<' cannot be applied to operands of type 'uint' and 'uint'
      (44,18): error CS0019: Operator '>>' cannot be applied to operands of type 'uint' and 'uint'
      (46,25): error CS0103: The name 'CL' does not exist in the current context
      (47,25): error CS0103: The name 'CL' does not exist in the current context
      (48,26): error CS0103: The name 'AL' does not exist in the current context
      (49,25): error CS0103: The name 'CL' does not exist in the current context
      (50,25): error CS0103: The name 'AL' does not exist in the current context
      (51,25): error CS0103: The name 'CL' does not exist in the current context
      (52,25): error CS0103: The name 'AL' does not exist in the current context
      (53,25): error CS0103: The name 'CL' does not exist in the current context
      (54,25): error CS0103: The name 'AL' does not exist in the current context
      (55,25): error CS0103: The name 'CL' does not exist in the current context
      (58,25): error CS0103: The name 'CL' does not exist in the current context
      System.InvalidOperationException: C# compilation failed: (35,25): error CS0103: The name 'CL' does not exist in the current context
      (36,13): error CS0103: The name 'AL' does not exist in the current context
      (37,26): error CS0103: The name 'AL' does not exist in the current context
      (39,26): error CS0103: The name 'AL' does not exist in the current context
      (40,13): error CS0103: The name 'AL' does not exist in the current context
      (41,25): error CS0103: The name 'CL' does not exist in the current context
      (43,18): error CS0019: Operator '<<' cannot be applied to operands of type 'uint' and 'uint'
      (44,18): error CS0019: Operator '>>' cannot be applied to operands of type 'uint' and 'uint'
      (46,25): error CS0103: The name 'CL' does not exist in the current context
      (47,25): error CS0103: The name 'CL' does not exist in the current context
      (48,26): error CS0103: The name 'AL' does not exist in the current context
      (49,25): error CS0103: The name 'CL' does not exist in the current context
      (50,25): error CS0103: The name 'AL' does not exist in the current context
      (51,25): error CS0103: The name 'CL' does not exist in the current context
      (52,25): error CS0103: The name 'AL' does not exist in the current context
      (53,25): error CS0103: The name 'CL' does not exist in the current context
      (54,25): error CS0103: The name 'AL' does not exist in the current context
      (55,25): error CS0103: The name 'CL' does not exist in the current context
      (58,25): error CS0103: The name 'CL' does not exist in the current context
         at Win32Emu.Rtl.RtlJitCache.CompileCSharpToAssembly(String csharpCode, String assemblyName) in /home/runner/work/Win32Emu/Win32Emu/Win32Emu.Rtl/RtlJitCache.cs:line 179
         at Win32Emu.Rtl.RtlJitCache.CompileBlockAsync(UInt32 startAddress, List`1 instructions) in /home/runner/work/Win32Emu/Win32Emu/Win32Emu.Rtl/RtlJitCache.cs:line 105
         at Win32Emu.Rtl.RtlJitCache.CompileBlock(UInt32 startAddress, List`1 instructions) in /home/runner/work/Win32Emu/Win32Emu/Win32Emu.Rtl/RtlJitCache.cs:line 132
         at Win32Emu.Cpu.Jit.JitCpu.CompileBlock(UInt32 startEip, VirtualMemory mem) in /home/runner/work/Win32Emu/Win32Emu/Win32Emu/Cpu/Jit/JitCpu.cs:line 1671
         at Win32Emu.Cpu.Jit.JitCpu.ExecuteBlockAsync(VirtualMemory mem) in /home/runner/work/Win32Emu/Win32Emu/Win32Emu/Cpu/Jit/JitCpu.cs:line 437
         at Win32Emu.Cpu.CpuHelpers.ExecuteAsync(ICpu cpu, VirtualMemory memory) in /home/runner/work/Win32Emu/Win32Emu/Win32Emu/Cpu/CpuHelpers.cs:line 53
         at Win32Emu.Win32.Modules.User32Module.ExecuteStdCallProcedureAsync(ICpu cpu, VirtualMemory memory, UInt32 procedureAddress, UInt32[] parameters, String contextName, CancellationToken cancellationToken) in /home/runner/work/Win32Emu/Win32Emu/Win32Emu/Win32/Modules/User32Module.cs:line 2920
info: Win32Emu.Emulator[0]
      [User32] CallWindowProcedureAsync: Completed with return value 0x00000000, timedOut=False, cancelled=False, failed=True
info: Win32Emu.Emulator[0]
      [User32] SendMessageA: WndProc returned 0x00000000
dbug: Win32Emu.Emulator[0]
      [ProcessEnv] SendMessageToWindow: WndProc returned 0x00000000
dbug: Win32Emu.Emulator[0]
      [User32] ShowWindow: Sent WM_ACTIVATEAPP to window 0x00010000
dbug: Win32Emu.Emulator[0]
      [ProcessEnv] SetWindowProperty: HWND=0x00010000 index=-16 value=0x90080000
info: Win32Emu.Emulator[0]
      [Dispatcher] USER32.DLL!ShowWindow returned 0x00000000, argBytes=8, convention=Stdcall
info: Win32Emu.Emulator[0]
      [Import USER32.DLL!ShowWindow] Return address from stack: ESP=0x001FEE5C, retEIP=0x004058E7
info: Win32Emu.Emulator[0]
      [Import USER32.DLL!ShowWindow] Stack state before cleanup:
        [ESP+00] = 0x001FEE5C: 0x004058E7 (return addr)
        [ESP+04] = 0x001FEE60: 0x00010000 (arg1)
        [ESP+08] = 0x001FEE64: 0x00000005 (arg2)
        [ESP+12] = 0x001FEE68: 0x0F000060
        [ESP+16] = 0x001FEE6C: 0x00000000
        [ESP+20] = 0x001FEE70: 0x00000000
      
info: Win32Emu.Emulator[0]
      [Import USER32.DLL!ShowWindow] Stack cleanup: ESP=0x001FEE5C, retEIP=0x004058E7, argBytes=8, new ESP=0x001FEE68
dbug: Win32Emu.Emulator[0]
      [RegisterValidation] After Import USER32.DLL!ShowWindow: EBX=00894010 (saved=00894010, preserved=True), ESI=0043C854 (saved=0043C854, preserved=True), EDI=00000010 (saved=00000010, preserved=True), EBP=00000001 (saved=00000001, preserved=True, valid=False, savedValid=False), ESP=001FEE68
dbug: Win32Emu.Emulator[0]
      [Import] Successfully invoked USER32.DLL!ShowWindow
dbug: Win32Emu.Emulator[0]
      
      [Debug] *** CPU TRYING TO EXECUTE SYNTHETIC IMPORT ADDRESS! ***
dbug: Win32Emu.Emulator[0]
      [Debug] EIP=0x0F000220 at instruction 161319
dbug: Win32Emu.Emulator[0]
      [Debug] This is import: DINPUT.DLL!DirectInputCreateA
dbug: Win32Emu.Emulator[0]
      [Debug] This should now execute an INT3 stub that will be handled as an import call
dbug: Win32Emu.Emulator[0]
      [Syscall] Advanced EIP past INT 0x80: 0x0E000000 -> 0x0E000002
info: Win32Emu.Emulator[0]
      [Syscall] DINPUT.DLL!DirectInputCreateA from stub at 0x0F000220
info: Win32Emu.Emulator[0]
      [Syscall] BEFORE API: Return address at 0x001FEED4 = 0x0040474F
info: Win32Emu.Emulator[0]
      Dispatching async DINPUT.DLL!DirectInputCreateA at EIP=0x0E000002 ESP=0x001FEED4 stack=4F 47 40 00 00 00 40 00 00 03 00 00 B0 CE 43 00
info: Win32Emu.Emulator[0]
      [DInput] DirectInputCreateA(hinst=0x00400000, dwVersion=0x00000300, lplpDirectInput=0x0043CEB0, pUnkOuter=0x00000000)
info: Win32Emu.Emulator[0]
      [SilkInput] Input subsystem initialized
info: Win32Emu.Emulator[0]
      [DInput] Input backend initialized successfully
dbug: Win32Emu.Emulator[0]
      [COM] IDirectInput::QueryInterface -> 0x0D005000 (argBytes=12)
dbug: Win32Emu.Emulator[0]
      [COM] IDirectInput::AddRef -> 0x0D005010 (argBytes=4)
dbug: Win32Emu.Emulator[0]
      [COM] IDirectInput::Release -> 0x0D005020 (argBytes=4)
dbug: Win32Emu.Emulator[0]
      [COM] IDirectInput::CreateDevice -> 0x0D005030 (argBytes=16)
dbug: Win32Emu.Emulator[0]
      [COM] IDirectInput::EnumDevices -> 0x0D005040 (argBytes=20)
dbug: Win32Emu.Emulator[0]
      [COM] IDirectInput::GetDeviceStatus -> 0x0D005050 (argBytes=8)
dbug: Win32Emu.Emulator[0]
      [COM] IDirectInput::RunControlPanel -> 0x0D005060 (argBytes=12)
dbug: Win32Emu.Emulator[0]
      [COM] IDirectInput::Initialize -> 0x0D005070 (argBytes=12)
info: Win32Emu.Emulator[0]
      [COM] Created IDirectInput object at 0x008941E0 (vtable at 0x008941F0)
info: Win32Emu.Emulator[0]
      [COM] Verifying vtable at 0x008941F0 with 8 methods:
info: Win32Emu.Emulator[0]
      [COM]   [00] vtable[0x008941F0] = 0x0D005000 (QueryInterface)
info: Win32Emu.Emulator[0]
      [COM]   [01] vtable[0x008941F4] = 0x0D005010 (AddRef)
info: Win32Emu.Emulator[0]
      [COM]   [02] vtable[0x008941F8] = 0x0D005020 (Release)
info: Win32Emu.Emulator[0]
      [COM]   [03] vtable[0x008941FC] = 0x0D005030 (CreateDevice)
info: Win32Emu.Emulator[0]
      [COM]   [04] vtable[0x00894200] = 0x0D005040 (EnumDevices)
info: Win32Emu.Emulator[0]
      [COM]   [05] vtable[0x00894204] = 0x0D005050 (GetDeviceStatus)
info: Win32Emu.Emulator[0]
      [COM]   [06] vtable[0x00894208] = 0x0D005060 (RunControlPanel)
info: Win32Emu.Emulator[0]
      [COM]   [07] vtable[0x0089420C] = 0x0D005070 (Initialize)
info: Win32Emu.Emulator[0]
      [DInput] Writing COM object 0x008941E0 to address 0x0043CEB0
dbug: Win32Emu.Emulator[0]
      [MemoryWrite] Write32 to .data section at 0x0043CEB0: 0x008941E0
info: Win32Emu.Emulator[0]
      [DInput] Verification: Read back 0x008941E0 from 0x0043CEB0 - SUCCESS
info: Win32Emu.Emulator[0]
      [DInput] Created IDirectInput COM object at 0x008941E0
info: Win32Emu.Emulator[0]
      [Dispatcher] Async DINPUT.DLL!DirectInputCreateA returned 0x00000000, argBytes=16
info: Win32Emu.Emulator[0]
      [Syscall] AFTER API: Return address at 0x001FEED4 = 0x0040474F
dbug: Win32Emu.Emulator[0]
      [RegisterValidation] After Syscall DINPUT.DLL!DirectInputCreateA: EBX=00000000 (saved=00000000, preserved=True), ESI=00000000 (saved=00000000, preserved=True), EDI=00000000 (saved=00000000, preserved=True), EBP=0F000060 (saved=0F000060, preserved=True, valid=False, savedValid=False), ESP=001FEED0
dbug: Win32Emu.Emulator[0]
      [Syscall] Returned 0x00000000, argBytes=16, calling convention=Stdcall, CPU will execute RET naturally
dbug: Win32Emu.Emulator[0]
      [Syscall] Patched RET at 0x0F000225 with argBytes=16 for Stdcall calling convention
dbug: Win32Emu.Emulator[0]
      [Syscall] CPU state after DINPUT.DLL!DirectInputCreateA: EAX=0x00000000 ESP=0x001FEED0
dbug: Win32Emu.Emulator[0]
      
      [Syscall] Stack validation after DINPUT.DLL!DirectInputCreateA:
        [ESP+-8] = 0x001FEEDC: 0x00000300
        [ESP+-4] = 0x001FEEE0: 0x0043CEB0
        [ESP++0] = 0x001FEEE4: 0x00000000 <-- Future ESP
        [ESP++4] = 0x001FEEE8: 0x00000000
        [ESP++8] = 0x001FEEEC: 0x00000014
        [ESP++12] = 0x001FEEF0: 0x00000010
        [ESP++16] = 0x001FEEF4: 0x00000000
dbug: Win32Emu.Emulator[0]
      
      [Debug] *** CPU TRYING TO EXECUTE SYNTHETIC IMPORT ADDRESS! ***
dbug: Win32Emu.Emulator[0]
      [Debug] EIP=0x0F000225 at instruction 161322
dbug: Win32Emu.Emulator[0]
      [Debug] This is import: DINPUT.DLL!DirectInputCreateA
dbug: Win32Emu.Emulator[0]
      [Debug] This should now execute an INT3 stub that will be handled as an import call
info: Win32Emu.Emulator[0]
      [COM] Invoking vtable method (async fallback to sync): IDirectInput::CreateDevice at address 0x0D005030
info: Win32Emu.Emulator[0]
      [DInput COM] IDirectInput::CreateDevice(this=0x008941E0, rguid=0x001FEF00, lplpDevice=0x0043D1BC, pUnkOuter=0x00000000)
dbug: Win32Emu.Emulator[0]
      [COM] IDirectInputDevice::QueryInterface -> 0x0D006000 (argBytes=12)
dbug: Win32Emu.Emulator[0]
      [COM] IDirectInputDevice::AddRef -> 0x0D006010 (argBytes=4)
dbug: Win32Emu.Emulator[0]
      [COM] IDirectInputDevice::Release -> 0x0D006020 (argBytes=4)
dbug: Win32Emu.Emulator[0]
      [COM] IDirectInputDevice::GetCapabilities -> 0x0D006030 (argBytes=8)
dbug: Win32Emu.Emulator[0]
      [COM] IDirectInputDevice::EnumObjects -> 0x0D006040 (argBytes=16)
dbug: Win32Emu.Emulator[0]
      [COM] IDirectInputDevice::GetProperty -> 0x0D006050 (argBytes=12)
dbug: Win32Emu.Emulator[0]
      [COM] IDirectInputDevice::SetProperty -> 0x0D006060 (argBytes=12)
dbug: Win32Emu.Emulator[0]
      [COM] IDirectInputDevice::Acquire -> 0x0D006070 (argBytes=4)
dbug: Win32Emu.Emulator[0]
      [COM] IDirectInputDevice::Unacquire -> 0x0D006080 (argBytes=4)
dbug: Win32Emu.Emulator[0]
      [COM] IDirectInputDevice::GetDeviceState -> 0x0D006090 (argBytes=12)
dbug: Win32Emu.Emulator[0]
      [COM] IDirectInputDevice::GetDeviceData -> 0x0D0060A0 (argBytes=20)
dbug: Win32Emu.Emulator[0]
      [COM] IDirectInputDevice::SetDataFormat -> 0x0D0060B0 (argBytes=8)
dbug: Win32Emu.Emulator[0]
      [COM] IDirectInputDevice::SetEventNotification -> 0x0D0060C0 (argBytes=8)
dbug: Win32Emu.Emulator[0]
      [COM] IDirectInputDevice::SetCooperativeLevel -> 0x0D0060D0 (argBytes=12)
dbug: Win32Emu.Emulator[0]
      [COM] IDirectInputDevice::GetObjectInfo -> 0x0D0060E0 (argBytes=16)
dbug: Win32Emu.Emulator[0]
      [COM] IDirectInputDevice::GetDeviceInfo -> 0x0D0060F0 (argBytes=8)
dbug: Win32Emu.Emulator[0]
      [COM] IDirectInputDevice::RunControlPanel -> 0x0D006100 (argBytes=12)
dbug: Win32Emu.Emulator[0]
      [COM] IDirectInputDevice::Initialize -> 0x0D006110 (argBytes=16)
info: Win32Emu.Emulator[0]
      [COM] Created IDirectInputDevice object at 0x00894210 (vtable at 0x00894220)
info: Win32Emu.Emulator[0]
      [COM] Verifying vtable at 0x00894220 with 18 methods:
info: Win32Emu.Emulator[0]
      [COM]   [00] vtable[0x00894220] = 0x0D006000 (QueryInterface)
info: Win32Emu.Emulator[0]
      [COM]   [01] vtable[0x00894224] = 0x0D006010 (AddRef)
info: Win32Emu.Emulator[0]
      [COM]   [02] vtable[0x00894228] = 0x0D006020 (Release)
info: Win32Emu.Emulator[0]
      [COM]   [03] vtable[0x0089422C] = 0x0D006030 (GetCapabilities)
info: Win32Emu.Emulator[0]
      [COM]   [04] vtable[0x00894230] = 0x0D006040 (EnumObjects)
info: Win32Emu.Emulator[0]
      [COM]   [05] vtable[0x00894234] = 0x0D006050 (GetProperty)
info: Win32Emu.Emulator[0]
      [COM]   [06] vtable[0x00894238] = 0x0D006060 (SetProperty)
info: Win32Emu.Emulator[0]
      [COM]   [07] vtable[0x0089423C] = 0x0D006070 (Acquire)
info: Win32Emu.Emulator[0]
      [COM]   [08] vtable[0x00894240] = 0x0D006080 (Unacquire)
info: Win32Emu.Emulator[0]
      [COM]   [09] vtable[0x00894244] = 0x0D006090 (GetDeviceState)
info: Win32Emu.Emulator[0]
      [COM]   [10] vtable[0x00894248] = 0x0D0060A0 (GetDeviceData)
info: Win32Emu.Emulator[0]
      [COM]   [11] vtable[0x0089424C] = 0x0D0060B0 (SetDataFormat)
info: Win32Emu.Emulator[0]
      [COM]   [12] vtable[0x00894250] = 0x0D0060C0 (SetEventNotification)
info: Win32Emu.Emulator[0]
      [COM]   [13] vtable[0x00894254] = 0x0D0060D0 (SetCooperativeLevel)
info: Win32Emu.Emulator[0]
      [COM]   [14] vtable[0x00894258] = 0x0D0060E0 (GetObjectInfo)
dbug: Win32Emu.Emulator[0]
      [MemoryWrite] Write32 to .data section at 0x0043D1BC: 0x00894210
info: Win32Emu.Emulator[0]
      [DInput COM] Created IDirectInputDevice COM object at 0x00894210
dbug: Win32Emu.Emulator[0]
      [COM] IDirectInput::CreateDevice handler completed successfully
info: Win32Emu.Emulator[0]
      [COM] IDirectInput::CreateDevice returned 0x00000000 (argBytes=16)
info: Win32Emu.Emulator[0]
      [COM vtable] Return address from stack: ESP=0x001FEED4, retEIP=0x00404772
info: Win32Emu.Emulator[0]
      [COM vtable] Stack state before cleanup:
        [ESP+00] = 0x001FEED4: 0x00404772 (return addr)
        [ESP+04] = 0x001FEED8: 0x008941E0 (arg1)
        [ESP+08] = 0x001FEEDC: 0x001FEF00 (arg2)
        [ESP+12] = 0x001FEEE0: 0x0043D1BC (arg3)
        [ESP+16] = 0x001FEEE4: 0x00000000 (arg4)
        [ESP+20] = 0x001FEEE8: 0x00000000
      
info: Win32Emu.Emulator[0]
      [COM vtable] Stack cleanup: ESP=0x001FEED4, retEIP=0x00404772, argBytes=16, new ESP=0x001FEEE8
dbug: Win32Emu.Emulator[0]
      [RegisterValidation] After COM vtable: EBX=00000000 (saved=00000000, preserved=True), ESI=00000000 (saved=00000000, preserved=True), EDI=00000000 (saved=00000000, preserved=True), EBP=0F000060 (saved=0F000060, preserved=True, valid=False, savedValid=False), ESP=001FEEE8
info: Win32Emu.Emulator[0]
      [COM] Invoking vtable method (async fallback to sync): IDirectInputDevice::SetDataFormat at address 0x0D0060B0
info: Win32Emu.Emulator[0]
      [DInput COM] IDirectInputDevice::SetDataFormat(this=0x00894210, lpdf=0x0040A480)
info: Win32Emu.Emulator[0]
      [DInput COM]   DIDATAFORMAT: size=24, objSize=16, flags=0x2, dataSize=256, numObjs=256, rgodf=0x00409480
dbug: Win32Emu.Emulator[0]
      [COM] IDirectInputDevice::SetDataFormat handler completed successfully
info: Win32Emu.Emulator[0]
      [COM] IDirectInputDevice::SetDataFormat returned 0x00000000 (argBytes=8)
info: Win32Emu.Emulator[0]
      [COM vtable] Return address from stack: ESP=0x001FEEDC, retEIP=0x0040478D
info: Win32Emu.Emulator[0]
      [COM vtable] Stack state before cleanup:
        [ESP+00] = 0x001FEEDC: 0x0040478D (return addr)
        [ESP+04] = 0x001FEEE0: 0x00894210 (arg1)
        [ESP+08] = 0x001FEEE4: 0x0040A480 (arg2)
        [ESP+12] = 0x001FEEE8: 0x00000000
        [ESP+16] = 0x001FEEEC: 0x00000014
        [ESP+20] = 0x001FEEF0: 0x00000010
      
info: Win32Emu.Emulator[0]
      [COM vtable] Stack cleanup: ESP=0x001FEEDC, retEIP=0x0040478D, argBytes=8, new ESP=0x001FEEE8
dbug: Win32Emu.Emulator[0]
      [RegisterValidation] After COM vtable: EBX=00000000 (saved=00000000, preserved=True), ESI=00000000 (saved=00000000, preserved=True), EDI=00000000 (saved=00000000, preserved=True), EBP=0F000060 (saved=0F000060, preserved=True, valid=False, savedValid=False), ESP=001FEEE8
info: Win32Emu.Emulator[0]
      [COM] Invoking vtable method (async fallback to sync): IDirectInputDevice::SetCooperativeLevel at address 0x0D0060D0
info: Win32Emu.Emulator[0]
      [DInput COM] IDirectInputDevice::SetCooperativeLevel(this=0x00894210, hwnd=0x00010000, flags=0x00000006)
info: Win32Emu.Emulator[0]
      [DInput COM]   Flags: DISCL_NONEXCLUSIVE | DISCL_FOREGROUND
dbug: Win32Emu.Emulator[0]
      [COM] IDirectInputDevice::SetCooperativeLevel handler completed successfully
info: Win32Emu.Emulator[0]
      [COM] IDirectInputDevice::SetCooperativeLevel returned 0x00000000 (argBytes=12)
info: Win32Emu.Emulator[0]
      [COM vtable] Return address from stack: ESP=0x001FEED8, retEIP=0x004047AC
info: Win32Emu.Emulator[0]
      [COM vtable] Stack state before cleanup:
        [ESP+00] = 0x001FEED8: 0x004047AC (return addr)
        [ESP+04] = 0x001FEEDC: 0x00894210 (arg1)
        [ESP+08] = 0x001FEEE0: 0x00010000 (arg2)
        [ESP+12] = 0x001FEEE4: 0x00000006 (arg3)
        [ESP+16] = 0x001FEEE8: 0x00000000
        [ESP+20] = 0x001FEEEC: 0x00000014
      
info: Win32Emu.Emulator[0]
      [COM vtable] Stack cleanup: ESP=0x001FEED8, retEIP=0x004047AC, argBytes=12, new ESP=0x001FEEE8
dbug: Win32Emu.Emulator[0]
      [RegisterValidation] After COM vtable: EBX=00000000 (saved=00000000, preserved=True), ESI=00000000 (saved=00000000, preserved=True), EDI=00000000 (saved=00000000, preserved=True), EBP=0F000060 (saved=0F000060, preserved=True, valid=False, savedValid=False), ESP=001FEEE8
info: Win32Emu.Emulator[0]
      [COM] Invoking vtable method (async fallback to sync): IDirectInputDevice::SetProperty at address 0x0D006060
info: Win32Emu.Emulator[0]
      [DInput COM] IDirectInputDevice::SetProperty(this=0x00894210, rguidProp=0x00000001, pdiph=0x001FEEEC)
info: Win32Emu.Emulator[0]
      [DInput COM]   DIPROPHEADER: size=20, headerSize=16, obj=0, how=0
info: Win32Emu.Emulator[0]
      [DInput COM]   Property value: 32
dbug: Win32Emu.Emulator[0]
      [COM] IDirectInputDevice::SetProperty handler completed successfully
info: Win32Emu.Emulator[0]
      [COM] IDirectInputDevice::SetProperty returned 0x00000000 (argBytes=12)
info: Win32Emu.Emulator[0]
      [COM vtable] Return address from stack: ESP=0x001FEED8, retEIP=0x004047CA
info: Win32Emu.Emulator[0]
      [COM vtable] Stack state before cleanup:
        [ESP+00] = 0x001FEED8: 0x004047CA (return addr)
        [ESP+04] = 0x001FEEDC: 0x00894210 (arg1)
        [ESP+08] = 0x001FEEE0: 0x00000001 (arg2)
        [ESP+12] = 0x001FEEE4: 0x001FEEEC (arg3)
        [ESP+16] = 0x001FEEE8: 0x00000000
        [ESP+20] = 0x001FEEEC: 0x00000014
      
info: Win32Emu.Emulator[0]
      [COM vtable] Stack cleanup: ESP=0x001FEED8, retEIP=0x004047CA, argBytes=12, new ESP=0x001FEEE8
dbug: Win32Emu.Emulator[0]
      [RegisterValidation] After COM vtable: EBX=00000000 (saved=00000000, preserved=True), ESI=00000000 (saved=00000000, preserved=True), EDI=00000000 (saved=00000000, preserved=True), EBP=0F000060 (saved=0F000060, preserved=True, valid=False, savedValid=False), ESP=001FEEE8
info: Win32Emu.Emulator[0]
      [COM] Invoking vtable method (async fallback to sync): IDirectInputDevice::Acquire at address 0x0D006070
info: Win32Emu.Emulator[0]
      [DInput COM] IDirectInputDevice::Acquire(this=0x00894210)
info: Win32Emu.Emulator[0]
      [DInput COM]   Device acquired successfully
dbug: Win32Emu.Emulator[0]
      [COM] IDirectInputDevice::Acquire handler completed successfully
info: Win32Emu.Emulator[0]
      [COM] IDirectInputDevice::Acquire returned 0x00000000 (argBytes=4)
info: Win32Emu.Emulator[0]
      [COM vtable] Return address from stack: ESP=0x001FEEE0, retEIP=0x004047E0
info: Win32Emu.Emulator[0]
      [COM vtable] Stack state before cleanup:
        [ESP+00] = 0x001FEEE0: 0x004047E0 (return addr)
        [ESP+04] = 0x001FEEE4: 0x00894210 (arg1)
        [ESP+08] = 0x001FEEE8: 0x00000000
        [ESP+12] = 0x001FEEEC: 0x00000014
        [ESP+16] = 0x001FEEF0: 0x00000010
        [ESP+20] = 0x001FEEF4: 0x00000000
      
info: Win32Emu.Emulator[0]
      [COM vtable] Stack cleanup: ESP=0x001FEEE0, retEIP=0x004047E0, argBytes=4, new ESP=0x001FEEE8
dbug: Win32Emu.Emulator[0]
      [RegisterValidation] After COM vtable: EBX=00000000 (saved=00000000, preserved=True), ESI=00000000 (saved=00000000, preserved=True), EDI=00000000 (saved=00000000, preserved=True), EBP=0F000060 (saved=0F000060, preserved=True, valid=False, savedValid=False), ESP=001FEEE8
info: Win32Emu.Emulator[0]
      [Import] Direct call to USER32.DLL!GetMessageA at 0x0F000030
info: Win32Emu.Emulator[0]
      Dispatching USER32.DLL!GetMessageA at EIP=0x0F000030 ESP=0x001FEF04 stack=6E 32 40 00 28 EF 1F 00 00 00 00 00 00 00 00 00
info: Win32Emu.Emulator[0]
      [User32] GetMessageA: retrieved MSG=0x0001 HWND=0x00010000
info: Win32Emu.Emulator[0]
      [Dispatcher] USER32.DLL!GetMessageA returned 0x00000001, argBytes=16, convention=Stdcall
info: Win32Emu.Emulator[0]
      [Import USER32.DLL!GetMessageA] Return address from stack: ESP=0x001FEF04, retEIP=0x0040326E
info: Win32Emu.Emulator[0]
      [Import USER32.DLL!GetMessageA] Stack state before cleanup:
        [ESP+00] = 0x001FEF04: 0x0040326E (return addr)
        [ESP+04] = 0x001FEF08: 0x001FEF28 (arg1)
        [ESP+08] = 0x001FEF0C: 0x00000000 (arg2)
        [ESP+12] = 0x001FEF10: 0x00000000 (arg3)
        [ESP+16] = 0x001FEF14: 0x00000000 (arg4)
        [ESP+20] = 0x001FEF18: 0x001FEFFC
      
info: Win32Emu.Emulator[0]
      [Import USER32.DLL!GetMessageA] Stack cleanup: ESP=0x001FEF04, retEIP=0x0040326E, argBytes=16, new ESP=0x001FEF18
dbug: Win32Emu.Emulator[0]
      [RegisterValidation] After Import USER32.DLL!GetMessageA: EBX=0F000130 (saved=0F000130, preserved=True), ESI=0F000040 (saved=0F000040, preserved=True), EDI=0F000030 (saved=0F000030, preserved=True), EBP=0F000010 (saved=0F000010, preserved=True, valid=False, savedValid=False), ESP=001FEF18
dbug: Win32Emu.Emulator[0]
      [Import] Successfully invoked USER32.DLL!GetMessageA
info: Win32Emu.Emulator[0]
      [Import] Direct call to USER32.DLL!TranslateMessage at 0x0F000130
info: Win32Emu.Emulator[0]
      Dispatching USER32.DLL!TranslateMessage at EIP=0x0F000130 ESP=0x001FEF10 stack=79 32 40 00 28 EF 1F 00 FC EF 1F 00 00 00 00 00
info: Win32Emu.Emulator[0]
      [User32] TranslateMessage: HWND=0x00010000 MSG=0x0001 wParam=0x00000000 lParam=0x00000000
info: Win32Emu.Emulator[0]
      [Dispatcher] USER32.DLL!TranslateMessage returned 0x00000000, argBytes=4, convention=Stdcall
info: Win32Emu.Emulator[0]
      [Import USER32.DLL!TranslateMessage] Return address from stack: ESP=0x001FEF10, retEIP=0x00403279
info: Win32Emu.Emulator[0]
      [Import USER32.DLL!TranslateMessage] Stack state before cleanup:
        [ESP+00] = 0x001FEF10: 0x00403279 (return addr)
        [ESP+04] = 0x001FEF14: 0x001FEF28 (arg1)
        [ESP+08] = 0x001FEF18: 0x001FEFFC
        [ESP+12] = 0x001FEF1C: 0x00000000
        [ESP+16] = 0x001FEF20: 0x00470018
        [ESP+20] = 0x001FEF24: 0x00000000
      
info: Win32Emu.Emulator[0]
      [Import USER32.DLL!TranslateMessage] Stack cleanup: ESP=0x001FEF10, retEIP=0x00403279, argBytes=4, new ESP=0x001FEF18
dbug: Win32Emu.Emulator[0]
      [RegisterValidation] After Import USER32.DLL!TranslateMessage: EBX=0F000130 (saved=0F000130, preserved=True), ESI=0F000040 (saved=0F000040, preserved=True), EDI=0F000030 (saved=0F000030, preserved=True), EBP=0F000010 (saved=0F000010, preserved=True, valid=False, savedValid=False), ESP=001FEF18
dbug: Win32Emu.Emulator[0]
      [Import] Successfully invoked USER32.DLL!TranslateMessage
info: Win32Emu.Emulator[0]
      [Import] Direct call to USER32.DLL!DispatchMessageA at 0x0F000010
info: Win32Emu.Emulator[0]
      Dispatching USER32.DLL!DispatchMessageA at EIP=0x0F000010 ESP=0x001FEF10 stack=80 32 40 00 28 EF 1F 00 FC EF 1F 00 00 00 00 00
info: Win32Emu.Emulator[0]
      [User32] DispatchMessageA: HWND=0x00010000 MSG=0x0001 wParam=0x00000000 lParam=0x00000000
info: Win32Emu.Emulator[0]
      [User32] DispatchMessageA: Found WndProc=0x00403340 for HWND=0x00010000
info: Win32Emu.Emulator[0]
      [User32] CallWindowProcedureAsync: Calling 0x00403340 with HWND=0x00010000 MSG=0x0001
info: Win32Emu.Emulator[0]
      [JitCpu] Compiling block at EIP=0x00455300 using RTL pipeline
info: Win32Emu.Emulator[0]
      [RtlJitCache] Compiling block at 0x00455300 (28 instructions)
warn: Win32Emu.Emulator[0]
      [X86ToRtl] Unsupported instruction: Loopne at 0x455318
warn: Win32Emu.Emulator[0]
      [X86ToRtl] Unsupported instruction: Sldt at 0x45531F
warn: Win32Emu.Emulator[0]
      [X86ToRtl] Unsupported instruction: INVALID at 0x455333
warn: Win32Emu.Emulator[0]
      [X86ToRtl] Unsupported instruction: Pushad at 0x455338
warn: Win32Emu.Emulator[0]
      [X86ToRtl] Unsupported instruction: Pshufw at 0x45533B
info: Win32Emu.Emulator[0]
      [RtlJitCache] Saved C# source to /home/runner/work/Win32Emu/Win32Emu/.jitcache/Source/JitBlock_25f755b8_00455300.cs
fail: Win32Emu.Emulator[0]
      [RtlJitCache] Compilation failed:
      (35,25): error CS0103: The name 'CL' does not exist in the current context
      (36,13): error CS0103: The name 'AL' does not exist in the current context
      (37,26): error CS0103: The name 'AL' does not exist in the current context
      (39,26): error CS0103: The name 'AL' does not exist in the current context
      (40,13): error CS0103: The name 'AL' does not exist in the current context
      (41,25): error CS0103: The name 'CL' does not exist in the current context
      (43,18): error CS0019: Operator '<<' cannot be applied to operands of type 'uint' and 'uint'
      (44,18): error CS0019: Operator '>>' cannot be applied to operands of type 'uint' and 'uint'
      (46,25): error CS0103: The name 'CL' does not exist in the current context
      (47,25): error CS0103: The name 'CL' does not exist in the current context
      (48,26): error CS0103: The name 'AL' does not exist in the current context
      (49,25): error CS0103: The name 'CL' does not exist in the current context
      (50,25): error CS0103: The name 'AL' does not exist in the current context
      (51,25): error CS0103: The name 'CL' does not exist in the current context
      (52,25): error CS0103: The name 'AL' does not exist in the current context
      (53,25): error CS0103: The name 'CL' does not exist in the current context
      (54,25): error CS0103: The name 'AL' does not exist in the current context
      (55,25): error CS0103: The name 'CL' does not exist in the current context
      (58,25): error CS0103: The name 'CL' does not exist in the current context
fail: Win32Emu.Emulator[0]
      [User32] CallWindowProcedureAsync: Exception during execution: C# compilation failed: (35,25): error CS0103: The name 'CL' does not exist in the current context
      (36,13): error CS0103: The name 'AL' does not exist in the current context
      (37,26): error CS0103: The name 'AL' does not exist in the current context
      (39,26): error CS0103: The name 'AL' does not exist in the current context
      (40,13): error CS0103: The name 'AL' does not exist in the current context
      (41,25): error CS0103: The name 'CL' does not exist in the current context
      (43,18): error CS0019: Operator '<<' cannot be applied to operands of type 'uint' and 'uint'
      (44,18): error CS0019: Operator '>>' cannot be applied to operands of type 'uint' and 'uint'
      (46,25): error CS0103: The name 'CL' does not exist in the current context
      (47,25): error CS0103: The name 'CL' does not exist in the current context
      (48,26): error CS0103: The name 'AL' does not exist in the current context
      (49,25): error CS0103: The name 'CL' does not exist in the current context
      (50,25): error CS0103: The name 'AL' does not exist in the current context
      (51,25): error CS0103: The name 'CL' does not exist in the current context
      (52,25): error CS0103: The name 'AL' does not exist in the current context
      (53,25): error CS0103: The name 'CL' does not exist in the current context
      (54,25): error CS0103: The name 'AL' does not exist in the current context
      (55,25): error CS0103: The name 'CL' does not exist in the current context
      (58,25): error CS0103: The name 'CL' does not exist in the current context
      System.InvalidOperationException: C# compilation failed: (35,25): error CS0103: The name 'CL' does not exist in the current context
      (36,13): error CS0103: The name 'AL' does not exist in the current context
      (37,26): error CS0103: The name 'AL' does not exist in the current context
      (39,26): error CS0103: The name 'AL' does not exist in the current context
      (40,13): error CS0103: The name 'AL' does not exist in the current context
      (41,25): error CS0103: The name 'CL' does not exist in the current context
      (43,18): error CS0019: Operator '<<' cannot be applied to operands of type 'uint' and 'uint'
      (44,18): error CS0019: Operator '>>' cannot be applied to operands of type 'uint' and 'uint'
      (46,25): error CS0103: The name 'CL' does not exist in the current context
      (47,25): error CS0103: The name 'CL' does not exist in the current context
      (48,26): error CS0103: The name 'AL' does not exist in the current context
      (49,25): error CS0103: The name 'CL' does not exist in the current context
      (50,25): error CS0103: The name 'AL' does not exist in the current context
      (51,25): error CS0103: The name 'CL' does not exist in the current context
      (52,25): error CS0103: The name 'AL' does not exist in the current context
      (53,25): error CS0103: The name 'CL' does not exist in the current context
      (54,25): error CS0103: The name 'AL' does not exist in the current context
      (55,25): error CS0103: The name 'CL' does not exist in the current context
      (58,25): error CS0103: The name 'CL' does not exist in the current context
         at Win32Emu.Rtl.RtlJitCache.CompileCSharpToAssembly(String csharpCode, String assemblyName) in /home/runner/work/Win32Emu/Win32Emu/Win32Emu.Rtl/RtlJitCache.cs:line 179
         at Win32Emu.Rtl.RtlJitCache.CompileBlockAsync(UInt32 startAddress, List`1 instructions) in /home/runner/work/Win32Emu/Win32Emu/Win32Emu.Rtl/RtlJitCache.cs:line 105
         at Win32Emu.Rtl.RtlJitCache.CompileBlock(UInt32 startAddress, List`1 instructions) in /home/runner/work/Win32Emu/Win32Emu/Win32Emu.Rtl/RtlJitCache.cs:line 132
         at Win32Emu.Cpu.Jit.JitCpu.CompileBlock(UInt32 startEip, VirtualMemory mem) in /home/runner/work/Win32Emu/Win32Emu/Win32Emu/Cpu/Jit/JitCpu.cs:line 1671
         at Win32Emu.Cpu.Jit.JitCpu.ExecuteBlockAsync(VirtualMemory mem) in /home/runner/work/Win32Emu/Win32Emu/Win32Emu/Cpu/Jit/JitCpu.cs:line 437
         at Win32Emu.Cpu.CpuHelpers.ExecuteAsync(ICpu cpu, VirtualMemory memory) in /home/runner/work/Win32Emu/Win32Emu/Win32Emu/Cpu/CpuHelpers.cs:line 53
         at Win32Emu.Win32.Modules.User32Module.ExecuteStdCallProcedureAsync(ICpu cpu, VirtualMemory memory, UInt32 procedureAddress, UInt32[] parameters, String contextName, CancellationToken cancellationToken) in /home/runner/work/Win32Emu/Win32Emu/Win32Emu/Win32/Modules/User32Module.cs:line 2920
info: Win32Emu.Emulator[0]
      [User32] CallWindowProcedureAsync: Completed with return value 0x00000000, timedOut=False, cancelled=False, failed=True
info: Win32Emu.Emulator[0]
      [User32] DispatchMessageA: WndProc returned 0x00000000
info: Win32Emu.Emulator[0]
      [Dispatcher] USER32.DLL!DispatchMessageA returned 0x00000000, argBytes=4, convention=Stdcall
info: Win32Emu.Emulator[0]
      [Import USER32.DLL!DispatchMessageA] Return address from stack: ESP=0x001FEF10, retEIP=0x00403280
info: Win32Emu.Emulator[0]
      [Import USER32.DLL!DispatchMessageA] Stack state before cleanup:
        [ESP+00] = 0x001FEF10: 0x00403280 (return addr)
        [ESP+04] = 0x001FEF14: 0x001FEF28 (arg1)
        [ESP+08] = 0x001FEF18: 0x001FEFFC
        [ESP+12] = 0x001FEF1C: 0x00000000
        [ESP+16] = 0x001FEF20: 0x00470018
        [ESP+20] = 0x001FEF24: 0x00000000
      
info: Win32Emu.Emulator[0]
      [Import USER32.DLL!DispatchMessageA] Stack cleanup: ESP=0x001FEF10, retEIP=0x00403280, argBytes=4, new ESP=0x001FEF18
dbug: Win32Emu.Emulator[0]
      [RegisterValidation] After Import USER32.DLL!DispatchMessageA: EBX=0F000130 (saved=0F000130, preserved=True), ESI=0F000040 (saved=0F000040, preserved=True), EDI=0F000030 (saved=0F000030, preserved=True), EBP=0F000010 (saved=0F000010, preserved=True, valid=False, savedValid=False), ESP=001FEF18
dbug: Win32Emu.Emulator[0]
      [Import] Successfully invoked USER32.DLL!DispatchMessageA
info: Win32Emu.Emulator[0]
      [Import] Direct call to USER32.DLL!GetMessageA at 0x0F000030
info: Win32Emu.Emulator[0]
      Dispatching USER32.DLL!GetMessageA at EIP=0x0F000030 ESP=0x001FEF04 stack=6E 32 40 00 28 EF 1F 00 00 00 00 00 00 00 00 00
info: Win32Emu.Emulator[0]
      [User32] GetMessageA: retrieved MSG=0x0005 HWND=0x00010000
info: Win32Emu.Emulator[0]
      [Dispatcher] USER32.DLL!GetMessageA returned 0x00000001, argBytes=16, convention=Stdcall
info: Win32Emu.Emulator[0]
      [Import USER32.DLL!GetMessageA] Return address from stack: ESP=0x001FEF04, retEIP=0x0040326E
info: Win32Emu.Emulator[0]
      [Import USER32.DLL!GetMessageA] Stack state before cleanup:
        [ESP+00] = 0x001FEF04: 0x0040326E (return addr)
        [ESP+04] = 0x001FEF08: 0x001FEF28 (arg1)
        [ESP+08] = 0x001FEF0C: 0x00000000 (arg2)
        [ESP+12] = 0x001FEF10: 0x00000000 (arg3)
        [ESP+16] = 0x001FEF14: 0x00000000 (arg4)
        [ESP+20] = 0x001FEF18: 0x001FEFFC
      
info: Win32Emu.Emulator[0]
      [Import USER32.DLL!GetMessageA] Stack cleanup: ESP=0x001FEF04, retEIP=0x0040326E, argBytes=16, new ESP=0x001FEF18
dbug: Win32Emu.Emulator[0]
      [RegisterValidation] After Import USER32.DLL!GetMessageA: EBX=0F000130 (saved=0F000130, preserved=True), ESI=0F000040 (saved=0F000040, preserved=True), EDI=0F000030 (saved=0F000030, preserved=True), EBP=0F000010 (saved=0F000010, preserved=True, valid=False, savedValid=False), ESP=001FEF18
dbug: Win32Emu.Emulator[0]
      [Import] Successfully invoked USER32.DLL!GetMessageA
info: Win32Emu.Emulator[0]
      [Import] Direct call to USER32.DLL!TranslateMessage at 0x0F000130
info: Win32Emu.Emulator[0]
      Dispatching USER32.DLL!TranslateMessage at EIP=0x0F000130 ESP=0x001FEF10 stack=79 32 40 00 28 EF 1F 00 FC EF 1F 00 00 00 00 00
info: Win32Emu.Emulator[0]
      [User32] TranslateMessage: HWND=0x00010000 MSG=0x0005 wParam=0x00000000 lParam=0x01E00280
info: Win32Emu.Emulator[0]
      [Dispatcher] USER32.DLL!TranslateMessage returned 0x00000000, argBytes=4, convention=Stdcall
info: Win32Emu.Emulator[0]
      [Import USER32.DLL!TranslateMessage] Return address from stack: ESP=0x001FEF10, retEIP=0x00403279
info: Win32Emu.Emulator[0]
      [Import USER32.DLL!TranslateMessage] Stack state before cleanup:
        [ESP+00] = 0x001FEF10: 0x00403279 (return addr)
        [ESP+04] = 0x001FEF14: 0x001FEF28 (arg1)
        [ESP+08] = 0x001FEF18: 0x001FEFFC
        [ESP+12] = 0x001FEF1C: 0x00000000
        [ESP+16] = 0x001FEF20: 0x00470018
        [ESP+20] = 0x001FEF24: 0x00000000
      
info: Win32Emu.Emulator[0]
      [Import USER32.DLL!TranslateMessage] Stack cleanup: ESP=0x001FEF10, retEIP=0x00403279, argBytes=4, new ESP=0x001FEF18
dbug: Win32Emu.Emulator[0]
      [RegisterValidation] After Import USER32.DLL!TranslateMessage: EBX=0F000130 (saved=0F000130, preserved=True), ESI=0F000040 (saved=0F000040, preserved=True), EDI=0F000030 (saved=0F000030, preserved=True), EBP=0F000010 (saved=0F000010, preserved=True, valid=False, savedValid=False), ESP=001FEF18
dbug: Win32Emu.Emulator[0]
      [Import] Successfully invoked USER32.DLL!TranslateMessage
info: Win32Emu.Emulator[0]
      [Import] Direct call to USER32.DLL!DispatchMessageA at 0x0F000010
info: Win32Emu.Emulator[0]
      Dispatching USER32.DLL!DispatchMessageA at EIP=0x0F000010 ESP=0x001FEF10 stack=80 32 40 00 28 EF 1F 00 FC EF 1F 00 00 00 00 00
info: Win32Emu.Emulator[0]
      [User32] DispatchMessageA: HWND=0x00010000 MSG=0x0005 wParam=0x00000000 lParam=0x01E00280
info: Win32Emu.Emulator[0]
      [User32] DispatchMessageA: Found WndProc=0x00403340 for HWND=0x00010000
info: Win32Emu.Emulator[0]
      [User32] CallWindowProcedureAsync: Calling 0x00403340 with HWND=0x00010000 MSG=0x0005
info: Win32Emu.Emulator[0]
      [JitCpu] Compiling block at EIP=0x00455300 using RTL pipeline
info: Win32Emu.Emulator[0]
      [RtlJitCache] Compiling block at 0x00455300 (28 instructions)
warn: Win32Emu.Emulator[0]
      [X86ToRtl] Unsupported instruction: Loopne at 0x455318
warn: Win32Emu.Emulator[0]
      [X86ToRtl] Unsupported instruction: Sldt at 0x45531F
warn: Win32Emu.Emulator[0]
      [X86ToRtl] Unsupported instruction: INVALID at 0x455333
warn: Win32Emu.Emulator[0]
      [X86ToRtl] Unsupported instruction: Pushad at 0x455338
warn: Win32Emu.Emulator[0]
      [X86ToRtl] Unsupported instruction: Pshufw at 0x45533B
info: Win32Emu.Emulator[0]
      [RtlJitCache] Saved C# source to /home/runner/work/Win32Emu/Win32Emu/.jitcache/Source/JitBlock_25f755b8_00455300.cs
fail: Win32Emu.Emulator[0]
      [RtlJitCache] Compilation failed:
      (35,25): error CS0103: The name 'CL' does not exist in the current context
      (36,13): error CS0103: The name 'AL' does not exist in the current context
      (37,26): error CS0103: The name 'AL' does not exist in the current context
      (39,26): error CS0103: The name 'AL' does not exist in the current context
      (40,13): error CS0103: The name 'AL' does not exist in the current context
      (41,25): error CS0103: The name 'CL' does not exist in the current context
      (43,18): error CS0019: Operator '<<' cannot be applied to operands of type 'uint' and 'uint'
      (44,18): error CS0019: Operator '>>' cannot be applied to operands of type 'uint' and 'uint'
      (46,25): error CS0103: The name 'CL' does not exist in the current context
      (47,25): error CS0103: The name 'CL' does not exist in the current context
      (48,26): error CS0103: The name 'AL' does not exist in the current context
      (49,25): error CS0103: The name 'CL' does not exist in the current context
      (50,25): error CS0103: The name 'AL' does not exist in the current context
      (51,25): error CS0103: The name 'CL' does not exist in the current context
      (52,25): error CS0103: The name 'AL' does not exist in the current context
      (53,25): error CS0103: The name 'CL' does not exist in the current context
      (54,25): error CS0103: The name 'AL' does not exist in the current context
      (55,25): error CS0103: The name 'CL' does not exist in the current context
      (58,25): error CS0103: The name 'CL' does not exist in the current context
fail: Win32Emu.Emulator[0]
      [User32] CallWindowProcedureAsync: Exception during execution: C# compilation failed: (35,25): error CS0103: The name 'CL' does not exist in the current context
      (36,13): error CS0103: The name 'AL' does not exist in the current context
      (37,26): error CS0103: The name 'AL' does not exist in the current context
      (39,26): error CS0103: The name 'AL' does not exist in the current context
      (40,13): error CS0103: The name 'AL' does not exist in the current context
      (41,25): error CS0103: The name 'CL' does not exist in the current context
      (43,18): error CS0019: Operator '<<' cannot be applied to operands of type 'uint' and 'uint'
      (44,18): error CS0019: Operator '>>' cannot be applied to operands of type 'uint' and 'uint'
      (46,25): error CS0103: The name 'CL' does not exist in the current context
      (47,25): error CS0103: The name 'CL' does not exist in the current context
      (48,26): error CS0103: The name 'AL' does not exist in the current context
      (49,25): error CS0103: The name 'CL' does not exist in the current context
      (50,25): error CS0103: The name 'AL' does not exist in the current context
      (51,25): error CS0103: The name 'CL' does not exist in the current context
      (52,25): error CS0103: The name 'AL' does not exist in the current context
      (53,25): error CS0103: The name 'CL' does not exist in the current context
      (54,25): error CS0103: The name 'AL' does not exist in the current context
      (55,25): error CS0103: The name 'CL' does not exist in the current context
      (58,25): error CS0103: The name 'CL' does not exist in the current context
      System.InvalidOperationException: C# compilation failed: (35,25): error CS0103: The name 'CL' does not exist in the current context
      (36,13): error CS0103: The name 'AL' does not exist in the current context
      (37,26): error CS0103: The name 'AL' does not exist in the current context
      (39,26): error CS0103: The name 'AL' does not exist in the current context
      (40,13): error CS0103: The name 'AL' does not exist in the current context
      (41,25): error CS0103: The name 'CL' does not exist in the current context
      (43,18): error CS0019: Operator '<<' cannot be applied to operands of type 'uint' and 'uint'
      (44,18): error CS0019: Operator '>>' cannot be applied to operands of type 'uint' and 'uint'
      (46,25): error CS0103: The name 'CL' does not exist in the current context
      (47,25): error CS0103: The name 'CL' does not exist in the current context
      (48,26): error CS0103: The name 'AL' does not exist in the current context
      (49,25): error CS0103: The name 'CL' does not exist in the current context
      (50,25): error CS0103: The name 'AL' does not exist in the current context
      (51,25): error CS0103: The name 'CL' does not exist in the current context
      (52,25): error CS0103: The name 'AL' does not exist in the current context
      (53,25): error CS0103: The name 'CL' does not exist in the current context
      (54,25): error CS0103: The name 'AL' does not exist in the current context
      (55,25): error CS0103: The name 'CL' does not exist in the current context
      (58,25): error CS0103: The name 'CL' does not exist in the current context
         at Win32Emu.Rtl.RtlJitCache.CompileCSharpToAssembly(String csharpCode, String assemblyName) in /home/runner/work/Win32Emu/Win32Emu/Win32Emu.Rtl/RtlJitCache.cs:line 179
         at Win32Emu.Rtl.RtlJitCache.CompileBlockAsync(UInt32 startAddress, List`1 instructions) in /home/runner/work/Win32Emu/Win32Emu/Win32Emu.Rtl/RtlJitCache.cs:line 105
         at Win32Emu.Rtl.RtlJitCache.CompileBlock(UInt32 startAddress, List`1 instructions) in /home/runner/work/Win32Emu/Win32Emu/Win32Emu.Rtl/RtlJitCache.cs:line 132
         at Win32Emu.Cpu.Jit.JitCpu.CompileBlock(UInt32 startEip, VirtualMemory mem) in /home/runner/work/Win32Emu/Win32Emu/Win32Emu/Cpu/Jit/JitCpu.cs:line 1671
         at Win32Emu.Cpu.Jit.JitCpu.ExecuteBlockAsync(VirtualMemory mem) in /home/runner/work/Win32Emu/Win32Emu/Win32Emu/Cpu/Jit/JitCpu.cs:line 437
         at Win32Emu.Cpu.CpuHelpers.ExecuteAsync(ICpu cpu, VirtualMemory memory) in /home/runner/work/Win32Emu/Win32Emu/Win32Emu/Cpu/CpuHelpers.cs:line 53
         at Win32Emu.Win32.Modules.User32Module.ExecuteStdCallProcedureAsync(ICpu cpu, VirtualMemory memory, UInt32 procedureAddress, UInt32[] parameters, String contextName, CancellationToken cancellationToken) in /home/runner/work/Win32Emu/Win32Emu/Win32Emu/Win32/Modules/User32Module.cs:line 2920
info: Win32Emu.Emulator[0]
      [User32] CallWindowProcedureAsync: Completed with return value 0x00000000, timedOut=False, cancelled=False, failed=True
info: Win32Emu.Emulator[0]
      [User32] DispatchMessageA: WndProc returned 0x00000000
info: Win32Emu.Emulator[0]
      [Dispatcher] USER32.DLL!DispatchMessageA returned 0x00000000, argBytes=4, convention=Stdcall
info: Win32Emu.Emulator[0]
      [Import USER32.DLL!DispatchMessageA] Return address from stack: ESP=0x001FEF10, retEIP=0x00403280
info: Win32Emu.Emulator[0]
      [Import USER32.DLL!DispatchMessageA] Stack state before cleanup:
        [ESP+00] = 0x001FEF10: 0x00403280 (return addr)
        [ESP+04] = 0x001FEF14: 0x001FEF28 (arg1)
        [ESP+08] = 0x001FEF18: 0x001FEFFC
        [ESP+12] = 0x001FEF1C: 0x00000000
        [ESP+16] = 0x001FEF20: 0x00470018
        [ESP+20] = 0x001FEF24: 0x00000000
      
info: Win32Emu.Emulator[0]
      [Import USER32.DLL!DispatchMessageA] Stack cleanup: ESP=0x001FEF10, retEIP=0x00403280, argBytes=4, new ESP=0x001FEF18
dbug: Win32Emu.Emulator[0]
      [RegisterValidation] After Import USER32.DLL!DispatchMessageA: EBX=0F000130 (saved=0F000130, preserved=True), ESI=0F000040 (saved=0F000040, preserved=True), EDI=0F000030 (saved=0F000030, preserved=True), EBP=0F000010 (saved=0F000010, preserved=True, valid=False, savedValid=False), ESP=001FEF18
dbug: Win32Emu.Emulator[0]
      [Import] Successfully invoked USER32.DLL!DispatchMessageA
info: Win32Emu.Emulator[0]
      [Import] Direct call to USER32.DLL!GetMessageA at 0x0F000030
info: Win32Emu.Emulator[0]
      Dispatching USER32.DLL!GetMessageA at EIP=0x0F000030 ESP=0x001FEF04 stack=6E 32 40 00 28 EF 1F 00 00 00 00 00 00 00 00 00
info: Win32Emu.Emulator[0]
      [User32] GetMessageA: retrieved MSG=0x0003 HWND=0x00010000
info: Win32Emu.Emulator[0]
      [Dispatcher] USER32.DLL!GetMessageA returned 0x00000001, argBytes=16, convention=Stdcall
info: Win32Emu.Emulator[0]
      [Import USER32.DLL!GetMessageA] Return address from stack: ESP=0x001FEF04, retEIP=0x0040326E
info: Win32Emu.Emulator[0]
      [Import USER32.DLL!GetMessageA] Stack state before cleanup:
        [ESP+00] = 0x001FEF04: 0x0040326E (return addr)
        [ESP+04] = 0x001FEF08: 0x001FEF28 (arg1)
        [ESP+08] = 0x001FEF0C: 0x00000000 (arg2)
        [ESP+12] = 0x001FEF10: 0x00000000 (arg3)
        [ESP+16] = 0x001FEF14: 0x00000000 (arg4)
        [ESP+20] = 0x001FEF18: 0x001FEFFC
      
info: Win32Emu.Emulator[0]
      [Import USER32.DLL!GetMessageA] Stack cleanup: ESP=0x001FEF04, retEIP=0x0040326E, argBytes=16, new ESP=0x001FEF18
dbug: Win32Emu.Emulator[0]
      [RegisterValidation] After Import USER32.DLL!GetMessageA: EBX=0F000130 (saved=0F000130, preserved=True), ESI=0F000040 (saved=0F000040, preserved=True), EDI=0F000030 (saved=0F000030, preserved=True), EBP=0F000010 (saved=0F000010, preserved=True, valid=False, savedValid=False), ESP=001FEF18
dbug: Win32Emu.Emulator[0]
      [Import] Successfully invoked USER32.DLL!GetMessageA
info: Win32Emu.Emulator[0]
      [Import] Direct call to USER32.DLL!TranslateMessage at 0x0F000130
info: Win32Emu.Emulator[0]
      Dispatching USER32.DLL!TranslateMessage at EIP=0x0F000130 ESP=0x001FEF10 stack=79 32 40 00 28 EF 1F 00 FC EF 1F 00 00 00 00 00
info: Win32Emu.Emulator[0]
      [User32] TranslateMessage: HWND=0x00010000 MSG=0x0003 wParam=0x00000000 lParam=0x00000000
info: Win32Emu.Emulator[0]
      [Dispatcher] USER32.DLL!TranslateMessage returned 0x00000000, argBytes=4, convention=Stdcall
info: Win32Emu.Emulator[0]
      [Import USER32.DLL!TranslateMessage] Return address from stack: ESP=0x001FEF10, retEIP=0x00403279
info: Win32Emu.Emulator[0]
      [Import USER32.DLL!TranslateMessage] Stack state before cleanup:
        [ESP+00] = 0x001FEF10: 0x00403279 (return addr)
        [ESP+04] = 0x001FEF14: 0x001FEF28 (arg1)
        [ESP+08] = 0x001FEF18: 0x001FEFFC
        [ESP+12] = 0x001FEF1C: 0x00000000
        [ESP+16] = 0x001FEF20: 0x00470018
        [ESP+20] = 0x001FEF24: 0x00000000
      
info: Win32Emu.Emulator[0]
      [Import USER32.DLL!TranslateMessage] Stack cleanup: ESP=0x001FEF10, retEIP=0x00403279, argBytes=4, new ESP=0x001FEF18
dbug: Win32Emu.Emulator[0]
      [RegisterValidation] After Import USER32.DLL!TranslateMessage: EBX=0F000130 (saved=0F000130, preserved=True), ESI=0F000040 (saved=0F000040, preserved=True), EDI=0F000030 (saved=0F000030, preserved=True), EBP=0F000010 (saved=0F000010, preserved=True, valid=False, savedValid=False), ESP=001FEF18
dbug: Win32Emu.Emulator[0]
      [Import] Successfully invoked USER32.DLL!TranslateMessage
info: Win32Emu.Emulator[0]
      [Import] Direct call to USER32.DLL!DispatchMessageA at 0x0F000010
info: Win32Emu.Emulator[0]
      Dispatching USER32.DLL!DispatchMessageA at EIP=0x0F000010 ESP=0x001FEF10 stack=80 32 40 00 28 EF 1F 00 FC EF 1F 00 00 00 00 00
info: Win32Emu.Emulator[0]
      [User32] DispatchMessageA: HWND=0x00010000 MSG=0x0003 wParam=0x00000000 lParam=0x00000000
info: Win32Emu.Emulator[0]
      [User32] DispatchMessageA: Found WndProc=0x00403340 for HWND=0x00010000
info: Win32Emu.Emulator[0]
      [User32] CallWindowProcedureAsync: Calling 0x00403340 with HWND=0x00010000 MSG=0x0003
info: Win32Emu.Emulator[0]
      [JitCpu] Compiling block at EIP=0x00455300 using RTL pipeline
info: Win32Emu.Emulator[0]
      [RtlJitCache] Compiling block at 0x00455300 (28 instructions)
warn: Win32Emu.Emulator[0]
      [X86ToRtl] Unsupported instruction: Loopne at 0x455318
warn: Win32Emu.Emulator[0]
      [X86ToRtl] Unsupported instruction: Sldt at 0x45531F
warn: Win32Emu.Emulator[0]
      [X86ToRtl] Unsupported instruction: INVALID at 0x455333
warn: Win32Emu.Emulator[0]
      [X86ToRtl] Unsupported instruction: Pushad at 0x455338
warn: Win32Emu.Emulator[0]
      [X86ToRtl] Unsupported instruction: Pshufw at 0x45533B
info: Win32Emu.Emulator[0]
      [RtlJitCache] Saved C# source to /home/runner/work/Win32Emu/Win32Emu/.jitcache/Source/JitBlock_25f755b8_00455300.cs
fail: Win32Emu.Emulator[0]
      [RtlJitCache] Compilation failed:
      (35,25): error CS0103: The name 'CL' does not exist in the current context
      (36,13): error CS0103: The name 'AL' does not exist in the current context
      (37,26): error CS0103: The name 'AL' does not exist in the current context
      (39,26): error CS0103: The name 'AL' does not exist in the current context
      (40,13): error CS0103: The name 'AL' does not exist in the current context
      (41,25): error CS0103: The name 'CL' does not exist in the current context
      (43,18): error CS0019: Operator '<<' cannot be applied to operands of type 'uint' and 'uint'
      (44,18): error CS0019: Operator '>>' cannot be applied to operands of type 'uint' and 'uint'
      (46,25): error CS0103: The name 'CL' does not exist in the current context
      (47,25): error CS0103: The name 'CL' does not exist in the current context
      (48,26): error CS0103: The name 'AL' does not exist in the current context
      (49,25): error CS0103: The name 'CL' does not exist in the current context
      (50,25): error CS0103: The name 'AL' does not exist in the current context
      (51,25): error CS0103: The name 'CL' does not exist in the current context
      (52,25): error CS0103: The name 'AL' does not exist in the current context
      (53,25): error CS0103: The name 'CL' does not exist in the current context
      (54,25): error CS0103: The name 'AL' does not exist in the current context
      (55,25): error CS0103: The name 'CL' does not exist in the current context
      (58,25): error CS0103: The name 'CL' does not exist in the current context
fail: Win32Emu.Emulator[0]
      [User32] CallWindowProcedureAsync: Exception during execution: C# compilation failed: (35,25): error CS0103: The name 'CL' does not exist in the current context
      (36,13): error CS0103: The name 'AL' does not exist in the current context
      (37,26): error CS0103: The name 'AL' does not exist in the current context
      (39,26): error CS0103: The name 'AL' does not exist in the current context
      (40,13): error CS0103: The name 'AL' does not exist in the current context
      (41,25): error CS0103: The name 'CL' does not exist in the current context
      (43,18): error CS0019: Operator '<<' cannot be applied to operands of type 'uint' and 'uint'
      (44,18): error CS0019: Operator '>>' cannot be applied to operands of type 'uint' and 'uint'
      (46,25): error CS0103: The name 'CL' does not exist in the current context
      (47,25): error CS0103: The name 'CL' does not exist in the current context
      (48,26): error CS0103: The name 'AL' does not exist in the current context
      (49,25): error CS0103: The name 'CL' does not exist in the current context
      (50,25): error CS0103: The name 'AL' does not exist in the current context
      (51,25): error CS0103: The name 'CL' does not exist in the current context
      (52,25): error CS0103: The name 'AL' does not exist in the current context
      (53,25): error CS0103: The name 'CL' does not exist in the current context
      (54,25): error CS0103: The name 'AL' does not exist in the current context
      (55,25): error CS0103: The name 'CL' does not exist in the current context
      (58,25): error CS0103: The name 'CL' does not exist in the current context
      System.InvalidOperationException: C# compilation failed: (35,25): error CS0103: The name 'CL' does not exist in the current context
      (36,13): error CS0103: The name 'AL' does not exist in the current context
      (37,26): error CS0103: The name 'AL' does not exist in the current context
      (39,26): error CS0103: The name 'AL' does not exist in the current context
      (40,13): error CS0103: The name 'AL' does not exist in the current context
      (41,25): error CS0103: The name 'CL' does not exist in the current context
      (43,18): error CS0019: Operator '<<' cannot be applied to operands of type 'uint' and 'uint'
      (44,18): error CS0019: Operator '>>' cannot be applied to operands of type 'uint' and 'uint'
      (46,25): error CS0103: The name 'CL' does not exist in the current context
      (47,25): error CS0103: The name 'CL' does not exist in the current context
      (48,26): error CS0103: The name 'AL' does not exist in the current context
      (49,25): error CS0103: The name 'CL' does not exist in the current context
      (50,25): error CS0103: The name 'AL' does not exist in the current context
      (51,25): error CS0103: The name 'CL' does not exist in the current context
      (52,25): error CS0103: The name 'AL' does not exist in the current context
      (53,25): error CS0103: The name 'CL' does not exist in the current context
      (54,25): error CS0103: The name 'AL' does not exist in the current context
      (55,25): error CS0103: The name 'CL' does not exist in the current context
      (58,25): error CS0103: The name 'CL' does not exist in the current context
         at Win32Emu.Rtl.RtlJitCache.CompileCSharpToAssembly(String csharpCode, String assemblyName) in /home/runner/work/Win32Emu/Win32Emu/Win32Emu.Rtl/RtlJitCache.cs:line 179
         at Win32Emu.Rtl.RtlJitCache.CompileBlockAsync(UInt32 startAddress, List`1 instructions) in /home/runner/work/Win32Emu/Win32Emu/Win32Emu.Rtl/RtlJitCache.cs:line 105
         at Win32Emu.Rtl.RtlJitCache.CompileBlock(UInt32 startAddress, List`1 instructions) in /home/runner/work/Win32Emu/Win32Emu/Win32Emu.Rtl/RtlJitCache.cs:line 132
         at Win32Emu.Cpu.Jit.JitCpu.CompileBlock(UInt32 startEip, VirtualMemory mem) in /home/runner/work/Win32Emu/Win32Emu/Win32Emu/Cpu/Jit/JitCpu.cs:line 1671
         at Win32Emu.Cpu.Jit.JitCpu.ExecuteBlockAsync(VirtualMemory mem) in /home/runner/work/Win32Emu/Win32Emu/Win32Emu/Cpu/Jit/JitCpu.cs:line 437
         at Win32Emu.Cpu.CpuHelpers.ExecuteAsync(ICpu cpu, VirtualMemory memory) in /home/runner/work/Win32Emu/Win32Emu/Win32Emu/Cpu/CpuHelpers.cs:line 53
         at Win32Emu.Win32.Modules.User32Module.ExecuteStdCallProcedureAsync(ICpu cpu, VirtualMemory memory, UInt32 procedureAddress, UInt32[] parameters, String contextName, CancellationToken cancellationToken) in /home/runner/work/Win32Emu/Win32Emu/Win32Emu/Win32/Modules/User32Module.cs:line 2920
info: Win32Emu.Emulator[0]
      [User32] CallWindowProcedureAsync: Completed with return value 0x00000000, timedOut=False, cancelled=False, failed=True
info: Win32Emu.Emulator[0]
      [User32] DispatchMessageA: WndProc returned 0x00000000
info: Win32Emu.Emulator[0]
      [Dispatcher] USER32.DLL!DispatchMessageA returned 0x00000000, argBytes=4, convention=Stdcall
info: Win32Emu.Emulator[0]
      [Import USER32.DLL!DispatchMessageA] Return address from stack: ESP=0x001FEF10, retEIP=0x00403280
info: Win32Emu.Emulator[0]
      [Import USER32.DLL!DispatchMessageA] Stack state before cleanup:
        [ESP+00] = 0x001FEF10: 0x00403280 (return addr)
        [ESP+04] = 0x001FEF14: 0x001FEF28 (arg1)
        [ESP+08] = 0x001FEF18: 0x001FEFFC
        [ESP+12] = 0x001FEF1C: 0x00000000
        [ESP+16] = 0x001FEF20: 0x00470018
        [ESP+20] = 0x001FEF24: 0x00000000
      
info: Win32Emu.Emulator[0]
      [Import USER32.DLL!DispatchMessageA] Stack cleanup: ESP=0x001FEF10, retEIP=0x00403280, argBytes=4, new ESP=0x001FEF18
dbug: Win32Emu.Emulator[0]
      [RegisterValidation] After Import USER32.DLL!DispatchMessageA: EBX=0F000130 (saved=0F000130, preserved=True), ESI=0F000040 (saved=0F000040, preserved=True), EDI=0F000030 (saved=0F000030, preserved=True), EBP=0F000010 (saved=0F000010, preserved=True, valid=False, savedValid=False), ESP=001FEF18
dbug: Win32Emu.Emulator[0]
      [Import] Successfully invoked USER32.DLL!DispatchMessageA
info: Win32Emu.Emulator[0]
      [Import] Direct call to USER32.DLL!GetMessageA at 0x0F000030
info: Win32Emu.Emulator[0]
      Dispatching USER32.DLL!GetMessageA at EIP=0x0F000030 ESP=0x001FEF04 stack=6E 32 40 00 28 EF 1F 00 00 00 00 00 00 00 00 00
info: Win32Emu.Emulator[0]
      [User32] GetMessageA: retrieved MSG=0x001C HWND=0x00010000
info: Win32Emu.Emulator[0]
      [Dispatcher] USER32.DLL!GetMessageA returned 0x00000001, argBytes=16, convention=Stdcall
info: Win32Emu.Emulator[0]
      [Import USER32.DLL!GetMessageA] Return address from stack: ESP=0x001FEF04, retEIP=0x0040326E
info: Win32Emu.Emulator[0]
      [Import USER32.DLL!GetMessageA] Stack state before cleanup:
        [ESP+00] = 0x001FEF04: 0x0040326E (return addr)
        [ESP+04] = 0x001FEF08: 0x001FEF28 (arg1)
        [ESP+08] = 0x001FEF0C: 0x00000000 (arg2)
        [ESP+12] = 0x001FEF10: 0x00000000 (arg3)
        [ESP+16] = 0x001FEF14: 0x00000000 (arg4)
        [ESP+20] = 0x001FEF18: 0x001FEFFC
      
info: Win32Emu.Emulator[0]
      [Import USER32.DLL!GetMessageA] Stack cleanup: ESP=0x001FEF04, retEIP=0x0040326E, argBytes=16, new ESP=0x001FEF18
dbug: Win32Emu.Emulator[0]
      [RegisterValidation] After Import USER32.DLL!GetMessageA: EBX=0F000130 (saved=0F000130, preserved=True), ESI=0F000040 (saved=0F000040, preserved=True), EDI=0F000030 (saved=0F000030, preserved=True), EBP=0F000010 (saved=0F000010, preserved=True, valid=False, savedValid=False), ESP=001FEF18
dbug: Win32Emu.Emulator[0]
      [Import] Successfully invoked USER32.DLL!GetMessageA
info: Win32Emu.Emulator[0]
      [Import] Direct call to USER32.DLL!TranslateMessage at 0x0F000130
info: Win32Emu.Emulator[0]
      Dispatching USER32.DLL!TranslateMessage at EIP=0x0F000130 ESP=0x001FEF10 stack=79 32 40 00 28 EF 1F 00 FC EF 1F 00 00 00 00 00
info: Win32Emu.Emulator[0]
      [User32] TranslateMessage: HWND=0x00010000 MSG=0x001C wParam=0x00000001 lParam=0x00000001
info: Win32Emu.Emulator[0]
      [Dispatcher] USER32.DLL!TranslateMessage returned 0x00000000, argBytes=4, convention=Stdcall
info: Win32Emu.Emulator[0]
      [Import USER32.DLL!TranslateMessage] Return address from stack: ESP=0x001FEF10, retEIP=0x00403279
info: Win32Emu.Emulator[0]
      [Import USER32.DLL!TranslateMessage] Stack state before cleanup:
        [ESP+00] = 0x001FEF10: 0x00403279 (return addr)
        [ESP+04] = 0x001FEF14: 0x001FEF28 (arg1)
        [ESP+08] = 0x001FEF18: 0x001FEFFC
        [ESP+12] = 0x001FEF1C: 0x00000000
        [ESP+16] = 0x001FEF20: 0x00470018
        [ESP+20] = 0x001FEF24: 0x00000000
      
info: Win32Emu.Emulator[0]
      [Import USER32.DLL!TranslateMessage] Stack cleanup: ESP=0x001FEF10, retEIP=0x00403279, argBytes=4, new ESP=0x001FEF18
dbug: Win32Emu.Emulator[0]
      [RegisterValidation] After Import USER32.DLL!TranslateMessage: EBX=0F000130 (saved=0F000130, preserved=True), ESI=0F000040 (saved=0F000040, preserved=True), EDI=0F000030 (saved=0F000030, preserved=True), EBP=0F000010 (saved=0F000010, preserved=True, valid=False, savedValid=False), ESP=001FEF18
dbug: Win32Emu.Emulator[0]
      [Import] Successfully invoked USER32.DLL!TranslateMessage
info: Win32Emu.Emulator[0]
      [Import] Direct call to USER32.DLL!DispatchMessageA at 0x0F000010
info: Win32Emu.Emulator[0]
      Dispatching USER32.DLL!DispatchMessageA at EIP=0x0F000010 ESP=0x001FEF10 stack=80 32 40 00 28 EF 1F 00 FC EF 1F 00 00 00 00 00
info: Win32Emu.Emulator[0]
      [User32] DispatchMessageA: HWND=0x00010000 MSG=0x001C wParam=0x00000001 lParam=0x00000001
info: Win32Emu.Emulator[0]
      [User32] DispatchMessageA: Found WndProc=0x00403340 for HWND=0x00010000
info: Win32Emu.Emulator[0]
      [User32] CallWindowProcedureAsync: Calling 0x00403340 with HWND=0x00010000 MSG=0x001C
info: Win32Emu.Emulator[0]
      [JitCpu] Compiling block at EIP=0x00455300 using RTL pipeline
info: Win32Emu.Emulator[0]
      [RtlJitCache] Compiling block at 0x00455300 (28 instructions)
warn: Win32Emu.Emulator[0]
      [X86ToRtl] Unsupported instruction: Loopne at 0x455318
warn: Win32Emu.Emulator[0]
      [X86ToRtl] Unsupported instruction: Sldt at 0x45531F
warn: Win32Emu.Emulator[0]
      [X86ToRtl] Unsupported instruction: INVALID at 0x455333
warn: Win32Emu.Emulator[0]
      [X86ToRtl] Unsupported instruction: Pushad at 0x455338
warn: Win32Emu.Emulator[0]
      [X86ToRtl] Unsupported instruction: Pshufw at 0x45533B
info: Win32Emu.Emulator[0]
      [RtlJitCache] Saved C# source to /home/runner/work/Win32Emu/Win32Emu/.jitcache/Source/JitBlock_25f755b8_00455300.cs
fail: Win32Emu.Emulator[0]
      [RtlJitCache] Compilation failed:
      (35,25): error CS0103: The name 'CL' does not exist in the current context
      (36,13): error CS0103: The name 'AL' does not exist in the current context
      (37,26): error CS0103: The name 'AL' does not exist in the current context
      (39,26): error CS0103: The name 'AL' does not exist in the current context
      (40,13): error CS0103: The name 'AL' does not exist in the current context
      (41,25): error CS0103: The name 'CL' does not exist in the current context
      (43,18): error CS0019: Operator '<<' cannot be applied to operands of type 'uint' and 'uint'
      (44,18): error CS0019: Operator '>>' cannot be applied to operands of type 'uint' and 'uint'
      (46,25): error CS0103: The name 'CL' does not exist in the current context
      (47,25): error CS0103: The name 'CL' does not exist in the current context
      (48,26): error CS0103: The name 'AL' does not exist in the current context
      (49,25): error CS0103: The name 'CL' does not exist in the current context
      (50,25): error CS0103: The name 'AL' does not exist in the current context
      (51,25): error CS0103: The name 'CL' does not exist in the current context
      (52,25): error CS0103: The name 'AL' does not exist in the current context
      (53,25): error CS0103: The name 'CL' does not exist in the current context
      (54,25): error CS0103: The name 'AL' does not exist in the current context
      (55,25): error CS0103: The name 'CL' does not exist in the current context
      (58,25): error CS0103: The name 'CL' does not exist in the current context
fail: Win32Emu.Emulator[0]
      [User32] CallWindowProcedureAsync: Exception during execution: C# compilation failed: (35,25): error CS0103: The name 'CL' does not exist in the current context
      (36,13): error CS0103: The name 'AL' does not exist in the current context
      (37,26): error CS0103: The name 'AL' does not exist in the current context
      (39,26): error CS0103: The name 'AL' does not exist in the current context
      (40,13): error CS0103: The name 'AL' does not exist in the current context
      (41,25): error CS0103: The name 'CL' does not exist in the current context
      (43,18): error CS0019: Operator '<<' cannot be applied to operands of type 'uint' and 'uint'
      (44,18): error CS0019: Operator '>>' cannot be applied to operands of type 'uint' and 'uint'
      (46,25): error CS0103: The name 'CL' does not exist in the current context
      (47,25): error CS0103: The name 'CL' does not exist in the current context
      (48,26): error CS0103: The name 'AL' does not exist in the current context
      (49,25): error CS0103: The name 'CL' does not exist in the current context
      (50,25): error CS0103: The name 'AL' does not exist in the current context
      (51,25): error CS0103: The name 'CL' does not exist in the current context
      (52,25): error CS0103: The name 'AL' does not exist in the current context
      (53,25): error CS0103: The name 'CL' does not exist in the current context
      (54,25): error CS0103: The name 'AL' does not exist in the current context
      (55,25): error CS0103: The name 'CL' does not exist in the current context
      (58,25): error CS0103: The name 'CL' does not exist in the current context
      System.InvalidOperationException: C# compilation failed: (35,25): error CS0103: The name 'CL' does not exist in the current context
      (36,13): error CS0103: The name 'AL' does not exist in the current context
      (37,26): error CS0103: The name 'AL' does not exist in the current context
      (39,26): error CS0103: The name 'AL' does not exist in the current context
      (40,13): error CS0103: The name 'AL' does not exist in the current context
      (41,25): error CS0103: The name 'CL' does not exist in the current context
      (43,18): error CS0019: Operator '<<' cannot be applied to operands of type 'uint' and 'uint'
      (44,18): error CS0019: Operator '>>' cannot be applied to operands of type 'uint' and 'uint'
      (46,25): error CS0103: The name 'CL' does not exist in the current context
      (47,25): error CS0103: The name 'CL' does not exist in the current context
      (48,26): error CS0103: The name 'AL' does not exist in the current context
      (49,25): error CS0103: The name 'CL' does not exist in the current context
      (50,25): error CS0103: The name 'AL' does not exist in the current context
      (51,25): error CS0103: The name 'CL' does not exist in the current context
      (52,25): error CS0103: The name 'AL' does not exist in the current context
      (53,25): error CS0103: The name 'CL' does not exist in the current context
      (54,25): error CS0103: The name 'AL' does not exist in the current context
      (55,25): error CS0103: The name 'CL' does not exist in the current context
      (58,25): error CS0103: The name 'CL' does not exist in the current context
         at Win32Emu.Rtl.RtlJitCache.CompileCSharpToAssembly(String csharpCode, String assemblyName) in /home/runner/work/Win32Emu/Win32Emu/Win32Emu.Rtl/RtlJitCache.cs:line 179
         at Win32Emu.Rtl.RtlJitCache.CompileBlockAsync(UInt32 startAddress, List`1 instructions) in /home/runner/work/Win32Emu/Win32Emu/Win32Emu.Rtl/RtlJitCache.cs:line 105
         at Win32Emu.Rtl.RtlJitCache.CompileBlock(UInt32 startAddress, List`1 instructions) in /home/runner/work/Win32Emu/Win32Emu/Win32Emu.Rtl/RtlJitCache.cs:line 132
         at Win32Emu.Cpu.Jit.JitCpu.CompileBlock(UInt32 startEip, VirtualMemory mem) in /home/runner/work/Win32Emu/Win32Emu/Win32Emu/Cpu/Jit/JitCpu.cs:line 1671
         at Win32Emu.Cpu.Jit.JitCpu.ExecuteBlockAsync(VirtualMemory mem) in /home/runner/work/Win32Emu/Win32Emu/Win32Emu/Cpu/Jit/JitCpu.cs:line 437
         at Win32Emu.Cpu.CpuHelpers.ExecuteAsync(ICpu cpu, VirtualMemory memory) in /home/runner/work/Win32Emu/Win32Emu/Win32Emu/Cpu/CpuHelpers.cs:line 53
         at Win32Emu.Win32.Modules.User32Module.ExecuteStdCallProcedureAsync(ICpu cpu, VirtualMemory memory, UInt32 procedureAddress, UInt32[] parameters, String contextName, CancellationToken cancellationToken) in /home/runner/work/Win32Emu/Win32Emu/Win32Emu/Win32/Modules/User32Module.cs:line 2920
info: Win32Emu.Emulator[0]
      [User32] CallWindowProcedureAsync: Completed with return value 0x00000000, timedOut=False, cancelled=False, failed=True
info: Win32Emu.Emulator[0]
      [User32] DispatchMessageA: WndProc returned 0x00000000
info: Win32Emu.Emulator[0]
      [Dispatcher] USER32.DLL!DispatchMessageA returned 0x00000000, argBytes=4, convention=Stdcall
info: Win32Emu.Emulator[0]
      [Import USER32.DLL!DispatchMessageA] Return address from stack: ESP=0x001FEF10, retEIP=0x00403280
info: Win32Emu.Emulator[0]
      [Import USER32.DLL!DispatchMessageA] Stack state before cleanup:
        [ESP+00] = 0x001FEF10: 0x00403280 (return addr)
        [ESP+04] = 0x001FEF14: 0x001FEF28 (arg1)
        [ESP+08] = 0x001FEF18: 0x001FEFFC
        [ESP+12] = 0x001FEF1C: 0x00000000
        [ESP+16] = 0x001FEF20: 0x00470018
        [ESP+20] = 0x001FEF24: 0x00000000
      
info: Win32Emu.Emulator[0]
      [Import USER32.DLL!DispatchMessageA] Stack cleanup: ESP=0x001FEF10, retEIP=0x00403280, argBytes=4, new ESP=0x001FEF18
dbug: Win32Emu.Emulator[0]
      [RegisterValidation] After Import USER32.DLL!DispatchMessageA: EBX=0F000130 (saved=0F000130, preserved=True), ESI=0F000040 (saved=0F000040, preserved=True), EDI=0F000030 (saved=0F000030, preserved=True), EBP=0F000010 (saved=0F000010, preserved=True, valid=False, savedValid=False), ESP=001FEF18
dbug: Win32Emu.Emulator[0]
      [Import] Successfully invoked USER32.DLL!DispatchMessageA
info: Win32Emu.Emulator[0]
      [Import] Direct call to USER32.DLL!GetMessageA at 0x0F000030
info: Win32Emu.Emulator[0]
      Dispatching USER32.DLL!GetMessageA at EIP=0x0F000030 ESP=0x001FEF04 stack=6E 32 40 00 28 EF 1F 00 00 00 00 00 00 00 00 00
info: Win32Emu.Emulator[0]
      [User32] GetMessageA: retrieved MSG=0x0006 HWND=0x00010000
info: Win32Emu.Emulator[0]
      [Dispatcher] USER32.DLL!GetMessageA returned 0x00000001, argBytes=16, convention=Stdcall
info: Win32Emu.Emulator[0]
      [Import USER32.DLL!GetMessageA] Return address from stack: ESP=0x001FEF04, retEIP=0x0040326E
info: Win32Emu.Emulator[0]
      [Import USER32.DLL!GetMessageA] Stack state before cleanup:
        [ESP+00] = 0x001FEF04: 0x0040326E (return addr)
        [ESP+04] = 0x001FEF08: 0x001FEF28 (arg1)
        [ESP+08] = 0x001FEF0C: 0x00000000 (arg2)
        [ESP+12] = 0x001FEF10: 0x00000000 (arg3)
        [ESP+16] = 0x001FEF14: 0x00000000 (arg4)
        [ESP+20] = 0x001FEF18: 0x001FEFFC
      
info: Win32Emu.Emulator[0]
      [Import USER32.DLL!GetMessageA] Stack cleanup: ESP=0x001FEF04, retEIP=0x0040326E, argBytes=16, new ESP=0x001FEF18
dbug: Win32Emu.Emulator[0]
      [RegisterValidation] After Import USER32.DLL!GetMessageA: EBX=0F000130 (saved=0F000130, preserved=True), ESI=0F000040 (saved=0F000040, preserved=True), EDI=0F000030 (saved=0F000030, preserved=True), EBP=0F000010 (saved=0F000010, preserved=True, valid=False, savedValid=False), ESP=001FEF18
dbug: Win32Emu.Emulator[0]
      [Import] Successfully invoked USER32.DLL!GetMessageA
info: Win32Emu.Emulator[0]
      [Import] Direct call to USER32.DLL!TranslateMessage at 0x0F000130
info: Win32Emu.Emulator[0]
      Dispatching USER32.DLL!TranslateMessage at EIP=0x0F000130 ESP=0x001FEF10 stack=79 32 40 00 28 EF 1F 00 FC EF 1F 00 00 00 00 00
info: Win32Emu.Emulator[0]
      [User32] TranslateMessage: HWND=0x00010000 MSG=0x0006 wParam=0x00000001 lParam=0x00000000
info: Win32Emu.Emulator[0]
      [Dispatcher] USER32.DLL!TranslateMessage returned 0x00000000, argBytes=4, convention=Stdcall
info: Win32Emu.Emulator[0]
      [Import USER32.DLL!TranslateMessage] Return address from stack: ESP=0x001FEF10, retEIP=0x00403279
info: Win32Emu.Emulator[0]
      [Import USER32.DLL!TranslateMessage] Stack state before cleanup:
        [ESP+00] = 0x001FEF10: 0x00403279 (return addr)
        [ESP+04] = 0x001FEF14: 0x001FEF28 (arg1)
        [ESP+08] = 0x001FEF18: 0x001FEFFC
        [ESP+12] = 0x001FEF1C: 0x00000000
        [ESP+16] = 0x001FEF20: 0x00470018
        [ESP+20] = 0x001FEF24: 0x00000000
      
info: Win32Emu.Emulator[0]
      [Import USER32.DLL!TranslateMessage] Stack cleanup: ESP=0x001FEF10, retEIP=0x00403279, argBytes=4, new ESP=0x001FEF18
dbug: Win32Emu.Emulator[0]
      [RegisterValidation] After Import USER32.DLL!TranslateMessage: EBX=0F000130 (saved=0F000130, preserved=True), ESI=0F000040 (saved=0F000040, preserved=True), EDI=0F000030 (saved=0F000030, preserved=True), EBP=0F000010 (saved=0F000010, preserved=True, valid=False, savedValid=False), ESP=001FEF18
dbug: Win32Emu.Emulator[0]
      [Import] Successfully invoked USER32.DLL!TranslateMessage
info: Win32Emu.Emulator[0]
      [Import] Direct call to USER32.DLL!DispatchMessageA at 0x0F000010
info: Win32Emu.Emulator[0]
      Dispatching USER32.DLL!DispatchMessageA at EIP=0x0F000010 ESP=0x001FEF10 stack=80 32 40 00 28 EF 1F 00 FC EF 1F 00 00 00 00 00
info: Win32Emu.Emulator[0]
      [User32] DispatchMessageA: HWND=0x00010000 MSG=0x0006 wParam=0x00000001 lParam=0x00000000
info: Win32Emu.Emulator[0]
      [User32] DispatchMessageA: Found WndProc=0x00403340 for HWND=0x00010000
info: Win32Emu.Emulator[0]
      [User32] CallWindowProcedureAsync: Calling 0x00403340 with HWND=0x00010000 MSG=0x0006
info: Win32Emu.Emulator[0]
      [JitCpu] Compiling block at EIP=0x00455300 using RTL pipeline
info: Win32Emu.Emulator[0]
      [RtlJitCache] Compiling block at 0x00455300 (28 instructions)
warn: Win32Emu.Emulator[0]
      [X86ToRtl] Unsupported instruction: Loopne at 0x455318
warn: Win32Emu.Emulator[0]
      [X86ToRtl] Unsupported instruction: Sldt at 0x45531F
warn: Win32Emu.Emulator[0]
      [X86ToRtl] Unsupported instruction: INVALID at 0x455333
warn: Win32Emu.Emulator[0]
      [X86ToRtl] Unsupported instruction: Pushad at 0x455338
warn: Win32Emu.Emulator[0]
      [X86ToRtl] Unsupported instruction: Pshufw at 0x45533B
info: Win32Emu.Emulator[0]
      [RtlJitCache] Saved C# source to /home/runner/work/Win32Emu/Win32Emu/.jitcache/Source/JitBlock_25f755b8_00455300.cs
fail: Win32Emu.Emulator[0]
      [RtlJitCache] Compilation failed:
      (35,25): error CS0103: The name 'CL' does not exist in the current context
      (36,13): error CS0103: The name 'AL' does not exist in the current context
      (37,26): error CS0103: The name 'AL' does not exist in the current context
      (39,26): error CS0103: The name 'AL' does not exist in the current context
      (40,13): error CS0103: The name 'AL' does not exist in the current context
      (41,25): error CS0103: The name 'CL' does not exist in the current context
      (43,18): error CS0019: Operator '<<' cannot be applied to operands of type 'uint' and 'uint'
      (44,18): error CS0019: Operator '>>' cannot be applied to operands of type 'uint' and 'uint'
      (46,25): error CS0103: The name 'CL' does not exist in the current context
      (47,25): error CS0103: The name 'CL' does not exist in the current context
      (48,26): error CS0103: The name 'AL' does not exist in the current context
      (49,25): error CS0103: The name 'CL' does not exist in the current context
      (50,25): error CS0103: The name 'AL' does not exist in the current context
      (51,25): error CS0103: The name 'CL' does not exist in the current context
      (52,25): error CS0103: The name 'AL' does not exist in the current context
      (53,25): error CS0103: The name 'CL' does not exist in the current context
      (54,25): error CS0103: The name 'AL' does not exist in the current context
      (55,25): error CS0103: The name 'CL' does not exist in the current context
      (58,25): error CS0103: The name 'CL' does not exist in the current context
fail: Win32Emu.Emulator[0]
      [User32] CallWindowProcedureAsync: Exception during execution: C# compilation failed: (35,25): error CS0103: The name 'CL' does not exist in the current context
      (36,13): error CS0103: The name 'AL' does not exist in the current context
      (37,26): error CS0103: The name 'AL' does not exist in the current context
      (39,26): error CS0103: The name 'AL' does not exist in the current context
      (40,13): error CS0103: The name 'AL' does not exist in the current context
      (41,25): error CS0103: The name 'CL' does not exist in the current context
      (43,18): error CS0019: Operator '<<' cannot be applied to operands of type 'uint' and 'uint'
      (44,18): error CS0019: Operator '>>' cannot be applied to operands of type 'uint' and 'uint'
      (46,25): error CS0103: The name 'CL' does not exist in the current context
      (47,25): error CS0103: The name 'CL' does not exist in the current context
      (48,26): error CS0103: The name 'AL' does not exist in the current context
      (49,25): error CS0103: The name 'CL' does not exist in the current context
      (50,25): error CS0103: The name 'AL' does not exist in the current context
      (51,25): error CS0103: The name 'CL' does not exist in the current context
      (52,25): error CS0103: The name 'AL' does not exist in the current context
      (53,25): error CS0103: The name 'CL' does not exist in the current context
      (54,25): error CS0103: The name 'AL' does not exist in the current context
      (55,25): error CS0103: The name 'CL' does not exist in the current context
      (58,25): error CS0103: The name 'CL' does not exist in the current context
      System.InvalidOperationException: C# compilation failed: (35,25): error CS0103: The name 'CL' does not exist in the current context
      (36,13): error CS0103: The name 'AL' does not exist in the current context
      (37,26): error CS0103: The name 'AL' does not exist in the current context
      (39,26): error CS0103: The name 'AL' does not exist in the current context
      (40,13): error CS0103: The name 'AL' does not exist in the current context
      (41,25): error CS0103: The name 'CL' does not exist in the current context
      (43,18): error CS0019: Operator '<<' cannot be applied to operands of type 'uint' and 'uint'
      (44,18): error CS0019: Operator '>>' cannot be applied to operands of type 'uint' and 'uint'
      (46,25): error CS0103: The name 'CL' does not exist in the current context
      (47,25): error CS0103: The name 'CL' does not exist in the current context
      (48,26): error CS0103: The name 'AL' does not exist in the current context
      (49,25): error CS0103: The name 'CL' does not exist in the current context
      (50,25): error CS0103: The name 'AL' does not exist in the current context
      (51,25): error CS0103: The name 'CL' does not exist in the current context
      (52,25): error CS0103: The name 'AL' does not exist in the current context
      (53,25): error CS0103: The name 'CL' does not exist in the current context
      (54,25): error CS0103: The name 'AL' does not exist in the current context
      (55,25): error CS0103: The name 'CL' does not exist in the current context
      (58,25): error CS0103: The name 'CL' does not exist in the current context
         at Win32Emu.Rtl.RtlJitCache.CompileCSharpToAssembly(String csharpCode, String assemblyName) in /home/runner/work/Win32Emu/Win32Emu/Win32Emu.Rtl/RtlJitCache.cs:line 179
         at Win32Emu.Rtl.RtlJitCache.CompileBlockAsync(UInt32 startAddress, List`1 instructions) in /home/runner/work/Win32Emu/Win32Emu/Win32Emu.Rtl/RtlJitCache.cs:line 105
         at Win32Emu.Rtl.RtlJitCache.CompileBlock(UInt32 startAddress, List`1 instructions) in /home/runner/work/Win32Emu/Win32Emu/Win32Emu.Rtl/RtlJitCache.cs:line 132
         at Win32Emu.Cpu.Jit.JitCpu.CompileBlock(UInt32 startEip, VirtualMemory mem) in /home/runner/work/Win32Emu/Win32Emu/Win32Emu/Cpu/Jit/JitCpu.cs:line 1671
         at Win32Emu.Cpu.Jit.JitCpu.ExecuteBlockAsync(VirtualMemory mem) in /home/runner/work/Win32Emu/Win32Emu/Win32Emu/Cpu/Jit/JitCpu.cs:line 437
         at Win32Emu.Cpu.CpuHelpers.ExecuteAsync(ICpu cpu, VirtualMemory memory) in /home/runner/work/Win32Emu/Win32Emu/Win32Emu/Cpu/CpuHelpers.cs:line 53
         at Win32Emu.Win32.Modules.User32Module.ExecuteStdCallProcedureAsync(ICpu cpu, VirtualMemory memory, UInt32 procedureAddress, UInt32[] parameters, String contextName, CancellationToken cancellationToken) in /home/runner/work/Win32Emu/Win32Emu/Win32Emu/Win32/Modules/User32Module.cs:line 2920
info: Win32Emu.Emulator[0]
      [User32] CallWindowProcedureAsync: Completed with return value 0x00000000, timedOut=False, cancelled=False, failed=True
info: Win32Emu.Emulator[0]
      [User32] DispatchMessageA: WndProc returned 0x00000000
info: Win32Emu.Emulator[0]
      [Dispatcher] USER32.DLL!DispatchMessageA returned 0x00000000, argBytes=4, convention=Stdcall
info: Win32Emu.Emulator[0]
      [Import USER32.DLL!DispatchMessageA] Return address from stack: ESP=0x001FEF10, retEIP=0x00403280
info: Win32Emu.Emulator[0]
      [Import USER32.DLL!DispatchMessageA] Stack state before cleanup:
        [ESP+00] = 0x001FEF10: 0x00403280 (return addr)
        [ESP+04] = 0x001FEF14: 0x001FEF28 (arg1)
        [ESP+08] = 0x001FEF18: 0x001FEFFC
        [ESP+12] = 0x001FEF1C: 0x00000000
        [ESP+16] = 0x001FEF20: 0x00470018
        [ESP+20] = 0x001FEF24: 0x00000000
      
info: Win32Emu.Emulator[0]
      [Import USER32.DLL!DispatchMessageA] Stack cleanup: ESP=0x001FEF10, retEIP=0x00403280, argBytes=4, new ESP=0x001FEF18
dbug: Win32Emu.Emulator[0]
      [RegisterValidation] After Import USER32.DLL!DispatchMessageA: EBX=0F000130 (saved=0F000130, preserved=True), ESI=0F000040 (saved=0F000040, preserved=True), EDI=0F000030 (saved=0F000030, preserved=True), EBP=0F000010 (saved=0F000010, preserved=True, valid=False, savedValid=False), ESP=001FEF18
dbug: Win32Emu.Emulator[0]
      [Import] Successfully invoked USER32.DLL!DispatchMessageA
info: Win32Emu.Emulator[0]
      [Import] Direct call to USER32.DLL!GetMessageA at 0x0F000030
info: Win32Emu.Emulator[0]
      Dispatching USER32.DLL!GetMessageA at EIP=0x0F000030 ESP=0x001FEF04 stack=6E 32 40 00 28 EF 1F 00 00 00 00 00 00 00 00 00
info: Win32Emu.Emulator[0]
      [User32] GetMessageA: retrieved MSG=0x0006 HWND=0x00000002
info: Win32Emu.Emulator[0]
      [Dispatcher] USER32.DLL!GetMessageA returned 0x00000001, argBytes=16, convention=Stdcall
info: Win32Emu.Emulator[0]
      [Import USER32.DLL!GetMessageA] Return address from stack: ESP=0x001FEF04, retEIP=0x0040326E
info: Win32Emu.Emulator[0]
      [Import USER32.DLL!GetMessageA] Stack state before cleanup:
        [ESP+00] = 0x001FEF04: 0x0040326E (return addr)
        [ESP+04] = 0x001FEF08: 0x001FEF28 (arg1)
        [ESP+08] = 0x001FEF0C: 0x00000000 (arg2)
        [ESP+12] = 0x001FEF10: 0x00000000 (arg3)
        [ESP+16] = 0x001FEF14: 0x00000000 (arg4)
        [ESP+20] = 0x001FEF18: 0x001FEFFC
      
info: Win32Emu.Emulator[0]
      [Import USER32.DLL!GetMessageA] Stack cleanup: ESP=0x001FEF04, retEIP=0x0040326E, argBytes=16, new ESP=0x001FEF18
dbug: Win32Emu.Emulator[0]
      [RegisterValidation] After Import USER32.DLL!GetMessageA: EBX=0F000130 (saved=0F000130, preserved=True), ESI=0F000040 (saved=0F000040, preserved=True), EDI=0F000030 (saved=0F000030, preserved=True), EBP=0F000010 (saved=0F000010, preserved=True, valid=False, savedValid=False), ESP=001FEF18
dbug: Win32Emu.Emulator[0]
      [Import] Successfully invoked USER32.DLL!GetMessageA
info: Win32Emu.Emulator[0]
      [Import] Direct call to USER32.DLL!TranslateMessage at 0x0F000130
info: Win32Emu.Emulator[0]
      Dispatching USER32.DLL!TranslateMessage at EIP=0x0F000130 ESP=0x001FEF10 stack=79 32 40 00 28 EF 1F 00 FC EF 1F 00 00 00 00 00
info: Win32Emu.Emulator[0]
      [User32] TranslateMessage: HWND=0x00000002 MSG=0x0006 wParam=0x00000001 lParam=0x00000000
info: Win32Emu.Emulator[0]
      [Dispatcher] USER32.DLL!TranslateMessage returned 0x00000000, argBytes=4, convention=Stdcall
info: Win32Emu.Emulator[0]
      [Import USER32.DLL!TranslateMessage] Return address from stack: ESP=0x001FEF10, retEIP=0x00403279
info: Win32Emu.Emulator[0]
      [Import USER32.DLL!TranslateMessage] Stack state before cleanup:
        [ESP+00] = 0x001FEF10: 0x00403279 (return addr)
        [ESP+04] = 0x001FEF14: 0x001FEF28 (arg1)
        [ESP+08] = 0x001FEF18: 0x001FEFFC
        [ESP+12] = 0x001FEF1C: 0x00000000
        [ESP+16] = 0x001FEF20: 0x00470018
        [ESP+20] = 0x001FEF24: 0x00000000
      
info: Win32Emu.Emulator[0]
      [Import USER32.DLL!TranslateMessage] Stack cleanup: ESP=0x001FEF10, retEIP=0x00403279, argBytes=4, new ESP=0x001FEF18
dbug: Win32Emu.Emulator[0]
      [RegisterValidation] After Import USER32.DLL!TranslateMessage: EBX=0F000130 (saved=0F000130, preserved=True), ESI=0F000040 (saved=0F000040, preserved=True), EDI=0F000030 (saved=0F000030, preserved=True), EBP=0F000010 (saved=0F000010, preserved=True, valid=False, savedValid=False), ESP=001FEF18
dbug: Win32Emu.Emulator[0]
      [Import] Successfully invoked USER32.DLL!TranslateMessage
info: Win32Emu.Emulator[0]
      [Import] Direct call to USER32.DLL!DispatchMessageA at 0x0F000010
info: Win32Emu.Emulator[0]
      Dispatching USER32.DLL!DispatchMessageA at EIP=0x0F000010 ESP=0x001FEF10 stack=80 32 40 00 28 EF 1F 00 FC EF 1F 00 00 00 00 00
info: Win32Emu.Emulator[0]
      [User32] DispatchMessageA: HWND=0x00000002 MSG=0x0006 wParam=0x00000001 lParam=0x00000000
info: Win32Emu.Emulator[0]
      [User32] DispatchMessageA: No WndProc found for HWND=0x00000002
info: Win32Emu.Emulator[0]
      [Dispatcher] USER32.DLL!DispatchMessageA returned 0x00000000, argBytes=4, convention=Stdcall
info: Win32Emu.Emulator[0]
      [Import USER32.DLL!DispatchMessageA] Return address from stack: ESP=0x001FEF10, retEIP=0x00403280
info: Win32Emu.Emulator[0]
      [Import USER32.DLL!DispatchMessageA] Stack state before cleanup:
        [ESP+00] = 0x001FEF10: 0x00403280 (return addr)
        [ESP+04] = 0x001FEF14: 0x001FEF28 (arg1)
        [ESP+08] = 0x001FEF18: 0x001FEFFC
        [ESP+12] = 0x001FEF1C: 0x00000000
        [ESP+16] = 0x001FEF20: 0x00470018
        [ESP+20] = 0x001FEF24: 0x00000000
      
info: Win32Emu.Emulator[0]
      [Import USER32.DLL!DispatchMessageA] Stack cleanup: ESP=0x001FEF10, retEIP=0x00403280, argBytes=4, new ESP=0x001FEF18
dbug: Win32Emu.Emulator[0]
      [RegisterValidation] After Import USER32.DLL!DispatchMessageA: EBX=0F000130 (saved=0F000130, preserved=True), ESI=0F000040 (saved=0F000040, preserved=True), EDI=0F000030 (saved=0F000030, preserved=True), EBP=0F000010 (saved=0F000010, preserved=True, valid=False, savedValid=False), ESP=001FEF18
dbug: Win32Emu.Emulator[0]
      [Import] Successfully invoked USER32.DLL!DispatchMessageA
info: Win32Emu.Emulator[0]
      [Import] Direct call to USER32.DLL!GetMessageA at 0x0F000030
info: Win32Emu.Emulator[0]
      Dispatching USER32.DLL!GetMessageA at EIP=0x0F000030 ESP=0x001FEF04 stack=6E 32 40 00 28 EF 1F 00 00 00 00 00 00 00 00 00
info: Win32Emu.Emulator[0]
      [User32] GetMessageA: retrieved MSG=0x001C HWND=0x00000002
info: Win32Emu.Emulator[0]
      [Dispatcher] USER32.DLL!GetMessageA returned 0x00000001, argBytes=16, convention=Stdcall
info: Win32Emu.Emulator[0]
      [Import USER32.DLL!GetMessageA] Return address from stack: ESP=0x001FEF04, retEIP=0x0040326E
info: Win32Emu.Emulator[0]
      [Import USER32.DLL!GetMessageA] Stack state before cleanup:
        [ESP+00] = 0x001FEF04: 0x0040326E (return addr)
        [ESP+04] = 0x001FEF08: 0x001FEF28 (arg1)
        [ESP+08] = 0x001FEF0C: 0x00000000 (arg2)
        [ESP+12] = 0x001FEF10: 0x00000000 (arg3)
        [ESP+16] = 0x001FEF14: 0x00000000 (arg4)
        [ESP+20] = 0x001FEF18: 0x001FEFFC
      
info: Win32Emu.Emulator[0]
      [Import USER32.DLL!GetMessageA] Stack cleanup: ESP=0x001FEF04, retEIP=0x0040326E, argBytes=16, new ESP=0x001FEF18
dbug: Win32Emu.Emulator[0]
      [RegisterValidation] After Import USER32.DLL!GetMessageA: EBX=0F000130 (saved=0F000130, preserved=True), ESI=0F000040 (saved=0F000040, preserved=True), EDI=0F000030 (saved=0F000030, preserved=True), EBP=0F000010 (saved=0F000010, preserved=True, valid=False, savedValid=False), ESP=001FEF18
dbug: Win32Emu.Emulator[0]
      [Import] Successfully invoked USER32.DLL!GetMessageA
info: Win32Emu.Emulator[0]
      [Import] Direct call to USER32.DLL!TranslateMessage at 0x0F000130
info: Win32Emu.Emulator[0]
      Dispatching USER32.DLL!TranslateMessage at EIP=0x0F000130 ESP=0x001FEF10 stack=79 32 40 00 28 EF 1F 00 FC EF 1F 00 00 00 00 00
info: Win32Emu.Emulator[0]
      [User32] TranslateMessage: HWND=0x00000002 MSG=0x001C wParam=0x00000001 lParam=0x00000001
info: Win32Emu.Emulator[0]
      [Dispatcher] USER32.DLL!TranslateMessage returned 0x00000000, argBytes=4, convention=Stdcall
info: Win32Emu.Emulator[0]
      [Import USER32.DLL!TranslateMessage] Return address from stack: ESP=0x001FEF10, retEIP=0x00403279
info: Win32Emu.Emulator[0]
      [Import USER32.DLL!TranslateMessage] Stack state before cleanup:
        [ESP+00] = 0x001FEF10: 0x00403279 (return addr)
        [ESP+04] = 0x001FEF14: 0x001FEF28 (arg1)
        [ESP+08] = 0x001FEF18: 0x001FEFFC
        [ESP+12] = 0x001FEF1C: 0x00000000
        [ESP+16] = 0x001FEF20: 0x00470018
        [ESP+20] = 0x001FEF24: 0x00000000
      
info: Win32Emu.Emulator[0]
      [Import USER32.DLL!TranslateMessage] Stack cleanup: ESP=0x001FEF10, retEIP=0x00403279, argBytes=4, new ESP=0x001FEF18
dbug: Win32Emu.Emulator[0]
      [RegisterValidation] After Import USER32.DLL!TranslateMessage: EBX=0F000130 (saved=0F000130, preserved=True), ESI=0F000040 (saved=0F000040, preserved=True), EDI=0F000030 (saved=0F000030, preserved=True), EBP=0F000010 (saved=0F000010, preserved=True, valid=False, savedValid=False), ESP=001FEF18
dbug: Win32Emu.Emulator[0]
      [Import] Successfully invoked USER32.DLL!TranslateMessage
info: Win32Emu.Emulator[0]
      [Import] Direct call to USER32.DLL!DispatchMessageA at 0x0F000010
info: Win32Emu.Emulator[0]
      Dispatching USER32.DLL!DispatchMessageA at EIP=0x0F000010 ESP=0x001FEF10 stack=80 32 40 00 28 EF 1F 00 FC EF 1F 00 00 00 00 00
info: Win32Emu.Emulator[0]
      [User32] DispatchMessageA: HWND=0x00000002 MSG=0x001C wParam=0x00000001 lParam=0x00000001
info: Win32Emu.Emulator[0]
      [User32] DispatchMessageA: No WndProc found for HWND=0x00000002
info: Win32Emu.Emulator[0]
      [Dispatcher] USER32.DLL!DispatchMessageA returned 0x00000000, argBytes=4, convention=Stdcall
info: Win32Emu.Emulator[0]
      [Import USER32.DLL!DispatchMessageA] Return address from stack: ESP=0x001FEF10, retEIP=0x00403280
info: Win32Emu.Emulator[0]
      [Import USER32.DLL!DispatchMessageA] Stack state before cleanup:
        [ESP+00] = 0x001FEF10: 0x00403280 (return addr)
        [ESP+04] = 0x001FEF14: 0x001FEF28 (arg1)
        [ESP+08] = 0x001FEF18: 0x001FEFFC
        [ESP+12] = 0x001FEF1C: 0x00000000
        [ESP+16] = 0x001FEF20: 0x00470018
        [ESP+20] = 0x001FEF24: 0x00000000
      
info: Win32Emu.Emulator[0]
      [Import USER32.DLL!DispatchMessageA] Stack cleanup: ESP=0x001FEF10, retEIP=0x00403280, argBytes=4, new ESP=0x001FEF18
dbug: Win32Emu.Emulator[0]
      [RegisterValidation] After Import USER32.DLL!DispatchMessageA: EBX=0F000130 (saved=0F000130, preserved=True), ESI=0F000040 (saved=0F000040, preserved=True), EDI=0F000030 (saved=0F000030, preserved=True), EBP=0F000010 (saved=0F000010, preserved=True, valid=False, savedValid=False), ESP=001FEF18
dbug: Win32Emu.Emulator[0]
      [Import] Successfully invoked USER32.DLL!DispatchMessageA
info: Win32Emu.Emulator[0]
      [Import] Direct call to USER32.DLL!GetMessageA at 0x0F000030
info: Win32Emu.Emulator[0]
      Dispatching USER32.DLL!GetMessageA at EIP=0x0F000030 ESP=0x001FEF04 stack=6E 32 40 00 28 EF 1F 00 00 00 00 00 00 00 00 00
info: Win32Emu.Emulator[0]
      [User32] GetMessageA: retrieved MSG=0x0006 HWND=0x00000002
info: Win32Emu.Emulator[0]
      [Dispatcher] USER32.DLL!GetMessageA returned 0x00000001, argBytes=16, convention=Stdcall
info: Win32Emu.Emulator[0]
      [Import USER32.DLL!GetMessageA] Return address from stack: ESP=0x001FEF04, retEIP=0x0040326E
info: Win32Emu.Emulator[0]
      [Import USER32.DLL!GetMessageA] Stack state before cleanup:
        [ESP+00] = 0x001FEF04: 0x0040326E (return addr)
        [ESP+04] = 0x001FEF08: 0x001FEF28 (arg1)
        [ESP+08] = 0x001FEF0C: 0x00000000 (arg2)
        [ESP+12] = 0x001FEF10: 0x00000000 (arg3)
        [ESP+16] = 0x001FEF14: 0x00000000 (arg4)
        [ESP+20] = 0x001FEF18: 0x001FEFFC
      
info: Win32Emu.Emulator[0]
      [Import USER32.DLL!GetMessageA] Stack cleanup: ESP=0x001FEF04, retEIP=0x0040326E, argBytes=16, new ESP=0x001FEF18
dbug: Win32Emu.Emulator[0]
      [RegisterValidation] After Import USER32.DLL!GetMessageA: EBX=0F000130 (saved=0F000130, preserved=True), ESI=0F000040 (saved=0F000040, preserved=True), EDI=0F000030 (saved=0F000030, preserved=True), EBP=0F000010 (saved=0F000010, preserved=True, valid=False, savedValid=False), ESP=001FEF18
dbug: Win32Emu.Emulator[0]
      [Import] Successfully invoked USER32.DLL!GetMessageA
info: Win32Emu.Emulator[0]
      [Import] Direct call to USER32.DLL!TranslateMessage at 0x0F000130
info: Win32Emu.Emulator[0]
      Dispatching USER32.DLL!TranslateMessage at EIP=0x0F000130 ESP=0x001FEF10 stack=79 32 40 00 28 EF 1F 00 FC EF 1F 00 00 00 00 00
info: Win32Emu.Emulator[0]
      [User32] TranslateMessage: HWND=0x00000002 MSG=0x0006 wParam=0x00000001 lParam=0x00000000
info: Win32Emu.Emulator[0]
      [Dispatcher] USER32.DLL!TranslateMessage returned 0x00000000, argBytes=4, convention=Stdcall
info: Win32Emu.Emulator[0]
      [Import USER32.DLL!TranslateMessage] Return address from stack: ESP=0x001FEF10, retEIP=0x00403279
info: Win32Emu.Emulator[0]
      [Import USER32.DLL!TranslateMessage] Stack state before cleanup:
        [ESP+00] = 0x001FEF10: 0x00403279 (return addr)
        [ESP+04] = 0x001FEF14: 0x001FEF28 (arg1)
        [ESP+08] = 0x001FEF18: 0x001FEFFC
        [ESP+12] = 0x001FEF1C: 0x00000000
        [ESP+16] = 0x001FEF20: 0x00470018
        [ESP+20] = 0x001FEF24: 0x00000000
      
info: Win32Emu.Emulator[0]
      [Import USER32.DLL!TranslateMessage] Stack cleanup: ESP=0x001FEF10, retEIP=0x00403279, argBytes=4, new ESP=0x001FEF18
dbug: Win32Emu.Emulator[0]
      [RegisterValidation] After Import USER32.DLL!TranslateMessage: EBX=0F000130 (saved=0F000130, preserved=True), ESI=0F000040 (saved=0F000040, preserved=True), EDI=0F000030 (saved=0F000030, preserved=True), EBP=0F000010 (saved=0F000010, preserved=True, valid=False, savedValid=False), ESP=001FEF18
dbug: Win32Emu.Emulator[0]
      [Import] Successfully invoked USER32.DLL!TranslateMessage
info: Win32Emu.Emulator[0]
      [Import] Direct call to USER32.DLL!DispatchMessageA at 0x0F000010
info: Win32Emu.Emulator[0]
      Dispatching USER32.DLL!DispatchMessageA at EIP=0x0F000010 ESP=0x001FEF10 stack=80 32 40 00 28 EF 1F 00 FC EF 1F 00 00 00 00 00
info: Win32Emu.Emulator[0]
      [User32] DispatchMessageA: HWND=0x00000002 MSG=0x0006 wParam=0x00000001 lParam=0x00000000
info: Win32Emu.Emulator[0]
      [User32] DispatchMessageA: No WndProc found for HWND=0x00000002
info: Win32Emu.Emulator[0]
      [Dispatcher] USER32.DLL!DispatchMessageA returned 0x00000000, argBytes=4, convention=Stdcall
info: Win32Emu.Emulator[0]
      [Import USER32.DLL!DispatchMessageA] Return address from stack: ESP=0x001FEF10, retEIP=0x00403280
info: Win32Emu.Emulator[0]
      [Import USER32.DLL!DispatchMessageA] Stack state before cleanup:
        [ESP+00] = 0x001FEF10: 0x00403280 (return addr)
        [ESP+04] = 0x001FEF14: 0x001FEF28 (arg1)
        [ESP+08] = 0x001FEF18: 0x001FEFFC
        [ESP+12] = 0x001FEF1C: 0x00000000
        [ESP+16] = 0x001FEF20: 0x00470018
        [ESP+20] = 0x001FEF24: 0x00000000
      
info: Win32Emu.Emulator[0]
      [Import USER32.DLL!DispatchMessageA] Stack cleanup: ESP=0x001FEF10, retEIP=0x00403280, argBytes=4, new ESP=0x001FEF18
dbug: Win32Emu.Emulator[0]
      [RegisterValidation] After Import USER32.DLL!DispatchMessageA: EBX=0F000130 (saved=0F000130, preserved=True), ESI=0F000040 (saved=0F000040, preserved=True), EDI=0F000030 (saved=0F000030, preserved=True), EBP=0F000010 (saved=0F000010, preserved=True, valid=False, savedValid=False), ESP=001FEF18
dbug: Win32Emu.Emulator[0]
      [Import] Successfully invoked USER32.DLL!DispatchMessageA
info: Win32Emu.Emulator[0]
      [Import] Direct call to USER32.DLL!GetMessageA at 0x0F000030
info: Win32Emu.Emulator[0]
      Dispatching USER32.DLL!GetMessageA at EIP=0x0F000030 ESP=0x001FEF04 stack=6E 32 40 00 28 EF 1F 00 00 00 00 00 00 00 00 00
info: Win32Emu.Emulator[0]
      [User32] GetMessageA: retrieved MSG=0x001C HWND=0x00000002
info: Win32Emu.Emulator[0]
      [Dispatcher] USER32.DLL!GetMessageA returned 0x00000001, argBytes=16, convention=Stdcall
info: Win32Emu.Emulator[0]
      [Import USER32.DLL!GetMessageA] Return address from stack: ESP=0x001FEF04, retEIP=0x0040326E
info: Win32Emu.Emulator[0]
      [Import USER32.DLL!GetMessageA] Stack state before cleanup:
        [ESP+00] = 0x001FEF04: 0x0040326E (return addr)
        [ESP+04] = 0x001FEF08: 0x001FEF28 (arg1)
        [ESP+08] = 0x001FEF0C: 0x00000000 (arg2)
        [ESP+12] = 0x001FEF10: 0x00000000 (arg3)
        [ESP+16] = 0x001FEF14: 0x00000000 (arg4)
        [ESP+20] = 0x001FEF18: 0x001FEFFC
      
info: Win32Emu.Emulator[0]
      [Import USER32.DLL!GetMessageA] Stack cleanup: ESP=0x001FEF04, retEIP=0x0040326E, argBytes=16, new ESP=0x001FEF18
dbug: Win32Emu.Emulator[0]
      [RegisterValidation] After Import USER32.DLL!GetMessageA: EBX=0F000130 (saved=0F000130, preserved=True), ESI=0F000040 (saved=0F000040, preserved=True), EDI=0F000030 (saved=0F000030, preserved=True), EBP=0F000010 (saved=0F000010, preserved=True, valid=False, savedValid=False), ESP=001FEF18
dbug: Win32Emu.Emulator[0]
      [Import] Successfully invoked USER32.DLL!GetMessageA
info: Win32Emu.Emulator[0]
      [Import] Direct call to USER32.DLL!TranslateMessage at 0x0F000130
info: Win32Emu.Emulator[0]
      Dispatching USER32.DLL!TranslateMessage at EIP=0x0F000130 ESP=0x001FEF10 stack=79 32 40 00 28 EF 1F 00 FC EF 1F 00 00 00 00 00
info: Win32Emu.Emulator[0]
      [User32] TranslateMessage: HWND=0x00000002 MSG=0x001C wParam=0x00000001 lParam=0x00000001
info: Win32Emu.Emulator[0]
      [Dispatcher] USER32.DLL!TranslateMessage returned 0x00000000, argBytes=4, convention=Stdcall
info: Win32Emu.Emulator[0]
      [Import USER32.DLL!TranslateMessage] Return address from stack: ESP=0x001FEF10, retEIP=0x00403279
info: Win32Emu.Emulator[0]
      [Import USER32.DLL!TranslateMessage] Stack state before cleanup:
        [ESP+00] = 0x001FEF10: 0x00403279 (return addr)
        [ESP+04] = 0x001FEF14: 0x001FEF28 (arg1)
        [ESP+08] = 0x001FEF18: 0x001FEFFC
        [ESP+12] = 0x001FEF1C: 0x00000000
        [ESP+16] = 0x001FEF20: 0x00470018
        [ESP+20] = 0x001FEF24: 0x00000000
      
info: Win32Emu.Emulator[0]
      [Import USER32.DLL!TranslateMessage] Stack cleanup: ESP=0x001FEF10, retEIP=0x00403279, argBytes=4, new ESP=0x001FEF18
dbug: Win32Emu.Emulator[0]
      [RegisterValidation] After Import USER32.DLL!TranslateMessage: EBX=0F000130 (saved=0F000130, preserved=True), ESI=0F000040 (saved=0F000040, preserved=True), EDI=0F000030 (saved=0F000030, preserved=True), EBP=0F000010 (saved=0F000010, preserved=True, valid=False, savedValid=False), ESP=001FEF18
dbug: Win32Emu.Emulator[0]
      [Import] Successfully invoked USER32.DLL!TranslateMessage
info: Win32Emu.Emulator[0]
      [Import] Direct call to USER32.DLL!DispatchMessageA at 0x0F000010
info: Win32Emu.Emulator[0]
      Dispatching USER32.DLL!DispatchMessageA at EIP=0x0F000010 ESP=0x001FEF10 stack=80 32 40 00 28 EF 1F 00 FC EF 1F 00 00 00 00 00
info: Win32Emu.Emulator[0]
      [User32] DispatchMessageA: HWND=0x00000002 MSG=0x001C wParam=0x00000001 lParam=0x00000001
info: Win32Emu.Emulator[0]
      [User32] DispatchMessageA: No WndProc found for HWND=0x00000002
info: Win32Emu.Emulator[0]
      [Dispatcher] USER32.DLL!DispatchMessageA returned 0x00000000, argBytes=4, convention=Stdcall
info: Win32Emu.Emulator[0]
      [Import USER32.DLL!DispatchMessageA] Return address from stack: ESP=0x001FEF10, retEIP=0x00403280
info: Win32Emu.Emulator[0]
      [Import USER32.DLL!DispatchMessageA] Stack state before cleanup:
        [ESP+00] = 0x001FEF10: 0x00403280 (return addr)
        [ESP+04] = 0x001FEF14: 0x001FEF28 (arg1)
        [ESP+08] = 0x001FEF18: 0x001FEFFC
        [ESP+12] = 0x001FEF1C: 0x00000000
        [ESP+16] = 0x001FEF20: 0x00470018
        [ESP+20] = 0x001FEF24: 0x00000000
      
info: Win32Emu.Emulator[0]
      [Import USER32.DLL!DispatchMessageA] Stack cleanup: ESP=0x001FEF10, retEIP=0x00403280, argBytes=4, new ESP=0x001FEF18
dbug: Win32Emu.Emulator[0]
      [RegisterValidation] After Import USER32.DLL!DispatchMessageA: EBX=0F000130 (saved=0F000130, preserved=True), ESI=0F000040 (saved=0F000040, preserved=True), EDI=0F000030 (saved=0F000030, preserved=True), EBP=0F000010 (saved=0F000010, preserved=True, valid=False, savedValid=False), ESP=001FEF18
dbug: Win32Emu.Emulator[0]
      [Import] Successfully invoked USER32.DLL!DispatchMessageA
info: Win32Emu.Emulator[0]
      [Import] Direct call to USER32.DLL!GetMessageA at 0x0F000030
info: Win32Emu.Emulator[0]
      Dispatching USER32.DLL!GetMessageA at EIP=0x0F000030 ESP=0x001FEF04 stack=6E 32 40 00 28 EF 1F 00 00 00 00 00 00 00 00 00
info: Win32Emu.Emulator[0]
      [Dispatcher] USER32.DLL!GetMessageA returned 0x00000001, argBytes=16, convention=Stdcall
info: Win32Emu.Emulator[0]
      [Import USER32.DLL!GetMessageA] Return address from stack: ESP=0x001FEF04, retEIP=0x0040326E
info: Win32Emu.Emulator[0]
      [Import USER32.DLL!GetMessageA] Stack state before cleanup:
        [ESP+00] = 0x001FEF04: 0x0040326E (return addr)
        [ESP+04] = 0x001FEF08: 0x001FEF28 (arg1)
        [ESP+08] = 0x001FEF0C: 0x00000000 (arg2)
        [ESP+12] = 0x001FEF10: 0x00000000 (arg3)
        [ESP+16] = 0x001FEF14: 0x00000000 (arg4)
        [ESP+20] = 0x001FEF18: 0x001FEFFC
      
info: Win32Emu.Emulator[0]
      [Import USER32.DLL!GetMessageA] Stack cleanup: ESP=0x001FEF04, retEIP=0x0040326E, argBytes=16, new ESP=0x001FEF18
dbug: Win32Emu.Emulator[0]
      [RegisterValidation] After Import USER32.DLL!GetMessageA: EBX=0F000130 (saved=0F000130, preserved=True), ESI=0F000040 (saved=0F000040, preserved=True), EDI=0F000030 (saved=0F000030, preserved=True), EBP=0F000010 (saved=0F000010, preserved=True, valid=False, savedValid=False), ESP=001FEF18
dbug: Win32Emu.Emulator[0]
      [Import] Successfully invoked USER32.DLL!GetMessageA
info: Win32Emu.Emulator[0]
      [Import] Direct call to USER32.DLL!TranslateMessage at 0x0F000130
info: Win32Emu.Emulator[0]
      Dispatching USER32.DLL!TranslateMessage at EIP=0x0F000130 ESP=0x001FEF10 stack=79 32 40 00 28 EF 1F 00 FC EF 1F 00 00 00 00 00
info: Win32Emu.Emulator[0]
      [User32] TranslateMessage: HWND=0x00000000 MSG=0x0000 wParam=0x00000000 lParam=0x00000000
info: Win32Emu.Emulator[0]
      [Dispatcher] USER32.DLL!TranslateMessage returned 0x00000000, argBytes=4, convention=Stdcall
info: Win32Emu.Emulator[0]
      [Import USER32.DLL!TranslateMessage] Return address from stack: ESP=0x001FEF10, retEIP=0x00403279
info: Win32Emu.Emulator[0]
      [Import USER32.DLL!TranslateMessage] Stack state before cleanup:
        [ESP+00] = 0x001FEF10: 0x00403279 (return addr)
        [ESP+04] = 0x001FEF14: 0x001FEF28 (arg1)
        [ESP+08] = 0x001FEF18: 0x001FEFFC
        [ESP+12] = 0x001FEF1C: 0x00000000
        [ESP+16] = 0x001FEF20: 0x00470018
        [ESP+20] = 0x001FEF24: 0x00000000
      
info: Win32Emu.Emulator[0]
      [Import USER32.DLL!TranslateMessage] Stack cleanup: ESP=0x001FEF10, retEIP=0x00403279, argBytes=4, new ESP=0x001FEF18
dbug: Win32Emu.Emulator[0]
      [RegisterValidation] After Import USER32.DLL!TranslateMessage: EBX=0F000130 (saved=0F000130, preserved=True), ESI=0F000040 (saved=0F000040, preserved=True), EDI=0F000030 (saved=0F000030, preserved=True), EBP=0F000010 (saved=0F000010, preserved=True, valid=False, savedValid=False), ESP=001FEF18
dbug: Win32Emu.Emulator[0]
      [Import] Successfully invoked USER32.DLL!TranslateMessage
info: Win32Emu.Emulator[0]
      [Import] Direct call to USER32.DLL!DispatchMessageA at 0x0F000010
info: Win32Emu.Emulator[0]
      Dispatching USER32.DLL!DispatchMessageA at EIP=0x0F000010 ESP=0x001FEF10 stack=80 32 40 00 28 EF 1F 00 FC EF 1F 00 00 00 00 00
info: Win32Emu.Emulator[0]
      [User32] DispatchMessageA: HWND=0x00000000 MSG=0x0000 wParam=0x00000000 lParam=0x00000000
info: Win32Emu.Emulator[0]
      [User32] DispatchMessageA: No WndProc found for HWND=0x00000000
info: Win32Emu.Emulator[0]
      [Dispatcher] USER32.DLL!DispatchMessageA returned 0x00000000, argBytes=4, convention=Stdcall
info: Win32Emu.Emulator[0]
      [Import USER32.DLL!DispatchMessageA] Return address from stack: ESP=0x001FEF10, retEIP=0x00403280
info: Win32Emu.Emulator[0]
      [Import USER32.DLL!DispatchMessageA] Stack state before cleanup:
        [ESP+00] = 0x001FEF10: 0x00403280 (return addr)
        [ESP+04] = 0x001FEF14: 0x001FEF28 (arg1)
        [ESP+08] = 0x001FEF18: 0x001FEFFC
        [ESP+12] = 0x001FEF1C: 0x00000000
        [ESP+16] = 0x001FEF20: 0x00470018
        [ESP+20] = 0x001FEF24: 0x00000000
      
info: Win32Emu.Emulator[0]
      [Import USER32.DLL!DispatchMessageA] Stack cleanup: ESP=0x001FEF10, retEIP=0x00403280, argBytes=4, new ESP=0x001FEF18
dbug: Win32Emu.Emulator[0]
      [RegisterValidation] After Import USER32.DLL!DispatchMessageA: EBX=0F000130 (saved=0F000130, preserved=True), ESI=0F000040 (saved=0F000040, preserved=True), EDI=0F000030 (saved=0F000030, preserved=True), EBP=0F000010 (saved=0F000010, preserved=True, valid=False, savedValid=False), ESP=001FEF18
dbug: Win32Emu.Emulator[0]
      [Import] Successfully invoked USER32.DLL!DispatchMessageA
info: Win32Emu.Emulator[0]
      [Import] Direct call to USER32.DLL!GetMessageA at 0x0F000030
info: Win32Emu.Emulator[0]
      Dispatching USER32.DLL!GetMessageA at EIP=0x0F000030 ESP=0x001FEF04 stack=6E 32 40 00 28 EF 1F 00 00 00 00 00 00 00 00 00
info: Win32Emu.Emulator[0]
      [Dispatcher] USER32.DLL!GetMessageA returned 0x00000001, argBytes=16, convention=Stdcall
info: Win32Emu.Emulator[0]
      [Import USER32.DLL!GetMessageA] Return address from stack: ESP=0x001FEF04, retEIP=0x0040326E
info: Win32Emu.Emulator[0]
      [Import USER32.DLL!GetMessageA] Stack state before cleanup:
        [ESP+00] = 0x001FEF04: 0x0040326E (return addr)
        [ESP+04] = 0x001FEF08: 0x001FEF28 (arg1)
        [ESP+08] = 0x001FEF0C: 0x00000000 (arg2)
        [ESP+12] = 0x001FEF10: 0x00000000 (arg3)
        [ESP+16] = 0x001FEF14: 0x00000000 (arg4)
        [ESP+20] = 0x001FEF18: 0x001FEFFC
      
info: Win32Emu.Emulator[0]
      [Import USER32.DLL!GetMessageA] Stack cleanup: ESP=0x001FEF04, retEIP=0x0040326E, argBytes=16, new ESP=0x001FEF18
dbug: Win32Emu.Emulator[0]
      [RegisterValidation] After Import USER32.DLL!GetMessageA: EBX=0F000130 (saved=0F000130, preserved=True), ESI=0F000040 (saved=0F000040, preserved=True), EDI=0F000030 (saved=0F000030, preserved=True), EBP=0F000010 (saved=0F000010, preserved=True, valid=False, savedValid=False), ESP=001FEF18
dbug: Win32Emu.Emulator[0]
      [Import] Successfully invoked USER32.DLL!GetMessageA
info: Win32Emu.Emulator[0]
      [Import] Direct call to USER32.DLL!TranslateMessage at 0x0F000130
info: Win32Emu.Emulator[0]
      Dispatching USER32.DLL!TranslateMessage at EIP=0x0F000130 ESP=0x001FEF10 stack=79 32 40 00 28 EF 1F 00 FC EF 1F 00 00 00 00 00
info: Win32Emu.Emulator[0]
      [User32] TranslateMessage: HWND=0x00000000 MSG=0x0000 wParam=0x00000000 lParam=0x00000000
info: Win32Emu.Emulator[0]
      [Dispatcher] USER32.DLL!TranslateMessage returned 0x00000000, argBytes=4, convention=Stdcall
info: Win32Emu.Emulator[0]
      [Import USER32.DLL!TranslateMessage] Return address from stack: ESP=0x001FEF10, retEIP=0x00403279
info: Win32Emu.Emulator[0]
      [Import USER32.DLL!TranslateMessage] Stack state before cleanup:
        [ESP+00] = 0x001FEF10: 0x00403279 (return addr)
        [ESP+04] = 0x001FEF14: 0x001FEF28 (arg1)
        [ESP+08] = 0x001FEF18: 0x001FEFFC
        [ESP+12] = 0x001FEF1C: 0x00000000
        [ESP+16] = 0x001FEF20: 0x00470018
        [ESP+20] = 0x001FEF24: 0x00000000
      
info: Win32Emu.Emulator[0]
      [Import USER32.DLL!TranslateMessage] Stack cleanup: ESP=0x001FEF10, retEIP=0x00403279, argBytes=4, new ESP=0x001FEF18
dbug: Win32Emu.Emulator[0]
      [RegisterValidation] After Import USER32.DLL!TranslateMessage: EBX=0F000130 (saved=0F000130, preserved=True), ESI=0F000040 (saved=0F000040, preserved=True), EDI=0F000030 (saved=0F000030, preserved=True), EBP=0F000010 (saved=0F000010, preserved=True, valid=False, savedValid=False), ESP=001FEF18
dbug: Win32Emu.Emulator[0]
      [Import] Successfully invoked USER32.DLL!TranslateMessage
info: Win32Emu.Emulator[0]
      [Import] Direct call to USER32.DLL!DispatchMessageA at 0x0F000010
info: Win32Emu.Emulator[0]
      Dispatching USER32.DLL!DispatchMessageA at EIP=0x0F000010 ESP=0x001FEF10 stack=80 32 40 00 28 EF 1F 00 FC EF 1F 00 00 00 00 00
info: Win32Emu.Emulator[0]
      [User32] DispatchMessageA: HWND=0x00000000 MSG=0x0000 wParam=0x00000000 lParam=0x00000000
info: Win32Emu.Emulator[0]
      [User32] DispatchMessageA: No WndProc found for HWND=0x00000000
info: Win32Emu.Emulator[0]
      [Dispatcher] USER32.DLL!DispatchMessageA returned 0x00000000, argBytes=4, convention=Stdcall
info: Win32Emu.Emulator[0]
      [Import USER32.DLL!DispatchMessageA] Return address from stack: ESP=0x001FEF10, retEIP=0x00403280
info: Win32Emu.Emulator[0]
      [Import USER32.DLL!DispatchMessageA] Stack state before cleanup:
        [ESP+00] = 0x001FEF10: 0x00403280 (return addr)
        [ESP+04] = 0x001FEF14: 0x001FEF28 (arg1)
        [ESP+08] = 0x001FEF18: 0x001FEFFC
        [ESP+12] = 0x001FEF1C: 0x00000000
        [ESP+16] = 0x001FEF20: 0x00470018
        [ESP+20] = 0x001FEF24: 0x00000000
      
info: Win32Emu.Emulator[0]
      [Import USER32.DLL!DispatchMessageA] Stack cleanup: ESP=0x001FEF10, retEIP=0x00403280, argBytes=4, new ESP=0x001FEF18
dbug: Win32Emu.Emulator[0]
      [RegisterValidation] After Import USER32.DLL!DispatchMessageA: EBX=0F000130 (saved=0F000130, preserved=True), ESI=0F000040 (saved=0F000040, preserved=True), EDI=0F000030 (saved=0F000030, preserved=True), EBP=0F000010 (saved=0F000010, preserved=True, valid=False, savedValid=False), ESP=001FEF18
dbug: Win32Emu.Emulator[0]
      [Import] Successfully invoked USER32.DLL!DispatchMessageA
info: Win32Emu.Emulator[0]
      [Import] Direct call to USER32.DLL!GetMessageA at 0x0F000030
info: Win32Emu.Emulator[0]
      Dispatching USER32.DLL!GetMessageA at EIP=0x0F000030 ESP=0x001FEF04 stack=6E 32 40 00 28 EF 1F 00 00 00 00 00 00 00 00 00
info: Win32Emu.Emulator[0]
      [Dispatcher] USER32.DLL!GetMessageA returned 0x00000001, argBytes=16, convention=Stdcall
info: Win32Emu.Emulator[0]
      [Import USER32.DLL!GetMessageA] Return address from stack: ESP=0x001FEF04, retEIP=0x0040326E
info: Win32Emu.Emulator[0]
      [Import USER32.DLL!GetMessageA] Stack state before cleanup:
        [ESP+00] = 0x001FEF04: 0x0040326E (return addr)
        [ESP+04] = 0x001FEF08: 0x001FEF28 (arg1)
        [ESP+08] = 0x001FEF0C: 0x00000000 (arg2)
        [ESP+12] = 0x001FEF10: 0x00000000 (arg3)
        [ESP+16] = 0x001FEF14: 0x00000000 (arg4)
        [ESP+20] = 0x001FEF18: 0x001FEFFC
      
info: Win32Emu.Emulator[0]
      [Import USER32.DLL!GetMessageA] Stack cleanup: ESP=0x001FEF04, retEIP=0x0040326E, argBytes=16, new ESP=0x001FEF18
dbug: Win32Emu.Emulator[0]
      [RegisterValidation] After Import USER32.DLL!GetMessageA: EBX=0F000130 (saved=0F000130, preserved=True), ESI=0F000040 (saved=0F000040, preserved=True), EDI=0F000030 (saved=0F000030, preserved=True), EBP=0F000010 (saved=0F000010, preserved=True, valid=False, savedValid=False), ESP=001FEF18
dbug: Win32Emu.Emulator[0]
      [Import] Successfully invoked USER32.DLL!GetMessageA
info: Win32Emu.Emulator[0]
      [Import] Direct call to USER32.DLL!TranslateMessage at 0x0F000130
info: Win32Emu.Emulator[0]
      Dispatching USER32.DLL!TranslateMessage at EIP=0x0F000130 ESP=0x001FEF10 stack=79 32 40 00 28 EF 1F 00 FC EF 1F 00 00 00 00 00
info: Win32Emu.Emulator[0]
      [User32] TranslateMessage: HWND=0x00000000 MSG=0x0000 wParam=0x00000000 lParam=0x00000000
info: Win32Emu.Emulator[0]
      [Dispatcher] USER32.DLL!TranslateMessage returned 0x00000000, argBytes=4, convention=Stdcall
info: Win32Emu.Emulator[0]
      [Import USER32.DLL!TranslateMessage] Return address from stack: ESP=0x001FEF10, retEIP=0x00403279
info: Win32Emu.Emulator[0]
      [Import USER32.DLL!TranslateMessage] Stack state before cleanup:
        [ESP+00] = 0x001FEF10: 0x00403279 (return addr)
        [ESP+04] = 0x001FEF14: 0x001FEF28 (arg1)
        [ESP+08] = 0x001FEF18: 0x001FEFFC
        [ESP+12] = 0x001FEF1C: 0x00000000
        [ESP+16] = 0x001FEF20: 0x00470018
        [ESP+20] = 0x001FEF24: 0x00000000
      
info: Win32Emu.Emulator[0]
      [Import USER32.DLL!TranslateMessage] Stack cleanup: ESP=0x001FEF10, retEIP=0x00403279, argBytes=4, new ESP=0x001FEF18
dbug: Win32Emu.Emulator[0]
      [RegisterValidation] After Import USER32.DLL!TranslateMessage: EBX=0F000130 (saved=0F000130, preserved=True), ESI=0F000040 (saved=0F000040, preserved=True), EDI=0F000030 (saved=0F000030, preserved=True), EBP=0F000010 (saved=0F000010, preserved=True, valid=False, savedValid=False), ESP=001FEF18
dbug: Win32Emu.Emulator[0]
      [Import] Successfully invoked USER32.DLL!TranslateMessage
info: Win32Emu.Emulator[0]
      [Import] Direct call to USER32.DLL!DispatchMessageA at 0x0F000010
info: Win32Emu.Emulator[0]
      Dispatching USER32.DLL!DispatchMessageA at EIP=0x0F000010 ESP=0x001FEF10 stack=80 32 40 00 28 EF 1F 00 FC EF 1F 00 00 00 00 00
info: Win32Emu.Emulator[0]
      [User32] DispatchMessageA: HWND=0x00000000 MSG=0x0000 wParam=0x00000000 lParam=0x00000000
info: Win32Emu.Emulator[0]
      [User32] DispatchMessageA: No WndProc found for HWND=0x00000000
info: Win32Emu.Emulator[0]
      [Dispatcher] USER32.DLL!DispatchMessageA returned 0x00000000, argBytes=4, convention=Stdcall
info: Win32Emu.Emulator[0]
      [Import USER32.DLL!DispatchMessageA] Return address from stack: ESP=0x001FEF10, retEIP=0x00403280
info: Win32Emu.Emulator[0]
      [Import USER32.DLL!DispatchMessageA] Stack state before cleanup:
        [ESP+00] = 0x001FEF10: 0x00403280 (return addr)
        [ESP+04] = 0x001FEF14: 0x001FEF28 (arg1)
        [ESP+08] = 0x001FEF18: 0x001FEFFC
        [ESP+12] = 0x001FEF1C: 0x00000000
        [ESP+16] = 0x001FEF20: 0x00470018
        [ESP+20] = 0x001FEF24: 0x00000000
      
info: Win32Emu.Emulator[0]
      [Import USER32.DLL!DispatchMessageA] Stack cleanup: ESP=0x001FEF10, retEIP=0x00403280, argBytes=4, new ESP=0x001FEF18
dbug: Win32Emu.Emulator[0]
      [RegisterValidation] After Import USER32.DLL!DispatchMessageA: EBX=0F000130 (saved=0F000130, preserved=True), ESI=0F000040 (saved=0F000040, preserved=True), EDI=0F000030 (saved=0F000030, preserved=True), EBP=0F000010 (saved=0F000010, preserved=True, valid=False, savedValid=False), ESP=001FEF18
dbug: Win32Emu.Emulator[0]
      [Import] Successfully invoked USER32.DLL!DispatchMessageA
info: Win32Emu.Emulator[0]
      [Import] Direct call to USER32.DLL!GetMessageA at 0x0F000030
info: Win32Emu.Emulator[0]
      Dispatching USER32.DLL!GetMessageA at EIP=0x0F000030 ESP=0x001FEF04 stack=6E 32 40 00 28 EF 1F 00 00 00 00 00 00 00 00 00
info: Win32Emu.Emulator[0]
      [Dispatcher] USER32.DLL!GetMessageA returned 0x00000001, argBytes=16, convention=Stdcall
info: Win32Emu.Emulator[0]
      [Import USER32.DLL!GetMessageA] Return address from stack: ESP=0x001FEF04, retEIP=0x0040326E
info: Win32Emu.Emulator[0]
      [Import USER32.DLL!GetMessageA] Stack state before cleanup:
        [ESP+00] = 0x001FEF04: 0x0040326E (return addr)
        [ESP+04] = 0x001FEF08: 0x001FEF28 (arg1)
        [ESP+08] = 0x001FEF0C: 0x00000000 (arg2)
        [ESP+12] = 0x001FEF10: 0x00000000 (arg3)
        [ESP+16] = 0x001FEF14: 0x00000000 (arg4)
        [ESP+20] = 0x001FEF18: 0x001FEFFC
      
info: Win32Emu.Emulator[0]
      [Import USER32.DLL!GetMessageA] Stack cleanup: ESP=0x001FEF04, retEIP=0x0040326E, argBytes=16, new ESP=0x001FEF18
dbug: Win32Emu.Emulator[0]
      [RegisterValidation] After Import USER32.DLL!GetMessageA: EBX=0F000130 (saved=0F000130, preserved=True), ESI=0F000040 (saved=0F000040, preserved=True), EDI=0F000030 (saved=0F000030, preserved=True), EBP=0F000010 (saved=0F000010, preserved=True, valid=False, savedValid=False), ESP=001FEF18
dbug: Win32Emu.Emulator[0]
      [Import] Successfully invoked USER32.DLL!GetMessageA
info: Win32Emu.Emulator[0]
      [Import] Direct call to USER32.DLL!TranslateMessage at 0x0F000130
info: Win32Emu.Emulator[0]
      Dispatching USER32.DLL!TranslateMessage at EIP=0x0F000130 ESP=0x001FEF10 stack=79 32 40 00 28 EF 1F 00 FC EF 1F 00 00 00 00 00
info: Win32Emu.Emulator[0]
      [User32] TranslateMessage: HWND=0x00000000 MSG=0x0000 wParam=0x00000000 lParam=0x00000000
info: Win32Emu.Emulator[0]
      [Dispatcher] USER32.DLL!TranslateMessage returned 0x00000000, argBytes=4, convention=Stdcall
info: Win32Emu.Emulator[0]
      [Import USER32.DLL!TranslateMessage] Return address from stack: ESP=0x001FEF10, retEIP=0x00403279
info: Win32Emu.Emulator[0]
      [Import USER32.DLL!TranslateMessage] Stack state before cleanup:
        [ESP+00] = 0x001FEF10: 0x00403279 (return addr)
        [ESP+04] = 0x001FEF14: 0x001FEF28 (arg1)
        [ESP+08] = 0x001FEF18: 0x001FEFFC
        [ESP+12] = 0x001FEF1C: 0x00000000
        [ESP+16] = 0x001FEF20: 0x00470018
        [ESP+20] = 0x001FEF24: 0x00000000
      
info: Win32Emu.Emulator[0]
      [Import USER32.DLL!TranslateMessage] Stack cleanup: ESP=0x001FEF10, retEIP=0x00403279, argBytes=4, new ESP=0x001FEF18
dbug: Win32Emu.Emulator[0]
      [RegisterValidation] After Import USER32.DLL!TranslateMessage: EBX=0F000130 (saved=0F000130, preserved=True), ESI=0F000040 (saved=0F000040, preserved=True), EDI=0F000030 (saved=0F000030, preserved=True), EBP=0F000010 (saved=0F000010, preserved=True, valid=False, savedValid=False), ESP=001FEF18
dbug: Win32Emu.Emulator[0]
      [Import] Successfully invoked USER32.DLL!TranslateMessage
info: Win32Emu.Emulator[0]
      [Import] Direct call to USER32.DLL!DispatchMessageA at 0x0F000010
info: Win32Emu.Emulator[0]
      Dispatching USER32.DLL!DispatchMessageA at EIP=0x0F000010 ESP=0x001FEF10 stack=80 32 40 00 28 EF 1F 00 FC EF 1F 00 00 00 00 00
info: Win32Emu.Emulator[0]
      [User32] DispatchMessageA: HWND=0x00000000 MSG=0x0000 wParam=0x00000000 lParam=0x00000000
info: Win32Emu.Emulator[0]
      [User32] DispatchMessageA: No WndProc found for HWND=0x00000000
info: Win32Emu.Emulator[0]
      [Dispatcher] USER32.DLL!DispatchMessageA returned 0x00000000, argBytes=4, convention=Stdcall
info: Win32Emu.Emulator[0]
      [Import USER32.DLL!DispatchMessageA] Return address from stack: ESP=0x001FEF10, retEIP=0x00403280
info: Win32Emu.Emulator[0]
      [Import USER32.DLL!DispatchMessageA] Stack state before cleanup:
        [ESP+00] = 0x001FEF10: 0x00403280 (return addr)
        [ESP+04] = 0x001FEF14: 0x001FEF28 (arg1)
        [ESP+08] = 0x001FEF18: 0x001FEFFC
        [ESP+12] = 0x001FEF1C: 0x00000000
        [ESP+16] = 0x001FEF20: 0x00470018
        [ESP+20] = 0x001FEF24: 0x00000000
      
info: Win32Emu.Emulator[0]
      [Import USER32.DLL!DispatchMessageA] Stack cleanup: ESP=0x001FEF10, retEIP=0x00403280, argBytes=4, new ESP=0x001FEF18
dbug: Win32Emu.Emulator[0]
      [RegisterValidation] After Import USER32.DLL!DispatchMessageA: EBX=0F000130 (saved=0F000130, preserved=True), ESI=0F000040 (saved=0F000040, preserved=True), EDI=0F000030 (saved=0F000030, preserved=True), EBP=0F000010 (saved=0F000010, preserved=True, valid=False, savedValid=False), ESP=001FEF18
dbug: Win32Emu.Emulator[0]
      [Import] Successfully invoked USER32.DLL!DispatchMessageA
info: Win32Emu.Emulator[0]
      [Import] Direct call to USER32.DLL!GetMessageA at 0x0F000030
info: Win32Emu.Emulator[0]
      Dispatching USER32.DLL!GetMessageA at EIP=0x0F000030 ESP=0x001FEF04 stack=6E 32 40 00 28 EF 1F 00 00 00 00 00 00 00 00 00
info: Win32Emu.Emulator[0]
      [Dispatcher] USER32.DLL!GetMessageA returned 0x00000001, argBytes=16, convention=Stdcall
info: Win32Emu.Emulator[0]
      [Import USER32.DLL!GetMessageA] Return address from stack: ESP=0x001FEF04, retEIP=0x0040326E
info: Win32Emu.Emulator[0]
      [Import USER32.DLL!GetMessageA] Stack state before cleanup:
        [ESP+00] = 0x001FEF04: 0x0040326E (return addr)
        [ESP+04] = 0x001FEF08: 0x001FEF28 (arg1)
        [ESP+08] = 0x001FEF0C: 0x00000000 (arg2)
        [ESP+12] = 0x001FEF10: 0x00000000 (arg3)
        [ESP+16] = 0x001FEF14: 0x00000000 (arg4)
        [ESP+20] = 0x001FEF18: 0x001FEFFC
      
info: Win32Emu.Emulator[0]
      [Import USER32.DLL!GetMessageA] Stack cleanup: ESP=0x001FEF04, retEIP=0x0040326E, argBytes=16, new ESP=0x001FEF18
dbug: Win32Emu.Emulator[0]
      [RegisterValidation] After Import USER32.DLL!GetMessageA: EBX=0F000130 (saved=0F000130, preserved=True), ESI=0F000040 (saved=0F000040, preserved=True), EDI=0F000030 (saved=0F000030, preserved=True), EBP=0F000010 (saved=0F000010, preserved=True, valid=False, savedValid=False), ESP=001FEF18
dbug: Win32Emu.Emulator[0]
      [Import] Successfully invoked USER32.DLL!GetMessageA
info: Win32Emu.Emulator[0]
      [Import] Direct call to USER32.DLL!TranslateMessage at 0x0F000130
info: Win32Emu.Emulator[0]
      Dispatching USER32.DLL!TranslateMessage at EIP=0x0F000130 ESP=0x001FEF10 stack=79 32 40 00 28 EF 1F 00 FC EF 1F 00 00 00 00 00
info: Win32Emu.Emulator[0]
      [User32] TranslateMessage: HWND=0x00000000 MSG=0x0000 wParam=0x00000000 lParam=0x00000000
info: Win32Emu.Emulator[0]
      [Dispatcher] USER32.DLL!TranslateMessage returned 0x00000000, argBytes=4, convention=Stdcall
info: Win32Emu.Emulator[0]
      [Import USER32.DLL!TranslateMessage] Return address from stack: ESP=0x001FEF10, retEIP=0x00403279
info: Win32Emu.Emulator[0]
      [Import USER32.DLL!TranslateMessage] Stack state before cleanup:
        [ESP+00] = 0x001FEF10: 0x00403279 (return addr)
        [ESP+04] = 0x001FEF14: 0x001FEF28 (arg1)
        [ESP+08] = 0x001FEF18: 0x001FEFFC
        [ESP+12] = 0x001FEF1C: 0x00000000
        [ESP+16] = 0x001FEF20: 0x00470018
        [ESP+20] = 0x001FEF24: 0x00000000
      
info: Win32Emu.Emulator[0]
      [Import USER32.DLL!TranslateMessage] Stack cleanup: ESP=0x001FEF10, retEIP=0x00403279, argBytes=4, new ESP=0x001FEF18
dbug: Win32Emu.Emulator[0]
      [RegisterValidation] After Import USER32.DLL!TranslateMessage: EBX=0F000130 (saved=0F000130, preserved=True), ESI=0F000040 (saved=0F000040, preserved=True), EDI=0F000030 (saved=0F000030, preserved=True), EBP=0F000010 (saved=0F000010, preserved=True, valid=False, savedValid=False), ESP=001FEF18
dbug: Win32Emu.Emulator[0]
      [Import] Successfully invoked USER32.DLL!TranslateMessage
info: Win32Emu.Emulator[0]
      [Import] Direct call to USER32.DLL!DispatchMessageA at 0x0F000010
info: Win32Emu.Emulator[0]
      Dispatching USER32.DLL!DispatchMessageA at EIP=0x0F000010 ESP=0x001FEF10 stack=80 32 40 00 28 EF 1F 00 FC EF 1F 00 00 00 00 00
info: Win32Emu.Emulator[0]
      [User32] DispatchMessageA: HWND=0x00000000 MSG=0x0000 wParam=0x00000000 lParam=0x00000000
info: Win32Emu.Emulator[0]
      [User32] DispatchMessageA: No WndProc found for HWND=0x00000000
info: Win32Emu.Emulator[0]
      [Dispatcher] USER32.DLL!DispatchMessageA returned 0x00000000, argBytes=4, convention=Stdcall
info: Win32Emu.Emulator[0]
      [Import USER32.DLL!DispatchMessageA] Return address from stack: ESP=0x001FEF10, retEIP=0x00403280
info: Win32Emu.Emulator[0]
      [Import USER32.DLL!DispatchMessageA] Stack state before cleanup:
        [ESP+00] = 0x001FEF10: 0x00403280 (return addr)
        [ESP+04] = 0x001FEF14: 0x001FEF28 (arg1)
        [ESP+08] = 0x001FEF18: 0x001FEFFC
        [ESP+12] = 0x001FEF1C: 0x00000000
        [ESP+16] = 0x001FEF20: 0x00470018
        [ESP+20] = 0x001FEF24: 0x00000000
      
info: Win32Emu.Emulator[0]
      [Import USER32.DLL!DispatchMessageA] Stack cleanup: ESP=0x001FEF10, retEIP=0x00403280, argBytes=4, new ESP=0x001FEF18
dbug: Win32Emu.Emulator[0]
      [RegisterValidation] After Import USER32.DLL!DispatchMessageA: EBX=0F000130 (saved=0F000130, preserved=True), ESI=0F000040 (saved=0F000040, preserved=True), EDI=0F000030 (saved=0F000030, preserved=True), EBP=0F000010 (saved=0F000010, preserved=True, valid=False, savedValid=False), ESP=001FEF18
dbug: Win32Emu.Emulator[0]
      [Import] Successfully invoked USER32.DLL!DispatchMessageA
info: Win32Emu.Emulator[0]
      [Import] Direct call to USER32.DLL!GetMessageA at 0x0F000030
info: Win32Emu.Emulator[0]
      Dispatching USER32.DLL!GetMessageA at EIP=0x0F000030 ESP=0x001FEF04 stack=6E 32 40 00 28 EF 1F 00 00 00 00 00 00 00 00 00
info: Win32Emu.Emulator[0]
      [Dispatcher] USER32.DLL!GetMessageA returned 0x00000001, argBytes=16, convention=Stdcall
info: Win32Emu.Emulator[0]
      [Import USER32.DLL!GetMessageA] Return address from stack: ESP=0x001FEF04, retEIP=0x0040326E
info: Win32Emu.Emulator[0]
      [Import USER32.DLL!GetMessageA] Stack state before cleanup:
        [ESP+00] = 0x001FEF04: 0x0040326E (return addr)
        [ESP+04] = 0x001FEF08: 0x001FEF28 (arg1)
        [ESP+08] = 0x001FEF0C: 0x00000000 (arg2)
        [ESP+12] = 0x001FEF10: 0x00000000 (arg3)
        [ESP+16] = 0x001FEF14: 0x00000000 (arg4)
        [ESP+20] = 0x001FEF18: 0x001FEFFC
      
info: Win32Emu.Emulator[0]
      [Import USER32.DLL!GetMessageA] Stack cleanup: ESP=0x001FEF04, retEIP=0x0040326E, argBytes=16, new ESP=0x001FEF18
dbug: Win32Emu.Emulator[0]
      [RegisterValidation] After Import USER32.DLL!GetMessageA: EBX=0F000130 (saved=0F000130, preserved=True), ESI=0F000040 (saved=0F000040, preserved=True), EDI=0F000030 (saved=0F000030, preserved=True), EBP=0F000010 (saved=0F000010, preserved=True, valid=False, savedValid=False), ESP=001FEF18
dbug: Win32Emu.Emulator[0]
      [Import] Successfully invoked USER32.DLL!GetMessageA
info: Win32Emu.Emulator[0]
      [Import] Direct call to USER32.DLL!TranslateMessage at 0x0F000130
info: Win32Emu.Emulator[0]
      Dispatching USER32.DLL!TranslateMessage at EIP=0x0F000130 ESP=0x001FEF10 stack=79 32 40 00 28 EF 1F 00 FC EF 1F 00 00 00 00 00
info: Win32Emu.Emulator[0]
      [User32] TranslateMessage: HWND=0x00000000 MSG=0x0000 wParam=0x00000000 lParam=0x00000000
info: Win32Emu.Emulator[0]
      [Dispatcher] USER32.DLL!TranslateMessage returned 0x00000000, argBytes=4, convention=Stdcall
info: Win32Emu.Emulator[0]
      [Import USER32.DLL!TranslateMessage] Return address from stack: ESP=0x001FEF10, retEIP=0x00403279
info: Win32Emu.Emulator[0]
      [Import USER32.DLL!TranslateMessage] Stack state before cleanup:
        [ESP+00] = 0x001FEF10: 0x00403279 (return addr)
        [ESP+04] = 0x001FEF14: 0x001FEF28 (arg1)
        [ESP+08] = 0x001FEF18: 0x001FEFFC
        [ESP+12] = 0x001FEF1C: 0x00000000
        [ESP+16] = 0x001FEF20: 0x00470018
        [ESP+20] = 0x001FEF24: 0x00000000
      
info: Win32Emu.Emulator[0]
      [Import USER32.DLL!TranslateMessage] Stack cleanup: ESP=0x001FEF10, retEIP=0x00403279, argBytes=4, new ESP=0x001FEF18
dbug: Win32Emu.Emulator[0]
      [RegisterValidation] After Import USER32.DLL!TranslateMessage: EBX=0F000130 (saved=0F000130, preserved=True), ESI=0F000040 (saved=0F000040, preserved=True), EDI=0F000030 (saved=0F000030, preserved=True), EBP=0F000010 (saved=0F000010, preserved=True, valid=False, savedValid=False), ESP=001FEF18
dbug: Win32Emu.Emulator[0]
      [Import] Successfully invoked USER32.DLL!TranslateMessage
info: Win32Emu.Emulator[0]
      [Import] Direct call to USER32.DLL!DispatchMessageA at 0x0F000010
info: Win32Emu.Emulator[0]
      Dispatching USER32.DLL!DispatchMessageA at EIP=0x0F000010 ESP=0x001FEF10 stack=80 32 40 00 28 EF 1F 00 FC EF 1F 00 00 00 00 00
info: Win32Emu.Emulator[0]
      [User32] DispatchMessageA: HWND=0x00000000 MSG=0x0000 wParam=0x00000000 lParam=0x00000000
info: Win32Emu.Emulator[0]
      [User32] DispatchMessageA: No WndProc found for HWND=0x00000000
info: Win32Emu.Emulator[0]
      [Dispatcher] USER32.DLL!DispatchMessageA returned 0x00000000, argBytes=4, convention=Stdcall
info: Win32Emu.Emulator[0]
      [Import USER32.DLL!DispatchMessageA] Return address from stack: ESP=0x001FEF10, retEIP=0x00403280
info: Win32Emu.Emulator[0]
      [Import USER32.DLL!DispatchMessageA] Stack state before cleanup:
        [ESP+00] = 0x001FEF10: 0x00403280 (return addr)
        [ESP+04] = 0x001FEF14: 0x001FEF28 (arg1)
        [ESP+08] = 0x001FEF18: 0x001FEFFC
        [ESP+12] = 0x001FEF1C: 0x00000000
        [ESP+16] = 0x001FEF20: 0x00470018
        [ESP+20] = 0x001FEF24: 0x00000000
      
info: Win32Emu.Emulator[0]
      [Import USER32.DLL!DispatchMessageA] Stack cleanup: ESP=0x001FEF10, retEIP=0x00403280, argBytes=4, new ESP=0x001FEF18
dbug: Win32Emu.Emulator[0]
      [RegisterValidation] After Import USER32.DLL!DispatchMessageA: EBX=0F000130 (saved=0F000130, preserved=True), ESI=0F000040 (saved=0F000040, preserved=True), EDI=0F000030 (saved=0F000030, preserved=True), EBP=0F000010 (saved=0F000010, preserved=True, valid=False, savedValid=False), ESP=001FEF18
dbug: Win32Emu.Emulator[0]
      [Import] Successfully invoked USER32.DLL!DispatchMessageA
info: Win32Emu.Emulator[0]
      [Import] Direct call to USER32.DLL!GetMessageA at 0x0F000030
info: Win32Emu.Emulator[0]
      Dispatching USER32.DLL!GetMessageA at EIP=0x0F000030 ESP=0x001FEF04 stack=6E 32 40 00 28 EF 1F 00 00 00 00 00 00 00 00 00
info: Win32Emu.Emulator[0]
      [Dispatcher] USER32.DLL!GetMessageA returned 0x00000001, argBytes=16, convention=Stdcall
info: Win32Emu.Emulator[0]
      [Import USER32.DLL!GetMessageA] Return address from stack: ESP=0x001FEF04, retEIP=0x0040326E
info: Win32Emu.Emulator[0]
      [Import USER32.DLL!GetMessageA] Stack state before cleanup:
        [ESP+00] = 0x001FEF04: 0x0040326E (return addr)
        [ESP+04] = 0x001FEF08: 0x001FEF28 (arg1)
        [ESP+08] = 0x001FEF0C: 0x00000000 (arg2)
        [ESP+12] = 0x001FEF10: 0x00000000 (arg3)
        [ESP+16] = 0x001FEF14: 0x00000000 (arg4)
        [ESP+20] = 0x001FEF18: 0x001FEFFC
      
info: Win32Emu.Emulator[0]
      [Import USER32.DLL!GetMessageA] Stack cleanup: ESP=0x001FEF04, retEIP=0x0040326E, argBytes=16, new ESP=0x001FEF18
dbug: Win32Emu.Emulator[0]
      [RegisterValidation] After Import USER32.DLL!GetMessageA: EBX=0F000130 (saved=0F000130, preserved=True), ESI=0F000040 (saved=0F000040, preserved=True), EDI=0F000030 (saved=0F000030, preserved=True), EBP=0F000010 (saved=0F000010, preserved=True, valid=False, savedValid=False), ESP=001FEF18
dbug: Win32Emu.Emulator[0]
      [Import] Successfully invoked USER32.DLL!GetMessageA
info: Win32Emu.Emulator[0]
      [Import] Direct call to USER32.DLL!TranslateMessage at 0x0F000130
info: Win32Emu.Emulator[0]
      Dispatching USER32.DLL!TranslateMessage at EIP=0x0F000130 ESP=0x001FEF10 stack=79 32 40 00 28 EF 1F 00 FC EF 1F 00 00 00 00 00
info: Win32Emu.Emulator[0]
      [User32] TranslateMessage: HWND=0x00000000 MSG=0x0000 wParam=0x00000000 lParam=0x00000000
info: Win32Emu.Emulator[0]
      [Dispatcher] USER32.DLL!TranslateMessage returned 0x00000000, argBytes=4, convention=Stdcall
info: Win32Emu.Emulator[0]
      [Import USER32.DLL!TranslateMessage] Return address from stack: ESP=0x001FEF10, retEIP=0x00403279
info: Win32Emu.Emulator[0]
      [Import USER32.DLL!TranslateMessage] Stack state before cleanup:
        [ESP+00] = 0x001FEF10: 0x00403279 (return addr)
        [ESP+04] = 0x001FEF14: 0x001FEF28 (arg1)
        [ESP+08] = 0x001FEF18: 0x001FEFFC
        [ESP+12] = 0x001FEF1C: 0x00000000
        [ESP+16] = 0x001FEF20: 0x00470018
        [ESP+20] = 0x001FEF24: 0x00000000
      
info: Win32Emu.Emulator[0]
      [Import USER32.DLL!TranslateMessage] Stack cleanup: ESP=0x001FEF10, retEIP=0x00403279, argBytes=4, new ESP=0x001FEF18
dbug: Win32Emu.Emulator[0]
      [RegisterValidation] After Import USER32.DLL!TranslateMessage: EBX=0F000130 (saved=0F000130, preserved=True), ESI=0F000040 (saved=0F000040, preserved=True), EDI=0F000030 (saved=0F000030, preserved=True), EBP=0F000010 (saved=0F000010, preserved=True, valid=False, savedValid=False), ESP=001FEF18
dbug: Win32Emu.Emulator[0]
      [Import] Successfully invoked USER32.DLL!TranslateMessage
info: Win32Emu.Emulator[0]
      [Import] Direct call to USER32.DLL!DispatchMessageA at 0x0F000010
info: Win32Emu.Emulator[0]
      Dispatching USER32.DLL!DispatchMessageA at EIP=0x0F000010 ESP=0x001FEF10 stack=80 32 40 00 28 EF 1F 00 FC EF 1F 00 00 00 00 00
info: Win32Emu.Emulator[0]
      [User32] DispatchMessageA: HWND=0x00000000 MSG=0x0000 wParam=0x00000000 lParam=0x00000000
info: Win32Emu.Emulator[0]
      [User32] DispatchMessageA: No WndProc found for HWND=0x00000000
info: Win32Emu.Emulator[0]
      [Dispatcher] USER32.DLL!DispatchMessageA returned 0x00000000, argBytes=4, convention=Stdcall
info: Win32Emu.Emulator[0]
      [Import USER32.DLL!DispatchMessageA] Return address from stack: ESP=0x001FEF10, retEIP=0x00403280
info: Win32Emu.Emulator[0]
      [Import USER32.DLL!DispatchMessageA] Stack state before cleanup:
        [ESP+00] = 0x001FEF10: 0x00403280 (return addr)
        [ESP+04] = 0x001FEF14: 0x001FEF28 (arg1)
        [ESP+08] = 0x001FEF18: 0x001FEFFC
        [ESP+12] = 0x001FEF1C: 0x00000000
        [ESP+16] = 0x001FEF20: 0x00470018
        [ESP+20] = 0x001FEF24: 0x00000000
      
info: Win32Emu.Emulator[0]
      [Import USER32.DLL!DispatchMessageA] Stack cleanup: ESP=0x001FEF10, retEIP=0x00403280, argBytes=4, new ESP=0x001FEF18
dbug: Win32Emu.Emulator[0]
      [RegisterValidation] After Import USER32.DLL!DispatchMessageA: EBX=0F000130 (saved=0F000130, preserved=True), ESI=0F000040 (saved=0F000040, preserved=True), EDI=0F000030 (saved=0F000030, preserved=True), EBP=0F000010 (saved=0F000010, preserved=True, valid=False, savedValid=False), ESP=001FEF18
dbug: Win32Emu.Emulator[0]
      [Import] Successfully invoked USER32.DLL!DispatchMessageA
info: Win32Emu.Emulator[0]
      [Import] Direct call to USER32.DLL!GetMessageA at 0x0F000030
info: Win32Emu.Emulator[0]
      Dispatching USER32.DLL!GetMessageA at EIP=0x0F000030 ESP=0x001FEF04 stack=6E 32 40 00 28 EF 1F 00 00 00 00 00 00 00 00 00
info: Win32Emu.Emulator[0]
      [Dispatcher] USER32.DLL!GetMessageA returned 0x00000001, argBytes=16, convention=Stdcall
info: Win32Emu.Emulator[0]
      [Import USER32.DLL!GetMessageA] Return address from stack: ESP=0x001FEF04, retEIP=0x0040326E
info: Win32Emu.Emulator[0]
      [Import USER32.DLL!GetMessageA] Stack state before cleanup:
        [ESP+00] = 0x001FEF04: 0x0040326E (return addr)
        [ESP+04] = 0x001FEF08: 0x001FEF28 (arg1)
        [ESP+08] = 0x001FEF0C: 0x00000000 (arg2)
        [ESP+12] = 0x001FEF10: 0x00000000 (arg3)
        [ESP+16] = 0x001FEF14: 0x00000000 (arg4)
        [ESP+20] = 0x001FEF18: 0x001FEFFC
      
info: Win32Emu.Emulator[0]
      [Import USER32.DLL!GetMessageA] Stack cleanup: ESP=0x001FEF04, retEIP=0x0040326E, argBytes=16, new ESP=0x001FEF18
dbug: Win32Emu.Emulator[0]
      [RegisterValidation] After Import USER32.DLL!GetMessageA: EBX=0F000130 (saved=0F000130, preserved=True), ESI=0F000040 (saved=0F000040, preserved=True), EDI=0F000030 (saved=0F000030, preserved=True), EBP=0F000010 (saved=0F000010, preserved=True, valid=False, savedValid=False), ESP=001FEF18
dbug: Win32Emu.Emulator[0]
      [Import] Successfully invoked USER32.DLL!GetMessageA
info: Win32Emu.Emulator[0]
      [Import] Direct call to USER32.DLL!TranslateMessage at 0x0F000130
info: Win32Emu.Emulator[0]
      Dispatching USER32.DLL!TranslateMessage at EIP=0x0F000130 ESP=0x001FEF10 stack=79 32 40 00 28 EF 1F 00 FC EF 1F 00 00 00 00 00
info: Win32Emu.Emulator[0]
      [User32] TranslateMessage: HWND=0x00000000 MSG=0x0000 wParam=0x00000000 lParam=0x00000000
info: Win32Emu.Emulator[0]
      [Dispatcher] USER32.DLL!TranslateMessage returned 0x00000000, argBytes=4, convention=Stdcall
info: Win32Emu.Emulator[0]
      [Import USER32.DLL!TranslateMessage] Return address from stack: ESP=0x001FEF10, retEIP=0x00403279
info: Win32Emu.Emulator[0]
      [Import USER32.DLL!TranslateMessage] Stack state before cleanup:
        [ESP+00] = 0x001FEF10: 0x00403279 (return addr)
        [ESP+04] = 0x001FEF14: 0x001FEF28 (arg1)
        [ESP+08] = 0x001FEF18: 0x001FEFFC
        [ESP+12] = 0x001FEF1C: 0x00000000
        [ESP+16] = 0x001FEF20: 0x00470018
        [ESP+20] = 0x001FEF24: 0x00000000
      
info: Win32Emu.Emulator[0]
      [Import USER32.DLL!TranslateMessage] Stack cleanup: ESP=0x001FEF10, retEIP=0x00403279, argBytes=4, new ESP=0x001FEF18
dbug: Win32Emu.Emulator[0]
      [RegisterValidation] After Import USER32.DLL!TranslateMessage: EBX=0F000130 (saved=0F000130, preserved=True), ESI=0F000040 (saved=0F000040, preserved=True), EDI=0F000030 (saved=0F000030, preserved=True), EBP=0F000010 (saved=0F000010, preserved=True, valid=False, savedValid=False), ESP=001FEF18
dbug: Win32Emu.Emulator[0]
      [Import] Successfully invoked USER32.DLL!TranslateMessage
info: Win32Emu.Emulator[0]
      [Import] Direct call to USER32.DLL!DispatchMessageA at 0x0F000010
info: Win32Emu.Emulator[0]
      Dispatching USER32.DLL!DispatchMessageA at EIP=0x0F000010 ESP=0x001FEF10 stack=80 32 40 00 28 EF 1F 00 FC EF 1F 00 00 00 00 00
info: Win32Emu.Emulator[0]
      [User32] DispatchMessageA: HWND=0x00000000 MSG=0x0000 wParam=0x00000000 lParam=0x00000000
info: Win32Emu.Emulator[0]
      [User32] DispatchMessageA: No WndProc found for HWND=0x00000000
info: Win32Emu.Emulator[0]
      [Dispatcher] USER32.DLL!DispatchMessageA returned 0x00000000, argBytes=4, convention=Stdcall
info: Win32Emu.Emulator[0]
      [Import USER32.DLL!DispatchMessageA] Return address from stack: ESP=0x001FEF10, retEIP=0x00403280
info: Win32Emu.Emulator[0]
      [Import USER32.DLL!DispatchMessageA] Stack state before cleanup:
        [ESP+00] = 0x001FEF10: 0x00403280 (return addr)
        [ESP+04] = 0x001FEF14: 0x001FEF28 (arg1)
        [ESP+08] = 0x001FEF18: 0x001FEFFC
        [ESP+12] = 0x001FEF1C: 0x00000000
        [ESP+16] = 0x001FEF20: 0x00470018
        [ESP+20] = 0x001FEF24: 0x00000000
      
info: Win32Emu.Emulator[0]
      [Import USER32.DLL!DispatchMessageA] Stack cleanup: ESP=0x001FEF10, retEIP=0x00403280, argBytes=4, new ESP=0x001FEF18
dbug: Win32Emu.Emulator[0]
      [RegisterValidation] After Import USER32.DLL!DispatchMessageA: EBX=0F000130 (saved=0F000130, preserved=True), ESI=0F000040 (saved=0F000040, preserved=True), EDI=0F000030 (saved=0F000030, preserved=True), EBP=0F000010 (saved=0F000010, preserved=True, valid=False, savedValid=False), ESP=001FEF18
dbug: Win32Emu.Emulator[0]
      [Import] Successfully invoked USER32.DLL!DispatchMessageA
info: Win32Emu.Emulator[0]
      [Import] Direct call to USER32.DLL!GetMessageA at 0x0F000030
info: Win32Emu.Emulator[0]
      Dispatching USER32.DLL!GetMessageA at EIP=0x0F000030 ESP=0x001FEF04 stack=6E 32 40 00 28 EF 1F 00 00 00 00 00 00 00 00 00
info: Win32Emu.Emulator[0]
      [Dispatcher] USER32.DLL!GetMessageA returned 0x00000001, argBytes=16, convention=Stdcall
info: Win32Emu.Emulator[0]
      [Import USER32.DLL!GetMessageA] Return address from stack: ESP=0x001FEF04, retEIP=0x0040326E
info: Win32Emu.Emulator[0]
      [Import USER32.DLL!GetMessageA] Stack state before cleanup:
        [ESP+00] = 0x001FEF04: 0x0040326E (return addr)
        [ESP+04] = 0x001FEF08: 0x001FEF28 (arg1)
        [ESP+08] = 0x001FEF0C: 0x00000000 (arg2)
        [ESP+12] = 0x001FEF10: 0x00000000 (arg3)
        [ESP+16] = 0x001FEF14: 0x00000000 (arg4)
        [ESP+20] = 0x001FEF18: 0x001FEFFC
      
info: Win32Emu.Emulator[0]
      [Import USER32.DLL!GetMessageA] Stack cleanup: ESP=0x001FEF04, retEIP=0x0040326E, argBytes=16, new ESP=0x001FEF18
dbug: Win32Emu.Emulator[0]
      [RegisterValidation] After Import USER32.DLL!GetMessageA: EBX=0F000130 (saved=0F000130, preserved=True), ESI=0F000040 (saved=0F000040, preserved=True), EDI=0F000030 (saved=0F000030, preserved=True), EBP=0F000010 (saved=0F000010, preserved=True, valid=False, savedValid=False), ESP=001FEF18
dbug: Win32Emu.Emulator[0]
      [Import] Successfully invoked USER32.DLL!GetMessageA
info: Win32Emu.Emulator[0]
      [Import] Direct call to USER32.DLL!TranslateMessage at 0x0F000130
info: Win32Emu.Emulator[0]
      Dispatching USER32.DLL!TranslateMessage at EIP=0x0F000130 ESP=0x001FEF10 stack=79 32 40 00 28 EF 1F 00 FC EF 1F 00 00 00 00 00
info: Win32Emu.Emulator[0]
      [User32] TranslateMessage: HWND=0x00000000 MSG=0x0000 wParam=0x00000000 lParam=0x00000000
info: Win32Emu.Emulator[0]
      [Dispatcher] USER32.DLL!TranslateMessage returned 0x00000000, argBytes=4, convention=Stdcall
info: Win32Emu.Emulator[0]
      [Import USER32.DLL!TranslateMessage] Return address from stack: ESP=0x001FEF10, retEIP=0x00403279
info: Win32Emu.Emulator[0]
      [Import USER32.DLL!TranslateMessage] Stack state before cleanup:
        [ESP+00] = 0x001FEF10: 0x00403279 (return addr)
        [ESP+04] = 0x001FEF14: 0x001FEF28 (arg1)
        [ESP+08] = 0x001FEF18: 0x001FEFFC
        [ESP+12] = 0x001FEF1C: 0x00000000
        [ESP+16] = 0x001FEF20: 0x00470018
        [ESP+20] = 0x001FEF24: 0x00000000
      
info: Win32Emu.Emulator[0]
      [Import USER32.DLL!TranslateMessage] Stack cleanup: ESP=0x001FEF10, retEIP=0x00403279, argBytes=4, new ESP=0x001FEF18
dbug: Win32Emu.Emulator[0]
      [RegisterValidation] After Import USER32.DLL!TranslateMessage: EBX=0F000130 (saved=0F000130, preserved=True), ESI=0F000040 (saved=0F000040, preserved=True), EDI=0F000030 (saved=0F000030, preserved=True), EBP=0F000010 (saved=0F000010, preserved=True, valid=False, savedValid=False), ESP=001FEF18
dbug: Win32Emu.Emulator[0]
      [Import] Successfully invoked USER32.DLL!TranslateMessage
info: Win32Emu.Emulator[0]
      [Import] Direct call to USER32.DLL!DispatchMessageA at 0x0F000010
info: Win32Emu.Emulator[0]
      Dispatching USER32.DLL!DispatchMessageA at EIP=0x0F000010 ESP=0x001FEF10 stack=80 32 40 00 28 EF 1F 00 FC EF 1F 00 00 00 00 00
info: Win32Emu.Emulator[0]
      [User32] DispatchMessageA: HWND=0x00000000 MSG=0x0000 wParam=0x00000000 lParam=0x00000000
info: Win32Emu.Emulator[0]
      [User32] DispatchMessageA: No WndProc found for HWND=0x00000000
info: Win32Emu.Emulator[0]
      [Dispatcher] USER32.DLL!DispatchMessageA returned 0x00000000, argBytes=4, convention=Stdcall
info: Win32Emu.Emulator[0]
      [Import USER32.DLL!DispatchMessageA] Return address from stack: ESP=0x001FEF10, retEIP=0x00403280
info: Win32Emu.Emulator[0]
      [Import USER32.DLL!DispatchMessageA] Stack state before cleanup:
        [ESP+00] = 0x001FEF10: 0x00403280 (return addr)
        [ESP+04] = 0x001FEF14: 0x001FEF28 (arg1)
        [ESP+08] = 0x001FEF18: 0x001FEFFC
        [ESP+12] = 0x001FEF1C: 0x00000000
        [ESP+16] = 0x001FEF20: 0x00470018
        [ESP+20] = 0x001FEF24: 0x00000000
      
info: Win32Emu.Emulator[0]
      [Import USER32.DLL!DispatchMessageA] Stack cleanup: ESP=0x001FEF10, retEIP=0x00403280, argBytes=4, new ESP=0x001FEF18
dbug: Win32Emu.Emulator[0]
      [RegisterValidation] After Import USER32.DLL!DispatchMessageA: EBX=0F000130 (saved=0F000130, preserved=True), ESI=0F000040 (saved=0F000040, preserved=True), EDI=0F000030 (saved=0F000030, preserved=True), EBP=0F000010 (saved=0F000010, preserved=True, valid=False, savedValid=False), ESP=001FEF18
dbug: Win32Emu.Emulator[0]
      [Import] Successfully invoked USER32.DLL!DispatchMessageA
info: Win32Emu.Emulator[0]
      [Import] Direct call to USER32.DLL!GetMessageA at 0x0F000030
info: Win32Emu.Emulator[0]
      Dispatching USER32.DLL!GetMessageA at EIP=0x0F000030 ESP=0x001FEF04 stack=6E 32 40 00 28 EF 1F 00 00 00 00 00 00 00 00 00
info: Win32Emu.Emulator[0]
      [Dispatcher] USER32.DLL!GetMessageA returned 0x00000001, argBytes=16, convention=Stdcall
info: Win32Emu.Emulator[0]
      [Import USER32.DLL!GetMessageA] Return address from stack: ESP=0x001FEF04, retEIP=0x0040326E
info: Win32Emu.Emulator[0]
      [Import USER32.DLL!GetMessageA] Stack state before cleanup:
        [ESP+00] = 0x001FEF04: 0x0040326E (return addr)
        [ESP+04] = 0x001FEF08: 0x001FEF28 (arg1)
        [ESP+08] = 0x001FEF0C: 0x00000000 (arg2)
        [ESP+12] = 0x001FEF10: 0x00000000 (arg3)
        [ESP+16] = 0x001FEF14: 0x00000000 (arg4)
        [ESP+20] = 0x001FEF18: 0x001FEFFC
      
info: Win32Emu.Emulator[0]
      [Import USER32.DLL!GetMessageA] Stack cleanup: ESP=0x001FEF04, retEIP=0x0040326E, argBytes=16, new ESP=0x001FEF18
dbug: Win32Emu.Emulator[0]
      [RegisterValidation] After Import USER32.DLL!GetMessageA: EBX=0F000130 (saved=0F000130, preserved=True), ESI=0F000040 (saved=0F000040, preserved=True), EDI=0F000030 (saved=0F000030, preserved=True), EBP=0F000010 (saved=0F000010, preserved=True, valid=False, savedValid=False), ESP=001FEF18
dbug: Win32Emu.Emulator[0]
      [Import] Successfully invoked USER32.DLL!GetMessageA
info: Win32Emu.Emulator[0]
      [Import] Direct call to USER32.DLL!TranslateMessage at 0x0F000130
info: Win32Emu.Emulator[0]
      Dispatching USER32.DLL!TranslateMessage at EIP=0x0F000130 ESP=0x001FEF10 stack=79 32 40 00 28 EF 1F 00 FC EF 1F 00 00 00 00 00
info: Win32Emu.Emulator[0]
      [User32] TranslateMessage: HWND=0x00000000 MSG=0x0000 wParam=0x00000000 lParam=0x00000000
info: Win32Emu.Emulator[0]
      [Dispatcher] USER32.DLL!TranslateMessage returned 0x00000000, argBytes=4, convention=Stdcall
info: Win32Emu.Emulator[0]
      [Import USER32.DLL!TranslateMessage] Return address from stack: ESP=0x001FEF10, retEIP=0x00403279
info: Win32Emu.Emulator[0]
      [Import USER32.DLL!TranslateMessage] Stack state before cleanup:
        [ESP+00] = 0x001FEF10: 0x00403279 (return addr)
        [ESP+04] = 0x001FEF14: 0x001FEF28 (arg1)
        [ESP+08] = 0x001FEF18: 0x001FEFFC
        [ESP+12] = 0x001FEF1C: 0x00000000
        [ESP+16] = 0x001FEF20: 0x00470018
        [ESP+20] = 0x001FEF24: 0x00000000
      
info: Win32Emu.Emulator[0]
      [Import USER32.DLL!TranslateMessage] Stack cleanup: ESP=0x001FEF10, retEIP=0x00403279, argBytes=4, new ESP=0x001FEF18
dbug: Win32Emu.Emulator[0]
      [RegisterValidation] After Import USER32.DLL!TranslateMessage: EBX=0F000130 (saved=0F000130, preserved=True), ESI=0F000040 (saved=0F000040, preserved=True), EDI=0F000030 (saved=0F000030, preserved=True), EBP=0F000010 (saved=0F000010, preserved=True, valid=False, savedValid=False), ESP=001FEF18
dbug: Win32Emu.Emulator[0]
      [Import] Successfully invoked USER32.DLL!TranslateMessage
info: Win32Emu.Emulator[0]
      [Import] Direct call to USER32.DLL!DispatchMessageA at 0x0F000010
info: Win32Emu.Emulator[0]
      Dispatching USER32.DLL!DispatchMessageA at EIP=0x0F000010 ESP=0x001FEF10 stack=80 32 40 00 28 EF 1F 00 FC EF 1F 00 00 00 00 00
info: Win32Emu.Emulator[0]
      [User32] DispatchMessageA: HWND=0x00000000 MSG=0x0000 wParam=0x00000000 lParam=0x00000000
info: Win32Emu.Emulator[0]
      [User32] DispatchMessageA: No WndProc found for HWND=0x00000000
info: Win32Emu.Emulator[0]
      [Dispatcher] USER32.DLL!DispatchMessageA returned 0x00000000, argBytes=4, convention=Stdcall
info: Win32Emu.Emulator[0]
      [Import USER32.DLL!DispatchMessageA] Return address from stack: ESP=0x001FEF10, retEIP=0x00403280
info: Win32Emu.Emulator[0]
      [Import USER32.DLL!DispatchMessageA] Stack state before cleanup:
        [ESP+00] = 0x001FEF10: 0x00403280 (return addr)
        [ESP+04] = 0x001FEF14: 0x001FEF28 (arg1)
        [ESP+08] = 0x001FEF18: 0x001FEFFC
        [ESP+12] = 0x001FEF1C: 0x00000000
        [ESP+16] = 0x001FEF20: 0x00470018
        [ESP+20] = 0x001FEF24: 0x00000000
      
info: Win32Emu.Emulator[0]
      [Import USER32.DLL!DispatchMessageA] Stack cleanup: ESP=0x001FEF10, retEIP=0x00403280, argBytes=4, new ESP=0x001FEF18
dbug: Win32Emu.Emulator[0]
      [RegisterValidation] After Import USER32.DLL!DispatchMessageA: EBX=0F000130 (saved=0F000130, preserved=True), ESI=0F000040 (saved=0F000040, preserved=True), EDI=0F000030 (saved=0F000030, preserved=True), EBP=0F000010 (saved=0F000010, preserved=True, valid=False, savedValid=False), ESP=001FEF18
dbug: Win32Emu.Emulator[0]
      [Import] Successfully invoked USER32.DLL!DispatchMessageA
info: Win32Emu.Emulator[0]
      [Import] Direct call to USER32.DLL!GetMessageA at 0x0F000030
info: Win32Emu.Emulator[0]
      Dispatching USER32.DLL!GetMessageA at EIP=0x0F000030 ESP=0x001FEF04 stack=6E 32 40 00 28 EF 1F 00 00 00 00 00 00 00 00 00
info: Win32Emu.Emulator[0]
      [Dispatcher] USER32.DLL!GetMessageA returned 0x00000001, argBytes=16, convention=Stdcall
info: Win32Emu.Emulator[0]
      [Import USER32.DLL!GetMessageA] Return address from stack: ESP=0x001FEF04, retEIP=0x0040326E
info: Win32Emu.Emulator[0]
      [Import USER32.DLL!GetMessageA] Stack state before cleanup:
        [ESP+00] = 0x001FEF04: 0x0040326E (return addr)
        [ESP+04] = 0x001FEF08: 0x001FEF28 (arg1)
        [ESP+08] = 0x001FEF0C: 0x00000000 (arg2)
        [ESP+12] = 0x001FEF10: 0x00000000 (arg3)
        [ESP+16] = 0x001FEF14: 0x00000000 (arg4)
        [ESP+20] = 0x001FEF18: 0x001FEFFC
      
info: Win32Emu.Emulator[0]
      [Import USER32.DLL!GetMessageA] Stack cleanup: ESP=0x001FEF04, retEIP=0x0040326E, argBytes=16, new ESP=0x001FEF18
dbug: Win32Emu.Emulator[0]
      [RegisterValidation] After Import USER32.DLL!GetMessageA: EBX=0F000130 (saved=0F000130, preserved=True), ESI=0F000040 (saved=0F000040, preserved=True), EDI=0F000030 (saved=0F000030, preserved=True), EBP=0F000010 (saved=0F000010, preserved=True, valid=False, savedValid=False), ESP=001FEF18
dbug: Win32Emu.Emulator[0]
      [Import] Successfully invoked USER32.DLL!GetMessageA
info: Win32Emu.Emulator[0]
      [Import] Direct call to USER32.DLL!TranslateMessage at 0x0F000130
info: Win32Emu.Emulator[0]
      Dispatching USER32.DLL!TranslateMessage at EIP=0x0F000130 ESP=0x001FEF10 stack=79 32 40 00 28 EF 1F 00 FC EF 1F 00 00 00 00 00
info: Win32Emu.Emulator[0]
      [User32] TranslateMessage: HWND=0x00000000 MSG=0x0000 wParam=0x00000000 lParam=0x00000000
info: Win32Emu.Emulator[0]
      [Dispatcher] USER32.DLL!TranslateMessage returned 0x00000000, argBytes=4, convention=Stdcall
info: Win32Emu.Emulator[0]
      [Import USER32.DLL!TranslateMessage] Return address from stack: ESP=0x001FEF10, retEIP=0x00403279
info: Win32Emu.Emulator[0]
      [Import USER32.DLL!TranslateMessage] Stack state before cleanup:
        [ESP+00] = 0x001FEF10: 0x00403279 (return addr)
        [ESP+04] = 0x001FEF14: 0x001FEF28 (arg1)
        [ESP+08] = 0x001FEF18: 0x001FEFFC
        [ESP+12] = 0x001FEF1C: 0x00000000
        [ESP+16] = 0x001FEF20: 0x00470018
        [ESP+20] = 0x001FEF24: 0x00000000
      
info: Win32Emu.Emulator[0]
      [Import USER32.DLL!TranslateMessage] Stack cleanup: ESP=0x001FEF10, retEIP=0x00403279, argBytes=4, new ESP=0x001FEF18
dbug: Win32Emu.Emulator[0]
      [RegisterValidation] After Import USER32.DLL!TranslateMessage: EBX=0F000130 (saved=0F000130, preserved=True), ESI=0F000040 (saved=0F000040, preserved=True), EDI=0F000030 (saved=0F000030, preserved=True), EBP=0F000010 (saved=0F000010, preserved=True, valid=False, savedValid=False), ESP=001FEF18
dbug: Win32Emu.Emulator[0]
      [Import] Successfully invoked USER32.DLL!TranslateMessage
info: Win32Emu.Emulator[0]
      [Import] Direct call to USER32.DLL!DispatchMessageA at 0x0F000010
info: Win32Emu.Emulator[0]
      Dispatching USER32.DLL!DispatchMessageA at EIP=0x0F000010 ESP=0x001FEF10 stack=80 32 40 00 28 EF 1F 00 FC EF 1F 00 00 00 00 00
info: Win32Emu.Emulator[0]
      [User32] DispatchMessageA: HWND=0x00000000 MSG=0x0000 wParam=0x00000000 lParam=0x00000000
info: Win32Emu.Emulator[0]
      [User32] DispatchMessageA: No WndProc found for HWND=0x00000000
info: Win32Emu.Emulator[0]
      [Dispatcher] USER32.DLL!DispatchMessageA returned 0x00000000, argBytes=4, convention=Stdcall
info: Win32Emu.Emulator[0]
      [Import USER32.DLL!DispatchMessageA] Return address from stack: ESP=0x001FEF10, retEIP=0x00403280
info: Win32Emu.Emulator[0]
      [Import USER32.DLL!DispatchMessageA] Stack state before cleanup:
        [ESP+00] = 0x001FEF10: 0x00403280 (return addr)
        [ESP+04] = 0x001FEF14: 0x001FEF28 (arg1)
        [ESP+08] = 0x001FEF18: 0x001FEFFC
        [ESP+12] = 0x001FEF1C: 0x00000000
        [ESP+16] = 0x001FEF20: 0x00470018
        [ESP+20] = 0x001FEF24: 0x00000000
      
info: Win32Emu.Emulator[0]
      [Import USER32.DLL!DispatchMessageA] Stack cleanup: ESP=0x001FEF10, retEIP=0x00403280, argBytes=4, new ESP=0x001FEF18
dbug: Win32Emu.Emulator[0]
      [RegisterValidation] After Import USER32.DLL!DispatchMessageA: EBX=0F000130 (saved=0F000130, preserved=True), ESI=0F000040 (saved=0F000040, preserved=True), EDI=0F000030 (saved=0F000030, preserved=True), EBP=0F000010 (saved=0F000010, preserved=True, valid=False, savedValid=False), ESP=001FEF18
dbug: Win32Emu.Emulator[0]
      [Import] Successfully invoked USER32.DLL!DispatchMessageA
info: Win32Emu.Emulator[0]
      [Import] Direct call to USER32.DLL!GetMessageA at 0x0F000030
info: Win32Emu.Emulator[0]
      Dispatching USER32.DLL!GetMessageA at EIP=0x0F000030 ESP=0x001FEF04 stack=6E 32 40 00 28 EF 1F 00 00 00 00 00 00 00 00 00
info: Win32Emu.Emulator[0]
      [Dispatcher] USER32.DLL!GetMessageA returned 0x00000001, argBytes=16, convention=Stdcall
info: Win32Emu.Emulator[0]
      [Import USER32.DLL!GetMessageA] Return address from stack: ESP=0x001FEF04, retEIP=0x0040326E
info: Win32Emu.Emulator[0]
      [Import USER32.DLL!GetMessageA] Stack state before cleanup:
        [ESP+00] = 0x001FEF04: 0x0040326E (return addr)
        [ESP+04] = 0x001FEF08: 0x001FEF28 (arg1)
        [ESP+08] = 0x001FEF0C: 0x00000000 (arg2)
        [ESP+12] = 0x001FEF10: 0x00000000 (arg3)
        [ESP+16] = 0x001FEF14: 0x00000000 (arg4)
        [ESP+20] = 0x001FEF18: 0x001FEFFC
      
info: Win32Emu.Emulator[0]
      [Import USER32.DLL!GetMessageA] Stack cleanup: ESP=0x001FEF04, retEIP=0x0040326E, argBytes=16, new ESP=0x001FEF18
dbug: Win32Emu.Emulator[0]
      [RegisterValidation] After Import USER32.DLL!GetMessageA: EBX=0F000130 (saved=0F000130, preserved=True), ESI=0F000040 (saved=0F000040, preserved=True), EDI=0F000030 (saved=0F000030, preserved=True), EBP=0F000010 (saved=0F000010, preserved=True, valid=False, savedValid=False), ESP=001FEF18
dbug: Win32Emu.Emulator[0]
      [Import] Successfully invoked USER32.DLL!GetMessageA
info: Win32Emu.Emulator[0]
      [Import] Direct call to USER32.DLL!TranslateMessage at 0x0F000130
info: Win32Emu.Emulator[0]
      Dispatching USER32.DLL!TranslateMessage at EIP=0x0F000130 ESP=0x001FEF10 stack=79 32 40 00 28 EF 1F 00 FC EF 1F 00 00 00 00 00
info: Win32Emu.Emulator[0]
      [User32] TranslateMessage: HWND=0x00000000 MSG=0x0000 wParam=0x00000000 lParam=0x00000000
info: Win32Emu.Emulator[0]
      [Dispatcher] USER32.DLL!TranslateMessage returned 0x00000000, argBytes=4, convention=Stdcall
info: Win32Emu.Emulator[0]
      [Import USER32.DLL!TranslateMessage] Return address from stack: ESP=0x001FEF10, retEIP=0x00403279
info: Win32Emu.Emulator[0]
      [Import USER32.DLL!TranslateMessage] Stack state before cleanup:
        [ESP+00] = 0x001FEF10: 0x00403279 (return addr)
        [ESP+04] = 0x001FEF14: 0x001FEF28 (arg1)
        [ESP+08] = 0x001FEF18: 0x001FEFFC
        [ESP+12] = 0x001FEF1C: 0x00000000
        [ESP+16] = 0x001FEF20: 0x00470018
        [ESP+20] = 0x001FEF24: 0x00000000
      
info: Win32Emu.Emulator[0]
      [Import USER32.DLL!TranslateMessage] Stack cleanup: ESP=0x001FEF10, retEIP=0x00403279, argBytes=4, new ESP=0x001FEF18
dbug: Win32Emu.Emulator[0]
      [RegisterValidation] After Import USER32.DLL!TranslateMessage: EBX=0F000130 (saved=0F000130, preserved=True), ESI=0F000040 (saved=0F000040, preserved=True), EDI=0F000030 (saved=0F000030, preserved=True), EBP=0F000010 (saved=0F000010, preserved=True, valid=False, savedValid=False), ESP=001FEF18
dbug: Win32Emu.Emulator[0]
      [Import] Successfully invoked USER32.DLL!TranslateMessage
info: Win32Emu.Emulator[0]
      [Import] Direct call to USER32.DLL!DispatchMessageA at 0x0F000010
info: Win32Emu.Emulator[0]
      Dispatching USER32.DLL!DispatchMessageA at EIP=0x0F000010 ESP=0x001FEF10 stack=80 32 40 00 28 EF 1F 00 FC EF 1F 00 00 00 00 00
info: Win32Emu.Emulator[0]
      [User32] DispatchMessageA: HWND=0x00000000 MSG=0x0000 wParam=0x00000000 lParam=0x00000000
info: Win32Emu.Emulator[0]
      [User32] DispatchMessageA: No WndProc found for HWND=0x00000000
info: Win32Emu.Emulator[0]
      [Dispatcher] USER32.DLL!DispatchMessageA returned 0x00000000, argBytes=4, convention=Stdcall
info: Win32Emu.Emulator[0]
      [Import USER32.DLL!DispatchMessageA] Return address from stack: ESP=0x001FEF10, retEIP=0x00403280
info: Win32Emu.Emulator[0]
      [Import USER32.DLL!DispatchMessageA] Stack state before cleanup:
        [ESP+00] = 0x001FEF10: 0x00403280 (return addr)
        [ESP+04] = 0x001FEF14: 0x001FEF28 (arg1)
        [ESP+08] = 0x001FEF18: 0x001FEFFC
        [ESP+12] = 0x001FEF1C: 0x00000000
        [ESP+16] = 0x001FEF20: 0x00470018
        [ESP+20] = 0x001FEF24: 0x00000000
      
info: Win32Emu.Emulator[0]
      [Import USER32.DLL!DispatchMessageA] Stack cleanup: ESP=0x001FEF10, retEIP=0x00403280, argBytes=4, new ESP=0x001FEF18
dbug: Win32Emu.Emulator[0]
      [RegisterValidation] After Import USER32.DLL!DispatchMessageA: EBX=0F000130 (saved=0F000130, preserved=True), ESI=0F000040 (saved=0F000040, preserved=True), EDI=0F000030 (saved=0F000030, preserved=True), EBP=0F000010 (saved=0F000010, preserved=True, valid=False, savedValid=False), ESP=001FEF18
dbug: Win32Emu.Emulator[0]
      [Import] Successfully invoked USER32.DLL!DispatchMessageA
info: Win32Emu.Emulator[0]
      [Import] Direct call to USER32.DLL!GetMessageA at 0x0F000030
info: Win32Emu.Emulator[0]
      Dispatching USER32.DLL!GetMessageA at EIP=0x0F000030 ESP=0x001FEF04 stack=6E 32 40 00 28 EF 1F 00 00 00 00 00 00 00 00 00
info: Win32Emu.Emulator[0]
      [Dispatcher] USER32.DLL!GetMessageA returned 0x00000001, argBytes=16, convention=Stdcall
info: Win32Emu.Emulator[0]
      [Import USER32.DLL!GetMessageA] Return address from stack: ESP=0x001FEF04, retEIP=0x0040326E
info: Win32Emu.Emulator[0]
      [Import USER32.DLL!GetMessageA] Stack state before cleanup:
        [ESP+00] = 0x001FEF04: 0x0040326E (return addr)
        [ESP+04] = 0x001FEF08: 0x001FEF28 (arg1)
        [ESP+08] = 0x001FEF0C: 0x00000000 (arg2)
        [ESP+12] = 0x001FEF10: 0x00000000 (arg3)
        [ESP+16] = 0x001FEF14: 0x00000000 (arg4)
        [ESP+20] = 0x001FEF18: 0x001FEFFC
      
info: Win32Emu.Emulator[0]
      [Import USER32.DLL!GetMessageA] Stack cleanup: ESP=0x001FEF04, retEIP=0x0040326E, argBytes=16, new ESP=0x001FEF18
dbug: Win32Emu.Emulator[0]
      [RegisterValidation] After Import USER32.DLL!GetMessageA: EBX=0F000130 (saved=0F000130, preserved=True), ESI=0F000040 (saved=0F000040, preserved=True), EDI=0F000030 (saved=0F000030, preserved=True), EBP=0F000010 (saved=0F000010, preserved=True, valid=False, savedValid=False), ESP=001FEF18
dbug: Win32Emu.Emulator[0]
      [Import] Successfully invoked USER32.DLL!GetMessageA
info: Win32Emu.Emulator[0]
      [Import] Direct call to USER32.DLL!TranslateMessage at 0x0F000130
info: Win32Emu.Emulator[0]
      Dispatching USER32.DLL!TranslateMessage at EIP=0x0F000130 ESP=0x001FEF10 stack=79 32 40 00 28 EF 1F 00 FC EF 1F 00 00 00 00 00
info: Win32Emu.Emulator[0]
      [User32] TranslateMessage: HWND=0x00000000 MSG=0x0000 wParam=0x00000000 lParam=0x00000000
info: Win32Emu.Emulator[0]
      [Dispatcher] USER32.DLL!TranslateMessage returned 0x00000000, argBytes=4, convention=Stdcall
info: Win32Emu.Emulator[0]
      [Import USER32.DLL!TranslateMessage] Return address from stack: ESP=0x001FEF10, retEIP=0x00403279
info: Win32Emu.Emulator[0]
      [Import USER32.DLL!TranslateMessage] Stack state before cleanup:
        [ESP+00] = 0x001FEF10: 0x00403279 (return addr)
        [ESP+04] = 0x001FEF14: 0x001FEF28 (arg1)
        [ESP+08] = 0x001FEF18: 0x001FEFFC
        [ESP+12] = 0x001FEF1C: 0x00000000
        [ESP+16] = 0x001FEF20: 0x00470018
        [ESP+20] = 0x001FEF24: 0x00000000
      
info: Win32Emu.Emulator[0]
      [Import USER32.DLL!TranslateMessage] Stack cleanup: ESP=0x001FEF10, retEIP=0x00403279, argBytes=4, new ESP=0x001FEF18
dbug: Win32Emu.Emulator[0]
      [RegisterValidation] After Import USER32.DLL!TranslateMessage: EBX=0F000130 (saved=0F000130, preserved=True), ESI=0F000040 (saved=0F000040, preserved=True), EDI=0F000030 (saved=0F000030, preserved=True), EBP=0F000010 (saved=0F000010, preserved=True, valid=False, savedValid=False), ESP=001FEF18
dbug: Win32Emu.Emulator[0]
      [Import] Successfully invoked USER32.DLL!TranslateMessage
info: Win32Emu.Emulator[0]
      [Import] Direct call to USER32.DLL!DispatchMessageA at 0x0F000010
info: Win32Emu.Emulator[0]
      Dispatching USER32.DLL!DispatchMessageA at EIP=0x0F000010 ESP=0x001FEF10 stack=80 32 40 00 28 EF 1F 00 FC EF 1F 00 00 00 00 00
info: Win32Emu.Emulator[0]
      [User32] DispatchMessageA: HWND=0x00000000 MSG=0x0000 wParam=0x00000000 lParam=0x00000000
info: Win32Emu.Emulator[0]
      [User32] DispatchMessageA: No WndProc found for HWND=0x00000000
info: Win32Emu.Emulator[0]
      [Dispatcher] USER32.DLL!DispatchMessageA returned 0x00000000, argBytes=4, convention=Stdcall
info: Win32Emu.Emulator[0]
      [Import USER32.DLL!DispatchMessageA] Return address from stack: ESP=0x001FEF10, retEIP=0x00403280
info: Win32Emu.Emulator[0]
      [Import USER32.DLL!DispatchMessageA] Stack state before cleanup:
        [ESP+00] = 0x001FEF10: 0x00403280 (return addr)
        [ESP+04] = 0x001FEF14: 0x001FEF28 (arg1)
        [ESP+08] = 0x001FEF18: 0x001FEFFC
        [ESP+12] = 0x001FEF1C: 0x00000000
        [ESP+16] = 0x001FEF20: 0x00470018
        [ESP+20] = 0x001FEF24: 0x00000000
      
info: Win32Emu.Emulator[0]
      [Import USER32.DLL!DispatchMessageA] Stack cleanup: ESP=0x001FEF10, retEIP=0x00403280, argBytes=4, new ESP=0x001FEF18
dbug: Win32Emu.Emulator[0]
      [RegisterValidation] After Import USER32.DLL!DispatchMessageA: EBX=0F000130 (saved=0F000130, preserved=True), ESI=0F000040 (saved=0F000040, preserved=True), EDI=0F000030 (saved=0F000030, preserved=True), EBP=0F000010 (saved=0F000010, preserved=True, valid=False, savedValid=False), ESP=001FEF18
dbug: Win32Emu.Emulator[0]
      [Import] Successfully invoked USER32.DLL!DispatchMessageA
info: Win32Emu.Emulator[0]
      [Import] Direct call to USER32.DLL!GetMessageA at 0x0F000030
info: Win32Emu.Emulator[0]
      Dispatching USER32.DLL!GetMessageA at EIP=0x0F000030 ESP=0x001FEF04 stack=6E 32 40 00 28 EF 1F 00 00 00 00 00 00 00 00 00
info: Win32Emu.Emulator[0]
      [Dispatcher] USER32.DLL!GetMessageA returned 0x00000001, argBytes=16, convention=Stdcall
info: Win32Emu.Emulator[0]
      [Import USER32.DLL!GetMessageA] Return address from stack: ESP=0x001FEF04, retEIP=0x0040326E
info: Win32Emu.Emulator[0]
      [Import USER32.DLL!GetMessageA] Stack state before cleanup:
        [ESP+00] = 0x001FEF04: 0x0040326E (return addr)
        [ESP+04] = 0x001FEF08: 0x001FEF28 (arg1)
        [ESP+08] = 0x001FEF0C: 0x00000000 (arg2)
        [ESP+12] = 0x001FEF10: 0x00000000 (arg3)
        [ESP+16] = 0x001FEF14: 0x00000000 (arg4)
        [ESP+20] = 0x001FEF18: 0x001FEFFC
      
info: Win32Emu.Emulator[0]
      [Import USER32.DLL!GetMessageA] Stack cleanup: ESP=0x001FEF04, retEIP=0x0040326E, argBytes=16, new ESP=0x001FEF18
dbug: Win32Emu.Emulator[0]
      [RegisterValidation] After Import USER32.DLL!GetMessageA: EBX=0F000130 (saved=0F000130, preserved=True), ESI=0F000040 (saved=0F000040, preserved=True), EDI=0F000030 (saved=0F000030, preserved=True), EBP=0F000010 (saved=0F000010, preserved=True, valid=False, savedValid=False), ESP=001FEF18
dbug: Win32Emu.Emulator[0]
      [Import] Successfully invoked USER32.DLL!GetMessageA
info: Win32Emu.Emulator[0]
      [Import] Direct call to USER32.DLL!TranslateMessage at 0x0F000130
info: Win32Emu.Emulator[0]
      Dispatching USER32.DLL!TranslateMessage at EIP=0x0F000130 ESP=0x001FEF10 stack=79 32 40 00 28 EF 1F 00 FC EF 1F 00 00 00 00 00
info: Win32Emu.Emulator[0]
      [User32] TranslateMessage: HWND=0x00000000 MSG=0x0000 wParam=0x00000000 lParam=0x00000000
info: Win32Emu.Emulator[0]
      [Dispatcher] USER32.DLL!TranslateMessage returned 0x00000000, argBytes=4, convention=Stdcall
info: Win32Emu.Emulator[0]
      [Import USER32.DLL!TranslateMessage] Return address from stack: ESP=0x001FEF10, retEIP=0x00403279
info: Win32Emu.Emulator[0]
      [Import USER32.DLL!TranslateMessage] Stack state before cleanup:
        [ESP+00] = 0x001FEF10: 0x00403279 (return addr)
        [ESP+04] = 0x001FEF14: 0x001FEF28 (arg1)
        [ESP+08] = 0x001FEF18: 0x001FEFFC
        [ESP+12] = 0x001FEF1C: 0x00000000
        [ESP+16] = 0x001FEF20: 0x00470018
        [ESP+20] = 0x001FEF24: 0x00000000
      
info: Win32Emu.Emulator[0]
      [Import USER32.DLL!TranslateMessage] Stack cleanup: ESP=0x001FEF10, retEIP=0x00403279, argBytes=4, new ESP=0x001FEF18
dbug: Win32Emu.Emulator[0]
      [RegisterValidation] After Import USER32.DLL!TranslateMessage: EBX=0F000130 (saved=0F000130, preserved=True), ESI=0F000040 (saved=0F000040, preserved=True), EDI=0F000030 (saved=0F000030, preserved=True), EBP=0F000010 (saved=0F000010, preserved=True, valid=False, savedValid=False), ESP=001FEF18
dbug: Win32Emu.Emulator[0]
      [Import] Successfully invoked USER32.DLL!TranslateMessage
info: Win32Emu.Emulator[0]
      [Import] Direct call to USER32.DLL!DispatchMessageA at 0x0F000010
info: Win32Emu.Emulator[0]
      Dispatching USER32.DLL!DispatchMessageA at EIP=0x0F000010 ESP=0x001FEF10 stack=80 32 40 00 28 EF 1F 00 FC EF 1F 00 00 00 00 00
info: Win32Emu.Emulator[0]
      [User32] DispatchMessageA: HWND=0x00000000 MSG=0x0000 wParam=0x00000000 lParam=0x00000000
info: Win32Emu.Emulator[0]
      [User32] DispatchMessageA: No WndProc found for HWND=0x00000000
info: Win32Emu.Emulator[0]
      [Dispatcher] USER32.DLL!DispatchMessageA returned 0x00000000, argBytes=4, convention=Stdcall
info: Win32Emu.Emulator[0]
      [Import USER32.DLL!DispatchMessageA] Return address from stack: ESP=0x001FEF10, retEIP=0x00403280
info: Win32Emu.Emulator[0]
      [Import USER32.DLL!DispatchMessageA] Stack state before cleanup:
        [ESP+00] = 0x001FEF10: 0x00403280 (return addr)
        [ESP+04] = 0x001FEF14: 0x001FEF28 (arg1)
        [ESP+08] = 0x001FEF18: 0x001FEFFC
        [ESP+12] = 0x001FEF1C: 0x00000000
        [ESP+16] = 0x001FEF20: 0x00470018
        [ESP+20] = 0x001FEF24: 0x00000000
      
info: Win32Emu.Emulator[0]
      [Import USER32.DLL!DispatchMessageA] Stack cleanup: ESP=0x001FEF10, retEIP=0x00403280, argBytes=4, new ESP=0x001FEF18
dbug: Win32Emu.Emulator[0]
      [RegisterValidation] After Import USER32.DLL!DispatchMessageA: EBX=0F000130 (saved=0F000130, preserved=True), ESI=0F000040 (saved=0F000040, preserved=True), EDI=0F000030 (saved=0F000030, preserved=True), EBP=0F000010 (saved=0F000010, preserved=True, valid=False, savedValid=False), ESP=001FEF18
dbug: Win32Emu.Emulator[0]
      [Import] Successfully invoked USER32.DLL!DispatchMessageA
info: Win32Emu.Emulator[0]
      [Import] Direct call to USER32.DLL!GetMessageA at 0x0F000030
info: Win32Emu.Emulator[0]
      Dispatching USER32.DLL!GetMessageA at EIP=0x0F000030 ESP=0x001FEF04 stack=6E 32 40 00 28 EF 1F 00 00 00 00 00 00 00 00 00
info: Win32Emu.Emulator[0]
      [Dispatcher] USER32.DLL!GetMessageA returned 0x00000001, argBytes=16, convention=Stdcall
info: Win32Emu.Emulator[0]
      [Import USER32.DLL!GetMessageA] Return address from stack: ESP=0x001FEF04, retEIP=0x0040326E
info: Win32Emu.Emulator[0]
      [Import USER32.DLL!GetMessageA] Stack state before cleanup:
        [ESP+00] = 0x001FEF04: 0x0040326E (return addr)
        [ESP+04] = 0x001FEF08: 0x001FEF28 (arg1)
        [ESP+08] = 0x001FEF0C: 0x00000000 (arg2)
        [ESP+12] = 0x001FEF10: 0x00000000 (arg3)
        [ESP+16] = 0x001FEF14: 0x00000000 (arg4)
        [ESP+20] = 0x001FEF18: 0x001FEFFC
      
info: Win32Emu.Emulator[0]
      [Import USER32.DLL!GetMessageA] Stack cleanup: ESP=0x001FEF04, retEIP=0x0040326E, argBytes=16, new ESP=0x001FEF18
dbug: Win32Emu.Emulator[0]
      [RegisterValidation] After Import USER32.DLL!GetMessageA: EBX=0F000130 (saved=0F000130, preserved=True), ESI=0F000040 (saved=0F000040, preserved=True), EDI=0F000030 (saved=0F000030, preserved=True), EBP=0F000010 (saved=0F000010, preserved=True, valid=False, savedValid=False), ESP=001FEF18
dbug: Win32Emu.Emulator[0]
      [Import] Successfully invoked USER32.DLL!GetMessageA
info: Win32Emu.Emulator[0]
      [Import] Direct call to USER32.DLL!TranslateMessage at 0x0F000130
info: Win32Emu.Emulator[0]
      Dispatching USER32.DLL!TranslateMessage at EIP=0x0F000130 ESP=0x001FEF10 stack=79 32 40 00 28 EF 1F 00 FC EF 1F 00 00 00 00 00
info: Win32Emu.Emulator[0]
      [User32] TranslateMessage: HWND=0x00000000 MSG=0x0000 wParam=0x00000000 lParam=0x00000000
info: Win32Emu.Emulator[0]
      [Dispatcher] USER32.DLL!TranslateMessage returned 0x00000000, argBytes=4, convention=Stdcall
info: Win32Emu.Emulator[0]
      [Import USER32.DLL!TranslateMessage] Return address from stack: ESP=0x001FEF10, retEIP=0x00403279
info: Win32Emu.Emulator[0]
      [Import USER32.DLL!TranslateMessage] Stack state before cleanup:
        [ESP+00] = 0x001FEF10: 0x00403279 (return addr)
        [ESP+04] = 0x001FEF14: 0x001FEF28 (arg1)
        [ESP+08] = 0x001FEF18: 0x001FEFFC
        [ESP+12] = 0x001FEF1C: 0x00000000
        [ESP+16] = 0x001FEF20: 0x00470018
        [ESP+20] = 0x001FEF24: 0x00000000
      
info: Win32Emu.Emulator[0]
      [Import USER32.DLL!TranslateMessage] Stack cleanup: ESP=0x001FEF10, retEIP=0x00403279, argBytes=4, new ESP=0x001FEF18
dbug: Win32Emu.Emulator[0]
      [RegisterValidation] After Import USER32.DLL!TranslateMessage: EBX=0F000130 (saved=0F000130, preserved=True), ESI=0F000040 (saved=0F000040, preserved=True), EDI=0F000030 (saved=0F000030, preserved=True), EBP=0F000010 (saved=0F000010, preserved=True, valid=False, savedValid=False), ESP=001FEF18
dbug: Win32Emu.Emulator[0]
      [Import] Successfully invoked USER32.DLL!TranslateMessage
info: Win32Emu.Emulator[0]
      [Import] Direct call to USER32.DLL!DispatchMessageA at 0x0F000010
info: Win32Emu.Emulator[0]
      Dispatching USER32.DLL!DispatchMessageA at EIP=0x0F000010 ESP=0x001FEF10 stack=80 32 40 00 28 EF 1F 00 FC EF 1F 00 00 00 00 00
info: Win32Emu.Emulator[0]
      [User32] DispatchMessageA: HWND=0x00000000 MSG=0x0000 wParam=0x00000000 lParam=0x00000000
info: Win32Emu.Emulator[0]
      [User32] DispatchMessageA: No WndProc found for HWND=0x00000000
info: Win32Emu.Emulator[0]
      [Dispatcher] USER32.DLL!DispatchMessageA returned 0x00000000, argBytes=4, convention=Stdcall
info: Win32Emu.Emulator[0]
      [Import USER32.DLL!DispatchMessageA] Return address from stack: ESP=0x001FEF10, retEIP=0x00403280
info: Win32Emu.Emulator[0]
      [Import USER32.DLL!DispatchMessageA] Stack state before cleanup:
        [ESP+00] = 0x001FEF10: 0x00403280 (return addr)
        [ESP+04] = 0x001FEF14: 0x001FEF28 (arg1)
        [ESP+08] = 0x001FEF18: 0x001FEFFC
        [ESP+12] = 0x001FEF1C: 0x00000000
        [ESP+16] = 0x001FEF20: 0x00470018
        [ESP+20] = 0x001FEF24: 0x00000000
      
info: Win32Emu.Emulator[0]
      [Import USER32.DLL!DispatchMessageA] Stack cleanup: ESP=0x001FEF10, retEIP=0x00403280, argBytes=4, new ESP=0x001FEF18
dbug: Win32Emu.Emulator[0]
      [RegisterValidation] After Import USER32.DLL!DispatchMessageA: EBX=0F000130 (saved=0F000130, preserved=True), ESI=0F000040 (saved=0F000040, preserved=True), EDI=0F000030 (saved=0F000030, preserved=True), EBP=0F000010 (saved=0F000010, preserved=True, valid=False, savedValid=False), ESP=001FEF18
dbug: Win32Emu.Emulator[0]
      [Import] Successfully invoked USER32.DLL!DispatchMessageA
info: Win32Emu.Emulator[0]
      [Import] Direct call to USER32.DLL!GetMessageA at 0x0F000030
info: Win32Emu.Emulator[0]
      Dispatching USER32.DLL!GetMessageA at EIP=0x0F000030 ESP=0x001FEF04 stack=6E 32 40 00 28 EF 1F 00 00 00 00 00 00 00 00 00
info: Win32Emu.Emulator[0]
      [Dispatcher] USER32.DLL!GetMessageA returned 0x00000001, argBytes=16, convention=Stdcall
info: Win32Emu.Emulator[0]
      [Import USER32.DLL!GetMessageA] Return address from stack: ESP=0x001FEF04, retEIP=0x0040326E
info: Win32Emu.Emulator[0]
      [Import USER32.DLL!GetMessageA] Stack state before cleanup:
        [ESP+00] = 0x001FEF04: 0x0040326E (return addr)
        [ESP+04] = 0x001FEF08: 0x001FEF28 (arg1)
        [ESP+08] = 0x001FEF0C: 0x00000000 (arg2)
        [ESP+12] = 0x001FEF10: 0x00000000 (arg3)
        [ESP+16] = 0x001FEF14: 0x00000000 (arg4)
        [ESP+20] = 0x001FEF18: 0x001FEFFC
      
info: Win32Emu.Emulator[0]
      [Import USER32.DLL!GetMessageA] Stack cleanup: ESP=0x001FEF04, retEIP=0x0040326E, argBytes=16, new ESP=0x001FEF18
dbug: Win32Emu.Emulator[0]
      [RegisterValidation] After Import USER32.DLL!GetMessageA: EBX=0F000130 (saved=0F000130, preserved=True), ESI=0F000040 (saved=0F000040, preserved=True), EDI=0F000030 (saved=0F000030, preserved=True), EBP=0F000010 (saved=0F000010, preserved=True, valid=False, savedValid=False), ESP=001FEF18
dbug: Win32Emu.Emulator[0]
      [Import] Successfully invoked USER32.DLL!GetMessageA
info: Win32Emu.Emulator[0]
      [Import] Direct call to USER32.DLL!TranslateMessage at 0x0F000130
info: Win32Emu.Emulator[0]
      Dispatching USER32.DLL!TranslateMessage at EIP=0x0F000130 ESP=0x001FEF10 stack=79 32 40 00 28 EF 1F 00 FC EF 1F 00 00 00 00 00
info: Win32Emu.Emulator[0]
      [User32] TranslateMessage: HWND=0x00000000 MSG=0x0000 wParam=0x00000000 lParam=0x00000000
info: Win32Emu.Emulator[0]
      [Dispatcher] USER32.DLL!TranslateMessage returned 0x00000000, argBytes=4, convention=Stdcall
info: Win32Emu.Emulator[0]
      [Import USER32.DLL!TranslateMessage] Return address from stack: ESP=0x001FEF10, retEIP=0x00403279
info: Win32Emu.Emulator[0]
      [Import USER32.DLL!TranslateMessage] Stack state before cleanup:
        [ESP+00] = 0x001FEF10: 0x00403279 (return addr)
        [ESP+04] = 0x001FEF14: 0x001FEF28 (arg1)
        [ESP+08] = 0x001FEF18: 0x001FEFFC
        [ESP+12] = 0x001FEF1C: 0x00000000
        [ESP+16] = 0x001FEF20: 0x00470018
        [ESP+20] = 0x001FEF24: 0x00000000
      
info: Win32Emu.Emulator[0]
      [Import USER32.DLL!TranslateMessage] Stack cleanup: ESP=0x001FEF10, retEIP=0x00403279, argBytes=4, new ESP=0x001FEF18
dbug: Win32Emu.Emulator[0]
      [RegisterValidation] After Import USER32.DLL!TranslateMessage: EBX=0F000130 (saved=0F000130, preserved=True), ESI=0F000040 (saved=0F000040, preserved=True), EDI=0F000030 (saved=0F000030, preserved=True), EBP=0F000010 (saved=0F000010, preserved=True, valid=False, savedValid=False), ESP=001FEF18
dbug: Win32Emu.Emulator[0]
      [Import] Successfully invoked USER32.DLL!TranslateMessage
info: Win32Emu.Emulator[0]
      [Import] Direct call to USER32.DLL!DispatchMessageA at 0x0F000010
info: Win32Emu.Emulator[0]
      Dispatching USER32.DLL!DispatchMessageA at EIP=0x0F000010 ESP=0x001FEF10 stack=80 32 40 00 28 EF 1F 00 FC EF 1F 00 00 00 00 00
info: Win32Emu.Emulator[0]
      [User32] DispatchMessageA: HWND=0x00000000 MSG=0x0000 wParam=0x00000000 lParam=0x00000000
info: Win32Emu.Emulator[0]
      [User32] DispatchMessageA: No WndProc found for HWND=0x00000000
info: Win32Emu.Emulator[0]
      [Dispatcher] USER32.DLL!DispatchMessageA returned 0x00000000, argBytes=4, convention=Stdcall
info: Win32Emu.Emulator[0]
      [Import USER32.DLL!DispatchMessageA] Return address from stack: ESP=0x001FEF10, retEIP=0x00403280
info: Win32Emu.Emulator[0]
      [Import USER32.DLL!DispatchMessageA] Stack state before cleanup:
        [ESP+00] = 0x001FEF10: 0x00403280 (return addr)
        [ESP+04] = 0x001FEF14: 0x001FEF28 (arg1)
        [ESP+08] = 0x001FEF18: 0x001FEFFC
        [ESP+12] = 0x001FEF1C: 0x00000000
        [ESP+16] = 0x001FEF20: 0x00470018
        [ESP+20] = 0x001FEF24: 0x00000000
      
info: Win32Emu.Emulator[0]
      [Import USER32.DLL!DispatchMessageA] Stack cleanup: ESP=0x001FEF10, retEIP=0x00403280, argBytes=4, new ESP=0x001FEF18
dbug: Win32Emu.Emulator[0]
      [RegisterValidation] After Import USER32.DLL!DispatchMessageA: EBX=0F000130 (saved=0F000130, preserved=True), ESI=0F000040 (saved=0F000040, preserved=True), EDI=0F000030 (saved=0F000030, preserved=True), EBP=0F000010 (saved=0F000010, preserved=True, valid=False, savedValid=False), ESP=001FEF18
dbug: Win32Emu.Emulator[0]
      [Import] Successfully invoked USER32.DLL!DispatchMessageA
info: Win32Emu.Emulator[0]
      [Import] Direct call to USER32.DLL!GetMessageA at 0x0F000030
info: Win32Emu.Emulator[0]
      Dispatching USER32.DLL!GetMessageA at EIP=0x0F000030 ESP=0x001FEF04 stack=6E 32 40 00 28 EF 1F 00 00 00 00 00 00 00 00 00
info: Win32Emu.Emulator[0]
      [Dispatcher] USER32.DLL!GetMessageA returned 0x00000001, argBytes=16, convention=Stdcall
info: Win32Emu.Emulator[0]
      [Import USER32.DLL!GetMessageA] Return address from stack: ESP=0x001FEF04, retEIP=0x0040326E
info: Win32Emu.Emulator[0]
      [Import USER32.DLL!GetMessageA] Stack state before cleanup:
        [ESP+00] = 0x001FEF04: 0x0040326E (return addr)
        [ESP+04] = 0x001FEF08: 0x001FEF28 (arg1)
        [ESP+08] = 0x001FEF0C: 0x00000000 (arg2)
        [ESP+12] = 0x001FEF10: 0x00000000 (arg3)
        [ESP+16] = 0x001FEF14: 0x00000000 (arg4)
        [ESP+20] = 0x001FEF18: 0x001FEFFC
      
info: Win32Emu.Emulator[0]
      [Import USER32.DLL!GetMessageA] Stack cleanup: ESP=0x001FEF04, retEIP=0x0040326E, argBytes=16, new ESP=0x001FEF18
dbug: Win32Emu.Emulator[0]
      [RegisterValidation] After Import USER32.DLL!GetMessageA: EBX=0F000130 (saved=0F000130, preserved=True), ESI=0F000040 (saved=0F000040, preserved=True), EDI=0F000030 (saved=0F000030, preserved=True), EBP=0F000010 (saved=0F000010, preserved=True, valid=False, savedValid=False), ESP=001FEF18
dbug: Win32Emu.Emulator[0]
      [Import] Successfully invoked USER32.DLL!GetMessageA
info: Win32Emu.Emulator[0]
      [Import] Direct call to USER32.DLL!TranslateMessage at 0x0F000130
info: Win32Emu.Emulator[0]
      Dispatching USER32.DLL!TranslateMessage at EIP=0x0F000130 ESP=0x001FEF10 stack=79 32 40 00 28 EF 1F 00 FC EF 1F 00 00 00 00 00
info: Win32Emu.Emulator[0]
      [User32] TranslateMessage: HWND=0x00000000 MSG=0x0000 wParam=0x00000000 lParam=0x00000000
info: Win32Emu.Emulator[0]
      [Dispatcher] USER32.DLL!TranslateMessage returned 0x00000000, argBytes=4, convention=Stdcall
info: Win32Emu.Emulator[0]
      [Import USER32.DLL!TranslateMessage] Return address from stack: ESP=0x001FEF10, retEIP=0x00403279
info: Win32Emu.Emulator[0]
      [Import USER32.DLL!TranslateMessage] Stack state before cleanup:
        [ESP+00] = 0x001FEF10: 0x00403279 (return addr)
        [ESP+04] = 0x001FEF14: 0x001FEF28 (arg1)
        [ESP+08] = 0x001FEF18: 0x001FEFFC
        [ESP+12] = 0x001FEF1C: 0x00000000
        [ESP+16] = 0x001FEF20: 0x00470018
        [ESP+20] = 0x001FEF24: 0x00000000
      
info: Win32Emu.Emulator[0]
      [Import USER32.DLL!TranslateMessage] Stack cleanup: ESP=0x001FEF10, retEIP=0x00403279, argBytes=4, new ESP=0x001FEF18
dbug: Win32Emu.Emulator[0]
      [RegisterValidation] After Import USER32.DLL!TranslateMessage: EBX=0F000130 (saved=0F000130, preserved=True), ESI=0F000040 (saved=0F000040, preserved=True), EDI=0F000030 (saved=0F000030, preserved=True), EBP=0F000010 (saved=0F000010, preserved=True, valid=False, savedValid=False), ESP=001FEF18
dbug: Win32Emu.Emulator[0]
      [Import] Successfully invoked USER32.DLL!TranslateMessage
info: Win32Emu.Emulator[0]
      [Import] Direct call to USER32.DLL!DispatchMessageA at 0x0F000010
info: Win32Emu.Emulator[0]
      Dispatching USER32.DLL!DispatchMessageA at EIP=0x0F000010 ESP=0x001FEF10 stack=80 32 40 00 28 EF 1F 00 FC EF 1F 00 00 00 00 00
info: Win32Emu.Emulator[0]
      [User32] DispatchMessageA: HWND=0x00000000 MSG=0x0000 wParam=0x00000000 lParam=0x00000000
info: Win32Emu.Emulator[0]
      [User32] DispatchMessageA: No WndProc found for HWND=0x00000000
info: Win32Emu.Emulator[0]
      [Dispatcher] USER32.DLL!DispatchMessageA returned 0x00000000, argBytes=4, convention=Stdcall
info: Win32Emu.Emulator[0]
      [Import USER32.DLL!DispatchMessageA] Return address from stack: ESP=0x001FEF10, retEIP=0x00403280
info: Win32Emu.Emulator[0]
      [Import USER32.DLL!DispatchMessageA] Stack state before cleanup:
        [ESP+00] = 0x001FEF10: 0x00403280 (return addr)
        [ESP+04] = 0x001FEF14: 0x001FEF28 (arg1)
        [ESP+08] = 0x001FEF18: 0x001FEFFC
        [ESP+12] = 0x001FEF1C: 0x00000000
        [ESP+16] = 0x001FEF20: 0x00470018
        [ESP+20] = 0x001FEF24: 0x00000000
      
info: Win32Emu.Emulator[0]
      [Import USER32.DLL!DispatchMessageA] Stack cleanup: ESP=0x001FEF10, retEIP=0x00403280, argBytes=4, new ESP=0x001FEF18
dbug: Win32Emu.Emulator[0]
      [RegisterValidation] After Import USER32.DLL!DispatchMessageA: EBX=0F000130 (saved=0F000130, preserved=True), ESI=0F000040 (saved=0F000040, preserved=True), EDI=0F000030 (saved=0F000030, preserved=True), EBP=0F000010 (saved=0F000010, preserved=True, valid=False, savedValid=False), ESP=001FEF18
dbug: Win32Emu.Emulator[0]
      [Import] Successfully invoked USER32.DLL!DispatchMessageA
info: Win32Emu.Emulator[0]
      [Import] Direct call to USER32.DLL!GetMessageA at 0x0F000030
info: Win32Emu.Emulator[0]
      Dispatching USER32.DLL!GetMessageA at EIP=0x0F000030 ESP=0x001FEF04 stack=6E 32 40 00 28 EF 1F 00 00 00 00 00 00 00 00 00
info: Win32Emu.Emulator[0]
      [Dispatcher] USER32.DLL!GetMessageA returned 0x00000001, argBytes=16, convention=Stdcall
info: Win32Emu.Emulator[0]
      [Import USER32.DLL!GetMessageA] Return address from stack: ESP=0x001FEF04, retEIP=0x0040326E
info: Win32Emu.Emulator[0]
      [Import USER32.DLL!GetMessageA] Stack state before cleanup:
        [ESP+00] = 0x001FEF04: 0x0040326E (return addr)
        [ESP+04] = 0x001FEF08: 0x001FEF28 (arg1)
        [ESP+08] = 0x001FEF0C: 0x00000000 (arg2)
        [ESP+12] = 0x001FEF10: 0x00000000 (arg3)
        [ESP+16] = 0x001FEF14: 0x00000000 (arg4)
        [ESP+20] = 0x001FEF18: 0x001FEFFC
      
info: Win32Emu.Emulator[0]
      [Import USER32.DLL!GetMessageA] Stack cleanup: ESP=0x001FEF04, retEIP=0x0040326E, argBytes=16, new ESP=0x001FEF18
dbug: Win32Emu.Emulator[0]
      [RegisterValidation] After Import USER32.DLL!GetMessageA: EBX=0F000130 (saved=0F000130, preserved=True), ESI=0F000040 (saved=0F000040, preserved=True), EDI=0F000030 (saved=0F000030, preserved=True), EBP=0F000010 (saved=0F000010, preserved=True, valid=False, savedValid=False), ESP=001FEF18
dbug: Win32Emu.Emulator[0]
      [Import] Successfully invoked USER32.DLL!GetMessageA
info: Win32Emu.Emulator[0]
      [Import] Direct call to USER32.DLL!TranslateMessage at 0x0F000130
info: Win32Emu.Emulator[0]
      Dispatching USER32.DLL!TranslateMessage at EIP=0x0F000130 ESP=0x001FEF10 stack=79 32 40 00 28 EF 1F 00 FC EF 1F 00 00 00 00 00
info: Win32Emu.Emulator[0]
      [User32] TranslateMessage: HWND=0x00000000 MSG=0x0000 wParam=0x00000000 lParam=0x00000000
info: Win32Emu.Emulator[0]
      [Dispatcher] USER32.DLL!TranslateMessage returned 0x00000000, argBytes=4, convention=Stdcall
info: Win32Emu.Emulator[0]
      [Import USER32.DLL!TranslateMessage] Return address from stack: ESP=0x001FEF10, retEIP=0x00403279
info: Win32Emu.Emulator[0]
      [Import USER32.DLL!TranslateMessage] Stack state before cleanup:
        [ESP+00] = 0x001FEF10: 0x00403279 (return addr)
        [ESP+04] = 0x001FEF14: 0x001FEF28 (arg1)
        [ESP+08] = 0x001FEF18: 0x001FEFFC
        [ESP+12] = 0x001FEF1C: 0x00000000
        [ESP+16] = 0x001FEF20: 0x00470018
        [ESP+20] = 0x001FEF24: 0x00000000
      
info: Win32Emu.Emulator[0]
      [Import USER32.DLL!TranslateMessage] Stack cleanup: ESP=0x001FEF10, retEIP=0x00403279, argBytes=4, new ESP=0x001FEF18
dbug: Win32Emu.Emulator[0]
      [RegisterValidation] After Import USER32.DLL!TranslateMessage: EBX=0F000130 (saved=0F000130, preserved=True), ESI=0F000040 (saved=0F000040, preserved=True), EDI=0F000030 (saved=0F000030, preserved=True), EBP=0F000010 (saved=0F000010, preserved=True, valid=False, savedValid=False), ESP=001FEF18
dbug: Win32Emu.Emulator[0]
      [Import] Successfully invoked USER32.DLL!TranslateMessage
info: Win32Emu.Emulator[0]
      [Import] Direct call to USER32.DLL!DispatchMessageA at 0x0F000010
info: Win32Emu.Emulator[0]
      Dispatching USER32.DLL!DispatchMessageA at EIP=0x0F000010 ESP=0x001FEF10 stack=80 32 40 00 28 EF 1F 00 FC EF 1F 00 00 00 00 00
info: Win32Emu.Emulator[0]
      [User32] DispatchMessageA: HWND=0x00000000 MSG=0x0000 wParam=0x00000000 lParam=0x00000000
info: Win32Emu.Emulator[0]
      [User32] DispatchMessageA: No WndProc found for HWND=0x00000000
info: Win32Emu.Emulator[0]
      [Dispatcher] USER32.DLL!DispatchMessageA returned 0x00000000, argBytes=4, convention=Stdcall
info: Win32Emu.Emulator[0]
      [Import USER32.DLL!DispatchMessageA] Return address from stack: ESP=0x001FEF10, retEIP=0x00403280
info: Win32Emu.Emulator[0]
      [Import USER32.DLL!DispatchMessageA] Stack state before cleanup:
        [ESP+00] = 0x001FEF10: 0x00403280 (return addr)
        [ESP+04] = 0x001FEF14: 0x001FEF28 (arg1)
        [ESP+08] = 0x001FEF18: 0x001FEFFC
        [ESP+12] = 0x001FEF1C: 0x00000000
        [ESP+16] = 0x001FEF20: 0x00470018
        [ESP+20] = 0x001FEF24: 0x00000000
      
info: Win32Emu.Emulator[0]
      [Import USER32.DLL!DispatchMessageA] Stack cleanup: ESP=0x001FEF10, retEIP=0x00403280, argBytes=4, new ESP=0x001FEF18
dbug: Win32Emu.Emulator[0]
      [RegisterValidation] After Import USER32.DLL!DispatchMessageA: EBX=0F000130 (saved=0F000130, preserved=True), ESI=0F000040 (saved=0F000040, preserved=True), EDI=0F000030 (saved=0F000030, preserved=True), EBP=0F000010 (saved=0F000010, preserved=True, valid=False, savedValid=False), ESP=001FEF18
dbug: Win32Emu.Emulator[0]
      [Import] Successfully invoked USER32.DLL!DispatchMessageA
info: Win32Emu.Emulator[0]
      [Import] Direct call to USER32.DLL!GetMessageA at 0x0F000030
info: Win32Emu.Emulator[0]
      Dispatching USER32.DLL!GetMessageA at EIP=0x0F000030 ESP=0x001FEF04 stack=6E 32 40 00 28 EF 1F 00 00 00 00 00 00 00 00 00
info: Win32Emu.Emulator[0]
      [Dispatcher] USER32.DLL!GetMessageA returned 0x00000001, argBytes=16, convention=Stdcall
info: Win32Emu.Emulator[0]
      [Import USER32.DLL!GetMessageA] Return address from stack: ESP=0x001FEF04, retEIP=0x0040326E
info: Win32Emu.Emulator[0]
      [Import USER32.DLL!GetMessageA] Stack state before cleanup:
        [ESP+00] = 0x001FEF04: 0x0040326E (return addr)
        [ESP+04] = 0x001FEF08: 0x001FEF28 (arg1)
        [ESP+08] = 0x001FEF0C: 0x00000000 (arg2)
        [ESP+12] = 0x001FEF10: 0x00000000 (arg3)
        [ESP+16] = 0x001FEF14: 0x00000000 (arg4)
        [ESP+20] = 0x001FEF18: 0x001FEFFC
      
info: Win32Emu.Emulator[0]
      [Import USER32.DLL!GetMessageA] Stack cleanup: ESP=0x001FEF04, retEIP=0x0040326E, argBytes=16, new ESP=0x001FEF18
dbug: Win32Emu.Emulator[0]
      [RegisterValidation] After Import USER32.DLL!GetMessageA: EBX=0F000130 (saved=0F000130, preserved=True), ESI=0F000040 (saved=0F000040, preserved=True), EDI=0F000030 (saved=0F000030, preserved=True), EBP=0F000010 (saved=0F000010, preserved=True, valid=False, savedValid=False), ESP=001FEF18
dbug: Win32Emu.Emulator[0]
      [Import] Successfully invoked USER32.DLL!GetMessageA
info: Win32Emu.Emulator[0]
      [Import] Direct call to USER32.DLL!TranslateMessage at 0x0F000130
info: Win32Emu.Emulator[0]
      Dispatching USER32.DLL!TranslateMessage at EIP=0x0F000130 ESP=0x001FEF10 stack=79 32 40 00 28 EF 1F 00 FC EF 1F 00 00 00 00 00
info: Win32Emu.Emulator[0]
      [User32] TranslateMessage: HWND=0x00000000 MSG=0x0000 wParam=0x00000000 lParam=0x00000000
info: Win32Emu.Emulator[0]
      [Dispatcher] USER32.DLL!TranslateMessage returned 0x00000000, argBytes=4, convention=Stdcall
info: Win32Emu.Emulator[0]
      [Import USER32.DLL!TranslateMessage] Return address from stack: ESP=0x001FEF10, retEIP=0x00403279
info: Win32Emu.Emulator[0]
      [Import USER32.DLL!TranslateMessage] Stack state before cleanup:
        [ESP+00] = 0x001FEF10: 0x00403279 (return addr)
        [ESP+04] = 0x001FEF14: 0x001FEF28 (arg1)
        [ESP+08] = 0x001FEF18: 0x001FEFFC
        [ESP+12] = 0x001FEF1C: 0x00000000
        [ESP+16] = 0x001FEF20: 0x00470018
        [ESP+20] = 0x001FEF24: 0x00000000
      
info: Win32Emu.Emulator[0]
      [Import USER32.DLL!TranslateMessage] Stack cleanup: ESP=0x001FEF10, retEIP=0x00403279, argBytes=4, new ESP=0x001FEF18
dbug: Win32Emu.Emulator[0]
      [RegisterValidation] After Import USER32.DLL!TranslateMessage: EBX=0F000130 (saved=0F000130, preserved=True), ESI=0F000040 (saved=0F000040, preserved=True), EDI=0F000030 (saved=0F000030, preserved=True), EBP=0F000010 (saved=0F000010, preserved=True, valid=False, savedValid=False), ESP=001FEF18
dbug: Win32Emu.Emulator[0]
      [Import] Successfully invoked USER32.DLL!TranslateMessage
info: Win32Emu.Emulator[0]
      [Import] Direct call to USER32.DLL!DispatchMessageA at 0x0F000010
info: Win32Emu.Emulator[0]
      Dispatching USER32.DLL!DispatchMessageA at EIP=0x0F000010 ESP=0x001FEF10 stack=80 32 40 00 28 EF 1F 00 FC EF 1F 00 00 00 00 00
info: Win32Emu.Emulator[0]
      [User32] DispatchMessageA: HWND=0x00000000 MSG=0x0000 wParam=0x00000000 lParam=0x00000000
info: Win32Emu.Emulator[0]
      [User32] DispatchMessageA: No WndProc found for HWND=0x00000000
info: Win32Emu.Emulator[0]
      [Dispatcher] USER32.DLL!DispatchMessageA returned 0x00000000, argBytes=4, convention=Stdcall
info: Win32Emu.Emulator[0]
      [Import USER32.DLL!DispatchMessageA] Return address from stack: ESP=0x001FEF10, retEIP=0x00403280
info: Win32Emu.Emulator[0]
      [Import USER32.DLL!DispatchMessageA] Stack state before cleanup:
        [ESP+00] = 0x001FEF10: 0x00403280 (return addr)
        [ESP+04] = 0x001FEF14: 0x001FEF28 (arg1)
        [ESP+08] = 0x001FEF18: 0x001FEFFC
        [ESP+12] = 0x001FEF1C: 0x00000000
        [ESP+16] = 0x001FEF20: 0x00470018
        [ESP+20] = 0x001FEF24: 0x00000000
      
info: Win32Emu.Emulator[0]
      [Import USER32.DLL!DispatchMessageA] Stack cleanup: ESP=0x001FEF10, retEIP=0x00403280, argBytes=4, new ESP=0x001FEF18
dbug: Win32Emu.Emulator[0]
      [RegisterValidation] After Import USER32.DLL!DispatchMessageA: EBX=0F000130 (saved=0F000130, preserved=True), ESI=0F000040 (saved=0F000040, preserved=True), EDI=0F000030 (saved=0F000030, preserved=True), EBP=0F000010 (saved=0F000010, preserved=True, valid=False, savedValid=False), ESP=001FEF18
dbug: Win32Emu.Emulator[0]
      [Import] Successfully invoked USER32.DLL!DispatchMessageA
info: Win32Emu.Emulator[0]
      [Import] Direct call to USER32.DLL!GetMessageA at 0x0F000030
info: Win32Emu.Emulator[0]
      Dispatching USER32.DLL!GetMessageA at EIP=0x0F000030 ESP=0x001FEF04 stack=6E 32 40 00 28 EF 1F 00 00 00 00 00 00 00 00 00
info: Win32Emu.Emulator[0]
      [Dispatcher] USER32.DLL!GetMessageA returned 0x00000001, argBytes=16, convention=Stdcall
info: Win32Emu.Emulator[0]
      [Import USER32.DLL!GetMessageA] Return address from stack: ESP=0x001FEF04, retEIP=0x0040326E
info: Win32Emu.Emulator[0]
      [Import USER32.DLL!GetMessageA] Stack state before cleanup:
        [ESP+00] = 0x001FEF04: 0x0040326E (return addr)
        [ESP+04] = 0x001FEF08: 0x001FEF28 (arg1)
        [ESP+08] = 0x001FEF0C: 0x00000000 (arg2)
        [ESP+12] = 0x001FEF10: 0x00000000 (arg3)
        [ESP+16] = 0x001FEF14: 0x00000000 (arg4)
        [ESP+20] = 0x001FEF18: 0x001FEFFC
      
info: Win32Emu.Emulator[0]
      [Import USER32.DLL!GetMessageA] Stack cleanup: ESP=0x001FEF04, retEIP=0x0040326E, argBytes=16, new ESP=0x001FEF18
dbug: Win32Emu.Emulator[0]
      [RegisterValidation] After Import USER32.DLL!GetMessageA: EBX=0F000130 (saved=0F000130, preserved=True), ESI=0F000040 (saved=0F000040, preserved=True), EDI=0F000030 (saved=0F000030, preserved=True), EBP=0F000010 (saved=0F000010, preserved=True, valid=False, savedValid=False), ESP=001FEF18
dbug: Win32Emu.Emulator[0]
      [Import] Successfully invoked USER32.DLL!GetMessageA
info: Win32Emu.Emulator[0]
      [Import] Direct call to USER32.DLL!TranslateMessage at 0x0F000130
info: Win32Emu.Emulator[0]
      Dispatching USER32.DLL!TranslateMessage at EIP=0x0F000130 ESP=0x001FEF10 stack=79 32 40 00 28 EF 1F 00 FC EF 1F 00 00 00 00 00
info: Win32Emu.Emulator[0]
      [User32] TranslateMessage: HWND=0x00000000 MSG=0x0000 wParam=0x00000000 lParam=0x00000000
info: Win32Emu.Emulator[0]
      [Dispatcher] USER32.DLL!TranslateMessage returned 0x00000000, argBytes=4, convention=Stdcall
info: Win32Emu.Emulator[0]
      [Import USER32.DLL!TranslateMessage] Return address from stack: ESP=0x001FEF10, retEIP=0x00403279
info: Win32Emu.Emulator[0]
      [Import USER32.DLL!TranslateMessage] Stack state before cleanup:
        [ESP+00] = 0x001FEF10: 0x00403279 (return addr)
        [ESP+04] = 0x001FEF14: 0x001FEF28 (arg1)
        [ESP+08] = 0x001FEF18: 0x001FEFFC
        [ESP+12] = 0x001FEF1C: 0x00000000
        [ESP+16] = 0x001FEF20: 0x00470018
        [ESP+20] = 0x001FEF24: 0x00000000
      
info: Win32Emu.Emulator[0]
      [Import USER32.DLL!TranslateMessage] Stack cleanup: ESP=0x001FEF10, retEIP=0x00403279, argBytes=4, new ESP=0x001FEF18
dbug: Win32Emu.Emulator[0]
      [RegisterValidation] After Import USER32.DLL!TranslateMessage: EBX=0F000130 (saved=0F000130, preserved=True), ESI=0F000040 (saved=0F000040, preserved=True), EDI=0F000030 (saved=0F000030, preserved=True), EBP=0F000010 (saved=0F000010, preserved=True, valid=False, savedValid=False), ESP=001FEF18
dbug: Win32Emu.Emulator[0]
      [Import] Successfully invoked USER32.DLL!TranslateMessage
info: Win32Emu.Emulator[0]
      [Import] Direct call to USER32.DLL!DispatchMessageA at 0x0F000010
info: Win32Emu.Emulator[0]
      Dispatching USER32.DLL!DispatchMessageA at EIP=0x0F000010 ESP=0x001FEF10 stack=80 32 40 00 28 EF 1F 00 FC EF 1F 00 00 00 00 00
info: Win32Emu.Emulator[0]
      [User32] DispatchMessageA: HWND=0x00000000 MSG=0x0000 wParam=0x00000000 lParam=0x00000000
info: Win32Emu.Emulator[0]
      [User32] DispatchMessageA: No WndProc found for HWND=0x00000000
info: Win32Emu.Emulator[0]
      [Dispatcher] USER32.DLL!DispatchMessageA returned 0x00000000, argBytes=4, convention=Stdcall
info: Win32Emu.Emulator[0]
      [Import USER32.DLL!DispatchMessageA] Return address from stack: ESP=0x001FEF10, retEIP=0x00403280
info: Win32Emu.Emulator[0]
      [Import USER32.DLL!DispatchMessageA] Stack state before cleanup:
        [ESP+00] = 0x001FEF10: 0x00403280 (return addr)
        [ESP+04] = 0x001FEF14: 0x001FEF28 (arg1)
        [ESP+08] = 0x001FEF18: 0x001FEFFC
        [ESP+12] = 0x001FEF1C: 0x00000000
        [ESP+16] = 0x001FEF20: 0x00470018
        [ESP+20] = 0x001FEF24: 0x00000000
      
info: Win32Emu.Emulator[0]
      [Import USER32.DLL!DispatchMessageA] Stack cleanup: ESP=0x001FEF10, retEIP=0x00403280, argBytes=4, new ESP=0x001FEF18
dbug: Win32Emu.Emulator[0]
      [RegisterValidation] After Import USER32.DLL!DispatchMessageA: EBX=0F000130 (saved=0F000130, preserved=True), ESI=0F000040 (saved=0F000040, preserved=True), EDI=0F000030 (saved=0F000030, preserved=True), EBP=0F000010 (saved=0F000010, preserved=True, valid=False, savedValid=False), ESP=001FEF18
dbug: Win32Emu.Emulator[0]
      [Import] Successfully invoked USER32.DLL!DispatchMessageA
info: Win32Emu.Emulator[0]
      [Import] Direct call to USER32.DLL!GetMessageA at 0x0F000030
info: Win32Emu.Emulator[0]
      Dispatching USER32.DLL!GetMessageA at EIP=0x0F000030 ESP=0x001FEF04 stack=6E 32 40 00 28 EF 1F 00 00 00 00 00 00 00 00 00
info: Win32Emu.Emulator[0]
      [Dispatcher] USER32.DLL!GetMessageA returned 0x00000001, argBytes=16, convention=Stdcall
info: Win32Emu.Emulator[0]
      [Import USER32.DLL!GetMessageA] Return address from stack: ESP=0x001FEF04, retEIP=0x0040326E
info: Win32Emu.Emulator[0]
      [Import USER32.DLL!GetMessageA] Stack state before cleanup:
        [ESP+00] = 0x001FEF04: 0x0040326E (return addr)
        [ESP+04] = 0x001FEF08: 0x001FEF28 (arg1)
        [ESP+08] = 0x001FEF0C: 0x00000000 (arg2)
        [ESP+12] = 0x001FEF10: 0x00000000 (arg3)
        [ESP+16] = 0x001FEF14: 0x00000000 (arg4)
        [ESP+20] = 0x001FEF18: 0x001FEFFC
      
info: Win32Emu.Emulator[0]
      [Import USER32.DLL!GetMessageA] Stack cleanup: ESP=0x001FEF04, retEIP=0x0040326E, argBytes=16, new ESP=0x001FEF18
dbug: Win32Emu.Emulator[0]
      [RegisterValidation] After Import USER32.DLL!GetMessageA: EBX=0F000130 (saved=0F000130, preserved=True), ESI=0F000040 (saved=0F000040, preserved=True), EDI=0F000030 (saved=0F000030, preserved=True), EBP=0F000010 (saved=0F000010, preserved=True, valid=False, savedValid=False), ESP=001FEF18
dbug: Win32Emu.Emulator[0]
      [Import] Successfully invoked USER32.DLL!GetMessageA
info: Win32Emu.Emulator[0]
      [Import] Direct call to USER32.DLL!TranslateMessage at 0x0F000130
info: Win32Emu.Emulator[0]
      Dispatching USER32.DLL!TranslateMessage at EIP=0x0F000130 ESP=0x001FEF10 stack=79 32 40 00 28 EF 1F 00 FC EF 1F 00 00 00 00 00
info: Win32Emu.Emulator[0]
      [User32] TranslateMessage: HWND=0x00000000 MSG=0x0000 wParam=0x00000000 lParam=0x00000000
info: Win32Emu.Emulator[0]
      [Dispatcher] USER32.DLL!TranslateMessage returned 0x00000000, argBytes=4, convention=Stdcall
info: Win32Emu.Emulator[0]
      [Import USER32.DLL!TranslateMessage] Return address from stack: ESP=0x001FEF10, retEIP=0x00403279
info: Win32Emu.Emulator[0]
      [Import USER32.DLL!TranslateMessage] Stack state before cleanup:
        [ESP+00] = 0x001FEF10: 0x00403279 (return addr)
        [ESP+04] = 0x001FEF14: 0x001FEF28 (arg1)
        [ESP+08] = 0x001FEF18: 0x001FEFFC
        [ESP+12] = 0x001FEF1C: 0x00000000
        [ESP+16] = 0x001FEF20: 0x00470018
        [ESP+20] = 0x001FEF24: 0x00000000
      
info: Win32Emu.Emulator[0]
      [Import USER32.DLL!TranslateMessage] Stack cleanup: ESP=0x001FEF10, retEIP=0x00403279, argBytes=4, new ESP=0x001FEF18
dbug: Win32Emu.Emulator[0]
      [RegisterValidation] After Import USER32.DLL!TranslateMessage: EBX=0F000130 (saved=0F000130, preserved=True), ESI=0F000040 (saved=0F000040, preserved=True), EDI=0F000030 (saved=0F000030, preserved=True), EBP=0F000010 (saved=0F000010, preserved=True, valid=False, savedValid=False), ESP=001FEF18
dbug: Win32Emu.Emulator[0]
      [Import] Successfully invoked USER32.DLL!TranslateMessage
info: Win32Emu.Emulator[0]
      [Import] Direct call to USER32.DLL!DispatchMessageA at 0x0F000010
info: Win32Emu.Emulator[0]
      Dispatching USER32.DLL!DispatchMessageA at EIP=0x0F000010 ESP=0x001FEF10 stack=80 32 40 00 28 EF 1F 00 FC EF 1F 00 00 00 00 00
info: Win32Emu.Emulator[0]
      [User32] DispatchMessageA: HWND=0x00000000 MSG=0x0000 wParam=0x00000000 lParam=0x00000000
info: Win32Emu.Emulator[0]
      [User32] DispatchMessageA: No WndProc found for HWND=0x00000000
info: Win32Emu.Emulator[0]
      [Dispatcher] USER32.DLL!DispatchMessageA returned 0x00000000, argBytes=4, convention=Stdcall
info: Win32Emu.Emulator[0]
      [Import USER32.DLL!DispatchMessageA] Return address from stack: ESP=0x001FEF10, retEIP=0x00403280
info: Win32Emu.Emulator[0]
      [Import USER32.DLL!DispatchMessageA] Stack state before cleanup:
        [ESP+00] = 0x001FEF10: 0x00403280 (return addr)
        [ESP+04] = 0x001FEF14: 0x001FEF28 (arg1)
        [ESP+08] = 0x001FEF18: 0x001FEFFC
        [ESP+12] = 0x001FEF1C: 0x00000000
        [ESP+16] = 0x001FEF20: 0x00470018
        [ESP+20] = 0x001FEF24: 0x00000000
      
info: Win32Emu.Emulator[0]
      [Import USER32.DLL!DispatchMessageA] Stack cleanup: ESP=0x001FEF10, retEIP=0x00403280, argBytes=4, new ESP=0x001FEF18
dbug: Win32Emu.Emulator[0]
      [RegisterValidation] After Import USER32.DLL!DispatchMessageA: EBX=0F000130 (saved=0F000130, preserved=True), ESI=0F000040 (saved=0F000040, preserved=True), EDI=0F000030 (saved=0F000030, preserved=True), EBP=0F000010 (saved=0F000010, preserved=True, valid=False, savedValid=False), ESP=001FEF18
dbug: Win32Emu.Emulator[0]
      [Import] Successfully invoked USER32.DLL!DispatchMessageA
info: Win32Emu.Emulator[0]
      [Import] Direct call to USER32.DLL!GetMessageA at 0x0F000030
info: Win32Emu.Emulator[0]
      Dispatching USER32.DLL!GetMessageA at EIP=0x0F000030 ESP=0x001FEF04 stack=6E 32 40 00 28 EF 1F 00 00 00 00 00 00 00 00 00
info: Win32Emu.Emulator[0]
      [Dispatcher] USER32.DLL!GetMessageA returned 0x00000001, argBytes=16, convention=Stdcall
info: Win32Emu.Emulator[0]
      [Import USER32.DLL!GetMessageA] Return address from stack: ESP=0x001FEF04, retEIP=0x0040326E
info: Win32Emu.Emulator[0]
      [Import USER32.DLL!GetMessageA] Stack state before cleanup:
        [ESP+00] = 0x001FEF04: 0x0040326E (return addr)
        [ESP+04] = 0x001FEF08: 0x001FEF28 (arg1)
        [ESP+08] = 0x001FEF0C: 0x00000000 (arg2)
        [ESP+12] = 0x001FEF10: 0x00000000 (arg3)
        [ESP+16] = 0x001FEF14: 0x00000000 (arg4)
        [ESP+20] = 0x001FEF18: 0x001FEFFC
      
info: Win32Emu.Emulator[0]
      [Import USER32.DLL!GetMessageA] Stack cleanup: ESP=0x001FEF04, retEIP=0x0040326E, argBytes=16, new ESP=0x001FEF18
dbug: Win32Emu.Emulator[0]
      [RegisterValidation] After Import USER32.DLL!GetMessageA: EBX=0F000130 (saved=0F000130, preserved=True), ESI=0F000040 (saved=0F000040, preserved=True), EDI=0F000030 (saved=0F000030, preserved=True), EBP=0F000010 (saved=0F000010, preserved=True, valid=False, savedValid=False), ESP=001FEF18
dbug: Win32Emu.Emulator[0]
      [Import] Successfully invoked USER32.DLL!GetMessageA
info: Win32Emu.Emulator[0]
      [Import] Direct call to USER32.DLL!TranslateMessage at 0x0F000130
info: Win32Emu.Emulator[0]
      Dispatching USER32.DLL!TranslateMessage at EIP=0x0F000130 ESP=0x001FEF10 stack=79 32 40 00 28 EF 1F 00 FC EF 1F 00 00 00 00 00
info: Win32Emu.Emulator[0]
      [User32] TranslateMessage: HWND=0x00000000 MSG=0x0000 wParam=0x00000000 lParam=0x00000000
info: Win32Emu.Emulator[0]
      [Dispatcher] USER32.DLL!TranslateMessage returned 0x00000000, argBytes=4, convention=Stdcall
info: Win32Emu.Emulator[0]
      [Import USER32.DLL!TranslateMessage] Return address from stack: ESP=0x001FEF10, retEIP=0x00403279
info: Win32Emu.Emulator[0]
      [Import USER32.DLL!TranslateMessage] Stack state before cleanup:
        [ESP+00] = 0x001FEF10: 0x00403279 (return addr)
        [ESP+04] = 0x001FEF14: 0x001FEF28 (arg1)
        [ESP+08] = 0x001FEF18: 0x001FEFFC
        [ESP+12] = 0x001FEF1C: 0x00000000
        [ESP+16] = 0x001FEF20: 0x00470018
        [ESP+20] = 0x001FEF24: 0x00000000
      
info: Win32Emu.Emulator[0]
      [Import USER32.DLL!TranslateMessage] Stack cleanup: ESP=0x001FEF10, retEIP=0x00403279, argBytes=4, new ESP=0x001FEF18
dbug: Win32Emu.Emulator[0]
      [RegisterValidation] After Import USER32.DLL!TranslateMessage: EBX=0F000130 (saved=0F000130, preserved=True), ESI=0F000040 (saved=0F000040, preserved=True), EDI=0F000030 (saved=0F000030, preserved=True), EBP=0F000010 (saved=0F000010, preserved=True, valid=False, savedValid=False), ESP=001FEF18
dbug: Win32Emu.Emulator[0]
      [Import] Successfully invoked USER32.DLL!TranslateMessage
info: Win32Emu.Emulator[0]
      [Import] Direct call to USER32.DLL!DispatchMessageA at 0x0F000010
info: Win32Emu.Emulator[0]
      Dispatching USER32.DLL!DispatchMessageA at EIP=0x0F000010 ESP=0x001FEF10 stack=80 32 40 00 28 EF 1F 00 FC EF 1F 00 00 00 00 00
info: Win32Emu.Emulator[0]
      [User32] DispatchMessageA: HWND=0x00000000 MSG=0x0000 wParam=0x00000000 lParam=0x00000000
info: Win32Emu.Emulator[0]
      [User32] DispatchMessageA: No WndProc found for HWND=0x00000000
info: Win32Emu.Emulator[0]
      [Dispatcher] USER32.DLL!DispatchMessageA returned 0x00000000, argBytes=4, convention=Stdcall
info: Win32Emu.Emulator[0]
      [Import USER32.DLL!DispatchMessageA] Return address from stack: ESP=0x001FEF10, retEIP=0x00403280
info: Win32Emu.Emulator[0]
      [Import USER32.DLL!DispatchMessageA] Stack state before cleanup:
        [ESP+00] = 0x001FEF10: 0x00403280 (return addr)
        [ESP+04] = 0x001FEF14: 0x001FEF28 (arg1)
        [ESP+08] = 0x001FEF18: 0x001FEFFC
        [ESP+12] = 0x001FEF1C: 0x00000000
        [ESP+16] = 0x001FEF20: 0x00470018
        [ESP+20] = 0x001FEF24: 0x00000000
      
info: Win32Emu.Emulator[0]
      [Import USER32.DLL!DispatchMessageA] Stack cleanup: ESP=0x001FEF10, retEIP=0x00403280, argBytes=4, new ESP=0x001FEF18
dbug: Win32Emu.Emulator[0]
      [RegisterValidation] After Import USER32.DLL!DispatchMessageA: EBX=0F000130 (saved=0F000130, preserved=True), ESI=0F000040 (saved=0F000040, preserved=True), EDI=0F000030 (saved=0F000030, preserved=True), EBP=0F000010 (saved=0F000010, preserved=True, valid=False, savedValid=False), ESP=001FEF18
dbug: Win32Emu.Emulator[0]
      [Import] Successfully invoked USER32.DLL!DispatchMessageA
info: Win32Emu.Emulator[0]
      [Import] Direct call to USER32.DLL!GetMessageA at 0x0F000030
info: Win32Emu.Emulator[0]
      Dispatching USER32.DLL!GetMessageA at EIP=0x0F000030 ESP=0x001FEF04 stack=6E 32 40 00 28 EF 1F 00 00 00 00 00 00 00 00 00
info: Win32Emu.Emulator[0]
      [Dispatcher] USER32.DLL!GetMessageA returned 0x00000001, argBytes=16, convention=Stdcall
info: Win32Emu.Emulator[0]
      [Import USER32.DLL!GetMessageA] Return address from stack: ESP=0x001FEF04, retEIP=0x0040326E
info: Win32Emu.Emulator[0]
      [Import USER32.DLL!GetMessageA] Stack state before cleanup:
        [ESP+00] = 0x001FEF04: 0x0040326E (return addr)
        [ESP+04] = 0x001FEF08: 0x001FEF28 (arg1)
        [ESP+08] = 0x001FEF0C: 0x00000000 (arg2)
        [ESP+12] = 0x001FEF10: 0x00000000 (arg3)
        [ESP+16] = 0x001FEF14: 0x00000000 (arg4)
        [ESP+20] = 0x001FEF18: 0x001FEFFC
      
info: Win32Emu.Emulator[0]
      [Import USER32.DLL!GetMessageA] Stack cleanup: ESP=0x001FEF04, retEIP=0x0040326E, argBytes=16, new ESP=0x001FEF18
dbug: Win32Emu.Emulator[0]
      [RegisterValidation] After Import USER32.DLL!GetMessageA: EBX=0F000130 (saved=0F000130, preserved=True), ESI=0F000040 (saved=0F000040, preserved=True), EDI=0F000030 (saved=0F000030, preserved=True), EBP=0F000010 (saved=0F000010, preserved=True, valid=False, savedValid=False), ESP=001FEF18
dbug: Win32Emu.Emulator[0]
      [Import] Successfully invoked USER32.DLL!GetMessageA
info: Win32Emu.Emulator[0]
      [Import] Direct call to USER32.DLL!TranslateMessage at 0x0F000130
info: Win32Emu.Emulator[0]
      Dispatching USER32.DLL!TranslateMessage at EIP=0x0F000130 ESP=0x001FEF10 stack=79 32 40 00 28 EF 1F 00 FC EF 1F 00 00 00 00 00
info: Win32Emu.Emulator[0]
      [User32] TranslateMessage: HWND=0x00000000 MSG=0x0000 wParam=0x00000000 lParam=0x00000000
info: Win32Emu.Emulator[0]
      [Dispatcher] USER32.DLL!TranslateMessage returned 0x00000000, argBytes=4, convention=Stdcall
info: Win32Emu.Emulator[0]
      [Import USER32.DLL!TranslateMessage] Return address from stack: ESP=0x001FEF10, retEIP=0x00403279
info: Win32Emu.Emulator[0]
      [Import USER32.DLL!TranslateMessage] Stack state before cleanup:
        [ESP+00] = 0x001FEF10: 0x00403279 (return addr)
        [ESP+04] = 0x001FEF14: 0x001FEF28 (arg1)
        [ESP+08] = 0x001FEF18: 0x001FEFFC
        [ESP+12] = 0x001FEF1C: 0x00000000
        [ESP+16] = 0x001FEF20: 0x00470018
        [ESP+20] = 0x001FEF24: 0x00000000
      
info: Win32Emu.Emulator[0]
      [Import USER32.DLL!TranslateMessage] Stack cleanup: ESP=0x001FEF10, retEIP=0x00403279, argBytes=4, new ESP=0x001FEF18
dbug: Win32Emu.Emulator[0]
      [RegisterValidation] After Import USER32.DLL!TranslateMessage: EBX=0F000130 (saved=0F000130, preserved=True), ESI=0F000040 (saved=0F000040, preserved=True), EDI=0F000030 (saved=0F000030, preserved=True), EBP=0F000010 (saved=0F000010, preserved=True, valid=False, savedValid=False), ESP=001FEF18
dbug: Win32Emu.Emulator[0]
      [Import] Successfully invoked USER32.DLL!TranslateMessage
info: Win32Emu.Emulator[0]
      [Import] Direct call to USER32.DLL!DispatchMessageA at 0x0F000010
info: Win32Emu.Emulator[0]
      Dispatching USER32.DLL!DispatchMessageA at EIP=0x0F000010 ESP=0x001FEF10 stack=80 32 40 00 28 EF 1F 00 FC EF 1F 00 00 00 00 00
info: Win32Emu.Emulator[0]
      [User32] DispatchMessageA: HWND=0x00000000 MSG=0x0000 wParam=0x00000000 lParam=0x00000000
info: Win32Emu.Emulator[0]
      [User32] DispatchMessageA: No WndProc found for HWND=0x00000000
info: Win32Emu.Emulator[0]
      [Dispatcher] USER32.DLL!DispatchMessageA returned 0x00000000, argBytes=4, convention=Stdcall
info: Win32Emu.Emulator[0]
      [Import USER32.DLL!DispatchMessageA] Return address from stack: ESP=0x001FEF10, retEIP=0x00403280
info: Win32Emu.Emulator[0]
      [Import USER32.DLL!DispatchMessageA] Stack state before cleanup:
        [ESP+00] = 0x001FEF10: 0x00403280 (return addr)
        [ESP+04] = 0x001FEF14: 0x001FEF28 (arg1)
        [ESP+08] = 0x001FEF18: 0x001FEFFC
        [ESP+12] = 0x001FEF1C: 0x00000000
        [ESP+16] = 0x001FEF20: 0x00470018
        [ESP+20] = 0x001FEF24: 0x00000000
      
info: Win32Emu.Emulator[0]
      [Import USER32.DLL!DispatchMessageA] Stack cleanup: ESP=0x001FEF10, retEIP=0x00403280, argBytes=4, new ESP=0x001FEF18
dbug: Win32Emu.Emulator[0]
      [RegisterValidation] After Import USER32.DLL!DispatchMessageA: EBX=0F000130 (saved=0F000130, preserved=True), ESI=0F000040 (saved=0F000040, preserved=True), EDI=0F000030 (saved=0F000030, preserved=True), EBP=0F000010 (saved=0F000010, preserved=True, valid=False, savedValid=False), ESP=001FEF18
dbug: Win32Emu.Emulator[0]
      [Import] Successfully invoked USER32.DLL!DispatchMessageA
info: Win32Emu.Emulator[0]
      [Import] Direct call to USER32.DLL!GetMessageA at 0x0F000030
info: Win32Emu.Emulator[0]
      Dispatching USER32.DLL!GetMessageA at EIP=0x0F000030 ESP=0x001FEF04 stack=6E 32 40 00 28 EF 1F 00 00 00 00 00 00 00 00 00
info: Win32Emu.Emulator[0]
      [Dispatcher] USER32.DLL!GetMessageA returned 0x00000001, argBytes=16, convention=Stdcall
info: Win32Emu.Emulator[0]
      [Import USER32.DLL!GetMessageA] Return address from stack: ESP=0x001FEF04, retEIP=0x0040326E
info: Win32Emu.Emulator[0]
      [Import USER32.DLL!GetMessageA] Stack state before cleanup:
        [ESP+00] = 0x001FEF04: 0x0040326E (return addr)
        [ESP+04] = 0x001FEF08: 0x001FEF28 (arg1)
        [ESP+08] = 0x001FEF0C: 0x00000000 (arg2)
        [ESP+12] = 0x001FEF10: 0x00000000 (arg3)
        [ESP+16] = 0x001FEF14: 0x00000000 (arg4)
        [ESP+20] = 0x001FEF18: 0x001FEFFC
      
info: Win32Emu.Emulator[0]
      [Import USER32.DLL!GetMessageA] Stack cleanup: ESP=0x001FEF04, retEIP=0x0040326E, argBytes=16, new ESP=0x001FEF18
dbug: Win32Emu.Emulator[0]
      [RegisterValidation] After Import USER32.DLL!GetMessageA: EBX=0F000130 (saved=0F000130, preserved=True), ESI=0F000040 (saved=0F000040, preserved=True), EDI=0F000030 (saved=0F000030, preserved=True), EBP=0F000010 (saved=0F000010, preserved=True, valid=False, savedValid=False), ESP=001FEF18
dbug: Win32Emu.Emulator[0]
      [Import] Successfully invoked USER32.DLL!GetMessageA
info: Win32Emu.Emulator[0]
      [Import] Direct call to USER32.DLL!TranslateMessage at 0x0F000130
info: Win32Emu.Emulator[0]
      Dispatching USER32.DLL!TranslateMessage at EIP=0x0F000130 ESP=0x001FEF10 stack=79 32 40 00 28 EF 1F 00 FC EF 1F 00 00 00 00 00
info: Win32Emu.Emulator[0]
      [User32] TranslateMessage: HWND=0x00000000 MSG=0x0000 wParam=0x00000000 lParam=0x00000000
info: Win32Emu.Emulator[0]
      [Dispatcher] USER32.DLL!TranslateMessage returned 0x00000000, argBytes=4, convention=Stdcall
info: Win32Emu.Emulator[0]
      [Import USER32.DLL!TranslateMessage] Return address from stack: ESP=0x001FEF10, retEIP=0x00403279
info: Win32Emu.Emulator[0]
      [Import USER32.DLL!TranslateMessage] Stack state before cleanup:
        [ESP+00] = 0x001FEF10: 0x00403279 (return addr)
        [ESP+04] = 0x001FEF14: 0x001FEF28 (arg1)
        [ESP+08] = 0x001FEF18: 0x001FEFFC
        [ESP+12] = 0x001FEF1C: 0x00000000
        [ESP+16] = 0x001FEF20: 0x00470018
        [ESP+20] = 0x001FEF24: 0x00000000
      
info: Win32Emu.Emulator[0]
      [Import USER32.DLL!TranslateMessage] Stack cleanup: ESP=0x001FEF10, retEIP=0x00403279, argBytes=4, new ESP=0x001FEF18
dbug: Win32Emu.Emulator[0]
      [RegisterValidation] After Import USER32.DLL!TranslateMessage: EBX=0F000130 (saved=0F000130, preserved=True), ESI=0F000040 (saved=0F000040, preserved=True), EDI=0F000030 (saved=0F000030, preserved=True), EBP=0F000010 (saved=0F000010, preserved=True, valid=False, savedValid=False), ESP=001FEF18
dbug: Win32Emu.Emulator[0]
      [Import] Successfully invoked USER32.DLL!TranslateMessage
info: Win32Emu.Emulator[0]
      [Import] Direct call to USER32.DLL!DispatchMessageA at 0x0F000010
info: Win32Emu.Emulator[0]
      Dispatching USER32.DLL!DispatchMessageA at EIP=0x0F000010 ESP=0x001FEF10 stack=80 32 40 00 28 EF 1F 00 FC EF 1F 00 00 00 00 00
info: Win32Emu.Emulator[0]
      [User32] DispatchMessageA: HWND=0x00000000 MSG=0x0000 wParam=0x00000000 lParam=0x00000000
info: Win32Emu.Emulator[0]
      [User32] DispatchMessageA: No WndProc found for HWND=0x00000000
info: Win32Emu.Emulator[0]
      [Dispatcher] USER32.DLL!DispatchMessageA returned 0x00000000, argBytes=4, convention=Stdcall
info: Win32Emu.Emulator[0]
      [Import USER32.DLL!DispatchMessageA] Return address from stack: ESP=0x001FEF10, retEIP=0x00403280
info: Win32Emu.Emulator[0]
      [Import USER32.DLL!DispatchMessageA] Stack state before cleanup:
        [ESP+00] = 0x001FEF10: 0x00403280 (return addr)
        [ESP+04] = 0x001FEF14: 0x001FEF28 (arg1)
        [ESP+08] = 0x001FEF18: 0x001FEFFC
        [ESP+12] = 0x001FEF1C: 0x00000000
        [ESP+16] = 0x001FEF20: 0x00470018
        [ESP+20] = 0x001FEF24: 0x00000000
      
info: Win32Emu.Emulator[0]
      [Import USER32.DLL!DispatchMessageA] Stack cleanup: ESP=0x001FEF10, retEIP=0x00403280, argBytes=4, new ESP=0x001FEF18
dbug: Win32Emu.Emulator[0]
      [RegisterValidation] After Import USER32.DLL!DispatchMessageA: EBX=0F000130 (saved=0F000130, preserved=True), ESI=0F000040 (saved=0F000040, preserved=True), EDI=0F000030 (saved=0F000030, preserved=True), EBP=0F000010 (saved=0F000010, preserved=True, valid=False, savedValid=False), ESP=001FEF18
dbug: Win32Emu.Emulator[0]
      [Import] Successfully invoked USER32.DLL!DispatchMessageA
info: Win32Emu.Emulator[0]
      [Import] Direct call to USER32.DLL!GetMessageA at 0x0F000030
info: Win32Emu.Emulator[0]
      Dispatching USER32.DLL!GetMessageA at EIP=0x0F000030 ESP=0x001FEF04 stack=6E 32 40 00 28 EF 1F 00 00 00 00 00 00 00 00 00
info: Win32Emu.Emulator[0]
      [Dispatcher] USER32.DLL!GetMessageA returned 0x00000001, argBytes=16, convention=Stdcall
info: Win32Emu.Emulator[0]
      [Import USER32.DLL!GetMessageA] Return address from stack: ESP=0x001FEF04, retEIP=0x0040326E
info: Win32Emu.Emulator[0]
      [Import USER32.DLL!GetMessageA] Stack state before cleanup:
        [ESP+00] = 0x001FEF04: 0x0040326E (return addr)
        [ESP+04] = 0x001FEF08: 0x001FEF28 (arg1)
        [ESP+08] = 0x001FEF0C: 0x00000000 (arg2)
        [ESP+12] = 0x001FEF10: 0x00000000 (arg3)
        [ESP+16] = 0x001FEF14: 0x00000000 (arg4)
        [ESP+20] = 0x001FEF18: 0x001FEFFC
      
info: Win32Emu.Emulator[0]
      [Import USER32.DLL!GetMessageA] Stack cleanup: ESP=0x001FEF04, retEIP=0x0040326E, argBytes=16, new ESP=0x001FEF18
dbug: Win32Emu.Emulator[0]
      [RegisterValidation] After Import USER32.DLL!GetMessageA: EBX=0F000130 (saved=0F000130, preserved=True), ESI=0F000040 (saved=0F000040, preserved=True), EDI=0F000030 (saved=0F000030, preserved=True), EBP=0F000010 (saved=0F000010, preserved=True, valid=False, savedValid=False), ESP=001FEF18
dbug: Win32Emu.Emulator[0]
      [Import] Successfully invoked USER32.DLL!GetMessageA
info: Win32Emu.Emulator[0]
      [Import] Direct call to USER32.DLL!TranslateMessage at 0x0F000130
info: Win32Emu.Emulator[0]
      Dispatching USER32.DLL!TranslateMessage at EIP=0x0F000130 ESP=0x001FEF10 stack=79 32 40 00 28 EF 1F 00 FC EF 1F 00 00 00 00 00
info: Win32Emu.Emulator[0]
      [User32] TranslateMessage: HWND=0x00000000 MSG=0x0000 wParam=0x00000000 lParam=0x00000000
info: Win32Emu.Emulator[0]
      [Dispatcher] USER32.DLL!TranslateMessage returned 0x00000000, argBytes=4, convention=Stdcall
info: Win32Emu.Emulator[0]
      [Import USER32.DLL!TranslateMessage] Return address from stack: ESP=0x001FEF10, retEIP=0x00403279
info: Win32Emu.Emulator[0]
      [Import USER32.DLL!TranslateMessage] Stack state before cleanup:
        [ESP+00] = 0x001FEF10: 0x00403279 (return addr)
        [ESP+04] = 0x001FEF14: 0x001FEF28 (arg1)
        [ESP+08] = 0x001FEF18: 0x001FEFFC
        [ESP+12] = 0x001FEF1C: 0x00000000
        [ESP+16] = 0x001FEF20: 0x00470018
        [ESP+20] = 0x001FEF24: 0x00000000
      
info: Win32Emu.Emulator[0]
      [Import USER32.DLL!TranslateMessage] Stack cleanup: ESP=0x001FEF10, retEIP=0x00403279, argBytes=4, new ESP=0x001FEF18
dbug: Win32Emu.Emulator[0]
      [RegisterValidation] After Import USER32.DLL!TranslateMessage: EBX=0F000130 (saved=0F000130, preserved=True), ESI=0F000040 (saved=0F000040, preserved=True), EDI=0F000030 (saved=0F000030, preserved=True), EBP=0F000010 (saved=0F000010, preserved=True, valid=False, savedValid=False), ESP=001FEF18
dbug: Win32Emu.Emulator[0]
      [Import] Successfully invoked USER32.DLL!TranslateMessage
info: Win32Emu.Emulator[0]
      [Import] Direct call to USER32.DLL!DispatchMessageA at 0x0F000010
info: Win32Emu.Emulator[0]
      Dispatching USER32.DLL!DispatchMessageA at EIP=0x0F000010 ESP=0x001FEF10 stack=80 32 40 00 28 EF 1F 00 FC EF 1F 00 00 00 00 00
info: Win32Emu.Emulator[0]
      [User32] DispatchMessageA: HWND=0x00000000 MSG=0x0000 wParam=0x00000000 lParam=0x00000000
info: Win32Emu.Emulator[0]
      [User32] DispatchMessageA: No WndProc found for HWND=0x00000000
info: Win32Emu.Emulator[0]
      [Dispatcher] USER32.DLL!DispatchMessageA returned 0x00000000, argBytes=4, convention=Stdcall
info: Win32Emu.Emulator[0]
      [Import USER32.DLL!DispatchMessageA] Return address from stack: ESP=0x001FEF10, retEIP=0x00403280
info: Win32Emu.Emulator[0]
      [Import USER32.DLL!DispatchMessageA] Stack state before cleanup:
        [ESP+00] = 0x001FEF10: 0x00403280 (return addr)
        [ESP+04] = 0x001FEF14: 0x001FEF28 (arg1)
        [ESP+08] = 0x001FEF18: 0x001FEFFC
        [ESP+12] = 0x001FEF1C: 0x00000000
        [ESP+16] = 0x001FEF20: 0x00470018
        [ESP+20] = 0x001FEF24: 0x00000000
      
info: Win32Emu.Emulator[0]
      [Import USER32.DLL!DispatchMessageA] Stack cleanup: ESP=0x001FEF10, retEIP=0x00403280, argBytes=4, new ESP=0x001FEF18
dbug: Win32Emu.Emulator[0]
      [RegisterValidation] After Import USER32.DLL!DispatchMessageA: EBX=0F000130 (saved=0F000130, preserved=True), ESI=0F000040 (saved=0F000040, preserved=True), EDI=0F000030 (saved=0F000030, preserved=True), EBP=0F000010 (saved=0F000010, preserved=True, valid=False, savedValid=False), ESP=001FEF18
dbug: Win32Emu.Emulator[0]
      [Import] Successfully invoked USER32.DLL!DispatchMessageA
info: Win32Emu.Emulator[0]
      [Import] Direct call to USER32.DLL!GetMessageA at 0x0F000030
info: Win32Emu.Emulator[0]
      Dispatching USER32.DLL!GetMessageA at EIP=0x0F000030 ESP=0x001FEF04 stack=6E 32 40 00 28 EF 1F 00 00 00 00 00 00 00 00 00
info: Win32Emu.Emulator[0]
      [Dispatcher] USER32.DLL!GetMessageA returned 0x00000001, argBytes=16, convention=Stdcall
info: Win32Emu.Emulator[0]
      [Import USER32.DLL!GetMessageA] Return address from stack: ESP=0x001FEF04, retEIP=0x0040326E
info: Win32Emu.Emulator[0]
      [Import USER32.DLL!GetMessageA] Stack state before cleanup:
        [ESP+00] = 0x001FEF04: 0x0040326E (return addr)
        [ESP+04] = 0x001FEF08: 0x001FEF28 (arg1)
        [ESP+08] = 0x001FEF0C: 0x00000000 (arg2)
        [ESP+12] = 0x001FEF10: 0x00000000 (arg3)
        [ESP+16] = 0x001FEF14: 0x00000000 (arg4)
        [ESP+20] = 0x001FEF18: 0x001FEFFC
      
info: Win32Emu.Emulator[0]
      [Import USER32.DLL!GetMessageA] Stack cleanup: ESP=0x001FEF04, retEIP=0x0040326E, argBytes=16, new ESP=0x001FEF18
dbug: Win32Emu.Emulator[0]
      [RegisterValidation] After Import USER32.DLL!GetMessageA: EBX=0F000130 (saved=0F000130, preserved=True), ESI=0F000040 (saved=0F000040, preserved=True), EDI=0F000030 (saved=0F000030, preserved=True), EBP=0F000010 (saved=0F000010, preserved=True, valid=False, savedValid=False), ESP=001FEF18
dbug: Win32Emu.Emulator[0]
      [Import] Successfully invoked USER32.DLL!GetMessageA
info: Win32Emu.Emulator[0]
      [Import] Direct call to USER32.DLL!TranslateMessage at 0x0F000130
info: Win32Emu.Emulator[0]
      Dispatching USER32.DLL!TranslateMessage at EIP=0x0F000130 ESP=0x001FEF10 stack=79 32 40 00 28 EF 1F 00 FC EF 1F 00 00 00 00 00
info: Win32Emu.Emulator[0]
      [User32] TranslateMessage: HWND=0x00000000 MSG=0x0000 wParam=0x00000000 lParam=0x00000000
info: Win32Emu.Emulator[0]
      [Dispatcher] USER32.DLL!TranslateMessage returned 0x00000000, argBytes=4, convention=Stdcall
info: Win32Emu.Emulator[0]
      [Import USER32.DLL!TranslateMessage] Return address from stack: ESP=0x001FEF10, retEIP=0x00403279
info: Win32Emu.Emulator[0]
      [Import USER32.DLL!TranslateMessage] Stack state before cleanup:
        [ESP+00] = 0x001FEF10: 0x00403279 (return addr)
        [ESP+04] = 0x001FEF14: 0x001FEF28 (arg1)
        [ESP+08] = 0x001FEF18: 0x001FEFFC
        [ESP+12] = 0x001FEF1C: 0x00000000
        [ESP+16] = 0x001FEF20: 0x00470018
        [ESP+20] = 0x001FEF24: 0x00000000
      
info: Win32Emu.Emulator[0]
      [Import USER32.DLL!TranslateMessage] Stack cleanup: ESP=0x001FEF10, retEIP=0x00403279, argBytes=4, new ESP=0x001FEF18
dbug: Win32Emu.Emulator[0]
      [RegisterValidation] After Import USER32.DLL!TranslateMessage: EBX=0F000130 (saved=0F000130, preserved=True), ESI=0F000040 (saved=0F000040, preserved=True), EDI=0F000030 (saved=0F000030, preserved=True), EBP=0F000010 (saved=0F000010, preserved=True, valid=False, savedValid=False), ESP=001FEF18
dbug: Win32Emu.Emulator[0]
      [Import] Successfully invoked USER32.DLL!TranslateMessage
info: Win32Emu.Emulator[0]
      [Import] Direct call to USER32.DLL!DispatchMessageA at 0x0F000010
info: Win32Emu.Emulator[0]
      Dispatching USER32.DLL!DispatchMessageA at EIP=0x0F000010 ESP=0x001FEF10 stack=80 32 40 00 28 EF 1F 00 FC EF 1F 00 00 00 00 00
info: Win32Emu.Emulator[0]
      [User32] DispatchMessageA: HWND=0x00000000 MSG=0x0000 wParam=0x00000000 lParam=0x00000000
info: Win32Emu.Emulator[0]
      [User32] DispatchMessageA: No WndProc found for HWND=0x00000000
info: Win32Emu.Emulator[0]
      [Dispatcher] USER32.DLL!DispatchMessageA returned 0x00000000, argBytes=4, convention=Stdcall
info: Win32Emu.Emulator[0]
      [Import USER32.DLL!DispatchMessageA] Return address from stack: ESP=0x001FEF10, retEIP=0x00403280
info: Win32Emu.Emulator[0]
      [Import USER32.DLL!DispatchMessageA] Stack state before cleanup:
        [ESP+00] = 0x001FEF10: 0x00403280 (return addr)
        [ESP+04] = 0x001FEF14: 0x001FEF28 (arg1)
        [ESP+08] = 0x001FEF18: 0x001FEFFC
        [ESP+12] = 0x001FEF1C: 0x00000000
        [ESP+16] = 0x001FEF20: 0x00470018
        [ESP+20] = 0x001FEF24: 0x00000000
      
info: Win32Emu.Emulator[0]
      [Import USER32.DLL!DispatchMessageA] Stack cleanup: ESP=0x001FEF10, retEIP=0x00403280, argBytes=4, new ESP=0x001FEF18
dbug: Win32Emu.Emulator[0]
      [RegisterValidation] After Import USER32.DLL!DispatchMessageA: EBX=0F000130 (saved=0F000130, preserved=True), ESI=0F000040 (saved=0F000040, preserved=True), EDI=0F000030 (saved=0F000030, preserved=True), EBP=0F000010 (saved=0F000010, preserved=True, valid=False, savedValid=False), ESP=001FEF18
dbug: Win32Emu.Emulator[0]
      [Import] Successfully invoked USER32.DLL!DispatchMessageA
info: Win32Emu.Emulator[0]
      [Import] Direct call to USER32.DLL!GetMessageA at 0x0F000030
info: Win32Emu.Emulator[0]
      Dispatching USER32.DLL!GetMessageA at EIP=0x0F000030 ESP=0x001FEF04 stack=6E 32 40 00 28 EF 1F 00 00 00 00 00 00 00 00 00
info: Win32Emu.Emulator[0]
      [Dispatcher] USER32.DLL!GetMessageA returned 0x00000001, argBytes=16, convention=Stdcall
info: Win32Emu.Emulator[0]
      [Import USER32.DLL!GetMessageA] Return address from stack: ESP=0x001FEF04, retEIP=0x0040326E
info: Win32Emu.Emulator[0]
      [Import USER32.DLL!GetMessageA] Stack state before cleanup:
        [ESP+00] = 0x001FEF04: 0x0040326E (return addr)
        [ESP+04] = 0x001FEF08: 0x001FEF28 (arg1)
        [ESP+08] = 0x001FEF0C: 0x00000000 (arg2)
        [ESP+12] = 0x001FEF10: 0x00000000 (arg3)
        [ESP+16] = 0x001FEF14: 0x00000000 (arg4)
        [ESP+20] = 0x001FEF18: 0x001FEFFC
      
info: Win32Emu.Emulator[0]
      [Import USER32.DLL!GetMessageA] Stack cleanup: ESP=0x001FEF04, retEIP=0x0040326E, argBytes=16, new ESP=0x001FEF18
dbug: Win32Emu.Emulator[0]
      [RegisterValidation] After Import USER32.DLL!GetMessageA: EBX=0F000130 (saved=0F000130, preserved=True), ESI=0F000040 (saved=0F000040, preserved=True), EDI=0F000030 (saved=0F000030, preserved=True), EBP=0F000010 (saved=0F000010, preserved=True, valid=False, savedValid=False), ESP=001FEF18
dbug: Win32Emu.Emulator[0]
      [Import] Successfully invoked USER32.DLL!GetMessageA
info: Win32Emu.Emulator[0]
      [Import] Direct call to USER32.DLL!TranslateMessage at 0x0F000130
info: Win32Emu.Emulator[0]
      Dispatching USER32.DLL!TranslateMessage at EIP=0x0F000130 ESP=0x001FEF10 stack=79 32 40 00 28 EF 1F 00 FC EF 1F 00 00 00 00 00
info: Win32Emu.Emulator[0]
      [User32] TranslateMessage: HWND=0x00000000 MSG=0x0000 wParam=0x00000000 lParam=0x00000000
info: Win32Emu.Emulator[0]
      [Dispatcher] USER32.DLL!TranslateMessage returned 0x00000000, argBytes=4, convention=Stdcall
info: Win32Emu.Emulator[0]
      [Import USER32.DLL!TranslateMessage] Return address from stack: ESP=0x001FEF10, retEIP=0x00403279
info: Win32Emu.Emulator[0]
      [Import USER32.DLL!TranslateMessage] Stack state before cleanup:
        [ESP+00] = 0x001FEF10: 0x00403279 (return addr)
        [ESP+04] = 0x001FEF14: 0x001FEF28 (arg1)
        [ESP+08] = 0x001FEF18: 0x001FEFFC
        [ESP+12] = 0x001FEF1C: 0x00000000
        [ESP+16] = 0x001FEF20: 0x00470018
        [ESP+20] = 0x001FEF24: 0x00000000
      
info: Win32Emu.Emulator[0]
      [Import USER32.DLL!TranslateMessage] Stack cleanup: ESP=0x001FEF10, retEIP=0x00403279, argBytes=4, new ESP=0x001FEF18
dbug: Win32Emu.Emulator[0]
      [RegisterValidation] After Import USER32.DLL!TranslateMessage: EBX=0F000130 (saved=0F000130, preserved=True), ESI=0F000040 (saved=0F000040, preserved=True), EDI=0F000030 (saved=0F000030, preserved=True), EBP=0F000010 (saved=0F000010, preserved=True, valid=False, savedValid=False), ESP=001FEF18
dbug: Win32Emu.Emulator[0]
      [Import] Successfully invoked USER32.DLL!TranslateMessage
info: Win32Emu.Emulator[0]
      [Import] Direct call to USER32.DLL!DispatchMessageA at 0x0F000010
info: Win32Emu.Emulator[0]
      Dispatching USER32.DLL!DispatchMessageA at EIP=0x0F000010 ESP=0x001FEF10 stack=80 32 40 00 28 EF 1F 00 FC EF 1F 00 00 00 00 00
info: Win32Emu.Emulator[0]
      [User32] DispatchMessageA: HWND=0x00000000 MSG=0x0000 wParam=0x00000000 lParam=0x00000000
info: Win32Emu.Emulator[0]
      [User32] DispatchMessageA: No WndProc found for HWND=0x00000000
info: Win32Emu.Emulator[0]
      [Dispatcher] USER32.DLL!DispatchMessageA returned 0x00000000, argBytes=4, convention=Stdcall
info: Win32Emu.Emulator[0]
      [Import USER32.DLL!DispatchMessageA] Return address from stack: ESP=0x001FEF10, retEIP=0x00403280
info: Win32Emu.Emulator[0]
      [Import USER32.DLL!DispatchMessageA] Stack state before cleanup:
        [ESP+00] = 0x001FEF10: 0x00403280 (return addr)
        [ESP+04] = 0x001FEF14: 0x001FEF28 (arg1)
        [ESP+08] = 0x001FEF18: 0x001FEFFC
        [ESP+12] = 0x001FEF1C: 0x00000000
        [ESP+16] = 0x001FEF20: 0x00470018
        [ESP+20] = 0x001FEF24: 0x00000000
      
info: Win32Emu.Emulator[0]
      [Import USER32.DLL!DispatchMessageA] Stack cleanup: ESP=0x001FEF10, retEIP=0x00403280, argBytes=4, new ESP=0x001FEF18
dbug: Win32Emu.Emulator[0]
      [RegisterValidation] After Import USER32.DLL!DispatchMessageA: EBX=0F000130 (saved=0F000130, preserved=True), ESI=0F000040 (saved=0F000040, preserved=True), EDI=0F000030 (saved=0F000030, preserved=True), EBP=0F000010 (saved=0F000010, preserved=True, valid=False, savedValid=False), ESP=001FEF18
dbug: Win32Emu.Emulator[0]
      [Import] Successfully invoked USER32.DLL!DispatchMessageA
info: Win32Emu.Emulator[0]
      [Import] Direct call to USER32.DLL!GetMessageA at 0x0F000030
info: Win32Emu.Emulator[0]
      Dispatching USER32.DLL!GetMessageA at EIP=0x0F000030 ESP=0x001FEF04 stack=6E 32 40 00 28 EF 1F 00 00 00 00 00 00 00 00 00
info: Win32Emu.Emulator[0]
      [Dispatcher] USER32.DLL!GetMessageA returned 0x00000001, argBytes=16, convention=Stdcall
info: Win32Emu.Emulator[0]
      [Import USER32.DLL!GetMessageA] Return address from stack: ESP=0x001FEF04, retEIP=0x0040326E
info: Win32Emu.Emulator[0]
      [Import USER32.DLL!GetMessageA] Stack state before cleanup:
        [ESP+00] = 0x001FEF04: 0x0040326E (return addr)
        [ESP+04] = 0x001FEF08: 0x001FEF28 (arg1)
        [ESP+08] = 0x001FEF0C: 0x00000000 (arg2)
        [ESP+12] = 0x001FEF10: 0x00000000 (arg3)
        [ESP+16] = 0x001FEF14: 0x00000000 (arg4)
        [ESP+20] = 0x001FEF18: 0x001FEFFC
      
info: Win32Emu.Emulator[0]
      [Import USER32.DLL!GetMessageA] Stack cleanup: ESP=0x001FEF04, retEIP=0x0040326E, argBytes=16, new ESP=0x001FEF18
dbug: Win32Emu.Emulator[0]
      [RegisterValidation] After Import USER32.DLL!GetMessageA: EBX=0F000130 (saved=0F000130, preserved=True), ESI=0F000040 (saved=0F000040, preserved=True), EDI=0F000030 (saved=0F000030, preserved=True), EBP=0F000010 (saved=0F000010, preserved=True, valid=False, savedValid=False), ESP=001FEF18
dbug: Win32Emu.Emulator[0]
      [Import] Successfully invoked USER32.DLL!GetMessageA
info: Win32Emu.Emulator[0]
      [Import] Direct call to USER32.DLL!TranslateMessage at 0x0F000130
info: Win32Emu.Emulator[0]
      Dispatching USER32.DLL!TranslateMessage at EIP=0x0F000130 ESP=0x001FEF10 stack=79 32 40 00 28 EF 1F 00 FC EF 1F 00 00 00 00 00
info: Win32Emu.Emulator[0]
      [User32] TranslateMessage: HWND=0x00000000 MSG=0x0000 wParam=0x00000000 lParam=0x00000000
info: Win32Emu.Emulator[0]
      [Dispatcher] USER32.DLL!TranslateMessage returned 0x00000000, argBytes=4, convention=Stdcall
info: Win32Emu.Emulator[0]
      [Import USER32.DLL!TranslateMessage] Return address from stack: ESP=0x001FEF10, retEIP=0x00403279
info: Win32Emu.Emulator[0]
      [Import USER32.DLL!TranslateMessage] Stack state before cleanup:
        [ESP+00] = 0x001FEF10: 0x00403279 (return addr)
        [ESP+04] = 0x001FEF14: 0x001FEF28 (arg1)
        [ESP+08] = 0x001FEF18: 0x001FEFFC
        [ESP+12] = 0x001FEF1C: 0x00000000
        [ESP+16] = 0x001FEF20: 0x00470018
        [ESP+20] = 0x001FEF24: 0x00000000
      
info: Win32Emu.Emulator[0]
      [Import USER32.DLL!TranslateMessage] Stack cleanup: ESP=0x001FEF10, retEIP=0x00403279, argBytes=4, new ESP=0x001FEF18
dbug: Win32Emu.Emulator[0]
      [RegisterValidation] After Import USER32.DLL!TranslateMessage: EBX=0F000130 (saved=0F000130, preserved=True), ESI=0F000040 (saved=0F000040, preserved=True), EDI=0F000030 (saved=0F000030, preserved=True), EBP=0F000010 (saved=0F000010, preserved=True, valid=False, savedValid=False), ESP=001FEF18
dbug: Win32Emu.Emulator[0]
      [Import] Successfully invoked USER32.DLL!TranslateMessage
info: Win32Emu.Emulator[0]
      [Import] Direct call to USER32.DLL!DispatchMessageA at 0x0F000010
info: Win32Emu.Emulator[0]
      Dispatching USER32.DLL!DispatchMessageA at EIP=0x0F000010 ESP=0x001FEF10 stack=80 32 40 00 28 EF 1F 00 FC EF 1F 00 00 00 00 00
info: Win32Emu.Emulator[0]
      [User32] DispatchMessageA: HWND=0x00000000 MSG=0x0000 wParam=0x00000000 lParam=0x00000000
info: Win32Emu.Emulator[0]
      [User32] DispatchMessageA: No WndProc found for HWND=0x00000000
info: Win32Emu.Emulator[0]
      [Dispatcher] USER32.DLL!DispatchMessageA returned 0x00000000, argBytes=4, convention=Stdcall
info: Win32Emu.Emulator[0]
      [Import USER32.DLL!DispatchMessageA] Return address from stack: ESP=0x001FEF10, retEIP=0x00403280
info: Win32Emu.Emulator[0]
      [Import USER32.DLL!DispatchMessageA] Stack state before cleanup:
        [ESP+00] = 0x001FEF10: 0x00403280 (return addr)
        [ESP+04] = 0x001FEF14: 0x001FEF28 (arg1)
        [ESP+08] = 0x001FEF18: 0x001FEFFC
        [ESP+12] = 0x001FEF1C: 0x00000000
        [ESP+16] = 0x001FEF20: 0x00470018
        [ESP+20] = 0x001FEF24: 0x00000000
      
info: Win32Emu.Emulator[0]
      [Import USER32.DLL!DispatchMessageA] Stack cleanup: ESP=0x001FEF10, retEIP=0x00403280, argBytes=4, new ESP=0x001FEF18
dbug: Win32Emu.Emulator[0]
      [RegisterValidation] After Import USER32.DLL!DispatchMessageA: EBX=0F000130 (saved=0F000130, preserved=True), ESI=0F000040 (saved=0F000040, preserved=True), EDI=0F000030 (saved=0F000030, preserved=True), EBP=0F000010 (saved=0F000010, preserved=True, valid=False, savedValid=False), ESP=001FEF18
dbug: Win32Emu.Emulator[0]
      [Import] Successfully invoked USER32.DLL!DispatchMessageA
info: Win32Emu.Emulator[0]
      [Import] Direct call to USER32.DLL!GetMessageA at 0x0F000030
info: Win32Emu.Emulator[0]
      Dispatching USER32.DLL!GetMessageA at EIP=0x0F000030 ESP=0x001FEF04 stack=6E 32 40 00 28 EF 1F 00 00 00 00 00 00 00 00 00
info: Win32Emu.Emulator[0]
      [Dispatcher] USER32.DLL!GetMessageA returned 0x00000001, argBytes=16, convention=Stdcall
info: Win32Emu.Emulator[0]
      [Import USER32.DLL!GetMessageA] Return address from stack: ESP=0x001FEF04, retEIP=0x0040326E
info: Win32Emu.Emulator[0]
      [Import USER32.DLL!GetMessageA] Stack state before cleanup:
        [ESP+00] = 0x001FEF04: 0x0040326E (return addr)
        [ESP+04] = 0x001FEF08: 0x001FEF28 (arg1)
        [ESP+08] = 0x001FEF0C: 0x00000000 (arg2)
        [ESP+12] = 0x001FEF10: 0x00000000 (arg3)
        [ESP+16] = 0x001FEF14: 0x00000000 (arg4)
        [ESP+20] = 0x001FEF18: 0x001FEFFC
      
info: Win32Emu.Emulator[0]
      [Import USER32.DLL!GetMessageA] Stack cleanup: ESP=0x001FEF04, retEIP=0x0040326E, argBytes=16, new ESP=0x001FEF18
dbug: Win32Emu.Emulator[0]
      [RegisterValidation] After Import USER32.DLL!GetMessageA: EBX=0F000130 (saved=0F000130, preserved=True), ESI=0F000040 (saved=0F000040, preserved=True), EDI=0F000030 (saved=0F000030, preserved=True), EBP=0F000010 (saved=0F000010, preserved=True, valid=False, savedValid=False), ESP=001FEF18
dbug: Win32Emu.Emulator[0]
      [Import] Successfully invoked USER32.DLL!GetMessageA
info: Win32Emu.Emulator[0]
      [Import] Direct call to USER32.DLL!TranslateMessage at 0x0F000130
info: Win32Emu.Emulator[0]
      Dispatching USER32.DLL!TranslateMessage at EIP=0x0F000130 ESP=0x001FEF10 stack=79 32 40 00 28 EF 1F 00 FC EF 1F 00 00 00 00 00
info: Win32Emu.Emulator[0]
      [User32] TranslateMessage: HWND=0x00000000 MSG=0x0000 wParam=0x00000000 lParam=0x00000000
info: Win32Emu.Emulator[0]
      [Dispatcher] USER32.DLL!TranslateMessage returned 0x00000000, argBytes=4, convention=Stdcall
info: Win32Emu.Emulator[0]
      [Import USER32.DLL!TranslateMessage] Return address from stack: ESP=0x001FEF10, retEIP=0x00403279
info: Win32Emu.Emulator[0]
      [Import USER32.DLL!TranslateMessage] Stack state before cleanup:
        [ESP+00] = 0x001FEF10: 0x00403279 (return addr)
        [ESP+04] = 0x001FEF14: 0x001FEF28 (arg1)
        [ESP+08] = 0x001FEF18: 0x001FEFFC
        [ESP+12] = 0x001FEF1C: 0x00000000
        [ESP+16] = 0x001FEF20: 0x00470018
        [ESP+20] = 0x001FEF24: 0x00000000
      
info: Win32Emu.Emulator[0]
      [Import USER32.DLL!TranslateMessage] Stack cleanup: ESP=0x001FEF10, retEIP=0x00403279, argBytes=4, new ESP=0x001FEF18
dbug: Win32Emu.Emulator[0]
      [RegisterValidation] After Import USER32.DLL!TranslateMessage: EBX=0F000130 (saved=0F000130, preserved=True), ESI=0F000040 (saved=0F000040, preserved=True), EDI=0F000030 (saved=0F000030, preserved=True), EBP=0F000010 (saved=0F000010, preserved=True, valid=False, savedValid=False), ESP=001FEF18
dbug: Win32Emu.Emulator[0]
      [Import] Successfully invoked USER32.DLL!TranslateMessage
info: Win32Emu.Emulator[0]
      [Import] Direct call to USER32.DLL!DispatchMessageA at 0x0F000010
info: Win32Emu.Emulator[0]
      Dispatching USER32.DLL!DispatchMessageA at EIP=0x0F000010 ESP=0x001FEF10 stack=80 32 40 00 28 EF 1F 00 FC EF 1F 00 00 00 00 00
info: Win32Emu.Emulator[0]
      [User32] DispatchMessageA: HWND=0x00000000 MSG=0x0000 wParam=0x00000000 lParam=0x00000000
info: Win32Emu.Emulator[0]
      [User32] DispatchMessageA: No WndProc found for HWND=0x00000000
info: Win32Emu.Emulator[0]
      [Dispatcher] USER32.DLL!DispatchMessageA returned 0x00000000, argBytes=4, convention=Stdcall
info: Win32Emu.Emulator[0]
      [Import USER32.DLL!DispatchMessageA] Return address from stack: ESP=0x001FEF10, retEIP=0x00403280
info: Win32Emu.Emulator[0]
      [Import USER32.DLL!DispatchMessageA] Stack state before cleanup:
        [ESP+00] = 0x001FEF10: 0x00403280 (return addr)
        [ESP+04] = 0x001FEF14: 0x001FEF28 (arg1)
        [ESP+08] = 0x001FEF18: 0x001FEFFC
        [ESP+12] = 0x001FEF1C: 0x00000000
        [ESP+16] = 0x001FEF20: 0x00470018
        [ESP+20] = 0x001FEF24: 0x00000000
      
info: Win32Emu.Emulator[0]
      [Import USER32.DLL!DispatchMessageA] Stack cleanup: ESP=0x001FEF10, retEIP=0x00403280, argBytes=4, new ESP=0x001FEF18
dbug: Win32Emu.Emulator[0]
      [RegisterValidation] After Import USER32.DLL!DispatchMessageA: EBX=0F000130 (saved=0F000130, preserved=True), ESI=0F000040 (saved=0F000040, preserved=True), EDI=0F000030 (saved=0F000030, preserved=True), EBP=0F000010 (saved=0F000010, preserved=True, valid=False, savedValid=False), ESP=001FEF18
dbug: Win32Emu.Emulator[0]
      [Import] Successfully invoked USER32.DLL!DispatchMessageA
info: Win32Emu.Emulator[0]
      [Import] Direct call to USER32.DLL!GetMessageA at 0x0F000030
info: Win32Emu.Emulator[0]
      Dispatching USER32.DLL!GetMessageA at EIP=0x0F000030 ESP=0x001FEF04 stack=6E 32 40 00 28 EF 1F 00 00 00 00 00 00 00 00 00
info: Win32Emu.Emulator[0]
      [Dispatcher] USER32.DLL!GetMessageA returned 0x00000001, argBytes=16, convention=Stdcall
info: Win32Emu.Emulator[0]
      [Import USER32.DLL!GetMessageA] Return address from stack: ESP=0x001FEF04, retEIP=0x0040326E
info: Win32Emu.Emulator[0]
      [Import USER32.DLL!GetMessageA] Stack state before cleanup:
        [ESP+00] = 0x001FEF04: 0x0040326E (return addr)
        [ESP+04] = 0x001FEF08: 0x001FEF28 (arg1)
        [ESP+08] = 0x001FEF0C: 0x00000000 (arg2)
        [ESP+12] = 0x001FEF10: 0x00000000 (arg3)
        [ESP+16] = 0x001FEF14: 0x00000000 (arg4)
        [ESP+20] = 0x001FEF18: 0x001FEFFC
      
info: Win32Emu.Emulator[0]
      [Import USER32.DLL!GetMessageA] Stack cleanup: ESP=0x001FEF04, retEIP=0x0040326E, argBytes=16, new ESP=0x001FEF18
dbug: Win32Emu.Emulator[0]
      [RegisterValidation] After Import USER32.DLL!GetMessageA: EBX=0F000130 (saved=0F000130, preserved=True), ESI=0F000040 (saved=0F000040, preserved=True), EDI=0F000030 (saved=0F000030, preserved=True), EBP=0F000010 (saved=0F000010, preserved=True, valid=False, savedValid=False), ESP=001FEF18
dbug: Win32Emu.Emulator[0]
      [Import] Successfully invoked USER32.DLL!GetMessageA
info: Win32Emu.Emulator[0]
      [Import] Direct call to USER32.DLL!TranslateMessage at 0x0F000130
info: Win32Emu.Emulator[0]
      Dispatching USER32.DLL!TranslateMessage at EIP=0x0F000130 ESP=0x001FEF10 stack=79 32 40 00 28 EF 1F 00 FC EF 1F 00 00 00 00 00
info: Win32Emu.Emulator[0]
      [User32] TranslateMessage: HWND=0x00000000 MSG=0x0000 wParam=0x00000000 lParam=0x00000000
info: Win32Emu.Emulator[0]
      [Dispatcher] USER32.DLL!TranslateMessage returned 0x00000000, argBytes=4, convention=Stdcall
info: Win32Emu.Emulator[0]
      [Import USER32.DLL!TranslateMessage] Return address from stack: ESP=0x001FEF10, retEIP=0x00403279
info: Win32Emu.Emulator[0]
      [Import USER32.DLL!TranslateMessage] Stack state before cleanup:
        [ESP+00] = 0x001FEF10: 0x00403279 (return addr)
        [ESP+04] = 0x001FEF14: 0x001FEF28 (arg1)
        [ESP+08] = 0x001FEF18: 0x001FEFFC
        [ESP+12] = 0x001FEF1C: 0x00000000
        [ESP+16] = 0x001FEF20: 0x00470018
        [ESP+20] = 0x001FEF24: 0x00000000
      
info: Win32Emu.Emulator[0]
      [Import USER32.DLL!TranslateMessage] Stack cleanup: ESP=0x001FEF10, retEIP=0x00403279, argBytes=4, new ESP=0x001FEF18
dbug: Win32Emu.Emulator[0]
      [RegisterValidation] After Import USER32.DLL!TranslateMessage: EBX=0F000130 (saved=0F000130, preserved=True), ESI=0F000040 (saved=0F000040, preserved=True), EDI=0F000030 (saved=0F000030, preserved=True), EBP=0F000010 (saved=0F000010, preserved=True, valid=False, savedValid=False), ESP=001FEF18
dbug: Win32Emu.Emulator[0]
      [Import] Successfully invoked USER32.DLL!TranslateMessage
info: Win32Emu.Emulator[0]
      [Import] Direct call to USER32.DLL!DispatchMessageA at 0x0F000010
info: Win32Emu.Emulator[0]
      Dispatching USER32.DLL!DispatchMessageA at EIP=0x0F000010 ESP=0x001FEF10 stack=80 32 40 00 28 EF 1F 00 FC EF 1F 00 00 00 00 00
info: Win32Emu.Emulator[0]
      [User32] DispatchMessageA: HWND=0x00000000 MSG=0x0000 wParam=0x00000000 lParam=0x00000000
info: Win32Emu.Emulator[0]
      [User32] DispatchMessageA: No WndProc found for HWND=0x00000000
info: Win32Emu.Emulator[0]
      [Dispatcher] USER32.DLL!DispatchMessageA returned 0x00000000, argBytes=4, convention=Stdcall
info: Win32Emu.Emulator[0]
      [Import USER32.DLL!DispatchMessageA] Return address from stack: ESP=0x001FEF10, retEIP=0x00403280
info: Win32Emu.Emulator[0]
      [Import USER32.DLL!DispatchMessageA] Stack state before cleanup:
        [ESP+00] = 0x001FEF10: 0x00403280 (return addr)
        [ESP+04] = 0x001FEF14: 0x001FEF28 (arg1)
        [ESP+08] = 0x001FEF18: 0x001FEFFC
        [ESP+12] = 0x001FEF1C: 0x00000000
        [ESP+16] = 0x001FEF20: 0x00470018
        [ESP+20] = 0x001FEF24: 0x00000000
      
info: Win32Emu.Emulator[0]
      [Import USER32.DLL!DispatchMessageA] Stack cleanup: ESP=0x001FEF10, retEIP=0x00403280, argBytes=4, new ESP=0x001FEF18
dbug: Win32Emu.Emulator[0]
      [RegisterValidation] After Import USER32.DLL!DispatchMessageA: EBX=0F000130 (saved=0F000130, preserved=True), ESI=0F000040 (saved=0F000040, preserved=True), EDI=0F000030 (saved=0F000030, preserved=True), EBP=0F000010 (saved=0F000010, preserved=True, valid=False, savedValid=False), ESP=001FEF18
dbug: Win32Emu.Emulator[0]
      [Import] Successfully invoked USER32.DLL!DispatchMessageA
info: Win32Emu.Emulator[0]
      [Import] Direct call to USER32.DLL!GetMessageA at 0x0F000030
info: Win32Emu.Emulator[0]
      Dispatching USER32.DLL!GetMessageA at EIP=0x0F000030 ESP=0x001FEF04 stack=6E 32 40 00 28 EF 1F 00 00 00 00 00 00 00 00 00
info: Win32Emu.Emulator[0]
      [Dispatcher] USER32.DLL!GetMessageA returned 0x00000001, argBytes=16, convention=Stdcall
info: Win32Emu.Emulator[0]
      [Import USER32.DLL!GetMessageA] Return address from stack: ESP=0x001FEF04, retEIP=0x0040326E
info: Win32Emu.Emulator[0]
      [Import USER32.DLL!GetMessageA] Stack state before cleanup:
        [ESP+00] = 0x001FEF04: 0x0040326E (return addr)
        [ESP+04] = 0x001FEF08: 0x001FEF28 (arg1)
        [ESP+08] = 0x001FEF0C: 0x00000000 (arg2)
        [ESP+12] = 0x001FEF10: 0x00000000 (arg3)
        [ESP+16] = 0x001FEF14: 0x00000000 (arg4)
        [ESP+20] = 0x001FEF18: 0x001FEFFC
      
info: Win32Emu.Emulator[0]
      [Import USER32.DLL!GetMessageA] Stack cleanup: ESP=0x001FEF04, retEIP=0x0040326E, argBytes=16, new ESP=0x001FEF18
dbug: Win32Emu.Emulator[0]
      [RegisterValidation] After Import USER32.DLL!GetMessageA: EBX=0F000130 (saved=0F000130, preserved=True), ESI=0F000040 (saved=0F000040, preserved=True), EDI=0F000030 (saved=0F000030, preserved=True), EBP=0F000010 (saved=0F000010, preserved=True, valid=False, savedValid=False), ESP=001FEF18
dbug: Win32Emu.Emulator[0]
      [Import] Successfully invoked USER32.DLL!GetMessageA
info: Win32Emu.Emulator[0]
      [Import] Direct call to USER32.DLL!TranslateMessage at 0x0F000130
info: Win32Emu.Emulator[0]
      Dispatching USER32.DLL!TranslateMessage at EIP=0x0F000130 ESP=0x001FEF10 stack=79 32 40 00 28 EF 1F 00 FC EF 1F 00 00 00 00 00
info: Win32Emu.Emulator[0]
      [User32] TranslateMessage: HWND=0x00000000 MSG=0x0000 wParam=0x00000000 lParam=0x00000000
info: Win32Emu.Emulator[0]
      [Dispatcher] USER32.DLL!TranslateMessage returned 0x00000000, argBytes=4, convention=Stdcall
info: Win32Emu.Emulator[0]
      [Import USER32.DLL!TranslateMessage] Return address from stack: ESP=0x001FEF10, retEIP=0x00403279
info: Win32Emu.Emulator[0]
      [Import USER32.DLL!TranslateMessage] Stack state before cleanup:
        [ESP+00] = 0x001FEF10: 0x00403279 (return addr)
        [ESP+04] = 0x001FEF14: 0x001FEF28 (arg1)
        [ESP+08] = 0x001FEF18: 0x001FEFFC
        [ESP+12] = 0x001FEF1C: 0x00000000
        [ESP+16] = 0x001FEF20: 0x00470018
        [ESP+20] = 0x001FEF24: 0x00000000
      
info: Win32Emu.Emulator[0]
      [Import USER32.DLL!TranslateMessage] Stack cleanup: ESP=0x001FEF10, retEIP=0x00403279, argBytes=4, new ESP=0x001FEF18
dbug: Win32Emu.Emulator[0]
      [RegisterValidation] After Import USER32.DLL!TranslateMessage: EBX=0F000130 (saved=0F000130, preserved=True), ESI=0F000040 (saved=0F000040, preserved=True), EDI=0F000030 (saved=0F000030, preserved=True), EBP=0F000010 (saved=0F000010, preserved=True, valid=False, savedValid=False), ESP=001FEF18
dbug: Win32Emu.Emulator[0]
      [Import] Successfully invoked USER32.DLL!TranslateMessage
info: Win32Emu.Emulator[0]
      [Import] Direct call to USER32.DLL!DispatchMessageA at 0x0F000010
info: Win32Emu.Emulator[0]
      Dispatching USER32.DLL!DispatchMessageA at EIP=0x0F000010 ESP=0x001FEF10 stack=80 32 40 00 28 EF 1F 00 FC EF 1F 00 00 00 00 00
info: Win32Emu.Emulator[0]
      [User32] DispatchMessageA: HWND=0x00000000 MSG=0x0000 wParam=0x00000000 lParam=0x00000000
info: Win32Emu.Emulator[0]
      [User32] DispatchMessageA: No WndProc found for HWND=0x00000000
info: Win32Emu.Emulator[0]
      [Dispatcher] USER32.DLL!DispatchMessageA returned 0x00000000, argBytes=4, convention=Stdcall
info: Win32Emu.Emulator[0]
      [Import USER32.DLL!DispatchMessageA] Return address from stack: ESP=0x001FEF10, retEIP=0x00403280
info: Win32Emu.Emulator[0]
      [Import USER32.DLL!DispatchMessageA] Stack state before cleanup:
        [ESP+00] = 0x001FEF10: 0x00403280 (return addr)
        [ESP+04] = 0x001FEF14: 0x001FEF28 (arg1)
        [ESP+08] = 0x001FEF18: 0x001FEFFC
        [ESP+12] = 0x001FEF1C: 0x00000000
        [ESP+16] = 0x001FEF20: 0x00470018
        [ESP+20] = 0x001FEF24: 0x00000000
      
info: Win32Emu.Emulator[0]
      [Import USER32.DLL!DispatchMessageA] Stack cleanup: ESP=0x001FEF10, retEIP=0x00403280, argBytes=4, new ESP=0x001FEF18
dbug: Win32Emu.Emulator[0]
      [RegisterValidation] After Import USER32.DLL!DispatchMessageA: EBX=0F000130 (saved=0F000130, preserved=True), ESI=0F000040 (saved=0F000040, preserved=True), EDI=0F000030 (saved=0F000030, preserved=True), EBP=0F000010 (saved=0F000010, preserved=True, valid=False, savedValid=False), ESP=001FEF18
dbug: Win32Emu.Emulator[0]
      [Import] Successfully invoked USER32.DLL!DispatchMessageA
info: Win32Emu.Emulator[0]
      [Import] Direct call to USER32.DLL!GetMessageA at 0x0F000030
info: Win32Emu.Emulator[0]
      Dispatching USER32.DLL!GetMessageA at EIP=0x0F000030 ESP=0x001FEF04 stack=6E 32 40 00 28 EF 1F 00 00 00 00 00 00 00 00 00
info: Win32Emu.Emulator[0]
      [Dispatcher] USER32.DLL!GetMessageA returned 0x00000001, argBytes=16, convention=Stdcall
info: Win32Emu.Emulator[0]
      [Import USER32.DLL!GetMessageA] Return address from stack: ESP=0x001FEF04, retEIP=0x0040326E
info: Win32Emu.Emulator[0]
      [Import USER32.DLL!GetMessageA] Stack state before cleanup:
        [ESP+00] = 0x001FEF04: 0x0040326E (return addr)
        [ESP+04] = 0x001FEF08: 0x001FEF28 (arg1)
        [ESP+08] = 0x001FEF0C: 0x00000000 (arg2)
        [ESP+12] = 0x001FEF10: 0x00000000 (arg3)
        [ESP+16] = 0x001FEF14: 0x00000000 (arg4)
        [ESP+20] = 0x001FEF18: 0x001FEFFC
      
info: Win32Emu.Emulator[0]
      [Import USER32.DLL!GetMessageA] Stack cleanup: ESP=0x001FEF04, retEIP=0x0040326E, argBytes=16, new ESP=0x001FEF18
dbug: Win32Emu.Emulator[0]
      [RegisterValidation] After Import USER32.DLL!GetMessageA: EBX=0F000130 (saved=0F000130, preserved=True), ESI=0F000040 (saved=0F000040, preserved=True), EDI=0F000030 (saved=0F000030, preserved=True), EBP=0F000010 (saved=0F000010, preserved=True, valid=False, savedValid=False), ESP=001FEF18
dbug: Win32Emu.Emulator[0]
      [Import] Successfully invoked USER32.DLL!GetMessageA
info: Win32Emu.Emulator[0]
      [Import] Direct call to USER32.DLL!TranslateMessage at 0x0F000130
info: Win32Emu.Emulator[0]
      Dispatching USER32.DLL!TranslateMessage at EIP=0x0F000130 ESP=0x001FEF10 stack=79 32 40 00 28 EF 1F 00 FC EF 1F 00 00 00 00 00
info: Win32Emu.Emulator[0]
      [User32] TranslateMessage: HWND=0x00000000 MSG=0x0000 wParam=0x00000000 lParam=0x00000000
info: Win32Emu.Emulator[0]
      [Dispatcher] USER32.DLL!TranslateMessage returned 0x00000000, argBytes=4, convention=Stdcall
info: Win32Emu.Emulator[0]
      [Import USER32.DLL!TranslateMessage] Return address from stack: ESP=0x001FEF10, retEIP=0x00403279
info: Win32Emu.Emulator[0]
      [Import USER32.DLL!TranslateMessage] Stack state before cleanup:
        [ESP+00] = 0x001FEF10: 0x00403279 (return addr)
        [ESP+04] = 0x001FEF14: 0x001FEF28 (arg1)
        [ESP+08] = 0x001FEF18: 0x001FEFFC
        [ESP+12] = 0x001FEF1C: 0x00000000
        [ESP+16] = 0x001FEF20: 0x00470018
        [ESP+20] = 0x001FEF24: 0x00000000
      
info: Win32Emu.Emulator[0]
      [Import USER32.DLL!TranslateMessage] Stack cleanup: ESP=0x001FEF10, retEIP=0x00403279, argBytes=4, new ESP=0x001FEF18
dbug: Win32Emu.Emulator[0]
      [RegisterValidation] After Import USER32.DLL!TranslateMessage: EBX=0F000130 (saved=0F000130, preserved=True), ESI=0F000040 (saved=0F000040, preserved=True), EDI=0F000030 (saved=0F000030, preserved=True), EBP=0F000010 (saved=0F000010, preserved=True, valid=False, savedValid=False), ESP=001FEF18
dbug: Win32Emu.Emulator[0]
      [Import] Successfully invoked USER32.DLL!TranslateMessage
info: Win32Emu.Emulator[0]
      [Import] Direct call to USER32.DLL!DispatchMessageA at 0x0F000010
info: Win32Emu.Emulator[0]
      Dispatching USER32.DLL!DispatchMessageA at EIP=0x0F000010 ESP=0x001FEF10 stack=80 32 40 00 28 EF 1F 00 FC EF 1F 00 00 00 00 00
info: Win32Emu.Emulator[0]
      [User32] DispatchMessageA: HWND=0x00000000 MSG=0x0000 wParam=0x00000000 lParam=0x00000000
info: Win32Emu.Emulator[0]
      [User32] DispatchMessageA: No WndProc found for HWND=0x00000000
info: Win32Emu.Emulator[0]
      [Dispatcher] USER32.DLL!DispatchMessageA returned 0x00000000, argBytes=4, convention=Stdcall
info: Win32Emu.Emulator[0]
      [Import USER32.DLL!DispatchMessageA] Return address from stack: ESP=0x001FEF10, retEIP=0x00403280
info: Win32Emu.Emulator[0]
      [Import USER32.DLL!DispatchMessageA] Stack state before cleanup:
        [ESP+00] = 0x001FEF10: 0x00403280 (return addr)
        [ESP+04] = 0x001FEF14: 0x001FEF28 (arg1)
        [ESP+08] = 0x001FEF18: 0x001FEFFC
        [ESP+12] = 0x001FEF1C: 0x00000000
        [ESP+16] = 0x001FEF20: 0x00470018
        [ESP+20] = 0x001FEF24: 0x00000000
      
info: Win32Emu.Emulator[0]
      [Import USER32.DLL!DispatchMessageA] Stack cleanup: ESP=0x001FEF10, retEIP=0x00403280, argBytes=4, new ESP=0x001FEF18
dbug: Win32Emu.Emulator[0]
      [RegisterValidation] After Import USER32.DLL!DispatchMessageA: EBX=0F000130 (saved=0F000130, preserved=True), ESI=0F000040 (saved=0F000040, preserved=True), EDI=0F000030 (saved=0F000030, preserved=True), EBP=0F000010 (saved=0F000010, preserved=True, valid=False, savedValid=False), ESP=001FEF18
dbug: Win32Emu.Emulator[0]
      [Import] Successfully invoked USER32.DLL!DispatchMessageA
info: Win32Emu.Emulator[0]
      [Import] Direct call to USER32.DLL!GetMessageA at 0x0F000030
info: Win32Emu.Emulator[0]
      Dispatching USER32.DLL!GetMessageA at EIP=0x0F000030 ESP=0x001FEF04 stack=6E 32 40 00 28 EF 1F 00 00 00 00 00 00 00 00 00
info: Win32Emu.Emulator[0]
      [Dispatcher] USER32.DLL!GetMessageA returned 0x00000001, argBytes=16, convention=Stdcall
info: Win32Emu.Emulator[0]
      [Import USER32.DLL!GetMessageA] Return address from stack: ESP=0x001FEF04, retEIP=0x0040326E
info: Win32Emu.Emulator[0]
      [Import USER32.DLL!GetMessageA] Stack state before cleanup:
        [ESP+00] = 0x001FEF04: 0x0040326E (return addr)
        [ESP+04] = 0x001FEF08: 0x001FEF28 (arg1)
        [ESP+08] = 0x001FEF0C: 0x00000000 (arg2)
        [ESP+12] = 0x001FEF10: 0x00000000 (arg3)
        [ESP+16] = 0x001FEF14: 0x00000000 (arg4)
        [ESP+20] = 0x001FEF18: 0x001FEFFC
      
info: Win32Emu.Emulator[0]
      [Import USER32.DLL!GetMessageA] Stack cleanup: ESP=0x001FEF04, retEIP=0x0040326E, argBytes=16, new ESP=0x001FEF18
dbug: Win32Emu.Emulator[0]
      [RegisterValidation] After Import USER32.DLL!GetMessageA: EBX=0F000130 (saved=0F000130, preserved=True), ESI=0F000040 (saved=0F000040, preserved=True), EDI=0F000030 (saved=0F000030, preserved=True), EBP=0F000010 (saved=0F000010, preserved=True, valid=False, savedValid=False), ESP=001FEF18
dbug: Win32Emu.Emulator[0]
      [Import] Successfully invoked USER32.DLL!GetMessageA
info: Win32Emu.Emulator[0]
      [Import] Direct call to USER32.DLL!TranslateMessage at 0x0F000130
info: Win32Emu.Emulator[0]
      Dispatching USER32.DLL!TranslateMessage at EIP=0x0F000130 ESP=0x001FEF10 stack=79 32 40 00 28 EF 1F 00 FC EF 1F 00 00 00 00 00
info: Win32Emu.Emulator[0]
      [User32] TranslateMessage: HWND=0x00000000 MSG=0x0000 wParam=0x00000000 lParam=0x00000000
info: Win32Emu.Emulator[0]
      [Dispatcher] USER32.DLL!TranslateMessage returned 0x00000000, argBytes=4, convention=Stdcall
info: Win32Emu.Emulator[0]
      [Import USER32.DLL!TranslateMessage] Return address from stack: ESP=0x001FEF10, retEIP=0x00403279
info: Win32Emu.Emulator[0]
      [Import USER32.DLL!TranslateMessage] Stack state before cleanup:
        [ESP+00] = 0x001FEF10: 0x00403279 (return addr)
        [ESP+04] = 0x001FEF14: 0x001FEF28 (arg1)
        [ESP+08] = 0x001FEF18: 0x001FEFFC
        [ESP+12] = 0x001FEF1C: 0x00000000
        [ESP+16] = 0x001FEF20: 0x00470018
        [ESP+20] = 0x001FEF24: 0x00000000
      
info: Win32Emu.Emulator[0]
      [Import USER32.DLL!TranslateMessage] Stack cleanup: ESP=0x001FEF10, retEIP=0x00403279, argBytes=4, new ESP=0x001FEF18
dbug: Win32Emu.Emulator[0]
      [RegisterValidation] After Import USER32.DLL!TranslateMessage: EBX=0F000130 (saved=0F000130, preserved=True), ESI=0F000040 (saved=0F000040, preserved=True), EDI=0F000030 (saved=0F000030, preserved=True), EBP=0F000010 (saved=0F000010, preserved=True, valid=False, savedValid=False), ESP=001FEF18
dbug: Win32Emu.Emulator[0]
      [Import] Successfully invoked USER32.DLL!TranslateMessage
info: Win32Emu.Emulator[0]
      [Import] Direct call to USER32.DLL!DispatchMessageA at 0x0F000010
info: Win32Emu.Emulator[0]
      Dispatching USER32.DLL!DispatchMessageA at EIP=0x0F000010 ESP=0x001FEF10 stack=80 32 40 00 28 EF 1F 00 FC EF 1F 00 00 00 00 00
info: Win32Emu.Emulator[0]
      [User32] DispatchMessageA: HWND=0x00000000 MSG=0x0000 wParam=0x00000000 lParam=0x00000000
info: Win32Emu.Emulator[0]
      [User32] DispatchMessageA: No WndProc found for HWND=0x00000000
info: Win32Emu.Emulator[0]
      [Dispatcher] USER32.DLL!DispatchMessageA returned 0x00000000, argBytes=4, convention=Stdcall
info: Win32Emu.Emulator[0]
      [Import USER32.DLL!DispatchMessageA] Return address from stack: ESP=0x001FEF10, retEIP=0x00403280
info: Win32Emu.Emulator[0]
      [Import USER32.DLL!DispatchMessageA] Stack state before cleanup:
        [ESP+00] = 0x001FEF10: 0x00403280 (return addr)
        [ESP+04] = 0x001FEF14: 0x001FEF28 (arg1)
        [ESP+08] = 0x001FEF18: 0x001FEFFC
        [ESP+12] = 0x001FEF1C: 0x00000000
        [ESP+16] = 0x001FEF20: 0x00470018
        [ESP+20] = 0x001FEF24: 0x00000000
      
info: Win32Emu.Emulator[0]
      [Import USER32.DLL!DispatchMessageA] Stack cleanup: ESP=0x001FEF10, retEIP=0x00403280, argBytes=4, new ESP=0x001FEF18
dbug: Win32Emu.Emulator[0]
      [RegisterValidation] After Import USER32.DLL!DispatchMessageA: EBX=0F000130 (saved=0F000130, preserved=True), ESI=0F000040 (saved=0F000040, preserved=True), EDI=0F000030 (saved=0F000030, preserved=True), EBP=0F000010 (saved=0F000010, preserved=True, valid=False, savedValid=False), ESP=001FEF18
dbug: Win32Emu.Emulator[0]
      [Import] Successfully invoked USER32.DLL!DispatchMessageA
info: Win32Emu.Emulator[0]
      [Import] Direct call to USER32.DLL!GetMessageA at 0x0F000030
info: Win32Emu.Emulator[0]
      Dispatching USER32.DLL!GetMessageA at EIP=0x0F000030 ESP=0x001FEF04 stack=6E 32 40 00 28 EF 1F 00 00 00 00 00 00 00 00 00
info: Win32Emu.Emulator[0]
      [Dispatcher] USER32.DLL!GetMessageA returned 0x00000001, argBytes=16, convention=Stdcall
info: Win32Emu.Emulator[0]
      [Import USER32.DLL!GetMessageA] Return address from stack: ESP=0x001FEF04, retEIP=0x0040326E
info: Win32Emu.Emulator[0]
      [Import USER32.DLL!GetMessageA] Stack state before cleanup:
        [ESP+00] = 0x001FEF04: 0x0040326E (return addr)
        [ESP+04] = 0x001FEF08: 0x001FEF28 (arg1)
        [ESP+08] = 0x001FEF0C: 0x00000000 (arg2)
        [ESP+12] = 0x001FEF10: 0x00000000 (arg3)
        [ESP+16] = 0x001FEF14: 0x00000000 (arg4)
        [ESP+20] = 0x001FEF18: 0x001FEFFC
      
info: Win32Emu.Emulator[0]
      [Import USER32.DLL!GetMessageA] Stack cleanup: ESP=0x001FEF04, retEIP=0x0040326E, argBytes=16, new ESP=0x001FEF18
dbug: Win32Emu.Emulator[0]
      [RegisterValidation] After Import USER32.DLL!GetMessageA: EBX=0F000130 (saved=0F000130, preserved=True), ESI=0F000040 (saved=0F000040, preserved=True), EDI=0F000030 (saved=0F000030, preserved=True), EBP=0F000010 (saved=0F000010, preserved=True, valid=False, savedValid=False), ESP=001FEF18
dbug: Win32Emu.Emulator[0]
      [Import] Successfully invoked USER32.DLL!GetMessageA
info: Win32Emu.Emulator[0]
      [Import] Direct call to USER32.DLL!TranslateMessage at 0x0F000130
info: Win32Emu.Emulator[0]
      Dispatching USER32.DLL!TranslateMessage at EIP=0x0F000130 ESP=0x001FEF10 stack=79 32 40 00 28 EF 1F 00 FC EF 1F 00 00 00 00 00
info: Win32Emu.Emulator[0]
      [User32] TranslateMessage: HWND=0x00000000 MSG=0x0000 wParam=0x00000000 lParam=0x00000000
info: Win32Emu.Emulator[0]
      [Dispatcher] USER32.DLL!TranslateMessage returned 0x00000000, argBytes=4, convention=Stdcall
info: Win32Emu.Emulator[0]
      [Import USER32.DLL!TranslateMessage] Return address from stack: ESP=0x001FEF10, retEIP=0x00403279
info: Win32Emu.Emulator[0]
      [Import USER32.DLL!TranslateMessage] Stack state before cleanup:
        [ESP+00] = 0x001FEF10: 0x00403279 (return addr)
        [ESP+04] = 0x001FEF14: 0x001FEF28 (arg1)
        [ESP+08] = 0x001FEF18: 0x001FEFFC
        [ESP+12] = 0x001FEF1C: 0x00000000
        [ESP+16] = 0x001FEF20: 0x00470018
        [ESP+20] = 0x001FEF24: 0x00000000
      
info: Win32Emu.Emulator[0]
      [Import USER32.DLL!TranslateMessage] Stack cleanup: ESP=0x001FEF10, retEIP=0x00403279, argBytes=4, new ESP=0x001FEF18
dbug: Win32Emu.Emulator[0]
      [RegisterValidation] After Import USER32.DLL!TranslateMessage: EBX=0F000130 (saved=0F000130, preserved=True), ESI=0F000040 (saved=0F000040, preserved=True), EDI=0F000030 (saved=0F000030, preserved=True), EBP=0F000010 (saved=0F000010, preserved=True, valid=False, savedValid=False), ESP=001FEF18
dbug: Win32Emu.Emulator[0]
      [Import] Successfully invoked USER32.DLL!TranslateMessage
info: Win32Emu.Emulator[0]
      [Import] Direct call to USER32.DLL!DispatchMessageA at 0x0F000010
info: Win32Emu.Emulator[0]
      Dispatching USER32.DLL!DispatchMessageA at EIP=0x0F000010 ESP=0x001FEF10 stack=80 32 40 00 28 EF 1F 00 FC EF 1F 00 00 00 00 00
info: Win32Emu.Emulator[0]
      [User32] DispatchMessageA: HWND=0x00000000 MSG=0x0000 wParam=0x00000000 lParam=0x00000000
info: Win32Emu.Emulator[0]
      [User32] DispatchMessageA: No WndProc found for HWND=0x00000000
info: Win32Emu.Emulator[0]
      [Dispatcher] USER32.DLL!DispatchMessageA returned 0x00000000, argBytes=4, convention=Stdcall
info: Win32Emu.Emulator[0]
      [Import USER32.DLL!DispatchMessageA] Return address from stack: ESP=0x001FEF10, retEIP=0x00403280
info: Win32Emu.Emulator[0]
      [Import USER32.DLL!DispatchMessageA] Stack state before cleanup:
        [ESP+00] = 0x001FEF10: 0x00403280 (return addr)
        [ESP+04] = 0x001FEF14: 0x001FEF28 (arg1)
        [ESP+08] = 0x001FEF18: 0x001FEFFC
        [ESP+12] = 0x001FEF1C: 0x00000000
        [ESP+16] = 0x001FEF20: 0x00470018
        [ESP+20] = 0x001FEF24: 0x00000000
      
info: Win32Emu.Emulator[0]
      [Import USER32.DLL!DispatchMessageA] Stack cleanup: ESP=0x001FEF10, retEIP=0x00403280, argBytes=4, new ESP=0x001FEF18
dbug: Win32Emu.Emulator[0]
      [RegisterValidation] After Import USER32.DLL!DispatchMessageA: EBX=0F000130 (saved=0F000130, preserved=True), ESI=0F000040 (saved=0F000040, preserved=True), EDI=0F000030 (saved=0F000030, preserved=True), EBP=0F000010 (saved=0F000010, preserved=True, valid=False, savedValid=False), ESP=001FEF18
dbug: Win32Emu.Emulator[0]
      [Import] Successfully invoked USER32.DLL!DispatchMessageA
info: Win32Emu.Emulator[0]
      [Import] Direct call to USER32.DLL!GetMessageA at 0x0F000030
info: Win32Emu.Emulator[0]
      Dispatching USER32.DLL!GetMessageA at EIP=0x0F000030 ESP=0x001FEF04 stack=6E 32 40 00 28 EF 1F 00 00 00 00 00 00 00 00 00
info: Win32Emu.Emulator[0]
      [Dispatcher] USER32.DLL!GetMessageA returned 0x00000001, argBytes=16, convention=Stdcall
info: Win32Emu.Emulator[0]
      [Import USER32.DLL!GetMessageA] Return address from stack: ESP=0x001FEF04, retEIP=0x0040326E
info: Win32Emu.Emulator[0]
      [Import USER32.DLL!GetMessageA] Stack state before cleanup:
        [ESP+00] = 0x001FEF04: 0x0040326E (return addr)
        [ESP+04] = 0x001FEF08: 0x001FEF28 (arg1)
        [ESP+08] = 0x001FEF0C: 0x00000000 (arg2)
        [ESP+12] = 0x001FEF10: 0x00000000 (arg3)
        [ESP+16] = 0x001FEF14: 0x00000000 (arg4)
        [ESP+20] = 0x001FEF18: 0x001FEFFC
      
info: Win32Emu.Emulator[0]
      [Import USER32.DLL!GetMessageA] Stack cleanup: ESP=0x001FEF04, retEIP=0x0040326E, argBytes=16, new ESP=0x001FEF18
dbug: Win32Emu.Emulator[0]
      [RegisterValidation] After Import USER32.DLL!GetMessageA: EBX=0F000130 (saved=0F000130, preserved=True), ESI=0F000040 (saved=0F000040, preserved=True), EDI=0F000030 (saved=0F000030, preserved=True), EBP=0F000010 (saved=0F000010, preserved=True, valid=False, savedValid=False), ESP=001FEF18
dbug: Win32Emu.Emulator[0]
      [Import] Successfully invoked USER32.DLL!GetMessageA
info: Win32Emu.Emulator[0]
      [Import] Direct call to USER32.DLL!TranslateMessage at 0x0F000130
info: Win32Emu.Emulator[0]
      Dispatching USER32.DLL!TranslateMessage at EIP=0x0F000130 ESP=0x001FEF10 stack=79 32 40 00 28 EF 1F 00 FC EF 1F 00 00 00 00 00
info: Win32Emu.Emulator[0]
      [User32] TranslateMessage: HWND=0x00000000 MSG=0x0000 wParam=0x00000000 lParam=0x00000000
info: Win32Emu.Emulator[0]
      [Dispatcher] USER32.DLL!TranslateMessage returned 0x00000000, argBytes=4, convention=Stdcall
info: Win32Emu.Emulator[0]
      [Import USER32.DLL!TranslateMessage] Return address from stack: ESP=0x001FEF10, retEIP=0x00403279
info: Win32Emu.Emulator[0]
      [Import USER32.DLL!TranslateMessage] Stack state before cleanup:
        [ESP+00] = 0x001FEF10: 0x00403279 (return addr)
        [ESP+04] = 0x001FEF14: 0x001FEF28 (arg1)
        [ESP+08] = 0x001FEF18: 0x001FEFFC
        [ESP+12] = 0x001FEF1C: 0x00000000
        [ESP+16] = 0x001FEF20: 0x00470018
        [ESP+20] = 0x001FEF24: 0x00000000
      
info: Win32Emu.Emulator[0]
      [Import USER32.DLL!TranslateMessage] Stack cleanup: ESP=0x001FEF10, retEIP=0x00403279, argBytes=4, new ESP=0x001FEF18
dbug: Win32Emu.Emulator[0]
      [RegisterValidation] After Import USER32.DLL!TranslateMessage: EBX=0F000130 (saved=0F000130, preserved=True), ESI=0F000040 (saved=0F000040, preserved=True), EDI=0F000030 (saved=0F000030, preserved=True), EBP=0F000010 (saved=0F000010, preserved=True, valid=False, savedValid=False), ESP=001FEF18
dbug: Win32Emu.Emulator[0]
      [Import] Successfully invoked USER32.DLL!TranslateMessage
info: Win32Emu.Emulator[0]
      [Import] Direct call to USER32.DLL!DispatchMessageA at 0x0F000010
info: Win32Emu.Emulator[0]
      Dispatching USER32.DLL!DispatchMessageA at EIP=0x0F000010 ESP=0x001FEF10 stack=80 32 40 00 28 EF 1F 00 FC EF 1F 00 00 00 00 00
info: Win32Emu.Emulator[0]
      [User32] DispatchMessageA: HWND=0x00000000 MSG=0x0000 wParam=0x00000000 lParam=0x00000000
info: Win32Emu.Emulator[0]
      [User32] DispatchMessageA: No WndProc found for HWND=0x00000000
info: Win32Emu.Emulator[0]
      [Dispatcher] USER32.DLL!DispatchMessageA returned 0x00000000, argBytes=4, convention=Stdcall
info: Win32Emu.Emulator[0]
      [Import USER32.DLL!DispatchMessageA] Return address from stack: ESP=0x001FEF10, retEIP=0x00403280
info: Win32Emu.Emulator[0]
      [Import USER32.DLL!DispatchMessageA] Stack state before cleanup:
        [ESP+00] = 0x001FEF10: 0x00403280 (return addr)
        [ESP+04] = 0x001FEF14: 0x001FEF28 (arg1)
        [ESP+08] = 0x001FEF18: 0x001FEFFC
        [ESP+12] = 0x001FEF1C: 0x00000000
        [ESP+16] = 0x001FEF20: 0x00470018
        [ESP+20] = 0x001FEF24: 0x00000000
      
info: Win32Emu.Emulator[0]
      [Import USER32.DLL!DispatchMessageA] Stack cleanup: ESP=0x001FEF10, retEIP=0x00403280, argBytes=4, new ESP=0x001FEF18
dbug: Win32Emu.Emulator[0]
      [RegisterValidation] After Import USER32.DLL!DispatchMessageA: EBX=0F000130 (saved=0F000130, preserved=True), ESI=0F000040 (saved=0F000040, preserved=True), EDI=0F000030 (saved=0F000030, preserved=True), EBP=0F000010 (saved=0F000010, preserved=True, valid=False, savedValid=False), ESP=001FEF18
dbug: Win32Emu.Emulator[0]
      [Import] Successfully invoked USER32.DLL!DispatchMessageA
info: Win32Emu.Emulator[0]
      [Import] Direct call to USER32.DLL!GetMessageA at 0x0F000030
info: Win32Emu.Emulator[0]
      Dispatching USER32.DLL!GetMessageA at EIP=0x0F000030 ESP=0x001FEF04 stack=6E 32 40 00 28 EF 1F 00 00 00 00 00 00 00 00 00
info: Win32Emu.Emulator[0]
      [Dispatcher] USER32.DLL!GetMessageA returned 0x00000001, argBytes=16, convention=Stdcall
info: Win32Emu.Emulator[0]
      [Import USER32.DLL!GetMessageA] Return address from stack: ESP=0x001FEF04, retEIP=0x0040326E
info: Win32Emu.Emulator[0]
      [Import USER32.DLL!GetMessageA] Stack state before cleanup:
        [ESP+00] = 0x001FEF04: 0x0040326E (return addr)
        [ESP+04] = 0x001FEF08: 0x001FEF28 (arg1)
        [ESP+08] = 0x001FEF0C: 0x00000000 (arg2)
        [ESP+12] = 0x001FEF10: 0x00000000 (arg3)
        [ESP+16] = 0x001FEF14: 0x00000000 (arg4)
        [ESP+20] = 0x001FEF18: 0x001FEFFC
      
info: Win32Emu.Emulator[0]
      [Import USER32.DLL!GetMessageA] Stack cleanup: ESP=0x001FEF04, retEIP=0x0040326E, argBytes=16, new ESP=0x001FEF18
dbug: Win32Emu.Emulator[0]
      [RegisterValidation] After Import USER32.DLL!GetMessageA: EBX=0F000130 (saved=0F000130, preserved=True), ESI=0F000040 (saved=0F000040, preserved=True), EDI=0F000030 (saved=0F000030, preserved=True), EBP=0F000010 (saved=0F000010, preserved=True, valid=False, savedValid=False), ESP=001FEF18
dbug: Win32Emu.Emulator[0]
      [Import] Successfully invoked USER32.DLL!GetMessageA
info: Win32Emu.Emulator[0]
      [Import] Direct call to USER32.DLL!TranslateMessage at 0x0F000130
info: Win32Emu.Emulator[0]
      Dispatching USER32.DLL!TranslateMessage at EIP=0x0F000130 ESP=0x001FEF10 stack=79 32 40 00 28 EF 1F 00 FC EF 1F 00 00 00 00 00
info: Win32Emu.Emulator[0]
      [User32] TranslateMessage: HWND=0x00000000 MSG=0x0000 wParam=0x00000000 lParam=0x00000000
info: Win32Emu.Emulator[0]
      [Dispatcher] USER32.DLL!TranslateMessage returned 0x00000000, argBytes=4, convention=Stdcall
info: Win32Emu.Emulator[0]
      [Import USER32.DLL!TranslateMessage] Return address from stack: ESP=0x001FEF10, retEIP=0x00403279
info: Win32Emu.Emulator[0]
      [Import USER32.DLL!TranslateMessage] Stack state before cleanup:
        [ESP+00] = 0x001FEF10: 0x00403279 (return addr)
        [ESP+04] = 0x001FEF14: 0x001FEF28 (arg1)
        [ESP+08] = 0x001FEF18: 0x001FEFFC
        [ESP+12] = 0x001FEF1C: 0x00000000
        [ESP+16] = 0x001FEF20: 0x00470018
        [ESP+20] = 0x001FEF24: 0x00000000
      
info: Win32Emu.Emulator[0]
      [Import USER32.DLL!TranslateMessage] Stack cleanup: ESP=0x001FEF10, retEIP=0x00403279, argBytes=4, new ESP=0x001FEF18
dbug: Win32Emu.Emulator[0]
      [RegisterValidation] After Import USER32.DLL!TranslateMessage: EBX=0F000130 (saved=0F000130, preserved=True), ESI=0F000040 (saved=0F000040, preserved=True), EDI=0F000030 (saved=0F000030, preserved=True), EBP=0F000010 (saved=0F000010, preserved=True, valid=False, savedValid=False), ESP=001FEF18
dbug: Win32Emu.Emulator[0]
      [Import] Successfully invoked USER32.DLL!TranslateMessage
info: Win32Emu.Emulator[0]
      [Import] Direct call to USER32.DLL!DispatchMessageA at 0x0F000010
info: Win32Emu.Emulator[0]
      Dispatching USER32.DLL!DispatchMessageA at EIP=0x0F000010 ESP=0x001FEF10 stack=80 32 40 00 28 EF 1F 00 FC EF 1F 00 00 00 00 00
info: Win32Emu.Emulator[0]
      [User32] DispatchMessageA: HWND=0x00000000 MSG=0x0000 wParam=0x00000000 lParam=0x00000000
info: Win32Emu.Emulator[0]
      [User32] DispatchMessageA: No WndProc found for HWND=0x00000000
info: Win32Emu.Emulator[0]
      [Dispatcher] USER32.DLL!DispatchMessageA returned 0x00000000, argBytes=4, convention=Stdcall
info: Win32Emu.Emulator[0]
      [Import USER32.DLL!DispatchMessageA] Return address from stack: ESP=0x001FEF10, retEIP=0x00403280
info: Win32Emu.Emulator[0]
      [Import USER32.DLL!DispatchMessageA] Stack state before cleanup:
        [ESP+00] = 0x001FEF10: 0x00403280 (return addr)
        [ESP+04] = 0x001FEF14: 0x001FEF28 (arg1)
        [ESP+08] = 0x001FEF18: 0x001FEFFC
        [ESP+12] = 0x001FEF1C: 0x00000000
        [ESP+16] = 0x001FEF20: 0x00470018
        [ESP+20] = 0x001FEF24: 0x00000000
      
info: Win32Emu.Emulator[0]
      [Import USER32.DLL!DispatchMessageA] Stack cleanup: ESP=0x001FEF10, retEIP=0x00403280, argBytes=4, new ESP=0x001FEF18
dbug: Win32Emu.Emulator[0]
      [RegisterValidation] After Import USER32.DLL!DispatchMessageA: EBX=0F000130 (saved=0F000130, preserved=True), ESI=0F000040 (saved=0F000040, preserved=True), EDI=0F000030 (saved=0F000030, preserved=True), EBP=0F000010 (saved=0F000010, preserved=True, valid=False, savedValid=False), ESP=001FEF18
dbug: Win32Emu.Emulator[0]
      [Import] Successfully invoked USER32.DLL!DispatchMessageA
info: Win32Emu.Emulator[0]
      [Import] Direct call to USER32.DLL!GetMessageA at 0x0F000030
info: Win32Emu.Emulator[0]
      Dispatching USER32.DLL!GetMessageA at EIP=0x0F000030 ESP=0x001FEF04 stack=6E 32 40 00 28 EF 1F 00 00 00 00 00 00 00 00 00
info: Win32Emu.Emulator[0]
      [Dispatcher] USER32.DLL!GetMessageA returned 0x00000001, argBytes=16, convention=Stdcall
info: Win32Emu.Emulator[0]
      [Import USER32.DLL!GetMessageA] Return address from stack: ESP=0x001FEF04, retEIP=0x0040326E
info: Win32Emu.Emulator[0]
      [Import USER32.DLL!GetMessageA] Stack state before cleanup:
        [ESP+00] = 0x001FEF04: 0x0040326E (return addr)
        [ESP+04] = 0x001FEF08: 0x001FEF28 (arg1)
        [ESP+08] = 0x001FEF0C: 0x00000000 (arg2)
        [ESP+12] = 0x001FEF10: 0x00000000 (arg3)
        [ESP+16] = 0x001FEF14: 0x00000000 (arg4)
        [ESP+20] = 0x001FEF18: 0x001FEFFC
      
info: Win32Emu.Emulator[0]
      [Import USER32.DLL!GetMessageA] Stack cleanup: ESP=0x001FEF04, retEIP=0x0040326E, argBytes=16, new ESP=0x001FEF18
dbug: Win32Emu.Emulator[0]
      [RegisterValidation] After Import USER32.DLL!GetMessageA: EBX=0F000130 (saved=0F000130, preserved=True), ESI=0F000040 (saved=0F000040, preserved=True), EDI=0F000030 (saved=0F000030, preserved=True), EBP=0F000010 (saved=0F000010, preserved=True, valid=False, savedValid=False), ESP=001FEF18
dbug: Win32Emu.Emulator[0]
      [Import] Successfully invoked USER32.DLL!GetMessageA
info: Win32Emu.Emulator[0]
      [Import] Direct call to USER32.DLL!TranslateMessage at 0x0F000130
info: Win32Emu.Emulator[0]
      Dispatching USER32.DLL!TranslateMessage at EIP=0x0F000130 ESP=0x001FEF10 stack=79 32 40 00 28 EF 1F 00 FC EF 1F 00 00 00 00 00
info: Win32Emu.Emulator[0]
      [User32] TranslateMessage: HWND=0x00000000 MSG=0x0000 wParam=0x00000000 lParam=0x00000000
info: Win32Emu.Emulator[0]
      [Dispatcher] USER32.DLL!TranslateMessage returned 0x00000000, argBytes=4, convention=Stdcall
info: Win32Emu.Emulator[0]
      [Import USER32.DLL!TranslateMessage] Return address from stack: ESP=0x001FEF10, retEIP=0x00403279
info: Win32Emu.Emulator[0]
      [Import USER32.DLL!TranslateMessage] Stack state before cleanup:
        [ESP+00] = 0x001FEF10: 0x00403279 (return addr)
        [ESP+04] = 0x001FEF14: 0x001FEF28 (arg1)
        [ESP+08] = 0x001FEF18: 0x001FEFFC
        [ESP+12] = 0x001FEF1C: 0x00000000
        [ESP+16] = 0x001FEF20: 0x00470018
        [ESP+20] = 0x001FEF24: 0x00000000
      
info: Win32Emu.Emulator[0]
      [Import USER32.DLL!TranslateMessage] Stack cleanup: ESP=0x001FEF10, retEIP=0x00403279, argBytes=4, new ESP=0x001FEF18
dbug: Win32Emu.Emulator[0]
      [RegisterValidation] After Import USER32.DLL!TranslateMessage: EBX=0F000130 (saved=0F000130, preserved=True), ESI=0F000040 (saved=0F000040, preserved=True), EDI=0F000030 (saved=0F000030, preserved=True), EBP=0F000010 (saved=0F000010, preserved=True, valid=False, savedValid=False), ESP=001FEF18
dbug: Win32Emu.Emulator[0]
      [Import] Successfully invoked USER32.DLL!TranslateMessage
info: Win32Emu.Emulator[0]
      [Import] Direct call to USER32.DLL!DispatchMessageA at 0x0F000010
info: Win32Emu.Emulator[0]
      Dispatching USER32.DLL!DispatchMessageA at EIP=0x0F000010 ESP=0x001FEF10 stack=80 32 40 00 28 EF 1F 00 FC EF 1F 00 00 00 00 00
info: Win32Emu.Emulator[0]
      [User32] DispatchMessageA: HWND=0x00000000 MSG=0x0000 wParam=0x00000000 lParam=0x00000000
info: Win32Emu.Emulator[0]
      [User32] DispatchMessageA: No WndProc found for HWND=0x00000000
info: Win32Emu.Emulator[0]
      [Dispatcher] USER32.DLL!DispatchMessageA returned 0x00000000, argBytes=4, convention=Stdcall
info: Win32Emu.Emulator[0]
      [Import USER32.DLL!DispatchMessageA] Return address from stack: ESP=0x001FEF10, retEIP=0x00403280
info: Win32Emu.Emulator[0]
      [Import USER32.DLL!DispatchMessageA] Stack state before cleanup:
        [ESP+00] = 0x001FEF10: 0x00403280 (return addr)
        [ESP+04] = 0x001FEF14: 0x001FEF28 (arg1)
        [ESP+08] = 0x001FEF18: 0x001FEFFC
        [ESP+12] = 0x001FEF1C: 0x00000000
        [ESP+16] = 0x001FEF20: 0x00470018
        [ESP+20] = 0x001FEF24: 0x00000000
      
info: Win32Emu.Emulator[0]
      [Import USER32.DLL!DispatchMessageA] Stack cleanup: ESP=0x001FEF10, retEIP=0x00403280, argBytes=4, new ESP=0x001FEF18
dbug: Win32Emu.Emulator[0]
      [RegisterValidation] After Import USER32.DLL!DispatchMessageA: EBX=0F000130 (saved=0F000130, preserved=True), ESI=0F000040 (saved=0F000040, preserved=True), EDI=0F000030 (saved=0F000030, preserved=True), EBP=0F000010 (saved=0F000010, preserved=True, valid=False, savedValid=False), ESP=001FEF18
dbug: Win32Emu.Emulator[0]
      [Import] Successfully invoked USER32.DLL!DispatchMessageA
info: Win32Emu.Emulator[0]
      [Import] Direct call to USER32.DLL!GetMessageA at 0x0F000030
info: Win32Emu.Emulator[0]
      Dispatching USER32.DLL!GetMessageA at EIP=0x0F000030 ESP=0x001FEF04 stack=6E 32 40 00 28 EF 1F 00 00 00 00 00 00 00 00 00
info: Win32Emu.Emulator[0]
      [Dispatcher] USER32.DLL!GetMessageA returned 0x00000001, argBytes=16, convention=Stdcall
info: Win32Emu.Emulator[0]
      [Import USER32.DLL!GetMessageA] Return address from stack: ESP=0x001FEF04, retEIP=0x0040326E
info: Win32Emu.Emulator[0]
      [Import USER32.DLL!GetMessageA] Stack state before cleanup:
        [ESP+00] = 0x001FEF04: 0x0040326E (return addr)
        [ESP+04] = 0x001FEF08: 0x001FEF28 (arg1)
        [ESP+08] = 0x001FEF0C: 0x00000000 (arg2)
        [ESP+12] = 0x001FEF10: 0x00000000 (arg3)
        [ESP+16] = 0x001FEF14: 0x00000000 (arg4)
        [ESP+20] = 0x001FEF18: 0x001FEFFC
      
info: Win32Emu.Emulator[0]
      [Import USER32.DLL!GetMessageA] Stack cleanup: ESP=0x001FEF04, retEIP=0x0040326E, argBytes=16, new ESP=0x001FEF18
dbug: Win32Emu.Emulator[0]
      [RegisterValidation] After Import USER32.DLL!GetMessageA: EBX=0F000130 (saved=0F000130, preserved=True), ESI=0F000040 (saved=0F000040, preserved=True), EDI=0F000030 (saved=0F000030, preserved=True), EBP=0F000010 (saved=0F000010, preserved=True, valid=False, savedValid=False), ESP=001FEF18
dbug: Win32Emu.Emulator[0]
      [Import] Successfully invoked USER32.DLL!GetMessageA
info: Win32Emu.Emulator[0]
      [Import] Direct call to USER32.DLL!TranslateMessage at 0x0F000130
info: Win32Emu.Emulator[0]
      Dispatching USER32.DLL!TranslateMessage at EIP=0x0F000130 ESP=0x001FEF10 stack=79 32 40 00 28 EF 1F 00 FC EF 1F 00 00 00 00 00
info: Win32Emu.Emulator[0]
      [User32] TranslateMessage: HWND=0x00000000 MSG=0x0000 wParam=0x00000000 lParam=0x00000000
info: Win32Emu.Emulator[0]
      [Dispatcher] USER32.DLL!TranslateMessage returned 0x00000000, argBytes=4, convention=Stdcall
info: Win32Emu.Emulator[0]
      [Import USER32.DLL!TranslateMessage] Return address from stack: ESP=0x001FEF10, retEIP=0x00403279
info: Win32Emu.Emulator[0]
      [Import USER32.DLL!TranslateMessage] Stack state before cleanup:
        [ESP+00] = 0x001FEF10: 0x00403279 (return addr)
        [ESP+04] = 0x001FEF14: 0x001FEF28 (arg1)
        [ESP+08] = 0x001FEF18: 0x001FEFFC
        [ESP+12] = 0x001FEF1C: 0x00000000
        [ESP+16] = 0x001FEF20: 0x00470018
        [ESP+20] = 0x001FEF24: 0x00000000
      
info: Win32Emu.Emulator[0]
      [Import USER32.DLL!TranslateMessage] Stack cleanup: ESP=0x001FEF10, retEIP=0x00403279, argBytes=4, new ESP=0x001FEF18
dbug: Win32Emu.Emulator[0]
      [RegisterValidation] After Import USER32.DLL!TranslateMessage: EBX=0F000130 (saved=0F000130, preserved=True), ESI=0F000040 (saved=0F000040, preserved=True), EDI=0F000030 (saved=0F000030, preserved=True), EBP=0F000010 (saved=0F000010, preserved=True, valid=False, savedValid=False), ESP=001FEF18
dbug: Win32Emu.Emulator[0]
      [Import] Successfully invoked USER32.DLL!TranslateMessage
info: Win32Emu.Emulator[0]
      [Import] Direct call to USER32.DLL!DispatchMessageA at 0x0F000010
info: Win32Emu.Emulator[0]
      Dispatching USER32.DLL!DispatchMessageA at EIP=0x0F000010 ESP=0x001FEF10 stack=80 32 40 00 28 EF 1F 00 FC EF 1F 00 00 00 00 00
info: Win32Emu.Emulator[0]
      [User32] DispatchMessageA: HWND=0x00000000 MSG=0x0000 wParam=0x00000000 lParam=0x00000000
info: Win32Emu.Emulator[0]
      [User32] DispatchMessageA: No WndProc found for HWND=0x00000000
info: Win32Emu.Emulator[0]
      [Dispatcher] USER32.DLL!DispatchMessageA returned 0x00000000, argBytes=4, convention=Stdcall
info: Win32Emu.Emulator[0]
      [Import USER32.DLL!DispatchMessageA] Return address from stack: ESP=0x001FEF10, retEIP=0x00403280
info: Win32Emu.Emulator[0]
      [Import USER32.DLL!DispatchMessageA] Stack state before cleanup:
        [ESP+00] = 0x001FEF10: 0x00403280 (return addr)
        [ESP+04] = 0x001FEF14: 0x001FEF28 (arg1)
        [ESP+08] = 0x001FEF18: 0x001FEFFC
        [ESP+12] = 0x001FEF1C: 0x00000000
        [ESP+16] = 0x001FEF20: 0x00470018
        [ESP+20] = 0x001FEF24: 0x00000000
      
info: Win32Emu.Emulator[0]
      [Import USER32.DLL!DispatchMessageA] Stack cleanup: ESP=0x001FEF10, retEIP=0x00403280, argBytes=4, new ESP=0x001FEF18
dbug: Win32Emu.Emulator[0]
      [RegisterValidation] After Import USER32.DLL!DispatchMessageA: EBX=0F000130 (saved=0F000130, preserved=True), ESI=0F000040 (saved=0F000040, preserved=True), EDI=0F000030 (saved=0F000030, preserved=True), EBP=0F000010 (saved=0F000010, preserved=True, valid=False, savedValid=False), ESP=001FEF18
dbug: Win32Emu.Emulator[0]
      [Import] Successfully invoked USER32.DLL!DispatchMessageA
info: Win32Emu.Emulator[0]
      [Import] Direct call to USER32.DLL!GetMessageA at 0x0F000030
info: Win32Emu.Emulator[0]
      Dispatching USER32.DLL!GetMessageA at EIP=0x0F000030 ESP=0x001FEF04 stack=6E 32 40 00 28 EF 1F 00 00 00 00 00 00 00 00 00
info: Win32Emu.Emulator[0]
      [Dispatcher] USER32.DLL!GetMessageA returned 0x00000001, argBytes=16, convention=Stdcall
info: Win32Emu.Emulator[0]
      [Import USER32.DLL!GetMessageA] Return address from stack: ESP=0x001FEF04, retEIP=0x0040326E
info: Win32Emu.Emulator[0]
      [Import USER32.DLL!GetMessageA] Stack state before cleanup:
        [ESP+00] = 0x001FEF04: 0x0040326E (return addr)
        [ESP+04] = 0x001FEF08: 0x001FEF28 (arg1)
        [ESP+08] = 0x001FEF0C: 0x00000000 (arg2)
        [ESP+12] = 0x001FEF10: 0x00000000 (arg3)
        [ESP+16] = 0x001FEF14: 0x00000000 (arg4)
        [ESP+20] = 0x001FEF18: 0x001FEFFC
      
info: Win32Emu.Emulator[0]
      [Import USER32.DLL!GetMessageA] Stack cleanup: ESP=0x001FEF04, retEIP=0x0040326E, argBytes=16, new ESP=0x001FEF18
dbug: Win32Emu.Emulator[0]
      [RegisterValidation] After Import USER32.DLL!GetMessageA: EBX=0F000130 (saved=0F000130, preserved=True), ESI=0F000040 (saved=0F000040, preserved=True), EDI=0F000030 (saved=0F000030, preserved=True), EBP=0F000010 (saved=0F000010, preserved=True, valid=False, savedValid=False), ESP=001FEF18
dbug: Win32Emu.Emulator[0]
      [Import] Successfully invoked USER32.DLL!GetMessageA
info: Win32Emu.Emulator[0]
      [Import] Direct call to USER32.DLL!TranslateMessage at 0x0F000130
info: Win32Emu.Emulator[0]
      Dispatching USER32.DLL!TranslateMessage at EIP=0x0F000130 ESP=0x001FEF10 stack=79 32 40 00 28 EF 1F 00 FC EF 1F 00 00 00 00 00
info: Win32Emu.Emulator[0]
      [User32] TranslateMessage: HWND=0x00000000 MSG=0x0000 wParam=0x00000000 lParam=0x00000000
info: Win32Emu.Emulator[0]
      [Dispatcher] USER32.DLL!TranslateMessage returned 0x00000000, argBytes=4, convention=Stdcall
info: Win32Emu.Emulator[0]
      [Import USER32.DLL!TranslateMessage] Return address from stack: ESP=0x001FEF10, retEIP=0x00403279
info: Win32Emu.Emulator[0]
      [Import USER32.DLL!TranslateMessage] Stack state before cleanup:
        [ESP+00] = 0x001FEF10: 0x00403279 (return addr)
        [ESP+04] = 0x001FEF14: 0x001FEF28 (arg1)
        [ESP+08] = 0x001FEF18: 0x001FEFFC
        [ESP+12] = 0x001FEF1C: 0x00000000
        [ESP+16] = 0x001FEF20: 0x00470018
        [ESP+20] = 0x001FEF24: 0x00000000
      
info: Win32Emu.Emulator[0]
      [Import USER32.DLL!TranslateMessage] Stack cleanup: ESP=0x001FEF10, retEIP=0x00403279, argBytes=4, new ESP=0x001FEF18
dbug: Win32Emu.Emulator[0]
      [RegisterValidation] After Import USER32.DLL!TranslateMessage: EBX=0F000130 (saved=0F000130, preserved=True), ESI=0F000040 (saved=0F000040, preserved=True), EDI=0F000030 (saved=0F000030, preserved=True), EBP=0F000010 (saved=0F000010, preserved=True, valid=False, savedValid=False), ESP=001FEF18
dbug: Win32Emu.Emulator[0]
      [Import] Successfully invoked USER32.DLL!TranslateMessage
info: Win32Emu.Emulator[0]
      [Import] Direct call to USER32.DLL!DispatchMessageA at 0x0F000010
info: Win32Emu.Emulator[0]
      Dispatching USER32.DLL!DispatchMessageA at EIP=0x0F000010 ESP=0x001FEF10 stack=80 32 40 00 28 EF 1F 00 FC EF 1F 00 00 00 00 00
info: Win32Emu.Emulator[0]
      [User32] DispatchMessageA: HWND=0x00000000 MSG=0x0000 wParam=0x00000000 lParam=0x00000000
info: Win32Emu.Emulator[0]
      [User32] DispatchMessageA: No WndProc found for HWND=0x00000000
info: Win32Emu.Emulator[0]
      [Dispatcher] USER32.DLL!DispatchMessageA returned 0x00000000, argBytes=4, convention=Stdcall
info: Win32Emu.Emulator[0]
      [Import USER32.DLL!DispatchMessageA] Return address from stack: ESP=0x001FEF10, retEIP=0x00403280
info: Win32Emu.Emulator[0]
      [Import USER32.DLL!DispatchMessageA] Stack state before cleanup:
        [ESP+00] = 0x001FEF10: 0x00403280 (return addr)
        [ESP+04] = 0x001FEF14: 0x001FEF28 (arg1)
        [ESP+08] = 0x001FEF18: 0x001FEFFC
        [ESP+12] = 0x001FEF1C: 0x00000000
        [ESP+16] = 0x001FEF20: 0x00470018
        [ESP+20] = 0x001FEF24: 0x00000000
      
info: Win32Emu.Emulator[0]
      [Import USER32.DLL!DispatchMessageA] Stack cleanup: ESP=0x001FEF10, retEIP=0x00403280, argBytes=4, new ESP=0x001FEF18
dbug: Win32Emu.Emulator[0]
      [RegisterValidation] After Import USER32.DLL!DispatchMessageA: EBX=0F000130 (saved=0F000130, preserved=True), ESI=0F000040 (saved=0F000040, preserved=True), EDI=0F000030 (saved=0F000030, preserved=True), EBP=0F000010 (saved=0F000010, preserved=True, valid=False, savedValid=False), ESP=001FEF18
dbug: Win32Emu.Emulator[0]
      [Import] Successfully invoked USER32.DLL!DispatchMessageA
info: Win32Emu.Emulator[0]
      [Import] Direct call to USER32.DLL!GetMessageA at 0x0F000030
info: Win32Emu.Emulator[0]
      Dispatching USER32.DLL!GetMessageA at EIP=0x0F000030 ESP=0x001FEF04 stack=6E 32 40 00 28 EF 1F 00 00 00 00 00 00 00 00 00
info: Win32Emu.Emulator[0]
      [Dispatcher] USER32.DLL!GetMessageA returned 0x00000001, argBytes=16, convention=Stdcall
info: Win32Emu.Emulator[0]
      [Import USER32.DLL!GetMessageA] Return address from stack: ESP=0x001FEF04, retEIP=0x0040326E
info: Win32Emu.Emulator[0]
      [Import USER32.DLL!GetMessageA] Stack state before cleanup:
        [ESP+00] = 0x001FEF04: 0x0040326E (return addr)
        [ESP+04] = 0x001FEF08: 0x001FEF28 (arg1)
        [ESP+08] = 0x001FEF0C: 0x00000000 (arg2)
        [ESP+12] = 0x001FEF10: 0x00000000 (arg3)
        [ESP+16] = 0x001FEF14: 0x00000000 (arg4)
        [ESP+20] = 0x001FEF18: 0x001FEFFC
      
info: Win32Emu.Emulator[0]
      [Import USER32.DLL!GetMessageA] Stack cleanup: ESP=0x001FEF04, retEIP=0x0040326E, argBytes=16, new ESP=0x001FEF18
dbug: Win32Emu.Emulator[0]
      [RegisterValidation] After Import USER32.DLL!GetMessageA: EBX=0F000130 (saved=0F000130, preserved=True), ESI=0F000040 (saved=0F000040, preserved=True), EDI=0F000030 (saved=0F000030, preserved=True), EBP=0F000010 (saved=0F000010, preserved=True, valid=False, savedValid=False), ESP=001FEF18
dbug: Win32Emu.Emulator[0]
      [Import] Successfully invoked USER32.DLL!GetMessageA
info: Win32Emu.Emulator[0]
      [Import] Direct call to USER32.DLL!TranslateMessage at 0x0F000130
info: Win32Emu.Emulator[0]
      Dispatching USER32.DLL!TranslateMessage at EIP=0x0F000130 ESP=0x001FEF10 stack=79 32 40 00 28 EF 1F 00 FC EF 1F 00 00 00 00 00
info: Win32Emu.Emulator[0]
      [User32] TranslateMessage: HWND=0x00000000 MSG=0x0000 wParam=0x00000000 lParam=0x00000000
info: Win32Emu.Emulator[0]
      [Dispatcher] USER32.DLL!TranslateMessage returned 0x00000000, argBytes=4, convention=Stdcall
info: Win32Emu.Emulator[0]
      [Import USER32.DLL!TranslateMessage] Return address from stack: ESP=0x001FEF10, retEIP=0x00403279
info: Win32Emu.Emulator[0]
      [Import USER32.DLL!TranslateMessage] Stack state before cleanup:
        [ESP+00] = 0x001FEF10: 0x00403279 (return addr)
        [ESP+04] = 0x001FEF14: 0x001FEF28 (arg1)
        [ESP+08] = 0x001FEF18: 0x001FEFFC
        [ESP+12] = 0x001FEF1C: 0x00000000
        [ESP+16] = 0x001FEF20: 0x00470018
        [ESP+20] = 0x001FEF24: 0x00000000
      
info: Win32Emu.Emulator[0]
      [Import USER32.DLL!TranslateMessage] Stack cleanup: ESP=0x001FEF10, retEIP=0x00403279, argBytes=4, new ESP=0x001FEF18
dbug: Win32Emu.Emulator[0]
      [RegisterValidation] After Import USER32.DLL!TranslateMessage: EBX=0F000130 (saved=0F000130, preserved=True), ESI=0F000040 (saved=0F000040, preserved=True), EDI=0F000030 (saved=0F000030, preserved=True), EBP=0F000010 (saved=0F000010, preserved=True, valid=False, savedValid=False), ESP=001FEF18
dbug: Win32Emu.Emulator[0]
      [Import] Successfully invoked USER32.DLL!TranslateMessage
info: Win32Emu.Emulator[0]
      [Import] Direct call to USER32.DLL!DispatchMessageA at 0x0F000010
info: Win32Emu.Emulator[0]
      Dispatching USER32.DLL!DispatchMessageA at EIP=0x0F000010 ESP=0x001FEF10 stack=80 32 40 00 28 EF 1F 00 FC EF 1F 00 00 00 00 00
info: Win32Emu.Emulator[0]
      [User32] DispatchMessageA: HWND=0x00000000 MSG=0x0000 wParam=0x00000000 lParam=0x00000000
info: Win32Emu.Emulator[0]
      [User32] DispatchMessageA: No WndProc found for HWND=0x00000000
info: Win32Emu.Emulator[0]
      [Dispatcher] USER32.DLL!DispatchMessageA returned 0x00000000, argBytes=4, convention=Stdcall
info: Win32Emu.Emulator[0]
      [Import USER32.DLL!DispatchMessageA] Return address from stack: ESP=0x001FEF10, retEIP=0x00403280
info: Win32Emu.Emulator[0]
      [Import USER32.DLL!DispatchMessageA] Stack state before cleanup:
        [ESP+00] = 0x001FEF10: 0x00403280 (return addr)
        [ESP+04] = 0x001FEF14: 0x001FEF28 (arg1)
        [ESP+08] = 0x001FEF18: 0x001FEFFC
        [ESP+12] = 0x001FEF1C: 0x00000000
        [ESP+16] = 0x001FEF20: 0x00470018
        [ESP+20] = 0x001FEF24: 0x00000000
      
info: Win32Emu.Emulator[0]
      [Import USER32.DLL!DispatchMessageA] Stack cleanup: ESP=0x001FEF10, retEIP=0x00403280, argBytes=4, new ESP=0x001FEF18
dbug: Win32Emu.Emulator[0]
      [RegisterValidation] After Import USER32.DLL!DispatchMessageA: EBX=0F000130 (saved=0F000130, preserved=True), ESI=0F000040 (saved=0F000040, preserved=True), EDI=0F000030 (saved=0F000030, preserved=True), EBP=0F000010 (saved=0F000010, preserved=True, valid=False, savedValid=False), ESP=001FEF18
dbug: Win32Emu.Emulator[0]
      [Import] Successfully invoked USER32.DLL!DispatchMessageA
info: Win32Emu.Emulator[0]
      [Import] Direct call to USER32.DLL!GetMessageA at 0x0F000030
info: Win32Emu.Emulator[0]
      Dispatching USER32.DLL!GetMessageA at EIP=0x0F000030 ESP=0x001FEF04 stack=6E 32 40 00 28 EF 1F 00 00 00 00 00 00 00 00 00
info: Win32Emu.Emulator[0]
      [Dispatcher] USER32.DLL!GetMessageA returned 0x00000001, argBytes=16, convention=Stdcall
info: Win32Emu.Emulator[0]
      [Import USER32.DLL!GetMessageA] Return address from stack: ESP=0x001FEF04, retEIP=0x0040326E
info: Win32Emu.Emulator[0]
      [Import USER32.DLL!GetMessageA] Stack state before cleanup:
        [ESP+00] = 0x001FEF04: 0x0040326E (return addr)
        [ESP+04] = 0x001FEF08: 0x001FEF28 (arg1)
        [ESP+08] = 0x001FEF0C: 0x00000000 (arg2)
        [ESP+12] = 0x001FEF10: 0x00000000 (arg3)
        [ESP+16] = 0x001FEF14: 0x00000000 (arg4)
        [ESP+20] = 0x001FEF18: 0x001FEFFC
      
info: Win32Emu.Emulator[0]
      [Import USER32.DLL!GetMessageA] Stack cleanup: ESP=0x001FEF04, retEIP=0x0040326E, argBytes=16, new ESP=0x001FEF18
dbug: Win32Emu.Emulator[0]
      [RegisterValidation] After Import USER32.DLL!GetMessageA: EBX=0F000130 (saved=0F000130, preserved=True), ESI=0F000040 (saved=0F000040, preserved=True), EDI=0F000030 (saved=0F000030, preserved=True), EBP=0F000010 (saved=0F000010, preserved=True, valid=False, savedValid=False), ESP=001FEF18
dbug: Win32Emu.Emulator[0]
      [Import] Successfully invoked USER32.DLL!GetMessageA
info: Win32Emu.Emulator[0]
      [Import] Direct call to USER32.DLL!TranslateMessage at 0x0F000130
info: Win32Emu.Emulator[0]
      Dispatching USER32.DLL!TranslateMessage at EIP=0x0F000130 ESP=0x001FEF10 stack=79 32 40 00 28 EF 1F 00 FC EF 1F 00 00 00 00 00
info: Win32Emu.Emulator[0]
      [User32] TranslateMessage: HWND=0x00000000 MSG=0x0000 wParam=0x00000000 lParam=0x00000000
info: Win32Emu.Emulator[0]
      [Dispatcher] USER32.DLL!TranslateMessage returned 0x00000000, argBytes=4, convention=Stdcall
info: Win32Emu.Emulator[0]
      [Import USER32.DLL!TranslateMessage] Return address from stack: ESP=0x001FEF10, retEIP=0x00403279
info: Win32Emu.Emulator[0]
      [Import USER32.DLL!TranslateMessage] Stack state before cleanup:
        [ESP+00] = 0x001FEF10: 0x00403279 (return addr)
        [ESP+04] = 0x001FEF14: 0x001FEF28 (arg1)
        [ESP+08] = 0x001FEF18: 0x001FEFFC
        [ESP+12] = 0x001FEF1C: 0x00000000
        [ESP+16] = 0x001FEF20: 0x00470018
        [ESP+20] = 0x001FEF24: 0x00000000
      
info: Win32Emu.Emulator[0]
      [Import USER32.DLL!TranslateMessage] Stack cleanup: ESP=0x001FEF10, retEIP=0x00403279, argBytes=4, new ESP=0x001FEF18
dbug: Win32Emu.Emulator[0]
      [RegisterValidation] After Import USER32.DLL!TranslateMessage: EBX=0F000130 (saved=0F000130, preserved=True), ESI=0F000040 (saved=0F000040, preserved=True), EDI=0F000030 (saved=0F000030, preserved=True), EBP=0F000010 (saved=0F000010, preserved=True, valid=False, savedValid=False), ESP=001FEF18
dbug: Win32Emu.Emulator[0]
      [Import] Successfully invoked USER32.DLL!TranslateMessage
info: Win32Emu.Emulator[0]
      [Import] Direct call to USER32.DLL!DispatchMessageA at 0x0F000010
info: Win32Emu.Emulator[0]
      Dispatching USER32.DLL!DispatchMessageA at EIP=0x0F000010 ESP=0x001FEF10 stack=80 32 40 00 28 EF 1F 00 FC EF 1F 00 00 00 00 00
info: Win32Emu.Emulator[0]
      [User32] DispatchMessageA: HWND=0x00000000 MSG=0x0000 wParam=0x00000000 lParam=0x00000000
info: Win32Emu.Emulator[0]
      [User32] DispatchMessageA: No WndProc found for HWND=0x00000000
info: Win32Emu.Emulator[0]
      [Dispatcher] USER32.DLL!DispatchMessageA returned 0x00000000, argBytes=4, convention=Stdcall
info: Win32Emu.Emulator[0]
      [Import USER32.DLL!DispatchMessageA] Return address from stack: ESP=0x001FEF10, retEIP=0x00403280
info: Win32Emu.Emulator[0]
      [Import USER32.DLL!DispatchMessageA] Stack state before cleanup:
        [ESP+00] = 0x001FEF10: 0x00403280 (return addr)
        [ESP+04] = 0x001FEF14: 0x001FEF28 (arg1)
        [ESP+08] = 0x001FEF18: 0x001FEFFC
        [ESP+12] = 0x001FEF1C: 0x00000000
        [ESP+16] = 0x001FEF20: 0x00470018
        [ESP+20] = 0x001FEF24: 0x00000000
      
info: Win32Emu.Emulator[0]
      [Import USER32.DLL!DispatchMessageA] Stack cleanup: ESP=0x001FEF10, retEIP=0x00403280, argBytes=4, new ESP=0x001FEF18
dbug: Win32Emu.Emulator[0]
      [RegisterValidation] After Import USER32.DLL!DispatchMessageA: EBX=0F000130 (saved=0F000130, preserved=True), ESI=0F000040 (saved=0F000040, preserved=True), EDI=0F000030 (saved=0F000030, preserved=True), EBP=0F000010 (saved=0F000010, preserved=True, valid=False, savedValid=False), ESP=001FEF18
dbug: Win32Emu.Emulator[0]
      [Import] Successfully invoked USER32.DLL!DispatchMessageA
info: Win32Emu.Emulator[0]
      [Import] Direct call to USER32.DLL!GetMessageA at 0x0F000030
info: Win32Emu.Emulator[0]
      Dispatching USER32.DLL!GetMessageA at EIP=0x0F000030 ESP=0x001FEF04 stack=6E 32 40 00 28 EF 1F 00 00 00 00 00 00 00 00 00
info: Win32Emu.Emulator[0]
      [Dispatcher] USER32.DLL!GetMessageA returned 0x00000001, argBytes=16, convention=Stdcall
info: Win32Emu.Emulator[0]
      [Import USER32.DLL!GetMessageA] Return address from stack: ESP=0x001FEF04, retEIP=0x0040326E
info: Win32Emu.Emulator[0]
      [Import USER32.DLL!GetMessageA] Stack state before cleanup:
        [ESP+00] = 0x001FEF04: 0x0040326E (return addr)
        [ESP+04] = 0x001FEF08: 0x001FEF28 (arg1)
        [ESP+08] = 0x001FEF0C: 0x00000000 (arg2)
        [ESP+12] = 0x001FEF10: 0x00000000 (arg3)
        [ESP+16] = 0x001FEF14: 0x00000000 (arg4)
        [ESP+20] = 0x001FEF18: 0x001FEFFC
      
info: Win32Emu.Emulator[0]
      [Import USER32.DLL!GetMessageA] Stack cleanup: ESP=0x001FEF04, retEIP=0x0040326E, argBytes=16, new ESP=0x001FEF18
dbug: Win32Emu.Emulator[0]
      [RegisterValidation] After Import USER32.DLL!GetMessageA: EBX=0F000130 (saved=0F000130, preserved=True), ESI=0F000040 (saved=0F000040, preserved=True), EDI=0F000030 (saved=0F000030, preserved=True), EBP=0F000010 (saved=0F000010, preserved=True, valid=False, savedValid=False), ESP=001FEF18
dbug: Win32Emu.Emulator[0]
      [Import] Successfully invoked USER32.DLL!GetMessageA
info: Win32Emu.Emulator[0]
      [Import] Direct call to USER32.DLL!TranslateMessage at 0x0F000130
info: Win32Emu.Emulator[0]
      Dispatching USER32.DLL!TranslateMessage at EIP=0x0F000130 ESP=0x001FEF10 stack=79 32 40 00 28 EF 1F 00 FC EF 1F 00 00 00 00 00
info: Win32Emu.Emulator[0]
      [User32] TranslateMessage: HWND=0x00000000 MSG=0x0000 wParam=0x00000000 lParam=0x00000000
info: Win32Emu.Emulator[0]
      [Dispatcher] USER32.DLL!TranslateMessage returned 0x00000000, argBytes=4, convention=Stdcall
info: Win32Emu.Emulator[0]
      [Import USER32.DLL!TranslateMessage] Return address from stack: ESP=0x001FEF10, retEIP=0x00403279
info: Win32Emu.Emulator[0]
      [Import USER32.DLL!TranslateMessage] Stack state before cleanup:
        [ESP+00] = 0x001FEF10: 0x00403279 (return addr)
        [ESP+04] = 0x001FEF14: 0x001FEF28 (arg1)
        [ESP+08] = 0x001FEF18: 0x001FEFFC
        [ESP+12] = 0x001FEF1C: 0x00000000
        [ESP+16] = 0x001FEF20: 0x00470018
        [ESP+20] = 0x001FEF24: 0x00000000
      
info: Win32Emu.Emulator[0]
      [Import USER32.DLL!TranslateMessage] Stack cleanup: ESP=0x001FEF10, retEIP=0x00403279, argBytes=4, new ESP=0x001FEF18
dbug: Win32Emu.Emulator[0]
      [RegisterValidation] After Import USER32.DLL!TranslateMessage: EBX=0F000130 (saved=0F000130, preserved=True), ESI=0F000040 (saved=0F000040, preserved=True), EDI=0F000030 (saved=0F000030, preserved=True), EBP=0F000010 (saved=0F000010, preserved=True, valid=False, savedValid=False), ESP=001FEF18
dbug: Win32Emu.Emulator[0]
      [Import] Successfully invoked USER32.DLL!TranslateMessage
info: Win32Emu.Emulator[0]
      [Import] Direct call to USER32.DLL!DispatchMessageA at 0x0F000010
info: Win32Emu.Emulator[0]
      Dispatching USER32.DLL!DispatchMessageA at EIP=0x0F000010 ESP=0x001FEF10 stack=80 32 40 00 28 EF 1F 00 FC EF 1F 00 00 00 00 00
info: Win32Emu.Emulator[0]
      [User32] DispatchMessageA: HWND=0x00000000 MSG=0x0000 wParam=0x00000000 lParam=0x00000000
info: Win32Emu.Emulator[0]
      [User32] DispatchMessageA: No WndProc found for HWND=0x00000000
info: Win32Emu.Emulator[0]
      [Dispatcher] USER32.DLL!DispatchMessageA returned 0x00000000, argBytes=4, convention=Stdcall
info: Win32Emu.Emulator[0]
      [Import USER32.DLL!DispatchMessageA] Return address from stack: ESP=0x001FEF10, retEIP=0x00403280
info: Win32Emu.Emulator[0]
      [Import USER32.DLL!DispatchMessageA] Stack state before cleanup:
        [ESP+00] = 0x001FEF10: 0x00403280 (return addr)
        [ESP+04] = 0x001FEF14: 0x001FEF28 (arg1)
        [ESP+08] = 0x001FEF18: 0x001FEFFC
        [ESP+12] = 0x001FEF1C: 0x00000000
        [ESP+16] = 0x001FEF20: 0x00470018
        [ESP+20] = 0x001FEF24: 0x00000000
      
info: Win32Emu.Emulator[0]
      [Import USER32.DLL!DispatchMessageA] Stack cleanup: ESP=0x001FEF10, retEIP=0x00403280, argBytes=4, new ESP=0x001FEF18
dbug: Win32Emu.Emulator[0]
      [RegisterValidation] After Import USER32.DLL!DispatchMessageA: EBX=0F000130 (saved=0F000130, preserved=True), ESI=0F000040 (saved=0F000040, preserved=True), EDI=0F000030 (saved=0F000030, preserved=True), EBP=0F000010 (saved=0F000010, preserved=True, valid=False, savedValid=False), ESP=001FEF18
dbug: Win32Emu.Emulator[0]
      [Import] Successfully invoked USER32.DLL!DispatchMessageA
info: Win32Emu.Emulator[0]
      [Import] Direct call to USER32.DLL!GetMessageA at 0x0F000030
info: Win32Emu.Emulator[0]
      Dispatching USER32.DLL!GetMessageA at EIP=0x0F000030 ESP=0x001FEF04 stack=6E 32 40 00 28 EF 1F 00 00 00 00 00 00 00 00 00
info: Win32Emu.Emulator[0]
      [Dispatcher] USER32.DLL!GetMessageA returned 0x00000001, argBytes=16, convention=Stdcall
info: Win32Emu.Emulator[0]
      [Import USER32.DLL!GetMessageA] Return address from stack: ESP=0x001FEF04, retEIP=0x0040326E
info: Win32Emu.Emulator[0]
      [Import USER32.DLL!GetMessageA] Stack state before cleanup:
        [ESP+00] = 0x001FEF04: 0x0040326E (return addr)
        [ESP+04] = 0x001FEF08: 0x001FEF28 (arg1)
        [ESP+08] = 0x001FEF0C: 0x00000000 (arg2)
        [ESP+12] = 0x001FEF10: 0x00000000 (arg3)
        [ESP+16] = 0x001FEF14: 0x00000000 (arg4)
        [ESP+20] = 0x001FEF18: 0x001FEFFC
      
info: Win32Emu.Emulator[0]
      [Import USER32.DLL!GetMessageA] Stack cleanup: ESP=0x001FEF04, retEIP=0x0040326E, argBytes=16, new ESP=0x001FEF18
dbug: Win32Emu.Emulator[0]
      [RegisterValidation] After Import USER32.DLL!GetMessageA: EBX=0F000130 (saved=0F000130, preserved=True), ESI=0F000040 (saved=0F000040, preserved=True), EDI=0F000030 (saved=0F000030, preserved=True), EBP=0F000010 (saved=0F000010, preserved=True, valid=False, savedValid=False), ESP=001FEF18
dbug: Win32Emu.Emulator[0]
      [Import] Successfully invoked USER32.DLL!GetMessageA
info: Win32Emu.Emulator[0]
      [Import] Direct call to USER32.DLL!TranslateMessage at 0x0F000130
info: Win32Emu.Emulator[0]
      Dispatching USER32.DLL!TranslateMessage at EIP=0x0F000130 ESP=0x001FEF10 stack=79 32 40 00 28 EF 1F 00 FC EF 1F 00 00 00 00 00
info: Win32Emu.Emulator[0]
      [User32] TranslateMessage: HWND=0x00000000 MSG=0x0000 wParam=0x00000000 lParam=0x00000000
info: Win32Emu.Emulator[0]
      [Dispatcher] USER32.DLL!TranslateMessage returned 0x00000000, argBytes=4, convention=Stdcall
info: Win32Emu.Emulator[0]
      [Import USER32.DLL!TranslateMessage] Return address from stack: ESP=0x001FEF10, retEIP=0x00403279
info: Win32Emu.Emulator[0]
      [Import USER32.DLL!TranslateMessage] Stack state before cleanup:
        [ESP+00] = 0x001FEF10: 0x00403279 (return addr)
        [ESP+04] = 0x001FEF14: 0x001FEF28 (arg1)
        [ESP+08] = 0x001FEF18: 0x001FEFFC
        [ESP+12] = 0x001FEF1C: 0x00000000
        [ESP+16] = 0x001FEF20: 0x00470018
        [ESP+20] = 0x001FEF24: 0x00000000
      
info: Win32Emu.Emulator[0]
      [Import USER32.DLL!TranslateMessage] Stack cleanup: ESP=0x001FEF10, retEIP=0x00403279, argBytes=4, new ESP=0x001FEF18
dbug: Win32Emu.Emulator[0]
      [RegisterValidation] After Import USER32.DLL!TranslateMessage: EBX=0F000130 (saved=0F000130, preserved=True), ESI=0F000040 (saved=0F000040, preserved=True), EDI=0F000030 (saved=0F000030, preserved=True), EBP=0F000010 (saved=0F000010, preserved=True, valid=False, savedValid=False), ESP=001FEF18
dbug: Win32Emu.Emulator[0]
      [Import] Successfully invoked USER32.DLL!TranslateMessage
info: Win32Emu.Emulator[0]
      [Import] Direct call to USER32.DLL!DispatchMessageA at 0x0F000010
info: Win32Emu.Emulator[0]
      Dispatching USER32.DLL!DispatchMessageA at EIP=0x0F000010 ESP=0x001FEF10 stack=80 32 40 00 28 EF 1F 00 FC EF 1F 00 00 00 00 00
info: Win32Emu.Emulator[0]
      [User32] DispatchMessageA: HWND=0x00000000 MSG=0x0000 wParam=0x00000000 lParam=0x00000000
info: Win32Emu.Emulator[0]
      [User32] DispatchMessageA: No WndProc found for HWND=0x00000000
info: Win32Emu.Emulator[0]
      [Dispatcher] USER32.DLL!DispatchMessageA returned 0x00000000, argBytes=4, convention=Stdcall
info: Win32Emu.Emulator[0]
      [Import USER32.DLL!DispatchMessageA] Return address from stack: ESP=0x001FEF10, retEIP=0x00403280
info: Win32Emu.Emulator[0]
      [Import USER32.DLL!DispatchMessageA] Stack state before cleanup:
        [ESP+00] = 0x001FEF10: 0x00403280 (return addr)
        [ESP+04] = 0x001FEF14: 0x001FEF28 (arg1)
        [ESP+08] = 0x001FEF18: 0x001FEFFC
        [ESP+12] = 0x001FEF1C: 0x00000000
        [ESP+16] = 0x001FEF20: 0x00470018
        [ESP+20] = 0x001FEF24: 0x00000000
      
info: Win32Emu.Emulator[0]
      [Import USER32.DLL!DispatchMessageA] Stack cleanup: ESP=0x001FEF10, retEIP=0x00403280, argBytes=4, new ESP=0x001FEF18
dbug: Win32Emu.Emulator[0]
      [RegisterValidation] After Import USER32.DLL!DispatchMessageA: EBX=0F000130 (saved=0F000130, preserved=True), ESI=0F000040 (saved=0F000040, preserved=True), EDI=0F000030 (saved=0F000030, preserved=True), EBP=0F000010 (saved=0F000010, preserved=True, valid=False, savedValid=False), ESP=001FEF18
dbug: Win32Emu.Emulator[0]
      [Import] Successfully invoked USER32.DLL!DispatchMessageA
info: Win32Emu.Emulator[0]
      [Import] Direct call to USER32.DLL!GetMessageA at 0x0F000030
info: Win32Emu.Emulator[0]
      Dispatching USER32.DLL!GetMessageA at EIP=0x0F000030 ESP=0x001FEF04 stack=6E 32 40 00 28 EF 1F 00 00 00 00 00 00 00 00 00
info: Win32Emu.Emulator[0]
      [Dispatcher] USER32.DLL!GetMessageA returned 0x00000001, argBytes=16, convention=Stdcall
info: Win32Emu.Emulator[0]
      [Import USER32.DLL!GetMessageA] Return address from stack: ESP=0x001FEF04, retEIP=0x0040326E
info: Win32Emu.Emulator[0]
      [Import USER32.DLL!GetMessageA] Stack state before cleanup:
        [ESP+00] = 0x001FEF04: 0x0040326E (return addr)
        [ESP+04] = 0x001FEF08: 0x001FEF28 (arg1)
        [ESP+08] = 0x001FEF0C: 0x00000000 (arg2)
        [ESP+12] = 0x001FEF10: 0x00000000 (arg3)
        [ESP+16] = 0x001FEF14: 0x00000000 (arg4)
        [ESP+20] = 0x001FEF18: 0x001FEFFC
      
info: Win32Emu.Emulator[0]
      [Import USER32.DLL!GetMessageA] Stack cleanup: ESP=0x001FEF04, retEIP=0x0040326E, argBytes=16, new ESP=0x001FEF18
dbug: Win32Emu.Emulator[0]
      [RegisterValidation] After Import USER32.DLL!GetMessageA: EBX=0F000130 (saved=0F000130, preserved=True), ESI=0F000040 (saved=0F000040, preserved=True), EDI=0F000030 (saved=0F000030, preserved=True), EBP=0F000010 (saved=0F000010, preserved=True, valid=False, savedValid=False), ESP=001FEF18
dbug: Win32Emu.Emulator[0]
      [Import] Successfully invoked USER32.DLL!GetMessageA
info: Win32Emu.Emulator[0]
      [Import] Direct call to USER32.DLL!TranslateMessage at 0x0F000130
info: Win32Emu.Emulator[0]
      Dispatching USER32.DLL!TranslateMessage at EIP=0x0F000130 ESP=0x001FEF10 stack=79 32 40 00 28 EF 1F 00 FC EF 1F 00 00 00 00 00
info: Win32Emu.Emulator[0]
      [User32] TranslateMessage: HWND=0x00000000 MSG=0x0000 wParam=0x00000000 lParam=0x00000000
info: Win32Emu.Emulator[0]
      [Dispatcher] USER32.DLL!TranslateMessage returned 0x00000000, argBytes=4, convention=Stdcall
info: Win32Emu.Emulator[0]
      [Import USER32.DLL!TranslateMessage] Return address from stack: ESP=0x001FEF10, retEIP=0x00403279
info: Win32Emu.Emulator[0]
      [Import USER32.DLL!TranslateMessage] Stack state before cleanup:
        [ESP+00] = 0x001FEF10: 0x00403279 (return addr)
        [ESP+04] = 0x001FEF14: 0x001FEF28 (arg1)
        [ESP+08] = 0x001FEF18: 0x001FEFFC
        [ESP+12] = 0x001FEF1C: 0x00000000
        [ESP+16] = 0x001FEF20: 0x00470018
        [ESP+20] = 0x001FEF24: 0x00000000
      
info: Win32Emu.Emulator[0]
      [Import USER32.DLL!TranslateMessage] Stack cleanup: ESP=0x001FEF10, retEIP=0x00403279, argBytes=4, new ESP=0x001FEF18
dbug: Win32Emu.Emulator[0]
      [RegisterValidation] After Import USER32.DLL!TranslateMessage: EBX=0F000130 (saved=0F000130, preserved=True), ESI=0F000040 (saved=0F000040, preserved=True), EDI=0F000030 (saved=0F000030, preserved=True), EBP=0F000010 (saved=0F000010, preserved=True, valid=False, savedValid=False), ESP=001FEF18
dbug: Win32Emu.Emulator[0]
      [Import] Successfully invoked USER32.DLL!TranslateMessage
info: Win32Emu.Emulator[0]
      [Import] Direct call to USER32.DLL!DispatchMessageA at 0x0F000010
info: Win32Emu.Emulator[0]
      Dispatching USER32.DLL!DispatchMessageA at EIP=0x0F000010 ESP=0x001FEF10 stack=80 32 40 00 28 EF 1F 00 FC EF 1F 00 00 00 00 00
info: Win32Emu.Emulator[0]
      [User32] DispatchMessageA: HWND=0x00000000 MSG=0x0000 wParam=0x00000000 lParam=0x00000000
info: Win32Emu.Emulator[0]
      [User32] DispatchMessageA: No WndProc found for HWND=0x00000000
info: Win32Emu.Emulator[0]
      [Dispatcher] USER32.DLL!DispatchMessageA returned 0x00000000, argBytes=4, convention=Stdcall
info: Win32Emu.Emulator[0]
      [Import USER32.DLL!DispatchMessageA] Return address from stack: ESP=0x001FEF10, retEIP=0x00403280
info: Win32Emu.Emulator[0]
      [Import USER32.DLL!DispatchMessageA] Stack state before cleanup:
        [ESP+00] = 0x001FEF10: 0x00403280 (return addr)
        [ESP+04] = 0x001FEF14: 0x001FEF28 (arg1)
        [ESP+08] = 0x001FEF18: 0x001FEFFC
        [ESP+12] = 0x001FEF1C: 0x00000000
        [ESP+16] = 0x001FEF20: 0x00470018
        [ESP+20] = 0x001FEF24: 0x00000000
      
info: Win32Emu.Emulator[0]
      [Import USER32.DLL!DispatchMessageA] Stack cleanup: ESP=0x001FEF10, retEIP=0x00403280, argBytes=4, new ESP=0x001FEF18
dbug: Win32Emu.Emulator[0]
      [RegisterValidation] After Import USER32.DLL!DispatchMessageA: EBX=0F000130 (saved=0F000130, preserved=True), ESI=0F000040 (saved=0F000040, preserved=True), EDI=0F000030 (saved=0F000030, preserved=True), EBP=0F000010 (saved=0F000010, preserved=True, valid=False, savedValid=False), ESP=001FEF18
dbug: Win32Emu.Emulator[0]
      [Import] Successfully invoked USER32.DLL!DispatchMessageA
info: Win32Emu.Emulator[0]
      [Import] Direct call to USER32.DLL!GetMessageA at 0x0F000030
info: Win32Emu.Emulator[0]
      Dispatching USER32.DLL!GetMessageA at EIP=0x0F000030 ESP=0x001FEF04 stack=6E 32 40 00 28 EF 1F 00 00 00 00 00 00 00 00 00
info: Win32Emu.Emulator[0]
      [Dispatcher] USER32.DLL!GetMessageA returned 0x00000001, argBytes=16, convention=Stdcall
info: Win32Emu.Emulator[0]
      [Import USER32.DLL!GetMessageA] Return address from stack: ESP=0x001FEF04, retEIP=0x0040326E
info: Win32Emu.Emulator[0]
      [Import USER32.DLL!GetMessageA] Stack state before cleanup:
        [ESP+00] = 0x001FEF04: 0x0040326E (return addr)
        [ESP+04] = 0x001FEF08: 0x001FEF28 (arg1)
        [ESP+08] = 0x001FEF0C: 0x00000000 (arg2)
        [ESP+12] = 0x001FEF10: 0x00000000 (arg3)
        [ESP+16] = 0x001FEF14: 0x00000000 (arg4)
        [ESP+20] = 0x001FEF18: 0x001FEFFC
      
info: Win32Emu.Emulator[0]
      [Import USER32.DLL!GetMessageA] Stack cleanup: ESP=0x001FEF04, retEIP=0x0040326E, argBytes=16, new ESP=0x001FEF18
dbug: Win32Emu.Emulator[0]
      [RegisterValidation] After Import USER32.DLL!GetMessageA: EBX=0F000130 (saved=0F000130, preserved=True), ESI=0F000040 (saved=0F000040, preserved=True), EDI=0F000030 (saved=0F000030, preserved=True), EBP=0F000010 (saved=0F000010, preserved=True, valid=False, savedValid=False), ESP=001FEF18
dbug: Win32Emu.Emulator[0]
      [Import] Successfully invoked USER32.DLL!GetMessageA
info: Win32Emu.Emulator[0]
      [Import] Direct call to USER32.DLL!TranslateMessage at 0x0F000130
info: Win32Emu.Emulator[0]
      Dispatching USER32.DLL!TranslateMessage at EIP=0x0F000130 ESP=0x001FEF10 stack=79 32 40 00 28 EF 1F 00 FC EF 1F 00 00 00 00 00
info: Win32Emu.Emulator[0]
      [User32] TranslateMessage: HWND=0x00000000 MSG=0x0000 wParam=0x00000000 lParam=0x00000000
info: Win32Emu.Emulator[0]
      [Dispatcher] USER32.DLL!TranslateMessage returned 0x00000000, argBytes=4, convention=Stdcall
info: Win32Emu.Emulator[0]
      [Import USER32.DLL!TranslateMessage] Return address from stack: ESP=0x001FEF10, retEIP=0x00403279
info: Win32Emu.Emulator[0]
      [Import USER32.DLL!TranslateMessage] Stack state before cleanup:
        [ESP+00] = 0x001FEF10: 0x00403279 (return addr)
        [ESP+04] = 0x001FEF14: 0x001FEF28 (arg1)
        [ESP+08] = 0x001FEF18: 0x001FEFFC
        [ESP+12] = 0x001FEF1C: 0x00000000
        [ESP+16] = 0x001FEF20: 0x00470018
        [ESP+20] = 0x001FEF24: 0x00000000
      
info: Win32Emu.Emulator[0]
      [Import USER32.DLL!TranslateMessage] Stack cleanup: ESP=0x001FEF10, retEIP=0x00403279, argBytes=4, new ESP=0x001FEF18
dbug: Win32Emu.Emulator[0]
      [RegisterValidation] After Import USER32.DLL!TranslateMessage: EBX=0F000130 (saved=0F000130, preserved=True), ESI=0F000040 (saved=0F000040, preserved=True), EDI=0F000030 (saved=0F000030, preserved=True), EBP=0F000010 (saved=0F000010, preserved=True, valid=False, savedValid=False), ESP=001FEF18
dbug: Win32Emu.Emulator[0]
      [Import] Successfully invoked USER32.DLL!TranslateMessage
info: Win32Emu.Emulator[0]
      [Import] Direct call to USER32.DLL!DispatchMessageA at 0x0F000010
info: Win32Emu.Emulator[0]
      Dispatching USER32.DLL!DispatchMessageA at EIP=0x0F000010 ESP=0x001FEF10 stack=80 32 40 00 28 EF 1F 00 FC EF 1F 00 00 00 00 00
info: Win32Emu.Emulator[0]
      [User32] DispatchMessageA: HWND=0x00000000 MSG=0x0000 wParam=0x00000000 lParam=0x00000000
info: Win32Emu.Emulator[0]
      [User32] DispatchMessageA: No WndProc found for HWND=0x00000000
info: Win32Emu.Emulator[0]
      [Dispatcher] USER32.DLL!DispatchMessageA returned 0x00000000, argBytes=4, convention=Stdcall
info: Win32Emu.Emulator[0]
      [Import USER32.DLL!DispatchMessageA] Return address from stack: ESP=0x001FEF10, retEIP=0x00403280
info: Win32Emu.Emulator[0]
      [Import USER32.DLL!DispatchMessageA] Stack state before cleanup:
        [ESP+00] = 0x001FEF10: 0x00403280 (return addr)
        [ESP+04] = 0x001FEF14: 0x001FEF28 (arg1)
        [ESP+08] = 0x001FEF18: 0x001FEFFC
        [ESP+12] = 0x001FEF1C: 0x00000000
        [ESP+16] = 0x001FEF20: 0x00470018
        [ESP+20] = 0x001FEF24: 0x00000000
      
info: Win32Emu.Emulator[0]
      [Import USER32.DLL!DispatchMessageA] Stack cleanup: ESP=0x001FEF10, retEIP=0x00403280, argBytes=4, new ESP=0x001FEF18
dbug: Win32Emu.Emulator[0]
      [RegisterValidation] After Import USER32.DLL!DispatchMessageA: EBX=0F000130 (saved=0F000130, preserved=True), ESI=0F000040 (saved=0F000040, preserved=True), EDI=0F000030 (saved=0F000030, preserved=True), EBP=0F000010 (saved=0F000010, preserved=True, valid=False, savedValid=False), ESP=001FEF18
dbug: Win32Emu.Emulator[0]
      [Import] Successfully invoked USER32.DLL!DispatchMessageA
info: Win32Emu.Emulator[0]
      [Import] Direct call to USER32.DLL!GetMessageA at 0x0F000030
info: Win32Emu.Emulator[0]
      Dispatching USER32.DLL!GetMessageA at EIP=0x0F000030 ESP=0x001FEF04 stack=6E 32 40 00 28 EF 1F 00 00 00 00 00 00 00 00 00
info: Win32Emu.Emulator[0]
      [Dispatcher] USER32.DLL!GetMessageA returned 0x00000001, argBytes=16, convention=Stdcall
info: Win32Emu.Emulator[0]
      [Import USER32.DLL!GetMessageA] Return address from stack: ESP=0x001FEF04, retEIP=0x0040326E
info: Win32Emu.Emulator[0]
      [Import USER32.DLL!GetMessageA] Stack state before cleanup:
        [ESP+00] = 0x001FEF04: 0x0040326E (return addr)
        [ESP+04] = 0x001FEF08: 0x001FEF28 (arg1)
        [ESP+08] = 0x001FEF0C: 0x00000000 (arg2)
        [ESP+12] = 0x001FEF10: 0x00000000 (arg3)
        [ESP+16] = 0x001FEF14: 0x00000000 (arg4)
        [ESP+20] = 0x001FEF18: 0x001FEFFC
      
info: Win32Emu.Emulator[0]
      [Import USER32.DLL!GetMessageA] Stack cleanup: ESP=0x001FEF04, retEIP=0x0040326E, argBytes=16, new ESP=0x001FEF18
dbug: Win32Emu.Emulator[0]
      [RegisterValidation] After Import USER32.DLL!GetMessageA: EBX=0F000130 (saved=0F000130, preserved=True), ESI=0F000040 (saved=0F000040, preserved=True), EDI=0F000030 (saved=0F000030, preserved=True), EBP=0F000010 (saved=0F000010, preserved=True, valid=False, savedValid=False), ESP=001FEF18
dbug: Win32Emu.Emulator[0]
      [Import] Successfully invoked USER32.DLL!GetMessageA
info: Win32Emu.Emulator[0]
      [Import] Direct call to USER32.DLL!TranslateMessage at 0x0F000130
info: Win32Emu.Emulator[0]
      Dispatching USER32.DLL!TranslateMessage at EIP=0x0F000130 ESP=0x001FEF10 stack=79 32 40 00 28 EF 1F 00 FC EF 1F 00 00 00 00 00
info: Win32Emu.Emulator[0]
      [User32] TranslateMessage: HWND=0x00000000 MSG=0x0000 wParam=0x00000000 lParam=0x00000000
info: Win32Emu.Emulator[0]
      [Dispatcher] USER32.DLL!TranslateMessage returned 0x00000000, argBytes=4, convention=Stdcall
info: Win32Emu.Emulator[0]
      [Import USER32.DLL!TranslateMessage] Return address from stack: ESP=0x001FEF10, retEIP=0x00403279
info: Win32Emu.Emulator[0]
      [Import USER32.DLL!TranslateMessage] Stack state before cleanup:
        [ESP+00] = 0x001FEF10: 0x00403279 (return addr)
        [ESP+04] = 0x001FEF14: 0x001FEF28 (arg1)
        [ESP+08] = 0x001FEF18: 0x001FEFFC
        [ESP+12] = 0x001FEF1C: 0x00000000
        [ESP+16] = 0x001FEF20: 0x00470018
        [ESP+20] = 0x001FEF24: 0x00000000
      
info: Win32Emu.Emulator[0]
      [Import USER32.DLL!TranslateMessage] Stack cleanup: ESP=0x001FEF10, retEIP=0x00403279, argBytes=4, new ESP=0x001FEF18
dbug: Win32Emu.Emulator[0]
      [RegisterValidation] After Import USER32.DLL!TranslateMessage: EBX=0F000130 (saved=0F000130, preserved=True), ESI=0F000040 (saved=0F000040, preserved=True), EDI=0F000030 (saved=0F000030, preserved=True), EBP=0F000010 (saved=0F000010, preserved=True, valid=False, savedValid=False), ESP=001FEF18
dbug: Win32Emu.Emulator[0]
      [Import] Successfully invoked USER32.DLL!TranslateMessage
info: Win32Emu.Emulator[0]
      [Import] Direct call to USER32.DLL!DispatchMessageA at 0x0F000010
info: Win32Emu.Emulator[0]
      Dispatching USER32.DLL!DispatchMessageA at EIP=0x0F000010 ESP=0x001FEF10 stack=80 32 40 00 28 EF 1F 00 FC EF 1F 00 00 00 00 00
info: Win32Emu.Emulator[0]
      [User32] DispatchMessageA: HWND=0x00000000 MSG=0x0000 wParam=0x00000000 lParam=0x00000000
info: Win32Emu.Emulator[0]
      [User32] DispatchMessageA: No WndProc found for HWND=0x00000000
info: Win32Emu.Emulator[0]
      [Dispatcher] USER32.DLL!DispatchMessageA returned 0x00000000, argBytes=4, convention=Stdcall
info: Win32Emu.Emulator[0]
      [Import USER32.DLL!DispatchMessageA] Return address from stack: ESP=0x001FEF10, retEIP=0x00403280
info: Win32Emu.Emulator[0]
      [Import USER32.DLL!DispatchMessageA] Stack state before cleanup:
        [ESP+00] = 0x001FEF10: 0x00403280 (return addr)
        [ESP+04] = 0x001FEF14: 0x001FEF28 (arg1)
        [ESP+08] = 0x001FEF18: 0x001FEFFC
        [ESP+12] = 0x001FEF1C: 0x00000000
        [ESP+16] = 0x001FEF20: 0x00470018
        [ESP+20] = 0x001FEF24: 0x00000000
      
info: Win32Emu.Emulator[0]
      [Import USER32.DLL!DispatchMessageA] Stack cleanup: ESP=0x001FEF10, retEIP=0x00403280, argBytes=4, new ESP=0x001FEF18
dbug: Win32Emu.Emulator[0]
      [RegisterValidation] After Import USER32.DLL!DispatchMessageA: EBX=0F000130 (saved=0F000130, preserved=True), ESI=0F000040 (saved=0F000040, preserved=True), EDI=0F000030 (saved=0F000030, preserved=True), EBP=0F000010 (saved=0F000010, preserved=True, valid=False, savedValid=False), ESP=001FEF18
dbug: Win32Emu.Emulator[0]
      [Import] Successfully invoked USER32.DLL!DispatchMessageA
info: Win32Emu.Emulator[0]
      [Import] Direct call to USER32.DLL!GetMessageA at 0x0F000030
info: Win32Emu.Emulator[0]
      Dispatching USER32.DLL!GetMessageA at EIP=0x0F000030 ESP=0x001FEF04 stack=6E 32 40 00 28 EF 1F 00 00 00 00 00 00 00 00 00
info: Win32Emu.Emulator[0]
      [Dispatcher] USER32.DLL!GetMessageA returned 0x00000001, argBytes=16, convention=Stdcall
info: Win32Emu.Emulator[0]
      [Import USER32.DLL!GetMessageA] Return address from stack: ESP=0x001FEF04, retEIP=0x0040326E
info: Win32Emu.Emulator[0]
      [Import USER32.DLL!GetMessageA] Stack state before cleanup:
        [ESP+00] = 0x001FEF04: 0x0040326E (return addr)
        [ESP+04] = 0x001FEF08: 0x001FEF28 (arg1)
        [ESP+08] = 0x001FEF0C: 0x00000000 (arg2)
        [ESP+12] = 0x001FEF10: 0x00000000 (arg3)
        [ESP+16] = 0x001FEF14: 0x00000000 (arg4)
        [ESP+20] = 0x001FEF18: 0x001FEFFC
      
info: Win32Emu.Emulator[0]
      [Import USER32.DLL!GetMessageA] Stack cleanup: ESP=0x001FEF04, retEIP=0x0040326E, argBytes=16, new ESP=0x001FEF18
dbug: Win32Emu.Emulator[0]
      [RegisterValidation] After Import USER32.DLL!GetMessageA: EBX=0F000130 (saved=0F000130, preserved=True), ESI=0F000040 (saved=0F000040, preserved=True), EDI=0F000030 (saved=0F000030, preserved=True), EBP=0F000010 (saved=0F000010, preserved=True, valid=False, savedValid=False), ESP=001FEF18
dbug: Win32Emu.Emulator[0]
      [Import] Successfully invoked USER32.DLL!GetMessageA
info: Win32Emu.Emulator[0]
      [Import] Direct call to USER32.DLL!TranslateMessage at 0x0F000130
info: Win32Emu.Emulator[0]
      Dispatching USER32.DLL!TranslateMessage at EIP=0x0F000130 ESP=0x001FEF10 stack=79 32 40 00 28 EF 1F 00 FC EF 1F 00 00 00 00 00
info: Win32Emu.Emulator[0]
      [User32] TranslateMessage: HWND=0x00000000 MSG=0x0000 wParam=0x00000000 lParam=0x00000000
info: Win32Emu.Emulator[0]
      [Dispatcher] USER32.DLL!TranslateMessage returned 0x00000000, argBytes=4, convention=Stdcall
info: Win32Emu.Emulator[0]
      [Import USER32.DLL!TranslateMessage] Return address from stack: ESP=0x001FEF10, retEIP=0x00403279
info: Win32Emu.Emulator[0]
      [Import USER32.DLL!TranslateMessage] Stack state before cleanup:
        [ESP+00] = 0x001FEF10: 0x00403279 (return addr)
        [ESP+04] = 0x001FEF14: 0x001FEF28 (arg1)
        [ESP+08] = 0x001FEF18: 0x001FEFFC
        [ESP+12] = 0x001FEF1C: 0x00000000
        [ESP+16] = 0x001FEF20: 0x00470018
        [ESP+20] = 0x001FEF24: 0x00000000
      
info: Win32Emu.Emulator[0]
      [Import USER32.DLL!TranslateMessage] Stack cleanup: ESP=0x001FEF10, retEIP=0x00403279, argBytes=4, new ESP=0x001FEF18
dbug: Win32Emu.Emulator[0]
      [RegisterValidation] After Import USER32.DLL!TranslateMessage: EBX=0F000130 (saved=0F000130, preserved=True), ESI=0F000040 (saved=0F000040, preserved=True), EDI=0F000030 (saved=0F000030, preserved=True), EBP=0F000010 (saved=0F000010, preserved=True, valid=False, savedValid=False), ESP=001FEF18
dbug: Win32Emu.Emulator[0]
      [Import] Successfully invoked USER32.DLL!TranslateMessage
info: Win32Emu.Emulator[0]
      [Import] Direct call to USER32.DLL!DispatchMessageA at 0x0F000010
info: Win32Emu.Emulator[0]
      Dispatching USER32.DLL!DispatchMessageA at EIP=0x0F000010 ESP=0x001FEF10 stack=80 32 40 00 28 EF 1F 00 FC EF 1F 00 00 00 00 00
info: Win32Emu.Emulator[0]
      [User32] DispatchMessageA: HWND=0x00000000 MSG=0x0000 wParam=0x00000000 lParam=0x00000000
info: Win32Emu.Emulator[0]
      [User32] DispatchMessageA: No WndProc found for HWND=0x00000000
info: Win32Emu.Emulator[0]
      [Dispatcher] USER32.DLL!DispatchMessageA returned 0x00000000, argBytes=4, convention=Stdcall
info: Win32Emu.Emulator[0]
      [Import USER32.DLL!DispatchMessageA] Return address from stack: ESP=0x001FEF10, retEIP=0x00403280
info: Win32Emu.Emulator[0]
      [Import USER32.DLL!DispatchMessageA] Stack state before cleanup:
        [ESP+00] = 0x001FEF10: 0x00403280 (return addr)
        [ESP+04] = 0x001FEF14: 0x001FEF28 (arg1)
        [ESP+08] = 0x001FEF18: 0x001FEFFC
        [ESP+12] = 0x001FEF1C: 0x00000000
        [ESP+16] = 0x001FEF20: 0x00470018
        [ESP+20] = 0x001FEF24: 0x00000000
      
info: Win32Emu.Emulator[0]
      [Import USER32.DLL!DispatchMessageA] Stack cleanup: ESP=0x001FEF10, retEIP=0x00403280, argBytes=4, new ESP=0x001FEF18
dbug: Win32Emu.Emulator[0]
      [RegisterValidation] After Import USER32.DLL!DispatchMessageA: EBX=0F000130 (saved=0F000130, preserved=True), ESI=0F000040 (saved=0F000040, preserved=True), EDI=0F000030 (saved=0F000030, preserved=True), EBP=0F000010 (saved=0F000010, preserved=True, valid=False, savedValid=False), ESP=001FEF18
dbug: Win32Emu.Emulator[0]
      [Import] Successfully invoked USER32.DLL!DispatchMessageA
info: Win32Emu.Emulator[0]
      [Import] Direct call to USER32.DLL!GetMessageA at 0x0F000030
info: Win32Emu.Emulator[0]
      Dispatching USER32.DLL!GetMessageA at EIP=0x0F000030 ESP=0x001FEF04 stack=6E 32 40 00 28 EF 1F 00 00 00 00 00 00 00 00 00
info: Win32Emu.Emulator[0]
      [Dispatcher] USER32.DLL!GetMessageA returned 0x00000001, argBytes=16, convention=Stdcall
info: Win32Emu.Emulator[0]
      [Import USER32.DLL!GetMessageA] Return address from stack: ESP=0x001FEF04, retEIP=0x0040326E
info: Win32Emu.Emulator[0]
      [Import USER32.DLL!GetMessageA] Stack state before cleanup:
        [ESP+00] = 0x001FEF04: 0x0040326E (return addr)
        [ESP+04] = 0x001FEF08: 0x001FEF28 (arg1)
        [ESP+08] = 0x001FEF0C: 0x00000000 (arg2)
        [ESP+12] = 0x001FEF10: 0x00000000 (arg3)
        [ESP+16] = 0x001FEF14: 0x00000000 (arg4)
        [ESP+20] = 0x001FEF18: 0x001FEFFC
      
info: Win32Emu.Emulator[0]
      [Import USER32.DLL!GetMessageA] Stack cleanup: ESP=0x001FEF04, retEIP=0x0040326E, argBytes=16, new ESP=0x001FEF18
dbug: Win32Emu.Emulator[0]
      [RegisterValidation] After Import USER32.DLL!GetMessageA: EBX=0F000130 (saved=0F000130, preserved=True), ESI=0F000040 (saved=0F000040, preserved=True), EDI=0F000030 (saved=0F000030, preserved=True), EBP=0F000010 (saved=0F000010, preserved=True, valid=False, savedValid=False), ESP=001FEF18
dbug: Win32Emu.Emulator[0]
      [Import] Successfully invoked USER32.DLL!GetMessageA
info: Win32Emu.Emulator[0]
      [Import] Direct call to USER32.DLL!TranslateMessage at 0x0F000130
info: Win32Emu.Emulator[0]
      Dispatching USER32.DLL!TranslateMessage at EIP=0x0F000130 ESP=0x001FEF10 stack=79 32 40 00 28 EF 1F 00 FC EF 1F 00 00 00 00 00
info: Win32Emu.Emulator[0]
      [User32] TranslateMessage: HWND=0x00000000 MSG=0x0000 wParam=0x00000000 lParam=0x00000000
info: Win32Emu.Emulator[0]
      [Dispatcher] USER32.DLL!TranslateMessage returned 0x00000000, argBytes=4, convention=Stdcall
info: Win32Emu.Emulator[0]
      [Import USER32.DLL!TranslateMessage] Return address from stack: ESP=0x001FEF10, retEIP=0x00403279
info: Win32Emu.Emulator[0]
      [Import USER32.DLL!TranslateMessage] Stack state before cleanup:
        [ESP+00] = 0x001FEF10: 0x00403279 (return addr)
        [ESP+04] = 0x001FEF14: 0x001FEF28 (arg1)
        [ESP+08] = 0x001FEF18: 0x001FEFFC
        [ESP+12] = 0x001FEF1C: 0x00000000
        [ESP+16] = 0x001FEF20: 0x00470018
        [ESP+20] = 0x001FEF24: 0x00000000
      
info: Win32Emu.Emulator[0]
      [Import USER32.DLL!TranslateMessage] Stack cleanup: ESP=0x001FEF10, retEIP=0x00403279, argBytes=4, new ESP=0x001FEF18
dbug: Win32Emu.Emulator[0]
      [RegisterValidation] After Import USER32.DLL!TranslateMessage: EBX=0F000130 (saved=0F000130, preserved=True), ESI=0F000040 (saved=0F000040, preserved=True), EDI=0F000030 (saved=0F000030, preserved=True), EBP=0F000010 (saved=0F000010, preserved=True, valid=False, savedValid=False), ESP=001FEF18
dbug: Win32Emu.Emulator[0]
      [Import] Successfully invoked USER32.DLL!TranslateMessage
info: Win32Emu.Emulator[0]
      [Import] Direct call to USER32.DLL!DispatchMessageA at 0x0F000010
info: Win32Emu.Emulator[0]
      Dispatching USER32.DLL!DispatchMessageA at EIP=0x0F000010 ESP=0x001FEF10 stack=80 32 40 00 28 EF 1F 00 FC EF 1F 00 00 00 00 00
info: Win32Emu.Emulator[0]
      [User32] DispatchMessageA: HWND=0x00000000 MSG=0x0000 wParam=0x00000000 lParam=0x00000000
info: Win32Emu.Emulator[0]
      [User32] DispatchMessageA: No WndProc found for HWND=0x00000000
info: Win32Emu.Emulator[0]
      [Dispatcher] USER32.DLL!DispatchMessageA returned 0x00000000, argBytes=4, convention=Stdcall
info: Win32Emu.Emulator[0]
      [Import USER32.DLL!DispatchMessageA] Return address from stack: ESP=0x001FEF10, retEIP=0x00403280
info: Win32Emu.Emulator[0]
      [Import USER32.DLL!DispatchMessageA] Stack state before cleanup:
        [ESP+00] = 0x001FEF10: 0x00403280 (return addr)
        [ESP+04] = 0x001FEF14: 0x001FEF28 (arg1)
        [ESP+08] = 0x001FEF18: 0x001FEFFC
        [ESP+12] = 0x001FEF1C: 0x00000000
        [ESP+16] = 0x001FEF20: 0x00470018
        [ESP+20] = 0x001FEF24: 0x00000000
      
info: Win32Emu.Emulator[0]
      [Import USER32.DLL!DispatchMessageA] Stack cleanup: ESP=0x001FEF10, retEIP=0x00403280, argBytes=4, new ESP=0x001FEF18
dbug: Win32Emu.Emulator[0]
      [RegisterValidation] After Import USER32.DLL!DispatchMessageA: EBX=0F000130 (saved=0F000130, preserved=True), ESI=0F000040 (saved=0F000040, preserved=True), EDI=0F000030 (saved=0F000030, preserved=True), EBP=0F000010 (saved=0F000010, preserved=True, valid=False, savedValid=False), ESP=001FEF18
dbug: Win32Emu.Emulator[0]
      [Import] Successfully invoked USER32.DLL!DispatchMessageA
info: Win32Emu.Emulator[0]
      [Import] Direct call to USER32.DLL!GetMessageA at 0x0F000030
info: Win32Emu.Emulator[0]
      Dispatching USER32.DLL!GetMessageA at EIP=0x0F000030 ESP=0x001FEF04 stack=6E 32 40 00 28 EF 1F 00 00 00 00 00 00 00 00 00
info: Win32Emu.Emulator[0]
      [Dispatcher] USER32.DLL!GetMessageA returned 0x00000001, argBytes=16, convention=Stdcall
info: Win32Emu.Emulator[0]
      [Import USER32.DLL!GetMessageA] Return address from stack: ESP=0x001FEF04, retEIP=0x0040326E
info: Win32Emu.Emulator[0]
      [Import USER32.DLL!GetMessageA] Stack state before cleanup:
        [ESP+00] = 0x001FEF04: 0x0040326E (return addr)
        [ESP+04] = 0x001FEF08: 0x001FEF28 (arg1)
        [ESP+08] = 0x001FEF0C: 0x00000000 (arg2)
        [ESP+12] = 0x001FEF10: 0x00000000 (arg3)
        [ESP+16] = 0x001FEF14: 0x00000000 (arg4)
        [ESP+20] = 0x001FEF18: 0x001FEFFC
      
info: Win32Emu.Emulator[0]
      [Import USER32.DLL!GetMessageA] Stack cleanup: ESP=0x001FEF04, retEIP=0x0040326E, argBytes=16, new ESP=0x001FEF18
dbug: Win32Emu.Emulator[0]
      [RegisterValidation] After Import USER32.DLL!GetMessageA: EBX=0F000130 (saved=0F000130, preserved=True), ESI=0F000040 (saved=0F000040, preserved=True), EDI=0F000030 (saved=0F000030, preserved=True), EBP=0F000010 (saved=0F000010, preserved=True, valid=False, savedValid=False), ESP=001FEF18
dbug: Win32Emu.Emulator[0]
      [Import] Successfully invoked USER32.DLL!GetMessageA
info: Win32Emu.Emulator[0]
      [Import] Direct call to USER32.DLL!TranslateMessage at 0x0F000130
info: Win32Emu.Emulator[0]
      Dispatching USER32.DLL!TranslateMessage at EIP=0x0F000130 ESP=0x001FEF10 stack=79 32 40 00 28 EF 1F 00 FC EF 1F 00 00 00 00 00
info: Win32Emu.Emulator[0]
      [User32] TranslateMessage: HWND=0x00000000 MSG=0x0000 wParam=0x00000000 lParam=0x00000000
info: Win32Emu.Emulator[0]
      [Dispatcher] USER32.DLL!TranslateMessage returned 0x00000000, argBytes=4, convention=Stdcall
info: Win32Emu.Emulator[0]
      [Import USER32.DLL!TranslateMessage] Return address from stack: ESP=0x001FEF10, retEIP=0x00403279
info: Win32Emu.Emulator[0]
      [Import USER32.DLL!TranslateMessage] Stack state before cleanup:
        [ESP+00] = 0x001FEF10: 0x00403279 (return addr)
        [ESP+04] = 0x001FEF14: 0x001FEF28 (arg1)
        [ESP+08] = 0x001FEF18: 0x001FEFFC
        [ESP+12] = 0x001FEF1C: 0x00000000
        [ESP+16] = 0x001FEF20: 0x00470018
        [ESP+20] = 0x001FEF24: 0x00000000
      
info: Win32Emu.Emulator[0]
      [Import USER32.DLL!TranslateMessage] Stack cleanup: ESP=0x001FEF10, retEIP=0x00403279, argBytes=4, new ESP=0x001FEF18
dbug: Win32Emu.Emulator[0]
      [RegisterValidation] After Import USER32.DLL!TranslateMessage: EBX=0F000130 (saved=0F000130, preserved=True), ESI=0F000040 (saved=0F000040, preserved=True), EDI=0F000030 (saved=0F000030, preserved=True), EBP=0F000010 (saved=0F000010, preserved=True, valid=False, savedValid=False), ESP=001FEF18
dbug: Win32Emu.Emulator[0]
      [Import] Successfully invoked USER32.DLL!TranslateMessage
info: Win32Emu.Emulator[0]
      [Import] Direct call to USER32.DLL!DispatchMessageA at 0x0F000010
info: Win32Emu.Emulator[0]
      Dispatching USER32.DLL!DispatchMessageA at EIP=0x0F000010 ESP=0x001FEF10 stack=80 32 40 00 28 EF 1F 00 FC EF 1F 00 00 00 00 00
info: Win32Emu.Emulator[0]
      [User32] DispatchMessageA: HWND=0x00000000 MSG=0x0000 wParam=0x00000000 lParam=0x00000000
info: Win32Emu.Emulator[0]
      [User32] DispatchMessageA: No WndProc found for HWND=0x00000000
info: Win32Emu.Emulator[0]
      [Dispatcher] USER32.DLL!DispatchMessageA returned 0x00000000, argBytes=4, convention=Stdcall
info: Win32Emu.Emulator[0]
      [Import USER32.DLL!DispatchMessageA] Return address from stack: ESP=0x001FEF10, retEIP=0x00403280
info: Win32Emu.Emulator[0]
      [Import USER32.DLL!DispatchMessageA] Stack state before cleanup:
        [ESP+00] = 0x001FEF10: 0x00403280 (return addr)
        [ESP+04] = 0x001FEF14: 0x001FEF28 (arg1)
        [ESP+08] = 0x001FEF18: 0x001FEFFC
        [ESP+12] = 0x001FEF1C: 0x00000000
        [ESP+16] = 0x001FEF20: 0x00470018
        [ESP+20] = 0x001FEF24: 0x00000000
      
info: Win32Emu.Emulator[0]
      [Import USER32.DLL!DispatchMessageA] Stack cleanup: ESP=0x001FEF10, retEIP=0x00403280, argBytes=4, new ESP=0x001FEF18
dbug: Win32Emu.Emulator[0]
      [RegisterValidation] After Import USER32.DLL!DispatchMessageA: EBX=0F000130 (saved=0F000130, preserved=True), ESI=0F000040 (saved=0F000040, preserved=True), EDI=0F000030 (saved=0F000030, preserved=True), EBP=0F000010 (saved=0F000010, preserved=True, valid=False, savedValid=False), ESP=001FEF18
dbug: Win32Emu.Emulator[0]
      [Import] Successfully invoked USER32.DLL!DispatchMessageA
info: Win32Emu.Emulator[0]
      [Import] Direct call to USER32.DLL!GetMessageA at 0x0F000030
info: Win32Emu.Emulator[0]
      Dispatching USER32.DLL!GetMessageA at EIP=0x0F000030 ESP=0x001FEF04 stack=6E 32 40 00 28 EF 1F 00 00 00 00 00 00 00 00 00
info: Win32Emu.Emulator[0]
      [Dispatcher] USER32.DLL!GetMessageA returned 0x00000001, argBytes=16, convention=Stdcall
info: Win32Emu.Emulator[0]
      [Import USER32.DLL!GetMessageA] Return address from stack: ESP=0x001FEF04, retEIP=0x0040326E
info: Win32Emu.Emulator[0]
      [Import USER32.DLL!GetMessageA] Stack state before cleanup:
        [ESP+00] = 0x001FEF04: 0x0040326E (return addr)
        [ESP+04] = 0x001FEF08: 0x001FEF28 (arg1)
        [ESP+08] = 0x001FEF0C: 0x00000000 (arg2)
        [ESP+12] = 0x001FEF10: 0x00000000 (arg3)
        [ESP+16] = 0x001FEF14: 0x00000000 (arg4)
        [ESP+20] = 0x001FEF18: 0x001FEFFC
      
info: Win32Emu.Emulator[0]
      [Import USER32.DLL!GetMessageA] Stack cleanup: ESP=0x001FEF04, retEIP=0x0040326E, argBytes=16, new ESP=0x001FEF18
dbug: Win32Emu.Emulator[0]
      [RegisterValidation] After Import USER32.DLL!GetMessageA: EBX=0F000130 (saved=0F000130, preserved=True), ESI=0F000040 (saved=0F000040, preserved=True), EDI=0F000030 (saved=0F000030, preserved=True), EBP=0F000010 (saved=0F000010, preserved=True, valid=False, savedValid=False), ESP=001FEF18
dbug: Win32Emu.Emulator[0]
      [Import] Successfully invoked USER32.DLL!GetMessageA
info: Win32Emu.Emulator[0]
      [Import] Direct call to USER32.DLL!TranslateMessage at 0x0F000130
info: Win32Emu.Emulator[0]
      Dispatching USER32.DLL!TranslateMessage at EIP=0x0F000130 ESP=0x001FEF10 stack=79 32 40 00 28 EF 1F 00 FC EF 1F 00 00 00 00 00
info: Win32Emu.Emulator[0]
      [User32] TranslateMessage: HWND=0x00000000 MSG=0x0000 wParam=0x00000000 lParam=0x00000000
info: Win32Emu.Emulator[0]
      [Dispatcher] USER32.DLL!TranslateMessage returned 0x00000000, argBytes=4, convention=Stdcall
info: Win32Emu.Emulator[0]
      [Import USER32.DLL!TranslateMessage] Return address from stack: ESP=0x001FEF10, retEIP=0x00403279
info: Win32Emu.Emulator[0]
      [Import USER32.DLL!TranslateMessage] Stack state before cleanup:
        [ESP+00] = 0x001FEF10: 0x00403279 (return addr)
        [ESP+04] = 0x001FEF14: 0x001FEF28 (arg1)
        [ESP+08] = 0x001FEF18: 0x001FEFFC
        [ESP+12] = 0x001FEF1C: 0x00000000
        [ESP+16] = 0x001FEF20: 0x00470018
        [ESP+20] = 0x001FEF24: 0x00000000
      
info: Win32Emu.Emulator[0]
      [Import USER32.DLL!TranslateMessage] Stack cleanup: ESP=0x001FEF10, retEIP=0x00403279, argBytes=4, new ESP=0x001FEF18
dbug: Win32Emu.Emulator[0]
      [RegisterValidation] After Import USER32.DLL!TranslateMessage: EBX=0F000130 (saved=0F000130, preserved=True), ESI=0F000040 (saved=0F000040, preserved=True), EDI=0F000030 (saved=0F000030, preserved=True), EBP=0F000010 (saved=0F000010, preserved=True, valid=False, savedValid=False), ESP=001FEF18
dbug: Win32Emu.Emulator[0]
      [Import] Successfully invoked USER32.DLL!TranslateMessage
info: Win32Emu.Emulator[0]
      [Import] Direct call to USER32.DLL!DispatchMessageA at 0x0F000010
info: Win32Emu.Emulator[0]
      Dispatching USER32.DLL!DispatchMessageA at EIP=0x0F000010 ESP=0x001FEF10 stack=80 32 40 00 28 EF 1F 00 FC EF 1F 00 00 00 00 00
info: Win32Emu.Emulator[0]
      [User32] DispatchMessageA: HWND=0x00000000 MSG=0x0000 wParam=0x00000000 lParam=0x00000000
info: Win32Emu.Emulator[0]
      [User32] DispatchMessageA: No WndProc found for HWND=0x00000000
info: Win32Emu.Emulator[0]
      [Dispatcher] USER32.DLL!DispatchMessageA returned 0x00000000, argBytes=4, convention=Stdcall
info: Win32Emu.Emulator[0]
      [Import USER32.DLL!DispatchMessageA] Return address from stack: ESP=0x001FEF10, retEIP=0x00403280
info: Win32Emu.Emulator[0]
      [Import USER32.DLL!DispatchMessageA] Stack state before cleanup:
        [ESP+00] = 0x001FEF10: 0x00403280 (return addr)
        [ESP+04] = 0x001FEF14: 0x001FEF28 (arg1)
        [ESP+08] = 0x001FEF18: 0x001FEFFC
        [ESP+12] = 0x001FEF1C: 0x00000000
        [ESP+16] = 0x001FEF20: 0x00470018
        [ESP+20] = 0x001FEF24: 0x00000000
      
info: Win32Emu.Emulator[0]
      [Import USER32.DLL!DispatchMessageA] Stack cleanup: ESP=0x001FEF10, retEIP=0x00403280, argBytes=4, new ESP=0x001FEF18
dbug: Win32Emu.Emulator[0]
      [RegisterValidation] After Import USER32.DLL!DispatchMessageA: EBX=0F000130 (saved=0F000130, preserved=True), ESI=0F000040 (saved=0F000040, preserved=True), EDI=0F000030 (saved=0F000030, preserved=True), EBP=0F000010 (saved=0F000010, preserved=True, valid=False, savedValid=False), ESP=001FEF18
dbug: Win32Emu.Emulator[0]
      [Import] Successfully invoked USER32.DLL!DispatchMessageA
info: Win32Emu.Emulator[0]
      [Import] Direct call to USER32.DLL!GetMessageA at 0x0F000030
info: Win32Emu.Emulator[0]
      Dispatching USER32.DLL!GetMessageA at EIP=0x0F000030 ESP=0x001FEF04 stack=6E 32 40 00 28 EF 1F 00 00 00 00 00 00 00 00 00
info: Win32Emu.Emulator[0]
      [Dispatcher] USER32.DLL!GetMessageA returned 0x00000001, argBytes=16, convention=Stdcall
info: Win32Emu.Emulator[0]
      [Import USER32.DLL!GetMessageA] Return address from stack: ESP=0x001FEF04, retEIP=0x0040326E
info: Win32Emu.Emulator[0]
      [Import USER32.DLL!GetMessageA] Stack state before cleanup:
        [ESP+00] = 0x001FEF04: 0x0040326E (return addr)
        [ESP+04] = 0x001FEF08: 0x001FEF28 (arg1)
        [ESP+08] = 0x001FEF0C: 0x00000000 (arg2)
        [ESP+12] = 0x001FEF10: 0x00000000 (arg3)
        [ESP+16] = 0x001FEF14: 0x00000000 (arg4)
        [ESP+20] = 0x001FEF18: 0x001FEFFC
      
info: Win32Emu.Emulator[0]
      [Import USER32.DLL!GetMessageA] Stack cleanup: ESP=0x001FEF04, retEIP=0x0040326E, argBytes=16, new ESP=0x001FEF18
dbug: Win32Emu.Emulator[0]
      [RegisterValidation] After Import USER32.DLL!GetMessageA: EBX=0F000130 (saved=0F000130, preserved=True), ESI=0F000040 (saved=0F000040, preserved=True), EDI=0F000030 (saved=0F000030, preserved=True), EBP=0F000010 (saved=0F000010, preserved=True, valid=False, savedValid=False), ESP=001FEF18
dbug: Win32Emu.Emulator[0]
      [Import] Successfully invoked USER32.DLL!GetMessageA
info: Win32Emu.Emulator[0]
      [Import] Direct call to USER32.DLL!TranslateMessage at 0x0F000130
info: Win32Emu.Emulator[0]
      Dispatching USER32.DLL!TranslateMessage at EIP=0x0F000130 ESP=0x001FEF10 stack=79 32 40 00 28 EF 1F 00 FC EF 1F 00 00 00 00 00
info: Win32Emu.Emulator[0]
      [User32] TranslateMessage: HWND=0x00000000 MSG=0x0000 wParam=0x00000000 lParam=0x00000000
info: Win32Emu.Emulator[0]
      [Dispatcher] USER32.DLL!TranslateMessage returned 0x00000000, argBytes=4, convention=Stdcall
info: Win32Emu.Emulator[0]
      [Import USER32.DLL!TranslateMessage] Return address from stack: ESP=0x001FEF10, retEIP=0x00403279
info: Win32Emu.Emulator[0]
      [Import USER32.DLL!TranslateMessage] Stack state before cleanup:
        [ESP+00] = 0x001FEF10: 0x00403279 (return addr)
        [ESP+04] = 0x001FEF14: 0x001FEF28 (arg1)
        [ESP+08] = 0x001FEF18: 0x001FEFFC
        [ESP+12] = 0x001FEF1C: 0x00000000
        [ESP+16] = 0x001FEF20: 0x00470018
        [ESP+20] = 0x001FEF24: 0x00000000
      
info: Win32Emu.Emulator[0]
      [Import USER32.DLL!TranslateMessage] Stack cleanup: ESP=0x001FEF10, retEIP=0x00403279, argBytes=4, new ESP=0x001FEF18
dbug: Win32Emu.Emulator[0]
      [RegisterValidation] After Import USER32.DLL!TranslateMessage: EBX=0F000130 (saved=0F000130, preserved=True), ESI=0F000040 (saved=0F000040, preserved=True), EDI=0F000030 (saved=0F000030, preserved=True), EBP=0F000010 (saved=0F000010, preserved=True, valid=False, savedValid=False), ESP=001FEF18
dbug: Win32Emu.Emulator[0]
      [Import] Successfully invoked USER32.DLL!TranslateMessage
info: Win32Emu.Emulator[0]
      [Import] Direct call to USER32.DLL!DispatchMessageA at 0x0F000010
info: Win32Emu.Emulator[0]
      Dispatching USER32.DLL!DispatchMessageA at EIP=0x0F000010 ESP=0x001FEF10 stack=80 32 40 00 28 EF 1F 00 FC EF 1F 00 00 00 00 00
info: Win32Emu.Emulator[0]
      [User32] DispatchMessageA: HWND=0x00000000 MSG=0x0000 wParam=0x00000000 lParam=0x00000000
info: Win32Emu.Emulator[0]
      [User32] DispatchMessageA: No WndProc found for HWND=0x00000000
info: Win32Emu.Emulator[0]
      [Dispatcher] USER32.DLL!DispatchMessageA returned 0x00000000, argBytes=4, convention=Stdcall
info: Win32Emu.Emulator[0]
      [Import USER32.DLL!DispatchMessageA] Return address from stack: ESP=0x001FEF10, retEIP=0x00403280
info: Win32Emu.Emulator[0]
      [Import USER32.DLL!DispatchMessageA] Stack state before cleanup:
        [ESP+00] = 0x001FEF10: 0x00403280 (return addr)
        [ESP+04] = 0x001FEF14: 0x001FEF28 (arg1)
        [ESP+08] = 0x001FEF18: 0x001FEFFC
        [ESP+12] = 0x001FEF1C: 0x00000000
        [ESP+16] = 0x001FEF20: 0x00470018
        [ESP+20] = 0x001FEF24: 0x00000000
      
info: Win32Emu.Emulator[0]
      [Import USER32.DLL!DispatchMessageA] Stack cleanup: ESP=0x001FEF10, retEIP=0x00403280, argBytes=4, new ESP=0x001FEF18
dbug: Win32Emu.Emulator[0]
      [RegisterValidation] After Import USER32.DLL!DispatchMessageA: EBX=0F000130 (saved=0F000130, preserved=True), ESI=0F000040 (saved=0F000040, preserved=True), EDI=0F000030 (saved=0F000030, preserved=True), EBP=0F000010 (saved=0F000010, preserved=True, valid=False, savedValid=False), ESP=001FEF18
dbug: Win32Emu.Emulator[0]
      [Import] Successfully invoked USER32.DLL!DispatchMessageA
info: Win32Emu.Emulator[0]
      [Import] Direct call to USER32.DLL!GetMessageA at 0x0F000030
info: Win32Emu.Emulator[0]
      Dispatching USER32.DLL!GetMessageA at EIP=0x0F000030 ESP=0x001FEF04 stack=6E 32 40 00 28 EF 1F 00 00 00 00 00 00 00 00 00
info: Win32Emu.Emulator[0]
      [Dispatcher] USER32.DLL!GetMessageA returned 0x00000001, argBytes=16, convention=Stdcall
info: Win32Emu.Emulator[0]
      [Import USER32.DLL!GetMessageA] Return address from stack: ESP=0x001FEF04, retEIP=0x0040326E
info: Win32Emu.Emulator[0]
      [Import USER32.DLL!GetMessageA] Stack state before cleanup:
        [ESP+00] = 0x001FEF04: 0x0040326E (return addr)
        [ESP+04] = 0x001FEF08: 0x001FEF28 (arg1)
        [ESP+08] = 0x001FEF0C: 0x00000000 (arg2)
        [ESP+12] = 0x001FEF10: 0x00000000 (arg3)
        [ESP+16] = 0x001FEF14: 0x00000000 (arg4)
        [ESP+20] = 0x001FEF18: 0x001FEFFC
      
info: Win32Emu.Emulator[0]
      [Import USER32.DLL!GetMessageA] Stack cleanup: ESP=0x001FEF04, retEIP=0x0040326E, argBytes=16, new ESP=0x001FEF18
dbug: Win32Emu.Emulator[0]
      [RegisterValidation] After Import USER32.DLL!GetMessageA: EBX=0F000130 (saved=0F000130, preserved=True), ESI=0F000040 (saved=0F000040, preserved=True), EDI=0F000030 (saved=0F000030, preserved=True), EBP=0F000010 (saved=0F000010, preserved=True, valid=False, savedValid=False), ESP=001FEF18
dbug: Win32Emu.Emulator[0]
      [Import] Successfully invoked USER32.DLL!GetMessageA
info: Win32Emu.Emulator[0]
      [Import] Direct call to USER32.DLL!TranslateMessage at 0x0F000130
info: Win32Emu.Emulator[0]
      Dispatching USER32.DLL!TranslateMessage at EIP=0x0F000130 ESP=0x001FEF10 stack=79 32 40 00 28 EF 1F 00 FC EF 1F 00 00 00 00 00
info: Win32Emu.Emulator[0]
      [User32] TranslateMessage: HWND=0x00000000 MSG=0x0000 wParam=0x00000000 lParam=0x00000000
info: Win32Emu.Emulator[0]
      [Dispatcher] USER32.DLL!TranslateMessage returned 0x00000000, argBytes=4, convention=Stdcall
info: Win32Emu.Emulator[0]
      [Import USER32.DLL!TranslateMessage] Return address from stack: ESP=0x001FEF10, retEIP=0x00403279
info: Win32Emu.Emulator[0]
      [Import USER32.DLL!TranslateMessage] Stack state before cleanup:
        [ESP+00] = 0x001FEF10: 0x00403279 (return addr)
        [ESP+04] = 0x001FEF14: 0x001FEF28 (arg1)
        [ESP+08] = 0x001FEF18: 0x001FEFFC
        [ESP+12] = 0x001FEF1C: 0x00000000
        [ESP+16] = 0x001FEF20: 0x00470018
        [ESP+20] = 0x001FEF24: 0x00000000
      
info: Win32Emu.Emulator[0]
      [Import USER32.DLL!TranslateMessage] Stack cleanup: ESP=0x001FEF10, retEIP=0x00403279, argBytes=4, new ESP=0x001FEF18
dbug: Win32Emu.Emulator[0]
      [RegisterValidation] After Import USER32.DLL!TranslateMessage: EBX=0F000130 (saved=0F000130, preserved=True), ESI=0F000040 (saved=0F000040, preserved=True), EDI=0F000030 (saved=0F000030, preserved=True), EBP=0F000010 (saved=0F000010, preserved=True, valid=False, savedValid=False), ESP=001FEF18
dbug: Win32Emu.Emulator[0]
      [Import] Successfully invoked USER32.DLL!TranslateMessage
info: Win32Emu.Emulator[0]
      [Import] Direct call to USER32.DLL!DispatchMessageA at 0x0F000010
info: Win32Emu.Emulator[0]
      Dispatching USER32.DLL!DispatchMessageA at EIP=0x0F000010 ESP=0x001FEF10 stack=80 32 40 00 28 EF 1F 00 FC EF 1F 00 00 00 00 00
info: Win32Emu.Emulator[0]
      [User32] DispatchMessageA: HWND=0x00000000 MSG=0x0000 wParam=0x00000000 lParam=0x00000000
info: Win32Emu.Emulator[0]
      [User32] DispatchMessageA: No WndProc found for HWND=0x00000000
info: Win32Emu.Emulator[0]
      [Dispatcher] USER32.DLL!DispatchMessageA returned 0x00000000, argBytes=4, convention=Stdcall
info: Win32Emu.Emulator[0]
      [Import USER32.DLL!DispatchMessageA] Return address from stack: ESP=0x001FEF10, retEIP=0x00403280
info: Win32Emu.Emulator[0]
      [Import USER32.DLL!DispatchMessageA] Stack state before cleanup:
        [ESP+00] = 0x001FEF10: 0x00403280 (return addr)
        [ESP+04] = 0x001FEF14: 0x001FEF28 (arg1)
        [ESP+08] = 0x001FEF18: 0x001FEFFC
        [ESP+12] = 0x001FEF1C: 0x00000000
        [ESP+16] = 0x001FEF20: 0x00470018
        [ESP+20] = 0x001FEF24: 0x00000000
      
info: Win32Emu.Emulator[0]
      [Import USER32.DLL!DispatchMessageA] Stack cleanup: ESP=0x001FEF10, retEIP=0x00403280, argBytes=4, new ESP=0x001FEF18
dbug: Win32Emu.Emulator[0]
      [RegisterValidation] After Import USER32.DLL!DispatchMessageA: EBX=0F000130 (saved=0F000130, preserved=True), ESI=0F000040 (saved=0F000040, preserved=True), EDI=0F000030 (saved=0F000030, preserved=True), EBP=0F000010 (saved=0F000010, preserved=True, valid=False, savedValid=False), ESP=001FEF18
dbug: Win32Emu.Emulator[0]
      [Import] Successfully invoked USER32.DLL!DispatchMessageA
info: Win32Emu.Emulator[0]
      [Import] Direct call to USER32.DLL!GetMessageA at 0x0F000030
info: Win32Emu.Emulator[0]
      Dispatching USER32.DLL!GetMessageA at EIP=0x0F000030 ESP=0x001FEF04 stack=6E 32 40 00 28 EF 1F 00 00 00 00 00 00 00 00 00
info: Win32Emu.Emulator[0]
      [Dispatcher] USER32.DLL!GetMessageA returned 0x00000001, argBytes=16, convention=Stdcall
info: Win32Emu.Emulator[0]
      [Import USER32.DLL!GetMessageA] Return address from stack: ESP=0x001FEF04, retEIP=0x0040326E
info: Win32Emu.Emulator[0]
      [Import USER32.DLL!GetMessageA] Stack state before cleanup:
        [ESP+00] = 0x001FEF04: 0x0040326E (return addr)
        [ESP+04] = 0x001FEF08: 0x001FEF28 (arg1)
        [ESP+08] = 0x001FEF0C: 0x00000000 (arg2)
        [ESP+12] = 0x001FEF10: 0x00000000 (arg3)
        [ESP+16] = 0x001FEF14: 0x00000000 (arg4)
        [ESP+20] = 0x001FEF18: 0x001FEFFC
      
info: Win32Emu.Emulator[0]
      [Import USER32.DLL!GetMessageA] Stack cleanup: ESP=0x001FEF04, retEIP=0x0040326E, argBytes=16, new ESP=0x001FEF18
dbug: Win32Emu.Emulator[0]
      [RegisterValidation] After Import USER32.DLL!GetMessageA: EBX=0F000130 (saved=0F000130, preserved=True), ESI=0F000040 (saved=0F000040, preserved=True), EDI=0F000030 (saved=0F000030, preserved=True), EBP=0F000010 (saved=0F000010, preserved=True, valid=False, savedValid=False), ESP=001FEF18
dbug: Win32Emu.Emulator[0]
      [Import] Successfully invoked USER32.DLL!GetMessageA
info: Win32Emu.Emulator[0]
      [Import] Direct call to USER32.DLL!TranslateMessage at 0x0F000130
info: Win32Emu.Emulator[0]
      Dispatching USER32.DLL!TranslateMessage at EIP=0x0F000130 ESP=0x001FEF10 stack=79 32 40 00 28 EF 1F 00 FC EF 1F 00 00 00 00 00
info: Win32Emu.Emulator[0]
      [User32] TranslateMessage: HWND=0x00000000 MSG=0x0000 wParam=0x00000000 lParam=0x00000000
info: Win32Emu.Emulator[0]
      [Dispatcher] USER32.DLL!TranslateMessage returned 0x00000000, argBytes=4, convention=Stdcall
info: Win32Emu.Emulator[0]
      [Import USER32.DLL!TranslateMessage] Return address from stack: ESP=0x001FEF10, retEIP=0x00403279
info: Win32Emu.Emulator[0]
      [Import USER32.DLL!TranslateMessage] Stack state before cleanup:
        [ESP+00] = 0x001FEF10: 0x00403279 (return addr)
        [ESP+04] = 0x001FEF14: 0x001FEF28 (arg1)
        [ESP+08] = 0x001FEF18: 0x001FEFFC
        [ESP+12] = 0x001FEF1C: 0x00000000
        [ESP+16] = 0x001FEF20: 0x00470018
        [ESP+20] = 0x001FEF24: 0x00000000
      
info: Win32Emu.Emulator[0]
      [Import USER32.DLL!TranslateMessage] Stack cleanup: ESP=0x001FEF10, retEIP=0x00403279, argBytes=4, new ESP=0x001FEF18
dbug: Win32Emu.Emulator[0]
      [RegisterValidation] After Import USER32.DLL!TranslateMessage: EBX=0F000130 (saved=0F000130, preserved=True), ESI=0F000040 (saved=0F000040, preserved=True), EDI=0F000030 (saved=0F000030, preserved=True), EBP=0F000010 (saved=0F000010, preserved=True, valid=False, savedValid=False), ESP=001FEF18
dbug: Win32Emu.Emulator[0]
      [Import] Successfully invoked USER32.DLL!TranslateMessage
info: Win32Emu.Emulator[0]
      [Import] Direct call to USER32.DLL!DispatchMessageA at 0x0F000010
info: Win32Emu.Emulator[0]
      Dispatching USER32.DLL!DispatchMessageA at EIP=0x0F000010 ESP=0x001FEF10 stack=80 32 40 00 28 EF 1F 00 FC EF 1F 00 00 00 00 00
info: Win32Emu.Emulator[0]
      [User32] DispatchMessageA: HWND=0x00000000 MSG=0x0000 wParam=0x00000000 lParam=0x00000000
info: Win32Emu.Emulator[0]
      [User32] DispatchMessageA: No WndProc found for HWND=0x00000000
info: Win32Emu.Emulator[0]
      [Dispatcher] USER32.DLL!DispatchMessageA returned 0x00000000, argBytes=4, convention=Stdcall
info: Win32Emu.Emulator[0]
      [Import USER32.DLL!DispatchMessageA] Return address from stack: ESP=0x001FEF10, retEIP=0x00403280
info: Win32Emu.Emulator[0]
      [Import USER32.DLL!DispatchMessageA] Stack state before cleanup:
        [ESP+00] = 0x001FEF10: 0x00403280 (return addr)
        [ESP+04] = 0x001FEF14: 0x001FEF28 (arg1)
        [ESP+08] = 0x001FEF18: 0x001FEFFC
        [ESP+12] = 0x001FEF1C: 0x00000000
        [ESP+16] = 0x001FEF20: 0x00470018
        [ESP+20] = 0x001FEF24: 0x00000000
      
info: Win32Emu.Emulator[0]
      [Import USER32.DLL!DispatchMessageA] Stack cleanup: ESP=0x001FEF10, retEIP=0x00403280, argBytes=4, new ESP=0x001FEF18
dbug: Win32Emu.Emulator[0]
      [RegisterValidation] After Import USER32.DLL!DispatchMessageA: EBX=0F000130 (saved=0F000130, preserved=True), ESI=0F000040 (saved=0F000040, preserved=True), EDI=0F000030 (saved=0F000030, preserved=True), EBP=0F000010 (saved=0F000010, preserved=True, valid=False, savedValid=False), ESP=001FEF18
dbug: Win32Emu.Emulator[0]
      [Import] Successfully invoked USER32.DLL!DispatchMessageA
info: Win32Emu.Emulator[0]
      [Import] Direct call to USER32.DLL!GetMessageA at 0x0F000030
info: Win32Emu.Emulator[0]
      Dispatching USER32.DLL!GetMessageA at EIP=0x0F000030 ESP=0x001FEF04 stack=6E 32 40 00 28 EF 1F 00 00 00 00 00 00 00 00 00
info: Win32Emu.Emulator[0]
      [Dispatcher] USER32.DLL!GetMessageA returned 0x00000001, argBytes=16, convention=Stdcall
info: Win32Emu.Emulator[0]
      [Import USER32.DLL!GetMessageA] Return address from stack: ESP=0x001FEF04, retEIP=0x0040326E
info: Win32Emu.Emulator[0]
      [Import USER32.DLL!GetMessageA] Stack state before cleanup:
        [ESP+00] = 0x001FEF04: 0x0040326E (return addr)
        [ESP+04] = 0x001FEF08: 0x001FEF28 (arg1)
        [ESP+08] = 0x001FEF0C: 0x00000000 (arg2)
        [ESP+12] = 0x001FEF10: 0x00000000 (arg3)
        [ESP+16] = 0x001FEF14: 0x00000000 (arg4)
        [ESP+20] = 0x001FEF18: 0x001FEFFC
      
info: Win32Emu.Emulator[0]
      [Import USER32.DLL!GetMessageA] Stack cleanup: ESP=0x001FEF04, retEIP=0x0040326E, argBytes=16, new ESP=0x001FEF18
dbug: Win32Emu.Emulator[0]
      [RegisterValidation] After Import USER32.DLL!GetMessageA: EBX=0F000130 (saved=0F000130, preserved=True), ESI=0F000040 (saved=0F000040, preserved=True), EDI=0F000030 (saved=0F000030, preserved=True), EBP=0F000010 (saved=0F000010, preserved=True, valid=False, savedValid=False), ESP=001FEF18
dbug: Win32Emu.Emulator[0]
      [Import] Successfully invoked USER32.DLL!GetMessageA
info: Win32Emu.Emulator[0]
      [Import] Direct call to USER32.DLL!TranslateMessage at 0x0F000130
info: Win32Emu.Emulator[0]
      Dispatching USER32.DLL!TranslateMessage at EIP=0x0F000130 ESP=0x001FEF10 stack=79 32 40 00 28 EF 1F 00 FC EF 1F 00 00 00 00 00
info: Win32Emu.Emulator[0]
      [User32] TranslateMessage: HWND=0x00000000 MSG=0x0000 wParam=0x00000000 lParam=0x00000000
info: Win32Emu.Emulator[0]
      [Dispatcher] USER32.DLL!TranslateMessage returned 0x00000000, argBytes=4, convention=Stdcall
info: Win32Emu.Emulator[0]
      [Import USER32.DLL!TranslateMessage] Return address from stack: ESP=0x001FEF10, retEIP=0x00403279
info: Win32Emu.Emulator[0]
      [Import USER32.DLL!TranslateMessage] Stack state before cleanup:
        [ESP+00] = 0x001FEF10: 0x00403279 (return addr)
        [ESP+04] = 0x001FEF14: 0x001FEF28 (arg1)
        [ESP+08] = 0x001FEF18: 0x001FEFFC
        [ESP+12] = 0x001FEF1C: 0x00000000
        [ESP+16] = 0x001FEF20: 0x00470018
        [ESP+20] = 0x001FEF24: 0x00000000
      
info: Win32Emu.Emulator[0]
      [Import USER32.DLL!TranslateMessage] Stack cleanup: ESP=0x001FEF10, retEIP=0x00403279, argBytes=4, new ESP=0x001FEF18
dbug: Win32Emu.Emulator[0]
      [RegisterValidation] After Import USER32.DLL!TranslateMessage: EBX=0F000130 (saved=0F000130, preserved=True), ESI=0F000040 (saved=0F000040, preserved=True), EDI=0F000030 (saved=0F000030, preserved=True), EBP=0F000010 (saved=0F000010, preserved=True, valid=False, savedValid=False), ESP=001FEF18
dbug: Win32Emu.Emulator[0]
      [Import] Successfully invoked USER32.DLL!TranslateMessage
info: Win32Emu.Emulator[0]
      [Import] Direct call to USER32.DLL!DispatchMessageA at 0x0F000010
info: Win32Emu.Emulator[0]
      Dispatching USER32.DLL!DispatchMessageA at EIP=0x0F000010 ESP=0x001FEF10 stack=80 32 40 00 28 EF 1F 00 FC EF 1F 00 00 00 00 00
info: Win32Emu.Emulator[0]
      [User32] DispatchMessageA: HWND=0x00000000 MSG=0x0000 wParam=0x00000000 lParam=0x00000000
info: Win32Emu.Emulator[0]
      [User32] DispatchMessageA: No WndProc found for HWND=0x00000000
info: Win32Emu.Emulator[0]
      [Dispatcher] USER32.DLL!DispatchMessageA returned 0x00000000, argBytes=4, convention=Stdcall
info: Win32Emu.Emulator[0]
      [Import USER32.DLL!DispatchMessageA] Return address from stack: ESP=0x001FEF10, retEIP=0x00403280
info: Win32Emu.Emulator[0]
      [Import USER32.DLL!DispatchMessageA] Stack state before cleanup:
        [ESP+00] = 0x001FEF10: 0x00403280 (return addr)
        [ESP+04] = 0x001FEF14: 0x001FEF28 (arg1)
        [ESP+08] = 0x001FEF18: 0x001FEFFC
        [ESP+12] = 0x001FEF1C: 0x00000000
        [ESP+16] = 0x001FEF20: 0x00470018
        [ESP+20] = 0x001FEF24: 0x00000000
      
info: Win32Emu.Emulator[0]
      [Import USER32.DLL!DispatchMessageA] Stack cleanup: ESP=0x001FEF10, retEIP=0x00403280, argBytes=4, new ESP=0x001FEF18
dbug: Win32Emu.Emulator[0]
      [RegisterValidation] After Import USER32.DLL!DispatchMessageA: EBX=0F000130 (saved=0F000130, preserved=True), ESI=0F000040 (saved=0F000040, preserved=True), EDI=0F000030 (saved=0F000030, preserved=True), EBP=0F000010 (saved=0F000010, preserved=True, valid=False, savedValid=False), ESP=001FEF18
dbug: Win32Emu.Emulator[0]
      [Import] Successfully invoked USER32.DLL!DispatchMessageA
info: Win32Emu.Emulator[0]
      [Import] Direct call to USER32.DLL!GetMessageA at 0x0F000030
info: Win32Emu.Emulator[0]
      Dispatching USER32.DLL!GetMessageA at EIP=0x0F000030 ESP=0x001FEF04 stack=6E 32 40 00 28 EF 1F 00 00 00 00 00 00 00 00 00
info: Win32Emu.Emulator[0]
      [Dispatcher] USER32.DLL!GetMessageA returned 0x00000001, argBytes=16, convention=Stdcall
info: Win32Emu.Emulator[0]
      [Import USER32.DLL!GetMessageA] Return address from stack: ESP=0x001FEF04, retEIP=0x0040326E
info: Win32Emu.Emulator[0]
      [Import USER32.DLL!GetMessageA] Stack state before cleanup:
        [ESP+00] = 0x001FEF04: 0x0040326E (return addr)
        [ESP+04] = 0x001FEF08: 0x001FEF28 (arg1)
        [ESP+08] = 0x001FEF0C: 0x00000000 (arg2)
        [ESP+12] = 0x001FEF10: 0x00000000 (arg3)
        [ESP+16] = 0x001FEF14: 0x00000000 (arg4)
        [ESP+20] = 0x001FEF18: 0x001FEFFC
      
info: Win32Emu.Emulator[0]
      [Import USER32.DLL!GetMessageA] Stack cleanup: ESP=0x001FEF04, retEIP=0x0040326E, argBytes=16, new ESP=0x001FEF18
dbug: Win32Emu.Emulator[0]
      [RegisterValidation] After Import USER32.DLL!GetMessageA: EBX=0F000130 (saved=0F000130, preserved=True), ESI=0F000040 (saved=0F000040, preserved=True), EDI=0F000030 (saved=0F000030, preserved=True), EBP=0F000010 (saved=0F000010, preserved=True, valid=False, savedValid=False), ESP=001FEF18
dbug: Win32Emu.Emulator[0]
      [Import] Successfully invoked USER32.DLL!GetMessageA
info: Win32Emu.Emulator[0]
      [Import] Direct call to USER32.DLL!TranslateMessage at 0x0F000130
info: Win32Emu.Emulator[0]
      Dispatching USER32.DLL!TranslateMessage at EIP=0x0F000130 ESP=0x001FEF10 stack=79 32 40 00 28 EF 1F 00 FC EF 1F 00 00 00 00 00
info: Win32Emu.Emulator[0]
      [User32] TranslateMessage: HWND=0x00000000 MSG=0x0000 wParam=0x00000000 lParam=0x00000000
info: Win32Emu.Emulator[0]
      [Dispatcher] USER32.DLL!TranslateMessage returned 0x00000000, argBytes=4, convention=Stdcall
info: Win32Emu.Emulator[0]
      [Import USER32.DLL!TranslateMessage] Return address from stack: ESP=0x001FEF10, retEIP=0x00403279
info: Win32Emu.Emulator[0]
      [Import USER32.DLL!TranslateMessage] Stack state before cleanup:
        [ESP+00] = 0x001FEF10: 0x00403279 (return addr)
        [ESP+04] = 0x001FEF14: 0x001FEF28 (arg1)
        [ESP+08] = 0x001FEF18: 0x001FEFFC
        [ESP+12] = 0x001FEF1C: 0x00000000
        [ESP+16] = 0x001FEF20: 0x00470018
        [ESP+20] = 0x001FEF24: 0x00000000
      
info: Win32Emu.Emulator[0]
      [Import USER32.DLL!TranslateMessage] Stack cleanup: ESP=0x001FEF10, retEIP=0x00403279, argBytes=4, new ESP=0x001FEF18
dbug: Win32Emu.Emulator[0]
      [RegisterValidation] After Import USER32.DLL!TranslateMessage: EBX=0F000130 (saved=0F000130, preserved=True), ESI=0F000040 (saved=0F000040, preserved=True), EDI=0F000030 (saved=0F000030, preserved=True), EBP=0F000010 (saved=0F000010, preserved=True, valid=False, savedValid=False), ESP=001FEF18
dbug: Win32Emu.Emulator[0]
      [Import] Successfully invoked USER32.DLL!TranslateMessage
info: Win32Emu.Emulator[0]
      [Import] Direct call to USER32.DLL!DispatchMessageA at 0x0F000010
info: Win32Emu.Emulator[0]
      Dispatching USER32.DLL!DispatchMessageA at EIP=0x0F000010 ESP=0x001FEF10 stack=80 32 40 00 28 EF 1F 00 FC EF 1F 00 00 00 00 00
info: Win32Emu.Emulator[0]
      [User32] DispatchMessageA: HWND=0x00000000 MSG=0x0000 wParam=0x00000000 lParam=0x00000000
info: Win32Emu.Emulator[0]
      [User32] DispatchMessageA: No WndProc found for HWND=0x00000000
info: Win32Emu.Emulator[0]
      [Dispatcher] USER32.DLL!DispatchMessageA returned 0x00000000, argBytes=4, convention=Stdcall
info: Win32Emu.Emulator[0]
      [Import USER32.DLL!DispatchMessageA] Return address from stack: ESP=0x001FEF10, retEIP=0x00403280
info: Win32Emu.Emulator[0]
      [Import USER32.DLL!DispatchMessageA] Stack state before cleanup:
        [ESP+00] = 0x001FEF10: 0x00403280 (return addr)
        [ESP+04] = 0x001FEF14: 0x001FEF28 (arg1)
        [ESP+08] = 0x001FEF18: 0x001FEFFC
        [ESP+12] = 0x001FEF1C: 0x00000000
        [ESP+16] = 0x001FEF20: 0x00470018
        [ESP+20] = 0x001FEF24: 0x00000000
      
info: Win32Emu.Emulator[0]
      [Import USER32.DLL!DispatchMessageA] Stack cleanup: ESP=0x001FEF10, retEIP=0x00403280, argBytes=4, new ESP=0x001FEF18
dbug: Win32Emu.Emulator[0]
      [RegisterValidation] After Import USER32.DLL!DispatchMessageA: EBX=0F000130 (saved=0F000130, preserved=True), ESI=0F000040 (saved=0F000040, preserved=True), EDI=0F000030 (saved=0F000030, preserved=True), EBP=0F000010 (saved=0F000010, preserved=True, valid=False, savedValid=False), ESP=001FEF18
dbug: Win32Emu.Emulator[0]
      [Import] Successfully invoked USER32.DLL!DispatchMessageA
info: Win32Emu.Emulator[0]
      [Import] Direct call to USER32.DLL!GetMessageA at 0x0F000030
info: Win32Emu.Emulator[0]
      Dispatching USER32.DLL!GetMessageA at EIP=0x0F000030 ESP=0x001FEF04 stack=6E 32 40 00 28 EF 1F 00 00 00 00 00 00 00 00 00
info: Win32Emu.Emulator[0]
      [Dispatcher] USER32.DLL!GetMessageA returned 0x00000001, argBytes=16, convention=Stdcall
info: Win32Emu.Emulator[0]
      [Import USER32.DLL!GetMessageA] Return address from stack: ESP=0x001FEF04, retEIP=0x0040326E
info: Win32Emu.Emulator[0]
      [Import USER32.DLL!GetMessageA] Stack state before cleanup:
        [ESP+00] = 0x001FEF04: 0x0040326E (return addr)
        [ESP+04] = 0x001FEF08: 0x001FEF28 (arg1)
        [ESP+08] = 0x001FEF0C: 0x00000000 (arg2)
        [ESP+12] = 0x001FEF10: 0x00000000 (arg3)
        [ESP+16] = 0x001FEF14: 0x00000000 (arg4)
        [ESP+20] = 0x001FEF18: 0x001FEFFC
      
info: Win32Emu.Emulator[0]
      [Import USER32.DLL!GetMessageA] Stack cleanup: ESP=0x001FEF04, retEIP=0x0040326E, argBytes=16, new ESP=0x001FEF18
dbug: Win32Emu.Emulator[0]
      [RegisterValidation] After Import USER32.DLL!GetMessageA: EBX=0F000130 (saved=0F000130, preserved=True), ESI=0F000040 (saved=0F000040, preserved=True), EDI=0F000030 (saved=0F000030, preserved=True), EBP=0F000010 (saved=0F000010, preserved=True, valid=False, savedValid=False), ESP=001FEF18
dbug: Win32Emu.Emulator[0]
      [Import] Successfully invoked USER32.DLL!GetMessageA
info: Win32Emu.Emulator[0]
      [Import] Direct call to USER32.DLL!TranslateMessage at 0x0F000130
info: Win32Emu.Emulator[0]
      Dispatching USER32.DLL!TranslateMessage at EIP=0x0F000130 ESP=0x001FEF10 stack=79 32 40 00 28 EF 1F 00 FC EF 1F 00 00 00 00 00
info: Win32Emu.Emulator[0]
      [User32] TranslateMessage: HWND=0x00000000 MSG=0x0000 wParam=0x00000000 lParam=0x00000000
info: Win32Emu.Emulator[0]
      [Dispatcher] USER32.DLL!TranslateMessage returned 0x00000000, argBytes=4, convention=Stdcall
info: Win32Emu.Emulator[0]
      [Import USER32.DLL!TranslateMessage] Return address from stack: ESP=0x001FEF10, retEIP=0x00403279
info: Win32Emu.Emulator[0]
      [Import USER32.DLL!TranslateMessage] Stack state before cleanup:
        [ESP+00] = 0x001FEF10: 0x00403279 (return addr)
        [ESP+04] = 0x001FEF14: 0x001FEF28 (arg1)
        [ESP+08] = 0x001FEF18: 0x001FEFFC
        [ESP+12] = 0x001FEF1C: 0x00000000
        [ESP+16] = 0x001FEF20: 0x00470018
        [ESP+20] = 0x001FEF24: 0x00000000
      
info: Win32Emu.Emulator[0]
      [Import USER32.DLL!TranslateMessage] Stack cleanup: ESP=0x001FEF10, retEIP=0x00403279, argBytes=4, new ESP=0x001FEF18
dbug: Win32Emu.Emulator[0]
      [RegisterValidation] After Import USER32.DLL!TranslateMessage: EBX=0F000130 (saved=0F000130, preserved=True), ESI=0F000040 (saved=0F000040, preserved=True), EDI=0F000030 (saved=0F000030, preserved=True), EBP=0F000010 (saved=0F000010, preserved=True, valid=False, savedValid=False), ESP=001FEF18
dbug: Win32Emu.Emulator[0]
      [Import] Successfully invoked USER32.DLL!TranslateMessage
info: Win32Emu.Emulator[0]
      [Import] Direct call to USER32.DLL!DispatchMessageA at 0x0F000010
info: Win32Emu.Emulator[0]
      Dispatching USER32.DLL!DispatchMessageA at EIP=0x0F000010 ESP=0x001FEF10 stack=80 32 40 00 28 EF 1F 00 FC EF 1F 00 00 00 00 00
info: Win32Emu.Emulator[0]
      [User32] DispatchMessageA: HWND=0x00000000 MSG=0x0000 wParam=0x00000000 lParam=0x00000000
info: Win32Emu.Emulator[0]
      [User32] DispatchMessageA: No WndProc found for HWND=0x00000000
info: Win32Emu.Emulator[0]
      [Dispatcher] USER32.DLL!DispatchMessageA returned 0x00000000, argBytes=4, convention=Stdcall
info: Win32Emu.Emulator[0]
      [Import USER32.DLL!DispatchMessageA] Return address from stack: ESP=0x001FEF10, retEIP=0x00403280
info: Win32Emu.Emulator[0]
      [Import USER32.DLL!DispatchMessageA] Stack state before cleanup:
        [ESP+00] = 0x001FEF10: 0x00403280 (return addr)
        [ESP+04] = 0x001FEF14: 0x001FEF28 (arg1)
        [ESP+08] = 0x001FEF18: 0x001FEFFC
        [ESP+12] = 0x001FEF1C: 0x00000000
        [ESP+16] = 0x001FEF20: 0x00470018
        [ESP+20] = 0x001FEF24: 0x00000000
      
info: Win32Emu.Emulator[0]
      [Import USER32.DLL!DispatchMessageA] Stack cleanup: ESP=0x001FEF10, retEIP=0x00403280, argBytes=4, new ESP=0x001FEF18
dbug: Win32Emu.Emulator[0]
      [RegisterValidation] After Import USER32.DLL!DispatchMessageA: EBX=0F000130 (saved=0F000130, preserved=True), ESI=0F000040 (saved=0F000040, preserved=True), EDI=0F000030 (saved=0F000030, preserved=True), EBP=0F000010 (saved=0F000010, preserved=True, valid=False, savedValid=False), ESP=001FEF18
dbug: Win32Emu.Emulator[0]
      [Import] Successfully invoked USER32.DLL!DispatchMessageA
info: Win32Emu.Emulator[0]
      [Import] Direct call to USER32.DLL!GetMessageA at 0x0F000030
info: Win32Emu.Emulator[0]
      Dispatching USER32.DLL!GetMessageA at EIP=0x0F000030 ESP=0x001FEF04 stack=6E 32 40 00 28 EF 1F 00 00 00 00 00 00 00 00 00
info: Win32Emu.Emulator[0]
      [Dispatcher] USER32.DLL!GetMessageA returned 0x00000001, argBytes=16, convention=Stdcall
info: Win32Emu.Emulator[0]
      [Import USER32.DLL!GetMessageA] Return address from stack: ESP=0x001FEF04, retEIP=0x0040326E
info: Win32Emu.Emulator[0]
      [Import USER32.DLL!GetMessageA] Stack state before cleanup:
        [ESP+00] = 0x001FEF04: 0x0040326E (return addr)
        [ESP+04] = 0x001FEF08: 0x001FEF28 (arg1)
        [ESP+08] = 0x001FEF0C: 0x00000000 (arg2)
        [ESP+12] = 0x001FEF10: 0x00000000 (arg3)
        [ESP+16] = 0x001FEF14: 0x00000000 (arg4)
        [ESP+20] = 0x001FEF18: 0x001FEFFC
      
info: Win32Emu.Emulator[0]
      [Import USER32.DLL!GetMessageA] Stack cleanup: ESP=0x001FEF04, retEIP=0x0040326E, argBytes=16, new ESP=0x001FEF18
dbug: Win32Emu.Emulator[0]
      [RegisterValidation] After Import USER32.DLL!GetMessageA: EBX=0F000130 (saved=0F000130, preserved=True), ESI=0F000040 (saved=0F000040, preserved=True), EDI=0F000030 (saved=0F000030, preserved=True), EBP=0F000010 (saved=0F000010, preserved=True, valid=False, savedValid=False), ESP=001FEF18
dbug: Win32Emu.Emulator[0]
      [Import] Successfully invoked USER32.DLL!GetMessageA
info: Win32Emu.Emulator[0]
      [Import] Direct call to USER32.DLL!TranslateMessage at 0x0F000130
info: Win32Emu.Emulator[0]
      Dispatching USER32.DLL!TranslateMessage at EIP=0x0F000130 ESP=0x001FEF10 stack=79 32 40 00 28 EF 1F 00 FC EF 1F 00 00 00 00 00
info: Win32Emu.Emulator[0]
      [User32] TranslateMessage: HWND=0x00000000 MSG=0x0000 wParam=0x00000000 lParam=0x00000000
info: Win32Emu.Emulator[0]
      [Dispatcher] USER32.DLL!TranslateMessage returned 0x00000000, argBytes=4, convention=Stdcall
info: Win32Emu.Emulator[0]
      [Import USER32.DLL!TranslateMessage] Return address from stack: ESP=0x001FEF10, retEIP=0x00403279
info: Win32Emu.Emulator[0]
      [Import USER32.DLL!TranslateMessage] Stack state before cleanup:
        [ESP+00] = 0x001FEF10: 0x00403279 (return addr)
        [ESP+04] = 0x001FEF14: 0x001FEF28 (arg1)
        [ESP+08] = 0x001FEF18: 0x001FEFFC
        [ESP+12] = 0x001FEF1C: 0x00000000
        [ESP+16] = 0x001FEF20: 0x00470018
        [ESP+20] = 0x001FEF24: 0x00000000
      
info: Win32Emu.Emulator[0]
      [Import USER32.DLL!TranslateMessage] Stack cleanup: ESP=0x001FEF10, retEIP=0x00403279, argBytes=4, new ESP=0x001FEF18
dbug: Win32Emu.Emulator[0]
      [RegisterValidation] After Import USER32.DLL!TranslateMessage: EBX=0F000130 (saved=0F000130, preserved=True), ESI=0F000040 (saved=0F000040, preserved=True), EDI=0F000030 (saved=0F000030, preserved=True), EBP=0F000010 (saved=0F000010, preserved=True, valid=False, savedValid=False), ESP=001FEF18
dbug: Win32Emu.Emulator[0]
      [Import] Successfully invoked USER32.DLL!TranslateMessage
info: Win32Emu.Emulator[0]
      [Import] Direct call to USER32.DLL!DispatchMessageA at 0x0F000010
info: Win32Emu.Emulator[0]
      Dispatching USER32.DLL!DispatchMessageA at EIP=0x0F000010 ESP=0x001FEF10 stack=80 32 40 00 28 EF 1F 00 FC EF 1F 00 00 00 00 00
info: Win32Emu.Emulator[0]
      [User32] DispatchMessageA: HWND=0x00000000 MSG=0x0000 wParam=0x00000000 lParam=0x00000000
info: Win32Emu.Emulator[0]
      [User32] DispatchMessageA: No WndProc found for HWND=0x00000000
info: Win32Emu.Emulator[0]
      [Dispatcher] USER32.DLL!DispatchMessageA returned 0x00000000, argBytes=4, convention=Stdcall
info: Win32Emu.Emulator[0]
      [Import USER32.DLL!DispatchMessageA] Return address from stack: ESP=0x001FEF10, retEIP=0x00403280
info: Win32Emu.Emulator[0]
      [Import USER32.DLL!DispatchMessageA] Stack state before cleanup:
        [ESP+00] = 0x001FEF10: 0x00403280 (return addr)
        [ESP+04] = 0x001FEF14: 0x001FEF28 (arg1)
        [ESP+08] = 0x001FEF18: 0x001FEFFC
        [ESP+12] = 0x001FEF1C: 0x00000000
        [ESP+16] = 0x001FEF20: 0x00470018
        [ESP+20] = 0x001FEF24: 0x00000000
      
info: Win32Emu.Emulator[0]
      [Import USER32.DLL!DispatchMessageA] Stack cleanup: ESP=0x001FEF10, retEIP=0x00403280, argBytes=4, new ESP=0x001FEF18
dbug: Win32Emu.Emulator[0]
      [RegisterValidation] After Import USER32.DLL!DispatchMessageA: EBX=0F000130 (saved=0F000130, preserved=True), ESI=0F000040 (saved=0F000040, preserved=True), EDI=0F000030 (saved=0F000030, preserved=True), EBP=0F000010 (saved=0F000010, preserved=True, valid=False, savedValid=False), ESP=001FEF18
dbug: Win32Emu.Emulator[0]
      [Import] Successfully invoked USER32.DLL!DispatchMessageA
info: Win32Emu.Emulator[0]
      [Import] Direct call to USER32.DLL!GetMessageA at 0x0F000030
info: Win32Emu.Emulator[0]
      Dispatching USER32.DLL!GetMessageA at EIP=0x0F000030 ESP=0x001FEF04 stack=6E 32 40 00 28 EF 1F 00 00 00 00 00 00 00 00 00
info: Win32Emu.Emulator[0]
      [Dispatcher] USER32.DLL!GetMessageA returned 0x00000001, argBytes=16, convention=Stdcall
info: Win32Emu.Emulator[0]
      [Import USER32.DLL!GetMessageA] Return address from stack: ESP=0x001FEF04, retEIP=0x0040326E
info: Win32Emu.Emulator[0]
      [Import USER32.DLL!GetMessageA] Stack state before cleanup:
        [ESP+00] = 0x001FEF04: 0x0040326E (return addr)
        [ESP+04] = 0x001FEF08: 0x001FEF28 (arg1)
        [ESP+08] = 0x001FEF0C: 0x00000000 (arg2)
        [ESP+12] = 0x001FEF10: 0x00000000 (arg3)
        [ESP+16] = 0x001FEF14: 0x00000000 (arg4)
        [ESP+20] = 0x001FEF18: 0x001FEFFC
      
info: Win32Emu.Emulator[0]
      [Import USER32.DLL!GetMessageA] Stack cleanup: ESP=0x001FEF04, retEIP=0x0040326E, argBytes=16, new ESP=0x001FEF18
dbug: Win32Emu.Emulator[0]
      [RegisterValidation] After Import USER32.DLL!GetMessageA: EBX=0F000130 (saved=0F000130, preserved=True), ESI=0F000040 (saved=0F000040, preserved=True), EDI=0F000030 (saved=0F000030, preserved=True), EBP=0F000010 (saved=0F000010, preserved=True, valid=False, savedValid=False), ESP=001FEF18
dbug: Win32Emu.Emulator[0]
      [Import] Successfully invoked USER32.DLL!GetMessageA
info: Win32Emu.Emulator[0]
      [Import] Direct call to USER32.DLL!TranslateMessage at 0x0F000130
info: Win32Emu.Emulator[0]
      Dispatching USER32.DLL!TranslateMessage at EIP=0x0F000130 ESP=0x001FEF10 stack=79 32 40 00 28 EF 1F 00 FC EF 1F 00 00 00 00 00
info: Win32Emu.Emulator[0]
      [User32] TranslateMessage: HWND=0x00000000 MSG=0x0000 wParam=0x00000000 lParam=0x00000000
info: Win32Emu.Emulator[0]
      [Dispatcher] USER32.DLL!TranslateMessage returned 0x00000000, argBytes=4, convention=Stdcall
info: Win32Emu.Emulator[0]
      [Import USER32.DLL!TranslateMessage] Return address from stack: ESP=0x001FEF10, retEIP=0x00403279
info: Win32Emu.Emulator[0]
      [Import USER32.DLL!TranslateMessage] Stack state before cleanup:
        [ESP+00] = 0x001FEF10: 0x00403279 (return addr)
        [ESP+04] = 0x001FEF14: 0x001FEF28 (arg1)
        [ESP+08] = 0x001FEF18: 0x001FEFFC
        [ESP+12] = 0x001FEF1C: 0x00000000
        [ESP+16] = 0x001FEF20: 0x00470018
        [ESP+20] = 0x001FEF24: 0x00000000
      
info: Win32Emu.Emulator[0]
      [Import USER32.DLL!TranslateMessage] Stack cleanup: ESP=0x001FEF10, retEIP=0x00403279, argBytes=4, new ESP=0x001FEF18
dbug: Win32Emu.Emulator[0]
      [RegisterValidation] After Import USER32.DLL!TranslateMessage: EBX=0F000130 (saved=0F000130, preserved=True), ESI=0F000040 (saved=0F000040, preserved=True), EDI=0F000030 (saved=0F000030, preserved=True), EBP=0F000010 (saved=0F000010, preserved=True, valid=False, savedValid=False), ESP=001FEF18
dbug: Win32Emu.Emulator[0]
      [Import] Successfully invoked USER32.DLL!TranslateMessage
info: Win32Emu.Emulator[0]
      [Import] Direct call to USER32.DLL!DispatchMessageA at 0x0F000010
info: Win32Emu.Emulator[0]
      Dispatching USER32.DLL!DispatchMessageA at EIP=0x0F000010 ESP=0x001FEF10 stack=80 32 40 00 28 EF 1F 00 FC EF 1F 00 00 00 00 00
info: Win32Emu.Emulator[0]
      [User32] DispatchMessageA: HWND=0x00000000 MSG=0x0000 wParam=0x00000000 lParam=0x00000000
info: Win32Emu.Emulator[0]
      [User32] DispatchMessageA: No WndProc found for HWND=0x00000000
info: Win32Emu.Emulator[0]
      [Dispatcher] USER32.DLL!DispatchMessageA returned 0x00000000, argBytes=4, convention=Stdcall
info: Win32Emu.Emulator[0]
      [Import USER32.DLL!DispatchMessageA] Return address from stack: ESP=0x001FEF10, retEIP=0x00403280
info: Win32Emu.Emulator[0]
      [Import USER32.DLL!DispatchMessageA] Stack state before cleanup:
        [ESP+00] = 0x001FEF10: 0x00403280 (return addr)
        [ESP+04] = 0x001FEF14: 0x001FEF28 (arg1)
        [ESP+08] = 0x001FEF18: 0x001FEFFC
        [ESP+12] = 0x001FEF1C: 0x00000000
        [ESP+16] = 0x001FEF20: 0x00470018
        [ESP+20] = 0x001FEF24: 0x00000000
      
info: Win32Emu.Emulator[0]
      [Import USER32.DLL!DispatchMessageA] Stack cleanup: ESP=0x001FEF10, retEIP=0x00403280, argBytes=4, new ESP=0x001FEF18
dbug: Win32Emu.Emulator[0]
      [RegisterValidation] After Import USER32.DLL!DispatchMessageA: EBX=0F000130 (saved=0F000130, preserved=True), ESI=0F000040 (saved=0F000040, preserved=True), EDI=0F000030 (saved=0F000030, preserved=True), EBP=0F000010 (saved=0F000010, preserved=True, valid=False, savedValid=False), ESP=001FEF18
dbug: Win32Emu.Emulator[0]
      [Import] Successfully invoked USER32.DLL!DispatchMessageA
info: Win32Emu.Emulator[0]
      [Import] Direct call to USER32.DLL!GetMessageA at 0x0F000030
info: Win32Emu.Emulator[0]
      Dispatching USER32.DLL!GetMessageA at EIP=0x0F000030 ESP=0x001FEF04 stack=6E 32 40 00 28 EF 1F 00 00 00 00 00 00 00 00 00
info: Win32Emu.Emulator[0]
      [Dispatcher] USER32.DLL!GetMessageA returned 0x00000001, argBytes=16, convention=Stdcall
info: Win32Emu.Emulator[0]
      [Import USER32.DLL!GetMessageA] Return address from stack: ESP=0x001FEF04, retEIP=0x0040326E
info: Win32Emu.Emulator[0]
      [Import USER32.DLL!GetMessageA] Stack state before cleanup:
        [ESP+00] = 0x001FEF04: 0x0040326E (return addr)
        [ESP+04] = 0x001FEF08: 0x001FEF28 (arg1)
        [ESP+08] = 0x001FEF0C: 0x00000000 (arg2)
        [ESP+12] = 0x001FEF10: 0x00000000 (arg3)
        [ESP+16] = 0x001FEF14: 0x00000000 (arg4)
        [ESP+20] = 0x001FEF18: 0x001FEFFC
      
info: Win32Emu.Emulator[0]
      [Import USER32.DLL!GetMessageA] Stack cleanup: ESP=0x001FEF04, retEIP=0x0040326E, argBytes=16, new ESP=0x001FEF18
dbug: Win32Emu.Emulator[0]
      [RegisterValidation] After Import USER32.DLL!GetMessageA: EBX=0F000130 (saved=0F000130, preserved=True), ESI=0F000040 (saved=0F000040, preserved=True), EDI=0F000030 (saved=0F000030, preserved=True), EBP=0F000010 (saved=0F000010, preserved=True, valid=False, savedValid=False), ESP=001FEF18
dbug: Win32Emu.Emulator[0]
      [Import] Successfully invoked USER32.DLL!GetMessageA
info: Win32Emu.Emulator[0]
      [Import] Direct call to USER32.DLL!TranslateMessage at 0x0F000130
info: Win32Emu.Emulator[0]
      Dispatching USER32.DLL!TranslateMessage at EIP=0x0F000130 ESP=0x001FEF10 stack=79 32 40 00 28 EF 1F 00 FC EF 1F 00 00 00 00 00
info: Win32Emu.Emulator[0]
      [User32] TranslateMessage: HWND=0x00000000 MSG=0x0000 wParam=0x00000000 lParam=0x00000000
info: Win32Emu.Emulator[0]
      [Dispatcher] USER32.DLL!TranslateMessage returned 0x00000000, argBytes=4, convention=Stdcall
info: Win32Emu.Emulator[0]
      [Import USER32.DLL!TranslateMessage] Return address from stack: ESP=0x001FEF10, retEIP=0x00403279
info: Win32Emu.Emulator[0]
      [Import USER32.DLL!TranslateMessage] Stack state before cleanup:
        [ESP+00] = 0x001FEF10: 0x00403279 (return addr)
        [ESP+04] = 0x001FEF14: 0x001FEF28 (arg1)
        [ESP+08] = 0x001FEF18: 0x001FEFFC
        [ESP+12] = 0x001FEF1C: 0x00000000
        [ESP+16] = 0x001FEF20: 0x00470018
        [ESP+20] = 0x001FEF24: 0x00000000
      
info: Win32Emu.Emulator[0]
      [Import USER32.DLL!TranslateMessage] Stack cleanup: ESP=0x001FEF10, retEIP=0x00403279, argBytes=4, new ESP=0x001FEF18
dbug: Win32Emu.Emulator[0]
      [RegisterValidation] After Import USER32.DLL!TranslateMessage: EBX=0F000130 (saved=0F000130, preserved=True), ESI=0F000040 (saved=0F000040, preserved=True), EDI=0F000030 (saved=0F000030, preserved=True), EBP=0F000010 (saved=0F000010, preserved=True, valid=False, savedValid=False), ESP=001FEF18
dbug: Win32Emu.Emulator[0]
      [Import] Successfully invoked USER32.DLL!TranslateMessage
info: Win32Emu.Emulator[0]
      [Import] Direct call to USER32.DLL!DispatchMessageA at 0x0F000010
info: Win32Emu.Emulator[0]
      Dispatching USER32.DLL!DispatchMessageA at EIP=0x0F000010 ESP=0x001FEF10 stack=80 32 40 00 28 EF 1F 00 FC EF 1F 00 00 00 00 00
info: Win32Emu.Emulator[0]
      [User32] DispatchMessageA: HWND=0x00000000 MSG=0x0000 wParam=0x00000000 lParam=0x00000000
info: Win32Emu.Emulator[0]
      [User32] DispatchMessageA: No WndProc found for HWND=0x00000000
info: Win32Emu.Emulator[0]
      [Dispatcher] USER32.DLL!DispatchMessageA returned 0x00000000, argBytes=4, convention=Stdcall
info: Win32Emu.Emulator[0]
      [Import USER32.DLL!DispatchMessageA] Return address from stack: ESP=0x001FEF10, retEIP=0x00403280
info: Win32Emu.Emulator[0]
      [Import USER32.DLL!DispatchMessageA] Stack state before cleanup:
        [ESP+00] = 0x001FEF10: 0x00403280 (return addr)
        [ESP+04] = 0x001FEF14: 0x001FEF28 (arg1)
        [ESP+08] = 0x001FEF18: 0x001FEFFC
        [ESP+12] = 0x001FEF1C: 0x00000000
        [ESP+16] = 0x001FEF20: 0x00470018
        [ESP+20] = 0x001FEF24: 0x00000000
      
info: Win32Emu.Emulator[0]
      [Import USER32.DLL!DispatchMessageA] Stack cleanup: ESP=0x001FEF10, retEIP=0x00403280, argBytes=4, new ESP=0x001FEF18
dbug: Win32Emu.Emulator[0]
      [RegisterValidation] After Import USER32.DLL!DispatchMessageA: EBX=0F000130 (saved=0F000130, preserved=True), ESI=0F000040 (saved=0F000040, preserved=True), EDI=0F000030 (saved=0F000030, preserved=True), EBP=0F000010 (saved=0F000010, preserved=True, valid=False, savedValid=False), ESP=001FEF18
dbug: Win32Emu.Emulator[0]
      [Import] Successfully invoked USER32.DLL!DispatchMessageA
info: Win32Emu.Emulator[0]
      [Import] Direct call to USER32.DLL!GetMessageA at 0x0F000030
info: Win32Emu.Emulator[0]
      Dispatching USER32.DLL!GetMessageA at EIP=0x0F000030 ESP=0x001FEF04 stack=6E 32 40 00 28 EF 1F 00 00 00 00 00 00 00 00 00
info: Win32Emu.Emulator[0]
      [Dispatcher] USER32.DLL!GetMessageA returned 0x00000001, argBytes=16, convention=Stdcall
info: Win32Emu.Emulator[0]
      [Import USER32.DLL!GetMessageA] Return address from stack: ESP=0x001FEF04, retEIP=0x0040326E
info: Win32Emu.Emulator[0]
      [Import USER32.DLL!GetMessageA] Stack state before cleanup:
        [ESP+00] = 0x001FEF04: 0x0040326E (return addr)
        [ESP+04] = 0x001FEF08: 0x001FEF28 (arg1)
        [ESP+08] = 0x001FEF0C: 0x00000000 (arg2)
        [ESP+12] = 0x001FEF10: 0x00000000 (arg3)
        [ESP+16] = 0x001FEF14: 0x00000000 (arg4)
        [ESP+20] = 0x001FEF18: 0x001FEFFC
      
info: Win32Emu.Emulator[0]
      [Import USER32.DLL!GetMessageA] Stack cleanup: ESP=0x001FEF04, retEIP=0x0040326E, argBytes=16, new ESP=0x001FEF18
dbug: Win32Emu.Emulator[0]
      [RegisterValidation] After Import USER32.DLL!GetMessageA: EBX=0F000130 (saved=0F000130, preserved=True), ESI=0F000040 (saved=0F000040, preserved=True), EDI=0F000030 (saved=0F000030, preserved=True), EBP=0F000010 (saved=0F000010, preserved=True, valid=False, savedValid=False), ESP=001FEF18
dbug: Win32Emu.Emulator[0]
      [Import] Successfully invoked USER32.DLL!GetMessageA
info: Win32Emu.Emulator[0]
      [Import] Direct call to USER32.DLL!TranslateMessage at 0x0F000130
info: Win32Emu.Emulator[0]
      Dispatching USER32.DLL!TranslateMessage at EIP=0x0F000130 ESP=0x001FEF10 stack=79 32 40 00 28 EF 1F 00 FC EF 1F 00 00 00 00 00
info: Win32Emu.Emulator[0]
      [User32] TranslateMessage: HWND=0x00000000 MSG=0x0000 wParam=0x00000000 lParam=0x00000000
info: Win32Emu.Emulator[0]
      [Dispatcher] USER32.DLL!TranslateMessage returned 0x00000000, argBytes=4, convention=Stdcall
info: Win32Emu.Emulator[0]
      [Import USER32.DLL!TranslateMessage] Return address from stack: ESP=0x001FEF10, retEIP=0x00403279
info: Win32Emu.Emulator[0]
      [Import USER32.DLL!TranslateMessage] Stack state before cleanup:
        [ESP+00] = 0x001FEF10: 0x00403279 (return addr)
        [ESP+04] = 0x001FEF14: 0x001FEF28 (arg1)
        [ESP+08] = 0x001FEF18: 0x001FEFFC
        [ESP+12] = 0x001FEF1C: 0x00000000
        [ESP+16] = 0x001FEF20: 0x00470018
        [ESP+20] = 0x001FEF24: 0x00000000
      
info: Win32Emu.Emulator[0]
      [Import USER32.DLL!TranslateMessage] Stack cleanup: ESP=0x001FEF10, retEIP=0x00403279, argBytes=4, new ESP=0x001FEF18
dbug: Win32Emu.Emulator[0]
      [RegisterValidation] After Import USER32.DLL!TranslateMessage: EBX=0F000130 (saved=0F000130, preserved=True), ESI=0F000040 (saved=0F000040, preserved=True), EDI=0F000030 (saved=0F000030, preserved=True), EBP=0F000010 (saved=0F000010, preserved=True, valid=False, savedValid=False), ESP=001FEF18
dbug: Win32Emu.Emulator[0]
      [Import] Successfully invoked USER32.DLL!TranslateMessage
info: Win32Emu.Emulator[0]
      [Import] Direct call to USER32.DLL!DispatchMessageA at 0x0F000010
info: Win32Emu.Emulator[0]
      Dispatching USER32.DLL!DispatchMessageA at EIP=0x0F000010 ESP=0x001FEF10 stack=80 32 40 00 28 EF 1F 00 FC EF 1F 00 00 00 00 00
info: Win32Emu.Emulator[0]
      [User32] DispatchMessageA: HWND=0x00000000 MSG=0x0000 wParam=0x00000000 lParam=0x00000000
info: Win32Emu.Emulator[0]
      [User32] DispatchMessageA: No WndProc found for HWND=0x00000000
info: Win32Emu.Emulator[0]
      [Dispatcher] USER32.DLL!DispatchMessageA returned 0x00000000, argBytes=4, convention=Stdcall
info: Win32Emu.Emulator[0]
      [Import USER32.DLL!DispatchMessageA] Return address from stack: ESP=0x001FEF10, retEIP=0x00403280
info: Win32Emu.Emulator[0]
      [Import USER32.DLL!DispatchMessageA] Stack state before cleanup:
        [ESP+00] = 0x001FEF10: 0x00403280 (return addr)
        [ESP+04] = 0x001FEF14: 0x001FEF28 (arg1)
        [ESP+08] = 0x001FEF18: 0x001FEFFC
        [ESP+12] = 0x001FEF1C: 0x00000000
        [ESP+16] = 0x001FEF20: 0x00470018
        [ESP+20] = 0x001FEF24: 0x00000000
      
info: Win32Emu.Emulator[0]
      [Import USER32.DLL!DispatchMessageA] Stack cleanup: ESP=0x001FEF10, retEIP=0x00403280, argBytes=4, new ESP=0x001FEF18
dbug: Win32Emu.Emulator[0]
      [RegisterValidation] After Import USER32.DLL!DispatchMessageA: EBX=0F000130 (saved=0F000130, preserved=True), ESI=0F000040 (saved=0F000040, preserved=True), EDI=0F000030 (saved=0F000030, preserved=True), EBP=0F000010 (saved=0F000010, preserved=True, valid=False, savedValid=False), ESP=001FEF18
dbug: Win32Emu.Emulator[0]
      [Import] Successfully invoked USER32.DLL!DispatchMessageA
info: Win32Emu.Emulator[0]
      [Import] Direct call to USER32.DLL!GetMessageA at 0x0F000030
info: Win32Emu.Emulator[0]
      Dispatching USER32.DLL!GetMessageA at EIP=0x0F000030 ESP=0x001FEF04 stack=6E 32 40 00 28 EF 1F 00 00 00 00 00 00 00 00 00
