Using launch settings from /home/runner/work/Win32Emu/Win32Emu/Win32Emu.Gui/Properties/launchSettings.json...
Warning: Could not enable file logging: File not found: /home/runner/work/Win32Emu/Win32Emu/diagnostic_logs/ign_demo_20260106_112155.log
info: Win32Emu.Emulator[0]
      Logging to file: /home/runner/work/Win32Emu/Win32Emu/diagnostic_logs/ign_demo_20260106_112155.log
info: Win32Emu.Emulator[0]
      Using existing virtual disk: /tmp/Win32Emu_VHDs/IGN_DEMO_5dbfba27b9511c57.vhd
info: Win32Emu.Emulator[0]
      Using virtual disk: /tmp/Win32Emu_VHDs/IGN_DEMO_5dbfba27b9511c57.vhd
info: Win32Emu.Emulator[0]
      Executable VFS path: C:\ign_demo\IGN_DEMO.EXE
info: Win32Emu.Emulator[0]
      [Loader] Extracting executable from virtual disk: C:\ign_demo\IGN_DEMO.EXE
info: Win32Emu.Emulator[0]
      [DiskVFS] Mounted VHD: /tmp/Win32Emu_VHDs/IGN_DEMO_5dbfba27b9511c57.vhd (Read-Write)
info: Win32Emu.Emulator[0]
      [DiskVFS] FindCaseInsensitivePath: Searching for '\ign_demo\IGN_DEMO.EXE'
info: Win32Emu.Emulator[0]
      [DiskVFS] FindCaseInsensitivePath: File exists as-is: '\ign_demo\IGN_DEMO.EXE'
dbug: Win32Emu.Emulator[0]
      [DiskVFS] Opened file: \ign_demo\IGN_DEMO.EXE
info: Win32Emu.Emulator[0]
      [Loader] Extracted 891392 bytes from virtual disk
info: Win32Emu.Emulator[0]
      [DiskVFS] Disposed
info: Win32Emu.Emulator[0]
      [Loader] Host OS: Ubuntu 24.04.3 LTS
info: Win32Emu.Emulator[0]
      [Loader] Host OS Architecture: X64
info: Win32Emu.Emulator[0]
      [Loader] Host Process Architecture: X64
info: Win32Emu.Emulator[0]
      [Loader] Host Framework: .NET 10.0.1
info: Win32Emu.Emulator[0]
      [Loader] Host Runtime Identifier: linux-x64
dbug: Win32Emu.Emulator[0]
      [Loader] Loading executable: C:\ign_demo\IGN_DEMO.EXE
info: Win32Emu.Emulator[0]
      [Memory] Configured size: 256 MB, Address space: 4096 MB (sparse, pages allocated on-demand)
info: Win32Emu.Emulator[0]
      [Loader] Detected format: PE32
dbug: Win32Emu.Emulator[0]
      [Loader] Loading PE headers: Size=0x00000400 at ImageBase=0x00400000
dbug: Win32Emu.Emulator[0]
      [Loader] Loaded 0x00000400 bytes of PE headers
dbug: Win32Emu.Emulator[0]
      [Loader] Loading section ., t, e, x, t: RVA=0x00001000, VirtualSize=0x00075CAC, RawDataSize=0x00075E00, Flags=0x60000020
dbug: Win32Emu.Emulator[0]
      [Loader] Section ., t, e, x, t has RawDataSize (0x00075E00) > VirtualSize (0x00075CAC), truncating to VirtualSize to avoid writing beyond section bounds
dbug: Win32Emu.Emulator[0]
      [Loader] Loading section ., r, d, a, t, a: RVA=0x00077000, VirtualSize=0x00002560, RawDataSize=0x00002600, Flags=0x40000040
dbug: Win32Emu.Emulator[0]
      [Loader] Section ., r, d, a, t, a has RawDataSize (0x00002600) > VirtualSize (0x00002560), truncating to VirtualSize to avoid writing beyond section bounds
dbug: Win32Emu.Emulator[0]
      [Loader] Loading section ., d, a, t, a: RVA=0x0007A000, VirtualSize=0x00243BF0, RawDataSize=0x0003D800, Flags=0xC0000040
dbug: Win32Emu.Emulator[0]
      [Loader] Section ., d, a, t, a has VirtualSize (0x00243BF0) > RawDataSize (0x0003D800), extra 0x002063F0 bytes remain zero-filled
dbug: Win32Emu.Emulator[0]
      [Loader] Loading section ., i, d, a, t, a: RVA=0x002BE000, VirtualSize=0x00000C54, RawDataSize=0x00000E00, Flags=0xC0000040
dbug: Win32Emu.Emulator[0]
      [Loader] Section ., i, d, a, t, a has RawDataSize (0x00000E00) > VirtualSize (0x00000C54), truncating to VirtualSize to avoid writing beyond section bounds
dbug: Win32Emu.Emulator[0]
      [Loader] Loading section S, T, A, C, K: RVA=0x002BF000, VirtualSize=0x00000200, RawDataSize=0x00000200, Flags=0xC0000040
dbug: Win32Emu.Emulator[0]
      [Loader] Loading section c, o, d, e: RVA=0x002C0000, VirtualSize=0x00001597, RawDataSize=0x00001600, Flags=0xC0000040
dbug: Win32Emu.Emulator[0]
      [Loader] Section c, o, d, e has RawDataSize (0x00001600) > VirtualSize (0x00001597), truncating to VirtualSize to avoid writing beyond section bounds
dbug: Win32Emu.Emulator[0]
      [Loader] Loading section ., r, s, r, c: RVA=0x002C2000, VirtualSize=0x00006420, RawDataSize=0x00006600, Flags=0x40000040
dbug: Win32Emu.Emulator[0]
      [Loader] Section ., r, s, r, c has RawDataSize (0x00006600) > VirtualSize (0x00006420), truncating to VirtualSize to avoid writing beyond section bounds
dbug: Win32Emu.Emulator[0]
      [Loader] Loading section ., r, e, l, o, c: RVA=0x002C9000, VirtualSize=0x00016A20, RawDataSize=0x00016C00, Flags=0x42000040
dbug: Win32Emu.Emulator[0]
      [Loader] Section ., r, e, l, o, c has RawDataSize (0x00016C00) > VirtualSize (0x00016A20), truncating to VirtualSize to avoid writing beyond section bounds
dbug: Win32Emu.Emulator[0]
      [Loader] Image loaded at preferred base 0x00400000, no relocations needed
info: Win32Emu.Emulator[0]
      [Loader] Created syscall dispatcher at 0x0E000000
info: Win32Emu.Emulator[0]
      [Loader] Processing imports from DLL: KERNEL32.dll (63 symbols)
dbug: Win32Emu.Emulator[0]
      [Loader] IAT entry at VA 0x006BE2CC contains unusual value 0x002BE49E before writing synthetic address.
info: Win32Emu.Emulator[0]
      [Loader] Mapped import: KERNEL32.DLL!QueryPerformanceFrequency -> IAT VA 0x006BE2CC = synthetic 0x0F000000
dbug: Win32Emu.Emulator[0]
      [Loader] IAT entry at VA 0x006BE2D0 contains unusual value 0x002BE880 before writing synthetic address.
info: Win32Emu.Emulator[0]
      [Loader] Mapped import: KERNEL32.DLL!FreeEnvironmentStringsW -> IAT VA 0x006BE2D0 = synthetic 0x0F000010
dbug: Win32Emu.Emulator[0]
      [Loader] IAT entry at VA 0x006BE2D4 contains unusual value 0x002BE8FE before writing synthetic address.
info: Win32Emu.Emulator[0]
      [Loader] Mapped import: KERNEL32.DLL!GetFileType -> IAT VA 0x006BE2D4 = synthetic 0x0F000020
dbug: Win32Emu.Emulator[0]
      [Loader] IAT entry at VA 0x006BE2D8 contains unusual value 0x002BE90C before writing synthetic address.
info: Win32Emu.Emulator[0]
      [Loader] Mapped import: KERNEL32.DLL!GetStdHandle -> IAT VA 0x006BE2D8 = synthetic 0x0F000030
dbug: Win32Emu.Emulator[0]
      [Loader] IAT entry at VA 0x006BE2DC contains unusual value 0x002BE7A2 before writing synthetic address.
info: Win32Emu.Emulator[0]
      [Loader] Mapped import: KERNEL32.DLL!ReadFile -> IAT VA 0x006BE2DC = synthetic 0x0F000040
dbug: Win32Emu.Emulator[0]
      [Loader] IAT entry at VA 0x006BE2E0 contains unusual value 0x002BE7AE before writing synthetic address.
info: Win32Emu.Emulator[0]
      [Loader] Mapped import: KERNEL32.DLL!HeapDestroy -> IAT VA 0x006BE2E0 = synthetic 0x0F000050
dbug: Win32Emu.Emulator[0]
      [Loader] IAT entry at VA 0x006BE2E4 contains unusual value 0x002BE9EA before writing synthetic address.
info: Win32Emu.Emulator[0]
      [Loader] Mapped import: KERNEL32.DLL!RaiseException -> IAT VA 0x006BE2E4 = synthetic 0x0F000060
dbug: Win32Emu.Emulator[0]
      [Loader] IAT entry at VA 0x006BE2E8 contains unusual value 0x002BE9DA before writing synthetic address.
info: Win32Emu.Emulator[0]
      [Loader] Mapped import: KERNEL32.DLL!LCMapStringW -> IAT VA 0x006BE2E8 = synthetic 0x0F000070
dbug: Win32Emu.Emulator[0]
      [Loader] IAT entry at VA 0x006BE2EC contains unusual value 0x002BE9CA before writing synthetic address.
info: Win32Emu.Emulator[0]
      [Loader] Mapped import: KERNEL32.DLL!LCMapStringA -> IAT VA 0x006BE2EC = synthetic 0x0F000080
dbug: Win32Emu.Emulator[0]
      [Loader] IAT entry at VA 0x006BE2F0 contains unusual value 0x002BEA3A before writing synthetic address.
info: Win32Emu.Emulator[0]
      [Loader] Mapped import: KERNEL32.DLL!HeapReAlloc -> IAT VA 0x006BE2F0 = synthetic 0x0F000090
dbug: Win32Emu.Emulator[0]
      [Loader] IAT entry at VA 0x006BE2F4 contains unusual value 0x002BEA20 before writing synthetic address.
info: Win32Emu.Emulator[0]
      [Loader] Mapped import: KERNEL32.DLL!SetEnvironmentVariableA -> IAT VA 0x006BE2F4 = synthetic 0x0F0000A0
dbug: Win32Emu.Emulator[0]
      [Loader] IAT entry at VA 0x006BE2F8 contains unusual value 0x002BEA0E before writing synthetic address.
info: Win32Emu.Emulator[0]
      [Loader] Mapped import: KERNEL32.DLL!CompareStringW -> IAT VA 0x006BE2F8 = synthetic 0x0F0000B0
dbug: Win32Emu.Emulator[0]
      [Loader] IAT entry at VA 0x006BE2FC contains unusual value 0x002BE9FC before writing synthetic address.
info: Win32Emu.Emulator[0]
      [Loader] Mapped import: KERNEL32.DLL!CompareStringA -> IAT VA 0x006BE2FC = synthetic 0x0F0000C0
dbug: Win32Emu.Emulator[0]
      [Loader] IAT entry at VA 0x006BE300 contains unusual value 0x002BE62C before writing synthetic address.
info: Win32Emu.Emulator[0]
      [Loader] Mapped import: KERNEL32.DLL!GlobalFree -> IAT VA 0x006BE300 = synthetic 0x0F0000D0
dbug: Win32Emu.Emulator[0]
      [Loader] IAT entry at VA 0x006BE304 contains unusual value 0x002BE63A before writing synthetic address.
info: Win32Emu.Emulator[0]
      [Loader] Mapped import: KERNEL32.DLL!GlobalUnlock -> IAT VA 0x006BE304 = synthetic 0x0F0000E0
dbug: Win32Emu.Emulator[0]
      [Loader] IAT entry at VA 0x006BE308 contains unusual value 0x002BE64A before writing synthetic address.
info: Win32Emu.Emulator[0]
      [Loader] Mapped import: KERNEL32.DLL!GlobalHandle -> IAT VA 0x006BE308 = synthetic 0x0F0000F0
dbug: Win32Emu.Emulator[0]
      [Loader] IAT entry at VA 0x006BE30C contains unusual value 0x002BE65A before writing synthetic address.
info: Win32Emu.Emulator[0]
      [Loader] Mapped import: KERNEL32.DLL!GlobalLock -> IAT VA 0x006BE30C = synthetic 0x0F000100
dbug: Win32Emu.Emulator[0]
      [Loader] IAT entry at VA 0x006BE310 contains unusual value 0x002BE668 before writing synthetic address.
info: Win32Emu.Emulator[0]
      [Loader] Mapped import: KERNEL32.DLL!GlobalAlloc -> IAT VA 0x006BE310 = synthetic 0x0F000110
dbug: Win32Emu.Emulator[0]
      [Loader] IAT entry at VA 0x006BE314 contains unusual value 0x002BE676 before writing synthetic address.
info: Win32Emu.Emulator[0]
      [Loader] Mapped import: KERNEL32.DLL!HeapAlloc -> IAT VA 0x006BE314 = synthetic 0x0F000120
dbug: Win32Emu.Emulator[0]
      [Loader] IAT entry at VA 0x006BE318 contains unusual value 0x002BE682 before writing synthetic address.
info: Win32Emu.Emulator[0]
      [Loader] Mapped import: KERNEL32.DLL!HeapFree -> IAT VA 0x006BE318 = synthetic 0x0F000130
dbug: Win32Emu.Emulator[0]
      [Loader] IAT entry at VA 0x006BE31C contains unusual value 0x002BE68E before writing synthetic address.
info: Win32Emu.Emulator[0]
      [Loader] Mapped import: KERNEL32.DLL!ExitProcess -> IAT VA 0x006BE31C = synthetic 0x0F000140
dbug: Win32Emu.Emulator[0]
      [Loader] IAT entry at VA 0x006BE320 contains unusual value 0x002BE69C before writing synthetic address.
info: Win32Emu.Emulator[0]
      [Loader] Mapped import: KERNEL32.DLL!TerminateProcess -> IAT VA 0x006BE320 = synthetic 0x0F000150
dbug: Win32Emu.Emulator[0]
      [Loader] IAT entry at VA 0x006BE324 contains unusual value 0x002BE6B0 before writing synthetic address.
info: Win32Emu.Emulator[0]
      [Loader] Mapped import: KERNEL32.DLL!GetCurrentProcess -> IAT VA 0x006BE324 = synthetic 0x0F000160
dbug: Win32Emu.Emulator[0]
      [Loader] IAT entry at VA 0x006BE328 contains unusual value 0x002BE6C4 before writing synthetic address.
info: Win32Emu.Emulator[0]
      [Loader] Mapped import: KERNEL32.DLL!GetModuleHandleA -> IAT VA 0x006BE328 = synthetic 0x0F000170
dbug: Win32Emu.Emulator[0]
      [Loader] IAT entry at VA 0x006BE32C contains unusual value 0x002BE6D8 before writing synthetic address.
info: Win32Emu.Emulator[0]
      [Loader] Mapped import: KERNEL32.DLL!GetStartupInfoA -> IAT VA 0x006BE32C = synthetic 0x0F000180
dbug: Win32Emu.Emulator[0]
      [Loader] IAT entry at VA 0x006BE330 contains unusual value 0x002BE6EA before writing synthetic address.
info: Win32Emu.Emulator[0]
      [Loader] Mapped import: KERNEL32.DLL!GetCommandLineA -> IAT VA 0x006BE330 = synthetic 0x0F000190
dbug: Win32Emu.Emulator[0]
      [Loader] IAT entry at VA 0x006BE334 contains unusual value 0x002BE6FC before writing synthetic address.
info: Win32Emu.Emulator[0]
      [Loader] Mapped import: KERNEL32.DLL!GetVersion -> IAT VA 0x006BE334 = synthetic 0x0F0001A0
dbug: Win32Emu.Emulator[0]
      [Loader] IAT entry at VA 0x006BE338 contains unusual value 0x002BE70A before writing synthetic address.
info: Win32Emu.Emulator[0]
      [Loader] Mapped import: KERNEL32.DLL!GetLastError -> IAT VA 0x006BE338 = synthetic 0x0F0001B0
dbug: Win32Emu.Emulator[0]
      [Loader] IAT entry at VA 0x006BE33C contains unusual value 0x002BE71A before writing synthetic address.
info: Win32Emu.Emulator[0]
      [Loader] Mapped import: KERNEL32.DLL!DeleteFileA -> IAT VA 0x006BE33C = synthetic 0x0F0001C0
dbug: Win32Emu.Emulator[0]
      [Loader] IAT entry at VA 0x006BE340 contains unusual value 0x002BE728 before writing synthetic address.
info: Win32Emu.Emulator[0]
      [Loader] Mapped import: KERNEL32.DLL!MoveFileA -> IAT VA 0x006BE340 = synthetic 0x0F0001D0
dbug: Win32Emu.Emulator[0]
      [Loader] IAT entry at VA 0x006BE344 contains unusual value 0x002BE734 before writing synthetic address.
info: Win32Emu.Emulator[0]
      [Loader] Mapped import: KERNEL32.DLL!FindFirstFileA -> IAT VA 0x006BE344 = synthetic 0x0F0001E0
dbug: Win32Emu.Emulator[0]
      [Loader] IAT entry at VA 0x006BE348 contains unusual value 0x002BE746 before writing synthetic address.
info: Win32Emu.Emulator[0]
      [Loader] Mapped import: KERNEL32.DLL!FindNextFileA -> IAT VA 0x006BE348 = synthetic 0x0F0001F0
dbug: Win32Emu.Emulator[0]
      [Loader] IAT entry at VA 0x006BE34C contains unusual value 0x002BE756 before writing synthetic address.
info: Win32Emu.Emulator[0]
      [Loader] Mapped import: KERNEL32.DLL!FindClose -> IAT VA 0x006BE34C = synthetic 0x0F000200
dbug: Win32Emu.Emulator[0]
      [Loader] IAT entry at VA 0x006BE350 contains unusual value 0x002BE762 before writing synthetic address.
info: Win32Emu.Emulator[0]
      [Loader] Mapped import: KERNEL32.DLL!FileTimeToSystemTime -> IAT VA 0x006BE350 = synthetic 0x0F000210
dbug: Win32Emu.Emulator[0]
      [Loader] IAT entry at VA 0x006BE354 contains unusual value 0x002BE77A before writing synthetic address.
info: Win32Emu.Emulator[0]
      [Loader] Mapped import: KERNEL32.DLL!FileTimeToLocalFileTime -> IAT VA 0x006BE354 = synthetic 0x0F000220
dbug: Win32Emu.Emulator[0]
      [Loader] IAT entry at VA 0x006BE358 contains unusual value 0x002BE794 before writing synthetic address.
info: Win32Emu.Emulator[0]
      [Loader] Mapped import: KERNEL32.DLL!CloseHandle -> IAT VA 0x006BE358 = synthetic 0x0F000230
dbug: Win32Emu.Emulator[0]
      [Loader] IAT entry at VA 0x006BE35C contains unusual value 0x002BE9A0 before writing synthetic address.
info: Win32Emu.Emulator[0]
      [Loader] Mapped import: KERNEL32.DLL!GetTimeZoneInformation -> IAT VA 0x006BE35C = synthetic 0x0F000240
dbug: Win32Emu.Emulator[0]
      [Loader] IAT entry at VA 0x006BE360 contains unusual value 0x002BE9BA before writing synthetic address.
info: Win32Emu.Emulator[0]
      [Loader] Mapped import: KERNEL32.DLL!SetEndOfFile -> IAT VA 0x006BE360 = synthetic 0x0F000250
dbug: Win32Emu.Emulator[0]
      [Loader] IAT entry at VA 0x006BE364 contains unusual value 0x002BE7BC before writing synthetic address.
info: Win32Emu.Emulator[0]
      [Loader] Mapped import: KERNEL32.DLL!HeapCreate -> IAT VA 0x006BE364 = synthetic 0x0F000260
dbug: Win32Emu.Emulator[0]
      [Loader] IAT entry at VA 0x006BE368 contains unusual value 0x002BE7CA before writing synthetic address.
info: Win32Emu.Emulator[0]
      [Loader] Mapped import: KERNEL32.DLL!VirtualFree -> IAT VA 0x006BE368 = synthetic 0x0F000270
dbug: Win32Emu.Emulator[0]
      [Loader] IAT entry at VA 0x006BE36C contains unusual value 0x002BE7D8 before writing synthetic address.
info: Win32Emu.Emulator[0]
      [Loader] Mapped import: KERNEL32.DLL!VirtualAlloc -> IAT VA 0x006BE36C = synthetic 0x0F000280
dbug: Win32Emu.Emulator[0]
      [Loader] IAT entry at VA 0x006BE370 contains unusual value 0x002BE7E8 before writing synthetic address.
info: Win32Emu.Emulator[0]
      [Loader] Mapped import: KERNEL32.DLL!GetProcAddress -> IAT VA 0x006BE370 = synthetic 0x0F000290
dbug: Win32Emu.Emulator[0]
      [Loader] IAT entry at VA 0x006BE374 contains unusual value 0x002BE7FA before writing synthetic address.
info: Win32Emu.Emulator[0]
      [Loader] Mapped import: KERNEL32.DLL!RtlUnwind -> IAT VA 0x006BE374 = synthetic 0x0F0002A0
dbug: Win32Emu.Emulator[0]
      [Loader] IAT entry at VA 0x006BE378 contains unusual value 0x002BE806 before writing synthetic address.
info: Win32Emu.Emulator[0]
      [Loader] Mapped import: KERNEL32.DLL!UnhandledExceptionFilter -> IAT VA 0x006BE378 = synthetic 0x0F0002B0
dbug: Win32Emu.Emulator[0]
      [Loader] IAT entry at VA 0x006BE37C contains unusual value 0x002BE822 before writing synthetic address.
info: Win32Emu.Emulator[0]
      [Loader] Mapped import: KERNEL32.DLL!GetModuleFileNameA -> IAT VA 0x006BE37C = synthetic 0x0F0002C0
dbug: Win32Emu.Emulator[0]
      [Loader] IAT entry at VA 0x006BE380 contains unusual value 0x002BE838 before writing synthetic address.
info: Win32Emu.Emulator[0]
      [Loader] Mapped import: KERNEL32.DLL!FreeEnvironmentStringsA -> IAT VA 0x006BE380 = synthetic 0x0F0002D0
dbug: Win32Emu.Emulator[0]
      [Loader] IAT entry at VA 0x006BE384 contains unusual value 0x002BE852 before writing synthetic address.
info: Win32Emu.Emulator[0]
      [Loader] Mapped import: KERNEL32.DLL!MultiByteToWideChar -> IAT VA 0x006BE384 = synthetic 0x0F0002E0
dbug: Win32Emu.Emulator[0]
      [Loader] IAT entry at VA 0x006BE388 contains unusual value 0x002BE868 before writing synthetic address.
info: Win32Emu.Emulator[0]
      [Loader] Mapped import: KERNEL32.DLL!GetEnvironmentStrings -> IAT VA 0x006BE388 = synthetic 0x0F0002F0
dbug: Win32Emu.Emulator[0]
      [Loader] IAT entry at VA 0x006BE38C contains unusual value 0x002BE484 before writing synthetic address.
info: Win32Emu.Emulator[0]
      [Loader] Mapped import: KERNEL32.DLL!QueryPerformanceCounter -> IAT VA 0x006BE38C = synthetic 0x0F000300
dbug: Win32Emu.Emulator[0]
      [Loader] IAT entry at VA 0x006BE390 contains unusual value 0x002BE89A before writing synthetic address.
info: Win32Emu.Emulator[0]
      [Loader] Mapped import: KERNEL32.DLL!GetEnvironmentStringsW -> IAT VA 0x006BE390 = synthetic 0x0F000310
dbug: Win32Emu.Emulator[0]
      [Loader] IAT entry at VA 0x006BE394 contains unusual value 0x002BE8B4 before writing synthetic address.
info: Win32Emu.Emulator[0]
      [Loader] Mapped import: KERNEL32.DLL!WideCharToMultiByte -> IAT VA 0x006BE394 = synthetic 0x0F000320
dbug: Win32Emu.Emulator[0]
      [Loader] IAT entry at VA 0x006BE398 contains unusual value 0x002BE8CA before writing synthetic address.
info: Win32Emu.Emulator[0]
      [Loader] Mapped import: KERNEL32.DLL!GetCPInfo -> IAT VA 0x006BE398 = synthetic 0x0F000330
dbug: Win32Emu.Emulator[0]
      [Loader] IAT entry at VA 0x006BE39C contains unusual value 0x002BE8D6 before writing synthetic address.
info: Win32Emu.Emulator[0]
      [Loader] Mapped import: KERNEL32.DLL!GetACP -> IAT VA 0x006BE39C = synthetic 0x0F000340
dbug: Win32Emu.Emulator[0]
      [Loader] IAT entry at VA 0x006BE3A0 contains unusual value 0x002BE8E0 before writing synthetic address.
info: Win32Emu.Emulator[0]
      [Loader] Mapped import: KERNEL32.DLL!GetOEMCP -> IAT VA 0x006BE3A0 = synthetic 0x0F000350
dbug: Win32Emu.Emulator[0]
      [Loader] IAT entry at VA 0x006BE3A4 contains unusual value 0x002BE8EC before writing synthetic address.
info: Win32Emu.Emulator[0]
      [Loader] Mapped import: KERNEL32.DLL!SetHandleCount -> IAT VA 0x006BE3A4 = synthetic 0x0F000360
dbug: Win32Emu.Emulator[0]
      [Loader] IAT entry at VA 0x006BE3A8 contains unusual value 0x002BE94E before writing synthetic address.
info: Win32Emu.Emulator[0]
      [Loader] Mapped import: KERNEL32.DLL!SetStdHandle -> IAT VA 0x006BE3A8 = synthetic 0x0F000370
dbug: Win32Emu.Emulator[0]
      [Loader] IAT entry at VA 0x006BE3AC contains unusual value 0x002BE91C before writing synthetic address.
info: Win32Emu.Emulator[0]
      [Loader] Mapped import: KERNEL32.DLL!WriteFile -> IAT VA 0x006BE3AC = synthetic 0x0F000380
dbug: Win32Emu.Emulator[0]
      [Loader] IAT entry at VA 0x006BE3B0 contains unusual value 0x002BE928 before writing synthetic address.
info: Win32Emu.Emulator[0]
      [Loader] Mapped import: KERNEL32.DLL!SetFilePointer -> IAT VA 0x006BE3B0 = synthetic 0x0F000390
dbug: Win32Emu.Emulator[0]
      [Loader] IAT entry at VA 0x006BE3B4 contains unusual value 0x002BE93A before writing synthetic address.
info: Win32Emu.Emulator[0]
      [Loader] Mapped import: KERNEL32.DLL!FlushFileBuffers -> IAT VA 0x006BE3B4 = synthetic 0x0F0003A0
dbug: Win32Emu.Emulator[0]
      [Loader] IAT entry at VA 0x006BE3B8 contains unusual value 0x002BE97C before writing synthetic address.
info: Win32Emu.Emulator[0]
      [Loader] Mapped import: KERNEL32.DLL!GetStringTypeA -> IAT VA 0x006BE3B8 = synthetic 0x0F0003B0
dbug: Win32Emu.Emulator[0]
      [Loader] IAT entry at VA 0x006BE3BC contains unusual value 0x002BE95E before writing synthetic address.
info: Win32Emu.Emulator[0]
      [Loader] Mapped import: KERNEL32.DLL!CreateFileA -> IAT VA 0x006BE3BC = synthetic 0x0F0003C0
dbug: Win32Emu.Emulator[0]
      [Loader] IAT entry at VA 0x006BE3C0 contains unusual value 0x002BE96C before writing synthetic address.
info: Win32Emu.Emulator[0]
      [Loader] Mapped import: KERNEL32.DLL!LoadLibraryA -> IAT VA 0x006BE3C0 = synthetic 0x0F0003D0
dbug: Win32Emu.Emulator[0]
      [Loader] IAT entry at VA 0x006BE3C4 contains unusual value 0x002BE98E before writing synthetic address.
info: Win32Emu.Emulator[0]
      [Loader] Mapped import: KERNEL32.DLL!GetStringTypeW -> IAT VA 0x006BE3C4 = synthetic 0x0F0003E0
info: Win32Emu.Emulator[0]
      [Loader] Processing imports from DLL: USER32.dll (36 symbols)
dbug: Win32Emu.Emulator[0]
      [Loader] IAT entry at VA 0x006BE3CC contains unusual value 0x002BE5A8 before writing synthetic address.
info: Win32Emu.Emulator[0]
      [Loader] Mapped import: USER32.DLL!PostQuitMessage -> IAT VA 0x006BE3CC = synthetic 0x0F0003F0
dbug: Win32Emu.Emulator[0]
      [Loader] IAT entry at VA 0x006BE3D0 contains unusual value 0x002BE58A before writing synthetic address.
info: Win32Emu.Emulator[0]
      [Loader] Mapped import: USER32.DLL!SetRect -> IAT VA 0x006BE3D0 = synthetic 0x0F000400
dbug: Win32Emu.Emulator[0]
      [Loader] IAT entry at VA 0x006BE3D4 contains unusual value 0x002BE568 before writing synthetic address.
info: Win32Emu.Emulator[0]
      [Loader] Mapped import: USER32.DLL!ClientToScreen -> IAT VA 0x006BE3D4 = synthetic 0x0F000410
dbug: Win32Emu.Emulator[0]
      [Loader] IAT entry at VA 0x006BE3D8 contains unusual value 0x002BE57A before writing synthetic address.
info: Win32Emu.Emulator[0]
      [Loader] Mapped import: USER32.DLL!GetClientRect -> IAT VA 0x006BE3D8 = synthetic 0x0F000420
dbug: Win32Emu.Emulator[0]
      [Loader] IAT entry at VA 0x006BE3DC contains unusual value 0x002BE5BA before writing synthetic address.
info: Win32Emu.Emulator[0]
      [Loader] Mapped import: USER32.DLL!PostMessageA -> IAT VA 0x006BE3DC = synthetic 0x0F000430
dbug: Win32Emu.Emulator[0]
      [Loader] IAT entry at VA 0x006BE3E0 contains unusual value 0x002BE594 before writing synthetic address.
info: Win32Emu.Emulator[0]
      [Loader] Mapped import: USER32.DLL!GetSystemMetrics -> IAT VA 0x006BE3E0 = synthetic 0x0F000440
dbug: Win32Emu.Emulator[0]
      [Loader] IAT entry at VA 0x006BE3E4 contains unusual value 0x002BEB44 before writing synthetic address.
info: Win32Emu.Emulator[0]
      [Loader] Mapped import: USER32.DLL!ReleaseDC -> IAT VA 0x006BE3E4 = synthetic 0x0F000450
dbug: Win32Emu.Emulator[0]
      [Loader] IAT entry at VA 0x006BE3E8 contains unusual value 0x002BEB50 before writing synthetic address.
info: Win32Emu.Emulator[0]
      [Loader] Mapped import: USER32.DLL!GetDC -> IAT VA 0x006BE3E8 = synthetic 0x0F000460
dbug: Win32Emu.Emulator[0]
      [Loader] IAT entry at VA 0x006BE3EC contains unusual value 0x002BE4D8 before writing synthetic address.
info: Win32Emu.Emulator[0]
      [Loader] Mapped import: USER32.DLL!TranslateMessage -> IAT VA 0x006BE3EC = synthetic 0x0F000470
dbug: Win32Emu.Emulator[0]
      [Loader] IAT entry at VA 0x006BE3F0 contains unusual value 0x002BE4EC before writing synthetic address.
info: Win32Emu.Emulator[0]
      [Loader] Mapped import: USER32.DLL!DispatchMessageA -> IAT VA 0x006BE3F0 = synthetic 0x0F000480
dbug: Win32Emu.Emulator[0]
      [Loader] IAT entry at VA 0x006BE3F4 contains unusual value 0x002BEA48 before writing synthetic address.
info: Win32Emu.Emulator[0]
      [Loader] Mapped import: USER32.DLL!DialogBoxParamA -> IAT VA 0x006BE3F4 = synthetic 0x0F000490
dbug: Win32Emu.Emulator[0]
      [Loader] IAT entry at VA 0x006BE3F8 contains unusual value 0x002BEA5A before writing synthetic address.
info: Win32Emu.Emulator[0]
      [Loader] Mapped import: USER32.DLL!EndDialog -> IAT VA 0x006BE3F8 = synthetic 0x0F0004A0
dbug: Win32Emu.Emulator[0]
      [Loader] IAT entry at VA 0x006BE3FC contains unusual value 0x002BEA66 before writing synthetic address.
info: Win32Emu.Emulator[0]
      [Loader] Mapped import: USER32.DLL!SendDlgItemMessageA -> IAT VA 0x006BE3FC = synthetic 0x0F0004B0
dbug: Win32Emu.Emulator[0]
      [Loader] IAT entry at VA 0x006BE400 contains unusual value 0x002BEA7C before writing synthetic address.
info: Win32Emu.Emulator[0]
      [Loader] Mapped import: USER32.DLL!EnableWindow -> IAT VA 0x006BE400 = synthetic 0x0F0004C0
dbug: Win32Emu.Emulator[0]
      [Loader] IAT entry at VA 0x006BE404 contains unusual value 0x002BEA8C before writing synthetic address.
info: Win32Emu.Emulator[0]
      [Loader] Mapped import: USER32.DLL!GetDlgItem -> IAT VA 0x006BE404 = synthetic 0x0F0004D0
dbug: Win32Emu.Emulator[0]
      [Loader] IAT entry at VA 0x006BE408 contains unusual value 0x002BEA9A before writing synthetic address.
info: Win32Emu.Emulator[0]
      [Loader] Mapped import: USER32.DLL!GetDlgItemTextA -> IAT VA 0x006BE408 = synthetic 0x0F0004E0
dbug: Win32Emu.Emulator[0]
      [Loader] IAT entry at VA 0x006BE40C contains unusual value 0x002BEAAC before writing synthetic address.
info: Win32Emu.Emulator[0]
      [Loader] Mapped import: USER32.DLL!ShowWindow -> IAT VA 0x006BE40C = synthetic 0x0F0004F0
dbug: Win32Emu.Emulator[0]
      [Loader] IAT entry at VA 0x006BE410 contains unusual value 0x002BEABA before writing synthetic address.
info: Win32Emu.Emulator[0]
      [Loader] Mapped import: USER32.DLL!MessageBoxA -> IAT VA 0x006BE410 = synthetic 0x0F000500
dbug: Win32Emu.Emulator[0]
      [Loader] IAT entry at VA 0x006BE414 contains unusual value 0x002BEAC8 before writing synthetic address.
info: Win32Emu.Emulator[0]
      [Loader] Mapped import: USER32.DLL!GetWindowRect -> IAT VA 0x006BE414 = synthetic 0x0F000510
dbug: Win32Emu.Emulator[0]
      [Loader] IAT entry at VA 0x006BE418 contains unusual value 0x002BEAD8 before writing synthetic address.
info: Win32Emu.Emulator[0]
      [Loader] Mapped import: USER32.DLL!SystemParametersInfoA -> IAT VA 0x006BE418 = synthetic 0x0F000520
dbug: Win32Emu.Emulator[0]
      [Loader] IAT entry at VA 0x006BE41C contains unusual value 0x002BEAF0 before writing synthetic address.
info: Win32Emu.Emulator[0]
      [Loader] Mapped import: USER32.DLL!SetWindowPos -> IAT VA 0x006BE41C = synthetic 0x0F000530
dbug: Win32Emu.Emulator[0]
      [Loader] IAT entry at VA 0x006BE420 contains unusual value 0x002BEB00 before writing synthetic address.
info: Win32Emu.Emulator[0]
      [Loader] Mapped import: USER32.DLL!AdjustWindowRectEx -> IAT VA 0x006BE420 = synthetic 0x0F000540
dbug: Win32Emu.Emulator[0]
      [Loader] IAT entry at VA 0x006BE424 contains unusual value 0x002BEB16 before writing synthetic address.
info: Win32Emu.Emulator[0]
      [Loader] Mapped import: USER32.DLL!GetMenu -> IAT VA 0x006BE424 = synthetic 0x0F000550
dbug: Win32Emu.Emulator[0]
      [Loader] IAT entry at VA 0x006BE428 contains unusual value 0x002BEB20 before writing synthetic address.
info: Win32Emu.Emulator[0]
      [Loader] Mapped import: USER32.DLL!SetWindowLongA -> IAT VA 0x006BE428 = synthetic 0x0F000560
dbug: Win32Emu.Emulator[0]
      [Loader] IAT entry at VA 0x006BE42C contains unusual value 0x002BEB32 before writing synthetic address.
info: Win32Emu.Emulator[0]
      [Loader] Mapped import: USER32.DLL!GetWindowLongA -> IAT VA 0x006BE42C = synthetic 0x0F000570
dbug: Win32Emu.Emulator[0]
      [Loader] IAT entry at VA 0x006BE430 contains unusual value 0x002BE53C before writing synthetic address.
info: Win32Emu.Emulator[0]
      [Loader] Mapped import: USER32.DLL!LoadCursorA -> IAT VA 0x006BE430 = synthetic 0x0F000580
dbug: Win32Emu.Emulator[0]
      [Loader] IAT entry at VA 0x006BE434 contains unusual value 0x002BE4C8 before writing synthetic address.
info: Win32Emu.Emulator[0]
      [Loader] Mapped import: USER32.DLL!DestroyWindow -> IAT VA 0x006BE434 = synthetic 0x0F000590
dbug: Win32Emu.Emulator[0]
      [Loader] IAT entry at VA 0x006BE438 contains unusual value 0x002BEB58 before writing synthetic address.
info: Win32Emu.Emulator[0]
      [Loader] Mapped import: USER32.DLL!SetFocus -> IAT VA 0x006BE438 = synthetic 0x0F0005A0
dbug: Win32Emu.Emulator[0]
      [Loader] IAT entry at VA 0x006BE43C contains unusual value 0x002BEB64 before writing synthetic address.
info: Win32Emu.Emulator[0]
      [Loader] Mapped import: USER32.DLL!UpdateWindow -> IAT VA 0x006BE43C = synthetic 0x0F0005B0
dbug: Win32Emu.Emulator[0]
      [Loader] IAT entry at VA 0x006BE440 contains unusual value 0x002BEB74 before writing synthetic address.
info: Win32Emu.Emulator[0]
      [Loader] Mapped import: USER32.DLL!CreateWindowExA -> IAT VA 0x006BE440 = synthetic 0x0F0005C0
dbug: Win32Emu.Emulator[0]
      [Loader] IAT entry at VA 0x006BE444 contains unusual value 0x002BE55C before writing synthetic address.
info: Win32Emu.Emulator[0]
      [Loader] Mapped import: USER32.DLL!SetCursor -> IAT VA 0x006BE444 = synthetic 0x0F0005D0
dbug: Win32Emu.Emulator[0]
      [Loader] IAT entry at VA 0x006BE448 contains unusual value 0x002BE54A before writing synthetic address.
info: Win32Emu.Emulator[0]
      [Loader] Mapped import: USER32.DLL!DefWindowProcA -> IAT VA 0x006BE448 = synthetic 0x0F0005E0
dbug: Win32Emu.Emulator[0]
      [Loader] IAT entry at VA 0x006BE44C contains unusual value 0x002BE50E before writing synthetic address.
info: Win32Emu.Emulator[0]
      [Loader] Mapped import: USER32.DLL!PeekMessageA -> IAT VA 0x006BE44C = synthetic 0x0F0005F0
dbug: Win32Emu.Emulator[0]
      [Loader] IAT entry at VA 0x006BE450 contains unusual value 0x002BE500 before writing synthetic address.
info: Win32Emu.Emulator[0]
      [Loader] Mapped import: USER32.DLL!GetMessageA -> IAT VA 0x006BE450 = synthetic 0x0F000600
dbug: Win32Emu.Emulator[0]
      [Loader] IAT entry at VA 0x006BE454 contains unusual value 0x002BE530 before writing synthetic address.
info: Win32Emu.Emulator[0]
      [Loader] Mapped import: USER32.DLL!LoadIconA -> IAT VA 0x006BE454 = synthetic 0x0F000610
dbug: Win32Emu.Emulator[0]
      [Loader] IAT entry at VA 0x006BE458 contains unusual value 0x002BE51E before writing synthetic address.
info: Win32Emu.Emulator[0]
      [Loader] Mapped import: USER32.DLL!RegisterClassA -> IAT VA 0x006BE458 = synthetic 0x0F000620
info: Win32Emu.Emulator[0]
      [Loader] Processing imports from DLL: GDI32.dll (2 symbols)
dbug: Win32Emu.Emulator[0]
      [Loader] IAT entry at VA 0x006BE2C0 contains unusual value 0x002BEB86 before writing synthetic address.
info: Win32Emu.Emulator[0]
      [Loader] Mapped import: GDI32.DLL!GetDeviceCaps -> IAT VA 0x006BE2C0 = synthetic 0x0F000630
dbug: Win32Emu.Emulator[0]
      [Loader] IAT entry at VA 0x006BE2C4 contains unusual value 0x002BE5D6 before writing synthetic address.
info: Win32Emu.Emulator[0]
      [Loader] Mapped import: GDI32.DLL!GetStockObject -> IAT VA 0x006BE2C4 = synthetic 0x0F000640
info: Win32Emu.Emulator[0]
      [Loader] Processing imports from DLL: WINMM.dll (8 symbols)
dbug: Win32Emu.Emulator[0]
      [Loader] IAT entry at VA 0x006BE460 contains unusual value 0x002BEBFC before writing synthetic address.
info: Win32Emu.Emulator[0]
      [Loader] Mapped import: WINMM.DLL!joyGetPosEx -> IAT VA 0x006BE460 = synthetic 0x0F000650
dbug: Win32Emu.Emulator[0]
      [Loader] IAT entry at VA 0x006BE464 contains unusual value 0x002BEBEA before writing synthetic address.
info: Win32Emu.Emulator[0]
      [Loader] Mapped import: WINMM.DLL!joyGetDevCapsA -> IAT VA 0x006BE464 = synthetic 0x0F000660
dbug: Win32Emu.Emulator[0]
      [Loader] IAT entry at VA 0x006BE468 contains unusual value 0x002BEBD8 before writing synthetic address.
info: Win32Emu.Emulator[0]
      [Loader] Mapped import: WINMM.DLL!mciSendStringA -> IAT VA 0x006BE468 = synthetic 0x0F000670
dbug: Win32Emu.Emulator[0]
      [Loader] IAT entry at VA 0x006BE46C contains unusual value 0x002BEBC8 before writing synthetic address.
info: Win32Emu.Emulator[0]
      [Loader] Mapped import: WINMM.DLL!timeKillEvent -> IAT VA 0x006BE46C = synthetic 0x0F000680
dbug: Win32Emu.Emulator[0]
      [Loader] IAT entry at VA 0x006BE470 contains unusual value 0x002BE5F2 before writing synthetic address.
info: Win32Emu.Emulator[0]
      [Loader] Mapped import: WINMM.DLL!timeBeginPeriod -> IAT VA 0x006BE470 = synthetic 0x0F000690
dbug: Win32Emu.Emulator[0]
      [Loader] IAT entry at VA 0x006BE474 contains unusual value 0x002BEBB8 before writing synthetic address.
info: Win32Emu.Emulator[0]
      [Loader] Mapped import: WINMM.DLL!timeSetEvent -> IAT VA 0x006BE474 = synthetic 0x0F0006A0
dbug: Win32Emu.Emulator[0]
      [Loader] IAT entry at VA 0x006BE478 contains unusual value 0x002BE604 before writing synthetic address.
info: Win32Emu.Emulator[0]
      [Loader] Mapped import: WINMM.DLL!timeEndPeriod -> IAT VA 0x006BE478 = synthetic 0x0F0006B0
dbug: Win32Emu.Emulator[0]
      [Loader] IAT entry at VA 0x006BE47C contains unusual value 0x002BE614 before writing synthetic address.
info: Win32Emu.Emulator[0]
      [Loader] Mapped import: WINMM.DLL!timeGetTime -> IAT VA 0x006BE47C = synthetic 0x0F0006C0
info: Win32Emu.Emulator[0]
      [Loader] Processing imports from DLL: DINPUT.dll (1 symbols)
dbug: Win32Emu.Emulator[0]
      [Loader] IAT entry at VA 0x006BE2A4 contains unusual value 0x002BEB96 before writing synthetic address.
info: Win32Emu.Emulator[0]
      [Loader] Mapped import: DINPUT.DLL!DirectInputCreateA -> IAT VA 0x006BE2A4 = synthetic 0x0F0006D0
info: Win32Emu.Emulator[0]
      [Loader] Processing imports from DLL: DDRAW.dll (1 symbols)
dbug: Win32Emu.Emulator[0]
      [Loader] IAT entry at VA 0x006BE29C contains unusual value 0x002BEC0A before writing synthetic address.
info: Win32Emu.Emulator[0]
      [Loader] Mapped import: DDRAW.DLL!DirectDrawCreate -> IAT VA 0x006BE29C = synthetic 0x0F0006E0
info: Win32Emu.Emulator[0]
      [Loader] Processing imports from DLL: DSOUND.dll (1 symbols)
dbug: Win32Emu.Emulator[0]
      [Loader] IAT entry at VA 0x006BE2B8 contains unusual value 0x002BEC28 before writing synthetic address.
info: Win32Emu.Emulator[0]
      [Loader] Mapped import: DSOUND.DLL!DirectSoundCreate -> IAT VA 0x006BE2B8 = synthetic 0x0F0006F0
info: Win32Emu.Emulator[0]
      [Loader] Processing imports from DLL: DPLAYX.dll (2 symbols)
info: Win32Emu.Emulator[0]
      [Loader] Mapped import: DPLAYX.DLL!Ordinal_2 -> IAT VA 0x006BE2AC = synthetic 0x0F000700
info: Win32Emu.Emulator[0]
      [Loader] Mapped import: DPLAYX.DLL!Ordinal_1 -> IAT VA 0x006BE2B0 = synthetic 0x0F000710
info: Win32Emu.Emulator[0]
      [Loader] Import mapping complete: 114 imports mapped to addresses 0x0F000000 - 0x0F000710
info: Win32Emu.Emulator[0]
      [Loader] IAT verification passed: all 114 entries are correct
info: Win32Emu.Emulator[0]
      [Loader] Registered 114 IAT entries for runtime protection
dbug: Win32Emu.Emulator[0]
      [Loader] No TLS directory found in PE image
dbug: Win32Emu.Emulator[0]
      [Loader] Section ., t, e, x, t: RVA=0x00001000, VirtualSize=0x00075CAC, RawSize=0x00075E00, Characteristics=0x60000020
dbug: Win32Emu.Emulator[0]
      [Loader] Section ., r, d, a, t, a: RVA=0x00077000, VirtualSize=0x00002560, RawSize=0x00002600, Characteristics=0x40000040
dbug: Win32Emu.Emulator[0]
      [Loader] Section ., d, a, t, a: RVA=0x0007A000, VirtualSize=0x00243BF0, RawSize=0x0003D800, Characteristics=0xC0000040
dbug: Win32Emu.Emulator[0]
      [Loader] Section ., i, d, a, t, a: RVA=0x002BE000, VirtualSize=0x00000C54, RawSize=0x00000E00, Characteristics=0xC0000040
dbug: Win32Emu.Emulator[0]
      [Loader] Section S, T, A, C, K: RVA=0x002BF000, VirtualSize=0x00000200, RawSize=0x00000200, Characteristics=0xC0000040
dbug: Win32Emu.Emulator[0]
      [Loader] Section c, o, d, e: RVA=0x002C0000, VirtualSize=0x00001597, RawSize=0x00001600, Characteristics=0xC0000040
dbug: Win32Emu.Emulator[0]
      [Loader] Section ., r, s, r, c: RVA=0x002C2000, VirtualSize=0x00006420, RawSize=0x00006600, Characteristics=0x40000040
dbug: Win32Emu.Emulator[0]
      [Loader] Section ., r, e, l, o, c: RVA=0x002C9000, VirtualSize=0x00016A20, RawSize=0x00016C00, Characteristics=0x42000040
info: Win32Emu.Emulator[0]
      [Loader] Extracted 8 sections from PE file
dbug: Win32Emu.Emulator[0]
      [Loader] Image base=0x00400000 EntryPoint=0x00467A70 Size=0x2E0000
dbug: Win32Emu.Emulator[0]
      [Loader] Imports mapped: 114
dbug: Win32Emu.Emulator[0]
      [Loader] Subsystem: 2 (2=GUI, 3=CUI)
dbug: Win32Emu.Emulator[0]
      [Loader] Stack: Reserve=0x100000 Commit=0x1000
dbug: Win32Emu.Emulator[0]
      [Loader] Heap: Reserve=0x100000 Commit=0x1000
dbug: Win32Emu.Emulator[0]
      [Loader] Sections loaded: 8
dbug: Win32Emu.Emulator[0]
      [Loader]   Section '.text': RVA=0x00001000 Size=0x00075CAC Flags=[EXEC,READ]
dbug: Win32Emu.Emulator[0]
      [Loader]   Section '.rdata': RVA=0x00077000 Size=0x00002560 Flags=[DATA,READ]
dbug: Win32Emu.Emulator[0]
      [Loader]   Section '.data': RVA=0x0007A000 Size=0x00243BF0 Flags=[DATA,READ,WRITE]
dbug: Win32Emu.Emulator[0]
      [Loader]   Section '.idata': RVA=0x002BE000 Size=0x00000C54 Flags=[DATA,READ,WRITE]
dbug: Win32Emu.Emulator[0]
      [Loader]   Section 'STACK': RVA=0x002BF000 Size=0x00000200 Flags=[DATA,READ,WRITE]
dbug: Win32Emu.Emulator[0]
      [Loader]   Section 'code': RVA=0x002C0000 Size=0x00001597 Flags=[DATA,READ,WRITE]
dbug: Win32Emu.Emulator[0]
      [Loader]   Section '.rsrc': RVA=0x002C2000 Size=0x00006420 Flags=[DATA,READ]
dbug: Win32Emu.Emulator[0]
      [Loader]   Section '.reloc': RVA=0x002C9000 Size=0x00016A20 Flags=[DATA,READ]
info: Win32Emu.Emulator[0]
      [ProcessEnvironment] Console allocated - stdin=0x00000001, stdout=0x00000002, stderr=0x00000003
info: Win32Emu.Emulator[0]
      [RegistryHive] Created in-memory hive: SYSTEM
info: Win32Emu.Emulator[0]
      [RegistryHive] Created in-memory hive: SOFTWARE
info: Win32Emu.Emulator[0]
      [RegistryHive] Created in-memory hive: NTUSER.DAT
info: Win32Emu.Emulator[0]
      [RegistryHive] Initialized 3 registry hives
dbug: Win32Emu.Emulator[0]
      [RegistryHive] Set default value: PATH=C:\WINDOWS\system32;C:\WINDOWS;C:\WINDOWS\System32\Wbem
dbug: Win32Emu.Emulator[0]
      [RegistryHive] Set default value: PATHEXT=.COM;.EXE;.BAT;.CMD;.VBS;.VBE;.JS;.JSE;.WSF;.WSH
dbug: Win32Emu.Emulator[0]
      [RegistryHive] Set default value: TEMP=C:\TEMP
dbug: Win32Emu.Emulator[0]
      [RegistryHive] Set default value: TMP=C:\TEMP
dbug: Win32Emu.Emulator[0]
      [RegistryHive] Set default value: WINDIR=C:\WINDOWS
dbug: Win32Emu.Emulator[0]
      [RegistryHive] Set default value: SystemRoot=C:\WINDOWS
dbug: Win32Emu.Emulator[0]
      [RegistryHive] Set default value: ComSpec=C:\WINDOWS\system32\cmd.exe
dbug: Win32Emu.Emulator[0]
      [RegistryHive] Set default value: OS=Windows_NT
info: Win32Emu.Emulator[0]
      [RegistryHive] Initialized system environment variables
dbug: Win32Emu.Emulator[0]
      [RegistryHive] Set default value: TEMP=C:\Users\User\AppData\Local\Temp
dbug: Win32Emu.Emulator[0]
      [RegistryHive] Set default value: TMP=C:\Users\User\AppData\Local\Temp
info: Win32Emu.Emulator[0]
      [RegistryHive] Initialized user environment variables
info: Win32Emu.Emulator[0]
      [ProcessEnv] Registry hive initialized
dbug: Win32Emu.Emulator[0]
      [RegistryHive] Opened key: HKEY_LOCAL_MACHINE\SYSTEM\CurrentControlSet\Control\Session Manager\Environment -> handle 0x80000000
dbug: Win32Emu.Emulator[0]
      [ProcessEnv] Loading environment variables from key handle 0x80000000
dbug: Win32Emu.Emulator[0]
      [RegistryHive] Enumerated 8 values for handle 0x80000000
dbug: Win32Emu.Emulator[0]
      [RegistryHive] Query value: ComSpec=C:\WINDOWS\system32\cmd.exe (type=String) from handle 0x80000000
dbug: Win32Emu.Emulator[0]
      [ProcessEnv] Loaded environment variable: ComSpec=C:\WINDOWS\system32\cmd.exe
dbug: Win32Emu.Emulator[0]
      [RegistryHive] Query value: OS=Windows_NT (type=String) from handle 0x80000000
dbug: Win32Emu.Emulator[0]
      [ProcessEnv] Loaded environment variable: OS=Windows_NT
dbug: Win32Emu.Emulator[0]
      [RegistryHive] Query value: PATH=C:\WINDOWS\system32;C:\WINDOWS;C:\WINDOWS\System32\Wbem (type=String) from handle 0x80000000
dbug: Win32Emu.Emulator[0]
      [ProcessEnv] Loaded environment variable: PATH=C:\WINDOWS\system32;C:\WINDOWS;C:\WINDOWS\System32\Wbem
dbug: Win32Emu.Emulator[0]
      [RegistryHive] Query value: PATHEXT=.COM;.EXE;.BAT;.CMD;.VBS;.VBE;.JS;.JSE;.WSF;.WSH (type=String) from handle 0x80000000
dbug: Win32Emu.Emulator[0]
      [ProcessEnv] Loaded environment variable: PATHEXT=.COM;.EXE;.BAT;.CMD;.VBS;.VBE;.JS;.JSE;.WSF;.WSH
dbug: Win32Emu.Emulator[0]
      [RegistryHive] Query value: SystemRoot=C:\WINDOWS (type=String) from handle 0x80000000
dbug: Win32Emu.Emulator[0]
      [ProcessEnv] Loaded environment variable: SystemRoot=C:\WINDOWS
dbug: Win32Emu.Emulator[0]
      [RegistryHive] Query value: TEMP=C:\TEMP (type=String) from handle 0x80000000
dbug: Win32Emu.Emulator[0]
      [ProcessEnv] Loaded environment variable: TEMP=C:\TEMP
dbug: Win32Emu.Emulator[0]
      [RegistryHive] Query value: TMP=C:\TEMP (type=String) from handle 0x80000000
dbug: Win32Emu.Emulator[0]
      [ProcessEnv] Loaded environment variable: TMP=C:\TEMP
dbug: Win32Emu.Emulator[0]
      [RegistryHive] Query value: WINDIR=C:\WINDOWS (type=String) from handle 0x80000000
dbug: Win32Emu.Emulator[0]
      [ProcessEnv] Loaded environment variable: WINDIR=C:\WINDOWS
dbug: Win32Emu.Emulator[0]
      [RegistryHive] Closed key handle: 0x80000000
dbug: Win32Emu.Emulator[0]
      [RegistryHive] Opened key: HKEY_CURRENT_USER\Environment -> handle 0x80000001
dbug: Win32Emu.Emulator[0]
      [ProcessEnv] Loading environment variables from key handle 0x80000001
dbug: Win32Emu.Emulator[0]
      [RegistryHive] Enumerated 2 values for handle 0x80000001
dbug: Win32Emu.Emulator[0]
      [RegistryHive] Query value: TEMP=C:\Users\User\AppData\Local\Temp (type=String) from handle 0x80000001
dbug: Win32Emu.Emulator[0]
      [ProcessEnv] Loaded environment variable: TEMP=C:\Users\User\AppData\Local\Temp
dbug: Win32Emu.Emulator[0]
      [RegistryHive] Query value: TMP=C:\Users\User\AppData\Local\Temp (type=String) from handle 0x80000001
dbug: Win32Emu.Emulator[0]
      [ProcessEnv] Loaded environment variable: TMP=C:\Users\User\AppData\Local\Temp
dbug: Win32Emu.Emulator[0]
      [RegistryHive] Closed key handle: 0x80000001
info: Win32Emu.Emulator[0]
      [ProcessEnv] Synced environment variables from registry
info: Win32Emu.Emulator[0]
      [ProcessEnv] Pre-registered standard control class: BUTTON with WndProc=0x0D000000
info: Win32Emu.Emulator[0]
      [ProcessEnv] Pre-registered standard control class: EDIT with WndProc=0x0D000001
info: Win32Emu.Emulator[0]
      [ProcessEnv] Pre-registered standard control class: STATIC with WndProc=0x0D000002
info: Win32Emu.Emulator[0]
      [ProcessEnv] Pre-registered standard control class: LISTBOX with WndProc=0x0D000003
info: Win32Emu.Emulator[0]
      [ProcessEnv] Pre-registered standard control class: COMBOBOX with WndProc=0x0D000004
info: Win32Emu.Emulator[0]
      [ProcessEnv] Pre-registered standard control class: SCROLLBAR with WndProc=0x0D000005
info: Win32Emu.Emulator[0]
      [ProcessEnv] Pre-registered standard control class: MDICLIENT with WndProc=0x0D000006
info: Win32Emu.Emulator[0]
      [ProcessEnv] Pre-registered standard control class: COMBOLBOX with WndProc=0x0D000007
info: Win32Emu.Emulator[0]
      [ProcessEnv] Pre-registered standard control class: DDEMLEVENT with WndProc=0x0D000008
info: Win32Emu.Emulator[0]
      [ProcessEnv] Pre-registered standard control class: MESSAGE with WndProc=0x0D000009
info: Win32Emu.Emulator[0]
      [ProcessEnv] Pre-registered standard control class: #32768 with WndProc=0x0D00000A
info: Win32Emu.Emulator[0]
      [ProcessEnv] Pre-registered standard control class: #32769 with WndProc=0x0D00000B
info: Win32Emu.Emulator[0]
      [ProcessEnv] Pre-registered standard control class: #32770 with WndProc=0x0D00000C
info: Win32Emu.Emulator[0]
      [ProcessEnv] Pre-registered standard control class: #32771 with WndProc=0x0D00000D
info: Win32Emu.Emulator[0]
      [ProcessEnv] Pre-registered standard control class: #32772 with WndProc=0x0D00000E
info: Win32Emu.Emulator[0]
      [Loader] Initializing virtual file system with disk: /tmp/Win32Emu_VHDs/IGN_DEMO_5dbfba27b9511c57.vhd
info: Win32Emu.Emulator[0]
      [DiskVFS] Mounted VHD: /tmp/Win32Emu_VHDs/IGN_DEMO_5dbfba27b9511c57.vhd (Read-Write)
info: Win32Emu.Emulator[0]
      [ProcessEnv] Virtual File System initialized with disk: /tmp/Win32Emu_VHDs/IGN_DEMO_5dbfba27b9511c57.vhd
dbug: Win32Emu.Emulator[0]
      [RegistryHive] SaveHives called but VFS not available, skipping
info: Win32Emu.Emulator[0]
      [RegistryHive] Disposed registry hive manager
info: Win32Emu.Emulator[0]
      [DiskVFS] FindCaseInsensitivePath: Searching for '\Windows\System32\Config\SYSTEM'
info: Win32Emu.Emulator[0]
      [DiskVFS] FindCaseInsensitivePath: Checking directory='\Windows\System32\Config', filename='SYSTEM'
info: Win32Emu.Emulator[0]
      [DiskVFS] FindCaseInsensitivePath: Directory doesn't exist, recursing: '\Windows\System32\Config'
info: Win32Emu.Emulator[0]
      [DiskVFS] FindCaseInsensitivePath: Searching for '\Windows\System32\Config'
info: Win32Emu.Emulator[0]
      [DiskVFS] FindCaseInsensitivePath: Checking directory='\Windows\System32', filename='Config'
info: Win32Emu.Emulator[0]
      [DiskVFS] FindCaseInsensitivePath: Directory doesn't exist, recursing: '\Windows\System32'
info: Win32Emu.Emulator[0]
      [DiskVFS] FindCaseInsensitivePath: Searching for '\Windows\System32'
info: Win32Emu.Emulator[0]
      [DiskVFS] FindCaseInsensitivePath: Checking directory='\Windows', filename='System32'
info: Win32Emu.Emulator[0]
      [DiskVFS] FindCaseInsensitivePath: Directory doesn't exist, recursing: '\Windows'
info: Win32Emu.Emulator[0]
      [DiskVFS] FindCaseInsensitivePath: Searching for '\Windows'
info: Win32Emu.Emulator[0]
      [DiskVFS] FindCaseInsensitivePath: Invalid path (no separator): '\Windows'
info: Win32Emu.Emulator[0]
      [DiskVFS] FindCaseInsensitivePath: Directory still doesn't exist after recursion: '\Windows'
info: Win32Emu.Emulator[0]
      [DiskVFS] FindCaseInsensitivePath: Directory still doesn't exist after recursion: '\Windows\System32'
info: Win32Emu.Emulator[0]
      [DiskVFS] FindCaseInsensitivePath: Directory still doesn't exist after recursion: '\Windows\System32\Config'
info: Win32Emu.Emulator[0]
      [RegistryHive] Created in-memory hive: SYSTEM
info: Win32Emu.Emulator[0]
      [DiskVFS] FindCaseInsensitivePath: Searching for '\Windows\System32\Config\SOFTWARE'
info: Win32Emu.Emulator[0]
      [DiskVFS] FindCaseInsensitivePath: Checking directory='\Windows\System32\Config', filename='SOFTWARE'
info: Win32Emu.Emulator[0]
      [DiskVFS] FindCaseInsensitivePath: Directory doesn't exist, recursing: '\Windows\System32\Config'
info: Win32Emu.Emulator[0]
      [DiskVFS] FindCaseInsensitivePath: Searching for '\Windows\System32\Config'
info: Win32Emu.Emulator[0]
      [DiskVFS] FindCaseInsensitivePath: Checking directory='\Windows\System32', filename='Config'
info: Win32Emu.Emulator[0]
      [DiskVFS] FindCaseInsensitivePath: Directory doesn't exist, recursing: '\Windows\System32'
info: Win32Emu.Emulator[0]
      [DiskVFS] FindCaseInsensitivePath: Searching for '\Windows\System32'
info: Win32Emu.Emulator[0]
      [DiskVFS] FindCaseInsensitivePath: Checking directory='\Windows', filename='System32'
info: Win32Emu.Emulator[0]
      [DiskVFS] FindCaseInsensitivePath: Directory doesn't exist, recursing: '\Windows'
info: Win32Emu.Emulator[0]
      [DiskVFS] FindCaseInsensitivePath: Searching for '\Windows'
info: Win32Emu.Emulator[0]
      [DiskVFS] FindCaseInsensitivePath: Invalid path (no separator): '\Windows'
info: Win32Emu.Emulator[0]
      [DiskVFS] FindCaseInsensitivePath: Directory still doesn't exist after recursion: '\Windows'
info: Win32Emu.Emulator[0]
      [DiskVFS] FindCaseInsensitivePath: Directory still doesn't exist after recursion: '\Windows\System32'
info: Win32Emu.Emulator[0]
      [DiskVFS] FindCaseInsensitivePath: Directory still doesn't exist after recursion: '\Windows\System32\Config'
info: Win32Emu.Emulator[0]
      [RegistryHive] Created in-memory hive: SOFTWARE
info: Win32Emu.Emulator[0]
      [DiskVFS] FindCaseInsensitivePath: Searching for '\Users\User\NTUSER.DAT'
info: Win32Emu.Emulator[0]
      [DiskVFS] FindCaseInsensitivePath: Checking directory='\Users\User', filename='NTUSER.DAT'
info: Win32Emu.Emulator[0]
      [DiskVFS] FindCaseInsensitivePath: Directory doesn't exist, recursing: '\Users\User'
info: Win32Emu.Emulator[0]
      [DiskVFS] FindCaseInsensitivePath: Searching for '\Users\User'
info: Win32Emu.Emulator[0]
      [DiskVFS] FindCaseInsensitivePath: Checking directory='\Users', filename='User'
info: Win32Emu.Emulator[0]
      [DiskVFS] FindCaseInsensitivePath: Directory doesn't exist, recursing: '\Users'
info: Win32Emu.Emulator[0]
      [DiskVFS] FindCaseInsensitivePath: Searching for '\Users'
info: Win32Emu.Emulator[0]
      [DiskVFS] FindCaseInsensitivePath: Invalid path (no separator): '\Users'
info: Win32Emu.Emulator[0]
      [DiskVFS] FindCaseInsensitivePath: Directory still doesn't exist after recursion: '\Users'
info: Win32Emu.Emulator[0]
      [DiskVFS] FindCaseInsensitivePath: Directory still doesn't exist after recursion: '\Users\User'
info: Win32Emu.Emulator[0]
      [RegistryHive] Created in-memory hive: NTUSER.DAT
info: Win32Emu.Emulator[0]
      [RegistryHive] Initialized 3 registry hives
dbug: Win32Emu.Emulator[0]
      [RegistryHive] Set default value: PATH=C:\WINDOWS\system32;C:\WINDOWS;C:\WINDOWS\System32\Wbem
dbug: Win32Emu.Emulator[0]
      [RegistryHive] Set default value: PATHEXT=.COM;.EXE;.BAT;.CMD;.VBS;.VBE;.JS;.JSE;.WSF;.WSH
dbug: Win32Emu.Emulator[0]
      [RegistryHive] Set default value: TEMP=C:\TEMP
dbug: Win32Emu.Emulator[0]
      [RegistryHive] Set default value: TMP=C:\TEMP
dbug: Win32Emu.Emulator[0]
      [RegistryHive] Set default value: WINDIR=C:\WINDOWS
dbug: Win32Emu.Emulator[0]
      [RegistryHive] Set default value: SystemRoot=C:\WINDOWS
dbug: Win32Emu.Emulator[0]
      [RegistryHive] Set default value: ComSpec=C:\WINDOWS\system32\cmd.exe
dbug: Win32Emu.Emulator[0]
      [RegistryHive] Set default value: OS=Windows_NT
info: Win32Emu.Emulator[0]
      [RegistryHive] Initialized system environment variables
dbug: Win32Emu.Emulator[0]
      [RegistryHive] Set default value: TEMP=C:\Users\User\AppData\Local\Temp
dbug: Win32Emu.Emulator[0]
      [RegistryHive] Set default value: TMP=C:\Users\User\AppData\Local\Temp
info: Win32Emu.Emulator[0]
      [RegistryHive] Initialized user environment variables
info: Win32Emu.Emulator[0]
      [ProcessEnv] Registry hive initialized
dbug: Win32Emu.Emulator[0]
      [RegistryHive] Opened key: HKEY_LOCAL_MACHINE\SYSTEM\CurrentControlSet\Control\Session Manager\Environment -> handle 0x80000000
dbug: Win32Emu.Emulator[0]
      [ProcessEnv] Loading environment variables from key handle 0x80000000
dbug: Win32Emu.Emulator[0]
      [RegistryHive] Enumerated 8 values for handle 0x80000000
dbug: Win32Emu.Emulator[0]
      [RegistryHive] Query value: ComSpec=C:\WINDOWS\system32\cmd.exe (type=String) from handle 0x80000000
dbug: Win32Emu.Emulator[0]
      [ProcessEnv] Loaded environment variable: ComSpec=C:\WINDOWS\system32\cmd.exe
dbug: Win32Emu.Emulator[0]
      [RegistryHive] Query value: OS=Windows_NT (type=String) from handle 0x80000000
dbug: Win32Emu.Emulator[0]
      [ProcessEnv] Loaded environment variable: OS=Windows_NT
dbug: Win32Emu.Emulator[0]
      [RegistryHive] Query value: PATH=C:\WINDOWS\system32;C:\WINDOWS;C:\WINDOWS\System32\Wbem (type=String) from handle 0x80000000
dbug: Win32Emu.Emulator[0]
      [ProcessEnv] Loaded environment variable: PATH=C:\WINDOWS\system32;C:\WINDOWS;C:\WINDOWS\System32\Wbem
dbug: Win32Emu.Emulator[0]
      [RegistryHive] Query value: PATHEXT=.COM;.EXE;.BAT;.CMD;.VBS;.VBE;.JS;.JSE;.WSF;.WSH (type=String) from handle 0x80000000
dbug: Win32Emu.Emulator[0]
      [ProcessEnv] Loaded environment variable: PATHEXT=.COM;.EXE;.BAT;.CMD;.VBS;.VBE;.JS;.JSE;.WSF;.WSH
dbug: Win32Emu.Emulator[0]
      [RegistryHive] Query value: SystemRoot=C:\WINDOWS (type=String) from handle 0x80000000
dbug: Win32Emu.Emulator[0]
      [ProcessEnv] Loaded environment variable: SystemRoot=C:\WINDOWS
dbug: Win32Emu.Emulator[0]
      [RegistryHive] Query value: TEMP=C:\TEMP (type=String) from handle 0x80000000
dbug: Win32Emu.Emulator[0]
      [ProcessEnv] Loaded environment variable: TEMP=C:\TEMP
dbug: Win32Emu.Emulator[0]
      [RegistryHive] Query value: TMP=C:\TEMP (type=String) from handle 0x80000000
dbug: Win32Emu.Emulator[0]
      [ProcessEnv] Loaded environment variable: TMP=C:\TEMP
dbug: Win32Emu.Emulator[0]
      [RegistryHive] Query value: WINDIR=C:\WINDOWS (type=String) from handle 0x80000000
dbug: Win32Emu.Emulator[0]
      [ProcessEnv] Loaded environment variable: WINDIR=C:\WINDOWS
dbug: Win32Emu.Emulator[0]
      [RegistryHive] Closed key handle: 0x80000000
dbug: Win32Emu.Emulator[0]
      [RegistryHive] Opened key: HKEY_CURRENT_USER\Environment -> handle 0x80000001
dbug: Win32Emu.Emulator[0]
      [ProcessEnv] Loading environment variables from key handle 0x80000001
dbug: Win32Emu.Emulator[0]
      [RegistryHive] Enumerated 2 values for handle 0x80000001
dbug: Win32Emu.Emulator[0]
      [RegistryHive] Query value: TEMP=C:\Users\User\AppData\Local\Temp (type=String) from handle 0x80000001
dbug: Win32Emu.Emulator[0]
      [ProcessEnv] Loaded environment variable: TEMP=C:\Users\User\AppData\Local\Temp
dbug: Win32Emu.Emulator[0]
      [RegistryHive] Query value: TMP=C:\Users\User\AppData\Local\Temp (type=String) from handle 0x80000001
dbug: Win32Emu.Emulator[0]
      [ProcessEnv] Loaded environment variable: TMP=C:\Users\User\AppData\Local\Temp
dbug: Win32Emu.Emulator[0]
      [RegistryHive] Closed key handle: 0x80000001
info: Win32Emu.Emulator[0]
      [ProcessEnv] Synced environment variables from registry
info: Win32Emu.Emulator[0]
      [Loader] Virtual file system initialized successfully (disk)
info: Win32Emu.Emulator[0]
      [ProcessEnv] Registered main executable: C:\ign_demo\IGN_DEMO.EXE at 0x00400000
info: Win32Emu.Emulator[0]
      [ProcessEnv] Set current directory to: C:\ign_demo
dbug: Win32Emu.Emulator[0]
      MemWrite addr=0x006E0000 len=27 data=22 43 3A 5C 69 67 6E 5F 64 65 6D 6F 5C 49 47 4E 5F 44 45 4D 4F 2E 45 58 45 22 00
dbug: Win32Emu.Emulator[0]
      MemWrite addr=0x006E0020 len=25 data=43 3A 5C 69 67 6E 5F 64 65 6D 6F 5C 49 47 4E 5F 44 45 4D 4F 2E 45 58 45 00
info: Win32Emu.Emulator[0]
      [ProcessEnv] TEB allocated at 0x006E0040
info: Win32Emu.Emulator[0]
      [ProcessEnv] PEB allocated at 0x006E1040
info: Win32Emu.Emulator[0]
      [ProcessEnvironment] Detected GUI subsystem, no console allocated
info: Win32Emu.Emulator[0]
      [RtlJitCache] Initialized RTL-based JIT cache at /tmp/Win32Emu/RtlJitCache
info: Win32Emu.Emulator[0]
      [RtlJitCache] C# source code will be saved to /tmp/Win32Emu/RtlJitCache/Source
info: Win32Emu.Emulator[0]
      [JitCpu] Initialized RTL-based JIT CPU backend with readable C# code generation
info: Win32Emu.Emulator[0]
      [JitCache] Initialized with cache directory: /tmp/Win32Emu/JitCache
info: Win32Emu.Emulator[0]
      [JitCpu] Metadata cache initialized for block analysis metadata persistence
info: Win32Emu.Emulator[0]
      [Loader] Unified JitCpu backend enabled (JIT compilation: True, Interpreter mode: False)
info: Win32Emu.Emulator[0]
      [JitCpu] Set executable path: C:\ign_demo\IGN_DEMO.EXE
info: Win32Emu.Emulator[0]
      [Loader] JIT cache: Set executable path to C:\ign_demo\IGN_DEMO.EXE
info: Win32Emu.Emulator[0]
      [RtlJitCache] No cache metadata found for C:\ign_demo\IGN_DEMO.EXE
info: Win32Emu.Emulator[0]
      [JitCpu] RTL cache loaded: 0 blocks from /tmp/Win32Emu/RtlJitCache/Source
info: Win32Emu.Emulator[0]
      [JitCache] No cache file found for C:\ign_demo\IGN_DEMO.EXE
info: Win32Emu.Emulator[0]
      [JitCpu] Metadata cache loaded: 0 blocks, 0 instructions
info: Win32Emu.Emulator[0]
      [Loader] Selected CPU Emulator: JitCpu
info: Win32Emu.Emulator[0]
      [Loader] Stack initialized: Base=0x00200000 Limit=0x00100000 ESP=0x001FF000 Reserve=0x100000 Commit=0x1000
info: Win32Emu.Emulator[0]
      [Loader] Heap base: 0x006E0000
info: Win32Emu.Emulator[0]
      [ProcessEnv] VirtualAlloc(lp=0x00000000, size=0x00000004, alloc=0x00001000, prot=0x00000004)
info: Win32Emu.Emulator[0]
      [ProcessEnv] VirtualAlloc: allocated at 0x006E3000, size=0x00001000, reserve=False, commit=True, topDown=False
info: Win32Emu.Emulator[0]
      [ProcessEnv] VirtualAlloc(lp=0x00000000, size=0x00000004, alloc=0x00001000, prot=0x00000004)
info: Win32Emu.Emulator[0]
      [ProcessEnv] VirtualAlloc: allocated at 0x006E4000, size=0x00001000, reserve=False, commit=True, topDown=False
info: Win32Emu.Emulator[0]
      [ProcessEnv] VirtualAlloc(lp=0x00000000, size=0x00000004, alloc=0x00001000, prot=0x00000004)
info: Win32Emu.Emulator[0]
      [ProcessEnv] VirtualAlloc: allocated at 0x006E5000, size=0x00001000, reserve=False, commit=True, topDown=False
info: Win32Emu.Emulator[0]
      [ThreadScheduler] Initialized main thread 1 (handle=0x00001000)
info: Win32Emu.Emulator[0]
      [ProcessEnv] Main thread initialized with ID=1
dbug: Win32Emu.Emulator[0]
      [Loader] Main thread initialized
dbug: Win32Emu.Emulator[0]
      [Emulator] No TLS callbacks to execute
info: Win32Emu.Emulator[0]
      [Emulator] Checking for executable-specific workarounds
dbug: Win32Emu.Emulator[0]
      [Emulator] Image FilePath: <memory>
dbug: Win32Emu.Emulator[0]
      [Emulator] Env ExecutablePath: C:\ign_demo\IGN_DEMO.EXE
dbug: Win32Emu.Emulator[0]
      [Emulator] Extracted names: <MEMORY> / C:\IGN_DEMO\IGN_DEMO.EXE
dbug: Win32Emu.Emulator[0]
      [EventProcessing] Starting UI event processing loop
dbug: Win32Emu.Emulator[0]
      [Debug] Enhanced debugging enabled - will catch 0xFFFFFFFD errors
dbug: Win32Emu.Emulator[0]
      [Debug] Monitoring for suspicious register values
info: Win32Emu.Emulator[0]
      [Import] Direct call to KERNEL32.DLL!GetVersion at 0x0F0001A0
info: Win32Emu.Emulator[0]
      Dispatching KERNEL32.DLL!GetVersion at EIP=0x0F0001A0 ESP=0x001FEF7C stack=9C 7A 46 00 00 00 00 00 00 00 00 00 00 00 00 00
info: Win32Emu.Emulator[0]
      [Dispatcher] KERNEL32.DLL!GetVersion returned 0x040003B6, argBytes=0
info: Win32Emu.Emulator[0]
      [Import KERNEL32.DLL!GetVersion] Return address from stack: ESP=0x001FEF7C, retEIP=0x00467A9C
info: Win32Emu.Emulator[0]
      [Import KERNEL32.DLL!GetVersion] Stack state before cleanup:
        [ESP+00] = 0x001FEF7C: 0x00467A9C (return addr)
        [ESP+04] = 0x001FEF80: 0x00000000
        [ESP+08] = 0x001FEF84: 0x00000000
        [ESP+12] = 0x001FEF88: 0x00000000
        [ESP+16] = 0x001FEF8C: 0x00000000
        [ESP+20] = 0x001FEF90: 0x00000000
      
info: Win32Emu.Emulator[0]
      [Import KERNEL32.DLL!GetVersion] Stack cleanup: ESP=0x001FEF7C, retEIP=0x00467A9C, argBytes=0, new ESP=0x001FEF80
dbug: Win32Emu.Emulator[0]
      [RegisterValidation] After Import KERNEL32.DLL!GetVersion: EBX=00000000 (saved=00000000, preserved=True), ESI=00000000 (saved=00000000, preserved=True), EDI=00000000 (saved=00000000, preserved=True), EBP=001FEFFC (saved=001FEFFC, preserved=True, valid=True, savedValid=True), ESP=001FEF80
dbug: Win32Emu.Emulator[0]
      [Import] Successfully invoked KERNEL32.DLL!GetVersion
info: Win32Emu.Emulator[0]
      [Import] Direct call to KERNEL32.DLL!HeapCreate at 0x0F000260
info: Win32Emu.Emulator[0]
      Dispatching KERNEL32.DLL!HeapCreate at EIP=0x0F000260 ESP=0x001FEF6C stack=BF 8F 46 00 01 00 00 00 00 10 00 00 00 00 00 00
info: Win32Emu.Emulator[0]
      [Dispatcher] KERNEL32.DLL!HeapCreate returned 0x006E6000, argBytes=12
info: Win32Emu.Emulator[0]
      [Import KERNEL32.DLL!HeapCreate] Return address from stack: ESP=0x001FEF6C, retEIP=0x00468FBF
info: Win32Emu.Emulator[0]
      [Import KERNEL32.DLL!HeapCreate] Stack state before cleanup:
        [ESP+00] = 0x001FEF6C: 0x00468FBF (return addr)
        [ESP+04] = 0x001FEF70: 0x00000001 (arg1)
        [ESP+08] = 0x001FEF74: 0x00001000 (arg2)
        [ESP+12] = 0x001FEF78: 0x00000000 (arg3)
        [ESP+16] = 0x001FEF7C: 0x00467AD6
        [ESP+20] = 0x001FEF80: 0x00000000
      
info: Win32Emu.Emulator[0]
      [Import KERNEL32.DLL!HeapCreate] Stack cleanup: ESP=0x001FEF6C, retEIP=0x00468FBF, argBytes=12, new ESP=0x001FEF7C
dbug: Win32Emu.Emulator[0]
      [RegisterValidation] After Import KERNEL32.DLL!HeapCreate: EBX=00000000 (saved=00000000, preserved=True), ESI=00000000 (saved=00000000, preserved=True), EDI=00000000 (saved=00000000, preserved=True), EBP=001FEFFC (saved=001FEFFC, preserved=True, valid=True, savedValid=True), ESP=001FEF7C
dbug: Win32Emu.Emulator[0]
      [Import] Successfully invoked KERNEL32.DLL!HeapCreate
info: Win32Emu.Emulator[0]
      [Import] Direct call to KERNEL32.DLL!VirtualAlloc at 0x0F000280
info: Win32Emu.Emulator[0]
      Dispatching KERNEL32.DLL!VirtualAlloc at EIP=0x0F000280 ESP=0x001FEF54 stack=88 90 46 00 00 00 00 00 00 00 40 00 00 20 00 00
info: Win32Emu.Emulator[0]
      [Kernel32] VirtualAlloc(lpAddress=0x00000000, dwSize=0x00400000, alloc=0x00002000, protect=0x00000004)
info: Win32Emu.Emulator[0]
      [ProcessEnv] VirtualAlloc(lp=0x00000000, size=0x00400000, alloc=0x00002000, prot=0x00000004)
info: Win32Emu.Emulator[0]
      [ProcessEnv] VirtualAlloc: allocated at 0x006F0000, size=0x00400000, reserve=True, commit=False, topDown=False
info: Win32Emu.Emulator[0]
      [Kernel32] VirtualAlloc -> 0x006F0000
info: Win32Emu.Emulator[0]
      [Dispatcher] KERNEL32.DLL!VirtualAlloc returned 0x006F0000, argBytes=16
info: Win32Emu.Emulator[0]
      [Import KERNEL32.DLL!VirtualAlloc] Return address from stack: ESP=0x001FEF54, retEIP=0x00469088
info: Win32Emu.Emulator[0]
      [Import KERNEL32.DLL!VirtualAlloc] Stack state before cleanup:
        [ESP+00] = 0x001FEF54: 0x00469088 (return addr)
        [ESP+04] = 0x001FEF58: 0x00000000 (arg1)
        [ESP+08] = 0x001FEF5C: 0x00400000 (arg2)
        [ESP+12] = 0x001FEF60: 0x00002000 (arg3)
        [ESP+16] = 0x001FEF64: 0x00000004 (arg4)
        [ESP+20] = 0x001FEF68: 0x001FEFFC
      
info: Win32Emu.Emulator[0]
      [Import KERNEL32.DLL!VirtualAlloc] Stack cleanup: ESP=0x001FEF54, retEIP=0x00469088, argBytes=16, new ESP=0x001FEF68
dbug: Win32Emu.Emulator[0]
      [RegisterValidation] After Import KERNEL32.DLL!VirtualAlloc: EBX=00000000 (saved=00000000, preserved=True), ESI=004B5E18 (saved=004B5E18, preserved=True), EDI=0F000280 (saved=0F000280, preserved=True), EBP=001FEFFC (saved=001FEFFC, preserved=True, valid=True, savedValid=True), ESP=001FEF68
dbug: Win32Emu.Emulator[0]
      [Import] Successfully invoked KERNEL32.DLL!VirtualAlloc
info: Win32Emu.Emulator[0]
      [Import] Direct call to KERNEL32.DLL!VirtualAlloc at 0x0F000280
info: Win32Emu.Emulator[0]
      Dispatching KERNEL32.DLL!VirtualAlloc at EIP=0x0F000280 ESP=0x001FEF54 stack=A1 90 46 00 00 00 6F 00 00 00 01 00 00 10 00 00
info: Win32Emu.Emulator[0]
      [Kernel32] VirtualAlloc(lpAddress=0x006F0000, dwSize=0x00010000, alloc=0x00001000, protect=0x00000004)
info: Win32Emu.Emulator[0]
      [ProcessEnv] VirtualAlloc(lp=0x006F0000, size=0x00010000, alloc=0x00001000, prot=0x00000004)
info: Win32Emu.Emulator[0]
      [ProcessEnv] VirtualAlloc: Re-committing already allocated region at 0x006F0000
info: Win32Emu.Emulator[0]
      [ProcessEnv] VirtualAlloc: Allocated 0x10000 bytes at specific address 0x006F0000 (reserve=False, commit=True)
info: Win32Emu.Emulator[0]
      [Kernel32] VirtualAlloc -> 0x006F0000
info: Win32Emu.Emulator[0]
      [Dispatcher] KERNEL32.DLL!VirtualAlloc returned 0x006F0000, argBytes=16
info: Win32Emu.Emulator[0]
      [Import KERNEL32.DLL!VirtualAlloc] Return address from stack: ESP=0x001FEF54, retEIP=0x004690A1
info: Win32Emu.Emulator[0]
      [Import KERNEL32.DLL!VirtualAlloc] Stack state before cleanup:
        [ESP+00] = 0x001FEF54: 0x004690A1 (return addr)
        [ESP+04] = 0x001FEF58: 0x006F0000 (arg1)
        [ESP+08] = 0x001FEF5C: 0x00010000 (arg2)
        [ESP+12] = 0x001FEF60: 0x00001000 (arg3)
        [ESP+16] = 0x001FEF64: 0x00000004 (arg4)
        [ESP+20] = 0x001FEF68: 0x001FEFFC
      
info: Win32Emu.Emulator[0]
      [Import KERNEL32.DLL!VirtualAlloc] Stack cleanup: ESP=0x001FEF54, retEIP=0x004690A1, argBytes=16, new ESP=0x001FEF68
dbug: Win32Emu.Emulator[0]
      [RegisterValidation] After Import KERNEL32.DLL!VirtualAlloc: EBX=006F0000 (saved=006F0000, preserved=True), ESI=004B5E18 (saved=004B5E18, preserved=True), EDI=0F000280 (saved=0F000280, preserved=True), EBP=001FEFFC (saved=001FEFFC, preserved=True, valid=True, savedValid=True), ESP=001FEF68
dbug: Win32Emu.Emulator[0]
      [Import] Successfully invoked KERNEL32.DLL!VirtualAlloc
info: Win32Emu.Emulator[0]
      [Import] Direct call to KERNEL32.DLL!GetStartupInfoA at 0x0F000180
info: Win32Emu.Emulator[0]
      Dispatching KERNEL32.DLL!GetStartupInfoA at EIP=0x0F000180 ESP=0x001FEF20 stack=9E D0 46 00 38 EF 1F 00 FC EF 1F 00 00 00 00 00
info: Win32Emu.Emulator[0]
      [Dispatcher] KERNEL32.DLL!GetStartupInfoA returned 0x00000000, argBytes=4
info: Win32Emu.Emulator[0]
      [Import KERNEL32.DLL!GetStartupInfoA] Return address from stack: ESP=0x001FEF20, retEIP=0x0046D09E
info: Win32Emu.Emulator[0]
      [Import KERNEL32.DLL!GetStartupInfoA] Stack state before cleanup:
        [ESP+00] = 0x001FEF20: 0x0046D09E (return addr)
        [ESP+04] = 0x001FEF24: 0x001FEF38 (arg1)
        [ESP+08] = 0x001FEF28: 0x001FEFFC
        [ESP+12] = 0x001FEF2C: 0x00000000
        [ESP+16] = 0x001FEF30: 0x00000000
        [ESP+20] = 0x001FEF34: 0x00000000
      
info: Win32Emu.Emulator[0]
      [Import KERNEL32.DLL!GetStartupInfoA] Stack cleanup: ESP=0x001FEF20, retEIP=0x0046D09E, argBytes=4, new ESP=0x001FEF28
dbug: Win32Emu.Emulator[0]
      [RegisterValidation] After Import KERNEL32.DLL!GetStartupInfoA: EBX=00000000 (saved=00000000, preserved=True), ESI=006F0200 (saved=006F0200, preserved=True), EDI=00000000 (saved=00000000, preserved=True), EBP=001FEFFC (saved=001FEFFC, preserved=True, valid=True, savedValid=True), ESP=001FEF28
dbug: Win32Emu.Emulator[0]
      [Import] Successfully invoked KERNEL32.DLL!GetStartupInfoA
info: Win32Emu.Emulator[0]
      [Import] Direct call to KERNEL32.DLL!GetStdHandle at 0x0F000030
info: Win32Emu.Emulator[0]
      Dispatching KERNEL32.DLL!GetStdHandle at EIP=0x0F000030 ESP=0x001FEF20 stack=B5 D1 46 00 F6 FF FF FF FC EF 1F 00 00 00 00 00
info: Win32Emu.Emulator[0]
      [Dispatcher] KERNEL32.DLL!GetStdHandle returned 0x00000001, argBytes=4
info: Win32Emu.Emulator[0]
      [Import KERNEL32.DLL!GetStdHandle] Return address from stack: ESP=0x001FEF20, retEIP=0x0046D1B5
info: Win32Emu.Emulator[0]
      [Import KERNEL32.DLL!GetStdHandle] Stack state before cleanup:
        [ESP+00] = 0x001FEF20: 0x0046D1B5 (return addr)
        [ESP+04] = 0x001FEF24: 0xFFFFFFF6 (arg1)
        [ESP+08] = 0x001FEF28: 0x001FEFFC
        [ESP+12] = 0x001FEF2C: 0x00000000
        [ESP+16] = 0x001FEF30: 0x00000000
        [ESP+20] = 0x001FEF34: 0x00000000
      
info: Win32Emu.Emulator[0]
      [Import KERNEL32.DLL!GetStdHandle] Stack cleanup: ESP=0x001FEF20, retEIP=0x0046D1B5, argBytes=4, new ESP=0x001FEF28
dbug: Win32Emu.Emulator[0]
      [RegisterValidation] After Import KERNEL32.DLL!GetStdHandle: EBX=0F000030 (saved=0F000030, preserved=True), ESI=00000000 (saved=00000000, preserved=True), EDI=006F0100 (saved=006F0100, preserved=True), EBP=001FEFFC (saved=001FEFFC, preserved=True, valid=True, savedValid=True), ESP=001FEF28
dbug: Win32Emu.Emulator[0]
      [Import] Successfully invoked KERNEL32.DLL!GetStdHandle
info: Win32Emu.Emulator[0]
      [Import] Direct call to KERNEL32.DLL!GetFileType at 0x0F000020
info: Win32Emu.Emulator[0]
      Dispatching KERNEL32.DLL!GetFileType at EIP=0x0F000020 ESP=0x001FEF20 stack=C3 D1 46 00 01 00 00 00 FC EF 1F 00 00 00 00 00
info: Win32Emu.Emulator[0]
      [Dispatcher] KERNEL32.DLL!GetFileType returned 0x00000002, argBytes=4
info: Win32Emu.Emulator[0]
      [Import KERNEL32.DLL!GetFileType] Return address from stack: ESP=0x001FEF20, retEIP=0x0046D1C3
info: Win32Emu.Emulator[0]
      [Import KERNEL32.DLL!GetFileType] Stack state before cleanup:
        [ESP+00] = 0x001FEF20: 0x0046D1C3 (return addr)
        [ESP+04] = 0x001FEF24: 0x00000001 (arg1)
        [ESP+08] = 0x001FEF28: 0x001FEFFC
        [ESP+12] = 0x001FEF2C: 0x00000000
        [ESP+16] = 0x001FEF30: 0x00000000
        [ESP+20] = 0x001FEF34: 0x00000000
      
info: Win32Emu.Emulator[0]
      [Import KERNEL32.DLL!GetFileType] Stack cleanup: ESP=0x001FEF20, retEIP=0x0046D1C3, argBytes=4, new ESP=0x001FEF28
dbug: Win32Emu.Emulator[0]
      [RegisterValidation] After Import KERNEL32.DLL!GetFileType: EBX=0F000030 (saved=0F000030, preserved=True), ESI=00000000 (saved=00000000, preserved=True), EDI=006F0100 (saved=006F0100, preserved=True), EBP=00000001 (saved=00000001, preserved=True, valid=False, savedValid=False), ESP=001FEF28
dbug: Win32Emu.Emulator[0]
      [Import] Successfully invoked KERNEL32.DLL!GetFileType
info: Win32Emu.Emulator[0]
      [Import] Direct call to KERNEL32.DLL!GetStdHandle at 0x0F000030
info: Win32Emu.Emulator[0]
      Dispatching KERNEL32.DLL!GetStdHandle at EIP=0x0F000030 ESP=0x001FEF20 stack=B5 D1 46 00 F5 FF FF FF FC EF 1F 00 00 00 00 00
info: Win32Emu.Emulator[0]
      [Dispatcher] KERNEL32.DLL!GetStdHandle returned 0x00000002, argBytes=4
info: Win32Emu.Emulator[0]
      [Import KERNEL32.DLL!GetStdHandle] Return address from stack: ESP=0x001FEF20, retEIP=0x0046D1B5
info: Win32Emu.Emulator[0]
      [Import KERNEL32.DLL!GetStdHandle] Stack state before cleanup:
        [ESP+00] = 0x001FEF20: 0x0046D1B5 (return addr)
        [ESP+04] = 0x001FEF24: 0xFFFFFFF5 (arg1)
        [ESP+08] = 0x001FEF28: 0x001FEFFC
        [ESP+12] = 0x001FEF2C: 0x00000000
        [ESP+16] = 0x001FEF30: 0x00000000
        [ESP+20] = 0x001FEF34: 0x00000000
      
info: Win32Emu.Emulator[0]
      [Import KERNEL32.DLL!GetStdHandle] Stack cleanup: ESP=0x001FEF20, retEIP=0x0046D1B5, argBytes=4, new ESP=0x001FEF28
dbug: Win32Emu.Emulator[0]
      [RegisterValidation] After Import KERNEL32.DLL!GetStdHandle: EBX=0F000030 (saved=0F000030, preserved=True), ESI=00000001 (saved=00000001, preserved=True), EDI=006F0108 (saved=006F0108, preserved=True), EBP=00000001 (saved=00000001, preserved=True, valid=False, savedValid=False), ESP=001FEF28
dbug: Win32Emu.Emulator[0]
      [Import] Successfully invoked KERNEL32.DLL!GetStdHandle
info: Win32Emu.Emulator[0]
      [Import] Direct call to KERNEL32.DLL!GetFileType at 0x0F000020
info: Win32Emu.Emulator[0]
      Dispatching KERNEL32.DLL!GetFileType at EIP=0x0F000020 ESP=0x001FEF20 stack=C3 D1 46 00 02 00 00 00 FC EF 1F 00 00 00 00 00
info: Win32Emu.Emulator[0]
      [Dispatcher] KERNEL32.DLL!GetFileType returned 0x00000002, argBytes=4
info: Win32Emu.Emulator[0]
      [Import KERNEL32.DLL!GetFileType] Return address from stack: ESP=0x001FEF20, retEIP=0x0046D1C3
info: Win32Emu.Emulator[0]
      [Import KERNEL32.DLL!GetFileType] Stack state before cleanup:
        [ESP+00] = 0x001FEF20: 0x0046D1C3 (return addr)
        [ESP+04] = 0x001FEF24: 0x00000002 (arg1)
        [ESP+08] = 0x001FEF28: 0x001FEFFC
        [ESP+12] = 0x001FEF2C: 0x00000000
        [ESP+16] = 0x001FEF30: 0x00000000
        [ESP+20] = 0x001FEF34: 0x00000000
      
info: Win32Emu.Emulator[0]
      [Import KERNEL32.DLL!GetFileType] Stack cleanup: ESP=0x001FEF20, retEIP=0x0046D1C3, argBytes=4, new ESP=0x001FEF28
dbug: Win32Emu.Emulator[0]
      [RegisterValidation] After Import KERNEL32.DLL!GetFileType: EBX=0F000030 (saved=0F000030, preserved=True), ESI=00000001 (saved=00000001, preserved=True), EDI=006F0108 (saved=006F0108, preserved=True), EBP=00000002 (saved=00000002, preserved=True, valid=False, savedValid=False), ESP=001FEF28
dbug: Win32Emu.Emulator[0]
      [Import] Successfully invoked KERNEL32.DLL!GetFileType
info: Win32Emu.Emulator[0]
      [Import] Direct call to KERNEL32.DLL!GetStdHandle at 0x0F000030
info: Win32Emu.Emulator[0]
      Dispatching KERNEL32.DLL!GetStdHandle at EIP=0x0F000030 ESP=0x001FEF20 stack=B5 D1 46 00 F4 FF FF FF FC EF 1F 00 00 00 00 00
info: Win32Emu.Emulator[0]
      [Dispatcher] KERNEL32.DLL!GetStdHandle returned 0x00000003, argBytes=4
info: Win32Emu.Emulator[0]
      [Import KERNEL32.DLL!GetStdHandle] Return address from stack: ESP=0x001FEF20, retEIP=0x0046D1B5
info: Win32Emu.Emulator[0]
      [Import KERNEL32.DLL!GetStdHandle] Stack state before cleanup:
        [ESP+00] = 0x001FEF20: 0x0046D1B5 (return addr)
        [ESP+04] = 0x001FEF24: 0xFFFFFFF4 (arg1)
        [ESP+08] = 0x001FEF28: 0x001FEFFC
        [ESP+12] = 0x001FEF2C: 0x00000000
        [ESP+16] = 0x001FEF30: 0x00000000
        [ESP+20] = 0x001FEF34: 0x00000000
      
info: Win32Emu.Emulator[0]
      [Import KERNEL32.DLL!GetStdHandle] Stack cleanup: ESP=0x001FEF20, retEIP=0x0046D1B5, argBytes=4, new ESP=0x001FEF28
dbug: Win32Emu.Emulator[0]
      [RegisterValidation] After Import KERNEL32.DLL!GetStdHandle: EBX=0F000030 (saved=0F000030, preserved=True), ESI=00000002 (saved=00000002, preserved=True), EDI=006F0110 (saved=006F0110, preserved=True), EBP=00000002 (saved=00000002, preserved=True, valid=False, savedValid=False), ESP=001FEF28
dbug: Win32Emu.Emulator[0]
      [Import] Successfully invoked KERNEL32.DLL!GetStdHandle
info: Win32Emu.Emulator[0]
      [Import] Direct call to KERNEL32.DLL!GetFileType at 0x0F000020
info: Win32Emu.Emulator[0]
      Dispatching KERNEL32.DLL!GetFileType at EIP=0x0F000020 ESP=0x001FEF20 stack=C3 D1 46 00 03 00 00 00 FC EF 1F 00 00 00 00 00
info: Win32Emu.Emulator[0]
      [Dispatcher] KERNEL32.DLL!GetFileType returned 0x00000002, argBytes=4
info: Win32Emu.Emulator[0]
      [Import KERNEL32.DLL!GetFileType] Return address from stack: ESP=0x001FEF20, retEIP=0x0046D1C3
info: Win32Emu.Emulator[0]
      [Import KERNEL32.DLL!GetFileType] Stack state before cleanup:
        [ESP+00] = 0x001FEF20: 0x0046D1C3 (return addr)
        [ESP+04] = 0x001FEF24: 0x00000003 (arg1)
        [ESP+08] = 0x001FEF28: 0x001FEFFC
        [ESP+12] = 0x001FEF2C: 0x00000000
        [ESP+16] = 0x001FEF30: 0x00000000
        [ESP+20] = 0x001FEF34: 0x00000000
      
info: Win32Emu.Emulator[0]
      [Import KERNEL32.DLL!GetFileType] Stack cleanup: ESP=0x001FEF20, retEIP=0x0046D1C3, argBytes=4, new ESP=0x001FEF28
dbug: Win32Emu.Emulator[0]
      [RegisterValidation] After Import KERNEL32.DLL!GetFileType: EBX=0F000030 (saved=0F000030, preserved=True), ESI=00000002 (saved=00000002, preserved=True), EDI=006F0110 (saved=006F0110, preserved=True), EBP=00000003 (saved=00000003, preserved=True, valid=False, savedValid=False), ESP=001FEF28
dbug: Win32Emu.Emulator[0]
      [Import] Successfully invoked KERNEL32.DLL!GetFileType
info: Win32Emu.Emulator[0]
      [Import] Direct call to KERNEL32.DLL!SetHandleCount at 0x0F000360
info: Win32Emu.Emulator[0]
      Dispatching KERNEL32.DLL!SetHandleCount at EIP=0x0F000360 ESP=0x001FEF20 stack=00 D2 46 00 20 00 00 00 FC EF 1F 00 00 00 00 00
info: Win32Emu.Emulator[0]
      [Dispatcher] KERNEL32.DLL!SetHandleCount returned 0x00000020, argBytes=4
info: Win32Emu.Emulator[0]
      [Import KERNEL32.DLL!SetHandleCount] Return address from stack: ESP=0x001FEF20, retEIP=0x0046D200
info: Win32Emu.Emulator[0]
      [Import KERNEL32.DLL!SetHandleCount] Stack state before cleanup:
        [ESP+00] = 0x001FEF20: 0x0046D200 (return addr)
        [ESP+04] = 0x001FEF24: 0x00000020 (arg1)
        [ESP+08] = 0x001FEF28: 0x001FEFFC
        [ESP+12] = 0x001FEF2C: 0x00000000
        [ESP+16] = 0x001FEF30: 0x00000000
        [ESP+20] = 0x001FEF34: 0x00000000
      
info: Win32Emu.Emulator[0]
      [Import KERNEL32.DLL!SetHandleCount] Stack cleanup: ESP=0x001FEF20, retEIP=0x0046D200, argBytes=4, new ESP=0x001FEF28
dbug: Win32Emu.Emulator[0]
      [RegisterValidation] After Import KERNEL32.DLL!SetHandleCount: EBX=0F000030 (saved=0F000030, preserved=True), ESI=00000003 (saved=00000003, preserved=True), EDI=006F0110 (saved=006F0110, preserved=True), EBP=00000003 (saved=00000003, preserved=True, valid=False, savedValid=False), ESP=001FEF28
dbug: Win32Emu.Emulator[0]
      [Import] Successfully invoked KERNEL32.DLL!SetHandleCount
dbug: Win32Emu.Emulator[0]
      
      [Debug] *** CPU TRYING TO EXECUTE SYNTHETIC IMPORT ADDRESS! ***
dbug: Win32Emu.Emulator[0]
      [Debug] EIP=0x0F000340 at instruction 8950
dbug: Win32Emu.Emulator[0]
      [Debug] This is import: KERNEL32.DLL!GetACP
dbug: Win32Emu.Emulator[0]
      [Debug] This should now execute an INT3 stub that will be handled as an import call
dbug: Win32Emu.Emulator[0]
      [JitCpu] INT 0x80 syscall at 0x0E000000
info: Win32Emu.Emulator[0]
      [Syscall] KERNEL32.DLL!GetACP from stub at 0x0F000340
info: Win32Emu.Emulator[0]
      [Syscall] BEFORE API: Return address at 0x001FEF44 = 0x0046CD61
info: Win32Emu.Emulator[0]
      Dispatching async KERNEL32.DLL!GetACP at EIP=0x0E000002 ESP=0x001FEF44 stack=61 CD 46 00 FD FF FF FF FC EF 1F 00 00 00 00 00
info: Win32Emu.Emulator[0]
      Dispatching KERNEL32.DLL!GetACP at EIP=0x0E000002 ESP=0x001FEF44 stack=61 CD 46 00 FD FF FF FF FC EF 1F 00 00 00 00 00
info: Win32Emu.Emulator[0]
      [Dispatcher] KERNEL32.DLL!GetACP returned 0x0000FDE9, argBytes=0
info: Win32Emu.Emulator[0]
      [Syscall] AFTER API: Return address at 0x001FEF44 = 0x0046CD61
dbug: Win32Emu.Emulator[0]
      [RegisterValidation] After Syscall KERNEL32.DLL!GetACP: EBX=00000000 (saved=00000000, preserved=True), ESI=00000000 (saved=00000000, preserved=True), EDI=00000000 (saved=00000000, preserved=True), EBP=001FEFFC (saved=001FEFFC, preserved=True, valid=True, savedValid=True), ESP=001FEF40
dbug: Win32Emu.Emulator[0]
      [Syscall] Returned 0x0000FDE9, argBytes=0, CPU will execute RET naturally
dbug: Win32Emu.Emulator[0]
      [Syscall] Patched RET at 0x0F000345 with argBytes=0
dbug: Win32Emu.Emulator[0]
      [Syscall] CPU state after KERNEL32.DLL!GetACP: EAX=0x0000FDE9 ESP=0x001FEF40
dbug: Win32Emu.Emulator[0]
      
      [Syscall] Stack validation after KERNEL32.DLL!GetACP:
        [ESP+-8] = 0x001FEF3C: 0x00000000
        [ESP+-4] = 0x001FEF40: 0x0F000345
        [ESP++0] = 0x001FEF44: 0x0046CD61 <-- Future ESP
        [ESP++4] = 0x001FEF48: 0xFFFFFFFD
        [ESP++8] = 0x001FEF4C: 0x001FEFFC
        [ESP++12] = 0x001FEF50: 0x00000000
        [ESP++16] = 0x001FEF54: 0x00000000
dbug: Win32Emu.Emulator[0]
      
      [Debug] *** CPU TRYING TO EXECUTE SYNTHETIC IMPORT ADDRESS! ***
dbug: Win32Emu.Emulator[0]
      [Debug] EIP=0x0F000345 at instruction 8953
dbug: Win32Emu.Emulator[0]
      [Debug] This is import: KERNEL32.DLL!GetACP
dbug: Win32Emu.Emulator[0]
      [Debug] This should now execute an INT3 stub that will be handled as an import call
info: Win32Emu.Emulator[0]
      [Import] Direct call to KERNEL32.DLL!GetCPInfo at 0x0F000330
info: Win32Emu.Emulator[0]
      Dispatching KERNEL32.DLL!GetCPInfo at EIP=0x0F000330 ESP=0x001FEF40 stack=BA CD 46 00 E9 FD 00 00 60 EF 1F 00 FC EF 1F 00
info: Win32Emu.Emulator[0]
      [Kernel32] GetCPInfo called: codePage=Utf8 lpCpInfo=0x001FEF60
info: Win32Emu.Emulator[0]
      [Kernel32] GetCPInfo: actualCodePage=Utf8
info: Win32Emu.Emulator[0]
      [Dispatcher] KERNEL32.DLL!GetCPInfo returned 0x00000001, argBytes=8
info: Win32Emu.Emulator[0]
      [Import KERNEL32.DLL!GetCPInfo] Return address from stack: ESP=0x001FEF40, retEIP=0x0046CDBA
info: Win32Emu.Emulator[0]
      [Import KERNEL32.DLL!GetCPInfo] Stack state before cleanup:
        [ESP+00] = 0x001FEF40: 0x0046CDBA (return addr)
        [ESP+04] = 0x001FEF44: 0x0000FDE9 (arg1)
        [ESP+08] = 0x001FEF48: 0x001FEF60 (arg2)
        [ESP+12] = 0x001FEF4C: 0x001FEFFC
        [ESP+16] = 0x001FEF50: 0x00000000
        [ESP+20] = 0x001FEF54: 0x00000000
      
info: Win32Emu.Emulator[0]
      [Import KERNEL32.DLL!GetCPInfo] Stack cleanup: ESP=0x001FEF40, retEIP=0x0046CDBA, argBytes=8, new ESP=0x001FEF4C
dbug: Win32Emu.Emulator[0]
      [RegisterValidation] After Import KERNEL32.DLL!GetCPInfo: EBX=00000000 (saved=00000000, preserved=True), ESI=00000000 (saved=00000000, preserved=True), EDI=00000000 (saved=00000000, preserved=True), EBP=0000FDE9 (saved=0000FDE9, preserved=True, valid=True, savedValid=True), ESP=001FEF4C
dbug: Win32Emu.Emulator[0]
      [Import] Successfully invoked KERNEL32.DLL!GetCPInfo
dbug: Win32Emu.Emulator[0]
      [Loop Check] Instruction 10000: EIP=0x0046CE25
info: Win32Emu.Emulator[0]
      [Import] Direct call to KERNEL32.DLL!GetCommandLineA at 0x0F000190
info: Win32Emu.Emulator[0]
      Dispatching KERNEL32.DLL!GetCommandLineA at EIP=0x0F000190 ESP=0x001FEF7C stack=FB 7A 46 00 00 00 00 00 00 00 00 00 00 00 00 00
dbug: Win32Emu.Emulator[0]
      [ProcessEnv] ReadAnsiString addr=0x006E0000 result='"C:\ign_demo\IGN_DEMO.EXE"'
info: Win32Emu.Emulator[0]
      [Kernel32] GetCommandLineA returning 0x006E0000: ""C:\ign_demo\IGN_DEMO.EXE""
info: Win32Emu.Emulator[0]
      [Dispatcher] KERNEL32.DLL!GetCommandLineA returned 0x006E0000, argBytes=0
info: Win32Emu.Emulator[0]
      [Import KERNEL32.DLL!GetCommandLineA] Return address from stack: ESP=0x001FEF7C, retEIP=0x00467AFB
info: Win32Emu.Emulator[0]
      [Import KERNEL32.DLL!GetCommandLineA] Stack state before cleanup:
        [ESP+00] = 0x001FEF7C: 0x00467AFB (return addr)
        [ESP+04] = 0x001FEF80: 0x00000000
        [ESP+08] = 0x001FEF84: 0x00000000
        [ESP+12] = 0x001FEF88: 0x00000000
        [ESP+16] = 0x001FEF8C: 0x00000000
        [ESP+20] = 0x001FEF90: 0x00000000
      
info: Win32Emu.Emulator[0]
      [Import KERNEL32.DLL!GetCommandLineA] Stack cleanup: ESP=0x001FEF7C, retEIP=0x00467AFB, argBytes=0, new ESP=0x001FEF80
dbug: Win32Emu.Emulator[0]
      [RegisterValidation] After Import KERNEL32.DLL!GetCommandLineA: EBX=00000000 (saved=00000000, preserved=True), ESI=00000000 (saved=00000000, preserved=True), EDI=00000000 (saved=00000000, preserved=True), EBP=001FEFFC (saved=001FEFFC, preserved=True, valid=True, savedValid=True), ESP=001FEF80
dbug: Win32Emu.Emulator[0]
      [Import] Successfully invoked KERNEL32.DLL!GetCommandLineA
info: Win32Emu.Emulator[0]
      [Import] Direct call to KERNEL32.DLL!GetEnvironmentStringsW at 0x0F000310
info: Win32Emu.Emulator[0]
      Dispatching KERNEL32.DLL!GetEnvironmentStringsW at EIP=0x0F000310 ESP=0x001FEF64 stack=DB CB 46 00 FC EF 1F 00 00 00 00 00 00 00 00 00
info: Win32Emu.Emulator[0]
      [Dispatcher] KERNEL32.DLL!GetEnvironmentStringsW returned 0x00AF0000, argBytes=0
info: Win32Emu.Emulator[0]
      [Import KERNEL32.DLL!GetEnvironmentStringsW] Return address from stack: ESP=0x001FEF64, retEIP=0x0046CBDB
info: Win32Emu.Emulator[0]
      [Import KERNEL32.DLL!GetEnvironmentStringsW] Stack state before cleanup:
        [ESP+00] = 0x001FEF64: 0x0046CBDB (return addr)
        [ESP+04] = 0x001FEF68: 0x001FEFFC
        [ESP+08] = 0x001FEF6C: 0x00000000
        [ESP+12] = 0x001FEF70: 0x00000000
        [ESP+16] = 0x001FEF74: 0x00000000
        [ESP+20] = 0x001FEF78: 0xFFFFFFFD
      
info: Win32Emu.Emulator[0]
      [Import KERNEL32.DLL!GetEnvironmentStringsW] Stack cleanup: ESP=0x001FEF64, retEIP=0x0046CBDB, argBytes=0, new ESP=0x001FEF68
dbug: Win32Emu.Emulator[0]
      [RegisterValidation] After Import KERNEL32.DLL!GetEnvironmentStringsW: EBX=00000000 (saved=00000000, preserved=True), ESI=0F000310 (saved=0F000310, preserved=True), EDI=00000000 (saved=00000000, preserved=True), EBP=001FEFFC (saved=001FEFFC, preserved=True, valid=True, savedValid=True), ESP=001FEF68
dbug: Win32Emu.Emulator[0]
      [Import] Successfully invoked KERNEL32.DLL!GetEnvironmentStringsW
info: Win32Emu.Emulator[0]
      [Import] Direct call to KERNEL32.DLL!WideCharToMultiByte at 0x0F000320
info: Win32Emu.Emulator[0]
      Dispatching KERNEL32.DLL!WideCharToMultiByte at EIP=0x0F000320 ESP=0x001FEF44 stack=66 CC 46 00 00 00 00 00 00 00 00 00 00 00 AF 00
info: Win32Emu.Emulator[0]
      [Kernel32] WideCharToMultiByte: CP=Acp cchWide=312 lpWide=0x00AF0000 cbMulti=0 lpMulti=0x00000000
info: Win32Emu.Emulator[0]
      [Kernel32] WideCharToMultiByte: Read 312 chars (specified count)
dbug: Win32Emu.Emulator[0]
      [Kernel32] WideCharToMultiByte: Detected trailing null in wide string
dbug: Win32Emu.Emulator[0]
      [Kernel32] WideCharToMultiByte: Converting with code page Utf8
dbug: Win32Emu.Emulator[0]
      [Kernel32] WideCharToMultiByte: Conversion complete, got 312 bytes
info: Win32Emu.Emulator[0]
      [Kernel32] WideCharToMultiByte: Returning size 312
info: Win32Emu.Emulator[0]
      [Dispatcher] KERNEL32.DLL!WideCharToMultiByte returned 0x00000138, argBytes=32
info: Win32Emu.Emulator[0]
      [Import KERNEL32.DLL!WideCharToMultiByte] Return address from stack: ESP=0x001FEF44, retEIP=0x0046CC66
info: Win32Emu.Emulator[0]
      [Import KERNEL32.DLL!WideCharToMultiByte] Stack state before cleanup:
        [ESP+00] = 0x001FEF44: 0x0046CC66 (return addr)
        [ESP+04] = 0x001FEF48: 0x00000000 (arg1)
        [ESP+08] = 0x001FEF4C: 0x00000000 (arg2)
        [ESP+12] = 0x001FEF50: 0x00AF0000 (arg3)
        [ESP+16] = 0x001FEF54: 0x00000138 (arg4)
        [ESP+20] = 0x001FEF58: 0x00000000 (arg5)
      
info: Win32Emu.Emulator[0]
      [Import KERNEL32.DLL!WideCharToMultiByte] Stack cleanup: ESP=0x001FEF44, retEIP=0x0046CC66, argBytes=32, new ESP=0x001FEF68
dbug: Win32Emu.Emulator[0]
      [RegisterValidation] After Import KERNEL32.DLL!WideCharToMultiByte: EBX=00000000 (saved=00000000, preserved=True), ESI=00000138 (saved=00000138, preserved=True), EDI=00AF0000 (saved=00AF0000, preserved=True), EBP=001FEFFC (saved=001FEFFC, preserved=True, valid=True, savedValid=True), ESP=001FEF68
dbug: Win32Emu.Emulator[0]
      [Import] Successfully invoked KERNEL32.DLL!WideCharToMultiByte
info: Win32Emu.Emulator[0]
      [Import] Direct call to KERNEL32.DLL!WideCharToMultiByte at 0x0F000320
info: Win32Emu.Emulator[0]
      Dispatching KERNEL32.DLL!WideCharToMultiByte at EIP=0x0F000320 ESP=0x001FEF44 stack=8D CC 46 00 00 00 00 00 00 00 00 00 00 00 AF 00
info: Win32Emu.Emulator[0]
      [Kernel32] WideCharToMultiByte: CP=Acp cchWide=312 lpWide=0x00AF0000 cbMulti=312 lpMulti=0x006F0200
info: Win32Emu.Emulator[0]
      [Kernel32] WideCharToMultiByte: Read 312 chars (specified count)
dbug: Win32Emu.Emulator[0]
      [Kernel32] WideCharToMultiByte: Detected trailing null in wide string
dbug: Win32Emu.Emulator[0]
      [Kernel32] WideCharToMultiByte: Converting with code page Utf8
dbug: Win32Emu.Emulator[0]
      [Kernel32] WideCharToMultiByte: Conversion complete, got 312 bytes
dbug: Win32Emu.Emulator[0]
      [Kernel32] WideCharToMultiByte: Writing 312 bytes to 0x006F0200
dbug: Win32Emu.Emulator[0]
      [Kernel32] WideCharToMultiByte: Success, returning 312 bytes
info: Win32Emu.Emulator[0]
      [Dispatcher] KERNEL32.DLL!WideCharToMultiByte returned 0x00000138, argBytes=32
info: Win32Emu.Emulator[0]
      [Import KERNEL32.DLL!WideCharToMultiByte] Return address from stack: ESP=0x001FEF44, retEIP=0x0046CC8D
info: Win32Emu.Emulator[0]
      [Import KERNEL32.DLL!WideCharToMultiByte] Stack state before cleanup:
        [ESP+00] = 0x001FEF44: 0x0046CC8D (return addr)
        [ESP+04] = 0x001FEF48: 0x00000000 (arg1)
        [ESP+08] = 0x001FEF4C: 0x00000000 (arg2)
        [ESP+12] = 0x001FEF50: 0x00AF0000 (arg3)
        [ESP+16] = 0x001FEF54: 0x00000138 (arg4)
        [ESP+20] = 0x001FEF58: 0x006F0200 (arg5)
      
info: Win32Emu.Emulator[0]
      [Import KERNEL32.DLL!WideCharToMultiByte] Stack cleanup: ESP=0x001FEF44, retEIP=0x0046CC8D, argBytes=32, new ESP=0x001FEF68
dbug: Win32Emu.Emulator[0]
      [RegisterValidation] After Import KERNEL32.DLL!WideCharToMultiByte: EBX=006F0200 (saved=006F0200, preserved=True), ESI=00000138 (saved=00000138, preserved=True), EDI=00AF0000 (saved=00AF0000, preserved=True), EBP=00000138 (saved=00000138, preserved=True, valid=False, savedValid=False), ESP=001FEF68
dbug: Win32Emu.Emulator[0]
      [Import] Successfully invoked KERNEL32.DLL!WideCharToMultiByte
info: Win32Emu.Emulator[0]
      [Import] Direct call to KERNEL32.DLL!FreeEnvironmentStringsW at 0x0F000010
info: Win32Emu.Emulator[0]
      Dispatching KERNEL32.DLL!FreeEnvironmentStringsW at EIP=0x0F000010 ESP=0x001FEF60 stack=A3 CC 46 00 00 00 AF 00 FC EF 1F 00 00 00 00 00
info: Win32Emu.Emulator[0]
      [Dispatcher] KERNEL32.DLL!FreeEnvironmentStringsW returned 0x00000001, argBytes=4
info: Win32Emu.Emulator[0]
      [Import KERNEL32.DLL!FreeEnvironmentStringsW] Return address from stack: ESP=0x001FEF60, retEIP=0x0046CCA3
info: Win32Emu.Emulator[0]
      [Import KERNEL32.DLL!FreeEnvironmentStringsW] Stack state before cleanup:
        [ESP+00] = 0x001FEF60: 0x0046CCA3 (return addr)
        [ESP+04] = 0x001FEF64: 0x00AF0000 (arg1)
        [ESP+08] = 0x001FEF68: 0x001FEFFC
        [ESP+12] = 0x001FEF6C: 0x00000000
        [ESP+16] = 0x001FEF70: 0x00000000
        [ESP+20] = 0x001FEF74: 0x00000000
      
info: Win32Emu.Emulator[0]
      [Import KERNEL32.DLL!FreeEnvironmentStringsW] Stack cleanup: ESP=0x001FEF60, retEIP=0x0046CCA3, argBytes=4, new ESP=0x001FEF68
dbug: Win32Emu.Emulator[0]
      [RegisterValidation] After Import KERNEL32.DLL!FreeEnvironmentStringsW: EBX=006F0200 (saved=006F0200, preserved=True), ESI=00000138 (saved=00000138, preserved=True), EDI=00AF0000 (saved=00AF0000, preserved=True), EBP=00000138 (saved=00000138, preserved=True, valid=False, savedValid=False), ESP=001FEF68
dbug: Win32Emu.Emulator[0]
      [Import] Successfully invoked KERNEL32.DLL!FreeEnvironmentStringsW
info: Win32Emu.Emulator[0]
      [Import] Direct call to KERNEL32.DLL!GetModuleFileNameA at 0x0F0002C0
info: Win32Emu.Emulator[0]
      Dispatching KERNEL32.DLL!GetModuleFileNameA at EIP=0x0F0002C0 ESP=0x001FEF5C stack=58 C7 46 00 00 00 00 00 40 06 52 00 04 01 00 00
info: Win32Emu.Emulator[0]
      [Kernel32] GetModuleFileNameA called: h=0x00000000 lp=0x00520640 n=260
dbug: Win32Emu.Emulator[0]
      [Kernel32] GetModuleFileNameA resolved path: C:\ign_demo\IGN_DEMO.EXE
dbug: Win32Emu.Emulator[0]
      [Kernel32] GetModuleFileNameA converted to Windows path: C:\ign_demo\IGN_DEMO.EXE
dbug: Win32Emu.Emulator[0]
      MemWrite addr=0x00520658 len=1 data=00
dbug: Win32Emu.Emulator[0]
      MemWrite addr=0x00520640 len=25 data=43 3A 5C 69 67 6E 5F 64 65 6D 6F 5C 49 47 4E 5F 44 45 4D 4F 2E 45 58 45
info: Win32Emu.Emulator[0]
      [Kernel32] GetModuleFileNameA returning 24
info: Win32Emu.Emulator[0]
      [Dispatcher] KERNEL32.DLL!GetModuleFileNameA returned 0x00000018, argBytes=12
info: Win32Emu.Emulator[0]
      [Import KERNEL32.DLL!GetModuleFileNameA] Return address from stack: ESP=0x001FEF5C, retEIP=0x0046C758
info: Win32Emu.Emulator[0]
      [Import KERNEL32.DLL!GetModuleFileNameA] Stack state before cleanup:
        [ESP+00] = 0x001FEF5C: 0x0046C758 (return addr)
        [ESP+04] = 0x001FEF60: 0x00000000 (arg1)
        [ESP+08] = 0x001FEF64: 0x00520640 (arg2)
        [ESP+12] = 0x001FEF68: 0x00000104 (arg3)
        [ESP+16] = 0x001FEF6C: 0x00000000
        [ESP+20] = 0x001FEF70: 0x00000000
      
info: Win32Emu.Emulator[0]
      [Import KERNEL32.DLL!GetModuleFileNameA] Stack cleanup: ESP=0x001FEF5C, retEIP=0x0046C758, argBytes=12, new ESP=0x001FEF6C
dbug: Win32Emu.Emulator[0]
      [RegisterValidation] After Import KERNEL32.DLL!GetModuleFileNameA: EBX=00000000 (saved=00000000, preserved=True), ESI=00520640 (saved=00520640, preserved=True), EDI=00000000 (saved=00000000, preserved=True), EBP=001FEFFC (saved=001FEFFC, preserved=True, valid=True, savedValid=True), ESP=001FEF6C
dbug: Win32Emu.Emulator[0]
      [Import] Successfully invoked KERNEL32.DLL!GetModuleFileNameA
dbug: Win32Emu.Emulator[0]
      [Loop Check] Instruction 20000: EIP=0x0046C673
dbug: Win32Emu.Emulator[0]
      [Loop Check] Instruction 30000: EIP=0x0046C675
dbug: Win32Emu.Emulator[0]
      [Loop Check] Instruction 40000: EIP=0x0046C677
dbug: Win32Emu.Emulator[0]
      [Loop Check] Instruction 50000: EIP=0x0046C679
dbug: Win32Emu.Emulator[0]
      [Loop Check] Instruction 60000: EIP=0x0046C67C
dbug: Win32Emu.Emulator[0]
      [Loop Check] Instruction 70000: EIP=0x0046C664
dbug: Win32Emu.Emulator[0]
      [Loop Check] Instruction 80000: EIP=0x0046C667
dbug: Win32Emu.Emulator[0]
      [Loop Check] Instruction 90000: EIP=0x0046C669
dbug: Win32Emu.Emulator[0]
      [Loop Check] Instruction 100000: EIP=0x0046C66A
warn: Win32Emu.Emulator[0]
      [Loop Detection] Emulator has executed 100000 instructions and may be stuck in a loop. EIP=0x0046C66A
warn: Win32Emu.Emulator[0]
      [Loop Detection] If the program is not responding, you may need to stop it. Check the documentation for known issues with this executable.
dbug: Win32Emu.Emulator[0]
      [Loop Check] Instruction 110000: EIP=0x0046C66C
dbug: Win32Emu.Emulator[0]
      [Loop Check] Instruction 120000: EIP=0x0046C671
dbug: Win32Emu.Emulator[0]
      [Loop Check] Instruction 130000: EIP=0x0046C673
dbug: Win32Emu.Emulator[0]
      [Loop Check] Instruction 140000: EIP=0x0046C675
dbug: Win32Emu.Emulator[0]
      [Loop Check] Instruction 150000: EIP=0x0046C677
dbug: Win32Emu.Emulator[0]
      [Loop Check] Instruction 160000: EIP=0x0046C679
dbug: Win32Emu.Emulator[0]
      [Loop Check] Instruction 170000: EIP=0x0046C67C
dbug: Win32Emu.Emulator[0]
      [Loop Check] Instruction 180000: EIP=0x0046C664
dbug: Win32Emu.Emulator[0]
      [Loop Check] Instruction 190000: EIP=0x0046C667
dbug: Win32Emu.Emulator[0]
      [Loop Check] Instruction 200000: EIP=0x0046C669
warn: Win32Emu.Emulator[0]
      [Loop Detection] Emulator has executed 200000 instructions and may be stuck in a loop. EIP=0x0046C669
warn: Win32Emu.Emulator[0]
      [Loop Detection] If the program is not responding, you may need to stop it. Check the documentation for known issues with this executable.
dbug: Win32Emu.Emulator[0]
      [Loop Check] Instruction 210000: EIP=0x0046C66A
dbug: Win32Emu.Emulator[0]
      [Loop Check] Instruction 220000: EIP=0x0046C66C
dbug: Win32Emu.Emulator[0]
      [Loop Check] Instruction 230000: EIP=0x0046C671
dbug: Win32Emu.Emulator[0]
      [Loop Check] Instruction 240000: EIP=0x0046C673
dbug: Win32Emu.Emulator[0]
      [Loop Check] Instruction 250000: EIP=0x0046C675
dbug: Win32Emu.Emulator[0]
      [Loop Check] Instruction 260000: EIP=0x0046C677
dbug: Win32Emu.Emulator[0]
      [Loop Check] Instruction 270000: EIP=0x0046C679
dbug: Win32Emu.Emulator[0]
      [Loop Check] Instruction 280000: EIP=0x0046C67C
dbug: Win32Emu.Emulator[0]
      [Loop Check] Instruction 290000: EIP=0x0046C664
dbug: Win32Emu.Emulator[0]
      [Loop Check] Instruction 300000: EIP=0x0046C667
warn: Win32Emu.Emulator[0]
      [Loop Detection] Emulator has executed 300000 instructions and may be stuck in a loop. EIP=0x0046C667
warn: Win32Emu.Emulator[0]
      [Loop Detection] If the program is not responding, you may need to stop it. Check the documentation for known issues with this executable.
dbug: Win32Emu.Emulator[0]
      [Loop Check] Instruction 310000: EIP=0x0046C669
dbug: Win32Emu.Emulator[0]
      [Loop Check] Instruction 320000: EIP=0x0046C66A
dbug: Win32Emu.Emulator[0]
      [Loop Check] Instruction 330000: EIP=0x0046C66C
dbug: Win32Emu.Emulator[0]
      [Loop Check] Instruction 340000: EIP=0x0046C671
dbug: Win32Emu.Emulator[0]
      [Loop Check] Instruction 350000: EIP=0x0046C673
dbug: Win32Emu.Emulator[0]
      [Loop Check] Instruction 360000: EIP=0x0046C675
dbug: Win32Emu.Emulator[0]
      [Loop Check] Instruction 370000: EIP=0x0046C677
dbug: Win32Emu.Emulator[0]
      [Loop Check] Instruction 380000: EIP=0x0046C679
dbug: Win32Emu.Emulator[0]
      [Loop Check] Instruction 390000: EIP=0x0046C67C
dbug: Win32Emu.Emulator[0]
      [Loop Check] Instruction 400000: EIP=0x0046C664
warn: Win32Emu.Emulator[0]
      [Loop Detection] Emulator has executed 400000 instructions and may be stuck in a loop. EIP=0x0046C664
warn: Win32Emu.Emulator[0]
      [Loop Detection] If the program is not responding, you may need to stop it. Check the documentation for known issues with this executable.
dbug: Win32Emu.Emulator[0]
      [Loop Check] Instruction 410000: EIP=0x0046C667
dbug: Win32Emu.Emulator[0]
      [Loop Check] Instruction 420000: EIP=0x0046C669
dbug: Win32Emu.Emulator[0]
      [Loop Check] Instruction 430000: EIP=0x0046C66A
dbug: Win32Emu.Emulator[0]
      [Loop Check] Instruction 440000: EIP=0x0046C66C
dbug: Win32Emu.Emulator[0]
      [Loop Check] Instruction 450000: EIP=0x0046C671
dbug: Win32Emu.Emulator[0]
      [Loop Check] Instruction 460000: EIP=0x0046C673
dbug: Win32Emu.Emulator[0]
      [Loop Check] Instruction 470000: EIP=0x0046C675
dbug: Win32Emu.Emulator[0]
      [Loop Check] Instruction 480000: EIP=0x0046C677
dbug: Win32Emu.Emulator[0]
      [Loop Check] Instruction 490000: EIP=0x0046C679
dbug: Win32Emu.Emulator[0]
      [Loop Check] Instruction 500000: EIP=0x0046C67C
warn: Win32Emu.Emulator[0]
      [Loop Detection] Emulator has executed 500000 instructions and may be stuck in a loop. EIP=0x0046C67C
warn: Win32Emu.Emulator[0]
      [Loop Detection] If the program is not responding, you may need to stop it. Check the documentation for known issues with this executable.
dbug: Win32Emu.Emulator[0]
      [Loop Check] Instruction 510000: EIP=0x0046C664
dbug: Win32Emu.Emulator[0]
      [Loop Check] Instruction 520000: EIP=0x0046C667
dbug: Win32Emu.Emulator[0]
      [Loop Check] Instruction 530000: EIP=0x0046C669
dbug: Win32Emu.Emulator[0]
      [Loop Check] Instruction 540000: EIP=0x0046C66A
dbug: Win32Emu.Emulator[0]
      [Loop Check] Instruction 550000: EIP=0x0046C66C
dbug: Win32Emu.Emulator[0]
      [Loop Check] Instruction 560000: EIP=0x0046C671
dbug: Win32Emu.Emulator[0]
      [Loop Check] Instruction 570000: EIP=0x0046C673
dbug: Win32Emu.Emulator[0]
      [Loop Check] Instruction 580000: EIP=0x0046C675
dbug: Win32Emu.Emulator[0]
      [Loop Check] Instruction 590000: EIP=0x0046C677
dbug: Win32Emu.Emulator[0]
      [Loop Check] Instruction 600000: EIP=0x0046C679
warn: Win32Emu.Emulator[0]
      [Loop Detection] Emulator has executed 600000 instructions and may be stuck in a loop. EIP=0x0046C679
warn: Win32Emu.Emulator[0]
      [Loop Detection] If the program is not responding, you may need to stop it. Check the documentation for known issues with this executable.
dbug: Win32Emu.Emulator[0]
      [Loop Check] Instruction 610000: EIP=0x0046C67C
dbug: Win32Emu.Emulator[0]
      [Loop Check] Instruction 620000: EIP=0x0046C664
dbug: Win32Emu.Emulator[0]
      [Loop Check] Instruction 630000: EIP=0x0046C667
dbug: Win32Emu.Emulator[0]
      [Loop Check] Instruction 640000: EIP=0x0046C669
dbug: Win32Emu.Emulator[0]
      [Loop Check] Instruction 650000: EIP=0x0046C66A
dbug: Win32Emu.Emulator[0]
      [Loop Check] Instruction 660000: EIP=0x0046C66C
dbug: Win32Emu.Emulator[0]
      [Loop Check] Instruction 670000: EIP=0x0046C671
dbug: Win32Emu.Emulator[0]
      [Loop Check] Instruction 680000: EIP=0x0046C673
dbug: Win32Emu.Emulator[0]
      [Loop Check] Instruction 690000: EIP=0x0046C675
dbug: Win32Emu.Emulator[0]
      [Loop Check] Instruction 700000: EIP=0x0046C677
warn: Win32Emu.Emulator[0]
      [Loop Detection] Emulator has executed 700000 instructions and may be stuck in a loop. EIP=0x0046C677
warn: Win32Emu.Emulator[0]
      [Loop Detection] If the program is not responding, you may need to stop it. Check the documentation for known issues with this executable.
dbug: Win32Emu.Emulator[0]
      [Loop Check] Instruction 710000: EIP=0x0046C679
dbug: Win32Emu.Emulator[0]
      [Loop Check] Instruction 720000: EIP=0x0046C67C
dbug: Win32Emu.Emulator[0]
      [Loop Check] Instruction 730000: EIP=0x0046C664
dbug: Win32Emu.Emulator[0]
      [Loop Check] Instruction 740000: EIP=0x0046C667
dbug: Win32Emu.Emulator[0]
      [Loop Check] Instruction 750000: EIP=0x0046C669
dbug: Win32Emu.Emulator[0]
      [Loop Check] Instruction 760000: EIP=0x0046C66A
dbug: Win32Emu.Emulator[0]
      [Loop Check] Instruction 770000: EIP=0x0046C66C
dbug: Win32Emu.Emulator[0]
      [Loop Check] Instruction 780000: EIP=0x0046C671
dbug: Win32Emu.Emulator[0]
      [Loop Check] Instruction 790000: EIP=0x0046C673
dbug: Win32Emu.Emulator[0]
      [Loop Check] Instruction 800000: EIP=0x0046C675
warn: Win32Emu.Emulator[0]
      [Loop Detection] Emulator has executed 800000 instructions and may be stuck in a loop. EIP=0x0046C675
warn: Win32Emu.Emulator[0]
      [Loop Detection] If the program is not responding, you may need to stop it. Check the documentation for known issues with this executable.
dbug: Win32Emu.Emulator[0]
      [Loop Check] Instruction 810000: EIP=0x0046C677
dbug: Win32Emu.Emulator[0]
      [Loop Check] Instruction 820000: EIP=0x0046C679
dbug: Win32Emu.Emulator[0]
      [Loop Check] Instruction 830000: EIP=0x0046C67C
dbug: Win32Emu.Emulator[0]
      [Loop Check] Instruction 840000: EIP=0x0046C664
dbug: Win32Emu.Emulator[0]
      [Loop Check] Instruction 850000: EIP=0x0046C667
dbug: Win32Emu.Emulator[0]
      [Loop Check] Instruction 860000: EIP=0x0046C669
dbug: Win32Emu.Emulator[0]
      [Loop Check] Instruction 870000: EIP=0x0046C66A
dbug: Win32Emu.Emulator[0]
      [Loop Check] Instruction 880000: EIP=0x0046C66C
dbug: Win32Emu.Emulator[0]
      [Loop Check] Instruction 890000: EIP=0x0046C671
dbug: Win32Emu.Emulator[0]
      [Loop Check] Instruction 900000: EIP=0x0046C673
warn: Win32Emu.Emulator[0]
      [Loop Detection] Emulator has executed 900000 instructions and may be stuck in a loop. EIP=0x0046C673
warn: Win32Emu.Emulator[0]
      [Loop Detection] If the program is not responding, you may need to stop it. Check the documentation for known issues with this executable.
dbug: Win32Emu.Emulator[0]
      [Loop Check] Instruction 910000: EIP=0x0046C675
dbug: Win32Emu.Emulator[0]
      [Loop Check] Instruction 920000: EIP=0x0046C677
dbug: Win32Emu.Emulator[0]
      [Loop Check] Instruction 930000: EIP=0x0046C679
dbug: Win32Emu.Emulator[0]
      [Loop Check] Instruction 940000: EIP=0x0046C67C
dbug: Win32Emu.Emulator[0]
      [Loop Check] Instruction 950000: EIP=0x0046C664
dbug: Win32Emu.Emulator[0]
      [Loop Check] Instruction 960000: EIP=0x0046C667
dbug: Win32Emu.Emulator[0]
      [Loop Check] Instruction 970000: EIP=0x0046C669
dbug: Win32Emu.Emulator[0]
      [Loop Check] Instruction 980000: EIP=0x0046C66A
dbug: Win32Emu.Emulator[0]
      [Loop Check] Instruction 990000: EIP=0x0046C66C
dbug: Win32Emu.Emulator[0]
      [Loop Check] Instruction 1000000: EIP=0x0046C671
warn: Win32Emu.Emulator[0]
      [Loop Detection] Emulator has executed 1000000 instructions and may be stuck in a loop. EIP=0x0046C671
warn: Win32Emu.Emulator[0]
      [Loop Detection] If the program is not responding, you may need to stop it. Check the documentation for known issues with this executable.
dbug: Win32Emu.Emulator[0]
      [Loop Check] Instruction 1010000: EIP=0x0046C673
dbug: Win32Emu.Emulator[0]
      [Loop Check] Instruction 1020000: EIP=0x0046C675
dbug: Win32Emu.Emulator[0]
      [Loop Check] Instruction 1030000: EIP=0x0046C677
dbug: Win32Emu.Emulator[0]
      [Loop Check] Instruction 1040000: EIP=0x0046C679
dbug: Win32Emu.Emulator[0]
      [Loop Check] Instruction 1050000: EIP=0x0046C67C
dbug: Win32Emu.Emulator[0]
      [Loop Check] Instruction 1060000: EIP=0x0046C664
dbug: Win32Emu.Emulator[0]
      [Loop Check] Instruction 1070000: EIP=0x0046C667
dbug: Win32Emu.Emulator[0]
      [Loop Check] Instruction 1080000: EIP=0x0046C669
dbug: Win32Emu.Emulator[0]
      [Loop Check] Instruction 1090000: EIP=0x0046C66A
dbug: Win32Emu.Emulator[0]
      [Loop Check] Instruction 1100000: EIP=0x0046C66C
warn: Win32Emu.Emulator[0]
      [Loop Detection] Emulator has executed 1100000 instructions and may be stuck in a loop. EIP=0x0046C66C
warn: Win32Emu.Emulator[0]
      [Loop Detection] If the program is not responding, you may need to stop it. Check the documentation for known issues with this executable.
dbug: Win32Emu.Emulator[0]
      [Loop Check] Instruction 1110000: EIP=0x0046C671
dbug: Win32Emu.Emulator[0]
      [Loop Check] Instruction 1120000: EIP=0x0046C673
dbug: Win32Emu.Emulator[0]
      [Loop Check] Instruction 1130000: EIP=0x0046C675
dbug: Win32Emu.Emulator[0]
      [Loop Check] Instruction 1140000: EIP=0x0046C677
dbug: Win32Emu.Emulator[0]
      [Loop Check] Instruction 1150000: EIP=0x0046C679
dbug: Win32Emu.Emulator[0]
      [Loop Check] Instruction 1160000: EIP=0x0046C67C
dbug: Win32Emu.Emulator[0]
      [Loop Check] Instruction 1170000: EIP=0x0046C664
dbug: Win32Emu.Emulator[0]
      [Loop Check] Instruction 1180000: EIP=0x0046C667
dbug: Win32Emu.Emulator[0]
      [Loop Check] Instruction 1190000: EIP=0x0046C669
dbug: Win32Emu.Emulator[0]
      [Loop Check] Instruction 1200000: EIP=0x0046C66A
warn: Win32Emu.Emulator[0]
      [Loop Detection] Emulator has executed 1200000 instructions and may be stuck in a loop. EIP=0x0046C66A
warn: Win32Emu.Emulator[0]
      [Loop Detection] If the program is not responding, you may need to stop it. Check the documentation for known issues with this executable.
dbug: Win32Emu.Emulator[0]
      [Loop Check] Instruction 1210000: EIP=0x0046C66C
dbug: Win32Emu.Emulator[0]
      [Loop Check] Instruction 1220000: EIP=0x0046C671
dbug: Win32Emu.Emulator[0]
      [Loop Check] Instruction 1230000: EIP=0x0046C673
dbug: Win32Emu.Emulator[0]
      [Loop Check] Instruction 1240000: EIP=0x0046C675
dbug: Win32Emu.Emulator[0]
      [Loop Check] Instruction 1250000: EIP=0x0046C677
dbug: Win32Emu.Emulator[0]
      [Loop Check] Instruction 1260000: EIP=0x0046C679
dbug: Win32Emu.Emulator[0]
      [Loop Check] Instruction 1270000: EIP=0x0046C67C
dbug: Win32Emu.Emulator[0]
      [Loop Check] Instruction 1280000: EIP=0x0046C664
dbug: Win32Emu.Emulator[0]
      [Loop Check] Instruction 1290000: EIP=0x0046C667
dbug: Win32Emu.Emulator[0]
      [Loop Check] Instruction 1300000: EIP=0x0046C669
warn: Win32Emu.Emulator[0]
      [Loop Detection] Emulator has executed 1300000 instructions and may be stuck in a loop. EIP=0x0046C669
warn: Win32Emu.Emulator[0]
      [Loop Detection] If the program is not responding, you may need to stop it. Check the documentation for known issues with this executable.
dbug: Win32Emu.Emulator[0]
      [Loop Check] Instruction 1310000: EIP=0x0046C66A
dbug: Win32Emu.Emulator[0]
      [Loop Check] Instruction 1320000: EIP=0x0046C66C
dbug: Win32Emu.Emulator[0]
      [Loop Check] Instruction 1330000: EIP=0x0046C671
dbug: Win32Emu.Emulator[0]
      [Loop Check] Instruction 1340000: EIP=0x0046C673
dbug: Win32Emu.Emulator[0]
      [Loop Check] Instruction 1350000: EIP=0x0046C675
dbug: Win32Emu.Emulator[0]
      [Loop Check] Instruction 1360000: EIP=0x0046C677
dbug: Win32Emu.Emulator[0]
      [Loop Check] Instruction 1370000: EIP=0x0046C679
dbug: Win32Emu.Emulator[0]
      [Loop Check] Instruction 1380000: EIP=0x0046C67C
dbug: Win32Emu.Emulator[0]
      [Loop Check] Instruction 1390000: EIP=0x0046C664
dbug: Win32Emu.Emulator[0]
      [Loop Check] Instruction 1400000: EIP=0x0046C667
warn: Win32Emu.Emulator[0]
      [Loop Detection] Emulator has executed 1400000 instructions and may be stuck in a loop. EIP=0x0046C667
warn: Win32Emu.Emulator[0]
      [Loop Detection] If the program is not responding, you may need to stop it. Check the documentation for known issues with this executable.
dbug: Win32Emu.Emulator[0]
      [Loop Check] Instruction 1410000: EIP=0x0046C669
dbug: Win32Emu.Emulator[0]
      [Loop Check] Instruction 1420000: EIP=0x0046C66A
dbug: Win32Emu.Emulator[0]
      [Loop Check] Instruction 1430000: EIP=0x0046C66C
dbug: Win32Emu.Emulator[0]
      [Loop Check] Instruction 1440000: EIP=0x0046C671
dbug: Win32Emu.Emulator[0]
      [Loop Check] Instruction 1450000: EIP=0x0046C673
dbug: Win32Emu.Emulator[0]
      [Loop Check] Instruction 1460000: EIP=0x0046C675
dbug: Win32Emu.Emulator[0]
      [Loop Check] Instruction 1470000: EIP=0x0046C677
dbug: Win32Emu.Emulator[0]
      [Loop Check] Instruction 1480000: EIP=0x0046C679
dbug: Win32Emu.Emulator[0]
      [Loop Check] Instruction 1490000: EIP=0x0046C67C
dbug: Win32Emu.Emulator[0]
      [Loop Check] Instruction 1500000: EIP=0x0046C664
warn: Win32Emu.Emulator[0]
      [Loop Detection] Emulator has executed 1500000 instructions and may be stuck in a loop. EIP=0x0046C664
warn: Win32Emu.Emulator[0]
      [Loop Detection] If the program is not responding, you may need to stop it. Check the documentation for known issues with this executable.
dbug: Win32Emu.Emulator[0]
      [Loop Check] Instruction 1510000: EIP=0x0046C667
dbug: Win32Emu.Emulator[0]
      [Loop Check] Instruction 1520000: EIP=0x0046C669
dbug: Win32Emu.Emulator[0]
      [Loop Check] Instruction 1530000: EIP=0x0046C66A
dbug: Win32Emu.Emulator[0]
      [Loop Check] Instruction 1540000: EIP=0x0046C66C
dbug: Win32Emu.Emulator[0]
      [Loop Check] Instruction 1550000: EIP=0x0046C671
dbug: Win32Emu.Emulator[0]
      [Loop Check] Instruction 1560000: EIP=0x0046C673
dbug: Win32Emu.Emulator[0]
      [Loop Check] Instruction 1570000: EIP=0x0046C675
dbug: Win32Emu.Emulator[0]
      [Loop Check] Instruction 1580000: EIP=0x0046C677
dbug: Win32Emu.Emulator[0]
      [Loop Check] Instruction 1590000: EIP=0x0046C679
dbug: Win32Emu.Emulator[0]
      [Loop Check] Instruction 1600000: EIP=0x0046C67C
warn: Win32Emu.Emulator[0]
      [Loop Detection] Emulator has executed 1600000 instructions and may be stuck in a loop. EIP=0x0046C67C
warn: Win32Emu.Emulator[0]
      [Loop Detection] If the program is not responding, you may need to stop it. Check the documentation for known issues with this executable.
dbug: Win32Emu.Emulator[0]
      [Loop Check] Instruction 1610000: EIP=0x0046C664
dbug: Win32Emu.Emulator[0]
      [Loop Check] Instruction 1620000: EIP=0x0046C667
dbug: Win32Emu.Emulator[0]
      [Loop Check] Instruction 1630000: EIP=0x0046C669
dbug: Win32Emu.Emulator[0]
      [Loop Check] Instruction 1640000: EIP=0x0046C66A
dbug: Win32Emu.Emulator[0]
      [Loop Check] Instruction 1650000: EIP=0x0046C66C
dbug: Win32Emu.Emulator[0]
      [Loop Check] Instruction 1660000: EIP=0x0046C671
dbug: Win32Emu.Emulator[0]
      [Loop Check] Instruction 1670000: EIP=0x0046C673
dbug: Win32Emu.Emulator[0]
      [Loop Check] Instruction 1680000: EIP=0x0046C675
dbug: Win32Emu.Emulator[0]
      [Loop Check] Instruction 1690000: EIP=0x0046C677
dbug: Win32Emu.Emulator[0]
      [Loop Check] Instruction 1700000: EIP=0x0046C679
warn: Win32Emu.Emulator[0]
      [Loop Detection] Emulator has executed 1700000 instructions and may be stuck in a loop. EIP=0x0046C679
warn: Win32Emu.Emulator[0]
      [Loop Detection] If the program is not responding, you may need to stop it. Check the documentation for known issues with this executable.
dbug: Win32Emu.Emulator[0]
      [Loop Check] Instruction 1710000: EIP=0x0046C67C
dbug: Win32Emu.Emulator[0]
      [Loop Check] Instruction 1720000: EIP=0x0046C664
dbug: Win32Emu.Emulator[0]
      [Loop Check] Instruction 1730000: EIP=0x0046C667
dbug: Win32Emu.Emulator[0]
      [Loop Check] Instruction 1740000: EIP=0x0046C669
dbug: Win32Emu.Emulator[0]
      [Loop Check] Instruction 1750000: EIP=0x0046C66A
dbug: Win32Emu.Emulator[0]
      [Loop Check] Instruction 1760000: EIP=0x0046C66C
dbug: Win32Emu.Emulator[0]
      [Loop Check] Instruction 1770000: EIP=0x0046C671
dbug: Win32Emu.Emulator[0]
      [Loop Check] Instruction 1780000: EIP=0x0046C673
dbug: Win32Emu.Emulator[0]
      [Loop Check] Instruction 1790000: EIP=0x0046C675
dbug: Win32Emu.Emulator[0]
      [Loop Check] Instruction 1800000: EIP=0x0046C677
warn: Win32Emu.Emulator[0]
      [Loop Detection] Emulator has executed 1800000 instructions and may be stuck in a loop. EIP=0x0046C677
warn: Win32Emu.Emulator[0]
      [Loop Detection] If the program is not responding, you may need to stop it. Check the documentation for known issues with this executable.
dbug: Win32Emu.Emulator[0]
      [Loop Check] Instruction 1810000: EIP=0x0046C679
dbug: Win32Emu.Emulator[0]
      [Loop Check] Instruction 1820000: EIP=0x0046C67C
dbug: Win32Emu.Emulator[0]
      [Loop Check] Instruction 1830000: EIP=0x0046C664
dbug: Win32Emu.Emulator[0]
      [Loop Check] Instruction 1840000: EIP=0x0046C667
dbug: Win32Emu.Emulator[0]
      [Loop Check] Instruction 1850000: EIP=0x0046C669
dbug: Win32Emu.Emulator[0]
      [Loop Check] Instruction 1860000: EIP=0x0046C66A
dbug: Win32Emu.Emulator[0]
      [Loop Check] Instruction 1870000: EIP=0x0046C66C
dbug: Win32Emu.Emulator[0]
      [Loop Check] Instruction 1880000: EIP=0x0046C671
dbug: Win32Emu.Emulator[0]
      [Loop Check] Instruction 1890000: EIP=0x0046C673
dbug: Win32Emu.Emulator[0]
      [Loop Check] Instruction 1900000: EIP=0x0046C675
warn: Win32Emu.Emulator[0]
      [Loop Detection] Emulator has executed 1900000 instructions and may be stuck in a loop. EIP=0x0046C675
warn: Win32Emu.Emulator[0]
      [Loop Detection] If the program is not responding, you may need to stop it. Check the documentation for known issues with this executable.
dbug: Win32Emu.Emulator[0]
      [Loop Check] Instruction 1910000: EIP=0x0046C677
dbug: Win32Emu.Emulator[0]
      [Loop Check] Instruction 1920000: EIP=0x0046C679
dbug: Win32Emu.Emulator[0]
      [Loop Check] Instruction 1930000: EIP=0x0046C67C
dbug: Win32Emu.Emulator[0]
      [Loop Check] Instruction 1940000: EIP=0x0046C664
dbug: Win32Emu.Emulator[0]
      [Loop Check] Instruction 1950000: EIP=0x0046C667
dbug: Win32Emu.Emulator[0]
      [Loop Check] Instruction 1960000: EIP=0x0046C669
dbug: Win32Emu.Emulator[0]
      [Loop Check] Instruction 1970000: EIP=0x0046C66A
dbug: Win32Emu.Emulator[0]
      [Loop Check] Instruction 1980000: EIP=0x0046C66C
dbug: Win32Emu.Emulator[0]
      [Loop Check] Instruction 1990000: EIP=0x0046C671
dbug: Win32Emu.Emulator[0]
      [Loop Check] Instruction 2000000: EIP=0x0046C673
warn: Win32Emu.Emulator[0]
      [Loop Detection] Emulator has executed 2000000 instructions and may be stuck in a loop. EIP=0x0046C673
warn: Win32Emu.Emulator[0]
      [Loop Detection] If the program is not responding, you may need to stop it. Check the documentation for known issues with this executable.
dbug: Win32Emu.Emulator[0]
      [Loop Check] Instruction 2010000: EIP=0x0046C675
dbug: Win32Emu.Emulator[0]
      [Loop Check] Instruction 2020000: EIP=0x0046C677
dbug: Win32Emu.Emulator[0]
      [Loop Check] Instruction 2030000: EIP=0x0046C679
dbug: Win32Emu.Emulator[0]
      [Loop Check] Instruction 2040000: EIP=0x0046C67C
dbug: Win32Emu.Emulator[0]
      [Loop Check] Instruction 2050000: EIP=0x0046C664
dbug: Win32Emu.Emulator[0]
      [Loop Check] Instruction 2060000: EIP=0x0046C667
dbug: Win32Emu.Emulator[0]
      [Loop Check] Instruction 2070000: EIP=0x0046C669
dbug: Win32Emu.Emulator[0]
      [Loop Check] Instruction 2080000: EIP=0x0046C66A
dbug: Win32Emu.Emulator[0]
      [Loop Check] Instruction 2090000: EIP=0x0046C66C
dbug: Win32Emu.Emulator[0]
      [Loop Check] Instruction 2100000: EIP=0x0046C671
warn: Win32Emu.Emulator[0]
      [Loop Detection] Emulator has executed 2100000 instructions and may be stuck in a loop. EIP=0x0046C671
warn: Win32Emu.Emulator[0]
      [Loop Detection] If the program is not responding, you may need to stop it. Check the documentation for known issues with this executable.
dbug: Win32Emu.Emulator[0]
      [Loop Check] Instruction 2110000: EIP=0x0046C673
dbug: Win32Emu.Emulator[0]
      [Loop Check] Instruction 2120000: EIP=0x0046C675
dbug: Win32Emu.Emulator[0]
      [Loop Check] Instruction 2130000: EIP=0x0046C677
dbug: Win32Emu.Emulator[0]
      [Loop Check] Instruction 2140000: EIP=0x0046C679
dbug: Win32Emu.Emulator[0]
      [Loop Check] Instruction 2150000: EIP=0x0046C67C
dbug: Win32Emu.Emulator[0]
      [Loop Check] Instruction 2160000: EIP=0x0046C664
dbug: Win32Emu.Emulator[0]
      [Loop Check] Instruction 2170000: EIP=0x0046C667
dbug: Win32Emu.Emulator[0]
      [Loop Check] Instruction 2180000: EIP=0x0046C669
dbug: Win32Emu.Emulator[0]
      [Loop Check] Instruction 2190000: EIP=0x0046C66A
dbug: Win32Emu.Emulator[0]
      [Loop Check] Instruction 2200000: EIP=0x0046C66C
warn: Win32Emu.Emulator[0]
      [Loop Detection] Emulator has executed 2200000 instructions and may be stuck in a loop. EIP=0x0046C66C
warn: Win32Emu.Emulator[0]
      [Loop Detection] If the program is not responding, you may need to stop it. Check the documentation for known issues with this executable.
dbug: Win32Emu.Emulator[0]
      [Loop Check] Instruction 2210000: EIP=0x0046C671
dbug: Win32Emu.Emulator[0]
      [Loop Check] Instruction 2220000: EIP=0x0046C673
dbug: Win32Emu.Emulator[0]
      [Loop Check] Instruction 2230000: EIP=0x0046C675
dbug: Win32Emu.Emulator[0]
      [Loop Check] Instruction 2240000: EIP=0x0046C677
dbug: Win32Emu.Emulator[0]
      [Loop Check] Instruction 2250000: EIP=0x0046C679
dbug: Win32Emu.Emulator[0]
      [Loop Check] Instruction 2260000: EIP=0x0046C67C
dbug: Win32Emu.Emulator[0]
      [Loop Check] Instruction 2270000: EIP=0x0046C664
dbug: Win32Emu.Emulator[0]
      [Loop Check] Instruction 2280000: EIP=0x0046C667
dbug: Win32Emu.Emulator[0]
      [Loop Check] Instruction 2290000: EIP=0x0046C669
dbug: Win32Emu.Emulator[0]
      [Loop Check] Instruction 2300000: EIP=0x0046C66A
warn: Win32Emu.Emulator[0]
      [Loop Detection] Emulator has executed 2300000 instructions and may be stuck in a loop. EIP=0x0046C66A
warn: Win32Emu.Emulator[0]
      [Loop Detection] If the program is not responding, you may need to stop it. Check the documentation for known issues with this executable.
dbug: Win32Emu.Emulator[0]
      [Loop Check] Instruction 2310000: EIP=0x0046C66C
dbug: Win32Emu.Emulator[0]
      [Loop Check] Instruction 2320000: EIP=0x0046C671
dbug: Win32Emu.Emulator[0]
      [Loop Check] Instruction 2330000: EIP=0x0046C673
dbug: Win32Emu.Emulator[0]
      [Loop Check] Instruction 2340000: EIP=0x0046C675
dbug: Win32Emu.Emulator[0]
      [Loop Check] Instruction 2350000: EIP=0x0046C677
dbug: Win32Emu.Emulator[0]
      [Loop Check] Instruction 2360000: EIP=0x0046C679
dbug: Win32Emu.Emulator[0]
      [Loop Check] Instruction 2370000: EIP=0x0046C67C
dbug: Win32Emu.Emulator[0]
      [Loop Check] Instruction 2380000: EIP=0x0046C664
dbug: Win32Emu.Emulator[0]
      [Loop Check] Instruction 2390000: EIP=0x0046C667
dbug: Win32Emu.Emulator[0]
      [Loop Check] Instruction 2400000: EIP=0x0046C669
warn: Win32Emu.Emulator[0]
      [Loop Detection] Emulator has executed 2400000 instructions and may be stuck in a loop. EIP=0x0046C669
warn: Win32Emu.Emulator[0]
      [Loop Detection] If the program is not responding, you may need to stop it. Check the documentation for known issues with this executable.
dbug: Win32Emu.Emulator[0]
      [Loop Check] Instruction 2410000: EIP=0x0046C66A
dbug: Win32Emu.Emulator[0]
      [Loop Check] Instruction 2420000: EIP=0x0046C66C
dbug: Win32Emu.Emulator[0]
      [Loop Check] Instruction 2430000: EIP=0x0046C671
dbug: Win32Emu.Emulator[0]
      [Loop Check] Instruction 2440000: EIP=0x0046C673
dbug: Win32Emu.Emulator[0]
      [Loop Check] Instruction 2450000: EIP=0x0046C675
dbug: Win32Emu.Emulator[0]
      [Loop Check] Instruction 2460000: EIP=0x0046C677
dbug: Win32Emu.Emulator[0]
      [Loop Check] Instruction 2470000: EIP=0x0046C679
dbug: Win32Emu.Emulator[0]
      [Loop Check] Instruction 2480000: EIP=0x0046C67C
dbug: Win32Emu.Emulator[0]
      [Loop Check] Instruction 2490000: EIP=0x0046C664
dbug: Win32Emu.Emulator[0]
      [Loop Check] Instruction 2500000: EIP=0x0046C667
warn: Win32Emu.Emulator[0]
      [Loop Detection] Emulator has executed 2500000 instructions and may be stuck in a loop. EIP=0x0046C667
warn: Win32Emu.Emulator[0]
      [Loop Detection] If the program is not responding, you may need to stop it. Check the documentation for known issues with this executable.
dbug: Win32Emu.Emulator[0]
      [Loop Check] Instruction 2510000: EIP=0x0046C669
dbug: Win32Emu.Emulator[0]
      [Loop Check] Instruction 2520000: EIP=0x0046C66A
dbug: Win32Emu.Emulator[0]
      [Loop Check] Instruction 2530000: EIP=0x0046C66C
dbug: Win32Emu.Emulator[0]
      [Loop Check] Instruction 2540000: EIP=0x0046C671
dbug: Win32Emu.Emulator[0]
      [Loop Check] Instruction 2550000: EIP=0x0046C673
dbug: Win32Emu.Emulator[0]
      [Loop Check] Instruction 2560000: EIP=0x0046C675
dbug: Win32Emu.Emulator[0]
      [Loop Check] Instruction 2570000: EIP=0x0046C677
dbug: Win32Emu.Emulator[0]
      [Loop Check] Instruction 2580000: EIP=0x0046C679
dbug: Win32Emu.Emulator[0]
      [Loop Check] Instruction 2590000: EIP=0x0046C67C
dbug: Win32Emu.Emulator[0]
      [Loop Check] Instruction 2600000: EIP=0x0046C664
warn: Win32Emu.Emulator[0]
      [Loop Detection] Emulator has executed 2600000 instructions and may be stuck in a loop. EIP=0x0046C664
warn: Win32Emu.Emulator[0]
      [Loop Detection] If the program is not responding, you may need to stop it. Check the documentation for known issues with this executable.
dbug: Win32Emu.Emulator[0]
      [Loop Check] Instruction 2610000: EIP=0x0046C667
dbug: Win32Emu.Emulator[0]
      [Loop Check] Instruction 2620000: EIP=0x0046C669
dbug: Win32Emu.Emulator[0]
      [Loop Check] Instruction 2630000: EIP=0x0046C66A
dbug: Win32Emu.Emulator[0]
      [Loop Check] Instruction 2640000: EIP=0x0046C66C
dbug: Win32Emu.Emulator[0]
      [Loop Check] Instruction 2650000: EIP=0x0046C671
dbug: Win32Emu.Emulator[0]
      [Loop Check] Instruction 2660000: EIP=0x0046C673
dbug: Win32Emu.Emulator[0]
      [Loop Check] Instruction 2670000: EIP=0x0046C675
dbug: Win32Emu.Emulator[0]
      [Loop Check] Instruction 2680000: EIP=0x0046C677
dbug: Win32Emu.Emulator[0]
      [Loop Check] Instruction 2690000: EIP=0x0046C679
dbug: Win32Emu.Emulator[0]
      [Loop Check] Instruction 2700000: EIP=0x0046C67C
warn: Win32Emu.Emulator[0]
      [Loop Detection] Emulator has executed 2700000 instructions and may be stuck in a loop. EIP=0x0046C67C
warn: Win32Emu.Emulator[0]
      [Loop Detection] If the program is not responding, you may need to stop it. Check the documentation for known issues with this executable.
dbug: Win32Emu.Emulator[0]
      [Loop Check] Instruction 2710000: EIP=0x0046C664
dbug: Win32Emu.Emulator[0]
      [Loop Check] Instruction 2720000: EIP=0x0046C667
dbug: Win32Emu.Emulator[0]
      [Loop Check] Instruction 2730000: EIP=0x0046C669
dbug: Win32Emu.Emulator[0]
      [Loop Check] Instruction 2740000: EIP=0x0046C66A
dbug: Win32Emu.Emulator[0]
      [Loop Check] Instruction 2750000: EIP=0x0046C66C
dbug: Win32Emu.Emulator[0]
      [Loop Check] Instruction 2760000: EIP=0x0046C671
dbug: Win32Emu.Emulator[0]
      [Loop Check] Instruction 2770000: EIP=0x0046C673
dbug: Win32Emu.Emulator[0]
      [Loop Check] Instruction 2780000: EIP=0x0046C675
dbug: Win32Emu.Emulator[0]
      [Loop Check] Instruction 2790000: EIP=0x0046C677
dbug: Win32Emu.Emulator[0]
      [Loop Check] Instruction 2800000: EIP=0x0046C679
warn: Win32Emu.Emulator[0]
      [Loop Detection] Emulator has executed 2800000 instructions and may be stuck in a loop. EIP=0x0046C679
warn: Win32Emu.Emulator[0]
      [Loop Detection] If the program is not responding, you may need to stop it. Check the documentation for known issues with this executable.
dbug: Win32Emu.Emulator[0]
      [Loop Check] Instruction 2810000: EIP=0x0046C67C
dbug: Win32Emu.Emulator[0]
      [Loop Check] Instruction 2820000: EIP=0x0046C664
dbug: Win32Emu.Emulator[0]
      [Loop Check] Instruction 2830000: EIP=0x0046C667
dbug: Win32Emu.Emulator[0]
      [Loop Check] Instruction 2840000: EIP=0x0046C669
dbug: Win32Emu.Emulator[0]
      [Loop Check] Instruction 2850000: EIP=0x0046C66A
dbug: Win32Emu.Emulator[0]
      [Loop Check] Instruction 2860000: EIP=0x0046C66C
dbug: Win32Emu.Emulator[0]
      [Loop Check] Instruction 2870000: EIP=0x0046C671
dbug: Win32Emu.Emulator[0]
      [Loop Check] Instruction 2880000: EIP=0x0046C673
dbug: Win32Emu.Emulator[0]
      [Loop Check] Instruction 2890000: EIP=0x0046C675
dbug: Win32Emu.Emulator[0]
      [Loop Check] Instruction 2900000: EIP=0x0046C677
warn: Win32Emu.Emulator[0]
      [Loop Detection] Emulator has executed 2900000 instructions and may be stuck in a loop. EIP=0x0046C677
warn: Win32Emu.Emulator[0]
      [Loop Detection] If the program is not responding, you may need to stop it. Check the documentation for known issues with this executable.
dbug: Win32Emu.Emulator[0]
      [Loop Check] Instruction 2910000: EIP=0x0046C679
dbug: Win32Emu.Emulator[0]
      [Loop Check] Instruction 2920000: EIP=0x0046C67C
dbug: Win32Emu.Emulator[0]
      [Loop Check] Instruction 2930000: EIP=0x0046C664
dbug: Win32Emu.Emulator[0]
      [Loop Check] Instruction 2940000: EIP=0x0046C667
dbug: Win32Emu.Emulator[0]
      [Loop Check] Instruction 2950000: EIP=0x0046C669
dbug: Win32Emu.Emulator[0]
      [Loop Check] Instruction 2960000: EIP=0x0046C66A
dbug: Win32Emu.Emulator[0]
      [Loop Check] Instruction 2970000: EIP=0x0046C66C
dbug: Win32Emu.Emulator[0]
      [Loop Check] Instruction 2980000: EIP=0x0046C671
dbug: Win32Emu.Emulator[0]
      [Loop Check] Instruction 2990000: EIP=0x0046C673
dbug: Win32Emu.Emulator[0]
      [Loop Check] Instruction 3000000: EIP=0x0046C675
warn: Win32Emu.Emulator[0]
      [Loop Detection] Emulator has executed 3000000 instructions and may be stuck in a loop. EIP=0x0046C675
warn: Win32Emu.Emulator[0]
      [Loop Detection] If the program is not responding, you may need to stop it. Check the documentation for known issues with this executable.
dbug: Win32Emu.Emulator[0]
      [Loop Check] Instruction 3010000: EIP=0x0046C677
dbug: Win32Emu.Emulator[0]
      [Loop Check] Instruction 3020000: EIP=0x0046C679
dbug: Win32Emu.Emulator[0]
      [Loop Check] Instruction 3030000: EIP=0x0046C67C
dbug: Win32Emu.Emulator[0]
      [Loop Check] Instruction 3040000: EIP=0x0046C664
dbug: Win32Emu.Emulator[0]
      [Loop Check] Instruction 3050000: EIP=0x0046C667
dbug: Win32Emu.Emulator[0]
      [Loop Check] Instruction 3060000: EIP=0x0046C669
dbug: Win32Emu.Emulator[0]
      [Loop Check] Instruction 3070000: EIP=0x0046C66A
dbug: Win32Emu.Emulator[0]
      [Loop Check] Instruction 3080000: EIP=0x0046C66C
dbug: Win32Emu.Emulator[0]
      [Loop Check] Instruction 3090000: EIP=0x0046C671
dbug: Win32Emu.Emulator[0]
      [Loop Check] Instruction 3100000: EIP=0x0046C673
warn: Win32Emu.Emulator[0]
      [Loop Detection] Emulator has executed 3100000 instructions and may be stuck in a loop. EIP=0x0046C673
warn: Win32Emu.Emulator[0]
      [Loop Detection] If the program is not responding, you may need to stop it. Check the documentation for known issues with this executable.
dbug: Win32Emu.Emulator[0]
      [Loop Check] Instruction 3110000: EIP=0x0046C675
dbug: Win32Emu.Emulator[0]
      [Loop Check] Instruction 3120000: EIP=0x0046C677
dbug: Win32Emu.Emulator[0]
      [Loop Check] Instruction 3130000: EIP=0x0046C679
dbug: Win32Emu.Emulator[0]
      [Loop Check] Instruction 3140000: EIP=0x0046C67C
dbug: Win32Emu.Emulator[0]
      [Loop Check] Instruction 3150000: EIP=0x0046C664
dbug: Win32Emu.Emulator[0]
      [Loop Check] Instruction 3160000: EIP=0x0046C667
dbug: Win32Emu.Emulator[0]
      [Loop Check] Instruction 3170000: EIP=0x0046C669
dbug: Win32Emu.Emulator[0]
      [Loop Check] Instruction 3180000: EIP=0x0046C66A
dbug: Win32Emu.Emulator[0]
      [Loop Check] Instruction 3190000: EIP=0x0046C66C
dbug: Win32Emu.Emulator[0]
      [Loop Check] Instruction 3200000: EIP=0x0046C671
warn: Win32Emu.Emulator[0]
      [Loop Detection] Emulator has executed 3200000 instructions and may be stuck in a loop. EIP=0x0046C671
warn: Win32Emu.Emulator[0]
      [Loop Detection] If the program is not responding, you may need to stop it. Check the documentation for known issues with this executable.
dbug: Win32Emu.Emulator[0]
      [Loop Check] Instruction 3210000: EIP=0x0046C673
dbug: Win32Emu.Emulator[0]
      [Loop Check] Instruction 3220000: EIP=0x0046C675
dbug: Win32Emu.Emulator[0]
      [Loop Check] Instruction 3230000: EIP=0x0046C677
dbug: Win32Emu.Emulator[0]
      [Loop Check] Instruction 3240000: EIP=0x0046C679
dbug: Win32Emu.Emulator[0]
      [Loop Check] Instruction 3250000: EIP=0x0046C67C
dbug: Win32Emu.Emulator[0]
      [Loop Check] Instruction 3260000: EIP=0x0046C664
dbug: Win32Emu.Emulator[0]
      [Loop Check] Instruction 3270000: EIP=0x0046C667
dbug: Win32Emu.Emulator[0]
      [Loop Check] Instruction 3280000: EIP=0x0046C669
dbug: Win32Emu.Emulator[0]
      [Loop Check] Instruction 3290000: EIP=0x0046C66A
dbug: Win32Emu.Emulator[0]
      [Loop Check] Instruction 3300000: EIP=0x0046C66C
warn: Win32Emu.Emulator[0]
      [Loop Detection] Emulator has executed 3300000 instructions and may be stuck in a loop. EIP=0x0046C66C
warn: Win32Emu.Emulator[0]
      [Loop Detection] If the program is not responding, you may need to stop it. Check the documentation for known issues with this executable.
dbug: Win32Emu.Emulator[0]
      [Loop Check] Instruction 3310000: EIP=0x0046C671
dbug: Win32Emu.Emulator[0]
      [Loop Check] Instruction 3320000: EIP=0x0046C673
dbug: Win32Emu.Emulator[0]
      [Loop Check] Instruction 3330000: EIP=0x0046C675
dbug: Win32Emu.Emulator[0]
      [Loop Check] Instruction 3340000: EIP=0x0046C677
dbug: Win32Emu.Emulator[0]
      [Loop Check] Instruction 3350000: EIP=0x0046C679
dbug: Win32Emu.Emulator[0]
      [Loop Check] Instruction 3360000: EIP=0x0046C67C
dbug: Win32Emu.Emulator[0]
      [Loop Check] Instruction 3370000: EIP=0x0046C664
dbug: Win32Emu.Emulator[0]
      [Loop Check] Instruction 3380000: EIP=0x0046C667
dbug: Win32Emu.Emulator[0]
      [Loop Check] Instruction 3390000: EIP=0x0046C669
dbug: Win32Emu.Emulator[0]
      [Loop Check] Instruction 3400000: EIP=0x0046C66A
warn: Win32Emu.Emulator[0]
      [Loop Detection] Emulator has executed 3400000 instructions and may be stuck in a loop. EIP=0x0046C66A
warn: Win32Emu.Emulator[0]
      [Loop Detection] If the program is not responding, you may need to stop it. Check the documentation for known issues with this executable.
dbug: Win32Emu.Emulator[0]
      [Loop Check] Instruction 3410000: EIP=0x0046C66C
dbug: Win32Emu.Emulator[0]
      [Loop Check] Instruction 3420000: EIP=0x0046C671
dbug: Win32Emu.Emulator[0]
      [Loop Check] Instruction 3430000: EIP=0x0046C673
dbug: Win32Emu.Emulator[0]
      [Loop Check] Instruction 3440000: EIP=0x0046C675
dbug: Win32Emu.Emulator[0]
      [Loop Check] Instruction 3450000: EIP=0x0046C677
dbug: Win32Emu.Emulator[0]
      [Loop Check] Instruction 3460000: EIP=0x0046C679
dbug: Win32Emu.Emulator[0]
      [Loop Check] Instruction 3470000: EIP=0x0046C67C
dbug: Win32Emu.Emulator[0]
      [Loop Check] Instruction 3480000: EIP=0x0046C664
dbug: Win32Emu.Emulator[0]
      [Loop Check] Instruction 3490000: EIP=0x0046C667
dbug: Win32Emu.Emulator[0]
      [Loop Check] Instruction 3500000: EIP=0x0046C669
warn: Win32Emu.Emulator[0]
      [Loop Detection] Emulator has executed 3500000 instructions and may be stuck in a loop. EIP=0x0046C669
warn: Win32Emu.Emulator[0]
      [Loop Detection] If the program is not responding, you may need to stop it. Check the documentation for known issues with this executable.
dbug: Win32Emu.Emulator[0]
      [Loop Check] Instruction 3510000: EIP=0x0046C66A
dbug: Win32Emu.Emulator[0]
      [Loop Check] Instruction 3520000: EIP=0x0046C66C
dbug: Win32Emu.Emulator[0]
      [Loop Check] Instruction 3530000: EIP=0x0046C671
dbug: Win32Emu.Emulator[0]
      [Loop Check] Instruction 3540000: EIP=0x0046C673
dbug: Win32Emu.Emulator[0]
      [Loop Check] Instruction 3550000: EIP=0x0046C675
dbug: Win32Emu.Emulator[0]
      [Loop Check] Instruction 3560000: EIP=0x0046C677
dbug: Win32Emu.Emulator[0]
      [Loop Check] Instruction 3570000: EIP=0x0046C679
dbug: Win32Emu.Emulator[0]
      [Loop Check] Instruction 3580000: EIP=0x0046C67C
dbug: Win32Emu.Emulator[0]
      [Loop Check] Instruction 3590000: EIP=0x0046C664
dbug: Win32Emu.Emulator[0]
      [Loop Check] Instruction 3600000: EIP=0x0046C667
warn: Win32Emu.Emulator[0]
      [Loop Detection] Emulator has executed 3600000 instructions and may be stuck in a loop. EIP=0x0046C667
warn: Win32Emu.Emulator[0]
      [Loop Detection] If the program is not responding, you may need to stop it. Check the documentation for known issues with this executable.
dbug: Win32Emu.Emulator[0]
      [Loop Check] Instruction 3610000: EIP=0x0046C669
dbug: Win32Emu.Emulator[0]
      [Loop Check] Instruction 3620000: EIP=0x0046C66A
dbug: Win32Emu.Emulator[0]
      [Loop Check] Instruction 3630000: EIP=0x0046C66C
dbug: Win32Emu.Emulator[0]
      [Loop Check] Instruction 3640000: EIP=0x0046C671
dbug: Win32Emu.Emulator[0]
      [Loop Check] Instruction 3650000: EIP=0x0046C673
dbug: Win32Emu.Emulator[0]
      [Loop Check] Instruction 3660000: EIP=0x0046C675
dbug: Win32Emu.Emulator[0]
      [Loop Check] Instruction 3670000: EIP=0x0046C677
dbug: Win32Emu.Emulator[0]
      [Loop Check] Instruction 3680000: EIP=0x0046C679
dbug: Win32Emu.Emulator[0]
      [Loop Check] Instruction 3690000: EIP=0x0046C67C
dbug: Win32Emu.Emulator[0]
      [Loop Check] Instruction 3700000: EIP=0x0046C664
warn: Win32Emu.Emulator[0]
      [Loop Detection] Emulator has executed 3700000 instructions and may be stuck in a loop. EIP=0x0046C664
warn: Win32Emu.Emulator[0]
      [Loop Detection] If the program is not responding, you may need to stop it. Check the documentation for known issues with this executable.
dbug: Win32Emu.Emulator[0]
      [Loop Check] Instruction 3710000: EIP=0x0046C667
dbug: Win32Emu.Emulator[0]
      [Loop Check] Instruction 3720000: EIP=0x0046C669
dbug: Win32Emu.Emulator[0]
      [Loop Check] Instruction 3730000: EIP=0x0046C66A
dbug: Win32Emu.Emulator[0]
      [Loop Check] Instruction 3740000: EIP=0x0046C66C
dbug: Win32Emu.Emulator[0]
      [Loop Check] Instruction 3750000: EIP=0x0046C671
dbug: Win32Emu.Emulator[0]
      [Loop Check] Instruction 3760000: EIP=0x0046C673
dbug: Win32Emu.Emulator[0]
      [Loop Check] Instruction 3770000: EIP=0x0046C675
dbug: Win32Emu.Emulator[0]
      [Loop Check] Instruction 3780000: EIP=0x0046C677
dbug: Win32Emu.Emulator[0]
      [Loop Check] Instruction 3790000: EIP=0x0046C679
dbug: Win32Emu.Emulator[0]
      [Loop Check] Instruction 3800000: EIP=0x0046C67C
warn: Win32Emu.Emulator[0]
      [Loop Detection] Emulator has executed 3800000 instructions and may be stuck in a loop. EIP=0x0046C67C
warn: Win32Emu.Emulator[0]
      [Loop Detection] If the program is not responding, you may need to stop it. Check the documentation for known issues with this executable.
dbug: Win32Emu.Emulator[0]
      [Loop Check] Instruction 3810000: EIP=0x0046C664
dbug: Win32Emu.Emulator[0]
      [Loop Check] Instruction 3820000: EIP=0x0046C667
dbug: Win32Emu.Emulator[0]
      [Loop Check] Instruction 3830000: EIP=0x0046C669
dbug: Win32Emu.Emulator[0]
      [Loop Check] Instruction 3840000: EIP=0x0046C66A
dbug: Win32Emu.Emulator[0]
      [Loop Check] Instruction 3850000: EIP=0x0046C66C
dbug: Win32Emu.Emulator[0]
      [Loop Check] Instruction 3860000: EIP=0x0046C671
dbug: Win32Emu.Emulator[0]
      [Loop Check] Instruction 3870000: EIP=0x0046C673
dbug: Win32Emu.Emulator[0]
      [Loop Check] Instruction 3880000: EIP=0x0046C675
dbug: Win32Emu.Emulator[0]
      [Loop Check] Instruction 3890000: EIP=0x0046C677
dbug: Win32Emu.Emulator[0]
      [Loop Check] Instruction 3900000: EIP=0x0046C679
warn: Win32Emu.Emulator[0]
      [Loop Detection] Emulator has executed 3900000 instructions and may be stuck in a loop. EIP=0x0046C679
warn: Win32Emu.Emulator[0]
      [Loop Detection] If the program is not responding, you may need to stop it. Check the documentation for known issues with this executable.
dbug: Win32Emu.Emulator[0]
      [Loop Check] Instruction 3910000: EIP=0x0046C67C
dbug: Win32Emu.Emulator[0]
      [Loop Check] Instruction 3920000: EIP=0x0046C664
dbug: Win32Emu.Emulator[0]
      [Loop Check] Instruction 3930000: EIP=0x0046C667
dbug: Win32Emu.Emulator[0]
      [Loop Check] Instruction 3940000: EIP=0x0046C669
dbug: Win32Emu.Emulator[0]
      [Loop Check] Instruction 3950000: EIP=0x0046C66A
dbug: Win32Emu.Emulator[0]
      [Loop Check] Instruction 3960000: EIP=0x0046C66C
dbug: Win32Emu.Emulator[0]
      [Loop Check] Instruction 3970000: EIP=0x0046C671
dbug: Win32Emu.Emulator[0]
      [Loop Check] Instruction 3980000: EIP=0x0046C673
dbug: Win32Emu.Emulator[0]
      [Loop Check] Instruction 3990000: EIP=0x0046C675
dbug: Win32Emu.Emulator[0]
      [Loop Check] Instruction 4000000: EIP=0x0046C677
warn: Win32Emu.Emulator[0]
      [Loop Detection] Emulator has executed 4000000 instructions and may be stuck in a loop. EIP=0x0046C677
warn: Win32Emu.Emulator[0]
      [Loop Detection] If the program is not responding, you may need to stop it. Check the documentation for known issues with this executable.
dbug: Win32Emu.Emulator[0]
      [Loop Check] Instruction 4010000: EIP=0x0046C679
dbug: Win32Emu.Emulator[0]
      [Loop Check] Instruction 4020000: EIP=0x0046C67C
dbug: Win32Emu.Emulator[0]
      [Loop Check] Instruction 4030000: EIP=0x0046C664
dbug: Win32Emu.Emulator[0]
      [Loop Check] Instruction 4040000: EIP=0x0046C667
dbug: Win32Emu.Emulator[0]
      [Loop Check] Instruction 4050000: EIP=0x0046C669
dbug: Win32Emu.Emulator[0]
      [Loop Check] Instruction 4060000: EIP=0x0046C66A
dbug: Win32Emu.Emulator[0]
      [Loop Check] Instruction 4070000: EIP=0x0046C66C
dbug: Win32Emu.Emulator[0]
      [Loop Check] Instruction 4080000: EIP=0x0046C671
dbug: Win32Emu.Emulator[0]
      [Loop Check] Instruction 4090000: EIP=0x0046C673
dbug: Win32Emu.Emulator[0]
      [Loop Check] Instruction 4100000: EIP=0x0046C675
warn: Win32Emu.Emulator[0]
      [Loop Detection] Emulator has executed 4100000 instructions and may be stuck in a loop. EIP=0x0046C675
warn: Win32Emu.Emulator[0]
      [Loop Detection] If the program is not responding, you may need to stop it. Check the documentation for known issues with this executable.
dbug: Win32Emu.Emulator[0]
      [Loop Check] Instruction 4110000: EIP=0x0046C677
dbug: Win32Emu.Emulator[0]
      [Loop Check] Instruction 4120000: EIP=0x0046C679
dbug: Win32Emu.Emulator[0]
      [Loop Check] Instruction 4130000: EIP=0x0046C67C
dbug: Win32Emu.Emulator[0]
      [Loop Check] Instruction 4140000: EIP=0x0046C664
dbug: Win32Emu.Emulator[0]
      [Loop Check] Instruction 4150000: EIP=0x0046C667
dbug: Win32Emu.Emulator[0]
      [Loop Check] Instruction 4160000: EIP=0x0046C669
dbug: Win32Emu.Emulator[0]
      [Loop Check] Instruction 4170000: EIP=0x0046C66A
dbug: Win32Emu.Emulator[0]
      [Loop Check] Instruction 4180000: EIP=0x0046C66C
dbug: Win32Emu.Emulator[0]
      [Loop Check] Instruction 4190000: EIP=0x0046C671
dbug: Win32Emu.Emulator[0]
      [Loop Check] Instruction 4200000: EIP=0x0046C673
warn: Win32Emu.Emulator[0]
      [Loop Detection] Emulator has executed 4200000 instructions and may be stuck in a loop. EIP=0x0046C673
warn: Win32Emu.Emulator[0]
      [Loop Detection] If the program is not responding, you may need to stop it. Check the documentation for known issues with this executable.
dbug: Win32Emu.Emulator[0]
      [Loop Check] Instruction 4210000: EIP=0x0046C675
dbug: Win32Emu.Emulator[0]
      [Loop Check] Instruction 4220000: EIP=0x0046C677
dbug: Win32Emu.Emulator[0]
      [Loop Check] Instruction 4230000: EIP=0x0046C679
dbug: Win32Emu.Emulator[0]
      [Loop Check] Instruction 4240000: EIP=0x0046C67C
dbug: Win32Emu.Emulator[0]
      [Loop Check] Instruction 4250000: EIP=0x0046C664
dbug: Win32Emu.Emulator[0]
      [Loop Check] Instruction 4260000: EIP=0x0046C667
dbug: Win32Emu.Emulator[0]
      [Loop Check] Instruction 4270000: EIP=0x0046C669
dbug: Win32Emu.Emulator[0]
      [Loop Check] Instruction 4280000: EIP=0x0046C66A
dbug: Win32Emu.Emulator[0]
      [Loop Check] Instruction 4290000: EIP=0x0046C66C
dbug: Win32Emu.Emulator[0]
      [Loop Check] Instruction 4300000: EIP=0x0046C671
warn: Win32Emu.Emulator[0]
      [Loop Detection] Emulator has executed 4300000 instructions and may be stuck in a loop. EIP=0x0046C671
warn: Win32Emu.Emulator[0]
      [Loop Detection] If the program is not responding, you may need to stop it. Check the documentation for known issues with this executable.
dbug: Win32Emu.Emulator[0]
      [Loop Check] Instruction 4310000: EIP=0x0046C673
dbug: Win32Emu.Emulator[0]
      [Loop Check] Instruction 4320000: EIP=0x0046C675
dbug: Win32Emu.Emulator[0]
      [Loop Check] Instruction 4330000: EIP=0x0046C677
dbug: Win32Emu.Emulator[0]
      [Loop Check] Instruction 4340000: EIP=0x0046C679
dbug: Win32Emu.Emulator[0]
      [Loop Check] Instruction 4350000: EIP=0x0046C67C
dbug: Win32Emu.Emulator[0]
      [Loop Check] Instruction 4360000: EIP=0x0046C664
dbug: Win32Emu.Emulator[0]
      [Loop Check] Instruction 4370000: EIP=0x0046C667
dbug: Win32Emu.Emulator[0]
      [Loop Check] Instruction 4380000: EIP=0x0046C669
dbug: Win32Emu.Emulator[0]
      [Loop Check] Instruction 4390000: EIP=0x0046C66A
dbug: Win32Emu.Emulator[0]
      [Loop Check] Instruction 4400000: EIP=0x0046C66C
warn: Win32Emu.Emulator[0]
      [Loop Detection] Emulator has executed 4400000 instructions and may be stuck in a loop. EIP=0x0046C66C
warn: Win32Emu.Emulator[0]
      [Loop Detection] If the program is not responding, you may need to stop it. Check the documentation for known issues with this executable.
dbug: Win32Emu.Emulator[0]
      [Loop Check] Instruction 4410000: EIP=0x0046C671
dbug: Win32Emu.Emulator[0]
      [Loop Check] Instruction 4420000: EIP=0x0046C673
dbug: Win32Emu.Emulator[0]
      [Loop Check] Instruction 4430000: EIP=0x0046C675
dbug: Win32Emu.Emulator[0]
      [Loop Check] Instruction 4440000: EIP=0x0046C677
dbug: Win32Emu.Emulator[0]
      [Loop Check] Instruction 4450000: EIP=0x0046C679
dbug: Win32Emu.Emulator[0]
      [Loop Check] Instruction 4460000: EIP=0x0046C67C
dbug: Win32Emu.Emulator[0]
      [Loop Check] Instruction 4470000: EIP=0x0046C664
dbug: Win32Emu.Emulator[0]
      [Loop Check] Instruction 4480000: EIP=0x0046C667
dbug: Win32Emu.Emulator[0]
      [Loop Check] Instruction 4490000: EIP=0x0046C669
dbug: Win32Emu.Emulator[0]
      [Loop Check] Instruction 4500000: EIP=0x0046C66A
warn: Win32Emu.Emulator[0]
      [Loop Detection] Emulator has executed 4500000 instructions and may be stuck in a loop. EIP=0x0046C66A
warn: Win32Emu.Emulator[0]
      [Loop Detection] If the program is not responding, you may need to stop it. Check the documentation for known issues with this executable.
dbug: Win32Emu.Emulator[0]
      [Loop Check] Instruction 4510000: EIP=0x0046C66C
dbug: Win32Emu.Emulator[0]
      [Loop Check] Instruction 4520000: EIP=0x0046C671
dbug: Win32Emu.Emulator[0]
      [Loop Check] Instruction 4530000: EIP=0x0046C673
dbug: Win32Emu.Emulator[0]
      [Loop Check] Instruction 4540000: EIP=0x0046C675
dbug: Win32Emu.Emulator[0]
      [Loop Check] Instruction 4550000: EIP=0x0046C677
dbug: Win32Emu.Emulator[0]
      [Loop Check] Instruction 4560000: EIP=0x0046C679
dbug: Win32Emu.Emulator[0]
      [Loop Check] Instruction 4570000: EIP=0x0046C67C
dbug: Win32Emu.Emulator[0]
      [Loop Check] Instruction 4580000: EIP=0x0046C664
dbug: Win32Emu.Emulator[0]
      [Loop Check] Instruction 4590000: EIP=0x0046C667
dbug: Win32Emu.Emulator[0]
      [Loop Check] Instruction 4600000: EIP=0x0046C669
warn: Win32Emu.Emulator[0]
      [Loop Detection] Emulator has executed 4600000 instructions and may be stuck in a loop. EIP=0x0046C669
warn: Win32Emu.Emulator[0]
      [Loop Detection] If the program is not responding, you may need to stop it. Check the documentation for known issues with this executable.
dbug: Win32Emu.Emulator[0]
      [Loop Check] Instruction 4610000: EIP=0x0046C66A
dbug: Win32Emu.Emulator[0]
      [Loop Check] Instruction 4620000: EIP=0x0046C66C
dbug: Win32Emu.Emulator[0]
      [Loop Check] Instruction 4630000: EIP=0x0046C671
dbug: Win32Emu.Emulator[0]
      [Loop Check] Instruction 4640000: EIP=0x0046C673
dbug: Win32Emu.Emulator[0]
      [Loop Check] Instruction 4650000: EIP=0x0046C675
dbug: Win32Emu.Emulator[0]
      [Loop Check] Instruction 4660000: EIP=0x0046C677
dbug: Win32Emu.Emulator[0]
      [Loop Check] Instruction 4670000: EIP=0x0046C679
dbug: Win32Emu.Emulator[0]
      [Loop Check] Instruction 4680000: EIP=0x0046C67C
dbug: Win32Emu.Emulator[0]
      [Loop Check] Instruction 4690000: EIP=0x0046C664
dbug: Win32Emu.Emulator[0]
      [Loop Check] Instruction 4700000: EIP=0x0046C667
warn: Win32Emu.Emulator[0]
      [Loop Detection] Emulator has executed 4700000 instructions and may be stuck in a loop. EIP=0x0046C667
warn: Win32Emu.Emulator[0]
      [Loop Detection] If the program is not responding, you may need to stop it. Check the documentation for known issues with this executable.
dbug: Win32Emu.Emulator[0]
      [Loop Check] Instruction 4710000: EIP=0x0046C669
dbug: Win32Emu.Emulator[0]
      [Loop Check] Instruction 4720000: EIP=0x0046C66A
dbug: Win32Emu.Emulator[0]
      [Loop Check] Instruction 4730000: EIP=0x0046C66C
dbug: Win32Emu.Emulator[0]
      [Loop Check] Instruction 4740000: EIP=0x0046C671
dbug: Win32Emu.Emulator[0]
      [Loop Check] Instruction 4750000: EIP=0x0046C673
dbug: Win32Emu.Emulator[0]
      [Loop Check] Instruction 4760000: EIP=0x0046C675
dbug: Win32Emu.Emulator[0]
      [Loop Check] Instruction 4770000: EIP=0x0046C677
dbug: Win32Emu.Emulator[0]
      [Loop Check] Instruction 4780000: EIP=0x0046C679
dbug: Win32Emu.Emulator[0]
      [Loop Check] Instruction 4790000: EIP=0x0046C67C
dbug: Win32Emu.Emulator[0]
      [Loop Check] Instruction 4800000: EIP=0x0046C664
warn: Win32Emu.Emulator[0]
      [Loop Detection] Emulator has executed 4800000 instructions and may be stuck in a loop. EIP=0x0046C664
warn: Win32Emu.Emulator[0]
      [Loop Detection] If the program is not responding, you may need to stop it. Check the documentation for known issues with this executable.
dbug: Win32Emu.Emulator[0]
      [Loop Check] Instruction 4810000: EIP=0x0046C667
dbug: Win32Emu.Emulator[0]
      [Loop Check] Instruction 4820000: EIP=0x0046C669
dbug: Win32Emu.Emulator[0]
      [Loop Check] Instruction 4830000: EIP=0x0046C66A
dbug: Win32Emu.Emulator[0]
      [Loop Check] Instruction 4840000: EIP=0x0046C66C
dbug: Win32Emu.Emulator[0]
      [Loop Check] Instruction 4850000: EIP=0x0046C671
dbug: Win32Emu.Emulator[0]
      [Loop Check] Instruction 4860000: EIP=0x0046C673
dbug: Win32Emu.Emulator[0]
      [Loop Check] Instruction 4870000: EIP=0x0046C675
dbug: Win32Emu.Emulator[0]
      [Loop Check] Instruction 4880000: EIP=0x0046C677
dbug: Win32Emu.Emulator[0]
      [Loop Check] Instruction 4890000: EIP=0x0046C679
dbug: Win32Emu.Emulator[0]
      [Loop Check] Instruction 4900000: EIP=0x0046C67C
warn: Win32Emu.Emulator[0]
      [Loop Detection] Emulator has executed 4900000 instructions and may be stuck in a loop. EIP=0x0046C67C
warn: Win32Emu.Emulator[0]
      [Loop Detection] If the program is not responding, you may need to stop it. Check the documentation for known issues with this executable.
dbug: Win32Emu.Emulator[0]
      [Loop Check] Instruction 4910000: EIP=0x0046C664
dbug: Win32Emu.Emulator[0]
      [Loop Check] Instruction 4920000: EIP=0x0046C667
dbug: Win32Emu.Emulator[0]
      [Loop Check] Instruction 4930000: EIP=0x0046C669
dbug: Win32Emu.Emulator[0]
      [Loop Check] Instruction 4940000: EIP=0x0046C66A
dbug: Win32Emu.Emulator[0]
      [Loop Check] Instruction 4950000: EIP=0x0046C66C
dbug: Win32Emu.Emulator[0]
      [Loop Check] Instruction 4960000: EIP=0x0046C671
dbug: Win32Emu.Emulator[0]
      [Loop Check] Instruction 4970000: EIP=0x0046C673
dbug: Win32Emu.Emulator[0]
      [Loop Check] Instruction 4980000: EIP=0x0046C675
dbug: Win32Emu.Emulator[0]
      [Loop Check] Instruction 4990000: EIP=0x0046C677
dbug: Win32Emu.Emulator[0]
      [Loop Check] Instruction 5000000: EIP=0x0046C679
warn: Win32Emu.Emulator[0]
      [Loop Detection] Emulator has executed 5000000 instructions and may be stuck in a loop. EIP=0x0046C679
warn: Win32Emu.Emulator[0]
      [Loop Detection] If the program is not responding, you may need to stop it. Check the documentation for known issues with this executable.
dbug: Win32Emu.Emulator[0]
      [Loop Check] Instruction 5010000: EIP=0x0046C67C
dbug: Win32Emu.Emulator[0]
      [Loop Check] Instruction 5020000: EIP=0x0046C664
dbug: Win32Emu.Emulator[0]
      [Loop Check] Instruction 5030000: EIP=0x0046C667
dbug: Win32Emu.Emulator[0]
      [Loop Check] Instruction 5040000: EIP=0x0046C669
dbug: Win32Emu.Emulator[0]
      [Loop Check] Instruction 5050000: EIP=0x0046C66A
dbug: Win32Emu.Emulator[0]
      [Loop Check] Instruction 5060000: EIP=0x0046C66C
dbug: Win32Emu.Emulator[0]
      [Loop Check] Instruction 5070000: EIP=0x0046C671
dbug: Win32Emu.Emulator[0]
      [Loop Check] Instruction 5080000: EIP=0x0046C673
dbug: Win32Emu.Emulator[0]
      [Loop Check] Instruction 5090000: EIP=0x0046C675
dbug: Win32Emu.Emulator[0]
      [Loop Check] Instruction 5100000: EIP=0x0046C677
warn: Win32Emu.Emulator[0]
      [Loop Detection] Emulator has executed 5100000 instructions and may be stuck in a loop. EIP=0x0046C677
warn: Win32Emu.Emulator[0]
      [Loop Detection] If the program is not responding, you may need to stop it. Check the documentation for known issues with this executable.
dbug: Win32Emu.Emulator[0]
      [Loop Check] Instruction 5110000: EIP=0x0046C679
dbug: Win32Emu.Emulator[0]
      [Loop Check] Instruction 5120000: EIP=0x0046C67C
dbug: Win32Emu.Emulator[0]
      [Loop Check] Instruction 5130000: EIP=0x0046C664
dbug: Win32Emu.Emulator[0]
      [Loop Check] Instruction 5140000: EIP=0x0046C667
dbug: Win32Emu.Emulator[0]
      [Loop Check] Instruction 5150000: EIP=0x0046C669
dbug: Win32Emu.Emulator[0]
      [Loop Check] Instruction 5160000: EIP=0x0046C66A
dbug: Win32Emu.Emulator[0]
      [Loop Check] Instruction 5170000: EIP=0x0046C66C
dbug: Win32Emu.Emulator[0]
      [Loop Check] Instruction 5180000: EIP=0x0046C671
dbug: Win32Emu.Emulator[0]
      [Loop Check] Instruction 5190000: EIP=0x0046C673
dbug: Win32Emu.Emulator[0]
      [Loop Check] Instruction 5200000: EIP=0x0046C675
warn: Win32Emu.Emulator[0]
      [Loop Detection] Emulator has executed 5200000 instructions and may be stuck in a loop. EIP=0x0046C675
warn: Win32Emu.Emulator[0]
      [Loop Detection] If the program is not responding, you may need to stop it. Check the documentation for known issues with this executable.
dbug: Win32Emu.Emulator[0]
      [Loop Check] Instruction 5210000: EIP=0x0046C677
dbug: Win32Emu.Emulator[0]
      [Loop Check] Instruction 5220000: EIP=0x0046C679
dbug: Win32Emu.Emulator[0]
      [Loop Check] Instruction 5230000: EIP=0x0046C67C
dbug: Win32Emu.Emulator[0]
      [Loop Check] Instruction 5240000: EIP=0x0046C664
dbug: Win32Emu.Emulator[0]
      [Loop Check] Instruction 5250000: EIP=0x0046C667
dbug: Win32Emu.Emulator[0]
      [Loop Check] Instruction 5260000: EIP=0x0046C669
dbug: Win32Emu.Emulator[0]
      [Loop Check] Instruction 5270000: EIP=0x0046C66A
dbug: Win32Emu.Emulator[0]
      [Loop Check] Instruction 5280000: EIP=0x0046C66C
dbug: Win32Emu.Emulator[0]
      [Loop Check] Instruction 5290000: EIP=0x0046C671
dbug: Win32Emu.Emulator[0]
      [Loop Check] Instruction 5300000: EIP=0x0046C673
warn: Win32Emu.Emulator[0]
      [Loop Detection] Emulator has executed 5300000 instructions and may be stuck in a loop. EIP=0x0046C673
warn: Win32Emu.Emulator[0]
      [Loop Detection] If the program is not responding, you may need to stop it. Check the documentation for known issues with this executable.
dbug: Win32Emu.Emulator[0]
      [Loop Check] Instruction 5310000: EIP=0x0046C675
dbug: Win32Emu.Emulator[0]
      [Loop Check] Instruction 5320000: EIP=0x0046C677
dbug: Win32Emu.Emulator[0]
      [Loop Check] Instruction 5330000: EIP=0x0046C679
dbug: Win32Emu.Emulator[0]
      [Loop Check] Instruction 5340000: EIP=0x0046C67C
dbug: Win32Emu.Emulator[0]
      [Loop Check] Instruction 5350000: EIP=0x0046C664
dbug: Win32Emu.Emulator[0]
      [Loop Check] Instruction 5360000: EIP=0x0046C667
dbug: Win32Emu.Emulator[0]
      [Loop Check] Instruction 5370000: EIP=0x0046C669
dbug: Win32Emu.Emulator[0]
      [Loop Check] Instruction 5380000: EIP=0x0046C66A
dbug: Win32Emu.Emulator[0]
      [Loop Check] Instruction 5390000: EIP=0x0046C66C
dbug: Win32Emu.Emulator[0]
      [Loop Check] Instruction 5400000: EIP=0x0046C671
warn: Win32Emu.Emulator[0]
      [Loop Detection] Emulator has executed 5400000 instructions and may be stuck in a loop. EIP=0x0046C671
warn: Win32Emu.Emulator[0]
      [Loop Detection] If the program is not responding, you may need to stop it. Check the documentation for known issues with this executable.
dbug: Win32Emu.Emulator[0]
      [Loop Check] Instruction 5410000: EIP=0x0046C673
dbug: Win32Emu.Emulator[0]
      [Loop Check] Instruction 5420000: EIP=0x0046C675
dbug: Win32Emu.Emulator[0]
      [Loop Check] Instruction 5430000: EIP=0x0046C677
dbug: Win32Emu.Emulator[0]
      [Loop Check] Instruction 5440000: EIP=0x0046C679
dbug: Win32Emu.Emulator[0]
      [Loop Check] Instruction 5450000: EIP=0x0046C67C
dbug: Win32Emu.Emulator[0]
      [Loop Check] Instruction 5460000: EIP=0x0046C664
dbug: Win32Emu.Emulator[0]
      [Loop Check] Instruction 5470000: EIP=0x0046C667
dbug: Win32Emu.Emulator[0]
      [Loop Check] Instruction 5480000: EIP=0x0046C669
dbug: Win32Emu.Emulator[0]
      [Loop Check] Instruction 5490000: EIP=0x0046C66A
dbug: Win32Emu.Emulator[0]
      [Loop Check] Instruction 5500000: EIP=0x0046C66C
warn: Win32Emu.Emulator[0]
      [Loop Detection] Emulator has executed 5500000 instructions and may be stuck in a loop. EIP=0x0046C66C
warn: Win32Emu.Emulator[0]
      [Loop Detection] If the program is not responding, you may need to stop it. Check the documentation for known issues with this executable.
dbug: Win32Emu.Emulator[0]
      [Loop Check] Instruction 5510000: EIP=0x0046C671
dbug: Win32Emu.Emulator[0]
      [Loop Check] Instruction 5520000: EIP=0x0046C673
dbug: Win32Emu.Emulator[0]
      [Loop Check] Instruction 5530000: EIP=0x0046C675
dbug: Win32Emu.Emulator[0]
      [Loop Check] Instruction 5540000: EIP=0x0046C677
dbug: Win32Emu.Emulator[0]
      [Loop Check] Instruction 5550000: EIP=0x0046C679
dbug: Win32Emu.Emulator[0]
      [Loop Check] Instruction 5560000: EIP=0x0046C67C
dbug: Win32Emu.Emulator[0]
      [Loop Check] Instruction 5570000: EIP=0x0046C664
dbug: Win32Emu.Emulator[0]
      [Loop Check] Instruction 5580000: EIP=0x0046C667
dbug: Win32Emu.Emulator[0]
      [Loop Check] Instruction 5590000: EIP=0x0046C669
dbug: Win32Emu.Emulator[0]
      [Loop Check] Instruction 5600000: EIP=0x0046C66A
warn: Win32Emu.Emulator[0]
      [Loop Detection] Emulator has executed 5600000 instructions and may be stuck in a loop. EIP=0x0046C66A
warn: Win32Emu.Emulator[0]
      [Loop Detection] If the program is not responding, you may need to stop it. Check the documentation for known issues with this executable.
dbug: Win32Emu.Emulator[0]
      [Loop Check] Instruction 5610000: EIP=0x0046C66C
dbug: Win32Emu.Emulator[0]
      [Loop Check] Instruction 5620000: EIP=0x0046C671
dbug: Win32Emu.Emulator[0]
      [Loop Check] Instruction 5630000: EIP=0x0046C673
dbug: Win32Emu.Emulator[0]
      [Loop Check] Instruction 5640000: EIP=0x0046C675
dbug: Win32Emu.Emulator[0]
      [Loop Check] Instruction 5650000: EIP=0x0046C677
dbug: Win32Emu.Emulator[0]
      [Loop Check] Instruction 5660000: EIP=0x0046C679
dbug: Win32Emu.Emulator[0]
      [Loop Check] Instruction 5670000: EIP=0x0046C67C
dbug: Win32Emu.Emulator[0]
      [Loop Check] Instruction 5680000: EIP=0x0046C664
dbug: Win32Emu.Emulator[0]
      [Loop Check] Instruction 5690000: EIP=0x0046C667
dbug: Win32Emu.Emulator[0]
      [Loop Check] Instruction 5700000: EIP=0x0046C669
warn: Win32Emu.Emulator[0]
      [Loop Detection] Emulator has executed 5700000 instructions and may be stuck in a loop. EIP=0x0046C669
warn: Win32Emu.Emulator[0]
      [Loop Detection] If the program is not responding, you may need to stop it. Check the documentation for known issues with this executable.
dbug: Win32Emu.Emulator[0]
      [Loop Check] Instruction 5710000: EIP=0x0046C66A
dbug: Win32Emu.Emulator[0]
      [Loop Check] Instruction 5720000: EIP=0x0046C66C
dbug: Win32Emu.Emulator[0]
      [Loop Check] Instruction 5730000: EIP=0x0046C671
dbug: Win32Emu.Emulator[0]
      [Loop Check] Instruction 5740000: EIP=0x0046C673
dbug: Win32Emu.Emulator[0]
      [Loop Check] Instruction 5750000: EIP=0x0046C675
dbug: Win32Emu.Emulator[0]
      [Loop Check] Instruction 5760000: EIP=0x0046C677
dbug: Win32Emu.Emulator[0]
      [Loop Check] Instruction 5770000: EIP=0x0046C679
dbug: Win32Emu.Emulator[0]
      [Loop Check] Instruction 5780000: EIP=0x0046C67C
dbug: Win32Emu.Emulator[0]
      [Loop Check] Instruction 5790000: EIP=0x0046C664
dbug: Win32Emu.Emulator[0]
      [Loop Check] Instruction 5800000: EIP=0x0046C667
warn: Win32Emu.Emulator[0]
      [Loop Detection] Emulator has executed 5800000 instructions and may be stuck in a loop. EIP=0x0046C667
warn: Win32Emu.Emulator[0]
      [Loop Detection] If the program is not responding, you may need to stop it. Check the documentation for known issues with this executable.
dbug: Win32Emu.Emulator[0]
      [Loop Check] Instruction 5810000: EIP=0x0046C669
dbug: Win32Emu.Emulator[0]
      [Loop Check] Instruction 5820000: EIP=0x0046C66A
dbug: Win32Emu.Emulator[0]
      [Loop Check] Instruction 5830000: EIP=0x0046C66C
dbug: Win32Emu.Emulator[0]
      [Loop Check] Instruction 5840000: EIP=0x0046C671
dbug: Win32Emu.Emulator[0]
      [Loop Check] Instruction 5850000: EIP=0x0046C673
dbug: Win32Emu.Emulator[0]
      [Loop Check] Instruction 5860000: EIP=0x0046C675
dbug: Win32Emu.Emulator[0]
      [Loop Check] Instruction 5870000: EIP=0x0046C677
dbug: Win32Emu.Emulator[0]
      [Loop Check] Instruction 5880000: EIP=0x0046C679
dbug: Win32Emu.Emulator[0]
      [Loop Check] Instruction 5890000: EIP=0x0046C67C
dbug: Win32Emu.Emulator[0]
      [Loop Check] Instruction 5900000: EIP=0x0046C664
warn: Win32Emu.Emulator[0]
      [Loop Detection] Emulator has executed 5900000 instructions and may be stuck in a loop. EIP=0x0046C664
warn: Win32Emu.Emulator[0]
      [Loop Detection] If the program is not responding, you may need to stop it. Check the documentation for known issues with this executable.
dbug: Win32Emu.Emulator[0]
      [Loop Check] Instruction 5910000: EIP=0x0046C667
dbug: Win32Emu.Emulator[0]
      [Loop Check] Instruction 5920000: EIP=0x0046C669
dbug: Win32Emu.Emulator[0]
      [Loop Check] Instruction 5930000: EIP=0x0046C66A
dbug: Win32Emu.Emulator[0]
      [Loop Check] Instruction 5940000: EIP=0x0046C66C
dbug: Win32Emu.Emulator[0]
      [Loop Check] Instruction 5950000: EIP=0x0046C671
dbug: Win32Emu.Emulator[0]
      [Loop Check] Instruction 5960000: EIP=0x0046C673
dbug: Win32Emu.Emulator[0]
      [Loop Check] Instruction 5970000: EIP=0x0046C675
dbug: Win32Emu.Emulator[0]
      [Loop Check] Instruction 5980000: EIP=0x0046C677
dbug: Win32Emu.Emulator[0]
      [Loop Check] Instruction 5990000: EIP=0x0046C679
dbug: Win32Emu.Emulator[0]
      [Loop Check] Instruction 6000000: EIP=0x0046C67C
warn: Win32Emu.Emulator[0]
      [Loop Detection] Emulator has executed 6000000 instructions and may be stuck in a loop. EIP=0x0046C67C
warn: Win32Emu.Emulator[0]
      [Loop Detection] If the program is not responding, you may need to stop it. Check the documentation for known issues with this executable.
dbug: Win32Emu.Emulator[0]
      [Loop Check] Instruction 6010000: EIP=0x0046C664
dbug: Win32Emu.Emulator[0]
      [Loop Check] Instruction 6020000: EIP=0x0046C667
dbug: Win32Emu.Emulator[0]
      [Loop Check] Instruction 6030000: EIP=0x0046C669
dbug: Win32Emu.Emulator[0]
      [Loop Check] Instruction 6040000: EIP=0x0046C66A
dbug: Win32Emu.Emulator[0]
      [Loop Check] Instruction 6050000: EIP=0x0046C66C
dbug: Win32Emu.Emulator[0]
      [Loop Check] Instruction 6060000: EIP=0x0046C671
dbug: Win32Emu.Emulator[0]
      [Loop Check] Instruction 6070000: EIP=0x0046C673
dbug: Win32Emu.Emulator[0]
      [Loop Check] Instruction 6080000: EIP=0x0046C675
dbug: Win32Emu.Emulator[0]
      [Loop Check] Instruction 6090000: EIP=0x0046C677
dbug: Win32Emu.Emulator[0]
      [Loop Check] Instruction 6100000: EIP=0x0046C679
warn: Win32Emu.Emulator[0]
      [Loop Detection] Emulator has executed 6100000 instructions and may be stuck in a loop. EIP=0x0046C679
warn: Win32Emu.Emulator[0]
      [Loop Detection] If the program is not responding, you may need to stop it. Check the documentation for known issues with this executable.
dbug: Win32Emu.Emulator[0]
      [Loop Check] Instruction 6110000: EIP=0x0046C67C
dbug: Win32Emu.Emulator[0]
      [Loop Check] Instruction 6120000: EIP=0x0046C664
dbug: Win32Emu.Emulator[0]
      [Loop Check] Instruction 6130000: EIP=0x0046C667
dbug: Win32Emu.Emulator[0]
      [Loop Check] Instruction 6140000: EIP=0x0046C669
dbug: Win32Emu.Emulator[0]
      [Loop Check] Instruction 6150000: EIP=0x0046C66A
dbug: Win32Emu.Emulator[0]
      [Loop Check] Instruction 6160000: EIP=0x0046C66C
dbug: Win32Emu.Emulator[0]
      [Loop Check] Instruction 6170000: EIP=0x0046C671
dbug: Win32Emu.Emulator[0]
      [Loop Check] Instruction 6180000: EIP=0x0046C673
dbug: Win32Emu.Emulator[0]
      [Loop Check] Instruction 6190000: EIP=0x0046C675
dbug: Win32Emu.Emulator[0]
      [Loop Check] Instruction 6200000: EIP=0x0046C677
warn: Win32Emu.Emulator[0]
      [Loop Detection] Emulator has executed 6200000 instructions and may be stuck in a loop. EIP=0x0046C677
warn: Win32Emu.Emulator[0]
      [Loop Detection] If the program is not responding, you may need to stop it. Check the documentation for known issues with this executable.
dbug: Win32Emu.Emulator[0]
      [Loop Check] Instruction 6210000: EIP=0x0046C679
dbug: Win32Emu.Emulator[0]
      [Loop Check] Instruction 6220000: EIP=0x0046C67C
dbug: Win32Emu.Emulator[0]
      [Loop Check] Instruction 6230000: EIP=0x0046C664
dbug: Win32Emu.Emulator[0]
      [Loop Check] Instruction 6240000: EIP=0x0046C667
dbug: Win32Emu.Emulator[0]
      [Loop Check] Instruction 6250000: EIP=0x0046C669
dbug: Win32Emu.Emulator[0]
      [Loop Check] Instruction 6260000: EIP=0x0046C66A
dbug: Win32Emu.Emulator[0]
      [Loop Check] Instruction 6270000: EIP=0x0046C66C
dbug: Win32Emu.Emulator[0]
      [Loop Check] Instruction 6280000: EIP=0x0046C671
dbug: Win32Emu.Emulator[0]
      [Loop Check] Instruction 6290000: EIP=0x0046C673
dbug: Win32Emu.Emulator[0]
      [Loop Check] Instruction 6300000: EIP=0x0046C675
warn: Win32Emu.Emulator[0]
      [Loop Detection] Emulator has executed 6300000 instructions and may be stuck in a loop. EIP=0x0046C675
warn: Win32Emu.Emulator[0]
      [Loop Detection] If the program is not responding, you may need to stop it. Check the documentation for known issues with this executable.
dbug: Win32Emu.Emulator[0]
      [Loop Check] Instruction 6310000: EIP=0x0046C677
dbug: Win32Emu.Emulator[0]
      [Loop Check] Instruction 6320000: EIP=0x0046C679
dbug: Win32Emu.Emulator[0]
      [Loop Check] Instruction 6330000: EIP=0x0046C67C
dbug: Win32Emu.Emulator[0]
      [Loop Check] Instruction 6340000: EIP=0x0046C664
dbug: Win32Emu.Emulator[0]
      [Loop Check] Instruction 6350000: EIP=0x0046C667
dbug: Win32Emu.Emulator[0]
      [Loop Check] Instruction 6360000: EIP=0x0046C669
dbug: Win32Emu.Emulator[0]
      [Loop Check] Instruction 6370000: EIP=0x0046C66A
dbug: Win32Emu.Emulator[0]
      [Loop Check] Instruction 6380000: EIP=0x0046C66C
dbug: Win32Emu.Emulator[0]
      [Loop Check] Instruction 6390000: EIP=0x0046C671
dbug: Win32Emu.Emulator[0]
      [Loop Check] Instruction 6400000: EIP=0x0046C673
warn: Win32Emu.Emulator[0]
      [Loop Detection] Emulator has executed 6400000 instructions and may be stuck in a loop. EIP=0x0046C673
warn: Win32Emu.Emulator[0]
      [Loop Detection] If the program is not responding, you may need to stop it. Check the documentation for known issues with this executable.
dbug: Win32Emu.Emulator[0]
      [Loop Check] Instruction 6410000: EIP=0x0046C675
dbug: Win32Emu.Emulator[0]
      [Loop Check] Instruction 6420000: EIP=0x0046C677
dbug: Win32Emu.Emulator[0]
      [Loop Check] Instruction 6430000: EIP=0x0046C679
dbug: Win32Emu.Emulator[0]
      [Loop Check] Instruction 6440000: EIP=0x0046C67C
dbug: Win32Emu.Emulator[0]
      [Loop Check] Instruction 6450000: EIP=0x0046C664
dbug: Win32Emu.Emulator[0]
      [Loop Check] Instruction 6460000: EIP=0x0046C667
dbug: Win32Emu.Emulator[0]
      [Loop Check] Instruction 6470000: EIP=0x0046C669
dbug: Win32Emu.Emulator[0]
      [Loop Check] Instruction 6480000: EIP=0x0046C66A
dbug: Win32Emu.Emulator[0]
      [Loop Check] Instruction 6490000: EIP=0x0046C66C
dbug: Win32Emu.Emulator[0]
      [Loop Check] Instruction 6500000: EIP=0x0046C671
warn: Win32Emu.Emulator[0]
      [Loop Detection] Emulator has executed 6500000 instructions and may be stuck in a loop. EIP=0x0046C671
warn: Win32Emu.Emulator[0]
      [Loop Detection] If the program is not responding, you may need to stop it. Check the documentation for known issues with this executable.
dbug: Win32Emu.Emulator[0]
      [Loop Check] Instruction 6510000: EIP=0x0046C673
dbug: Win32Emu.Emulator[0]
      [Loop Check] Instruction 6520000: EIP=0x0046C675
dbug: Win32Emu.Emulator[0]
      [Loop Check] Instruction 6530000: EIP=0x0046C677
dbug: Win32Emu.Emulator[0]
      [Loop Check] Instruction 6540000: EIP=0x0046C679
dbug: Win32Emu.Emulator[0]
      [Loop Check] Instruction 6550000: EIP=0x0046C67C
dbug: Win32Emu.Emulator[0]
      [Loop Check] Instruction 6560000: EIP=0x0046C664
dbug: Win32Emu.Emulator[0]
      [Loop Check] Instruction 6570000: EIP=0x0046C667
dbug: Win32Emu.Emulator[0]
      [Loop Check] Instruction 6580000: EIP=0x0046C669
dbug: Win32Emu.Emulator[0]
      [Loop Check] Instruction 6590000: EIP=0x0046C66A
dbug: Win32Emu.Emulator[0]
      [Loop Check] Instruction 6600000: EIP=0x0046C66C
warn: Win32Emu.Emulator[0]
      [Loop Detection] Emulator has executed 6600000 instructions and may be stuck in a loop. EIP=0x0046C66C
warn: Win32Emu.Emulator[0]
      [Loop Detection] If the program is not responding, you may need to stop it. Check the documentation for known issues with this executable.
dbug: Win32Emu.Emulator[0]
      [Loop Check] Instruction 6610000: EIP=0x0046C671
dbug: Win32Emu.Emulator[0]
      [Loop Check] Instruction 6620000: EIP=0x0046C673
dbug: Win32Emu.Emulator[0]
      [Loop Check] Instruction 6630000: EIP=0x0046C675
dbug: Win32Emu.Emulator[0]
      [Loop Check] Instruction 6640000: EIP=0x0046C677
dbug: Win32Emu.Emulator[0]
      [Loop Check] Instruction 6650000: EIP=0x0046C679
dbug: Win32Emu.Emulator[0]
      [Loop Check] Instruction 6660000: EIP=0x0046C67C
dbug: Win32Emu.Emulator[0]
      [Loop Check] Instruction 6670000: EIP=0x0046C664
dbug: Win32Emu.Emulator[0]
      [Loop Check] Instruction 6680000: EIP=0x0046C667
dbug: Win32Emu.Emulator[0]
      [Loop Check] Instruction 6690000: EIP=0x0046C669
dbug: Win32Emu.Emulator[0]
      [Loop Check] Instruction 6700000: EIP=0x0046C66A
warn: Win32Emu.Emulator[0]
      [Loop Detection] Emulator has executed 6700000 instructions and may be stuck in a loop. EIP=0x0046C66A
warn: Win32Emu.Emulator[0]
      [Loop Detection] If the program is not responding, you may need to stop it. Check the documentation for known issues with this executable.
dbug: Win32Emu.Emulator[0]
      [Loop Check] Instruction 6710000: EIP=0x0046C66C
dbug: Win32Emu.Emulator[0]
      [Loop Check] Instruction 6720000: EIP=0x0046C671
dbug: Win32Emu.Emulator[0]
      [Loop Check] Instruction 6730000: EIP=0x0046C673
dbug: Win32Emu.Emulator[0]
      [Loop Check] Instruction 6740000: EIP=0x0046C675
dbug: Win32Emu.Emulator[0]
      [Loop Check] Instruction 6750000: EIP=0x0046C677
dbug: Win32Emu.Emulator[0]
      [Loop Check] Instruction 6760000: EIP=0x0046C679
dbug: Win32Emu.Emulator[0]
      [Loop Check] Instruction 6770000: EIP=0x0046C67C
dbug: Win32Emu.Emulator[0]
      [Loop Check] Instruction 6780000: EIP=0x0046C664
dbug: Win32Emu.Emulator[0]
      [Loop Check] Instruction 6790000: EIP=0x0046C667
dbug: Win32Emu.Emulator[0]
      [Loop Check] Instruction 6800000: EIP=0x0046C669
warn: Win32Emu.Emulator[0]
      [Loop Detection] Emulator has executed 6800000 instructions and may be stuck in a loop. EIP=0x0046C669
warn: Win32Emu.Emulator[0]
      [Loop Detection] If the program is not responding, you may need to stop it. Check the documentation for known issues with this executable.
dbug: Win32Emu.Emulator[0]
      [Loop Check] Instruction 6810000: EIP=0x0046C66A
dbug: Win32Emu.Emulator[0]
      [Loop Check] Instruction 6820000: EIP=0x0046C66C
dbug: Win32Emu.Emulator[0]
      [Loop Check] Instruction 6830000: EIP=0x0046C671
dbug: Win32Emu.Emulator[0]
      [Loop Check] Instruction 6840000: EIP=0x0046C673
dbug: Win32Emu.Emulator[0]
      [Loop Check] Instruction 6850000: EIP=0x0046C675
dbug: Win32Emu.Emulator[0]
      [Loop Check] Instruction 6860000: EIP=0x0046C677
dbug: Win32Emu.Emulator[0]
      [Loop Check] Instruction 6870000: EIP=0x0046C679
dbug: Win32Emu.Emulator[0]
      [Loop Check] Instruction 6880000: EIP=0x0046C67C
dbug: Win32Emu.Emulator[0]
      [Loop Check] Instruction 6890000: EIP=0x0046C664
dbug: Win32Emu.Emulator[0]
      [Loop Check] Instruction 6900000: EIP=0x0046C667
warn: Win32Emu.Emulator[0]
      [Loop Detection] Emulator has executed 6900000 instructions and may be stuck in a loop. EIP=0x0046C667
warn: Win32Emu.Emulator[0]
      [Loop Detection] If the program is not responding, you may need to stop it. Check the documentation for known issues with this executable.
dbug: Win32Emu.Emulator[0]
      [Loop Check] Instruction 6910000: EIP=0x0046C669
dbug: Win32Emu.Emulator[0]
      [Loop Check] Instruction 6920000: EIP=0x0046C66A
dbug: Win32Emu.Emulator[0]
      [Loop Check] Instruction 6930000: EIP=0x0046C66C
dbug: Win32Emu.Emulator[0]
      [Loop Check] Instruction 6940000: EIP=0x0046C671
dbug: Win32Emu.Emulator[0]
      [Loop Check] Instruction 6950000: EIP=0x0046C673
dbug: Win32Emu.Emulator[0]
      [Loop Check] Instruction 6960000: EIP=0x0046C675
dbug: Win32Emu.Emulator[0]
      [Loop Check] Instruction 6970000: EIP=0x0046C677
dbug: Win32Emu.Emulator[0]
      [Loop Check] Instruction 6980000: EIP=0x0046C679
dbug: Win32Emu.Emulator[0]
      [Loop Check] Instruction 6990000: EIP=0x0046C67C
dbug: Win32Emu.Emulator[0]
      [Loop Check] Instruction 7000000: EIP=0x0046C664
warn: Win32Emu.Emulator[0]
      [Loop Detection] Emulator has executed 7000000 instructions and may be stuck in a loop. EIP=0x0046C664
warn: Win32Emu.Emulator[0]
      [Loop Detection] If the program is not responding, you may need to stop it. Check the documentation for known issues with this executable.
dbug: Win32Emu.Emulator[0]
      [Loop Check] Instruction 7010000: EIP=0x0046C667
dbug: Win32Emu.Emulator[0]
      [Loop Check] Instruction 7020000: EIP=0x0046C669
dbug: Win32Emu.Emulator[0]
      [Loop Check] Instruction 7030000: EIP=0x0046C66A
dbug: Win32Emu.Emulator[0]
      [Loop Check] Instruction 7040000: EIP=0x0046C66C
dbug: Win32Emu.Emulator[0]
      [Loop Check] Instruction 7050000: EIP=0x0046C671
dbug: Win32Emu.Emulator[0]
      [Loop Check] Instruction 7060000: EIP=0x0046C673
dbug: Win32Emu.Emulator[0]
      [Loop Check] Instruction 7070000: EIP=0x0046C675
dbug: Win32Emu.Emulator[0]
      [Loop Check] Instruction 7080000: EIP=0x0046C677
dbug: Win32Emu.Emulator[0]
      [Loop Check] Instruction 7090000: EIP=0x0046C679
dbug: Win32Emu.Emulator[0]
      [Loop Check] Instruction 7100000: EIP=0x0046C67C
warn: Win32Emu.Emulator[0]
      [Loop Detection] Emulator has executed 7100000 instructions and may be stuck in a loop. EIP=0x0046C67C
warn: Win32Emu.Emulator[0]
      [Loop Detection] If the program is not responding, you may need to stop it. Check the documentation for known issues with this executable.
dbug: Win32Emu.Emulator[0]
      [Loop Check] Instruction 7110000: EIP=0x0046C664
dbug: Win32Emu.Emulator[0]
      [Loop Check] Instruction 7120000: EIP=0x0046C667
dbug: Win32Emu.Emulator[0]
      [Loop Check] Instruction 7130000: EIP=0x0046C669
dbug: Win32Emu.Emulator[0]
      [Loop Check] Instruction 7140000: EIP=0x0046C66A
dbug: Win32Emu.Emulator[0]
      [Loop Check] Instruction 7150000: EIP=0x0046C66C
dbug: Win32Emu.Emulator[0]
      [Loop Check] Instruction 7160000: EIP=0x0046C671
dbug: Win32Emu.Emulator[0]
      [Loop Check] Instruction 7170000: EIP=0x0046C673
dbug: Win32Emu.Emulator[0]
      [Loop Check] Instruction 7180000: EIP=0x0046C675
dbug: Win32Emu.Emulator[0]
      [Loop Check] Instruction 7190000: EIP=0x0046C677
dbug: Win32Emu.Emulator[0]
      [Loop Check] Instruction 7200000: EIP=0x0046C679
warn: Win32Emu.Emulator[0]
      [Loop Detection] Emulator has executed 7200000 instructions and may be stuck in a loop. EIP=0x0046C679
warn: Win32Emu.Emulator[0]
      [Loop Detection] If the program is not responding, you may need to stop it. Check the documentation for known issues with this executable.
dbug: Win32Emu.Emulator[0]
      [Loop Check] Instruction 7210000: EIP=0x0046C67C
dbug: Win32Emu.Emulator[0]
      [Loop Check] Instruction 7220000: EIP=0x0046C664
dbug: Win32Emu.Emulator[0]
      [Loop Check] Instruction 7230000: EIP=0x0046C667
dbug: Win32Emu.Emulator[0]
      [Loop Check] Instruction 7240000: EIP=0x0046C669
dbug: Win32Emu.Emulator[0]
      [Loop Check] Instruction 7250000: EIP=0x0046C66A
dbug: Win32Emu.Emulator[0]
      [Loop Check] Instruction 7260000: EIP=0x0046C66C
dbug: Win32Emu.Emulator[0]
      [Loop Check] Instruction 7270000: EIP=0x0046C671
dbug: Win32Emu.Emulator[0]
      [Loop Check] Instruction 7280000: EIP=0x0046C673
dbug: Win32Emu.Emulator[0]
      [Loop Check] Instruction 7290000: EIP=0x0046C675
dbug: Win32Emu.Emulator[0]
      [Loop Check] Instruction 7300000: EIP=0x0046C677
warn: Win32Emu.Emulator[0]
      [Loop Detection] Emulator has executed 7300000 instructions and may be stuck in a loop. EIP=0x0046C677
warn: Win32Emu.Emulator[0]
      [Loop Detection] If the program is not responding, you may need to stop it. Check the documentation for known issues with this executable.
dbug: Win32Emu.Emulator[0]
      [Loop Check] Instruction 7310000: EIP=0x0046C679
dbug: Win32Emu.Emulator[0]
      [Loop Check] Instruction 7320000: EIP=0x0046C67C
dbug: Win32Emu.Emulator[0]
      [Loop Check] Instruction 7330000: EIP=0x0046C664
dbug: Win32Emu.Emulator[0]
      [Loop Check] Instruction 7340000: EIP=0x0046C667
dbug: Win32Emu.Emulator[0]
      [Loop Check] Instruction 7350000: EIP=0x0046C669
dbug: Win32Emu.Emulator[0]
      [Loop Check] Instruction 7360000: EIP=0x0046C66A
dbug: Win32Emu.Emulator[0]
      [Loop Check] Instruction 7370000: EIP=0x0046C66C
dbug: Win32Emu.Emulator[0]
      [Loop Check] Instruction 7380000: EIP=0x0046C671
dbug: Win32Emu.Emulator[0]
      [Loop Check] Instruction 7390000: EIP=0x0046C673
dbug: Win32Emu.Emulator[0]
      [Loop Check] Instruction 7400000: EIP=0x0046C675
warn: Win32Emu.Emulator[0]
      [Loop Detection] Emulator has executed 7400000 instructions and may be stuck in a loop. EIP=0x0046C675
warn: Win32Emu.Emulator[0]
      [Loop Detection] If the program is not responding, you may need to stop it. Check the documentation for known issues with this executable.
dbug: Win32Emu.Emulator[0]
      [Loop Check] Instruction 7410000: EIP=0x0046C677
dbug: Win32Emu.Emulator[0]
      [Loop Check] Instruction 7420000: EIP=0x0046C679
dbug: Win32Emu.Emulator[0]
      [Loop Check] Instruction 7430000: EIP=0x0046C67C
dbug: Win32Emu.Emulator[0]
      [Loop Check] Instruction 7440000: EIP=0x0046C664
dbug: Win32Emu.Emulator[0]
      [Loop Check] Instruction 7450000: EIP=0x0046C667
dbug: Win32Emu.Emulator[0]
      [Loop Check] Instruction 7460000: EIP=0x0046C669
dbug: Win32Emu.Emulator[0]
      [Loop Check] Instruction 7470000: EIP=0x0046C66A
dbug: Win32Emu.Emulator[0]
      [Loop Check] Instruction 7480000: EIP=0x0046C66C
dbug: Win32Emu.Emulator[0]
      [Loop Check] Instruction 7490000: EIP=0x0046C671
dbug: Win32Emu.Emulator[0]
      [Loop Check] Instruction 7500000: EIP=0x0046C673
warn: Win32Emu.Emulator[0]
      [Loop Detection] Emulator has executed 7500000 instructions and may be stuck in a loop. EIP=0x0046C673
warn: Win32Emu.Emulator[0]
      [Loop Detection] If the program is not responding, you may need to stop it. Check the documentation for known issues with this executable.
dbug: Win32Emu.Emulator[0]
      [Loop Check] Instruction 7510000: EIP=0x0046C675
dbug: Win32Emu.Emulator[0]
      [Loop Check] Instruction 7520000: EIP=0x0046C677
dbug: Win32Emu.Emulator[0]
      [Loop Check] Instruction 7530000: EIP=0x0046C679
dbug: Win32Emu.Emulator[0]
      [Loop Check] Instruction 7540000: EIP=0x0046C67C
dbug: Win32Emu.Emulator[0]
      [Loop Check] Instruction 7550000: EIP=0x0046C664
dbug: Win32Emu.Emulator[0]
      [Loop Check] Instruction 7560000: EIP=0x0046C667
dbug: Win32Emu.Emulator[0]
      [Loop Check] Instruction 7570000: EIP=0x0046C669
dbug: Win32Emu.Emulator[0]
      [Loop Check] Instruction 7580000: EIP=0x0046C66A
dbug: Win32Emu.Emulator[0]
      [Loop Check] Instruction 7590000: EIP=0x0046C66C
dbug: Win32Emu.Emulator[0]
      [Loop Check] Instruction 7600000: EIP=0x0046C671
warn: Win32Emu.Emulator[0]
      [Loop Detection] Emulator has executed 7600000 instructions and may be stuck in a loop. EIP=0x0046C671
warn: Win32Emu.Emulator[0]
      [Loop Detection] If the program is not responding, you may need to stop it. Check the documentation for known issues with this executable.
dbug: Win32Emu.Emulator[0]
      [Loop Check] Instruction 7610000: EIP=0x0046C673
dbug: Win32Emu.Emulator[0]
      [Loop Check] Instruction 7620000: EIP=0x0046C675
dbug: Win32Emu.Emulator[0]
      [Loop Check] Instruction 7630000: EIP=0x0046C677
dbug: Win32Emu.Emulator[0]
      [Loop Check] Instruction 7640000: EIP=0x0046C679
dbug: Win32Emu.Emulator[0]
      [Loop Check] Instruction 7650000: EIP=0x0046C67C
dbug: Win32Emu.Emulator[0]
      [Loop Check] Instruction 7660000: EIP=0x0046C664
dbug: Win32Emu.Emulator[0]
      [Loop Check] Instruction 7670000: EIP=0x0046C667
dbug: Win32Emu.Emulator[0]
      [Loop Check] Instruction 7680000: EIP=0x0046C669
dbug: Win32Emu.Emulator[0]
      [Loop Check] Instruction 7690000: EIP=0x0046C66A
dbug: Win32Emu.Emulator[0]
      [Loop Check] Instruction 7700000: EIP=0x0046C66C
warn: Win32Emu.Emulator[0]
      [Loop Detection] Emulator has executed 7700000 instructions and may be stuck in a loop. EIP=0x0046C66C
warn: Win32Emu.Emulator[0]
      [Loop Detection] If the program is not responding, you may need to stop it. Check the documentation for known issues with this executable.
dbug: Win32Emu.Emulator[0]
      [Loop Check] Instruction 7710000: EIP=0x0046C671
dbug: Win32Emu.Emulator[0]
      [Loop Check] Instruction 7720000: EIP=0x0046C673
dbug: Win32Emu.Emulator[0]
      [Loop Check] Instruction 7730000: EIP=0x0046C675
dbug: Win32Emu.Emulator[0]
      [Loop Check] Instruction 7740000: EIP=0x0046C677
dbug: Win32Emu.Emulator[0]
      [Loop Check] Instruction 7750000: EIP=0x0046C679
dbug: Win32Emu.Emulator[0]
      [Loop Check] Instruction 7760000: EIP=0x0046C67C
dbug: Win32Emu.Emulator[0]
      [Loop Check] Instruction 7770000: EIP=0x0046C664
dbug: Win32Emu.Emulator[0]
      [Loop Check] Instruction 7780000: EIP=0x0046C667
dbug: Win32Emu.Emulator[0]
      [Loop Check] Instruction 7790000: EIP=0x0046C669
dbug: Win32Emu.Emulator[0]
      [Loop Check] Instruction 7800000: EIP=0x0046C66A
warn: Win32Emu.Emulator[0]
      [Loop Detection] Emulator has executed 7800000 instructions and may be stuck in a loop. EIP=0x0046C66A
warn: Win32Emu.Emulator[0]
      [Loop Detection] If the program is not responding, you may need to stop it. Check the documentation for known issues with this executable.
dbug: Win32Emu.Emulator[0]
      [Loop Check] Instruction 7810000: EIP=0x0046C66C
dbug: Win32Emu.Emulator[0]
      [Loop Check] Instruction 7820000: EIP=0x0046C671
dbug: Win32Emu.Emulator[0]
      [Loop Check] Instruction 7830000: EIP=0x0046C673
dbug: Win32Emu.Emulator[0]
      [Loop Check] Instruction 7840000: EIP=0x0046C675
dbug: Win32Emu.Emulator[0]
      [Loop Check] Instruction 7850000: EIP=0x0046C677
dbug: Win32Emu.Emulator[0]
      [Loop Check] Instruction 7860000: EIP=0x0046C679
dbug: Win32Emu.Emulator[0]
      [Loop Check] Instruction 7870000: EIP=0x0046C67C
dbug: Win32Emu.Emulator[0]
      [Loop Check] Instruction 7880000: EIP=0x0046C664
dbug: Win32Emu.Emulator[0]
      [Loop Check] Instruction 7890000: EIP=0x0046C667
dbug: Win32Emu.Emulator[0]
      [Loop Check] Instruction 7900000: EIP=0x0046C669
warn: Win32Emu.Emulator[0]
      [Loop Detection] Emulator has executed 7900000 instructions and may be stuck in a loop. EIP=0x0046C669
warn: Win32Emu.Emulator[0]
      [Loop Detection] If the program is not responding, you may need to stop it. Check the documentation for known issues with this executable.
dbug: Win32Emu.Emulator[0]
      [Loop Check] Instruction 7910000: EIP=0x0046C66A
dbug: Win32Emu.Emulator[0]
      [Loop Check] Instruction 7920000: EIP=0x0046C66C
dbug: Win32Emu.Emulator[0]
      [Loop Check] Instruction 7930000: EIP=0x0046C671
dbug: Win32Emu.Emulator[0]
      [Loop Check] Instruction 7940000: EIP=0x0046C673
dbug: Win32Emu.Emulator[0]
      [Loop Check] Instruction 7950000: EIP=0x0046C675
dbug: Win32Emu.Emulator[0]
      [Loop Check] Instruction 7960000: EIP=0x0046C677
dbug: Win32Emu.Emulator[0]
      [Loop Check] Instruction 7970000: EIP=0x0046C679
dbug: Win32Emu.Emulator[0]
      [Loop Check] Instruction 7980000: EIP=0x0046C67C
dbug: Win32Emu.Emulator[0]
      [Loop Check] Instruction 7990000: EIP=0x0046C664
dbug: Win32Emu.Emulator[0]
      [Loop Check] Instruction 8000000: EIP=0x0046C667
warn: Win32Emu.Emulator[0]
      [Loop Detection] Emulator has executed 8000000 instructions and may be stuck in a loop. EIP=0x0046C667
warn: Win32Emu.Emulator[0]
      [Loop Detection] If the program is not responding, you may need to stop it. Check the documentation for known issues with this executable.
dbug: Win32Emu.Emulator[0]
      [Loop Check] Instruction 8010000: EIP=0x0046C669
dbug: Win32Emu.Emulator[0]
      [Loop Check] Instruction 8020000: EIP=0x0046C66A
dbug: Win32Emu.Emulator[0]
      [Loop Check] Instruction 8030000: EIP=0x0046C66C
dbug: Win32Emu.Emulator[0]
      [Loop Check] Instruction 8040000: EIP=0x0046C671
dbug: Win32Emu.Emulator[0]
      [Loop Check] Instruction 8050000: EIP=0x0046C673
dbug: Win32Emu.Emulator[0]
      [Loop Check] Instruction 8060000: EIP=0x0046C675
dbug: Win32Emu.Emulator[0]
      [Loop Check] Instruction 8070000: EIP=0x0046C677
dbug: Win32Emu.Emulator[0]
      [Loop Check] Instruction 8080000: EIP=0x0046C679
dbug: Win32Emu.Emulator[0]
      [Loop Check] Instruction 8090000: EIP=0x0046C67C
dbug: Win32Emu.Emulator[0]
      [Loop Check] Instruction 8100000: EIP=0x0046C664
warn: Win32Emu.Emulator[0]
      [Loop Detection] Emulator has executed 8100000 instructions and may be stuck in a loop. EIP=0x0046C664
warn: Win32Emu.Emulator[0]
      [Loop Detection] If the program is not responding, you may need to stop it. Check the documentation for known issues with this executable.
dbug: Win32Emu.Emulator[0]
      [Loop Check] Instruction 8110000: EIP=0x0046C667
dbug: Win32Emu.Emulator[0]
      [Loop Check] Instruction 8120000: EIP=0x0046C669
dbug: Win32Emu.Emulator[0]
      [Loop Check] Instruction 8130000: EIP=0x0046C66A
dbug: Win32Emu.Emulator[0]
      [Loop Check] Instruction 8140000: EIP=0x0046C66C
dbug: Win32Emu.Emulator[0]
      [Loop Check] Instruction 8150000: EIP=0x0046C671
dbug: Win32Emu.Emulator[0]
      [Loop Check] Instruction 8160000: EIP=0x0046C673
dbug: Win32Emu.Emulator[0]
      [Loop Check] Instruction 8170000: EIP=0x0046C675
dbug: Win32Emu.Emulator[0]
      [Loop Check] Instruction 8180000: EIP=0x0046C677
dbug: Win32Emu.Emulator[0]
      [Loop Check] Instruction 8190000: EIP=0x0046C679
dbug: Win32Emu.Emulator[0]
      [Loop Check] Instruction 8200000: EIP=0x0046C67C
warn: Win32Emu.Emulator[0]
      [Loop Detection] Emulator has executed 8200000 instructions and may be stuck in a loop. EIP=0x0046C67C
warn: Win32Emu.Emulator[0]
      [Loop Detection] If the program is not responding, you may need to stop it. Check the documentation for known issues with this executable.
dbug: Win32Emu.Emulator[0]
      [Loop Check] Instruction 8210000: EIP=0x0046C664
dbug: Win32Emu.Emulator[0]
      [Loop Check] Instruction 8220000: EIP=0x0046C667
dbug: Win32Emu.Emulator[0]
      [Loop Check] Instruction 8230000: EIP=0x0046C669
dbug: Win32Emu.Emulator[0]
      [Loop Check] Instruction 8240000: EIP=0x0046C66A
dbug: Win32Emu.Emulator[0]
      [Loop Check] Instruction 8250000: EIP=0x0046C66C
dbug: Win32Emu.Emulator[0]
      [Loop Check] Instruction 8260000: EIP=0x0046C671
dbug: Win32Emu.Emulator[0]
      [Loop Check] Instruction 8270000: EIP=0x0046C673
dbug: Win32Emu.Emulator[0]
      [Loop Check] Instruction 8280000: EIP=0x0046C675
dbug: Win32Emu.Emulator[0]
      [Loop Check] Instruction 8290000: EIP=0x0046C677
dbug: Win32Emu.Emulator[0]
      [Loop Check] Instruction 8300000: EIP=0x0046C679
warn: Win32Emu.Emulator[0]
      [Loop Detection] Emulator has executed 8300000 instructions and may be stuck in a loop. EIP=0x0046C679
warn: Win32Emu.Emulator[0]
      [Loop Detection] If the program is not responding, you may need to stop it. Check the documentation for known issues with this executable.
dbug: Win32Emu.Emulator[0]
      [Loop Check] Instruction 8310000: EIP=0x0046C67C
dbug: Win32Emu.Emulator[0]
      [Loop Check] Instruction 8320000: EIP=0x0046C664
dbug: Win32Emu.Emulator[0]
      [Loop Check] Instruction 8330000: EIP=0x0046C667
dbug: Win32Emu.Emulator[0]
      [Loop Check] Instruction 8340000: EIP=0x0046C669
dbug: Win32Emu.Emulator[0]
      [Loop Check] Instruction 8350000: EIP=0x0046C66A
dbug: Win32Emu.Emulator[0]
      [Loop Check] Instruction 8360000: EIP=0x0046C66C
dbug: Win32Emu.Emulator[0]
      [Loop Check] Instruction 8370000: EIP=0x0046C671
dbug: Win32Emu.Emulator[0]
      [Loop Check] Instruction 8380000: EIP=0x0046C673
dbug: Win32Emu.Emulator[0]
      [Loop Check] Instruction 8390000: EIP=0x0046C675
dbug: Win32Emu.Emulator[0]
      [Loop Check] Instruction 8400000: EIP=0x0046C677
warn: Win32Emu.Emulator[0]
      [Loop Detection] Emulator has executed 8400000 instructions and may be stuck in a loop. EIP=0x0046C677
warn: Win32Emu.Emulator[0]
      [Loop Detection] If the program is not responding, you may need to stop it. Check the documentation for known issues with this executable.
dbug: Win32Emu.Emulator[0]
      [Loop Check] Instruction 8410000: EIP=0x0046C679
dbug: Win32Emu.Emulator[0]
      [Loop Check] Instruction 8420000: EIP=0x0046C67C
dbug: Win32Emu.Emulator[0]
      [Loop Check] Instruction 8430000: EIP=0x0046C664
dbug: Win32Emu.Emulator[0]
      [Loop Check] Instruction 8440000: EIP=0x0046C667
dbug: Win32Emu.Emulator[0]
      [Loop Check] Instruction 8450000: EIP=0x0046C669
dbug: Win32Emu.Emulator[0]
      [Loop Check] Instruction 8460000: EIP=0x0046C66A
dbug: Win32Emu.Emulator[0]
      [Loop Check] Instruction 8470000: EIP=0x0046C66C
dbug: Win32Emu.Emulator[0]
      [Loop Check] Instruction 8480000: EIP=0x0046C671
dbug: Win32Emu.Emulator[0]
      [Loop Check] Instruction 8490000: EIP=0x0046C673
dbug: Win32Emu.Emulator[0]
      [Loop Check] Instruction 8500000: EIP=0x0046C675
warn: Win32Emu.Emulator[0]
      [Loop Detection] Emulator has executed 8500000 instructions and may be stuck in a loop. EIP=0x0046C675
warn: Win32Emu.Emulator[0]
      [Loop Detection] If the program is not responding, you may need to stop it. Check the documentation for known issues with this executable.
dbug: Win32Emu.Emulator[0]
      [Loop Check] Instruction 8510000: EIP=0x0046C677
dbug: Win32Emu.Emulator[0]
      [Loop Check] Instruction 8520000: EIP=0x0046C679
dbug: Win32Emu.Emulator[0]
      [Loop Check] Instruction 8530000: EIP=0x0046C67C
dbug: Win32Emu.Emulator[0]
      [Loop Check] Instruction 8540000: EIP=0x0046C664
dbug: Win32Emu.Emulator[0]
      [Loop Check] Instruction 8550000: EIP=0x0046C667
dbug: Win32Emu.Emulator[0]
      [Loop Check] Instruction 8560000: EIP=0x0046C669
dbug: Win32Emu.Emulator[0]
      [Loop Check] Instruction 8570000: EIP=0x0046C66A
dbug: Win32Emu.Emulator[0]
      [Loop Check] Instruction 8580000: EIP=0x0046C66C
dbug: Win32Emu.Emulator[0]
      [Loop Check] Instruction 8590000: EIP=0x0046C671
dbug: Win32Emu.Emulator[0]
      [Loop Check] Instruction 8600000: EIP=0x0046C673
warn: Win32Emu.Emulator[0]
      [Loop Detection] Emulator has executed 8600000 instructions and may be stuck in a loop. EIP=0x0046C673
warn: Win32Emu.Emulator[0]
      [Loop Detection] If the program is not responding, you may need to stop it. Check the documentation for known issues with this executable.
dbug: Win32Emu.Emulator[0]
      [Loop Check] Instruction 8610000: EIP=0x0046C675
dbug: Win32Emu.Emulator[0]
      [Loop Check] Instruction 8620000: EIP=0x0046C677
dbug: Win32Emu.Emulator[0]
      [Loop Check] Instruction 8630000: EIP=0x0046C679
dbug: Win32Emu.Emulator[0]
      [Loop Check] Instruction 8640000: EIP=0x0046C67C
dbug: Win32Emu.Emulator[0]
      [Loop Check] Instruction 8650000: EIP=0x0046C664
dbug: Win32Emu.Emulator[0]
      [Loop Check] Instruction 8660000: EIP=0x0046C667
dbug: Win32Emu.Emulator[0]
      [Loop Check] Instruction 8670000: EIP=0x0046C669
dbug: Win32Emu.Emulator[0]
      [Loop Check] Instruction 8680000: EIP=0x0046C66A
dbug: Win32Emu.Emulator[0]
      [Loop Check] Instruction 8690000: EIP=0x0046C66C
dbug: Win32Emu.Emulator[0]
      [Loop Check] Instruction 8700000: EIP=0x0046C671
warn: Win32Emu.Emulator[0]
      [Loop Detection] Emulator has executed 8700000 instructions and may be stuck in a loop. EIP=0x0046C671
warn: Win32Emu.Emulator[0]
      [Loop Detection] If the program is not responding, you may need to stop it. Check the documentation for known issues with this executable.
dbug: Win32Emu.Emulator[0]
      [Loop Check] Instruction 8710000: EIP=0x0046C673
dbug: Win32Emu.Emulator[0]
      [Loop Check] Instruction 8720000: EIP=0x0046C675
dbug: Win32Emu.Emulator[0]
      [Loop Check] Instruction 8730000: EIP=0x0046C677
dbug: Win32Emu.Emulator[0]
      [Loop Check] Instruction 8740000: EIP=0x0046C679
dbug: Win32Emu.Emulator[0]
      [Loop Check] Instruction 8750000: EIP=0x0046C67C
dbug: Win32Emu.Emulator[0]
      [Loop Check] Instruction 8760000: EIP=0x0046C664
dbug: Win32Emu.Emulator[0]
      [Loop Check] Instruction 8770000: EIP=0x0046C667
dbug: Win32Emu.Emulator[0]
      [Loop Check] Instruction 8780000: EIP=0x0046C669
dbug: Win32Emu.Emulator[0]
      [Loop Check] Instruction 8790000: EIP=0x0046C66A
dbug: Win32Emu.Emulator[0]
      [Loop Check] Instruction 8800000: EIP=0x0046C66C
warn: Win32Emu.Emulator[0]
      [Loop Detection] Emulator has executed 8800000 instructions and may be stuck in a loop. EIP=0x0046C66C
warn: Win32Emu.Emulator[0]
      [Loop Detection] If the program is not responding, you may need to stop it. Check the documentation for known issues with this executable.
dbug: Win32Emu.Emulator[0]
      [Loop Check] Instruction 8810000: EIP=0x0046C671
dbug: Win32Emu.Emulator[0]
      [Loop Check] Instruction 8820000: EIP=0x0046C673
dbug: Win32Emu.Emulator[0]
      [Loop Check] Instruction 8830000: EIP=0x0046C675
dbug: Win32Emu.Emulator[0]
      [Loop Check] Instruction 8840000: EIP=0x0046C677
dbug: Win32Emu.Emulator[0]
      [Loop Check] Instruction 8850000: EIP=0x0046C679
dbug: Win32Emu.Emulator[0]
      [Loop Check] Instruction 8860000: EIP=0x0046C67C
dbug: Win32Emu.Emulator[0]
      [Loop Check] Instruction 8870000: EIP=0x0046C664
dbug: Win32Emu.Emulator[0]
      [Loop Check] Instruction 8880000: EIP=0x0046C667
dbug: Win32Emu.Emulator[0]
      [Loop Check] Instruction 8890000: EIP=0x0046C669
dbug: Win32Emu.Emulator[0]
      [Loop Check] Instruction 8900000: EIP=0x0046C66A
warn: Win32Emu.Emulator[0]
      [Loop Detection] Emulator has executed 8900000 instructions and may be stuck in a loop. EIP=0x0046C66A
warn: Win32Emu.Emulator[0]
      [Loop Detection] If the program is not responding, you may need to stop it. Check the documentation for known issues with this executable.
dbug: Win32Emu.Emulator[0]
      [Loop Check] Instruction 8910000: EIP=0x0046C66C
dbug: Win32Emu.Emulator[0]
      [Loop Check] Instruction 8920000: EIP=0x0046C671
dbug: Win32Emu.Emulator[0]
      [Loop Check] Instruction 8930000: EIP=0x0046C673
dbug: Win32Emu.Emulator[0]
      [Loop Check] Instruction 8940000: EIP=0x0046C675
dbug: Win32Emu.Emulator[0]
      [Loop Check] Instruction 8950000: EIP=0x0046C677
dbug: Win32Emu.Emulator[0]
      [Loop Check] Instruction 8960000: EIP=0x0046C679
dbug: Win32Emu.Emulator[0]
      [Loop Check] Instruction 8970000: EIP=0x0046C67C
dbug: Win32Emu.Emulator[0]
      [Loop Check] Instruction 8980000: EIP=0x0046C664
dbug: Win32Emu.Emulator[0]
      [Loop Check] Instruction 8990000: EIP=0x0046C667
dbug: Win32Emu.Emulator[0]
      [Loop Check] Instruction 9000000: EIP=0x0046C669
warn: Win32Emu.Emulator[0]
      [Loop Detection] Emulator has executed 9000000 instructions and may be stuck in a loop. EIP=0x0046C669
warn: Win32Emu.Emulator[0]
      [Loop Detection] If the program is not responding, you may need to stop it. Check the documentation for known issues with this executable.
dbug: Win32Emu.Emulator[0]
      [Loop Check] Instruction 9010000: EIP=0x0046C66A
dbug: Win32Emu.Emulator[0]
      [Loop Check] Instruction 9020000: EIP=0x0046C66C
dbug: Win32Emu.Emulator[0]
      [Loop Check] Instruction 9030000: EIP=0x0046C671
dbug: Win32Emu.Emulator[0]
      [Loop Check] Instruction 9040000: EIP=0x0046C673
dbug: Win32Emu.Emulator[0]
      [Loop Check] Instruction 9050000: EIP=0x0046C675
dbug: Win32Emu.Emulator[0]
      [Loop Check] Instruction 9060000: EIP=0x0046C677
dbug: Win32Emu.Emulator[0]
      [Loop Check] Instruction 9070000: EIP=0x0046C679
dbug: Win32Emu.Emulator[0]
      [Loop Check] Instruction 9080000: EIP=0x0046C67C
dbug: Win32Emu.Emulator[0]
      [Loop Check] Instruction 9090000: EIP=0x0046C664
dbug: Win32Emu.Emulator[0]
      [Loop Check] Instruction 9100000: EIP=0x0046C667
warn: Win32Emu.Emulator[0]
      [Loop Detection] Emulator has executed 9100000 instructions and may be stuck in a loop. EIP=0x0046C667
warn: Win32Emu.Emulator[0]
      [Loop Detection] If the program is not responding, you may need to stop it. Check the documentation for known issues with this executable.
dbug: Win32Emu.Emulator[0]
      [Loop Check] Instruction 9110000: EIP=0x0046C669
dbug: Win32Emu.Emulator[0]
      [Loop Check] Instruction 9120000: EIP=0x0046C66A
dbug: Win32Emu.Emulator[0]
      [Loop Check] Instruction 9130000: EIP=0x0046C66C
dbug: Win32Emu.Emulator[0]
      [Loop Check] Instruction 9140000: EIP=0x0046C671
dbug: Win32Emu.Emulator[0]
      [Loop Check] Instruction 9150000: EIP=0x0046C673
dbug: Win32Emu.Emulator[0]
      [Loop Check] Instruction 9160000: EIP=0x0046C675
dbug: Win32Emu.Emulator[0]
      [Loop Check] Instruction 9170000: EIP=0x0046C677
dbug: Win32Emu.Emulator[0]
      [Loop Check] Instruction 9180000: EIP=0x0046C679
dbug: Win32Emu.Emulator[0]
      [Loop Check] Instruction 9190000: EIP=0x0046C67C
dbug: Win32Emu.Emulator[0]
      [Loop Check] Instruction 9200000: EIP=0x0046C664
warn: Win32Emu.Emulator[0]
      [Loop Detection] Emulator has executed 9200000 instructions and may be stuck in a loop. EIP=0x0046C664
warn: Win32Emu.Emulator[0]
      [Loop Detection] If the program is not responding, you may need to stop it. Check the documentation for known issues with this executable.
dbug: Win32Emu.Emulator[0]
      [Loop Check] Instruction 9210000: EIP=0x0046C667
dbug: Win32Emu.Emulator[0]
      [Loop Check] Instruction 9220000: EIP=0x0046C669
dbug: Win32Emu.Emulator[0]
      [Loop Check] Instruction 9230000: EIP=0x0046C66A
dbug: Win32Emu.Emulator[0]
      [Loop Check] Instruction 9240000: EIP=0x0046C66C
dbug: Win32Emu.Emulator[0]
      [Loop Check] Instruction 9250000: EIP=0x0046C671
dbug: Win32Emu.Emulator[0]
      [Loop Check] Instruction 9260000: EIP=0x0046C673
dbug: Win32Emu.Emulator[0]
      [Loop Check] Instruction 9270000: EIP=0x0046C675
dbug: Win32Emu.Emulator[0]
      [Loop Check] Instruction 9280000: EIP=0x0046C677
dbug: Win32Emu.Emulator[0]
      [Loop Check] Instruction 9290000: EIP=0x0046C679
dbug: Win32Emu.Emulator[0]
      [Loop Check] Instruction 9300000: EIP=0x0046C67C
warn: Win32Emu.Emulator[0]
      [Loop Detection] Emulator has executed 9300000 instructions and may be stuck in a loop. EIP=0x0046C67C
warn: Win32Emu.Emulator[0]
      [Loop Detection] If the program is not responding, you may need to stop it. Check the documentation for known issues with this executable.
dbug: Win32Emu.Emulator[0]
      [Loop Check] Instruction 9310000: EIP=0x0046C664
dbug: Win32Emu.Emulator[0]
      [Loop Check] Instruction 9320000: EIP=0x0046C667
dbug: Win32Emu.Emulator[0]
      [Loop Check] Instruction 9330000: EIP=0x0046C669
dbug: Win32Emu.Emulator[0]
      [Loop Check] Instruction 9340000: EIP=0x0046C66A
dbug: Win32Emu.Emulator[0]
      [Loop Check] Instruction 9350000: EIP=0x0046C66C
dbug: Win32Emu.Emulator[0]
      [Loop Check] Instruction 9360000: EIP=0x0046C671
dbug: Win32Emu.Emulator[0]
      [Loop Check] Instruction 9370000: EIP=0x0046C673
dbug: Win32Emu.Emulator[0]
      [Loop Check] Instruction 9380000: EIP=0x0046C675
dbug: Win32Emu.Emulator[0]
      [Loop Check] Instruction 9390000: EIP=0x0046C677
dbug: Win32Emu.Emulator[0]
      [Loop Check] Instruction 9400000: EIP=0x0046C679
warn: Win32Emu.Emulator[0]
      [Loop Detection] Emulator has executed 9400000 instructions and may be stuck in a loop. EIP=0x0046C679
warn: Win32Emu.Emulator[0]
      [Loop Detection] If the program is not responding, you may need to stop it. Check the documentation for known issues with this executable.
dbug: Win32Emu.Emulator[0]
      [Loop Check] Instruction 9410000: EIP=0x0046C67C
dbug: Win32Emu.Emulator[0]
      [Loop Check] Instruction 9420000: EIP=0x0046C664
dbug: Win32Emu.Emulator[0]
      [Loop Check] Instruction 9430000: EIP=0x0046C667
dbug: Win32Emu.Emulator[0]
      [Loop Check] Instruction 9440000: EIP=0x0046C669
dbug: Win32Emu.Emulator[0]
      [Loop Check] Instruction 9450000: EIP=0x0046C66A
dbug: Win32Emu.Emulator[0]
      [Loop Check] Instruction 9460000: EIP=0x0046C66C
dbug: Win32Emu.Emulator[0]
      [Loop Check] Instruction 9470000: EIP=0x0046C671
dbug: Win32Emu.Emulator[0]
      [Loop Check] Instruction 9480000: EIP=0x0046C673
dbug: Win32Emu.Emulator[0]
      [Loop Check] Instruction 9490000: EIP=0x0046C675
dbug: Win32Emu.Emulator[0]
      [Loop Check] Instruction 9500000: EIP=0x0046C677
warn: Win32Emu.Emulator[0]
      [Loop Detection] Emulator has executed 9500000 instructions and may be stuck in a loop. EIP=0x0046C677
warn: Win32Emu.Emulator[0]
      [Loop Detection] If the program is not responding, you may need to stop it. Check the documentation for known issues with this executable.
dbug: Win32Emu.Emulator[0]
      [Loop Check] Instruction 9510000: EIP=0x0046C679
dbug: Win32Emu.Emulator[0]
      [Loop Check] Instruction 9520000: EIP=0x0046C67C
dbug: Win32Emu.Emulator[0]
      [Loop Check] Instruction 9530000: EIP=0x0046C664
dbug: Win32Emu.Emulator[0]
      [Loop Check] Instruction 9540000: EIP=0x0046C667
dbug: Win32Emu.Emulator[0]
      [Loop Check] Instruction 9550000: EIP=0x0046C669
dbug: Win32Emu.Emulator[0]
      [Loop Check] Instruction 9560000: EIP=0x0046C66A
dbug: Win32Emu.Emulator[0]
      [Loop Check] Instruction 9570000: EIP=0x0046C66C
dbug: Win32Emu.Emulator[0]
      [Loop Check] Instruction 9580000: EIP=0x0046C671
dbug: Win32Emu.Emulator[0]
      [Loop Check] Instruction 9590000: EIP=0x0046C673
dbug: Win32Emu.Emulator[0]
      [Loop Check] Instruction 9600000: EIP=0x0046C675
warn: Win32Emu.Emulator[0]
      [Loop Detection] Emulator has executed 9600000 instructions and may be stuck in a loop. EIP=0x0046C675
warn: Win32Emu.Emulator[0]
      [Loop Detection] If the program is not responding, you may need to stop it. Check the documentation for known issues with this executable.
dbug: Win32Emu.Emulator[0]
      [Loop Check] Instruction 9610000: EIP=0x0046C677
dbug: Win32Emu.Emulator[0]
      [Loop Check] Instruction 9620000: EIP=0x0046C679
dbug: Win32Emu.Emulator[0]
      [Loop Check] Instruction 9630000: EIP=0x0046C67C
dbug: Win32Emu.Emulator[0]
      [Loop Check] Instruction 9640000: EIP=0x0046C664
dbug: Win32Emu.Emulator[0]
      [Loop Check] Instruction 9650000: EIP=0x0046C667
dbug: Win32Emu.Emulator[0]
      [Loop Check] Instruction 9660000: EIP=0x0046C669
dbug: Win32Emu.Emulator[0]
      [Loop Check] Instruction 9670000: EIP=0x0046C66A
dbug: Win32Emu.Emulator[0]
      [Loop Check] Instruction 9680000: EIP=0x0046C66C
dbug: Win32Emu.Emulator[0]
      [Loop Check] Instruction 9690000: EIP=0x0046C671
dbug: Win32Emu.Emulator[0]
      [Loop Check] Instruction 9700000: EIP=0x0046C673
warn: Win32Emu.Emulator[0]
      [Loop Detection] Emulator has executed 9700000 instructions and may be stuck in a loop. EIP=0x0046C673
warn: Win32Emu.Emulator[0]
      [Loop Detection] If the program is not responding, you may need to stop it. Check the documentation for known issues with this executable.
dbug: Win32Emu.Emulator[0]
      [Loop Check] Instruction 9710000: EIP=0x0046C675
dbug: Win32Emu.Emulator[0]
      [Loop Check] Instruction 9720000: EIP=0x0046C677
dbug: Win32Emu.Emulator[0]
      [Loop Check] Instruction 9730000: EIP=0x0046C679
dbug: Win32Emu.Emulator[0]
      [Loop Check] Instruction 9740000: EIP=0x0046C67C
dbug: Win32Emu.Emulator[0]
      [Loop Check] Instruction 9750000: EIP=0x0046C664
dbug: Win32Emu.Emulator[0]
      [Loop Check] Instruction 9760000: EIP=0x0046C667
dbug: Win32Emu.Emulator[0]
      [Loop Check] Instruction 9770000: EIP=0x0046C669
dbug: Win32Emu.Emulator[0]
      [Loop Check] Instruction 9780000: EIP=0x0046C66A
dbug: Win32Emu.Emulator[0]
      [Loop Check] Instruction 9790000: EIP=0x0046C66C
dbug: Win32Emu.Emulator[0]
      [Loop Check] Instruction 9800000: EIP=0x0046C671
warn: Win32Emu.Emulator[0]
      [Loop Detection] Emulator has executed 9800000 instructions and may be stuck in a loop. EIP=0x0046C671
warn: Win32Emu.Emulator[0]
      [Loop Detection] If the program is not responding, you may need to stop it. Check the documentation for known issues with this executable.
dbug: Win32Emu.Emulator[0]
      [Loop Check] Instruction 9810000: EIP=0x0046C673
dbug: Win32Emu.Emulator[0]
      [Loop Check] Instruction 9820000: EIP=0x0046C675
dbug: Win32Emu.Emulator[0]
      [Loop Check] Instruction 9830000: EIP=0x0046C677
dbug: Win32Emu.Emulator[0]
      [Loop Check] Instruction 9840000: EIP=0x0046C679
dbug: Win32Emu.Emulator[0]
      [Loop Check] Instruction 9850000: EIP=0x0046C67C
dbug: Win32Emu.Emulator[0]
      [Loop Check] Instruction 9860000: EIP=0x0046C664
dbug: Win32Emu.Emulator[0]
      [Loop Check] Instruction 9870000: EIP=0x0046C667
dbug: Win32Emu.Emulator[0]
      [Loop Check] Instruction 9880000: EIP=0x0046C669
dbug: Win32Emu.Emulator[0]
      [Loop Check] Instruction 9890000: EIP=0x0046C66A
dbug: Win32Emu.Emulator[0]
      [Loop Check] Instruction 9900000: EIP=0x0046C66C
warn: Win32Emu.Emulator[0]
      [Loop Detection] Emulator has executed 9900000 instructions and may be stuck in a loop. EIP=0x0046C66C
warn: Win32Emu.Emulator[0]
      [Loop Detection] If the program is not responding, you may need to stop it. Check the documentation for known issues with this executable.
dbug: Win32Emu.Emulator[0]
      [Loop Check] Instruction 9910000: EIP=0x0046C671
dbug: Win32Emu.Emulator[0]
      [Loop Check] Instruction 9920000: EIP=0x0046C673
dbug: Win32Emu.Emulator[0]
      [Loop Check] Instruction 9930000: EIP=0x0046C675
dbug: Win32Emu.Emulator[0]
      [Loop Check] Instruction 9940000: EIP=0x0046C677
dbug: Win32Emu.Emulator[0]
      [Loop Check] Instruction 9950000: EIP=0x0046C679
dbug: Win32Emu.Emulator[0]
      [Loop Check] Instruction 9960000: EIP=0x0046C67C
dbug: Win32Emu.Emulator[0]
      [Loop Check] Instruction 9970000: EIP=0x0046C664
dbug: Win32Emu.Emulator[0]
      [Loop Check] Instruction 9980000: EIP=0x0046C667
dbug: Win32Emu.Emulator[0]
      [Loop Check] Instruction 9990000: EIP=0x0046C669
dbug: Win32Emu.Emulator[0]
      [Loop Check] Instruction 10000000: EIP=0x0046C66A
warn: Win32Emu.Emulator[0]
      [Loop Detection] Emulator has executed 10000000 instructions and may be stuck in a loop. EIP=0x0046C66A
warn: Win32Emu.Emulator[0]
      [Loop Detection] If the program is not responding, you may need to stop it. Check the documentation for known issues with this executable.
dbug: Win32Emu.Emulator[0]
      [Loop Check] Instruction 10010000: EIP=0x0046C66C
dbug: Win32Emu.Emulator[0]
      [Loop Check] Instruction 10020000: EIP=0x0046C671
dbug: Win32Emu.Emulator[0]
      [Loop Check] Instruction 10030000: EIP=0x0046C673
dbug: Win32Emu.Emulator[0]
      [Loop Check] Instruction 10040000: EIP=0x0046C675
dbug: Win32Emu.Emulator[0]
      [Loop Check] Instruction 10050000: EIP=0x0046C677
dbug: Win32Emu.Emulator[0]
      [Loop Check] Instruction 10060000: EIP=0x0046C679
dbug: Win32Emu.Emulator[0]
      [Loop Check] Instruction 10070000: EIP=0x0046C67C
dbug: Win32Emu.Emulator[0]
      [Loop Check] Instruction 10080000: EIP=0x0046C664
dbug: Win32Emu.Emulator[0]
      [Loop Check] Instruction 10090000: EIP=0x0046C667
dbug: Win32Emu.Emulator[0]
      [Loop Check] Instruction 10100000: EIP=0x0046C669
warn: Win32Emu.Emulator[0]
      [Loop Detection] Emulator has executed 10100000 instructions and may be stuck in a loop. EIP=0x0046C669
warn: Win32Emu.Emulator[0]
      [Loop Detection] If the program is not responding, you may need to stop it. Check the documentation for known issues with this executable.
dbug: Win32Emu.Emulator[0]
      [Loop Check] Instruction 10110000: EIP=0x0046C66A
dbug: Win32Emu.Emulator[0]
      [Loop Check] Instruction 10120000: EIP=0x0046C66C
dbug: Win32Emu.Emulator[0]
      [Loop Check] Instruction 10130000: EIP=0x0046C671
dbug: Win32Emu.Emulator[0]
      [Loop Check] Instruction 10140000: EIP=0x0046C673
dbug: Win32Emu.Emulator[0]
      [Loop Check] Instruction 10150000: EIP=0x0046C675
dbug: Win32Emu.Emulator[0]
      [Loop Check] Instruction 10160000: EIP=0x0046C677
dbug: Win32Emu.Emulator[0]
      [Loop Check] Instruction 10170000: EIP=0x0046C679
dbug: Win32Emu.Emulator[0]
      [Loop Check] Instruction 10180000: EIP=0x0046C67C
dbug: Win32Emu.Emulator[0]
      [Loop Check] Instruction 10190000: EIP=0x0046C664
dbug: Win32Emu.Emulator[0]
      [Loop Check] Instruction 10200000: EIP=0x0046C667
warn: Win32Emu.Emulator[0]
      [Loop Detection] Emulator has executed 10200000 instructions and may be stuck in a loop. EIP=0x0046C667
warn: Win32Emu.Emulator[0]
      [Loop Detection] If the program is not responding, you may need to stop it. Check the documentation for known issues with this executable.
dbug: Win32Emu.Emulator[0]
      [Loop Check] Instruction 10210000: EIP=0x0046C669
dbug: Win32Emu.Emulator[0]
      [Loop Check] Instruction 10220000: EIP=0x0046C66A
dbug: Win32Emu.Emulator[0]
      [Loop Check] Instruction 10230000: EIP=0x0046C66C
dbug: Win32Emu.Emulator[0]
      [Loop Check] Instruction 10240000: EIP=0x0046C671
dbug: Win32Emu.Emulator[0]
      [Loop Check] Instruction 10250000: EIP=0x0046C673
dbug: Win32Emu.Emulator[0]
      [Loop Check] Instruction 10260000: EIP=0x0046C675
dbug: Win32Emu.Emulator[0]
      [Loop Check] Instruction 10270000: EIP=0x0046C677
dbug: Win32Emu.Emulator[0]
      [Loop Check] Instruction 10280000: EIP=0x0046C679
dbug: Win32Emu.Emulator[0]
      [Loop Check] Instruction 10290000: EIP=0x0046C67C
dbug: Win32Emu.Emulator[0]
      [Loop Check] Instruction 10300000: EIP=0x0046C664
warn: Win32Emu.Emulator[0]
      [Loop Detection] Emulator has executed 10300000 instructions and may be stuck in a loop. EIP=0x0046C664
warn: Win32Emu.Emulator[0]
      [Loop Detection] If the program is not responding, you may need to stop it. Check the documentation for known issues with this executable.
dbug: Win32Emu.Emulator[0]
      [Loop Check] Instruction 10310000: EIP=0x0046C667
dbug: Win32Emu.Emulator[0]
      [Loop Check] Instruction 10320000: EIP=0x0046C669
dbug: Win32Emu.Emulator[0]
      [Loop Check] Instruction 10330000: EIP=0x0046C66A
dbug: Win32Emu.Emulator[0]
      [Loop Check] Instruction 10340000: EIP=0x0046C66C
dbug: Win32Emu.Emulator[0]
      [Loop Check] Instruction 10350000: EIP=0x0046C671
dbug: Win32Emu.Emulator[0]
      [Loop Check] Instruction 10360000: EIP=0x0046C673
dbug: Win32Emu.Emulator[0]
      [Loop Check] Instruction 10370000: EIP=0x0046C675
dbug: Win32Emu.Emulator[0]
      [Loop Check] Instruction 10380000: EIP=0x0046C677
dbug: Win32Emu.Emulator[0]
      [Loop Check] Instruction 10390000: EIP=0x0046C679
dbug: Win32Emu.Emulator[0]
      [Loop Check] Instruction 10400000: EIP=0x0046C67C
warn: Win32Emu.Emulator[0]
      [Loop Detection] Emulator has executed 10400000 instructions and may be stuck in a loop. EIP=0x0046C67C
warn: Win32Emu.Emulator[0]
      [Loop Detection] If the program is not responding, you may need to stop it. Check the documentation for known issues with this executable.
dbug: Win32Emu.Emulator[0]
      [Loop Check] Instruction 10410000: EIP=0x0046C664
dbug: Win32Emu.Emulator[0]
      [Loop Check] Instruction 10420000: EIP=0x0046C667
dbug: Win32Emu.Emulator[0]
      [Loop Check] Instruction 10430000: EIP=0x0046C669
dbug: Win32Emu.Emulator[0]
      [Loop Check] Instruction 10440000: EIP=0x0046C66A
dbug: Win32Emu.Emulator[0]
      [Loop Check] Instruction 10450000: EIP=0x0046C66C
dbug: Win32Emu.Emulator[0]
      [Loop Check] Instruction 10460000: EIP=0x0046C671
dbug: Win32Emu.Emulator[0]
      [Loop Check] Instruction 10470000: EIP=0x0046C673
dbug: Win32Emu.Emulator[0]
      [Loop Check] Instruction 10480000: EIP=0x0046C675
dbug: Win32Emu.Emulator[0]
      [Loop Check] Instruction 10490000: EIP=0x0046C677
dbug: Win32Emu.Emulator[0]
      [Loop Check] Instruction 10500000: EIP=0x0046C679
warn: Win32Emu.Emulator[0]
      [Loop Detection] Emulator has executed 10500000 instructions and may be stuck in a loop. EIP=0x0046C679
warn: Win32Emu.Emulator[0]
      [Loop Detection] If the program is not responding, you may need to stop it. Check the documentation for known issues with this executable.
dbug: Win32Emu.Emulator[0]
      [Loop Check] Instruction 10510000: EIP=0x0046C67C
dbug: Win32Emu.Emulator[0]
      [Loop Check] Instruction 10520000: EIP=0x0046C664
dbug: Win32Emu.Emulator[0]
      [Loop Check] Instruction 10530000: EIP=0x0046C667
dbug: Win32Emu.Emulator[0]
      [Loop Check] Instruction 10540000: EIP=0x0046C669
dbug: Win32Emu.Emulator[0]
      [Loop Check] Instruction 10550000: EIP=0x0046C66A
dbug: Win32Emu.Emulator[0]
      [Loop Check] Instruction 10560000: EIP=0x0046C66C
dbug: Win32Emu.Emulator[0]
      [Loop Check] Instruction 10570000: EIP=0x0046C671
dbug: Win32Emu.Emulator[0]
      [Loop Check] Instruction 10580000: EIP=0x0046C673
dbug: Win32Emu.Emulator[0]
      [Loop Check] Instruction 10590000: EIP=0x0046C675
dbug: Win32Emu.Emulator[0]
      [Loop Check] Instruction 10600000: EIP=0x0046C677
warn: Win32Emu.Emulator[0]
      [Loop Detection] Emulator has executed 10600000 instructions and may be stuck in a loop. EIP=0x0046C677
warn: Win32Emu.Emulator[0]
      [Loop Detection] If the program is not responding, you may need to stop it. Check the documentation for known issues with this executable.
dbug: Win32Emu.Emulator[0]
      [Loop Check] Instruction 10610000: EIP=0x0046C679
dbug: Win32Emu.Emulator[0]
      [Loop Check] Instruction 10620000: EIP=0x0046C67C
dbug: Win32Emu.Emulator[0]
      [Loop Check] Instruction 10630000: EIP=0x0046C664
dbug: Win32Emu.Emulator[0]
      [Loop Check] Instruction 10640000: EIP=0x0046C667
dbug: Win32Emu.Emulator[0]
      [Loop Check] Instruction 10650000: EIP=0x0046C669
dbug: Win32Emu.Emulator[0]
      [Loop Check] Instruction 10660000: EIP=0x0046C66A
dbug: Win32Emu.Emulator[0]
      [Loop Check] Instruction 10670000: EIP=0x0046C66C
dbug: Win32Emu.Emulator[0]
      [Loop Check] Instruction 10680000: EIP=0x0046C671
dbug: Win32Emu.Emulator[0]
      [Loop Check] Instruction 10690000: EIP=0x0046C673
dbug: Win32Emu.Emulator[0]
      [Loop Check] Instruction 10700000: EIP=0x0046C675
warn: Win32Emu.Emulator[0]
      [Loop Detection] Emulator has executed 10700000 instructions and may be stuck in a loop. EIP=0x0046C675
warn: Win32Emu.Emulator[0]
      [Loop Detection] If the program is not responding, you may need to stop it. Check the documentation for known issues with this executable.
dbug: Win32Emu.Emulator[0]
      [Loop Check] Instruction 10710000: EIP=0x0046C677
dbug: Win32Emu.Emulator[0]
      [Loop Check] Instruction 10720000: EIP=0x0046C679
dbug: Win32Emu.Emulator[0]
      [Loop Check] Instruction 10730000: EIP=0x0046C67C
dbug: Win32Emu.Emulator[0]
      [Loop Check] Instruction 10740000: EIP=0x0046C664
dbug: Win32Emu.Emulator[0]
      [Loop Check] Instruction 10750000: EIP=0x0046C667
dbug: Win32Emu.Emulator[0]
      [Loop Check] Instruction 10760000: EIP=0x0046C669
dbug: Win32Emu.Emulator[0]
      [Loop Check] Instruction 10770000: EIP=0x0046C66A
dbug: Win32Emu.Emulator[0]
      [Loop Check] Instruction 10780000: EIP=0x0046C66C
dbug: Win32Emu.Emulator[0]
      [Loop Check] Instruction 10790000: EIP=0x0046C671
dbug: Win32Emu.Emulator[0]
      [Loop Check] Instruction 10800000: EIP=0x0046C673
warn: Win32Emu.Emulator[0]
      [Loop Detection] Emulator has executed 10800000 instructions and may be stuck in a loop. EIP=0x0046C673
warn: Win32Emu.Emulator[0]
      [Loop Detection] If the program is not responding, you may need to stop it. Check the documentation for known issues with this executable.
dbug: Win32Emu.Emulator[0]
      [Loop Check] Instruction 10810000: EIP=0x0046C675
dbug: Win32Emu.Emulator[0]
      [Loop Check] Instruction 10820000: EIP=0x0046C677
dbug: Win32Emu.Emulator[0]
      [Loop Check] Instruction 10830000: EIP=0x0046C679
dbug: Win32Emu.Emulator[0]
      [Loop Check] Instruction 10840000: EIP=0x0046C67C
dbug: Win32Emu.Emulator[0]
      [Loop Check] Instruction 10850000: EIP=0x0046C664
dbug: Win32Emu.Emulator[0]
      [Loop Check] Instruction 10860000: EIP=0x0046C667
dbug: Win32Emu.Emulator[0]
      [Loop Check] Instruction 10870000: EIP=0x0046C669
dbug: Win32Emu.Emulator[0]
      [Loop Check] Instruction 10880000: EIP=0x0046C66A
dbug: Win32Emu.Emulator[0]
      [Loop Check] Instruction 10890000: EIP=0x0046C66C
dbug: Win32Emu.Emulator[0]
      [Loop Check] Instruction 10900000: EIP=0x0046C671
warn: Win32Emu.Emulator[0]
      [Loop Detection] Emulator has executed 10900000 instructions and may be stuck in a loop. EIP=0x0046C671
warn: Win32Emu.Emulator[0]
      [Loop Detection] If the program is not responding, you may need to stop it. Check the documentation for known issues with this executable.
dbug: Win32Emu.Emulator[0]
      [Loop Check] Instruction 10910000: EIP=0x0046C673
dbug: Win32Emu.Emulator[0]
      [Loop Check] Instruction 10920000: EIP=0x0046C675
dbug: Win32Emu.Emulator[0]
      [Loop Check] Instruction 10930000: EIP=0x0046C677
dbug: Win32Emu.Emulator[0]
      [Loop Check] Instruction 10940000: EIP=0x0046C679
dbug: Win32Emu.Emulator[0]
      [Loop Check] Instruction 10950000: EIP=0x0046C67C
dbug: Win32Emu.Emulator[0]
      [Loop Check] Instruction 10960000: EIP=0x0046C664
dbug: Win32Emu.Emulator[0]
      [Loop Check] Instruction 10970000: EIP=0x0046C667
dbug: Win32Emu.Emulator[0]
      [Loop Check] Instruction 10980000: EIP=0x0046C669
dbug: Win32Emu.Emulator[0]
      [Loop Check] Instruction 10990000: EIP=0x0046C66A
dbug: Win32Emu.Emulator[0]
      [Loop Check] Instruction 11000000: EIP=0x0046C66C
warn: Win32Emu.Emulator[0]
      [Loop Detection] Emulator has executed 11000000 instructions and may be stuck in a loop. EIP=0x0046C66C
warn: Win32Emu.Emulator[0]
      [Loop Detection] If the program is not responding, you may need to stop it. Check the documentation for known issues with this executable.
dbug: Win32Emu.Emulator[0]
      [Loop Check] Instruction 11010000: EIP=0x0046C671
dbug: Win32Emu.Emulator[0]
      [Loop Check] Instruction 11020000: EIP=0x0046C673
dbug: Win32Emu.Emulator[0]
      [Loop Check] Instruction 11030000: EIP=0x0046C675
dbug: Win32Emu.Emulator[0]
      [Loop Check] Instruction 11040000: EIP=0x0046C677
dbug: Win32Emu.Emulator[0]
      [Loop Check] Instruction 11050000: EIP=0x0046C679
dbug: Win32Emu.Emulator[0]
      [Loop Check] Instruction 11060000: EIP=0x0046C67C
dbug: Win32Emu.Emulator[0]
      [Loop Check] Instruction 11070000: EIP=0x0046C664
dbug: Win32Emu.Emulator[0]
      [Loop Check] Instruction 11080000: EIP=0x0046C667
dbug: Win32Emu.Emulator[0]
      [Loop Check] Instruction 11090000: EIP=0x0046C669
dbug: Win32Emu.Emulator[0]
      [Loop Check] Instruction 11100000: EIP=0x0046C66A
warn: Win32Emu.Emulator[0]
      [Loop Detection] Emulator has executed 11100000 instructions and may be stuck in a loop. EIP=0x0046C66A
warn: Win32Emu.Emulator[0]
      [Loop Detection] If the program is not responding, you may need to stop it. Check the documentation for known issues with this executable.
dbug: Win32Emu.Emulator[0]
      [Loop Check] Instruction 11110000: EIP=0x0046C66C
dbug: Win32Emu.Emulator[0]
      [Loop Check] Instruction 11120000: EIP=0x0046C671
dbug: Win32Emu.Emulator[0]
      [Loop Check] Instruction 11130000: EIP=0x0046C673
dbug: Win32Emu.Emulator[0]
      [Loop Check] Instruction 11140000: EIP=0x0046C675
dbug: Win32Emu.Emulator[0]
      [Loop Check] Instruction 11150000: EIP=0x0046C677
dbug: Win32Emu.Emulator[0]
      [Loop Check] Instruction 11160000: EIP=0x0046C679
dbug: Win32Emu.Emulator[0]
      [Loop Check] Instruction 11170000: EIP=0x0046C67C
dbug: Win32Emu.Emulator[0]
      [Loop Check] Instruction 11180000: EIP=0x0046C664
dbug: Win32Emu.Emulator[0]
      [Loop Check] Instruction 11190000: EIP=0x0046C667
dbug: Win32Emu.Emulator[0]
      [Loop Check] Instruction 11200000: EIP=0x0046C669
warn: Win32Emu.Emulator[0]
      [Loop Detection] Emulator has executed 11200000 instructions and may be stuck in a loop. EIP=0x0046C669
warn: Win32Emu.Emulator[0]
      [Loop Detection] If the program is not responding, you may need to stop it. Check the documentation for known issues with this executable.
dbug: Win32Emu.Emulator[0]
      [Loop Check] Instruction 11210000: EIP=0x0046C66A
dbug: Win32Emu.Emulator[0]
      [Loop Check] Instruction 11220000: EIP=0x0046C66C
dbug: Win32Emu.Emulator[0]
      [Loop Check] Instruction 11230000: EIP=0x0046C671
dbug: Win32Emu.Emulator[0]
      [Loop Check] Instruction 11240000: EIP=0x0046C673
dbug: Win32Emu.Emulator[0]
      [Loop Check] Instruction 11250000: EIP=0x0046C675
dbug: Win32Emu.Emulator[0]
      [Loop Check] Instruction 11260000: EIP=0x0046C677
dbug: Win32Emu.Emulator[0]
      [Loop Check] Instruction 11270000: EIP=0x0046C679
dbug: Win32Emu.Emulator[0]
      [Loop Check] Instruction 11280000: EIP=0x0046C67C
dbug: Win32Emu.Emulator[0]
      [Loop Check] Instruction 11290000: EIP=0x0046C664
dbug: Win32Emu.Emulator[0]
      [Loop Check] Instruction 11300000: EIP=0x0046C667
warn: Win32Emu.Emulator[0]
      [Loop Detection] Emulator has executed 11300000 instructions and may be stuck in a loop. EIP=0x0046C667
warn: Win32Emu.Emulator[0]
      [Loop Detection] If the program is not responding, you may need to stop it. Check the documentation for known issues with this executable.
dbug: Win32Emu.Emulator[0]
      [Loop Check] Instruction 11310000: EIP=0x0046C669
dbug: Win32Emu.Emulator[0]
      [Loop Check] Instruction 11320000: EIP=0x0046C66A
dbug: Win32Emu.Emulator[0]
      [Loop Check] Instruction 11330000: EIP=0x0046C66C
dbug: Win32Emu.Emulator[0]
      [Loop Check] Instruction 11340000: EIP=0x0046C671
dbug: Win32Emu.Emulator[0]
      [Loop Check] Instruction 11350000: EIP=0x0046C673
dbug: Win32Emu.Emulator[0]
      [Loop Check] Instruction 11360000: EIP=0x0046C675
dbug: Win32Emu.Emulator[0]
      [Loop Check] Instruction 11370000: EIP=0x0046C677
dbug: Win32Emu.Emulator[0]
      [Loop Check] Instruction 11380000: EIP=0x0046C679
dbug: Win32Emu.Emulator[0]
      [Loop Check] Instruction 11390000: EIP=0x0046C67C
dbug: Win32Emu.Emulator[0]
      [Loop Check] Instruction 11400000: EIP=0x0046C664
warn: Win32Emu.Emulator[0]
      [Loop Detection] Emulator has executed 11400000 instructions and may be stuck in a loop. EIP=0x0046C664
warn: Win32Emu.Emulator[0]
      [Loop Detection] If the program is not responding, you may need to stop it. Check the documentation for known issues with this executable.
dbug: Win32Emu.Emulator[0]
      [Loop Check] Instruction 11410000: EIP=0x0046C667
dbug: Win32Emu.Emulator[0]
      [Loop Check] Instruction 11420000: EIP=0x0046C669
dbug: Win32Emu.Emulator[0]
      [Loop Check] Instruction 11430000: EIP=0x0046C66A
dbug: Win32Emu.Emulator[0]
      [Loop Check] Instruction 11440000: EIP=0x0046C66C
dbug: Win32Emu.Emulator[0]
      [Loop Check] Instruction 11450000: EIP=0x0046C671
dbug: Win32Emu.Emulator[0]
      [Loop Check] Instruction 11460000: EIP=0x0046C673
dbug: Win32Emu.Emulator[0]
      [Loop Check] Instruction 11470000: EIP=0x0046C675
dbug: Win32Emu.Emulator[0]
      [Loop Check] Instruction 11480000: EIP=0x0046C677
dbug: Win32Emu.Emulator[0]
      [Loop Check] Instruction 11490000: EIP=0x0046C679
dbug: Win32Emu.Emulator[0]
      [Loop Check] Instruction 11500000: EIP=0x0046C67C
warn: Win32Emu.Emulator[0]
      [Loop Detection] Emulator has executed 11500000 instructions and may be stuck in a loop. EIP=0x0046C67C
warn: Win32Emu.Emulator[0]
      [Loop Detection] If the program is not responding, you may need to stop it. Check the documentation for known issues with this executable.
dbug: Win32Emu.Emulator[0]
      [Loop Check] Instruction 11510000: EIP=0x0046C664
dbug: Win32Emu.Emulator[0]
      [Loop Check] Instruction 11520000: EIP=0x0046C667
dbug: Win32Emu.Emulator[0]
      [Loop Check] Instruction 11530000: EIP=0x0046C669
dbug: Win32Emu.Emulator[0]
      [Loop Check] Instruction 11540000: EIP=0x0046C66A
dbug: Win32Emu.Emulator[0]
      [Loop Check] Instruction 11550000: EIP=0x0046C66C
dbug: Win32Emu.Emulator[0]
      [Loop Check] Instruction 11560000: EIP=0x0046C671
dbug: Win32Emu.Emulator[0]
      [Loop Check] Instruction 11570000: EIP=0x0046C673
dbug: Win32Emu.Emulator[0]
      [Loop Check] Instruction 11580000: EIP=0x0046C675
dbug: Win32Emu.Emulator[0]
      [Loop Check] Instruction 11590000: EIP=0x0046C677
dbug: Win32Emu.Emulator[0]
      [Loop Check] Instruction 11600000: EIP=0x0046C679
warn: Win32Emu.Emulator[0]
      [Loop Detection] Emulator has executed 11600000 instructions and may be stuck in a loop. EIP=0x0046C679
warn: Win32Emu.Emulator[0]
      [Loop Detection] If the program is not responding, you may need to stop it. Check the documentation for known issues with this executable.
dbug: Win32Emu.Emulator[0]
      [Loop Check] Instruction 11610000: EIP=0x0046C67C
dbug: Win32Emu.Emulator[0]
      [Loop Check] Instruction 11620000: EIP=0x0046C664
dbug: Win32Emu.Emulator[0]
      [Loop Check] Instruction 11630000: EIP=0x0046C667
dbug: Win32Emu.Emulator[0]
      [Loop Check] Instruction 11640000: EIP=0x0046C669
dbug: Win32Emu.Emulator[0]
      [Loop Check] Instruction 11650000: EIP=0x0046C66A
dbug: Win32Emu.Emulator[0]
      [Loop Check] Instruction 11660000: EIP=0x0046C66C
dbug: Win32Emu.Emulator[0]
      [Loop Check] Instruction 11670000: EIP=0x0046C671
dbug: Win32Emu.Emulator[0]
      [Loop Check] Instruction 11680000: EIP=0x0046C673
dbug: Win32Emu.Emulator[0]
      [Loop Check] Instruction 11690000: EIP=0x0046C675
dbug: Win32Emu.Emulator[0]
      [Loop Check] Instruction 11700000: EIP=0x0046C677
warn: Win32Emu.Emulator[0]
      [Loop Detection] Emulator has executed 11700000 instructions and may be stuck in a loop. EIP=0x0046C677
warn: Win32Emu.Emulator[0]
      [Loop Detection] If the program is not responding, you may need to stop it. Check the documentation for known issues with this executable.
dbug: Win32Emu.Emulator[0]
      [Loop Check] Instruction 11710000: EIP=0x0046C679
dbug: Win32Emu.Emulator[0]
      [Loop Check] Instruction 11720000: EIP=0x0046C67C
dbug: Win32Emu.Emulator[0]
      [Loop Check] Instruction 11730000: EIP=0x0046C664
dbug: Win32Emu.Emulator[0]
      [Loop Check] Instruction 11740000: EIP=0x0046C667
dbug: Win32Emu.Emulator[0]
      [Loop Check] Instruction 11750000: EIP=0x0046C669
dbug: Win32Emu.Emulator[0]
      [Loop Check] Instruction 11760000: EIP=0x0046C66A
dbug: Win32Emu.Emulator[0]
      [Loop Check] Instruction 11770000: EIP=0x0046C66C
dbug: Win32Emu.Emulator[0]
      [Loop Check] Instruction 11780000: EIP=0x0046C671
dbug: Win32Emu.Emulator[0]
      [Loop Check] Instruction 11790000: EIP=0x0046C673
dbug: Win32Emu.Emulator[0]
      [Loop Check] Instruction 11800000: EIP=0x0046C675
warn: Win32Emu.Emulator[0]
      [Loop Detection] Emulator has executed 11800000 instructions and may be stuck in a loop. EIP=0x0046C675
warn: Win32Emu.Emulator[0]
      [Loop Detection] If the program is not responding, you may need to stop it. Check the documentation for known issues with this executable.
dbug: Win32Emu.Emulator[0]
      [Loop Check] Instruction 11810000: EIP=0x0046C677
dbug: Win32Emu.Emulator[0]
      [Loop Check] Instruction 11820000: EIP=0x0046C679
dbug: Win32Emu.Emulator[0]
      [Loop Check] Instruction 11830000: EIP=0x0046C67C
dbug: Win32Emu.Emulator[0]
      [Loop Check] Instruction 11840000: EIP=0x0046C664
dbug: Win32Emu.Emulator[0]
      [Loop Check] Instruction 11850000: EIP=0x0046C667
dbug: Win32Emu.Emulator[0]
      [Loop Check] Instruction 11860000: EIP=0x0046C669
dbug: Win32Emu.Emulator[0]
      [Loop Check] Instruction 11870000: EIP=0x0046C66A
dbug: Win32Emu.Emulator[0]
      [Loop Check] Instruction 11880000: EIP=0x0046C66C
dbug: Win32Emu.Emulator[0]
      [Loop Check] Instruction 11890000: EIP=0x0046C671
dbug: Win32Emu.Emulator[0]
      [Loop Check] Instruction 11900000: EIP=0x0046C673
warn: Win32Emu.Emulator[0]
      [Loop Detection] Emulator has executed 11900000 instructions and may be stuck in a loop. EIP=0x0046C673
warn: Win32Emu.Emulator[0]
      [Loop Detection] If the program is not responding, you may need to stop it. Check the documentation for known issues with this executable.
dbug: Win32Emu.Emulator[0]
      [Loop Check] Instruction 11910000: EIP=0x0046C675
dbug: Win32Emu.Emulator[0]
      [Loop Check] Instruction 11920000: EIP=0x0046C677
dbug: Win32Emu.Emulator[0]
      [Loop Check] Instruction 11930000: EIP=0x0046C679
dbug: Win32Emu.Emulator[0]
      [Loop Check] Instruction 11940000: EIP=0x0046C67C
dbug: Win32Emu.Emulator[0]
      [Loop Check] Instruction 11950000: EIP=0x0046C664
dbug: Win32Emu.Emulator[0]
      [Loop Check] Instruction 11960000: EIP=0x0046C667
dbug: Win32Emu.Emulator[0]
      [Loop Check] Instruction 11970000: EIP=0x0046C669
dbug: Win32Emu.Emulator[0]
      [Loop Check] Instruction 11980000: EIP=0x0046C66A
dbug: Win32Emu.Emulator[0]
      [Loop Check] Instruction 11990000: EIP=0x0046C66C
dbug: Win32Emu.Emulator[0]
      [Loop Check] Instruction 12000000: EIP=0x0046C671
warn: Win32Emu.Emulator[0]
      [Loop Detection] Emulator has executed 12000000 instructions and may be stuck in a loop. EIP=0x0046C671
warn: Win32Emu.Emulator[0]
      [Loop Detection] If the program is not responding, you may need to stop it. Check the documentation for known issues with this executable.
dbug: Win32Emu.Emulator[0]
      [Loop Check] Instruction 12010000: EIP=0x0046C673
dbug: Win32Emu.Emulator[0]
      [Loop Check] Instruction 12020000: EIP=0x0046C675
dbug: Win32Emu.Emulator[0]
      [Loop Check] Instruction 12030000: EIP=0x0046C677
dbug: Win32Emu.Emulator[0]
      [Loop Check] Instruction 12040000: EIP=0x0046C679
dbug: Win32Emu.Emulator[0]
      [Loop Check] Instruction 12050000: EIP=0x0046C67C
dbug: Win32Emu.Emulator[0]
      [Loop Check] Instruction 12060000: EIP=0x0046C664
dbug: Win32Emu.Emulator[0]
      [Loop Check] Instruction 12070000: EIP=0x0046C667
dbug: Win32Emu.Emulator[0]
      [Loop Check] Instruction 12080000: EIP=0x0046C669
dbug: Win32Emu.Emulator[0]
      [Loop Check] Instruction 12090000: EIP=0x0046C66A
dbug: Win32Emu.Emulator[0]
      [Loop Check] Instruction 12100000: EIP=0x0046C66C
warn: Win32Emu.Emulator[0]
      [Loop Detection] Emulator has executed 12100000 instructions and may be stuck in a loop. EIP=0x0046C66C
warn: Win32Emu.Emulator[0]
      [Loop Detection] If the program is not responding, you may need to stop it. Check the documentation for known issues with this executable.
dbug: Win32Emu.Emulator[0]
      [Loop Check] Instruction 12110000: EIP=0x0046C671
dbug: Win32Emu.Emulator[0]
      [Loop Check] Instruction 12120000: EIP=0x0046C673
dbug: Win32Emu.Emulator[0]
      [Loop Check] Instruction 12130000: EIP=0x0046C675
dbug: Win32Emu.Emulator[0]
      [Loop Check] Instruction 12140000: EIP=0x0046C677
dbug: Win32Emu.Emulator[0]
      [Loop Check] Instruction 12150000: EIP=0x0046C679
dbug: Win32Emu.Emulator[0]
      [Loop Check] Instruction 12160000: EIP=0x0046C67C
dbug: Win32Emu.Emulator[0]
      [Loop Check] Instruction 12170000: EIP=0x0046C664
dbug: Win32Emu.Emulator[0]
      [Loop Check] Instruction 12180000: EIP=0x0046C667
dbug: Win32Emu.Emulator[0]
      [Loop Check] Instruction 12190000: EIP=0x0046C669
dbug: Win32Emu.Emulator[0]
      [Loop Check] Instruction 12200000: EIP=0x0046C66A
warn: Win32Emu.Emulator[0]
      [Loop Detection] Emulator has executed 12200000 instructions and may be stuck in a loop. EIP=0x0046C66A
warn: Win32Emu.Emulator[0]
      [Loop Detection] If the program is not responding, you may need to stop it. Check the documentation for known issues with this executable.
dbug: Win32Emu.Emulator[0]
      [Loop Check] Instruction 12210000: EIP=0x0046C66C
dbug: Win32Emu.Emulator[0]
      [Loop Check] Instruction 12220000: EIP=0x0046C671
dbug: Win32Emu.Emulator[0]
      [Loop Check] Instruction 12230000: EIP=0x0046C673
dbug: Win32Emu.Emulator[0]
      [Loop Check] Instruction 12240000: EIP=0x0046C675
dbug: Win32Emu.Emulator[0]
      [Loop Check] Instruction 12250000: EIP=0x0046C677
dbug: Win32Emu.Emulator[0]
      [Loop Check] Instruction 12260000: EIP=0x0046C679
dbug: Win32Emu.Emulator[0]
      [Loop Check] Instruction 12270000: EIP=0x0046C67C
dbug: Win32Emu.Emulator[0]
      [Loop Check] Instruction 12280000: EIP=0x0046C664
dbug: Win32Emu.Emulator[0]
      [Loop Check] Instruction 12290000: EIP=0x0046C667
dbug: Win32Emu.Emulator[0]
      [Loop Check] Instruction 12300000: EIP=0x0046C669
warn: Win32Emu.Emulator[0]
      [Loop Detection] Emulator has executed 12300000 instructions and may be stuck in a loop. EIP=0x0046C669
warn: Win32Emu.Emulator[0]
      [Loop Detection] If the program is not responding, you may need to stop it. Check the documentation for known issues with this executable.
dbug: Win32Emu.Emulator[0]
      [Loop Check] Instruction 12310000: EIP=0x0046C66A
dbug: Win32Emu.Emulator[0]
      [Loop Check] Instruction 12320000: EIP=0x0046C66C
dbug: Win32Emu.Emulator[0]
      [Loop Check] Instruction 12330000: EIP=0x0046C671
dbug: Win32Emu.Emulator[0]
      [Loop Check] Instruction 12340000: EIP=0x0046C673
dbug: Win32Emu.Emulator[0]
      [Loop Check] Instruction 12350000: EIP=0x0046C675
dbug: Win32Emu.Emulator[0]
      [Loop Check] Instruction 12360000: EIP=0x0046C677
dbug: Win32Emu.Emulator[0]
      [Loop Check] Instruction 12370000: EIP=0x0046C679
dbug: Win32Emu.Emulator[0]
      [Loop Check] Instruction 12380000: EIP=0x0046C67C
dbug: Win32Emu.Emulator[0]
      [Loop Check] Instruction 12390000: EIP=0x0046C664
dbug: Win32Emu.Emulator[0]
      [Loop Check] Instruction 12400000: EIP=0x0046C667
warn: Win32Emu.Emulator[0]
      [Loop Detection] Emulator has executed 12400000 instructions and may be stuck in a loop. EIP=0x0046C667
warn: Win32Emu.Emulator[0]
      [Loop Detection] If the program is not responding, you may need to stop it. Check the documentation for known issues with this executable.
dbug: Win32Emu.Emulator[0]
      [Loop Check] Instruction 12410000: EIP=0x0046C669
dbug: Win32Emu.Emulator[0]
      [Loop Check] Instruction 12420000: EIP=0x0046C66A
dbug: Win32Emu.Emulator[0]
      [Loop Check] Instruction 12430000: EIP=0x0046C66C
dbug: Win32Emu.Emulator[0]
      [Loop Check] Instruction 12440000: EIP=0x0046C671
dbug: Win32Emu.Emulator[0]
      [Loop Check] Instruction 12450000: EIP=0x0046C673
dbug: Win32Emu.Emulator[0]
      [Loop Check] Instruction 12460000: EIP=0x0046C675
dbug: Win32Emu.Emulator[0]
      [Loop Check] Instruction 12470000: EIP=0x0046C677
dbug: Win32Emu.Emulator[0]
      [Loop Check] Instruction 12480000: EIP=0x0046C679
dbug: Win32Emu.Emulator[0]
      [Loop Check] Instruction 12490000: EIP=0x0046C67C
dbug: Win32Emu.Emulator[0]
      [Loop Check] Instruction 12500000: EIP=0x0046C664
warn: Win32Emu.Emulator[0]
      [Loop Detection] Emulator has executed 12500000 instructions and may be stuck in a loop. EIP=0x0046C664
warn: Win32Emu.Emulator[0]
      [Loop Detection] If the program is not responding, you may need to stop it. Check the documentation for known issues with this executable.
dbug: Win32Emu.Emulator[0]
      [Loop Check] Instruction 12510000: EIP=0x0046C667
dbug: Win32Emu.Emulator[0]
      [Loop Check] Instruction 12520000: EIP=0x0046C669
dbug: Win32Emu.Emulator[0]
      [Loop Check] Instruction 12530000: EIP=0x0046C66A
dbug: Win32Emu.Emulator[0]
      [Loop Check] Instruction 12540000: EIP=0x0046C66C
dbug: Win32Emu.Emulator[0]
      [Loop Check] Instruction 12550000: EIP=0x0046C671
dbug: Win32Emu.Emulator[0]
      [Loop Check] Instruction 12560000: EIP=0x0046C673
dbug: Win32Emu.Emulator[0]
      [Loop Check] Instruction 12570000: EIP=0x0046C675
dbug: Win32Emu.Emulator[0]
      [Loop Check] Instruction 12580000: EIP=0x0046C677
dbug: Win32Emu.Emulator[0]
      [Loop Check] Instruction 12590000: EIP=0x0046C679
dbug: Win32Emu.Emulator[0]
      [Loop Check] Instruction 12600000: EIP=0x0046C67C
warn: Win32Emu.Emulator[0]
      [Loop Detection] Emulator has executed 12600000 instructions and may be stuck in a loop. EIP=0x0046C67C
warn: Win32Emu.Emulator[0]
      [Loop Detection] If the program is not responding, you may need to stop it. Check the documentation for known issues with this executable.
dbug: Win32Emu.Emulator[0]
      [Loop Check] Instruction 12610000: EIP=0x0046C664
dbug: Win32Emu.Emulator[0]
      [Loop Check] Instruction 12620000: EIP=0x0046C667
dbug: Win32Emu.Emulator[0]
      [Loop Check] Instruction 12630000: EIP=0x0046C669
dbug: Win32Emu.Emulator[0]
      [Loop Check] Instruction 12640000: EIP=0x0046C66A
dbug: Win32Emu.Emulator[0]
      [Loop Check] Instruction 12650000: EIP=0x0046C66C
dbug: Win32Emu.Emulator[0]
      [Loop Check] Instruction 12660000: EIP=0x0046C671
dbug: Win32Emu.Emulator[0]
      [Loop Check] Instruction 12670000: EIP=0x0046C673
dbug: Win32Emu.Emulator[0]
      [Loop Check] Instruction 12680000: EIP=0x0046C675
dbug: Win32Emu.Emulator[0]
      [Loop Check] Instruction 12690000: EIP=0x0046C677
dbug: Win32Emu.Emulator[0]
      [Loop Check] Instruction 12700000: EIP=0x0046C679
warn: Win32Emu.Emulator[0]
      [Loop Detection] Emulator has executed 12700000 instructions and may be stuck in a loop. EIP=0x0046C679
warn: Win32Emu.Emulator[0]
      [Loop Detection] If the program is not responding, you may need to stop it. Check the documentation for known issues with this executable.
dbug: Win32Emu.Emulator[0]
      [Loop Check] Instruction 12710000: EIP=0x0046C67C
dbug: Win32Emu.Emulator[0]
      [Loop Check] Instruction 12720000: EIP=0x0046C664
dbug: Win32Emu.Emulator[0]
      [Loop Check] Instruction 12730000: EIP=0x0046C667
dbug: Win32Emu.Emulator[0]
      [Loop Check] Instruction 12740000: EIP=0x0046C669
dbug: Win32Emu.Emulator[0]
      [Loop Check] Instruction 12750000: EIP=0x0046C66A
dbug: Win32Emu.Emulator[0]
      [Loop Check] Instruction 12760000: EIP=0x0046C66C
dbug: Win32Emu.Emulator[0]
      [Loop Check] Instruction 12770000: EIP=0x0046C671
dbug: Win32Emu.Emulator[0]
      [Loop Check] Instruction 12780000: EIP=0x0046C673
dbug: Win32Emu.Emulator[0]
      [Loop Check] Instruction 12790000: EIP=0x0046C675
dbug: Win32Emu.Emulator[0]
      [Loop Check] Instruction 12800000: EIP=0x0046C677
warn: Win32Emu.Emulator[0]
      [Loop Detection] Emulator has executed 12800000 instructions and may be stuck in a loop. EIP=0x0046C677
warn: Win32Emu.Emulator[0]
      [Loop Detection] If the program is not responding, you may need to stop it. Check the documentation for known issues with this executable.
dbug: Win32Emu.Emulator[0]
      [Loop Check] Instruction 12810000: EIP=0x0046C679
dbug: Win32Emu.Emulator[0]
      [Loop Check] Instruction 12820000: EIP=0x0046C67C
dbug: Win32Emu.Emulator[0]
      [Loop Check] Instruction 12830000: EIP=0x0046C664
dbug: Win32Emu.Emulator[0]
      [Loop Check] Instruction 12840000: EIP=0x0046C667
dbug: Win32Emu.Emulator[0]
      [Loop Check] Instruction 12850000: EIP=0x0046C669
dbug: Win32Emu.Emulator[0]
      [Loop Check] Instruction 12860000: EIP=0x0046C66A
dbug: Win32Emu.Emulator[0]
      [Loop Check] Instruction 12870000: EIP=0x0046C66C
dbug: Win32Emu.Emulator[0]
      [Loop Check] Instruction 12880000: EIP=0x0046C671
dbug: Win32Emu.Emulator[0]
      [Loop Check] Instruction 12890000: EIP=0x0046C673
dbug: Win32Emu.Emulator[0]
      [Loop Check] Instruction 12900000: EIP=0x0046C675
warn: Win32Emu.Emulator[0]
      [Loop Detection] Emulator has executed 12900000 instructions and may be stuck in a loop. EIP=0x0046C675
warn: Win32Emu.Emulator[0]
      [Loop Detection] If the program is not responding, you may need to stop it. Check the documentation for known issues with this executable.
dbug: Win32Emu.Emulator[0]
      [Loop Check] Instruction 12910000: EIP=0x0046C677
dbug: Win32Emu.Emulator[0]
      [Loop Check] Instruction 12920000: EIP=0x0046C679
dbug: Win32Emu.Emulator[0]
      [Loop Check] Instruction 12930000: EIP=0x0046C67C
dbug: Win32Emu.Emulator[0]
      [Loop Check] Instruction 12940000: EIP=0x0046C664
dbug: Win32Emu.Emulator[0]
      [Loop Check] Instruction 12950000: EIP=0x0046C667
dbug: Win32Emu.Emulator[0]
      [Loop Check] Instruction 12960000: EIP=0x0046C669
dbug: Win32Emu.Emulator[0]
      [Loop Check] Instruction 12970000: EIP=0x0046C66A
dbug: Win32Emu.Emulator[0]
      [Loop Check] Instruction 12980000: EIP=0x0046C66C
dbug: Win32Emu.Emulator[0]
      [Loop Check] Instruction 12990000: EIP=0x0046C671
dbug: Win32Emu.Emulator[0]
      [Loop Check] Instruction 13000000: EIP=0x0046C673
warn: Win32Emu.Emulator[0]
      [Loop Detection] Emulator has executed 13000000 instructions and may be stuck in a loop. EIP=0x0046C673
warn: Win32Emu.Emulator[0]
      [Loop Detection] If the program is not responding, you may need to stop it. Check the documentation for known issues with this executable.
dbug: Win32Emu.Emulator[0]
      [Loop Check] Instruction 13010000: EIP=0x0046C675
dbug: Win32Emu.Emulator[0]
      [Loop Check] Instruction 13020000: EIP=0x0046C677
dbug: Win32Emu.Emulator[0]
      [Loop Check] Instruction 13030000: EIP=0x0046C679
dbug: Win32Emu.Emulator[0]
      [Loop Check] Instruction 13040000: EIP=0x0046C67C
dbug: Win32Emu.Emulator[0]
      [Loop Check] Instruction 13050000: EIP=0x0046C664
dbug: Win32Emu.Emulator[0]
      [Loop Check] Instruction 13060000: EIP=0x0046C667
dbug: Win32Emu.Emulator[0]
      [Loop Check] Instruction 13070000: EIP=0x0046C669
dbug: Win32Emu.Emulator[0]
      [Loop Check] Instruction 13080000: EIP=0x0046C66A
dbug: Win32Emu.Emulator[0]
      [Loop Check] Instruction 13090000: EIP=0x0046C66C
dbug: Win32Emu.Emulator[0]
      [Loop Check] Instruction 13100000: EIP=0x0046C671
warn: Win32Emu.Emulator[0]
      [Loop Detection] Emulator has executed 13100000 instructions and may be stuck in a loop. EIP=0x0046C671
warn: Win32Emu.Emulator[0]
      [Loop Detection] If the program is not responding, you may need to stop it. Check the documentation for known issues with this executable.
dbug: Win32Emu.Emulator[0]
      [Loop Check] Instruction 13110000: EIP=0x0046C673
dbug: Win32Emu.Emulator[0]
      [Loop Check] Instruction 13120000: EIP=0x0046C675
dbug: Win32Emu.Emulator[0]
      [Loop Check] Instruction 13130000: EIP=0x0046C677
dbug: Win32Emu.Emulator[0]
      [Loop Check] Instruction 13140000: EIP=0x0046C679
dbug: Win32Emu.Emulator[0]
      [Loop Check] Instruction 13150000: EIP=0x0046C67C
dbug: Win32Emu.Emulator[0]
      [Loop Check] Instruction 13160000: EIP=0x0046C664
dbug: Win32Emu.Emulator[0]
      [Loop Check] Instruction 13170000: EIP=0x0046C667
dbug: Win32Emu.Emulator[0]
      [Loop Check] Instruction 13180000: EIP=0x0046C669
dbug: Win32Emu.Emulator[0]
      [Loop Check] Instruction 13190000: EIP=0x0046C66A
dbug: Win32Emu.Emulator[0]
      [Loop Check] Instruction 13200000: EIP=0x0046C66C
warn: Win32Emu.Emulator[0]
      [Loop Detection] Emulator has executed 13200000 instructions and may be stuck in a loop. EIP=0x0046C66C
warn: Win32Emu.Emulator[0]
      [Loop Detection] If the program is not responding, you may need to stop it. Check the documentation for known issues with this executable.
dbug: Win32Emu.Emulator[0]
      [Loop Check] Instruction 13210000: EIP=0x0046C671
dbug: Win32Emu.Emulator[0]
      [Loop Check] Instruction 13220000: EIP=0x0046C673
dbug: Win32Emu.Emulator[0]
      [Loop Check] Instruction 13230000: EIP=0x0046C675
dbug: Win32Emu.Emulator[0]
      [Loop Check] Instruction 13240000: EIP=0x0046C677
dbug: Win32Emu.Emulator[0]
      [Loop Check] Instruction 13250000: EIP=0x0046C679
dbug: Win32Emu.Emulator[0]
      [Loop Check] Instruction 13260000: EIP=0x0046C67C
dbug: Win32Emu.Emulator[0]
      [Loop Check] Instruction 13270000: EIP=0x0046C664
dbug: Win32Emu.Emulator[0]
      [Loop Check] Instruction 13280000: EIP=0x0046C667
dbug: Win32Emu.Emulator[0]
      [Loop Check] Instruction 13290000: EIP=0x0046C669
dbug: Win32Emu.Emulator[0]
      [Loop Check] Instruction 13300000: EIP=0x0046C66A
warn: Win32Emu.Emulator[0]
      [Loop Detection] Emulator has executed 13300000 instructions and may be stuck in a loop. EIP=0x0046C66A
warn: Win32Emu.Emulator[0]
      [Loop Detection] If the program is not responding, you may need to stop it. Check the documentation for known issues with this executable.
dbug: Win32Emu.Emulator[0]
      [Loop Check] Instruction 13310000: EIP=0x0046C66C
dbug: Win32Emu.Emulator[0]
      [Loop Check] Instruction 13320000: EIP=0x0046C671
dbug: Win32Emu.Emulator[0]
      [Loop Check] Instruction 13330000: EIP=0x0046C673
dbug: Win32Emu.Emulator[0]
      [Loop Check] Instruction 13340000: EIP=0x0046C675
dbug: Win32Emu.Emulator[0]
      [Loop Check] Instruction 13350000: EIP=0x0046C677
dbug: Win32Emu.Emulator[0]
      [Loop Check] Instruction 13360000: EIP=0x0046C679
dbug: Win32Emu.Emulator[0]
      [Loop Check] Instruction 13370000: EIP=0x0046C67C
dbug: Win32Emu.Emulator[0]
      [Loop Check] Instruction 13380000: EIP=0x0046C664
dbug: Win32Emu.Emulator[0]
      [Loop Check] Instruction 13390000: EIP=0x0046C667
dbug: Win32Emu.Emulator[0]
      [Loop Check] Instruction 13400000: EIP=0x0046C669
warn: Win32Emu.Emulator[0]
      [Loop Detection] Emulator has executed 13400000 instructions and may be stuck in a loop. EIP=0x0046C669
warn: Win32Emu.Emulator[0]
      [Loop Detection] If the program is not responding, you may need to stop it. Check the documentation for known issues with this executable.
dbug: Win32Emu.Emulator[0]
      [Loop Check] Instruction 13410000: EIP=0x0046C66A
dbug: Win32Emu.Emulator[0]
      [Loop Check] Instruction 13420000: EIP=0x0046C66C
dbug: Win32Emu.Emulator[0]
      [Loop Check] Instruction 13430000: EIP=0x0046C671
dbug: Win32Emu.Emulator[0]
      [Loop Check] Instruction 13440000: EIP=0x0046C673
dbug: Win32Emu.Emulator[0]
      [Loop Check] Instruction 13450000: EIP=0x0046C675
dbug: Win32Emu.Emulator[0]
      [Loop Check] Instruction 13460000: EIP=0x0046C677
dbug: Win32Emu.Emulator[0]
      [Loop Check] Instruction 13470000: EIP=0x0046C679
dbug: Win32Emu.Emulator[0]
      [Loop Check] Instruction 13480000: EIP=0x0046C67C
dbug: Win32Emu.Emulator[0]
      [Loop Check] Instruction 13490000: EIP=0x0046C664
dbug: Win32Emu.Emulator[0]
      [Loop Check] Instruction 13500000: EIP=0x0046C667
warn: Win32Emu.Emulator[0]
      [Loop Detection] Emulator has executed 13500000 instructions and may be stuck in a loop. EIP=0x0046C667
warn: Win32Emu.Emulator[0]
      [Loop Detection] If the program is not responding, you may need to stop it. Check the documentation for known issues with this executable.
dbug: Win32Emu.Emulator[0]
      [Loop Check] Instruction 13510000: EIP=0x0046C669
dbug: Win32Emu.Emulator[0]
      [Loop Check] Instruction 13520000: EIP=0x0046C66A
dbug: Win32Emu.Emulator[0]
      [Loop Check] Instruction 13530000: EIP=0x0046C66C
dbug: Win32Emu.Emulator[0]
      [Loop Check] Instruction 13540000: EIP=0x0046C671
dbug: Win32Emu.Emulator[0]
      [Loop Check] Instruction 13550000: EIP=0x0046C673
dbug: Win32Emu.Emulator[0]
      [Loop Check] Instruction 13560000: EIP=0x0046C675
dbug: Win32Emu.Emulator[0]
      [Loop Check] Instruction 13570000: EIP=0x0046C677
dbug: Win32Emu.Emulator[0]
      [Loop Check] Instruction 13580000: EIP=0x0046C679
dbug: Win32Emu.Emulator[0]
      [Loop Check] Instruction 13590000: EIP=0x0046C67C
dbug: Win32Emu.Emulator[0]
      [Loop Check] Instruction 13600000: EIP=0x0046C664
warn: Win32Emu.Emulator[0]
      [Loop Detection] Emulator has executed 13600000 instructions and may be stuck in a loop. EIP=0x0046C664
warn: Win32Emu.Emulator[0]
      [Loop Detection] If the program is not responding, you may need to stop it. Check the documentation for known issues with this executable.
dbug: Win32Emu.Emulator[0]
      [Loop Check] Instruction 13610000: EIP=0x0046C667
dbug: Win32Emu.Emulator[0]
      [Loop Check] Instruction 13620000: EIP=0x0046C669
dbug: Win32Emu.Emulator[0]
      [Loop Check] Instruction 13630000: EIP=0x0046C66A
dbug: Win32Emu.Emulator[0]
      [Loop Check] Instruction 13640000: EIP=0x0046C66C
dbug: Win32Emu.Emulator[0]
      [Loop Check] Instruction 13650000: EIP=0x0046C671
dbug: Win32Emu.Emulator[0]
      [Loop Check] Instruction 13660000: EIP=0x0046C673
dbug: Win32Emu.Emulator[0]
      [Loop Check] Instruction 13670000: EIP=0x0046C675
dbug: Win32Emu.Emulator[0]
      [Loop Check] Instruction 13680000: EIP=0x0046C677
dbug: Win32Emu.Emulator[0]
      [Loop Check] Instruction 13690000: EIP=0x0046C679
dbug: Win32Emu.Emulator[0]
      [Loop Check] Instruction 13700000: EIP=0x0046C67C
warn: Win32Emu.Emulator[0]
      [Loop Detection] Emulator has executed 13700000 instructions and may be stuck in a loop. EIP=0x0046C67C
warn: Win32Emu.Emulator[0]
      [Loop Detection] If the program is not responding, you may need to stop it. Check the documentation for known issues with this executable.
dbug: Win32Emu.Emulator[0]
      [Loop Check] Instruction 13710000: EIP=0x0046C664
dbug: Win32Emu.Emulator[0]
      [Loop Check] Instruction 13720000: EIP=0x0046C667
dbug: Win32Emu.Emulator[0]
      [Loop Check] Instruction 13730000: EIP=0x0046C669
dbug: Win32Emu.Emulator[0]
      [Loop Check] Instruction 13740000: EIP=0x0046C66A
dbug: Win32Emu.Emulator[0]
      [Loop Check] Instruction 13750000: EIP=0x0046C66C
dbug: Win32Emu.Emulator[0]
      [Loop Check] Instruction 13760000: EIP=0x0046C671
dbug: Win32Emu.Emulator[0]
      [Loop Check] Instruction 13770000: EIP=0x0046C673
dbug: Win32Emu.Emulator[0]
      [Loop Check] Instruction 13780000: EIP=0x0046C675
dbug: Win32Emu.Emulator[0]
      [Loop Check] Instruction 13790000: EIP=0x0046C677
dbug: Win32Emu.Emulator[0]
      [Loop Check] Instruction 13800000: EIP=0x0046C679
warn: Win32Emu.Emulator[0]
      [Loop Detection] Emulator has executed 13800000 instructions and may be stuck in a loop. EIP=0x0046C679
warn: Win32Emu.Emulator[0]
      [Loop Detection] If the program is not responding, you may need to stop it. Check the documentation for known issues with this executable.
dbug: Win32Emu.Emulator[0]
      [Loop Check] Instruction 13810000: EIP=0x0046C67C
dbug: Win32Emu.Emulator[0]
      [Loop Check] Instruction 13820000: EIP=0x0046C664
dbug: Win32Emu.Emulator[0]
      [Loop Check] Instruction 13830000: EIP=0x0046C667
dbug: Win32Emu.Emulator[0]
      [Loop Check] Instruction 13840000: EIP=0x0046C669
dbug: Win32Emu.Emulator[0]
      [Loop Check] Instruction 13850000: EIP=0x0046C66A
dbug: Win32Emu.Emulator[0]
      [Loop Check] Instruction 13860000: EIP=0x0046C66C
dbug: Win32Emu.Emulator[0]
      [Loop Check] Instruction 13870000: EIP=0x0046C671
dbug: Win32Emu.Emulator[0]
      [Loop Check] Instruction 13880000: EIP=0x0046C673
dbug: Win32Emu.Emulator[0]
      [Loop Check] Instruction 13890000: EIP=0x0046C675
dbug: Win32Emu.Emulator[0]
      [Loop Check] Instruction 13900000: EIP=0x0046C677
warn: Win32Emu.Emulator[0]
      [Loop Detection] Emulator has executed 13900000 instructions and may be stuck in a loop. EIP=0x0046C677
warn: Win32Emu.Emulator[0]
      [Loop Detection] If the program is not responding, you may need to stop it. Check the documentation for known issues with this executable.
dbug: Win32Emu.Emulator[0]
      [Loop Check] Instruction 13910000: EIP=0x0046C679
dbug: Win32Emu.Emulator[0]
      [Loop Check] Instruction 13920000: EIP=0x0046C67C
dbug: Win32Emu.Emulator[0]
      [Loop Check] Instruction 13930000: EIP=0x0046C664
dbug: Win32Emu.Emulator[0]
      [Loop Check] Instruction 13940000: EIP=0x0046C667
dbug: Win32Emu.Emulator[0]
      [Loop Check] Instruction 13950000: EIP=0x0046C669
dbug: Win32Emu.Emulator[0]
      [Loop Check] Instruction 13960000: EIP=0x0046C66A
dbug: Win32Emu.Emulator[0]
      [Loop Check] Instruction 13970000: EIP=0x0046C66C
dbug: Win32Emu.Emulator[0]
      [Loop Check] Instruction 13980000: EIP=0x0046C671
dbug: Win32Emu.Emulator[0]
      [Loop Check] Instruction 13990000: EIP=0x0046C673
dbug: Win32Emu.Emulator[0]
      [Loop Check] Instruction 14000000: EIP=0x0046C675
warn: Win32Emu.Emulator[0]
      [Loop Detection] Emulator has executed 14000000 instructions and may be stuck in a loop. EIP=0x0046C675
warn: Win32Emu.Emulator[0]
      [Loop Detection] If the program is not responding, you may need to stop it. Check the documentation for known issues with this executable.
dbug: Win32Emu.Emulator[0]
      [Loop Check] Instruction 14010000: EIP=0x0046C677
dbug: Win32Emu.Emulator[0]
      [Loop Check] Instruction 14020000: EIP=0x0046C679
dbug: Win32Emu.Emulator[0]
      [Loop Check] Instruction 14030000: EIP=0x0046C67C
dbug: Win32Emu.Emulator[0]
      [Loop Check] Instruction 14040000: EIP=0x0046C664
dbug: Win32Emu.Emulator[0]
      [Loop Check] Instruction 14050000: EIP=0x0046C667
dbug: Win32Emu.Emulator[0]
      [Loop Check] Instruction 14060000: EIP=0x0046C669
dbug: Win32Emu.Emulator[0]
      [Loop Check] Instruction 14070000: EIP=0x0046C66A
dbug: Win32Emu.Emulator[0]
      [Loop Check] Instruction 14080000: EIP=0x0046C66C
dbug: Win32Emu.Emulator[0]
      [Loop Check] Instruction 14090000: EIP=0x0046C671
dbug: Win32Emu.Emulator[0]
      [Loop Check] Instruction 14100000: EIP=0x0046C673
warn: Win32Emu.Emulator[0]
      [Loop Detection] Emulator has executed 14100000 instructions and may be stuck in a loop. EIP=0x0046C673
warn: Win32Emu.Emulator[0]
      [Loop Detection] If the program is not responding, you may need to stop it. Check the documentation for known issues with this executable.
dbug: Win32Emu.Emulator[0]
      [Loop Check] Instruction 14110000: EIP=0x0046C675
dbug: Win32Emu.Emulator[0]
      [Loop Check] Instruction 14120000: EIP=0x0046C677
dbug: Win32Emu.Emulator[0]
      [Loop Check] Instruction 14130000: EIP=0x0046C679
dbug: Win32Emu.Emulator[0]
      [Loop Check] Instruction 14140000: EIP=0x0046C67C
dbug: Win32Emu.Emulator[0]
      [Loop Check] Instruction 14150000: EIP=0x0046C664
dbug: Win32Emu.Emulator[0]
      [Loop Check] Instruction 14160000: EIP=0x0046C667
dbug: Win32Emu.Emulator[0]
      [Loop Check] Instruction 14170000: EIP=0x0046C669
dbug: Win32Emu.Emulator[0]
      [Loop Check] Instruction 14180000: EIP=0x0046C66A
dbug: Win32Emu.Emulator[0]
      [Loop Check] Instruction 14190000: EIP=0x0046C66C
dbug: Win32Emu.Emulator[0]
      [Loop Check] Instruction 14200000: EIP=0x0046C671
warn: Win32Emu.Emulator[0]
      [Loop Detection] Emulator has executed 14200000 instructions and may be stuck in a loop. EIP=0x0046C671
warn: Win32Emu.Emulator[0]
      [Loop Detection] If the program is not responding, you may need to stop it. Check the documentation for known issues with this executable.
dbug: Win32Emu.Emulator[0]
      [Loop Check] Instruction 14210000: EIP=0x0046C673
dbug: Win32Emu.Emulator[0]
      [Loop Check] Instruction 14220000: EIP=0x0046C675
dbug: Win32Emu.Emulator[0]
      [Loop Check] Instruction 14230000: EIP=0x0046C677
dbug: Win32Emu.Emulator[0]
      [Loop Check] Instruction 14240000: EIP=0x0046C679
dbug: Win32Emu.Emulator[0]
      [Loop Check] Instruction 14250000: EIP=0x0046C67C
dbug: Win32Emu.Emulator[0]
      [Loop Check] Instruction 14260000: EIP=0x0046C664
dbug: Win32Emu.Emulator[0]
      [Loop Check] Instruction 14270000: EIP=0x0046C667
dbug: Win32Emu.Emulator[0]
      [Loop Check] Instruction 14280000: EIP=0x0046C669
dbug: Win32Emu.Emulator[0]
      [Loop Check] Instruction 14290000: EIP=0x0046C66A
dbug: Win32Emu.Emulator[0]
      [Loop Check] Instruction 14300000: EIP=0x0046C66C
warn: Win32Emu.Emulator[0]
      [Loop Detection] Emulator has executed 14300000 instructions and may be stuck in a loop. EIP=0x0046C66C
warn: Win32Emu.Emulator[0]
      [Loop Detection] If the program is not responding, you may need to stop it. Check the documentation for known issues with this executable.
dbug: Win32Emu.Emulator[0]
      [Loop Check] Instruction 14310000: EIP=0x0046C671
dbug: Win32Emu.Emulator[0]
      [Loop Check] Instruction 14320000: EIP=0x0046C673
dbug: Win32Emu.Emulator[0]
      [Loop Check] Instruction 14330000: EIP=0x0046C675
dbug: Win32Emu.Emulator[0]
      [Loop Check] Instruction 14340000: EIP=0x0046C677
dbug: Win32Emu.Emulator[0]
      [Loop Check] Instruction 14350000: EIP=0x0046C679
dbug: Win32Emu.Emulator[0]
      [Loop Check] Instruction 14360000: EIP=0x0046C67C
dbug: Win32Emu.Emulator[0]
      [Loop Check] Instruction 14370000: EIP=0x0046C664
dbug: Win32Emu.Emulator[0]
      [Loop Check] Instruction 14380000: EIP=0x0046C667
dbug: Win32Emu.Emulator[0]
      [Loop Check] Instruction 14390000: EIP=0x0046C669
dbug: Win32Emu.Emulator[0]
      [Loop Check] Instruction 14400000: EIP=0x0046C66A
warn: Win32Emu.Emulator[0]
      [Loop Detection] Emulator has executed 14400000 instructions and may be stuck in a loop. EIP=0x0046C66A
warn: Win32Emu.Emulator[0]
      [Loop Detection] If the program is not responding, you may need to stop it. Check the documentation for known issues with this executable.
dbug: Win32Emu.Emulator[0]
      [Loop Check] Instruction 14410000: EIP=0x0046C66C
dbug: Win32Emu.Emulator[0]
      [Loop Check] Instruction 14420000: EIP=0x0046C671
dbug: Win32Emu.Emulator[0]
      [Loop Check] Instruction 14430000: EIP=0x0046C673
dbug: Win32Emu.Emulator[0]
      [Loop Check] Instruction 14440000: EIP=0x0046C675
dbug: Win32Emu.Emulator[0]
      [Loop Check] Instruction 14450000: EIP=0x0046C677
dbug: Win32Emu.Emulator[0]
      [Loop Check] Instruction 14460000: EIP=0x0046C679
dbug: Win32Emu.Emulator[0]
      [Loop Check] Instruction 14470000: EIP=0x0046C67C
dbug: Win32Emu.Emulator[0]
      [Loop Check] Instruction 14480000: EIP=0x0046C664
dbug: Win32Emu.Emulator[0]
      [Loop Check] Instruction 14490000: EIP=0x0046C667
dbug: Win32Emu.Emulator[0]
      [Loop Check] Instruction 14500000: EIP=0x0046C669
warn: Win32Emu.Emulator[0]
      [Loop Detection] Emulator has executed 14500000 instructions and may be stuck in a loop. EIP=0x0046C669
warn: Win32Emu.Emulator[0]
      [Loop Detection] If the program is not responding, you may need to stop it. Check the documentation for known issues with this executable.
dbug: Win32Emu.Emulator[0]
      [Loop Check] Instruction 14510000: EIP=0x0046C66A
dbug: Win32Emu.Emulator[0]
      [Loop Check] Instruction 14520000: EIP=0x0046C66C
dbug: Win32Emu.Emulator[0]
      [Loop Check] Instruction 14530000: EIP=0x0046C671
dbug: Win32Emu.Emulator[0]
      [Loop Check] Instruction 14540000: EIP=0x0046C673
dbug: Win32Emu.Emulator[0]
      [Loop Check] Instruction 14550000: EIP=0x0046C675
dbug: Win32Emu.Emulator[0]
      [Loop Check] Instruction 14560000: EIP=0x0046C677
dbug: Win32Emu.Emulator[0]
      [Loop Check] Instruction 14570000: EIP=0x0046C679
dbug: Win32Emu.Emulator[0]
      [Loop Check] Instruction 14580000: EIP=0x0046C67C
dbug: Win32Emu.Emulator[0]
      [Loop Check] Instruction 14590000: EIP=0x0046C664
dbug: Win32Emu.Emulator[0]
      [Loop Check] Instruction 14600000: EIP=0x0046C667
warn: Win32Emu.Emulator[0]
      [Loop Detection] Emulator has executed 14600000 instructions and may be stuck in a loop. EIP=0x0046C667
warn: Win32Emu.Emulator[0]
      [Loop Detection] If the program is not responding, you may need to stop it. Check the documentation for known issues with this executable.
dbug: Win32Emu.Emulator[0]
      [Loop Check] Instruction 14610000: EIP=0x0046C669
dbug: Win32Emu.Emulator[0]
      [Loop Check] Instruction 14620000: EIP=0x0046C66A
dbug: Win32Emu.Emulator[0]
      [Loop Check] Instruction 14630000: EIP=0x0046C66C
dbug: Win32Emu.Emulator[0]
      [Loop Check] Instruction 14640000: EIP=0x0046C671
dbug: Win32Emu.Emulator[0]
      [Loop Check] Instruction 14650000: EIP=0x0046C673
dbug: Win32Emu.Emulator[0]
      [Loop Check] Instruction 14660000: EIP=0x0046C675
dbug: Win32Emu.Emulator[0]
      [Loop Check] Instruction 14670000: EIP=0x0046C677
dbug: Win32Emu.Emulator[0]
      [Loop Check] Instruction 14680000: EIP=0x0046C679
dbug: Win32Emu.Emulator[0]
      [Loop Check] Instruction 14690000: EIP=0x0046C67C
dbug: Win32Emu.Emulator[0]
      [Loop Check] Instruction 14700000: EIP=0x0046C664
warn: Win32Emu.Emulator[0]
      [Loop Detection] Emulator has executed 14700000 instructions and may be stuck in a loop. EIP=0x0046C664
warn: Win32Emu.Emulator[0]
      [Loop Detection] If the program is not responding, you may need to stop it. Check the documentation for known issues with this executable.
dbug: Win32Emu.Emulator[0]
      [Loop Check] Instruction 14710000: EIP=0x0046C667
dbug: Win32Emu.Emulator[0]
      [Loop Check] Instruction 14720000: EIP=0x0046C669
dbug: Win32Emu.Emulator[0]
      [Loop Check] Instruction 14730000: EIP=0x0046C66A
dbug: Win32Emu.Emulator[0]
      [Loop Check] Instruction 14740000: EIP=0x0046C66C
dbug: Win32Emu.Emulator[0]
      [Loop Check] Instruction 14750000: EIP=0x0046C671
dbug: Win32Emu.Emulator[0]
      [Loop Check] Instruction 14760000: EIP=0x0046C673
dbug: Win32Emu.Emulator[0]
      [Loop Check] Instruction 14770000: EIP=0x0046C675
dbug: Win32Emu.Emulator[0]
      [Loop Check] Instruction 14780000: EIP=0x0046C677
dbug: Win32Emu.Emulator[0]
      [Loop Check] Instruction 14790000: EIP=0x0046C679
dbug: Win32Emu.Emulator[0]
      [Loop Check] Instruction 14800000: EIP=0x0046C67C
warn: Win32Emu.Emulator[0]
      [Loop Detection] Emulator has executed 14800000 instructions and may be stuck in a loop. EIP=0x0046C67C
warn: Win32Emu.Emulator[0]
      [Loop Detection] If the program is not responding, you may need to stop it. Check the documentation for known issues with this executable.
dbug: Win32Emu.Emulator[0]
      [Loop Check] Instruction 14810000: EIP=0x0046C664
dbug: Win32Emu.Emulator[0]
      [Loop Check] Instruction 14820000: EIP=0x0046C667
dbug: Win32Emu.Emulator[0]
      [Loop Check] Instruction 14830000: EIP=0x0046C669
dbug: Win32Emu.Emulator[0]
      [Loop Check] Instruction 14840000: EIP=0x0046C66A
dbug: Win32Emu.Emulator[0]
      [Loop Check] Instruction 14850000: EIP=0x0046C66C
dbug: Win32Emu.Emulator[0]
      [Loop Check] Instruction 14860000: EIP=0x0046C671
dbug: Win32Emu.Emulator[0]
      [Loop Check] Instruction 14870000: EIP=0x0046C673
dbug: Win32Emu.Emulator[0]
      [Loop Check] Instruction 14880000: EIP=0x0046C675
dbug: Win32Emu.Emulator[0]
      [Loop Check] Instruction 14890000: EIP=0x0046C677
dbug: Win32Emu.Emulator[0]
      [Loop Check] Instruction 14900000: EIP=0x0046C679
warn: Win32Emu.Emulator[0]
      [Loop Detection] Emulator has executed 14900000 instructions and may be stuck in a loop. EIP=0x0046C679
warn: Win32Emu.Emulator[0]
      [Loop Detection] If the program is not responding, you may need to stop it. Check the documentation for known issues with this executable.
dbug: Win32Emu.Emulator[0]
      [Loop Check] Instruction 14910000: EIP=0x0046C67C
dbug: Win32Emu.Emulator[0]
      [Loop Check] Instruction 14920000: EIP=0x0046C664
dbug: Win32Emu.Emulator[0]
      [Loop Check] Instruction 14930000: EIP=0x0046C667
dbug: Win32Emu.Emulator[0]
      [Loop Check] Instruction 14940000: EIP=0x0046C669
dbug: Win32Emu.Emulator[0]
      [Loop Check] Instruction 14950000: EIP=0x0046C66A
dbug: Win32Emu.Emulator[0]
      [Loop Check] Instruction 14960000: EIP=0x0046C66C
dbug: Win32Emu.Emulator[0]
      [Loop Check] Instruction 14970000: EIP=0x0046C671
dbug: Win32Emu.Emulator[0]
      [Loop Check] Instruction 14980000: EIP=0x0046C673
dbug: Win32Emu.Emulator[0]
      [Loop Check] Instruction 14990000: EIP=0x0046C675
dbug: Win32Emu.Emulator[0]
      [Loop Check] Instruction 15000000: EIP=0x0046C677
warn: Win32Emu.Emulator[0]
      [Loop Detection] Emulator has executed 15000000 instructions and may be stuck in a loop. EIP=0x0046C677
warn: Win32Emu.Emulator[0]
      [Loop Detection] If the program is not responding, you may need to stop it. Check the documentation for known issues with this executable.
dbug: Win32Emu.Emulator[0]
      [Loop Check] Instruction 15010000: EIP=0x0046C679
dbug: Win32Emu.Emulator[0]
      [Loop Check] Instruction 15020000: EIP=0x0046C67C
dbug: Win32Emu.Emulator[0]
      [Loop Check] Instruction 15030000: EIP=0x0046C664
dbug: Win32Emu.Emulator[0]
      [Loop Check] Instruction 15040000: EIP=0x0046C667
dbug: Win32Emu.Emulator[0]
      [Loop Check] Instruction 15050000: EIP=0x0046C669
dbug: Win32Emu.Emulator[0]
      [Loop Check] Instruction 15060000: EIP=0x0046C66A
dbug: Win32Emu.Emulator[0]
      [Loop Check] Instruction 15070000: EIP=0x0046C66C
dbug: Win32Emu.Emulator[0]
      [Loop Check] Instruction 15080000: EIP=0x0046C671
dbug: Win32Emu.Emulator[0]
      [Loop Check] Instruction 15090000: EIP=0x0046C673
dbug: Win32Emu.Emulator[0]
      [Loop Check] Instruction 15100000: EIP=0x0046C675
warn: Win32Emu.Emulator[0]
      [Loop Detection] Emulator has executed 15100000 instructions and may be stuck in a loop. EIP=0x0046C675
warn: Win32Emu.Emulator[0]
      [Loop Detection] If the program is not responding, you may need to stop it. Check the documentation for known issues with this executable.
dbug: Win32Emu.Emulator[0]
      [Loop Check] Instruction 15110000: EIP=0x0046C677
dbug: Win32Emu.Emulator[0]
      [Loop Check] Instruction 15120000: EIP=0x0046C679
dbug: Win32Emu.Emulator[0]
      [Loop Check] Instruction 15130000: EIP=0x0046C67C
dbug: Win32Emu.Emulator[0]
      [Loop Check] Instruction 15140000: EIP=0x0046C664
dbug: Win32Emu.Emulator[0]
      [Loop Check] Instruction 15150000: EIP=0x0046C667
dbug: Win32Emu.Emulator[0]
      [Loop Check] Instruction 15160000: EIP=0x0046C669
dbug: Win32Emu.Emulator[0]
      [Loop Check] Instruction 15170000: EIP=0x0046C66A
dbug: Win32Emu.Emulator[0]
      [Loop Check] Instruction 15180000: EIP=0x0046C66C
dbug: Win32Emu.Emulator[0]
      [Loop Check] Instruction 15190000: EIP=0x0046C671
dbug: Win32Emu.Emulator[0]
      [Loop Check] Instruction 15200000: EIP=0x0046C673
warn: Win32Emu.Emulator[0]
      [Loop Detection] Emulator has executed 15200000 instructions and may be stuck in a loop. EIP=0x0046C673
warn: Win32Emu.Emulator[0]
      [Loop Detection] If the program is not responding, you may need to stop it. Check the documentation for known issues with this executable.
dbug: Win32Emu.Emulator[0]
      [Loop Check] Instruction 15210000: EIP=0x0046C675
dbug: Win32Emu.Emulator[0]
      [Loop Check] Instruction 15220000: EIP=0x0046C677
dbug: Win32Emu.Emulator[0]
      [Loop Check] Instruction 15230000: EIP=0x0046C679
dbug: Win32Emu.Emulator[0]
      [Loop Check] Instruction 15240000: EIP=0x0046C67C
dbug: Win32Emu.Emulator[0]
      [Loop Check] Instruction 15250000: EIP=0x0046C664
dbug: Win32Emu.Emulator[0]
      [Loop Check] Instruction 15260000: EIP=0x0046C667
dbug: Win32Emu.Emulator[0]
      [Loop Check] Instruction 15270000: EIP=0x0046C669
dbug: Win32Emu.Emulator[0]
      [Loop Check] Instruction 15280000: EIP=0x0046C66A
dbug: Win32Emu.Emulator[0]
      [Loop Check] Instruction 15290000: EIP=0x0046C66C
dbug: Win32Emu.Emulator[0]
      [Loop Check] Instruction 15300000: EIP=0x0046C671
warn: Win32Emu.Emulator[0]
      [Loop Detection] Emulator has executed 15300000 instructions and may be stuck in a loop. EIP=0x0046C671
warn: Win32Emu.Emulator[0]
      [Loop Detection] If the program is not responding, you may need to stop it. Check the documentation for known issues with this executable.
dbug: Win32Emu.Emulator[0]
      [Loop Check] Instruction 15310000: EIP=0x0046C673
dbug: Win32Emu.Emulator[0]
      [Loop Check] Instruction 15320000: EIP=0x0046C675
dbug: Win32Emu.Emulator[0]
      [Loop Check] Instruction 15330000: EIP=0x0046C677
dbug: Win32Emu.Emulator[0]
      [Loop Check] Instruction 15340000: EIP=0x0046C679
dbug: Win32Emu.Emulator[0]
      [Loop Check] Instruction 15350000: EIP=0x0046C67C
dbug: Win32Emu.Emulator[0]
      [Loop Check] Instruction 15360000: EIP=0x0046C664
dbug: Win32Emu.Emulator[0]
      [Loop Check] Instruction 15370000: EIP=0x0046C667
dbug: Win32Emu.Emulator[0]
      [Loop Check] Instruction 15380000: EIP=0x0046C669
dbug: Win32Emu.Emulator[0]
      [Loop Check] Instruction 15390000: EIP=0x0046C66A
