Using launch settings from /home/runner/work/Win32Emu/Win32Emu/Win32Emu.Gui/Properties/launchSettings.json...
Warning: Could not enable file logging: File not found: /home/runner/work/Win32Emu/Win32Emu/diagnostic_logs/ign_demo_20260126_001304.log
info: Win32Emu.Emulator[0]
      Logging to file: /home/runner/work/Win32Emu/Win32Emu/diagnostic_logs/ign_demo_20260126_001304.log
info: Win32Emu.Emulator[0]
      Creating virtual disk: /tmp/Win32Emu_VHDs/IGN_DEMO_5dbfba27b9511c57.vhd
dbug: Win32Emu.Emulator[0]
      [DiskVFS] VHD disk formatted with FAT32
info: Win32Emu.Emulator[0]
      [DiskVFS] Created and formatted Vhd disk: /tmp/Win32Emu_VHDs/IGN_DEMO_5dbfba27b9511c57.vhd (536870912 bytes)
info: Win32Emu.Emulator[0]
      [DiskVFS] Mounted VHD: /tmp/Win32Emu_VHDs/IGN_DEMO_5dbfba27b9511c57.vhd (Read-Write)
dbug: Win32Emu.Emulator[0]
      [DiskVFS] Created directory: \ign_demo
info: Win32Emu.Emulator[0]
      Created root directory: \ign_demo
info: Win32Emu.Emulator[0]
      [VHD Creation] Starting copy of 180 files to virtual disk
dbug: Win32Emu.Emulator[0]
      Created directory: \ign_demo
info: Win32Emu.Emulator[0]
      [VHD Creation] Copying file 1/180: POKAL.PIC
info: Win32Emu.Emulator[0]
      [DiskVFS] FindCaseInsensitivePath: Searching for '\ign_demo\POKAL.PIC'
info: Win32Emu.Emulator[0]
      [DiskVFS] FindCaseInsensitivePath: Checking directory='\ign_demo', filename='POKAL.PIC'
dbug: Win32Emu.Emulator[0]
      [DiskVFS] Opened file: \ign_demo\POKAL.PIC
info: Win32Emu.Emulator[0]
      [VHD Creation] Successfully copied POKAL.PIC (89028 bytes) [1/180]
dbug: Win32Emu.Emulator[0]
      Created directory: \ign_demo
info: Win32Emu.Emulator[0]
      [VHD Creation] Copying file 2/180: N_SYSG_2.PIC
info: Win32Emu.Emulator[0]
      [DiskVFS] FindCaseInsensitivePath: Searching for '\ign_demo\N_SYSG_2.PIC'
info: Win32Emu.Emulator[0]
      [DiskVFS] FindCaseInsensitivePath: Checking directory='\ign_demo', filename='N_SYSG_2.PIC'
dbug: Win32Emu.Emulator[0]
      [DiskVFS] Opened file: \ign_demo\N_SYSG_2.PIC
info: Win32Emu.Emulator[0]
      [VHD Creation] Successfully copied N_SYSG_2.PIC (42470 bytes) [2/180]
dbug: Win32Emu.Emulator[0]
      Created directory: \ign_demo
info: Win32Emu.Emulator[0]
      [VHD Creation] Copying file 3/180: IGN_DEMO.EXE
info: Win32Emu.Emulator[0]
      [DiskVFS] FindCaseInsensitivePath: Searching for '\ign_demo\IGN_DEMO.EXE'
info: Win32Emu.Emulator[0]
      [DiskVFS] FindCaseInsensitivePath: Checking directory='\ign_demo', filename='IGN_DEMO.EXE'
dbug: Win32Emu.Emulator[0]
      [DiskVFS] Opened file: \ign_demo\IGN_DEMO.EXE
info: Win32Emu.Emulator[0]
      [VHD Creation] Successfully copied IGN_DEMO.EXE (891392 bytes) [3/180]
dbug: Win32Emu.Emulator[0]
      Created directory: \ign_demo
info: Win32Emu.Emulator[0]
      [VHD Creation] Copying file 4/180: Default.fil
info: Win32Emu.Emulator[0]
      [DiskVFS] FindCaseInsensitivePath: Searching for '\ign_demo\Default.fil'
info: Win32Emu.Emulator[0]
      [DiskVFS] FindCaseInsensitivePath: Checking directory='\ign_demo', filename='Default.fil'
dbug: Win32Emu.Emulator[0]
      [DiskVFS] Opened file: \ign_demo\Default.fil
info: Win32Emu.Emulator[0]
      [VHD Creation] Successfully copied Default.fil (0 bytes) [4/180]
dbug: Win32Emu.Emulator[0]
      Created directory: \ign_demo
info: Win32Emu.Emulator[0]
      [VHD Creation] Copying file 5/180: N_PANGFX.PIC
info: Win32Emu.Emulator[0]
      [DiskVFS] FindCaseInsensitivePath: Searching for '\ign_demo\N_PANGFX.PIC'
info: Win32Emu.Emulator[0]
      [DiskVFS] FindCaseInsensitivePath: Checking directory='\ign_demo', filename='N_PANGFX.PIC'
dbug: Win32Emu.Emulator[0]
      [DiskVFS] Opened file: \ign_demo\N_PANGFX.PIC
info: Win32Emu.Emulator[0]
      [VHD Creation] Successfully copied N_PANGFX.PIC (62363 bytes) [5/180]
dbug: Win32Emu.Emulator[0]
      Created directory: \ign_demo
info: Win32Emu.Emulator[0]
      [VHD Creation] Copying file 6/180: SYS.COL
info: Win32Emu.Emulator[0]
      [DiskVFS] FindCaseInsensitivePath: Searching for '\ign_demo\SYS.COL'
info: Win32Emu.Emulator[0]
      [DiskVFS] FindCaseInsensitivePath: Checking directory='\ign_demo', filename='SYS.COL'
dbug: Win32Emu.Emulator[0]
      [DiskVFS] Opened file: \ign_demo\SYS.COL
info: Win32Emu.Emulator[0]
      [VHD Creation] Successfully copied SYS.COL (776 bytes) [6/180]
dbug: Win32Emu.Emulator[0]
      Created directory: \ign_demo
info: Win32Emu.Emulator[0]
      [VHD Creation] Copying file 7/180: S_SIGNS.PIC
info: Win32Emu.Emulator[0]
      [DiskVFS] FindCaseInsensitivePath: Searching for '\ign_demo\S_SIGNS.PIC'
info: Win32Emu.Emulator[0]
      [DiskVFS] FindCaseInsensitivePath: Checking directory='\ign_demo', filename='S_SIGNS.PIC'
dbug: Win32Emu.Emulator[0]
      [DiskVFS] Opened file: \ign_demo\S_SIGNS.PIC
info: Win32Emu.Emulator[0]
      [VHD Creation] Successfully copied S_SIGNS.PIC (3982 bytes) [7/180]
dbug: Win32Emu.Emulator[0]
      Created directory: \ign_demo
info: Win32Emu.Emulator[0]
      [VHD Creation] Copying file 8/180: N_SIGNS.PIC
info: Win32Emu.Emulator[0]
      [DiskVFS] FindCaseInsensitivePath: Searching for '\ign_demo\N_SIGNS.PIC'
info: Win32Emu.Emulator[0]
      [DiskVFS] FindCaseInsensitivePath: Checking directory='\ign_demo', filename='N_SIGNS.PIC'
dbug: Win32Emu.Emulator[0]
      [DiskVFS] Opened file: \ign_demo\N_SIGNS.PIC
info: Win32Emu.Emulator[0]
      [VHD Creation] Successfully copied N_SIGNS.PIC (13390 bytes) [8/180]
dbug: Win32Emu.Emulator[0]
      Created directory: \ign_demo
info: Win32Emu.Emulator[0]
      [VHD Creation] Copying file 9/180: H_PAN1.PIC
info: Win32Emu.Emulator[0]
      [DiskVFS] FindCaseInsensitivePath: Searching for '\ign_demo\H_PAN1.PIC'
info: Win32Emu.Emulator[0]
      [DiskVFS] FindCaseInsensitivePath: Checking directory='\ign_demo', filename='H_PAN1.PIC'
dbug: Win32Emu.Emulator[0]
      [DiskVFS] Opened file: \ign_demo\H_PAN1.PIC
info: Win32Emu.Emulator[0]
      [VHD Creation] Successfully copied H_PAN1.PIC (66382 bytes) [9/180]
dbug: Win32Emu.Emulator[0]
      Created directory: \ign_demo
info: Win32Emu.Emulator[0]
      [VHD Creation] Copying file 10/180: H_PAN2.PIC
info: Win32Emu.Emulator[0]
      [DiskVFS] FindCaseInsensitivePath: Searching for '\ign_demo\H_PAN2.PIC'
info: Win32Emu.Emulator[0]
      [DiskVFS] FindCaseInsensitivePath: Checking directory='\ign_demo', filename='H_PAN2.PIC'
dbug: Win32Emu.Emulator[0]
      [DiskVFS] Opened file: \ign_demo\H_PAN2.PIC
info: Win32Emu.Emulator[0]
      [VHD Creation] Successfully copied H_PAN2.PIC (82766 bytes) [10/180]
dbug: Win32Emu.Emulator[0]
      Created directory: \ign_demo
info: Win32Emu.Emulator[0]
      [VHD Creation] Copying file 11/180: S_PANGFX.PIC
info: Win32Emu.Emulator[0]
      [DiskVFS] FindCaseInsensitivePath: Searching for '\ign_demo\S_PANGFX.PIC'
info: Win32Emu.Emulator[0]
      [DiskVFS] FindCaseInsensitivePath: Checking directory='\ign_demo', filename='S_PANGFX.PIC'
dbug: Win32Emu.Emulator[0]
      [DiskVFS] Opened file: \ign_demo\S_PANGFX.PIC
info: Win32Emu.Emulator[0]
      [VHD Creation] Successfully copied S_PANGFX.PIC (17943 bytes) [11/180]
dbug: Win32Emu.Emulator[0]
      Created directory: \ign_demo
info: Win32Emu.Emulator[0]
      [VHD Creation] Copying file 12/180: FLAGGOR.PIC
info: Win32Emu.Emulator[0]
      [DiskVFS] FindCaseInsensitivePath: Searching for '\ign_demo\FLAGGOR.PIC'
info: Win32Emu.Emulator[0]
      [DiskVFS] FindCaseInsensitivePath: Checking directory='\ign_demo', filename='FLAGGOR.PIC'
dbug: Win32Emu.Emulator[0]
      [DiskVFS] Opened file: \ign_demo\FLAGGOR.PIC
info: Win32Emu.Emulator[0]
      [VHD Creation] Successfully copied FLAGGOR.PIC (39642 bytes) [12/180]
dbug: Win32Emu.Emulator[0]
      Created directory: \ign_demo
info: Win32Emu.Emulator[0]
      [VHD Creation] Copying file 13/180: N_SYSGFX.PIC
info: Win32Emu.Emulator[0]
      [DiskVFS] FindCaseInsensitivePath: Searching for '\ign_demo\N_SYSGFX.PIC'
info: Win32Emu.Emulator[0]
      [DiskVFS] FindCaseInsensitivePath: Checking directory='\ign_demo', filename='N_SYSGFX.PIC'
dbug: Win32Emu.Emulator[0]
      [DiskVFS] Opened file: \ign_demo\N_SYSGFX.PIC
info: Win32Emu.Emulator[0]
      [VHD Creation] Successfully copied N_SYSGFX.PIC (106318 bytes) [13/180]
dbug: Win32Emu.Emulator[0]
      Created directory: \ign_demo
info: Win32Emu.Emulator[0]
      [VHD Creation] Copying file 14/180: README.TXT
info: Win32Emu.Emulator[0]
      [DiskVFS] FindCaseInsensitivePath: Searching for '\ign_demo\README.TXT'
info: Win32Emu.Emulator[0]
      [DiskVFS] FindCaseInsensitivePath: Checking directory='\ign_demo', filename='README.TXT'
dbug: Win32Emu.Emulator[0]
      [DiskVFS] Opened file: \ign_demo\README.TXT
info: Win32Emu.Emulator[0]
      [VHD Creation] Successfully copied README.TXT (2595 bytes) [14/180]
dbug: Win32Emu.Emulator[0]
      Created directory: \ign_demo
info: Win32Emu.Emulator[0]
      [VHD Creation] Copying file 15/180: MENUBKG.DAT
info: Win32Emu.Emulator[0]
      [DiskVFS] FindCaseInsensitivePath: Searching for '\ign_demo\MENUBKG.DAT'
info: Win32Emu.Emulator[0]
      [DiskVFS] FindCaseInsensitivePath: Checking directory='\ign_demo', filename='MENUBKG.DAT'
dbug: Win32Emu.Emulator[0]
      [DiskVFS] Opened file: \ign_demo\MENUBKG.DAT
info: Win32Emu.Emulator[0]
      [VHD Creation] Successfully copied MENUBKG.DAT (37720 bytes) [15/180]
dbug: Win32Emu.Emulator[0]
      Created directory: \ign_demo
info: Win32Emu.Emulator[0]
      [VHD Creation] Copying file 16/180: H_SIGNS.PIC
info: Win32Emu.Emulator[0]
      [DiskVFS] FindCaseInsensitivePath: Searching for '\ign_demo\H_SIGNS.PIC'
info: Win32Emu.Emulator[0]
      [DiskVFS] FindCaseInsensitivePath: Checking directory='\ign_demo', filename='H_SIGNS.PIC'
dbug: Win32Emu.Emulator[0]
      [DiskVFS] Opened file: \ign_demo\H_SIGNS.PIC
info: Win32Emu.Emulator[0]
      [VHD Creation] Successfully copied H_SIGNS.PIC (66382 bytes) [16/180]
dbug: Win32Emu.Emulator[0]
      Created directory: \ign_demo
dbug: Win32Emu.Emulator[0]
      [DiskVFS] Created directory: \ign_demo\GENERAL
dbug: Win32Emu.Emulator[0]
      Created directory: \ign_demo\GENERAL
info: Win32Emu.Emulator[0]
      [VHD Creation] Copying file 17/180: LIGHT.TEX
info: Win32Emu.Emulator[0]
      [DiskVFS] FindCaseInsensitivePath: Searching for '\ign_demo\GENERAL\LIGHT.TEX'
info: Win32Emu.Emulator[0]
      [DiskVFS] FindCaseInsensitivePath: Checking directory='\ign_demo\GENERAL', filename='LIGHT.TEX'
dbug: Win32Emu.Emulator[0]
      [DiskVFS] Opened file: \ign_demo\GENERAL\LIGHT.TEX
info: Win32Emu.Emulator[0]
      [VHD Creation] Successfully copied LIGHT.TEX (65536 bytes) [17/180]
dbug: Win32Emu.Emulator[0]
      Created directory: \ign_demo
dbug: Win32Emu.Emulator[0]
      Created directory: \ign_demo\GENERAL
info: Win32Emu.Emulator[0]
      [VHD Creation] Copying file 18/180: DIVSPR.TEX
info: Win32Emu.Emulator[0]
      [DiskVFS] FindCaseInsensitivePath: Searching for '\ign_demo\GENERAL\DIVSPR.TEX'
info: Win32Emu.Emulator[0]
      [DiskVFS] FindCaseInsensitivePath: Checking directory='\ign_demo\GENERAL', filename='DIVSPR.TEX'
dbug: Win32Emu.Emulator[0]
      [DiskVFS] Opened file: \ign_demo\GENERAL\DIVSPR.TEX
info: Win32Emu.Emulator[0]
      [VHD Creation] Successfully copied DIVSPR.TEX (65536 bytes) [18/180]
dbug: Win32Emu.Emulator[0]
      Created directory: \ign_demo
dbug: Win32Emu.Emulator[0]
      Created directory: \ign_demo\GENERAL
info: Win32Emu.Emulator[0]
      [VHD Creation] Copying file 19/180: EXSMOKE.TEX
info: Win32Emu.Emulator[0]
      [DiskVFS] FindCaseInsensitivePath: Searching for '\ign_demo\GENERAL\EXSMOKE.TEX'
info: Win32Emu.Emulator[0]
      [DiskVFS] FindCaseInsensitivePath: Checking directory='\ign_demo\GENERAL', filename='EXSMOKE.TEX'
dbug: Win32Emu.Emulator[0]
      [DiskVFS] Opened file: \ign_demo\GENERAL\EXSMOKE.TEX
info: Win32Emu.Emulator[0]
      [VHD Creation] Successfully copied EXSMOKE.TEX (65536 bytes) [19/180]
dbug: Win32Emu.Emulator[0]
      Created directory: \ign_demo
dbug: Win32Emu.Emulator[0]
      Created directory: \ign_demo\GENERAL
info: Win32Emu.Emulator[0]
      [VHD Creation] Copying file 20/180: BOOM.TEX
info: Win32Emu.Emulator[0]
      [DiskVFS] FindCaseInsensitivePath: Searching for '\ign_demo\GENERAL\BOOM.TEX'
info: Win32Emu.Emulator[0]
      [DiskVFS] FindCaseInsensitivePath: Checking directory='\ign_demo\GENERAL', filename='BOOM.TEX'
dbug: Win32Emu.Emulator[0]
      [DiskVFS] Opened file: \ign_demo\GENERAL\BOOM.TEX
info: Win32Emu.Emulator[0]
      [VHD Creation] Successfully copied BOOM.TEX (65536 bytes) [20/180]
dbug: Win32Emu.Emulator[0]
      Created directory: \ign_demo
dbug: Win32Emu.Emulator[0]
      Created directory: \ign_demo\GENERAL
info: Win32Emu.Emulator[0]
      [VHD Creation] Copying file 21/180: SMOKE.TEX
info: Win32Emu.Emulator[0]
      [DiskVFS] FindCaseInsensitivePath: Searching for '\ign_demo\GENERAL\SMOKE.TEX'
info: Win32Emu.Emulator[0]
      [DiskVFS] FindCaseInsensitivePath: Checking directory='\ign_demo\GENERAL', filename='SMOKE.TEX'
dbug: Win32Emu.Emulator[0]
      [DiskVFS] Opened file: \ign_demo\GENERAL\SMOKE.TEX
info: Win32Emu.Emulator[0]
      [VHD Creation] Successfully copied SMOKE.TEX (65536 bytes) [21/180]
dbug: Win32Emu.Emulator[0]
      Created directory: \ign_demo
dbug: Win32Emu.Emulator[0]
      Created directory: \ign_demo\GENERAL
info: Win32Emu.Emulator[0]
      [VHD Creation] Copying file 22/180: DARKSMOK.TEX
info: Win32Emu.Emulator[0]
      [DiskVFS] FindCaseInsensitivePath: Searching for '\ign_demo\GENERAL\DARKSMOK.TEX'
info: Win32Emu.Emulator[0]
      [DiskVFS] FindCaseInsensitivePath: Checking directory='\ign_demo\GENERAL', filename='DARKSMOK.TEX'
dbug: Win32Emu.Emulator[0]
      [DiskVFS] Opened file: \ign_demo\GENERAL\DARKSMOK.TEX
info: Win32Emu.Emulator[0]
      [VHD Creation] Successfully copied DARKSMOK.TEX (32768 bytes) [22/180]
dbug: Win32Emu.Emulator[0]
      Created directory: \ign_demo
dbug: Win32Emu.Emulator[0]
      [DiskVFS] Created directory: \ign_demo\CARS
dbug: Win32Emu.Emulator[0]
      Created directory: \ign_demo\CARS
info: Win32Emu.Emulator[0]
      [VHD Creation] Copying file 23/180: CARS.MSH
info: Win32Emu.Emulator[0]
      [DiskVFS] FindCaseInsensitivePath: Searching for '\ign_demo\CARS\CARS.MSH'
info: Win32Emu.Emulator[0]
      [DiskVFS] FindCaseInsensitivePath: Checking directory='\ign_demo\CARS', filename='CARS.MSH'
dbug: Win32Emu.Emulator[0]
      [DiskVFS] Opened file: \ign_demo\CARS\CARS.MSH
info: Win32Emu.Emulator[0]
      [VHD Creation] Successfully copied CARS.MSH (83228 bytes) [23/180]
dbug: Win32Emu.Emulator[0]
      Created directory: \ign_demo
dbug: Win32Emu.Emulator[0]
      Created directory: \ign_demo\CARS
info: Win32Emu.Emulator[0]
      [VHD Creation] Copying file 24/180: CARS.PLC
info: Win32Emu.Emulator[0]
      [DiskVFS] FindCaseInsensitivePath: Searching for '\ign_demo\CARS\CARS.PLC'
info: Win32Emu.Emulator[0]
      [DiskVFS] FindCaseInsensitivePath: Checking directory='\ign_demo\CARS', filename='CARS.PLC'
dbug: Win32Emu.Emulator[0]
      [DiskVFS] Opened file: \ign_demo\CARS\CARS.PLC
info: Win32Emu.Emulator[0]
      [VHD Creation] Successfully copied CARS.PLC (1104 bytes) [24/180]
dbug: Win32Emu.Emulator[0]
      Created directory: \ign_demo
dbug: Win32Emu.Emulator[0]
      Created directory: \ign_demo\CARS
info: Win32Emu.Emulator[0]
      [VHD Creation] Copying file 25/180: TEST.AIS
info: Win32Emu.Emulator[0]
      [DiskVFS] FindCaseInsensitivePath: Searching for '\ign_demo\CARS\TEST.AIS'
info: Win32Emu.Emulator[0]
      [DiskVFS] FindCaseInsensitivePath: Checking directory='\ign_demo\CARS', filename='TEST.AIS'
dbug: Win32Emu.Emulator[0]
      [DiskVFS] Opened file: \ign_demo\CARS\TEST.AIS
info: Win32Emu.Emulator[0]
      [VHD Creation] Successfully copied TEST.AIS (1308 bytes) [25/180]
dbug: Win32Emu.Emulator[0]
      Created directory: \ign_demo
dbug: Win32Emu.Emulator[0]
      Created directory: \ign_demo\CARS
info: Win32Emu.Emulator[0]
      [VHD Creation] Copying file 26/180: CARS.TEX
info: Win32Emu.Emulator[0]
      [DiskVFS] FindCaseInsensitivePath: Searching for '\ign_demo\CARS\CARS.TEX'
info: Win32Emu.Emulator[0]
      [DiskVFS] FindCaseInsensitivePath: Checking directory='\ign_demo\CARS', filename='CARS.TEX'
dbug: Win32Emu.Emulator[0]
      [DiskVFS] Opened file: \ign_demo\CARS\CARS.TEX
info: Win32Emu.Emulator[0]
      [VHD Creation] Successfully copied CARS.TEX (393280 bytes) [26/180]
dbug: Win32Emu.Emulator[0]
      Created directory: \ign_demo
dbug: Win32Emu.Emulator[0]
      [DiskVFS] Created directory: \ign_demo\GHOSTS
dbug: Win32Emu.Emulator[0]
      Created directory: \ign_demo\GHOSTS
info: Win32Emu.Emulator[0]
      [VHD Creation] Copying file 27/180: README.TXT
info: Win32Emu.Emulator[0]
      [DiskVFS] FindCaseInsensitivePath: Searching for '\ign_demo\GHOSTS\README.TXT'
info: Win32Emu.Emulator[0]
      [DiskVFS] FindCaseInsensitivePath: Checking directory='\ign_demo\GHOSTS', filename='README.TXT'
dbug: Win32Emu.Emulator[0]
      [DiskVFS] Opened file: \ign_demo\GHOSTS\README.TXT
info: Win32Emu.Emulator[0]
      [VHD Creation] Successfully copied README.TXT (101 bytes) [27/180]
dbug: Win32Emu.Emulator[0]
      Created directory: \ign_demo
dbug: Win32Emu.Emulator[0]
      [DiskVFS] Created directory: \ign_demo\FONTS
dbug: Win32Emu.Emulator[0]
      Created directory: \ign_demo\FONTS
info: Win32Emu.Emulator[0]
      [VHD Creation] Copying file 28/180: IGNITION.FNT
info: Win32Emu.Emulator[0]
      [DiskVFS] FindCaseInsensitivePath: Searching for '\ign_demo\FONTS\IGNITION.FNT'
info: Win32Emu.Emulator[0]
      [DiskVFS] FindCaseInsensitivePath: Checking directory='\ign_demo\FONTS', filename='IGNITION.FNT'
dbug: Win32Emu.Emulator[0]
      [DiskVFS] Opened file: \ign_demo\FONTS\IGNITION.FNT
info: Win32Emu.Emulator[0]
      [VHD Creation] Successfully copied IGNITION.FNT (5400 bytes) [28/180]
dbug: Win32Emu.Emulator[0]
      Created directory: \ign_demo
dbug: Win32Emu.Emulator[0]
      Created directory: \ign_demo\FONTS
info: Win32Emu.Emulator[0]
      [VHD Creation] Copying file 29/180: SPEED_H.LFT
info: Win32Emu.Emulator[0]
      [DiskVFS] FindCaseInsensitivePath: Searching for '\ign_demo\FONTS\SPEED_H.LFT'
info: Win32Emu.Emulator[0]
      [DiskVFS] FindCaseInsensitivePath: Checking directory='\ign_demo\FONTS', filename='SPEED_H.LFT'
dbug: Win32Emu.Emulator[0]
      [DiskVFS] Opened file: \ign_demo\FONTS\SPEED_H.LFT
info: Win32Emu.Emulator[0]
      [VHD Creation] Successfully copied SPEED_H.LFT (7344 bytes) [29/180]
dbug: Win32Emu.Emulator[0]
      Created directory: \ign_demo
dbug: Win32Emu.Emulator[0]
      Created directory: \ign_demo\FONTS
info: Win32Emu.Emulator[0]
      [VHD Creation] Copying file 30/180: SPEED_S.LFT
info: Win32Emu.Emulator[0]
      [DiskVFS] FindCaseInsensitivePath: Searching for '\ign_demo\FONTS\SPEED_S.LFT'
info: Win32Emu.Emulator[0]
      [DiskVFS] FindCaseInsensitivePath: Checking directory='\ign_demo\FONTS', filename='SPEED_S.LFT'
dbug: Win32Emu.Emulator[0]
      [DiskVFS] Opened file: \ign_demo\FONTS\SPEED_S.LFT
info: Win32Emu.Emulator[0]
      [VHD Creation] Successfully copied SPEED_S.LFT (2404 bytes) [30/180]
dbug: Win32Emu.Emulator[0]
      Created directory: \ign_demo
dbug: Win32Emu.Emulator[0]
      Created directory: \ign_demo\FONTS
info: Win32Emu.Emulator[0]
      [VHD Creation] Copying file 31/180: YELLOW_H.LFT
info: Win32Emu.Emulator[0]
      [DiskVFS] FindCaseInsensitivePath: Searching for '\ign_demo\FONTS\YELLOW_H.LFT'
info: Win32Emu.Emulator[0]
      [DiskVFS] FindCaseInsensitivePath: Checking directory='\ign_demo\FONTS', filename='YELLOW_H.LFT'
dbug: Win32Emu.Emulator[0]
      [DiskVFS] Opened file: \ign_demo\FONTS\YELLOW_H.LFT
info: Win32Emu.Emulator[0]
      [VHD Creation] Successfully copied YELLOW_H.LFT (7380 bytes) [31/180]
dbug: Win32Emu.Emulator[0]
      Created directory: \ign_demo
dbug: Win32Emu.Emulator[0]
      Created directory: \ign_demo\FONTS
info: Win32Emu.Emulator[0]
      [VHD Creation] Copying file 32/180: RESULT.LFT
info: Win32Emu.Emulator[0]
      [DiskVFS] FindCaseInsensitivePath: Searching for '\ign_demo\FONTS\RESULT.LFT'
info: Win32Emu.Emulator[0]
      [DiskVFS] FindCaseInsensitivePath: Checking directory='\ign_demo\FONTS', filename='RESULT.LFT'
dbug: Win32Emu.Emulator[0]
      [DiskVFS] Opened file: \ign_demo\FONTS\RESULT.LFT
info: Win32Emu.Emulator[0]
      [VHD Creation] Successfully copied RESULT.LFT (5744 bytes) [32/180]
dbug: Win32Emu.Emulator[0]
      Created directory: \ign_demo
dbug: Win32Emu.Emulator[0]
      Created directory: \ign_demo\FONTS
info: Win32Emu.Emulator[0]
      [VHD Creation] Copying file 33/180: POS_H.LFT
info: Win32Emu.Emulator[0]
      [DiskVFS] FindCaseInsensitivePath: Searching for '\ign_demo\FONTS\POS_H.LFT'
info: Win32Emu.Emulator[0]
      [DiskVFS] FindCaseInsensitivePath: Checking directory='\ign_demo\FONTS', filename='POS_H.LFT'
dbug: Win32Emu.Emulator[0]
      [DiskVFS] Opened file: \ign_demo\FONTS\POS_H.LFT
info: Win32Emu.Emulator[0]
      [VHD Creation] Successfully copied POS_H.LFT (21660 bytes) [33/180]
dbug: Win32Emu.Emulator[0]
      Created directory: \ign_demo
dbug: Win32Emu.Emulator[0]
      Created directory: \ign_demo\FONTS
info: Win32Emu.Emulator[0]
      [VHD Creation] Copying file 34/180: SPEED.LFT
info: Win32Emu.Emulator[0]
      [DiskVFS] FindCaseInsensitivePath: Searching for '\ign_demo\FONTS\SPEED.LFT'
info: Win32Emu.Emulator[0]
      [DiskVFS] FindCaseInsensitivePath: Checking directory='\ign_demo\FONTS', filename='SPEED.LFT'
dbug: Win32Emu.Emulator[0]
      [DiskVFS] Opened file: \ign_demo\FONTS\SPEED.LFT
info: Win32Emu.Emulator[0]
      [VHD Creation] Successfully copied SPEED.LFT (3244 bytes) [34/180]
dbug: Win32Emu.Emulator[0]
      Created directory: \ign_demo
dbug: Win32Emu.Emulator[0]
      Created directory: \ign_demo\FONTS
info: Win32Emu.Emulator[0]
      [VHD Creation] Copying file 35/180: SMALL.LFT
info: Win32Emu.Emulator[0]
      [DiskVFS] FindCaseInsensitivePath: Searching for '\ign_demo\FONTS\SMALL.LFT'
info: Win32Emu.Emulator[0]
      [DiskVFS] FindCaseInsensitivePath: Checking directory='\ign_demo\FONTS', filename='SMALL.LFT'
dbug: Win32Emu.Emulator[0]
      [DiskVFS] Opened file: \ign_demo\FONTS\SMALL.LFT
info: Win32Emu.Emulator[0]
      [VHD Creation] Successfully copied SMALL.LFT (9012 bytes) [35/180]
dbug: Win32Emu.Emulator[0]
      Created directory: \ign_demo
dbug: Win32Emu.Emulator[0]
      Created directory: \ign_demo\FONTS
info: Win32Emu.Emulator[0]
      [VHD Creation] Copying file 36/180: POS_S.LFT
info: Win32Emu.Emulator[0]
      [DiskVFS] FindCaseInsensitivePath: Searching for '\ign_demo\FONTS\POS_S.LFT'
info: Win32Emu.Emulator[0]
      [DiskVFS] FindCaseInsensitivePath: Checking directory='\ign_demo\FONTS', filename='POS_S.LFT'
dbug: Win32Emu.Emulator[0]
      [DiskVFS] Opened file: \ign_demo\FONTS\POS_S.LFT
info: Win32Emu.Emulator[0]
      [VHD Creation] Successfully copied POS_S.LFT (4005 bytes) [36/180]
dbug: Win32Emu.Emulator[0]
      Created directory: \ign_demo
dbug: Win32Emu.Emulator[0]
      Created directory: \ign_demo\FONTS
info: Win32Emu.Emulator[0]
      [VHD Creation] Copying file 37/180: POS.LFT
info: Win32Emu.Emulator[0]
      [DiskVFS] FindCaseInsensitivePath: Searching for '\ign_demo\FONTS\POS.LFT'
info: Win32Emu.Emulator[0]
      [DiskVFS] FindCaseInsensitivePath: Checking directory='\ign_demo\FONTS', filename='POS.LFT'
dbug: Win32Emu.Emulator[0]
      [DiskVFS] Opened file: \ign_demo\FONTS\POS.LFT
info: Win32Emu.Emulator[0]
      [VHD Creation] Successfully copied POS.LFT (7920 bytes) [37/180]
dbug: Win32Emu.Emulator[0]
      Created directory: \ign_demo
dbug: Win32Emu.Emulator[0]
      Created directory: \ign_demo\FONTS
info: Win32Emu.Emulator[0]
      [VHD Creation] Copying file 38/180: YELLOW.LFT
info: Win32Emu.Emulator[0]
      [DiskVFS] FindCaseInsensitivePath: Searching for '\ign_demo\FONTS\YELLOW.LFT'
info: Win32Emu.Emulator[0]
      [DiskVFS] FindCaseInsensitivePath: Checking directory='\ign_demo\FONTS', filename='YELLOW.LFT'
dbug: Win32Emu.Emulator[0]
      [DiskVFS] Opened file: \ign_demo\FONTS\YELLOW.LFT
info: Win32Emu.Emulator[0]
      [VHD Creation] Successfully copied YELLOW.LFT (3432 bytes) [38/180]
dbug: Win32Emu.Emulator[0]
      Created directory: \ign_demo
dbug: Win32Emu.Emulator[0]
      Created directory: \ign_demo\FONTS
info: Win32Emu.Emulator[0]
      [VHD Creation] Copying file 39/180: MINI.LFT
info: Win32Emu.Emulator[0]
      [DiskVFS] FindCaseInsensitivePath: Searching for '\ign_demo\FONTS\MINI.LFT'
info: Win32Emu.Emulator[0]
      [DiskVFS] FindCaseInsensitivePath: Checking directory='\ign_demo\FONTS', filename='MINI.LFT'
dbug: Win32Emu.Emulator[0]
      [DiskVFS] Opened file: \ign_demo\FONTS\MINI.LFT
info: Win32Emu.Emulator[0]
      [VHD Creation] Successfully copied MINI.LFT (4660 bytes) [39/180]
dbug: Win32Emu.Emulator[0]
      Created directory: \ign_demo
dbug: Win32Emu.Emulator[0]
      Created directory: \ign_demo\FONTS
info: Win32Emu.Emulator[0]
      [VHD Creation] Copying file 40/180: YELLOW_S.LFT
info: Win32Emu.Emulator[0]
      [DiskVFS] FindCaseInsensitivePath: Searching for '\ign_demo\FONTS\YELLOW_S.LFT'
info: Win32Emu.Emulator[0]
      [DiskVFS] FindCaseInsensitivePath: Checking directory='\ign_demo\FONTS', filename='YELLOW_S.LFT'
dbug: Win32Emu.Emulator[0]
      [DiskVFS] Opened file: \ign_demo\FONTS\YELLOW_S.LFT
info: Win32Emu.Emulator[0]
      [VHD Creation] Successfully copied YELLOW_S.LFT (2724 bytes) [40/180]
dbug: Win32Emu.Emulator[0]
      Created directory: \ign_demo
dbug: Win32Emu.Emulator[0]
      [DiskVFS] Created directory: \ign_demo\BALTAZAR
dbug: Win32Emu.Emulator[0]
      Created directory: \ign_demo\BALTAZAR
dbug: Win32Emu.Emulator[0]
      [DiskVFS] Created directory: \ign_demo\BALTAZAR\DATA
dbug: Win32Emu.Emulator[0]
      Created directory: \ign_demo\BALTAZAR\DATA
info: Win32Emu.Emulator[0]
      [VHD Creation] Copying file 41/180: DEMOCAR.PIC
info: Win32Emu.Emulator[0]
      [DiskVFS] FindCaseInsensitivePath: Searching for '\ign_demo\BALTAZAR\DATA\DEMOCAR.PIC'
info: Win32Emu.Emulator[0]
      [DiskVFS] FindCaseInsensitivePath: Checking directory='\ign_demo\BALTAZAR\DATA', filename='DEMOCAR.PIC'
dbug: Win32Emu.Emulator[0]
      [DiskVFS] Opened file: \ign_demo\BALTAZAR\DATA\DEMOCAR.PIC
info: Win32Emu.Emulator[0]
      [VHD Creation] Successfully copied DEMOCAR.PIC (125652 bytes) [41/180]
dbug: Win32Emu.Emulator[0]
      Created directory: \ign_demo
dbug: Win32Emu.Emulator[0]
      Created directory: \ign_demo\BALTAZAR
dbug: Win32Emu.Emulator[0]
      Created directory: \ign_demo\BALTAZAR\DATA
info: Win32Emu.Emulator[0]
      [VHD Creation] Copying file 42/180: BILAR.PIC
info: Win32Emu.Emulator[0]
      [DiskVFS] FindCaseInsensitivePath: Searching for '\ign_demo\BALTAZAR\DATA\BILAR.PIC'
info: Win32Emu.Emulator[0]
      [DiskVFS] FindCaseInsensitivePath: Checking directory='\ign_demo\BALTAZAR\DATA', filename='BILAR.PIC'
dbug: Win32Emu.Emulator[0]
      [DiskVFS] Opened file: \ign_demo\BALTAZAR\DATA\BILAR.PIC
info: Win32Emu.Emulator[0]
      [VHD Creation] Successfully copied BILAR.PIC (125652 bytes) [42/180]
dbug: Win32Emu.Emulator[0]
      Created directory: \ign_demo
dbug: Win32Emu.Emulator[0]
      Created directory: \ign_demo\BALTAZAR
dbug: Win32Emu.Emulator[0]
      Created directory: \ign_demo\BALTAZAR\DATA
info: Win32Emu.Emulator[0]
      [VHD Creation] Copying file 43/180: TEST.PFM
info: Win32Emu.Emulator[0]
      [DiskVFS] FindCaseInsensitivePath: Searching for '\ign_demo\BALTAZAR\DATA\TEST.PFM'
info: Win32Emu.Emulator[0]
      [DiskVFS] FindCaseInsensitivePath: Checking directory='\ign_demo\BALTAZAR\DATA', filename='TEST.PFM'
dbug: Win32Emu.Emulator[0]
      [DiskVFS] Opened file: \ign_demo\BALTAZAR\DATA\TEST.PFM
info: Win32Emu.Emulator[0]
      [VHD Creation] Successfully copied TEST.PFM (5831571 bytes) [43/180]
dbug: Win32Emu.Emulator[0]
      Created directory: \ign_demo
dbug: Win32Emu.Emulator[0]
      Created directory: \ign_demo\BALTAZAR
dbug: Win32Emu.Emulator[0]
      Created directory: \ign_demo\BALTAZAR\DATA
info: Win32Emu.Emulator[0]
      [VHD Creation] Copying file 44/180: MENUCAR.PLC
info: Win32Emu.Emulator[0]
      [DiskVFS] FindCaseInsensitivePath: Searching for '\ign_demo\BALTAZAR\DATA\MENUCAR.PLC'
info: Win32Emu.Emulator[0]
      [DiskVFS] FindCaseInsensitivePath: Checking directory='\ign_demo\BALTAZAR\DATA', filename='MENUCAR.PLC'
dbug: Win32Emu.Emulator[0]
      [DiskVFS] Opened file: \ign_demo\BALTAZAR\DATA\MENUCAR.PLC
info: Win32Emu.Emulator[0]
      [VHD Creation] Successfully copied MENUCAR.PLC (224 bytes) [44/180]
dbug: Win32Emu.Emulator[0]
      Created directory: \ign_demo
dbug: Win32Emu.Emulator[0]
      Created directory: \ign_demo\BALTAZAR
dbug: Win32Emu.Emulator[0]
      Created directory: \ign_demo\BALTAZAR\DATA
info: Win32Emu.Emulator[0]
      [VHD Creation] Copying file 45/180: MENUCAR.TEX
info: Win32Emu.Emulator[0]
      [DiskVFS] FindCaseInsensitivePath: Searching for '\ign_demo\BALTAZAR\DATA\MENUCAR.TEX'
info: Win32Emu.Emulator[0]
      [DiskVFS] FindCaseInsensitivePath: Checking directory='\ign_demo\BALTAZAR\DATA', filename='MENUCAR.TEX'
dbug: Win32Emu.Emulator[0]
      [DiskVFS] Opened file: \ign_demo\BALTAZAR\DATA\MENUCAR.TEX
info: Win32Emu.Emulator[0]
      [VHD Creation] Successfully copied MENUCAR.TEX (393280 bytes) [45/180]
dbug: Win32Emu.Emulator[0]
      Created directory: \ign_demo
dbug: Win32Emu.Emulator[0]
      Created directory: \ign_demo\BALTAZAR
dbug: Win32Emu.Emulator[0]
      Created directory: \ign_demo\BALTAZAR\DATA
info: Win32Emu.Emulator[0]
      [VHD Creation] Copying file 46/180: MARK.PIC
info: Win32Emu.Emulator[0]
      [DiskVFS] FindCaseInsensitivePath: Searching for '\ign_demo\BALTAZAR\DATA\MARK.PIC'
info: Win32Emu.Emulator[0]
      [DiskVFS] FindCaseInsensitivePath: Checking directory='\ign_demo\BALTAZAR\DATA', filename='MARK.PIC'
dbug: Win32Emu.Emulator[0]
      [DiskVFS] Opened file: \ign_demo\BALTAZAR\DATA\MARK.PIC
info: Win32Emu.Emulator[0]
      [VHD Creation] Successfully copied MARK.PIC (2894 bytes) [46/180]
dbug: Win32Emu.Emulator[0]
      Created directory: \ign_demo
dbug: Win32Emu.Emulator[0]
      Created directory: \ign_demo\BALTAZAR
dbug: Win32Emu.Emulator[0]
      Created directory: \ign_demo\BALTAZAR\DATA
info: Win32Emu.Emulator[0]
      [VHD Creation] Copying file 47/180: MENU.TAB
info: Win32Emu.Emulator[0]
      [DiskVFS] FindCaseInsensitivePath: Searching for '\ign_demo\BALTAZAR\DATA\MENU.TAB'
info: Win32Emu.Emulator[0]
      [DiskVFS] FindCaseInsensitivePath: Checking directory='\ign_demo\BALTAZAR\DATA', filename='MENU.TAB'
dbug: Win32Emu.Emulator[0]
      [DiskVFS] Opened file: \ign_demo\BALTAZAR\DATA\MENU.TAB
info: Win32Emu.Emulator[0]
      [VHD Creation] Successfully copied MENU.TAB (65536 bytes) [47/180]
dbug: Win32Emu.Emulator[0]
      Created directory: \ign_demo
dbug: Win32Emu.Emulator[0]
      Created directory: \ign_demo\BALTAZAR
dbug: Win32Emu.Emulator[0]
      Created directory: \ign_demo\BALTAZAR\DATA
info: Win32Emu.Emulator[0]
      [VHD Creation] Copying file 48/180: IGN2.CDP
info: Win32Emu.Emulator[0]
      [DiskVFS] FindCaseInsensitivePath: Searching for '\ign_demo\BALTAZAR\DATA\IGN2.CDP'
info: Win32Emu.Emulator[0]
      [DiskVFS] FindCaseInsensitivePath: Checking directory='\ign_demo\BALTAZAR\DATA', filename='IGN2.CDP'
dbug: Win32Emu.Emulator[0]
      [DiskVFS] Opened file: \ign_demo\BALTAZAR\DATA\IGN2.CDP
info: Win32Emu.Emulator[0]
      [VHD Creation] Successfully copied IGN2.CDP (0 bytes) [48/180]
dbug: Win32Emu.Emulator[0]
      Created directory: \ign_demo
dbug: Win32Emu.Emulator[0]
      Created directory: \ign_demo\BALTAZAR
dbug: Win32Emu.Emulator[0]
      Created directory: \ign_demo\BALTAZAR\DATA
info: Win32Emu.Emulator[0]
      [VHD Creation] Copying file 49/180: RED_DARK.LFT
info: Win32Emu.Emulator[0]
      [DiskVFS] FindCaseInsensitivePath: Searching for '\ign_demo\BALTAZAR\DATA\RED_DARK.LFT'
info: Win32Emu.Emulator[0]
      [DiskVFS] FindCaseInsensitivePath: Checking directory='\ign_demo\BALTAZAR\DATA', filename='RED_DARK.LFT'
dbug: Win32Emu.Emulator[0]
      [DiskVFS] Opened file: \ign_demo\BALTAZAR\DATA\RED_DARK.LFT
info: Win32Emu.Emulator[0]
      [VHD Creation] Successfully copied RED_DARK.LFT (14349 bytes) [49/180]
dbug: Win32Emu.Emulator[0]
      Created directory: \ign_demo
dbug: Win32Emu.Emulator[0]
      Created directory: \ign_demo\BALTAZAR
dbug: Win32Emu.Emulator[0]
      Created directory: \ign_demo\BALTAZAR\DATA
info: Win32Emu.Emulator[0]
      [VHD Creation] Copying file 50/180: DEFAULT.PSQ
info: Win32Emu.Emulator[0]
      [DiskVFS] FindCaseInsensitivePath: Searching for '\ign_demo\BALTAZAR\DATA\DEFAULT.PSQ'
info: Win32Emu.Emulator[0]
      [DiskVFS] FindCaseInsensitivePath: Checking directory='\ign_demo\BALTAZAR\DATA', filename='DEFAULT.PSQ'
dbug: Win32Emu.Emulator[0]
      [DiskVFS] Opened file: \ign_demo\BALTAZAR\DATA\DEFAULT.PSQ
info: Win32Emu.Emulator[0]
      [VHD Creation] Successfully copied DEFAULT.PSQ (288 bytes) [50/180]
dbug: Win32Emu.Emulator[0]
      Created directory: \ign_demo
dbug: Win32Emu.Emulator[0]
      Created directory: \ign_demo\BALTAZAR
dbug: Win32Emu.Emulator[0]
      Created directory: \ign_demo\BALTAZAR\DATA
info: Win32Emu.Emulator[0]
      [VHD Creation] Copying file 51/180: IGN1.CDP
info: Win32Emu.Emulator[0]
      [DiskVFS] FindCaseInsensitivePath: Searching for '\ign_demo\BALTAZAR\DATA\IGN1.CDP'
info: Win32Emu.Emulator[0]
      [DiskVFS] FindCaseInsensitivePath: Checking directory='\ign_demo\BALTAZAR\DATA', filename='IGN1.CDP'
dbug: Win32Emu.Emulator[0]
      [DiskVFS] Opened file: \ign_demo\BALTAZAR\DATA\IGN1.CDP
info: Win32Emu.Emulator[0]
      [VHD Creation] Successfully copied IGN1.CDP (0 bytes) [51/180]
dbug: Win32Emu.Emulator[0]
      Created directory: \ign_demo
dbug: Win32Emu.Emulator[0]
      Created directory: \ign_demo\BALTAZAR
dbug: Win32Emu.Emulator[0]
      Created directory: \ign_demo\BALTAZAR\DATA
info: Win32Emu.Emulator[0]
      [VHD Creation] Copying file 52/180: RED_LITE.LFT
info: Win32Emu.Emulator[0]
      [DiskVFS] FindCaseInsensitivePath: Searching for '\ign_demo\BALTAZAR\DATA\RED_LITE.LFT'
info: Win32Emu.Emulator[0]
      [DiskVFS] FindCaseInsensitivePath: Checking directory='\ign_demo\BALTAZAR\DATA', filename='RED_LITE.LFT'
dbug: Win32Emu.Emulator[0]
      [DiskVFS] Opened file: \ign_demo\BALTAZAR\DATA\RED_LITE.LFT
info: Win32Emu.Emulator[0]
      [VHD Creation] Successfully copied RED_LITE.LFT (14349 bytes) [52/180]
dbug: Win32Emu.Emulator[0]
      Created directory: \ign_demo
dbug: Win32Emu.Emulator[0]
      Created directory: \ign_demo\BALTAZAR
dbug: Win32Emu.Emulator[0]
      Created directory: \ign_demo\BALTAZAR\DATA
info: Win32Emu.Emulator[0]
      [VHD Creation] Copying file 53/180: BLUELITE.LFT
info: Win32Emu.Emulator[0]
      [DiskVFS] FindCaseInsensitivePath: Searching for '\ign_demo\BALTAZAR\DATA\BLUELITE.LFT'
info: Win32Emu.Emulator[0]
      [DiskVFS] FindCaseInsensitivePath: Checking directory='\ign_demo\BALTAZAR\DATA', filename='BLUELITE.LFT'
dbug: Win32Emu.Emulator[0]
      [DiskVFS] Opened file: \ign_demo\BALTAZAR\DATA\BLUELITE.LFT
info: Win32Emu.Emulator[0]
      [VHD Creation] Successfully copied BLUELITE.LFT (14349 bytes) [53/180]
dbug: Win32Emu.Emulator[0]
      Created directory: \ign_demo
dbug: Win32Emu.Emulator[0]
      Created directory: \ign_demo\BALTAZAR
dbug: Win32Emu.Emulator[0]
      Created directory: \ign_demo\BALTAZAR\DATA
info: Win32Emu.Emulator[0]
      [VHD Creation] Copying file 54/180: IGN3_2.CDP
info: Win32Emu.Emulator[0]
      [DiskVFS] FindCaseInsensitivePath: Searching for '\ign_demo\BALTAZAR\DATA\IGN3_2.CDP'
info: Win32Emu.Emulator[0]
      [DiskVFS] FindCaseInsensitivePath: Checking directory='\ign_demo\BALTAZAR\DATA', filename='IGN3_2.CDP'
dbug: Win32Emu.Emulator[0]
      [DiskVFS] Opened file: \ign_demo\BALTAZAR\DATA\IGN3_2.CDP
info: Win32Emu.Emulator[0]
      [VHD Creation] Successfully copied IGN3_2.CDP (0 bytes) [54/180]
dbug: Win32Emu.Emulator[0]
      Created directory: \ign_demo
dbug: Win32Emu.Emulator[0]
      Created directory: \ign_demo\BALTAZAR
dbug: Win32Emu.Emulator[0]
      Created directory: \ign_demo\BALTAZAR\DATA
info: Win32Emu.Emulator[0]
      [VHD Creation] Copying file 55/180: CAR_SEL.PIC
info: Win32Emu.Emulator[0]
      [DiskVFS] FindCaseInsensitivePath: Searching for '\ign_demo\BALTAZAR\DATA\CAR_SEL.PIC'
info: Win32Emu.Emulator[0]
      [DiskVFS] FindCaseInsensitivePath: Checking directory='\ign_demo\BALTAZAR\DATA', filename='CAR_SEL.PIC'
dbug: Win32Emu.Emulator[0]
      [DiskVFS] Opened file: \ign_demo\BALTAZAR\DATA\CAR_SEL.PIC
info: Win32Emu.Emulator[0]
      [VHD Creation] Successfully copied CAR_SEL.PIC (19716 bytes) [55/180]
dbug: Win32Emu.Emulator[0]
      Created directory: \ign_demo
dbug: Win32Emu.Emulator[0]
      Created directory: \ign_demo\BALTAZAR
dbug: Win32Emu.Emulator[0]
      Created directory: \ign_demo\BALTAZAR\DATA
info: Win32Emu.Emulator[0]
      [VHD Creation] Copying file 56/180: PCGAMER.PIC
info: Win32Emu.Emulator[0]
      [DiskVFS] FindCaseInsensitivePath: Searching for '\ign_demo\BALTAZAR\DATA\PCGAMER.PIC'
info: Win32Emu.Emulator[0]
      [DiskVFS] FindCaseInsensitivePath: Checking directory='\ign_demo\BALTAZAR\DATA', filename='PCGAMER.PIC'
dbug: Win32Emu.Emulator[0]
      [DiskVFS] Opened file: \ign_demo\BALTAZAR\DATA\PCGAMER.PIC
info: Win32Emu.Emulator[0]
      [VHD Creation] Successfully copied PCGAMER.PIC (64846 bytes) [56/180]
dbug: Win32Emu.Emulator[0]
      Created directory: \ign_demo
dbug: Win32Emu.Emulator[0]
      Created directory: \ign_demo\BALTAZAR
dbug: Win32Emu.Emulator[0]
      Created directory: \ign_demo\BALTAZAR\DATA
info: Win32Emu.Emulator[0]
      [VHD Creation] Copying file 57/180: MENUCAR.MSH
info: Win32Emu.Emulator[0]
      [DiskVFS] FindCaseInsensitivePath: Searching for '\ign_demo\BALTAZAR\DATA\MENUCAR.MSH'
info: Win32Emu.Emulator[0]
      [DiskVFS] FindCaseInsensitivePath: Checking directory='\ign_demo\BALTAZAR\DATA', filename='MENUCAR.MSH'
dbug: Win32Emu.Emulator[0]
      [DiskVFS] Opened file: \ign_demo\BALTAZAR\DATA\MENUCAR.MSH
info: Win32Emu.Emulator[0]
      [VHD Creation] Successfully copied MENUCAR.MSH (82876 bytes) [57/180]
dbug: Win32Emu.Emulator[0]
      Created directory: \ign_demo
dbug: Win32Emu.Emulator[0]
      Created directory: \ign_demo\BALTAZAR
dbug: Win32Emu.Emulator[0]
      Created directory: \ign_demo\BALTAZAR\DATA
info: Win32Emu.Emulator[0]
      [VHD Creation] Copying file 58/180: BLUEDARK.LFT
info: Win32Emu.Emulator[0]
      [DiskVFS] FindCaseInsensitivePath: Searching for '\ign_demo\BALTAZAR\DATA\BLUEDARK.LFT'
info: Win32Emu.Emulator[0]
      [DiskVFS] FindCaseInsensitivePath: Checking directory='\ign_demo\BALTAZAR\DATA', filename='BLUEDARK.LFT'
dbug: Win32Emu.Emulator[0]
      [DiskVFS] Opened file: \ign_demo\BALTAZAR\DATA\BLUEDARK.LFT
info: Win32Emu.Emulator[0]
      [VHD Creation] Successfully copied BLUEDARK.LFT (14349 bytes) [58/180]
dbug: Win32Emu.Emulator[0]
      Created directory: \ign_demo
dbug: Win32Emu.Emulator[0]
      Created directory: \ign_demo\BALTAZAR
dbug: Win32Emu.Emulator[0]
      Created directory: \ign_demo\BALTAZAR\DATA
info: Win32Emu.Emulator[0]
      [VHD Creation] Copying file 59/180: RED_GREY.LFT
info: Win32Emu.Emulator[0]
      [DiskVFS] FindCaseInsensitivePath: Searching for '\ign_demo\BALTAZAR\DATA\RED_GREY.LFT'
info: Win32Emu.Emulator[0]
      [DiskVFS] FindCaseInsensitivePath: Checking directory='\ign_demo\BALTAZAR\DATA', filename='RED_GREY.LFT'
dbug: Win32Emu.Emulator[0]
      [DiskVFS] Opened file: \ign_demo\BALTAZAR\DATA\RED_GREY.LFT
info: Win32Emu.Emulator[0]
      [VHD Creation] Successfully copied RED_GREY.LFT (14349 bytes) [59/180]
dbug: Win32Emu.Emulator[0]
      Created directory: \ign_demo
dbug: Win32Emu.Emulator[0]
      Created directory: \ign_demo\BALTAZAR
dbug: Win32Emu.Emulator[0]
      Created directory: \ign_demo\BALTAZAR\DATA
info: Win32Emu.Emulator[0]
      [VHD Creation] Copying file 60/180: CONSPR.PIC
info: Win32Emu.Emulator[0]
      [DiskVFS] FindCaseInsensitivePath: Searching for '\ign_demo\BALTAZAR\DATA\CONSPR.PIC'
info: Win32Emu.Emulator[0]
      [DiskVFS] FindCaseInsensitivePath: Checking directory='\ign_demo\BALTAZAR\DATA', filename='CONSPR.PIC'
dbug: Win32Emu.Emulator[0]
      [DiskVFS] Opened file: \ign_demo\BALTAZAR\DATA\CONSPR.PIC
info: Win32Emu.Emulator[0]
      [VHD Creation] Successfully copied CONSPR.PIC (3698 bytes) [60/180]
dbug: Win32Emu.Emulator[0]
      Created directory: \ign_demo
dbug: Win32Emu.Emulator[0]
      Created directory: \ign_demo\BALTAZAR
dbug: Win32Emu.Emulator[0]
      Created directory: \ign_demo\BALTAZAR\DATA
info: Win32Emu.Emulator[0]
      [VHD Creation] Copying file 61/180: MENU.COL
info: Win32Emu.Emulator[0]
      [DiskVFS] FindCaseInsensitivePath: Searching for '\ign_demo\BALTAZAR\DATA\MENU.COL'
info: Win32Emu.Emulator[0]
      [DiskVFS] FindCaseInsensitivePath: Checking directory='\ign_demo\BALTAZAR\DATA', filename='MENU.COL'
dbug: Win32Emu.Emulator[0]
      [DiskVFS] Opened file: \ign_demo\BALTAZAR\DATA\MENU.COL
info: Win32Emu.Emulator[0]
      [VHD Creation] Successfully copied MENU.COL (776 bytes) [61/180]
dbug: Win32Emu.Emulator[0]
      Created directory: \ign_demo
dbug: Win32Emu.Emulator[0]
      Created directory: \ign_demo\BALTAZAR
dbug: Win32Emu.Emulator[0]
      Created directory: \ign_demo\BALTAZAR\DATA
info: Win32Emu.Emulator[0]
      [VHD Creation] Copying file 62/180: FLAGGOR.PIC
info: Win32Emu.Emulator[0]
      [DiskVFS] FindCaseInsensitivePath: Searching for '\ign_demo\BALTAZAR\DATA\FLAGGOR.PIC'
info: Win32Emu.Emulator[0]
      [DiskVFS] FindCaseInsensitivePath: Checking directory='\ign_demo\BALTAZAR\DATA', filename='FLAGGOR.PIC'
dbug: Win32Emu.Emulator[0]
      [DiskVFS] Opened file: \ign_demo\BALTAZAR\DATA\FLAGGOR.PIC
info: Win32Emu.Emulator[0]
      [VHD Creation] Successfully copied FLAGGOR.PIC (39642 bytes) [62/180]
dbug: Win32Emu.Emulator[0]
      Created directory: \ign_demo
dbug: Win32Emu.Emulator[0]
      Created directory: \ign_demo\BALTAZAR
dbug: Win32Emu.Emulator[0]
      Created directory: \ign_demo\BALTAZAR\DATA
info: Win32Emu.Emulator[0]
      [VHD Creation] Copying file 63/180: IGN_LOGO.PIC
info: Win32Emu.Emulator[0]
      [DiskVFS] FindCaseInsensitivePath: Searching for '\ign_demo\BALTAZAR\DATA\IGN_LOGO.PIC'
info: Win32Emu.Emulator[0]
      [DiskVFS] FindCaseInsensitivePath: Checking directory='\ign_demo\BALTAZAR\DATA', filename='IGN_LOGO.PIC'
dbug: Win32Emu.Emulator[0]
      [DiskVFS] Opened file: \ign_demo\BALTAZAR\DATA\IGN_LOGO.PIC
info: Win32Emu.Emulator[0]
      [VHD Creation] Successfully copied IGN_LOGO.PIC (10707 bytes) [63/180]
dbug: Win32Emu.Emulator[0]
      Created directory: \ign_demo
dbug: Win32Emu.Emulator[0]
      Created directory: \ign_demo\BALTAZAR
dbug: Win32Emu.Emulator[0]
      Created directory: \ign_demo\BALTAZAR\DATA
info: Win32Emu.Emulator[0]
      [VHD Creation] Copying file 64/180: IGN3_0.CDP
info: Win32Emu.Emulator[0]
      [DiskVFS] FindCaseInsensitivePath: Searching for '\ign_demo\BALTAZAR\DATA\IGN3_0.CDP'
info: Win32Emu.Emulator[0]
      [DiskVFS] FindCaseInsensitivePath: Checking directory='\ign_demo\BALTAZAR\DATA', filename='IGN3_0.CDP'
dbug: Win32Emu.Emulator[0]
      [DiskVFS] Opened file: \ign_demo\BALTAZAR\DATA\IGN3_0.CDP
info: Win32Emu.Emulator[0]
      [VHD Creation] Successfully copied IGN3_0.CDP (0 bytes) [64/180]
dbug: Win32Emu.Emulator[0]
      Created directory: \ign_demo
dbug: Win32Emu.Emulator[0]
      Created directory: \ign_demo\BALTAZAR
dbug: Win32Emu.Emulator[0]
      Created directory: \ign_demo\BALTAZAR\DATA
info: Win32Emu.Emulator[0]
      [VHD Creation] Copying file 65/180: BLUEGREY.LFT
info: Win32Emu.Emulator[0]
      [DiskVFS] FindCaseInsensitivePath: Searching for '\ign_demo\BALTAZAR\DATA\BLUEGREY.LFT'
info: Win32Emu.Emulator[0]
      [DiskVFS] FindCaseInsensitivePath: Checking directory='\ign_demo\BALTAZAR\DATA', filename='BLUEGREY.LFT'
dbug: Win32Emu.Emulator[0]
      [DiskVFS] Opened file: \ign_demo\BALTAZAR\DATA\BLUEGREY.LFT
info: Win32Emu.Emulator[0]
      [VHD Creation] Successfully copied BLUEGREY.LFT (14349 bytes) [65/180]
dbug: Win32Emu.Emulator[0]
      Created directory: \ign_demo
dbug: Win32Emu.Emulator[0]
      Created directory: \ign_demo\BALTAZAR
dbug: Win32Emu.Emulator[0]
      Created directory: \ign_demo\BALTAZAR\DATA
info: Win32Emu.Emulator[0]
      [VHD Creation] Copying file 66/180: IGN3_3.CDP
info: Win32Emu.Emulator[0]
      [DiskVFS] FindCaseInsensitivePath: Searching for '\ign_demo\BALTAZAR\DATA\IGN3_3.CDP'
info: Win32Emu.Emulator[0]
      [DiskVFS] FindCaseInsensitivePath: Checking directory='\ign_demo\BALTAZAR\DATA', filename='IGN3_3.CDP'
dbug: Win32Emu.Emulator[0]
      [DiskVFS] Opened file: \ign_demo\BALTAZAR\DATA\IGN3_3.CDP
info: Win32Emu.Emulator[0]
      [VHD Creation] Successfully copied IGN3_3.CDP (0 bytes) [66/180]
dbug: Win32Emu.Emulator[0]
      Created directory: \ign_demo
dbug: Win32Emu.Emulator[0]
      Created directory: \ign_demo\BALTAZAR
dbug: Win32Emu.Emulator[0]
      Created directory: \ign_demo\BALTAZAR\DATA
info: Win32Emu.Emulator[0]
      [VHD Creation] Copying file 67/180: TRK_SPR.PIC
info: Win32Emu.Emulator[0]
      [DiskVFS] FindCaseInsensitivePath: Searching for '\ign_demo\BALTAZAR\DATA\TRK_SPR.PIC'
info: Win32Emu.Emulator[0]
      [DiskVFS] FindCaseInsensitivePath: Checking directory='\ign_demo\BALTAZAR\DATA', filename='TRK_SPR.PIC'
dbug: Win32Emu.Emulator[0]
      [DiskVFS] Opened file: \ign_demo\BALTAZAR\DATA\TRK_SPR.PIC
info: Win32Emu.Emulator[0]
      [VHD Creation] Successfully copied TRK_SPR.PIC (80541 bytes) [67/180]
dbug: Win32Emu.Emulator[0]
      Created directory: \ign_demo
dbug: Win32Emu.Emulator[0]
      Created directory: \ign_demo\BALTAZAR
dbug: Win32Emu.Emulator[0]
      Created directory: \ign_demo\BALTAZAR\DATA
info: Win32Emu.Emulator[0]
      [VHD Creation] Copying file 68/180: DEMOTRK.PIC
info: Win32Emu.Emulator[0]
      [DiskVFS] FindCaseInsensitivePath: Searching for '\ign_demo\BALTAZAR\DATA\DEMOTRK.PIC'
info: Win32Emu.Emulator[0]
      [DiskVFS] FindCaseInsensitivePath: Checking directory='\ign_demo\BALTAZAR\DATA', filename='DEMOTRK.PIC'
dbug: Win32Emu.Emulator[0]
      [DiskVFS] Opened file: \ign_demo\BALTAZAR\DATA\DEMOTRK.PIC
info: Win32Emu.Emulator[0]
      [VHD Creation] Successfully copied DEMOTRK.PIC (80541 bytes) [68/180]
dbug: Win32Emu.Emulator[0]
      Created directory: \ign_demo
dbug: Win32Emu.Emulator[0]
      Created directory: \ign_demo\BALTAZAR
dbug: Win32Emu.Emulator[0]
      Created directory: \ign_demo\BALTAZAR\DATA
info: Win32Emu.Emulator[0]
      [VHD Creation] Copying file 69/180: IGN3_1.CDP
info: Win32Emu.Emulator[0]
      [DiskVFS] FindCaseInsensitivePath: Searching for '\ign_demo\BALTAZAR\DATA\IGN3_1.CDP'
info: Win32Emu.Emulator[0]
      [DiskVFS] FindCaseInsensitivePath: Checking directory='\ign_demo\BALTAZAR\DATA', filename='IGN3_1.CDP'
dbug: Win32Emu.Emulator[0]
      [DiskVFS] Opened file: \ign_demo\BALTAZAR\DATA\IGN3_1.CDP
info: Win32Emu.Emulator[0]
      [VHD Creation] Successfully copied IGN3_1.CDP (0 bytes) [69/180]
dbug: Win32Emu.Emulator[0]
      Created directory: \ign_demo
dbug: Win32Emu.Emulator[0]
      [DiskVFS] Created directory: \ign_demo\LEVELS
dbug: Win32Emu.Emulator[0]
      Created directory: \ign_demo\LEVELS
dbug: Win32Emu.Emulator[0]
      [DiskVFS] Created directory: \ign_demo\LEVELS\CANADA
dbug: Win32Emu.Emulator[0]
      Created directory: \ign_demo\LEVELS\CANADA
info: Win32Emu.Emulator[0]
      [VHD Creation] Copying file 70/180: CANADA.PLC
info: Win32Emu.Emulator[0]
      [DiskVFS] FindCaseInsensitivePath: Searching for '\ign_demo\LEVELS\CANADA\CANADA.PLC'
info: Win32Emu.Emulator[0]
      [DiskVFS] FindCaseInsensitivePath: Checking directory='\ign_demo\LEVELS\CANADA', filename='CANADA.PLC'
dbug: Win32Emu.Emulator[0]
      [DiskVFS] Opened file: \ign_demo\LEVELS\CANADA\CANADA.PLC
info: Win32Emu.Emulator[0]
      [VHD Creation] Successfully copied CANADA.PLC (5644 bytes) [70/180]
dbug: Win32Emu.Emulator[0]
      Created directory: \ign_demo
dbug: Win32Emu.Emulator[0]
      Created directory: \ign_demo\LEVELS
dbug: Win32Emu.Emulator[0]
      Created directory: \ign_demo\LEVELS\CANADA
info: Win32Emu.Emulator[0]
      [VHD Creation] Copying file 71/180: CANADA.PIC
info: Win32Emu.Emulator[0]
      [DiskVFS] FindCaseInsensitivePath: Searching for '\ign_demo\LEVELS\CANADA\CANADA.PIC'
info: Win32Emu.Emulator[0]
      [DiskVFS] FindCaseInsensitivePath: Checking directory='\ign_demo\LEVELS\CANADA', filename='CANADA.PIC'
dbug: Win32Emu.Emulator[0]
      [DiskVFS] Opened file: \ign_demo\LEVELS\CANADA\CANADA.PIC
info: Win32Emu.Emulator[0]
      [VHD Creation] Successfully copied CANADA.PIC (64846 bytes) [71/180]
dbug: Win32Emu.Emulator[0]
      Created directory: \ign_demo
dbug: Win32Emu.Emulator[0]
      Created directory: \ign_demo\LEVELS
dbug: Win32Emu.Emulator[0]
      Created directory: \ign_demo\LEVELS\CANADA
info: Win32Emu.Emulator[0]
      [VHD Creation] Copying file 72/180: CANADA.MSH
info: Win32Emu.Emulator[0]
      [DiskVFS] FindCaseInsensitivePath: Searching for '\ign_demo\LEVELS\CANADA\CANADA.MSH'
info: Win32Emu.Emulator[0]
      [DiskVFS] FindCaseInsensitivePath: Checking directory='\ign_demo\LEVELS\CANADA', filename='CANADA.MSH'
dbug: Win32Emu.Emulator[0]
      [DiskVFS] Opened file: \ign_demo\LEVELS\CANADA\CANADA.MSH
info: Win32Emu.Emulator[0]
      [VHD Creation] Successfully copied CANADA.MSH (361032 bytes) [72/180]
dbug: Win32Emu.Emulator[0]
      Created directory: \ign_demo
dbug: Win32Emu.Emulator[0]
      Created directory: \ign_demo\LEVELS
dbug: Win32Emu.Emulator[0]
      Created directory: \ign_demo\LEVELS\CANADA
info: Win32Emu.Emulator[0]
      [VHD Creation] Copying file 73/180: CANADA.POS
info: Win32Emu.Emulator[0]
      [DiskVFS] FindCaseInsensitivePath: Searching for '\ign_demo\LEVELS\CANADA\CANADA.POS'
info: Win32Emu.Emulator[0]
      [DiskVFS] FindCaseInsensitivePath: Checking directory='\ign_demo\LEVELS\CANADA', filename='CANADA.POS'
dbug: Win32Emu.Emulator[0]
      [DiskVFS] Opened file: \ign_demo\LEVELS\CANADA\CANADA.POS
info: Win32Emu.Emulator[0]
      [VHD Creation] Successfully copied CANADA.POS (120216 bytes) [73/180]
dbug: Win32Emu.Emulator[0]
      Created directory: \ign_demo
dbug: Win32Emu.Emulator[0]
      Created directory: \ign_demo\LEVELS
dbug: Win32Emu.Emulator[0]
      Created directory: \ign_demo\LEVELS\CANADA
info: Win32Emu.Emulator[0]
      [VHD Creation] Copying file 74/180: CANADA.SRF
info: Win32Emu.Emulator[0]
      [DiskVFS] FindCaseInsensitivePath: Searching for '\ign_demo\LEVELS\CANADA\CANADA.SRF'
info: Win32Emu.Emulator[0]
      [DiskVFS] FindCaseInsensitivePath: Checking directory='\ign_demo\LEVELS\CANADA', filename='CANADA.SRF'
dbug: Win32Emu.Emulator[0]
      [DiskVFS] Opened file: \ign_demo\LEVELS\CANADA\CANADA.SRF
info: Win32Emu.Emulator[0]
      [VHD Creation] Successfully copied CANADA.SRF (388152 bytes) [74/180]
dbug: Win32Emu.Emulator[0]
      Created directory: \ign_demo
dbug: Win32Emu.Emulator[0]
      Created directory: \ign_demo\LEVELS
dbug: Win32Emu.Emulator[0]
      Created directory: \ign_demo\LEVELS\CANADA
info: Win32Emu.Emulator[0]
      [VHD Creation] Copying file 75/180: CANADA.TAB
info: Win32Emu.Emulator[0]
      [DiskVFS] FindCaseInsensitivePath: Searching for '\ign_demo\LEVELS\CANADA\CANADA.TAB'
info: Win32Emu.Emulator[0]
      [DiskVFS] FindCaseInsensitivePath: Checking directory='\ign_demo\LEVELS\CANADA', filename='CANADA.TAB'
dbug: Win32Emu.Emulator[0]
      [DiskVFS] Opened file: \ign_demo\LEVELS\CANADA\CANADA.TAB
info: Win32Emu.Emulator[0]
      [VHD Creation] Successfully copied CANADA.TAB (65536 bytes) [75/180]
dbug: Win32Emu.Emulator[0]
      Created directory: \ign_demo
dbug: Win32Emu.Emulator[0]
      Created directory: \ign_demo\LEVELS
dbug: Win32Emu.Emulator[0]
      Created directory: \ign_demo\LEVELS\CANADA
info: Win32Emu.Emulator[0]
      [VHD Creation] Copying file 76/180: CANADA.TRI
info: Win32Emu.Emulator[0]
      [DiskVFS] FindCaseInsensitivePath: Searching for '\ign_demo\LEVELS\CANADA\CANADA.TRI'
info: Win32Emu.Emulator[0]
      [DiskVFS] FindCaseInsensitivePath: Checking directory='\ign_demo\LEVELS\CANADA', filename='CANADA.TRI'
dbug: Win32Emu.Emulator[0]
      [DiskVFS] Opened file: \ign_demo\LEVELS\CANADA\CANADA.TRI
info: Win32Emu.Emulator[0]
      [VHD Creation] Successfully copied CANADA.TRI (141004 bytes) [76/180]
dbug: Win32Emu.Emulator[0]
      Created directory: \ign_demo
dbug: Win32Emu.Emulator[0]
      Created directory: \ign_demo\LEVELS
dbug: Win32Emu.Emulator[0]
      Created directory: \ign_demo\LEVELS\CANADA
info: Win32Emu.Emulator[0]
      [VHD Creation] Copying file 77/180: CANADA.TEX
info: Win32Emu.Emulator[0]
      [DiskVFS] FindCaseInsensitivePath: Searching for '\ign_demo\LEVELS\CANADA\CANADA.TEX'
info: Win32Emu.Emulator[0]
      [DiskVFS] FindCaseInsensitivePath: Checking directory='\ign_demo\LEVELS\CANADA', filename='CANADA.TEX'
dbug: Win32Emu.Emulator[0]
      [DiskVFS] Opened file: \ign_demo\LEVELS\CANADA\CANADA.TEX
info: Win32Emu.Emulator[0]
      [VHD Creation] Successfully copied CANADA.TEX (1048576 bytes) [77/180]
dbug: Win32Emu.Emulator[0]
      Created directory: \ign_demo
dbug: Win32Emu.Emulator[0]
      Created directory: \ign_demo\LEVELS
dbug: Win32Emu.Emulator[0]
      Created directory: \ign_demo\LEVELS\CANADA
info: Win32Emu.Emulator[0]
      [VHD Creation] Copying file 78/180: CANADA.SHD
info: Win32Emu.Emulator[0]
      [DiskVFS] FindCaseInsensitivePath: Searching for '\ign_demo\LEVELS\CANADA\CANADA.SHD'
info: Win32Emu.Emulator[0]
      [DiskVFS] FindCaseInsensitivePath: Checking directory='\ign_demo\LEVELS\CANADA', filename='CANADA.SHD'
dbug: Win32Emu.Emulator[0]
      [DiskVFS] Opened file: \ign_demo\LEVELS\CANADA\CANADA.SHD
info: Win32Emu.Emulator[0]
      [VHD Creation] Successfully copied CANADA.SHD (65536 bytes) [78/180]
dbug: Win32Emu.Emulator[0]
      Created directory: \ign_demo
dbug: Win32Emu.Emulator[0]
      Created directory: \ign_demo\LEVELS
dbug: Win32Emu.Emulator[0]
      Created directory: \ign_demo\LEVELS\CANADA
info: Win32Emu.Emulator[0]
      [VHD Creation] Copying file 79/180: CANADA.COL
info: Win32Emu.Emulator[0]
      [DiskVFS] FindCaseInsensitivePath: Searching for '\ign_demo\LEVELS\CANADA\CANADA.COL'
info: Win32Emu.Emulator[0]
      [DiskVFS] FindCaseInsensitivePath: Checking directory='\ign_demo\LEVELS\CANADA', filename='CANADA.COL'
dbug: Win32Emu.Emulator[0]
      [DiskVFS] Opened file: \ign_demo\LEVELS\CANADA\CANADA.COL
info: Win32Emu.Emulator[0]
      [VHD Creation] Successfully copied CANADA.COL (776 bytes) [79/180]
dbug: Win32Emu.Emulator[0]
      Created directory: \ign_demo
dbug: Win32Emu.Emulator[0]
      Created directory: \ign_demo\LEVELS
dbug: Win32Emu.Emulator[0]
      Created directory: \ign_demo\LEVELS\CANADA
info: Win32Emu.Emulator[0]
      [VHD Creation] Copying file 80/180: CANADA.PAN
info: Win32Emu.Emulator[0]
      [DiskVFS] FindCaseInsensitivePath: Searching for '\ign_demo\LEVELS\CANADA\CANADA.PAN'
info: Win32Emu.Emulator[0]
      [DiskVFS] FindCaseInsensitivePath: Checking directory='\ign_demo\LEVELS\CANADA', filename='CANADA.PAN'
dbug: Win32Emu.Emulator[0]
      [DiskVFS] Opened file: \ign_demo\LEVELS\CANADA\CANADA.PAN
info: Win32Emu.Emulator[0]
      [VHD Creation] Successfully copied CANADA.PAN (65536 bytes) [80/180]
dbug: Win32Emu.Emulator[0]
      Created directory: \ign_demo
dbug: Win32Emu.Emulator[0]
      Created directory: \ign_demo\GENERAL
dbug: Win32Emu.Emulator[0]
      [DiskVFS] Created directory: \ign_demo\GENERAL\SOUND
dbug: Win32Emu.Emulator[0]
      Created directory: \ign_demo\GENERAL\SOUND
dbug: Win32Emu.Emulator[0]
      [DiskVFS] Created directory: \ign_demo\GENERAL\SOUND\BOOST
dbug: Win32Emu.Emulator[0]
      Created directory: \ign_demo\GENERAL\SOUND\BOOST
info: Win32Emu.Emulator[0]
      [VHD Creation] Copying file 81/180: 09_SCHOO.WAV
info: Win32Emu.Emulator[0]
      [DiskVFS] FindCaseInsensitivePath: Searching for '\ign_demo\GENERAL\SOUND\BOOST\09_SCHOO.WAV'
info: Win32Emu.Emulator[0]
      [DiskVFS] FindCaseInsensitivePath: Checking directory='\ign_demo\GENERAL\SOUND\BOOST', filename='09_SCHOO.WAV'
dbug: Win32Emu.Emulator[0]
      [DiskVFS] Opened file: \ign_demo\GENERAL\SOUND\BOOST\09_SCHOO.WAV
info: Win32Emu.Emulator[0]
      [VHD Creation] Successfully copied 09_SCHOO.WAV (35446 bytes) [81/180]
dbug: Win32Emu.Emulator[0]
      Created directory: \ign_demo
dbug: Win32Emu.Emulator[0]
      Created directory: \ign_demo\GENERAL
dbug: Win32Emu.Emulator[0]
      Created directory: \ign_demo\GENERAL\SOUND
dbug: Win32Emu.Emulator[0]
      Created directory: \ign_demo\GENERAL\SOUND\BOOST
info: Win32Emu.Emulator[0]
      [VHD Creation] Copying file 82/180: 07_COP.PAT
info: Win32Emu.Emulator[0]
      [DiskVFS] FindCaseInsensitivePath: Searching for '\ign_demo\GENERAL\SOUND\BOOST\07_COP.PAT'
info: Win32Emu.Emulator[0]
      [DiskVFS] FindCaseInsensitivePath: Checking directory='\ign_demo\GENERAL\SOUND\BOOST', filename='07_COP.PAT'
dbug: Win32Emu.Emulator[0]
      [DiskVFS] Opened file: \ign_demo\GENERAL\SOUND\BOOST\07_COP.PAT
info: Win32Emu.Emulator[0]
      [VHD Creation] Successfully copied 07_COP.PAT (16112 bytes) [82/180]
dbug: Win32Emu.Emulator[0]
      Created directory: \ign_demo
dbug: Win32Emu.Emulator[0]
      Created directory: \ign_demo\GENERAL
dbug: Win32Emu.Emulator[0]
      Created directory: \ign_demo\GENERAL\SOUND
dbug: Win32Emu.Emulator[0]
      Created directory: \ign_demo\GENERAL\SOUND\BOOST
info: Win32Emu.Emulator[0]
      [VHD Creation] Copying file 83/180: 12_TRUCK.WAV
info: Win32Emu.Emulator[0]
      [DiskVFS] FindCaseInsensitivePath: Searching for '\ign_demo\GENERAL\SOUND\BOOST\12_TRUCK.WAV'
info: Win32Emu.Emulator[0]
      [DiskVFS] FindCaseInsensitivePath: Checking directory='\ign_demo\GENERAL\SOUND\BOOST', filename='12_TRUCK.WAV'
dbug: Win32Emu.Emulator[0]
      [DiskVFS] Opened file: \ign_demo\GENERAL\SOUND\BOOST\12_TRUCK.WAV
info: Win32Emu.Emulator[0]
      [VHD Creation] Successfully copied 12_TRUCK.WAV (50630 bytes) [83/180]
dbug: Win32Emu.Emulator[0]
      Created directory: \ign_demo
dbug: Win32Emu.Emulator[0]
      Created directory: \ign_demo\GENERAL
dbug: Win32Emu.Emulator[0]
      Created directory: \ign_demo\GENERAL\SOUND
dbug: Win32Emu.Emulator[0]
      Created directory: \ign_demo\GENERAL\SOUND\BOOST
info: Win32Emu.Emulator[0]
      [VHD Creation] Copying file 84/180: 00_BOOST.WAV
info: Win32Emu.Emulator[0]
      [DiskVFS] FindCaseInsensitivePath: Searching for '\ign_demo\GENERAL\SOUND\BOOST\00_BOOST.WAV'
info: Win32Emu.Emulator[0]
      [DiskVFS] FindCaseInsensitivePath: Checking directory='\ign_demo\GENERAL\SOUND\BOOST', filename='00_BOOST.WAV'
dbug: Win32Emu.Emulator[0]
      [DiskVFS] Opened file: \ign_demo\GENERAL\SOUND\BOOST\00_BOOST.WAV
info: Win32Emu.Emulator[0]
      [VHD Creation] Successfully copied 00_BOOST.WAV (46600 bytes) [84/180]
dbug: Win32Emu.Emulator[0]
      Created directory: \ign_demo
dbug: Win32Emu.Emulator[0]
      Created directory: \ign_demo\GENERAL
dbug: Win32Emu.Emulator[0]
      Created directory: \ign_demo\GENERAL\SOUND
dbug: Win32Emu.Emulator[0]
      Created directory: \ign_demo\GENERAL\SOUND\BOOST
info: Win32Emu.Emulator[0]
      [VHD Creation] Copying file 85/180: 14_DOGGI.WAV
info: Win32Emu.Emulator[0]
      [DiskVFS] FindCaseInsensitivePath: Searching for '\ign_demo\GENERAL\SOUND\BOOST\14_DOGGI.WAV'
info: Win32Emu.Emulator[0]
      [DiskVFS] FindCaseInsensitivePath: Checking directory='\ign_demo\GENERAL\SOUND\BOOST', filename='14_DOGGI.WAV'
dbug: Win32Emu.Emulator[0]
      [DiskVFS] Opened file: \ign_demo\GENERAL\SOUND\BOOST\14_DOGGI.WAV
info: Win32Emu.Emulator[0]
      [VHD Creation] Successfully copied 14_DOGGI.WAV (47996 bytes) [85/180]
dbug: Win32Emu.Emulator[0]
      Created directory: \ign_demo
dbug: Win32Emu.Emulator[0]
      Created directory: \ign_demo\GENERAL
dbug: Win32Emu.Emulator[0]
      Created directory: \ign_demo\GENERAL\SOUND
dbug: Win32Emu.Emulator[0]
      Created directory: \ign_demo\GENERAL\SOUND\BOOST
info: Win32Emu.Emulator[0]
      [VHD Creation] Copying file 86/180: 13_BAD.WAV
info: Win32Emu.Emulator[0]
      [DiskVFS] FindCaseInsensitivePath: Searching for '\ign_demo\GENERAL\SOUND\BOOST\13_BAD.WAV'
info: Win32Emu.Emulator[0]
      [DiskVFS] FindCaseInsensitivePath: Checking directory='\ign_demo\GENERAL\SOUND\BOOST', filename='13_BAD.WAV'
dbug: Win32Emu.Emulator[0]
      [DiskVFS] Opened file: \ign_demo\GENERAL\SOUND\BOOST\13_BAD.WAV
info: Win32Emu.Emulator[0]
      [VHD Creation] Successfully copied 13_BAD.WAV (46586 bytes) [86/180]
dbug: Win32Emu.Emulator[0]
      Created directory: \ign_demo
dbug: Win32Emu.Emulator[0]
      Created directory: \ign_demo\GENERAL
dbug: Win32Emu.Emulator[0]
      Created directory: \ign_demo\GENERAL\SOUND
dbug: Win32Emu.Emulator[0]
      Created directory: \ign_demo\GENERAL\SOUND\BOOST
info: Win32Emu.Emulator[0]
      [VHD Creation] Copying file 87/180: 05_COOL.WAV
info: Win32Emu.Emulator[0]
      [DiskVFS] FindCaseInsensitivePath: Searching for '\ign_demo\GENERAL\SOUND\BOOST\05_COOL.WAV'
info: Win32Emu.Emulator[0]
      [DiskVFS] FindCaseInsensitivePath: Checking directory='\ign_demo\GENERAL\SOUND\BOOST', filename='05_COOL.WAV'
dbug: Win32Emu.Emulator[0]
      [DiskVFS] Opened file: \ign_demo\GENERAL\SOUND\BOOST\05_COOL.WAV
info: Win32Emu.Emulator[0]
      [VHD Creation] Successfully copied 05_COOL.WAV (63834 bytes) [87/180]
dbug: Win32Emu.Emulator[0]
      Created directory: \ign_demo
dbug: Win32Emu.Emulator[0]
      Created directory: \ign_demo\GENERAL
dbug: Win32Emu.Emulator[0]
      Created directory: \ign_demo\GENERAL\SOUND
dbug: Win32Emu.Emulator[0]
      Created directory: \ign_demo\GENERAL\SOUND\BOOST
info: Win32Emu.Emulator[0]
      [VHD Creation] Copying file 88/180: 11_BUG.WAV
info: Win32Emu.Emulator[0]
      [DiskVFS] FindCaseInsensitivePath: Searching for '\ign_demo\GENERAL\SOUND\BOOST\11_BUG.WAV'
info: Win32Emu.Emulator[0]
      [DiskVFS] FindCaseInsensitivePath: Checking directory='\ign_demo\GENERAL\SOUND\BOOST', filename='11_BUG.WAV'
dbug: Win32Emu.Emulator[0]
      [DiskVFS] Opened file: \ign_demo\GENERAL\SOUND\BOOST\11_BUG.WAV
info: Win32Emu.Emulator[0]
      [VHD Creation] Successfully copied 11_BUG.WAV (14848 bytes) [88/180]
dbug: Win32Emu.Emulator[0]
      Created directory: \ign_demo
dbug: Win32Emu.Emulator[0]
      Created directory: \ign_demo\GENERAL
dbug: Win32Emu.Emulator[0]
      Created directory: \ign_demo\GENERAL\SOUND
dbug: Win32Emu.Emulator[0]
      Created directory: \ign_demo\GENERAL\SOUND\BOOST
info: Win32Emu.Emulator[0]
      [VHD Creation] Copying file 89/180: 03_SIREN.PAT
info: Win32Emu.Emulator[0]
      [DiskVFS] FindCaseInsensitivePath: Searching for '\ign_demo\GENERAL\SOUND\BOOST\03_SIREN.PAT'
info: Win32Emu.Emulator[0]
      [DiskVFS] FindCaseInsensitivePath: Checking directory='\ign_demo\GENERAL\SOUND\BOOST', filename='03_SIREN.PAT'
dbug: Win32Emu.Emulator[0]
      [DiskVFS] Opened file: \ign_demo\GENERAL\SOUND\BOOST\03_SIREN.PAT
info: Win32Emu.Emulator[0]
      [VHD Creation] Successfully copied 03_SIREN.PAT (16112 bytes) [89/180]
dbug: Win32Emu.Emulator[0]
      Created directory: \ign_demo
dbug: Win32Emu.Emulator[0]
      Created directory: \ign_demo\GENERAL
dbug: Win32Emu.Emulator[0]
      Created directory: \ign_demo\GENERAL\SOUND
dbug: Win32Emu.Emulator[0]
      Created directory: \ign_demo\GENERAL\SOUND\BOOST
info: Win32Emu.Emulator[0]
      [VHD Creation] Copying file 90/180: 10_MONST.WAV
info: Win32Emu.Emulator[0]
      [DiskVFS] FindCaseInsensitivePath: Searching for '\ign_demo\GENERAL\SOUND\BOOST\10_MONST.WAV'
info: Win32Emu.Emulator[0]
      [DiskVFS] FindCaseInsensitivePath: Checking directory='\ign_demo\GENERAL\SOUND\BOOST', filename='10_MONST.WAV'
dbug: Win32Emu.Emulator[0]
      [DiskVFS] Opened file: \ign_demo\GENERAL\SOUND\BOOST\10_MONST.WAV
info: Win32Emu.Emulator[0]
      [VHD Creation] Successfully copied 10_MONST.WAV (46106 bytes) [90/180]
dbug: Win32Emu.Emulator[0]
      Created directory: \ign_demo
dbug: Win32Emu.Emulator[0]
      Created directory: \ign_demo\GENERAL
dbug: Win32Emu.Emulator[0]
      Created directory: \ign_demo\GENERAL\SOUND
dbug: Win32Emu.Emulator[0]
      Created directory: \ign_demo\GENERAL\SOUND\BOOST
info: Win32Emu.Emulator[0]
      [VHD Creation] Copying file 91/180: 04_HONK.WAV
info: Win32Emu.Emulator[0]
      [DiskVFS] FindCaseInsensitivePath: Searching for '\ign_demo\GENERAL\SOUND\BOOST\04_HONK.WAV'
info: Win32Emu.Emulator[0]
      [DiskVFS] FindCaseInsensitivePath: Checking directory='\ign_demo\GENERAL\SOUND\BOOST', filename='04_HONK.WAV'
dbug: Win32Emu.Emulator[0]
      [DiskVFS] Opened file: \ign_demo\GENERAL\SOUND\BOOST\04_HONK.WAV
info: Win32Emu.Emulator[0]
      [VHD Creation] Successfully copied 04_HONK.WAV (21614 bytes) [91/180]
dbug: Win32Emu.Emulator[0]
      Created directory: \ign_demo
dbug: Win32Emu.Emulator[0]
      Created directory: \ign_demo\GENERAL
dbug: Win32Emu.Emulator[0]
      Created directory: \ign_demo\GENERAL\SOUND
dbug: Win32Emu.Emulator[0]
      Created directory: \ign_demo\GENERAL\SOUND\BOOST
info: Win32Emu.Emulator[0]
      [VHD Creation] Copying file 92/180: 02_OK.WAV
info: Win32Emu.Emulator[0]
      [DiskVFS] FindCaseInsensitivePath: Searching for '\ign_demo\GENERAL\SOUND\BOOST\02_OK.WAV'
info: Win32Emu.Emulator[0]
      [DiskVFS] FindCaseInsensitivePath: Checking directory='\ign_demo\GENERAL\SOUND\BOOST', filename='02_OK.WAV'
dbug: Win32Emu.Emulator[0]
      [DiskVFS] Opened file: \ign_demo\GENERAL\SOUND\BOOST\02_OK.WAV
info: Win32Emu.Emulator[0]
      [VHD Creation] Successfully copied 02_OK.WAV (6678 bytes) [92/180]
dbug: Win32Emu.Emulator[0]
      Created directory: \ign_demo
dbug: Win32Emu.Emulator[0]
      Created directory: \ign_demo\GENERAL
dbug: Win32Emu.Emulator[0]
      Created directory: \ign_demo\GENERAL\SOUND
dbug: Win32Emu.Emulator[0]
      Created directory: \ign_demo\GENERAL\SOUND\BOOST
info: Win32Emu.Emulator[0]
      [VHD Creation] Copying file 93/180: 15_SUPER.WAV
info: Win32Emu.Emulator[0]
      [DiskVFS] FindCaseInsensitivePath: Searching for '\ign_demo\GENERAL\SOUND\BOOST\15_SUPER.WAV'
info: Win32Emu.Emulator[0]
      [DiskVFS] FindCaseInsensitivePath: Checking directory='\ign_demo\GENERAL\SOUND\BOOST', filename='15_SUPER.WAV'
dbug: Win32Emu.Emulator[0]
      [DiskVFS] Opened file: \ign_demo\GENERAL\SOUND\BOOST\15_SUPER.WAV
info: Win32Emu.Emulator[0]
      [VHD Creation] Successfully copied 15_SUPER.WAV (68712 bytes) [93/180]
dbug: Win32Emu.Emulator[0]
      Created directory: \ign_demo
dbug: Win32Emu.Emulator[0]
      Created directory: \ign_demo\GENERAL
dbug: Win32Emu.Emulator[0]
      Created directory: \ign_demo\GENERAL\SOUND
dbug: Win32Emu.Emulator[0]
      Created directory: \ign_demo\GENERAL\SOUND\BOOST
info: Win32Emu.Emulator[0]
      [VHD Creation] Copying file 94/180: 06_JEEP.WAV
info: Win32Emu.Emulator[0]
      [DiskVFS] FindCaseInsensitivePath: Searching for '\ign_demo\GENERAL\SOUND\BOOST\06_JEEP.WAV'
info: Win32Emu.Emulator[0]
      [DiskVFS] FindCaseInsensitivePath: Checking directory='\ign_demo\GENERAL\SOUND\BOOST', filename='06_JEEP.WAV'
dbug: Win32Emu.Emulator[0]
      [DiskVFS] Opened file: \ign_demo\GENERAL\SOUND\BOOST\06_JEEP.WAV
info: Win32Emu.Emulator[0]
      [VHD Creation] Successfully copied 06_JEEP.WAV (50044 bytes) [94/180]
dbug: Win32Emu.Emulator[0]
      Created directory: \ign_demo
dbug: Win32Emu.Emulator[0]
      Created directory: \ign_demo\GENERAL
dbug: Win32Emu.Emulator[0]
      Created directory: \ign_demo\GENERAL\SOUND
dbug: Win32Emu.Emulator[0]
      Created directory: \ign_demo\GENERAL\SOUND\BOOST
info: Win32Emu.Emulator[0]
      [VHD Creation] Copying file 95/180: 01_KLICK.WAV
info: Win32Emu.Emulator[0]
      [DiskVFS] FindCaseInsensitivePath: Searching for '\ign_demo\GENERAL\SOUND\BOOST\01_KLICK.WAV'
info: Win32Emu.Emulator[0]
      [DiskVFS] FindCaseInsensitivePath: Checking directory='\ign_demo\GENERAL\SOUND\BOOST', filename='01_KLICK.WAV'
dbug: Win32Emu.Emulator[0]
      [DiskVFS] Opened file: \ign_demo\GENERAL\SOUND\BOOST\01_KLICK.WAV
info: Win32Emu.Emulator[0]
      [VHD Creation] Successfully copied 01_KLICK.WAV (29426 bytes) [95/180]
dbug: Win32Emu.Emulator[0]
      Created directory: \ign_demo
dbug: Win32Emu.Emulator[0]
      Created directory: \ign_demo\GENERAL
dbug: Win32Emu.Emulator[0]
      Created directory: \ign_demo\GENERAL\SOUND
dbug: Win32Emu.Emulator[0]
      Created directory: \ign_demo\GENERAL\SOUND\BOOST
info: Win32Emu.Emulator[0]
      [VHD Creation] Copying file 96/180: 08_CRUIS.WAV
info: Win32Emu.Emulator[0]
      [DiskVFS] FindCaseInsensitivePath: Searching for '\ign_demo\GENERAL\SOUND\BOOST\08_CRUIS.WAV'
info: Win32Emu.Emulator[0]
      [DiskVFS] FindCaseInsensitivePath: Checking directory='\ign_demo\GENERAL\SOUND\BOOST', filename='08_CRUIS.WAV'
dbug: Win32Emu.Emulator[0]
      [DiskVFS] Opened file: \ign_demo\GENERAL\SOUND\BOOST\08_CRUIS.WAV
info: Win32Emu.Emulator[0]
      [VHD Creation] Successfully copied 08_CRUIS.WAV (36570 bytes) [96/180]
dbug: Win32Emu.Emulator[0]
      Created directory: \ign_demo
dbug: Win32Emu.Emulator[0]
      Created directory: \ign_demo\GENERAL
dbug: Win32Emu.Emulator[0]
      Created directory: \ign_demo\GENERAL\SOUND
dbug: Win32Emu.Emulator[0]
      [DiskVFS] Created directory: \ign_demo\GENERAL\SOUND\SKID
dbug: Win32Emu.Emulator[0]
      Created directory: \ign_demo\GENERAL\SOUND\SKID
info: Win32Emu.Emulator[0]
      [VHD Creation] Copying file 97/180: 04_S_SNO.PAT
info: Win32Emu.Emulator[0]
      [DiskVFS] FindCaseInsensitivePath: Searching for '\ign_demo\GENERAL\SOUND\SKID\04_S_SNO.PAT'
info: Win32Emu.Emulator[0]
      [DiskVFS] FindCaseInsensitivePath: Checking directory='\ign_demo\GENERAL\SOUND\SKID', filename='04_S_SNO.PAT'
dbug: Win32Emu.Emulator[0]
      [DiskVFS] Opened file: \ign_demo\GENERAL\SOUND\SKID\04_S_SNO.PAT
info: Win32Emu.Emulator[0]
      [VHD Creation] Successfully copied 04_S_SNO.PAT (38123 bytes) [97/180]
dbug: Win32Emu.Emulator[0]
      Created directory: \ign_demo
dbug: Win32Emu.Emulator[0]
      Created directory: \ign_demo\GENERAL
dbug: Win32Emu.Emulator[0]
      Created directory: \ign_demo\GENERAL\SOUND
dbug: Win32Emu.Emulator[0]
      Created directory: \ign_demo\GENERAL\SOUND\SKID
info: Win32Emu.Emulator[0]
      [VHD Creation] Copying file 98/180: 00_S_ASF.XI
info: Win32Emu.Emulator[0]
      [DiskVFS] FindCaseInsensitivePath: Searching for '\ign_demo\GENERAL\SOUND\SKID\00_S_ASF.XI'
info: Win32Emu.Emulator[0]
      [DiskVFS] FindCaseInsensitivePath: Checking directory='\ign_demo\GENERAL\SOUND\SKID', filename='00_S_ASF.XI'
dbug: Win32Emu.Emulator[0]
      [DiskVFS] Opened file: \ign_demo\GENERAL\SOUND\SKID\00_S_ASF.XI
info: Win32Emu.Emulator[0]
      [VHD Creation] Successfully copied 00_S_ASF.XI (14935 bytes) [98/180]
dbug: Win32Emu.Emulator[0]
      Created directory: \ign_demo
dbug: Win32Emu.Emulator[0]
      Created directory: \ign_demo\GENERAL
dbug: Win32Emu.Emulator[0]
      Created directory: \ign_demo\GENERAL\SOUND
dbug: Win32Emu.Emulator[0]
      Created directory: \ign_demo\GENERAL\SOUND\SKID
info: Win32Emu.Emulator[0]
      [VHD Creation] Copying file 99/180: 01_S_GRA.PAT
info: Win32Emu.Emulator[0]
      [DiskVFS] FindCaseInsensitivePath: Searching for '\ign_demo\GENERAL\SOUND\SKID\01_S_GRA.PAT'
info: Win32Emu.Emulator[0]
      [DiskVFS] FindCaseInsensitivePath: Checking directory='\ign_demo\GENERAL\SOUND\SKID', filename='01_S_GRA.PAT'
dbug: Win32Emu.Emulator[0]
      [DiskVFS] Opened file: \ign_demo\GENERAL\SOUND\SKID\01_S_GRA.PAT
info: Win32Emu.Emulator[0]
      [VHD Creation] Successfully copied 01_S_GRA.PAT (41552 bytes) [99/180]
dbug: Win32Emu.Emulator[0]
      Created directory: \ign_demo
dbug: Win32Emu.Emulator[0]
      Created directory: \ign_demo\GENERAL
dbug: Win32Emu.Emulator[0]
      Created directory: \ign_demo\GENERAL\SOUND
dbug: Win32Emu.Emulator[0]
      Created directory: \ign_demo\GENERAL\SOUND\SKID
info: Win32Emu.Emulator[0]
      [VHD Creation] Copying file 100/180: 02_S_MUD.XI
info: Win32Emu.Emulator[0]
      [DiskVFS] FindCaseInsensitivePath: Searching for '\ign_demo\GENERAL\SOUND\SKID\02_S_MUD.XI'
info: Win32Emu.Emulator[0]
      [DiskVFS] FindCaseInsensitivePath: Checking directory='\ign_demo\GENERAL\SOUND\SKID', filename='02_S_MUD.XI'
dbug: Win32Emu.Emulator[0]
      [DiskVFS] Opened file: \ign_demo\GENERAL\SOUND\SKID\02_S_MUD.XI
info: Win32Emu.Emulator[0]
      [VHD Creation] Successfully copied 02_S_MUD.XI (11501 bytes) [100/180]
dbug: Win32Emu.Emulator[0]
      Created directory: \ign_demo
dbug: Win32Emu.Emulator[0]
      Created directory: \ign_demo\GENERAL
dbug: Win32Emu.Emulator[0]
      Created directory: \ign_demo\GENERAL\SOUND
dbug: Win32Emu.Emulator[0]
      Created directory: \ign_demo\GENERAL\SOUND\SKID
info: Win32Emu.Emulator[0]
      [VHD Creation] Copying file 101/180: 03_S_SAN.PAT
info: Win32Emu.Emulator[0]
      [DiskVFS] FindCaseInsensitivePath: Searching for '\ign_demo\GENERAL\SOUND\SKID\03_S_SAN.PAT'
info: Win32Emu.Emulator[0]
      [DiskVFS] FindCaseInsensitivePath: Checking directory='\ign_demo\GENERAL\SOUND\SKID', filename='03_S_SAN.PAT'
dbug: Win32Emu.Emulator[0]
      [DiskVFS] Opened file: \ign_demo\GENERAL\SOUND\SKID\03_S_SAN.PAT
info: Win32Emu.Emulator[0]
      [VHD Creation] Successfully copied 03_S_SAN.PAT (38123 bytes) [101/180]
dbug: Win32Emu.Emulator[0]
      Created directory: \ign_demo
dbug: Win32Emu.Emulator[0]
      Created directory: \ign_demo\GENERAL
dbug: Win32Emu.Emulator[0]
      Created directory: \ign_demo\GENERAL\SOUND
dbug: Win32Emu.Emulator[0]
      [DiskVFS] Created directory: \ign_demo\GENERAL\SOUND\ROLL
dbug: Win32Emu.Emulator[0]
      Created directory: \ign_demo\GENERAL\SOUND\ROLL
info: Win32Emu.Emulator[0]
      [VHD Creation] Copying file 102/180: 02_R_MUD.XI
info: Win32Emu.Emulator[0]
      [DiskVFS] FindCaseInsensitivePath: Searching for '\ign_demo\GENERAL\SOUND\ROLL\02_R_MUD.XI'
info: Win32Emu.Emulator[0]
      [DiskVFS] FindCaseInsensitivePath: Checking directory='\ign_demo\GENERAL\SOUND\ROLL', filename='02_R_MUD.XI'
dbug: Win32Emu.Emulator[0]
      [DiskVFS] Opened file: \ign_demo\GENERAL\SOUND\ROLL\02_R_MUD.XI
info: Win32Emu.Emulator[0]
      [VHD Creation] Successfully copied 02_R_MUD.XI (30093 bytes) [102/180]
dbug: Win32Emu.Emulator[0]
      Created directory: \ign_demo
dbug: Win32Emu.Emulator[0]
      Created directory: \ign_demo\GENERAL
dbug: Win32Emu.Emulator[0]
      Created directory: \ign_demo\GENERAL\SOUND
dbug: Win32Emu.Emulator[0]
      Created directory: \ign_demo\GENERAL\SOUND\ROLL
info: Win32Emu.Emulator[0]
      [VHD Creation] Copying file 103/180: 03_R_SAN.XI
info: Win32Emu.Emulator[0]
      [DiskVFS] FindCaseInsensitivePath: Searching for '\ign_demo\GENERAL\SOUND\ROLL\03_R_SAN.XI'
info: Win32Emu.Emulator[0]
      [DiskVFS] FindCaseInsensitivePath: Checking directory='\ign_demo\GENERAL\SOUND\ROLL', filename='03_R_SAN.XI'
dbug: Win32Emu.Emulator[0]
      [DiskVFS] Opened file: \ign_demo\GENERAL\SOUND\ROLL\03_R_SAN.XI
info: Win32Emu.Emulator[0]
      [VHD Creation] Successfully copied 03_R_SAN.XI (30093 bytes) [103/180]
dbug: Win32Emu.Emulator[0]
      Created directory: \ign_demo
dbug: Win32Emu.Emulator[0]
      Created directory: \ign_demo\GENERAL
dbug: Win32Emu.Emulator[0]
      Created directory: \ign_demo\GENERAL\SOUND
dbug: Win32Emu.Emulator[0]
      Created directory: \ign_demo\GENERAL\SOUND\ROLL
info: Win32Emu.Emulator[0]
      [VHD Creation] Copying file 104/180: 04_R_SNO.XI
info: Win32Emu.Emulator[0]
      [DiskVFS] FindCaseInsensitivePath: Searching for '\ign_demo\GENERAL\SOUND\ROLL\04_R_SNO.XI'
info: Win32Emu.Emulator[0]
      [DiskVFS] FindCaseInsensitivePath: Checking directory='\ign_demo\GENERAL\SOUND\ROLL', filename='04_R_SNO.XI'
dbug: Win32Emu.Emulator[0]
      [DiskVFS] Opened file: \ign_demo\GENERAL\SOUND\ROLL\04_R_SNO.XI
info: Win32Emu.Emulator[0]
      [VHD Creation] Successfully copied 04_R_SNO.XI (30093 bytes) [104/180]
dbug: Win32Emu.Emulator[0]
      Created directory: \ign_demo
dbug: Win32Emu.Emulator[0]
      Created directory: \ign_demo\GENERAL
dbug: Win32Emu.Emulator[0]
      Created directory: \ign_demo\GENERAL\SOUND
dbug: Win32Emu.Emulator[0]
      Created directory: \ign_demo\GENERAL\SOUND\ROLL
info: Win32Emu.Emulator[0]
      [VHD Creation] Copying file 105/180: 00_R_ASF.XI
info: Win32Emu.Emulator[0]
      [DiskVFS] FindCaseInsensitivePath: Searching for '\ign_demo\GENERAL\SOUND\ROLL\00_R_ASF.XI'
info: Win32Emu.Emulator[0]
      [DiskVFS] FindCaseInsensitivePath: Checking directory='\ign_demo\GENERAL\SOUND\ROLL', filename='00_R_ASF.XI'
dbug: Win32Emu.Emulator[0]
      [DiskVFS] Opened file: \ign_demo\GENERAL\SOUND\ROLL\00_R_ASF.XI
info: Win32Emu.Emulator[0]
      [VHD Creation] Successfully copied 00_R_ASF.XI (59773 bytes) [105/180]
dbug: Win32Emu.Emulator[0]
      Created directory: \ign_demo
dbug: Win32Emu.Emulator[0]
      Created directory: \ign_demo\GENERAL
dbug: Win32Emu.Emulator[0]
      Created directory: \ign_demo\GENERAL\SOUND
dbug: Win32Emu.Emulator[0]
      Created directory: \ign_demo\GENERAL\SOUND\ROLL
info: Win32Emu.Emulator[0]
      [VHD Creation] Copying file 106/180: 01_R_GRA.XI
info: Win32Emu.Emulator[0]
      [DiskVFS] FindCaseInsensitivePath: Searching for '\ign_demo\GENERAL\SOUND\ROLL\01_R_GRA.XI'
info: Win32Emu.Emulator[0]
      [DiskVFS] FindCaseInsensitivePath: Checking directory='\ign_demo\GENERAL\SOUND\ROLL', filename='01_R_GRA.XI'
dbug: Win32Emu.Emulator[0]
      [DiskVFS] Opened file: \ign_demo\GENERAL\SOUND\ROLL\01_R_GRA.XI
info: Win32Emu.Emulator[0]
      [VHD Creation] Successfully copied 01_R_GRA.XI (30093 bytes) [106/180]
dbug: Win32Emu.Emulator[0]
      Created directory: \ign_demo
dbug: Win32Emu.Emulator[0]
      Created directory: \ign_demo\GENERAL
dbug: Win32Emu.Emulator[0]
      Created directory: \ign_demo\GENERAL\SOUND
dbug: Win32Emu.Emulator[0]
      [DiskVFS] Created directory: \ign_demo\GENERAL\SOUND\DIV
dbug: Win32Emu.Emulator[0]
      Created directory: \ign_demo\GENERAL\SOUND\DIV
info: Win32Emu.Emulator[0]
      [VHD Creation] Copying file 107/180: 04_GHOST.WAV
info: Win32Emu.Emulator[0]
      [DiskVFS] FindCaseInsensitivePath: Searching for '\ign_demo\GENERAL\SOUND\DIV\04_GHOST.WAV'
info: Win32Emu.Emulator[0]
      [DiskVFS] FindCaseInsensitivePath: Checking directory='\ign_demo\GENERAL\SOUND\DIV', filename='04_GHOST.WAV'
dbug: Win32Emu.Emulator[0]
      [DiskVFS] Opened file: \ign_demo\GENERAL\SOUND\DIV\04_GHOST.WAV
info: Win32Emu.Emulator[0]
      [VHD Creation] Successfully copied 04_GHOST.WAV (6484 bytes) [107/180]
dbug: Win32Emu.Emulator[0]
      Created directory: \ign_demo
dbug: Win32Emu.Emulator[0]
      Created directory: \ign_demo\GENERAL
dbug: Win32Emu.Emulator[0]
      Created directory: \ign_demo\GENERAL\SOUND
dbug: Win32Emu.Emulator[0]
      Created directory: \ign_demo\GENERAL\SOUND\DIV
info: Win32Emu.Emulator[0]
      [VHD Creation] Copying file 108/180: 02_GEAR.PAT
info: Win32Emu.Emulator[0]
      [DiskVFS] FindCaseInsensitivePath: Searching for '\ign_demo\GENERAL\SOUND\DIV\02_GEAR.PAT'
info: Win32Emu.Emulator[0]
      [DiskVFS] FindCaseInsensitivePath: Checking directory='\ign_demo\GENERAL\SOUND\DIV', filename='02_GEAR.PAT'
dbug: Win32Emu.Emulator[0]
      [DiskVFS] Opened file: \ign_demo\GENERAL\SOUND\DIV\02_GEAR.PAT
info: Win32Emu.Emulator[0]
      [VHD Creation] Successfully copied 02_GEAR.PAT (9199 bytes) [108/180]
dbug: Win32Emu.Emulator[0]
      Created directory: \ign_demo
dbug: Win32Emu.Emulator[0]
      Created directory: \ign_demo\GENERAL
dbug: Win32Emu.Emulator[0]
      Created directory: \ign_demo\GENERAL\SOUND
dbug: Win32Emu.Emulator[0]
      Created directory: \ign_demo\GENERAL\SOUND\DIV
info: Win32Emu.Emulator[0]
      [VHD Creation] Copying file 109/180: 03_START.WAV
info: Win32Emu.Emulator[0]
      [DiskVFS] FindCaseInsensitivePath: Searching for '\ign_demo\GENERAL\SOUND\DIV\03_START.WAV'
info: Win32Emu.Emulator[0]
      [DiskVFS] FindCaseInsensitivePath: Checking directory='\ign_demo\GENERAL\SOUND\DIV', filename='03_START.WAV'
dbug: Win32Emu.Emulator[0]
      [DiskVFS] Opened file: \ign_demo\GENERAL\SOUND\DIV\03_START.WAV
info: Win32Emu.Emulator[0]
      [VHD Creation] Successfully copied 03_START.WAV (55164 bytes) [109/180]
dbug: Win32Emu.Emulator[0]
      Created directory: \ign_demo
dbug: Win32Emu.Emulator[0]
      Created directory: \ign_demo\GENERAL
dbug: Win32Emu.Emulator[0]
      Created directory: \ign_demo\GENERAL\SOUND
dbug: Win32Emu.Emulator[0]
      Created directory: \ign_demo\GENERAL\SOUND\DIV
info: Win32Emu.Emulator[0]
      [VHD Creation] Copying file 110/180: 05_SWOSH.WAV
info: Win32Emu.Emulator[0]
      [DiskVFS] FindCaseInsensitivePath: Searching for '\ign_demo\GENERAL\SOUND\DIV\05_SWOSH.WAV'
info: Win32Emu.Emulator[0]
      [DiskVFS] FindCaseInsensitivePath: Checking directory='\ign_demo\GENERAL\SOUND\DIV', filename='05_SWOSH.WAV'
dbug: Win32Emu.Emulator[0]
      [DiskVFS] Opened file: \ign_demo\GENERAL\SOUND\DIV\05_SWOSH.WAV
info: Win32Emu.Emulator[0]
      [VHD Creation] Successfully copied 05_SWOSH.WAV (61016 bytes) [110/180]
dbug: Win32Emu.Emulator[0]
      Created directory: \ign_demo
dbug: Win32Emu.Emulator[0]
      Created directory: \ign_demo\GENERAL
dbug: Win32Emu.Emulator[0]
      Created directory: \ign_demo\GENERAL\SOUND
dbug: Win32Emu.Emulator[0]
      Created directory: \ign_demo\GENERAL\SOUND\DIV
info: Win32Emu.Emulator[0]
      [VHD Creation] Copying file 111/180: 01_GREEN.PAT
info: Win32Emu.Emulator[0]
      [DiskVFS] FindCaseInsensitivePath: Searching for '\ign_demo\GENERAL\SOUND\DIV\01_GREEN.PAT'
info: Win32Emu.Emulator[0]
      [DiskVFS] FindCaseInsensitivePath: Checking directory='\ign_demo\GENERAL\SOUND\DIV', filename='01_GREEN.PAT'
dbug: Win32Emu.Emulator[0]
      [DiskVFS] Opened file: \ign_demo\GENERAL\SOUND\DIV\01_GREEN.PAT
info: Win32Emu.Emulator[0]
      [VHD Creation] Successfully copied 01_GREEN.PAT (14448 bytes) [111/180]
dbug: Win32Emu.Emulator[0]
      Created directory: \ign_demo
dbug: Win32Emu.Emulator[0]
      Created directory: \ign_demo\GENERAL
dbug: Win32Emu.Emulator[0]
      Created directory: \ign_demo\GENERAL\SOUND
dbug: Win32Emu.Emulator[0]
      Created directory: \ign_demo\GENERAL\SOUND\DIV
info: Win32Emu.Emulator[0]
      [VHD Creation] Copying file 112/180: 00_REDYE.PAT
info: Win32Emu.Emulator[0]
      [DiskVFS] FindCaseInsensitivePath: Searching for '\ign_demo\GENERAL\SOUND\DIV\00_REDYE.PAT'
info: Win32Emu.Emulator[0]
      [DiskVFS] FindCaseInsensitivePath: Checking directory='\ign_demo\GENERAL\SOUND\DIV', filename='00_REDYE.PAT'
dbug: Win32Emu.Emulator[0]
      [DiskVFS] Opened file: \ign_demo\GENERAL\SOUND\DIV\00_REDYE.PAT
info: Win32Emu.Emulator[0]
      [VHD Creation] Successfully copied 00_REDYE.PAT (11572 bytes) [112/180]
dbug: Win32Emu.Emulator[0]
      Created directory: \ign_demo
dbug: Win32Emu.Emulator[0]
      Created directory: \ign_demo\GENERAL
dbug: Win32Emu.Emulator[0]
      Created directory: \ign_demo\GENERAL\SOUND
dbug: Win32Emu.Emulator[0]
      [DiskVFS] Created directory: \ign_demo\GENERAL\SOUND\COLL
dbug: Win32Emu.Emulator[0]
      Created directory: \ign_demo\GENERAL\SOUND\COLL
info: Win32Emu.Emulator[0]
      [VHD Creation] Copying file 113/180: 00_ME_ME.PAT
info: Win32Emu.Emulator[0]
      [DiskVFS] FindCaseInsensitivePath: Searching for '\ign_demo\GENERAL\SOUND\COLL\00_ME_ME.PAT'
info: Win32Emu.Emulator[0]
      [DiskVFS] FindCaseInsensitivePath: Checking directory='\ign_demo\GENERAL\SOUND\COLL', filename='00_ME_ME.PAT'
dbug: Win32Emu.Emulator[0]
      [DiskVFS] Opened file: \ign_demo\GENERAL\SOUND\COLL\00_ME_ME.PAT
info: Win32Emu.Emulator[0]
      [VHD Creation] Successfully copied 00_ME_ME.PAT (11759 bytes) [113/180]
dbug: Win32Emu.Emulator[0]
      Created directory: \ign_demo
dbug: Win32Emu.Emulator[0]
      Created directory: \ign_demo\GENERAL
dbug: Win32Emu.Emulator[0]
      Created directory: \ign_demo\GENERAL\SOUND
dbug: Win32Emu.Emulator[0]
      Created directory: \ign_demo\GENERAL\SOUND\COLL
info: Win32Emu.Emulator[0]
      [VHD Creation] Copying file 114/180: 02_GNISS.PAT
info: Win32Emu.Emulator[0]
      [DiskVFS] FindCaseInsensitivePath: Searching for '\ign_demo\GENERAL\SOUND\COLL\02_GNISS.PAT'
info: Win32Emu.Emulator[0]
      [DiskVFS] FindCaseInsensitivePath: Checking directory='\ign_demo\GENERAL\SOUND\COLL', filename='02_GNISS.PAT'
dbug: Win32Emu.Emulator[0]
      [DiskVFS] Opened file: \ign_demo\GENERAL\SOUND\COLL\02_GNISS.PAT
info: Win32Emu.Emulator[0]
      [VHD Creation] Successfully copied 02_GNISS.PAT (30799 bytes) [114/180]
dbug: Win32Emu.Emulator[0]
      Created directory: \ign_demo
dbug: Win32Emu.Emulator[0]
      Created directory: \ign_demo\GENERAL
dbug: Win32Emu.Emulator[0]
      Created directory: \ign_demo\GENERAL\SOUND
dbug: Win32Emu.Emulator[0]
      Created directory: \ign_demo\GENERAL\SOUND\COLL
info: Win32Emu.Emulator[0]
      [VHD Creation] Copying file 115/180: 09_LANDA.WAV
info: Win32Emu.Emulator[0]
      [DiskVFS] FindCaseInsensitivePath: Searching for '\ign_demo\GENERAL\SOUND\COLL\09_LANDA.WAV'
info: Win32Emu.Emulator[0]
      [DiskVFS] FindCaseInsensitivePath: Checking directory='\ign_demo\GENERAL\SOUND\COLL', filename='09_LANDA.WAV'
dbug: Win32Emu.Emulator[0]
      [DiskVFS] Opened file: \ign_demo\GENERAL\SOUND\COLL\09_LANDA.WAV
info: Win32Emu.Emulator[0]
      [VHD Creation] Successfully copied 09_LANDA.WAV (9354 bytes) [115/180]
dbug: Win32Emu.Emulator[0]
      Created directory: \ign_demo
dbug: Win32Emu.Emulator[0]
      Created directory: \ign_demo\GENERAL
dbug: Win32Emu.Emulator[0]
      Created directory: \ign_demo\GENERAL\SOUND
dbug: Win32Emu.Emulator[0]
      Created directory: \ign_demo\GENERAL\SOUND\COLL
info: Win32Emu.Emulator[0]
      [VHD Creation] Copying file 116/180: 01_ME_JO.XI
info: Win32Emu.Emulator[0]
      [DiskVFS] FindCaseInsensitivePath: Searching for '\ign_demo\GENERAL\SOUND\COLL\01_ME_JO.XI'
info: Win32Emu.Emulator[0]
      [DiskVFS] FindCaseInsensitivePath: Checking directory='\ign_demo\GENERAL\SOUND\COLL', filename='01_ME_JO.XI'
dbug: Win32Emu.Emulator[0]
      [DiskVFS] Opened file: \ign_demo\GENERAL\SOUND\COLL\01_ME_JO.XI
info: Win32Emu.Emulator[0]
      [VHD Creation] Successfully copied 01_ME_JO.XI (6911 bytes) [116/180]
dbug: Win32Emu.Emulator[0]
      Created directory: \ign_demo
dbug: Win32Emu.Emulator[0]
      Created directory: \ign_demo\GENERAL
dbug: Win32Emu.Emulator[0]
      Created directory: \ign_demo\GENERAL\SOUND
dbug: Win32Emu.Emulator[0]
      Created directory: \ign_demo\GENERAL\SOUND\COLL
info: Win32Emu.Emulator[0]
      [VHD Creation] Copying file 117/180: 05_WADEA.PAT
info: Win32Emu.Emulator[0]
      [DiskVFS] FindCaseInsensitivePath: Searching for '\ign_demo\GENERAL\SOUND\COLL\05_WADEA.PAT'
info: Win32Emu.Emulator[0]
      [DiskVFS] FindCaseInsensitivePath: Checking directory='\ign_demo\GENERAL\SOUND\COLL', filename='05_WADEA.PAT'
dbug: Win32Emu.Emulator[0]
      [DiskVFS] Opened file: \ign_demo\GENERAL\SOUND\COLL\05_WADEA.PAT
info: Win32Emu.Emulator[0]
      [VHD Creation] Successfully copied 05_WADEA.PAT (34064 bytes) [117/180]
dbug: Win32Emu.Emulator[0]
      Created directory: \ign_demo
dbug: Win32Emu.Emulator[0]
      Created directory: \ign_demo\GENERAL
dbug: Win32Emu.Emulator[0]
      Created directory: \ign_demo\GENERAL\SOUND
dbug: Win32Emu.Emulator[0]
      Created directory: \ign_demo\GENERAL\SOUND\COLL
info: Win32Emu.Emulator[0]
      [VHD Creation] Copying file 118/180: 04_EXPLO.WAV
info: Win32Emu.Emulator[0]
      [DiskVFS] FindCaseInsensitivePath: Searching for '\ign_demo\GENERAL\SOUND\COLL\04_EXPLO.WAV'
info: Win32Emu.Emulator[0]
      [DiskVFS] FindCaseInsensitivePath: Checking directory='\ign_demo\GENERAL\SOUND\COLL', filename='04_EXPLO.WAV'
dbug: Win32Emu.Emulator[0]
      [DiskVFS] Opened file: \ign_demo\GENERAL\SOUND\COLL\04_EXPLO.WAV
info: Win32Emu.Emulator[0]
      [VHD Creation] Successfully copied 04_EXPLO.WAV (49882 bytes) [118/180]
dbug: Win32Emu.Emulator[0]
      Created directory: \ign_demo
dbug: Win32Emu.Emulator[0]
      Created directory: \ign_demo\GENERAL
dbug: Win32Emu.Emulator[0]
      Created directory: \ign_demo\GENERAL\SOUND
dbug: Win32Emu.Emulator[0]
      Created directory: \ign_demo\GENERAL\SOUND\COLL
info: Win32Emu.Emulator[0]
      [VHD Creation] Copying file 119/180: 08_TINYE.WAV
info: Win32Emu.Emulator[0]
      [DiskVFS] FindCaseInsensitivePath: Searching for '\ign_demo\GENERAL\SOUND\COLL\08_TINYE.WAV'
info: Win32Emu.Emulator[0]
      [DiskVFS] FindCaseInsensitivePath: Checking directory='\ign_demo\GENERAL\SOUND\COLL', filename='08_TINYE.WAV'
dbug: Win32Emu.Emulator[0]
      [DiskVFS] Opened file: \ign_demo\GENERAL\SOUND\COLL\08_TINYE.WAV
info: Win32Emu.Emulator[0]
      [VHD Creation] Successfully copied 08_TINYE.WAV (17762 bytes) [119/180]
dbug: Win32Emu.Emulator[0]
      Created directory: \ign_demo
dbug: Win32Emu.Emulator[0]
      Created directory: \ign_demo\GENERAL
dbug: Win32Emu.Emulator[0]
      Created directory: \ign_demo\GENERAL\SOUND
dbug: Win32Emu.Emulator[0]
      Created directory: \ign_demo\GENERAL\SOUND\COLL
info: Win32Emu.Emulator[0]
      [VHD Creation] Copying file 120/180: 03_DUNS.PAT
info: Win32Emu.Emulator[0]
      [DiskVFS] FindCaseInsensitivePath: Searching for '\ign_demo\GENERAL\SOUND\COLL\03_DUNS.PAT'
info: Win32Emu.Emulator[0]
      [DiskVFS] FindCaseInsensitivePath: Checking directory='\ign_demo\GENERAL\SOUND\COLL', filename='03_DUNS.PAT'
dbug: Win32Emu.Emulator[0]
      [DiskVFS] Opened file: \ign_demo\GENERAL\SOUND\COLL\03_DUNS.PAT
info: Win32Emu.Emulator[0]
      [VHD Creation] Successfully copied 03_DUNS.PAT (7663 bytes) [120/180]
dbug: Win32Emu.Emulator[0]
      Created directory: \ign_demo
dbug: Win32Emu.Emulator[0]
      Created directory: \ign_demo\GENERAL
dbug: Win32Emu.Emulator[0]
      Created directory: \ign_demo\GENERAL\SOUND
dbug: Win32Emu.Emulator[0]
      Created directory: \ign_demo\GENERAL\SOUND\COLL
info: Win32Emu.Emulator[0]
      [VHD Creation] Copying file 121/180: 06_MOS.WAV
info: Win32Emu.Emulator[0]
      [DiskVFS] FindCaseInsensitivePath: Searching for '\ign_demo\GENERAL\SOUND\COLL\06_MOS.WAV'
info: Win32Emu.Emulator[0]
      [DiskVFS] FindCaseInsensitivePath: Checking directory='\ign_demo\GENERAL\SOUND\COLL', filename='06_MOS.WAV'
dbug: Win32Emu.Emulator[0]
      [DiskVFS] Opened file: \ign_demo\GENERAL\SOUND\COLL\06_MOS.WAV
info: Win32Emu.Emulator[0]
      [VHD Creation] Successfully copied 06_MOS.WAV (6010 bytes) [121/180]
dbug: Win32Emu.Emulator[0]
      Created directory: \ign_demo
dbug: Win32Emu.Emulator[0]
      Created directory: \ign_demo\GENERAL
dbug: Win32Emu.Emulator[0]
      Created directory: \ign_demo\GENERAL\SOUND
dbug: Win32Emu.Emulator[0]
      Created directory: \ign_demo\GENERAL\SOUND\COLL
info: Win32Emu.Emulator[0]
      [VHD Creation] Copying file 122/180: 07_OMOS.WAV
info: Win32Emu.Emulator[0]
      [DiskVFS] FindCaseInsensitivePath: Searching for '\ign_demo\GENERAL\SOUND\COLL\07_OMOS.WAV'
info: Win32Emu.Emulator[0]
      [DiskVFS] FindCaseInsensitivePath: Checking directory='\ign_demo\GENERAL\SOUND\COLL', filename='07_OMOS.WAV'
dbug: Win32Emu.Emulator[0]
      [DiskVFS] Opened file: \ign_demo\GENERAL\SOUND\COLL\07_OMOS.WAV
info: Win32Emu.Emulator[0]
      [VHD Creation] Successfully copied 07_OMOS.WAV (6092 bytes) [122/180]
dbug: Win32Emu.Emulator[0]
      Created directory: \ign_demo
dbug: Win32Emu.Emulator[0]
      Created directory: \ign_demo\CARS
dbug: Win32Emu.Emulator[0]
      [DiskVFS] Created directory: \ign_demo\CARS\TRUCK
dbug: Win32Emu.Emulator[0]
      Created directory: \ign_demo\CARS\TRUCK
dbug: Win32Emu.Emulator[0]
      [DiskVFS] Created directory: \ign_demo\CARS\TRUCK\SOUND
dbug: Win32Emu.Emulator[0]
      Created directory: \ign_demo\CARS\TRUCK\SOUND
info: Win32Emu.Emulator[0]
      [VHD Creation] Copying file 123/180: 01_A.PAT
info: Win32Emu.Emulator[0]
      [DiskVFS] FindCaseInsensitivePath: Searching for '\ign_demo\CARS\TRUCK\SOUND\01_A.PAT'
info: Win32Emu.Emulator[0]
      [DiskVFS] FindCaseInsensitivePath: Checking directory='\ign_demo\CARS\TRUCK\SOUND', filename='01_A.PAT'
dbug: Win32Emu.Emulator[0]
      [DiskVFS] Opened file: \ign_demo\CARS\TRUCK\SOUND\01_A.PAT
info: Win32Emu.Emulator[0]
      [VHD Creation] Successfully copied 01_A.PAT (18511 bytes) [123/180]
dbug: Win32Emu.Emulator[0]
      Created directory: \ign_demo
dbug: Win32Emu.Emulator[0]
      Created directory: \ign_demo\CARS
dbug: Win32Emu.Emulator[0]
      Created directory: \ign_demo\CARS\TRUCK
dbug: Win32Emu.Emulator[0]
      Created directory: \ign_demo\CARS\TRUCK\SOUND
info: Win32Emu.Emulator[0]
      [VHD Creation] Copying file 124/180: 00_A.PAT
info: Win32Emu.Emulator[0]
      [DiskVFS] FindCaseInsensitivePath: Searching for '\ign_demo\CARS\TRUCK\SOUND\00_A.PAT'
info: Win32Emu.Emulator[0]
      [DiskVFS] FindCaseInsensitivePath: Checking directory='\ign_demo\CARS\TRUCK\SOUND', filename='00_A.PAT'
dbug: Win32Emu.Emulator[0]
      [DiskVFS] Opened file: \ign_demo\CARS\TRUCK\SOUND\00_A.PAT
info: Win32Emu.Emulator[0]
      [VHD Creation] Successfully copied 00_A.PAT (6799 bytes) [124/180]
dbug: Win32Emu.Emulator[0]
      Created directory: \ign_demo
dbug: Win32Emu.Emulator[0]
      Created directory: \ign_demo\CARS
dbug: Win32Emu.Emulator[0]
      Created directory: \ign_demo\CARS\TRUCK
dbug: Win32Emu.Emulator[0]
      Created directory: \ign_demo\CARS\TRUCK\SOUND
info: Win32Emu.Emulator[0]
      [VHD Creation] Copying file 125/180: ENGINE.INF
info: Win32Emu.Emulator[0]
      [DiskVFS] FindCaseInsensitivePath: Searching for '\ign_demo\CARS\TRUCK\SOUND\ENGINE.INF'
info: Win32Emu.Emulator[0]
      [DiskVFS] FindCaseInsensitivePath: Checking directory='\ign_demo\CARS\TRUCK\SOUND', filename='ENGINE.INF'
dbug: Win32Emu.Emulator[0]
      [DiskVFS] Opened file: \ign_demo\CARS\TRUCK\SOUND\ENGINE.INF
info: Win32Emu.Emulator[0]
      [VHD Creation] Successfully copied ENGINE.INF (800 bytes) [125/180]
dbug: Win32Emu.Emulator[0]
      Created directory: \ign_demo
dbug: Win32Emu.Emulator[0]
      Created directory: \ign_demo\CARS
dbug: Win32Emu.Emulator[0]
      [DiskVFS] Created directory: \ign_demo\CARS\SCHOOL
dbug: Win32Emu.Emulator[0]
      Created directory: \ign_demo\CARS\SCHOOL
dbug: Win32Emu.Emulator[0]
      [DiskVFS] Created directory: \ign_demo\CARS\SCHOOL\SOUND
dbug: Win32Emu.Emulator[0]
      Created directory: \ign_demo\CARS\SCHOOL\SOUND
info: Win32Emu.Emulator[0]
      [VHD Creation] Copying file 126/180: 01_A.PAT
info: Win32Emu.Emulator[0]
      [DiskVFS] FindCaseInsensitivePath: Searching for '\ign_demo\CARS\SCHOOL\SOUND\01_A.PAT'
info: Win32Emu.Emulator[0]
      [DiskVFS] FindCaseInsensitivePath: Checking directory='\ign_demo\CARS\SCHOOL\SOUND', filename='01_A.PAT'
dbug: Win32Emu.Emulator[0]
      [DiskVFS] Opened file: \ign_demo\CARS\SCHOOL\SOUND\01_A.PAT
info: Win32Emu.Emulator[0]
      [VHD Creation] Successfully copied 01_A.PAT (18511 bytes) [126/180]
dbug: Win32Emu.Emulator[0]
      Created directory: \ign_demo
dbug: Win32Emu.Emulator[0]
      Created directory: \ign_demo\CARS
dbug: Win32Emu.Emulator[0]
      Created directory: \ign_demo\CARS\SCHOOL
dbug: Win32Emu.Emulator[0]
      Created directory: \ign_demo\CARS\SCHOOL\SOUND
info: Win32Emu.Emulator[0]
      [VHD Creation] Copying file 127/180: 00_A.PAT
info: Win32Emu.Emulator[0]
      [DiskVFS] FindCaseInsensitivePath: Searching for '\ign_demo\CARS\SCHOOL\SOUND\00_A.PAT'
info: Win32Emu.Emulator[0]
      [DiskVFS] FindCaseInsensitivePath: Checking directory='\ign_demo\CARS\SCHOOL\SOUND', filename='00_A.PAT'
dbug: Win32Emu.Emulator[0]
      [DiskVFS] Opened file: \ign_demo\CARS\SCHOOL\SOUND\00_A.PAT
info: Win32Emu.Emulator[0]
      [VHD Creation] Successfully copied 00_A.PAT (6799 bytes) [127/180]
dbug: Win32Emu.Emulator[0]
      Created directory: \ign_demo
dbug: Win32Emu.Emulator[0]
      Created directory: \ign_demo\CARS
dbug: Win32Emu.Emulator[0]
      Created directory: \ign_demo\CARS\SCHOOL
dbug: Win32Emu.Emulator[0]
      Created directory: \ign_demo\CARS\SCHOOL\SOUND
info: Win32Emu.Emulator[0]
      [VHD Creation] Copying file 128/180: ENGINE.INF
info: Win32Emu.Emulator[0]
      [DiskVFS] FindCaseInsensitivePath: Searching for '\ign_demo\CARS\SCHOOL\SOUND\ENGINE.INF'
info: Win32Emu.Emulator[0]
      [DiskVFS] FindCaseInsensitivePath: Checking directory='\ign_demo\CARS\SCHOOL\SOUND', filename='ENGINE.INF'
dbug: Win32Emu.Emulator[0]
      [DiskVFS] Opened file: \ign_demo\CARS\SCHOOL\SOUND\ENGINE.INF
info: Win32Emu.Emulator[0]
      [VHD Creation] Successfully copied ENGINE.INF (800 bytes) [128/180]
dbug: Win32Emu.Emulator[0]
      Created directory: \ign_demo
dbug: Win32Emu.Emulator[0]
      Created directory: \ign_demo\CARS
dbug: Win32Emu.Emulator[0]
      [DiskVFS] Created directory: \ign_demo\CARS\PORSCHE
dbug: Win32Emu.Emulator[0]
      Created directory: \ign_demo\CARS\PORSCHE
dbug: Win32Emu.Emulator[0]
      [DiskVFS] Created directory: \ign_demo\CARS\PORSCHE\SOUND
dbug: Win32Emu.Emulator[0]
      Created directory: \ign_demo\CARS\PORSCHE\SOUND
info: Win32Emu.Emulator[0]
      [VHD Creation] Copying file 129/180: 01_A.WAV
info: Win32Emu.Emulator[0]
      [DiskVFS] FindCaseInsensitivePath: Searching for '\ign_demo\CARS\PORSCHE\SOUND\01_A.WAV'
info: Win32Emu.Emulator[0]
      [DiskVFS] FindCaseInsensitivePath: Checking directory='\ign_demo\CARS\PORSCHE\SOUND', filename='01_A.WAV'
dbug: Win32Emu.Emulator[0]
      [DiskVFS] Opened file: \ign_demo\CARS\PORSCHE\SOUND\01_A.WAV
info: Win32Emu.Emulator[0]
      [VHD Creation] Successfully copied 01_A.WAV (3562 bytes) [129/180]
dbug: Win32Emu.Emulator[0]
      Created directory: \ign_demo
dbug: Win32Emu.Emulator[0]
      Created directory: \ign_demo\CARS
dbug: Win32Emu.Emulator[0]
      Created directory: \ign_demo\CARS\PORSCHE
dbug: Win32Emu.Emulator[0]
      Created directory: \ign_demo\CARS\PORSCHE\SOUND
info: Win32Emu.Emulator[0]
      [VHD Creation] Copying file 130/180: ENGINE.INF
info: Win32Emu.Emulator[0]
      [DiskVFS] FindCaseInsensitivePath: Searching for '\ign_demo\CARS\PORSCHE\SOUND\ENGINE.INF'
info: Win32Emu.Emulator[0]
      [DiskVFS] FindCaseInsensitivePath: Checking directory='\ign_demo\CARS\PORSCHE\SOUND', filename='ENGINE.INF'
dbug: Win32Emu.Emulator[0]
      [DiskVFS] Opened file: \ign_demo\CARS\PORSCHE\SOUND\ENGINE.INF
info: Win32Emu.Emulator[0]
      [VHD Creation] Successfully copied ENGINE.INF (800 bytes) [130/180]
dbug: Win32Emu.Emulator[0]
      Created directory: \ign_demo
dbug: Win32Emu.Emulator[0]
      Created directory: \ign_demo\CARS
dbug: Win32Emu.Emulator[0]
      Created directory: \ign_demo\CARS\PORSCHE
dbug: Win32Emu.Emulator[0]
      Created directory: \ign_demo\CARS\PORSCHE\SOUND
info: Win32Emu.Emulator[0]
      [VHD Creation] Copying file 131/180: 00_A.WAV
info: Win32Emu.Emulator[0]
      [DiskVFS] FindCaseInsensitivePath: Searching for '\ign_demo\CARS\PORSCHE\SOUND\00_A.WAV'
info: Win32Emu.Emulator[0]
      [DiskVFS] FindCaseInsensitivePath: Checking directory='\ign_demo\CARS\PORSCHE\SOUND', filename='00_A.WAV'
dbug: Win32Emu.Emulator[0]
      [DiskVFS] Opened file: \ign_demo\CARS\PORSCHE\SOUND\00_A.WAV
info: Win32Emu.Emulator[0]
      [VHD Creation] Successfully copied 00_A.WAV (24408 bytes) [131/180]
dbug: Win32Emu.Emulator[0]
      Created directory: \ign_demo
dbug: Win32Emu.Emulator[0]
      Created directory: \ign_demo\CARS
dbug: Win32Emu.Emulator[0]
      [DiskVFS] Created directory: \ign_demo\CARS\MUSTANG
dbug: Win32Emu.Emulator[0]
      Created directory: \ign_demo\CARS\MUSTANG
dbug: Win32Emu.Emulator[0]
      [DiskVFS] Created directory: \ign_demo\CARS\MUSTANG\SOUND
dbug: Win32Emu.Emulator[0]
      Created directory: \ign_demo\CARS\MUSTANG\SOUND
info: Win32Emu.Emulator[0]
      [VHD Creation] Copying file 132/180: 01_A.WAV
info: Win32Emu.Emulator[0]
      [DiskVFS] FindCaseInsensitivePath: Searching for '\ign_demo\CARS\MUSTANG\SOUND\01_A.WAV'
info: Win32Emu.Emulator[0]
      [DiskVFS] FindCaseInsensitivePath: Checking directory='\ign_demo\CARS\MUSTANG\SOUND', filename='01_A.WAV'
dbug: Win32Emu.Emulator[0]
      [DiskVFS] Opened file: \ign_demo\CARS\MUSTANG\SOUND\01_A.WAV
info: Win32Emu.Emulator[0]
      [VHD Creation] Successfully copied 01_A.WAV (4258 bytes) [132/180]
dbug: Win32Emu.Emulator[0]
      Created directory: \ign_demo
dbug: Win32Emu.Emulator[0]
      Created directory: \ign_demo\CARS
dbug: Win32Emu.Emulator[0]
      Created directory: \ign_demo\CARS\MUSTANG
dbug: Win32Emu.Emulator[0]
      Created directory: \ign_demo\CARS\MUSTANG\SOUND
info: Win32Emu.Emulator[0]
      [VHD Creation] Copying file 133/180: ENGINE.INF
info: Win32Emu.Emulator[0]
      [DiskVFS] FindCaseInsensitivePath: Searching for '\ign_demo\CARS\MUSTANG\SOUND\ENGINE.INF'
info: Win32Emu.Emulator[0]
      [DiskVFS] FindCaseInsensitivePath: Checking directory='\ign_demo\CARS\MUSTANG\SOUND', filename='ENGINE.INF'
dbug: Win32Emu.Emulator[0]
      [DiskVFS] Opened file: \ign_demo\CARS\MUSTANG\SOUND\ENGINE.INF
info: Win32Emu.Emulator[0]
      [VHD Creation] Successfully copied ENGINE.INF (800 bytes) [133/180]
dbug: Win32Emu.Emulator[0]
      Created directory: \ign_demo
dbug: Win32Emu.Emulator[0]
      Created directory: \ign_demo\CARS
dbug: Win32Emu.Emulator[0]
      Created directory: \ign_demo\CARS\MUSTANG
dbug: Win32Emu.Emulator[0]
      Created directory: \ign_demo\CARS\MUSTANG\SOUND
info: Win32Emu.Emulator[0]
      [VHD Creation] Copying file 134/180: 00_A.WAV
info: Win32Emu.Emulator[0]
      [DiskVFS] FindCaseInsensitivePath: Searching for '\ign_demo\CARS\MUSTANG\SOUND\00_A.WAV'
info: Win32Emu.Emulator[0]
      [DiskVFS] FindCaseInsensitivePath: Checking directory='\ign_demo\CARS\MUSTANG\SOUND', filename='00_A.WAV'
dbug: Win32Emu.Emulator[0]
      [DiskVFS] Opened file: \ign_demo\CARS\MUSTANG\SOUND\00_A.WAV
info: Win32Emu.Emulator[0]
      [VHD Creation] Successfully copied 00_A.WAV (13882 bytes) [134/180]
dbug: Win32Emu.Emulator[0]
      Created directory: \ign_demo
dbug: Win32Emu.Emulator[0]
      Created directory: \ign_demo\CARS
dbug: Win32Emu.Emulator[0]
      [DiskVFS] Created directory: \ign_demo\CARS\NASCAR
dbug: Win32Emu.Emulator[0]
      Created directory: \ign_demo\CARS\NASCAR
dbug: Win32Emu.Emulator[0]
      [DiskVFS] Created directory: \ign_demo\CARS\NASCAR\SOUND
dbug: Win32Emu.Emulator[0]
      Created directory: \ign_demo\CARS\NASCAR\SOUND
info: Win32Emu.Emulator[0]
      [VHD Creation] Copying file 135/180: 01_A.WAV
info: Win32Emu.Emulator[0]
      [DiskVFS] FindCaseInsensitivePath: Searching for '\ign_demo\CARS\NASCAR\SOUND\01_A.WAV'
info: Win32Emu.Emulator[0]
      [DiskVFS] FindCaseInsensitivePath: Checking directory='\ign_demo\CARS\NASCAR\SOUND', filename='01_A.WAV'
dbug: Win32Emu.Emulator[0]
      [DiskVFS] Opened file: \ign_demo\CARS\NASCAR\SOUND\01_A.WAV
info: Win32Emu.Emulator[0]
      [VHD Creation] Successfully copied 01_A.WAV (4258 bytes) [135/180]
dbug: Win32Emu.Emulator[0]
      Created directory: \ign_demo
dbug: Win32Emu.Emulator[0]
      Created directory: \ign_demo\CARS
dbug: Win32Emu.Emulator[0]
      Created directory: \ign_demo\CARS\NASCAR
dbug: Win32Emu.Emulator[0]
      Created directory: \ign_demo\CARS\NASCAR\SOUND
info: Win32Emu.Emulator[0]
      [VHD Creation] Copying file 136/180: ENGINE.INF
info: Win32Emu.Emulator[0]
      [DiskVFS] FindCaseInsensitivePath: Searching for '\ign_demo\CARS\NASCAR\SOUND\ENGINE.INF'
info: Win32Emu.Emulator[0]
      [DiskVFS] FindCaseInsensitivePath: Checking directory='\ign_demo\CARS\NASCAR\SOUND', filename='ENGINE.INF'
dbug: Win32Emu.Emulator[0]
      [DiskVFS] Opened file: \ign_demo\CARS\NASCAR\SOUND\ENGINE.INF
info: Win32Emu.Emulator[0]
      [VHD Creation] Successfully copied ENGINE.INF (800 bytes) [136/180]
dbug: Win32Emu.Emulator[0]
      Created directory: \ign_demo
dbug: Win32Emu.Emulator[0]
      Created directory: \ign_demo\CARS
dbug: Win32Emu.Emulator[0]
      Created directory: \ign_demo\CARS\NASCAR
dbug: Win32Emu.Emulator[0]
      Created directory: \ign_demo\CARS\NASCAR\SOUND
info: Win32Emu.Emulator[0]
      [VHD Creation] Copying file 137/180: 00_A.WAV
info: Win32Emu.Emulator[0]
      [DiskVFS] FindCaseInsensitivePath: Searching for '\ign_demo\CARS\NASCAR\SOUND\00_A.WAV'
info: Win32Emu.Emulator[0]
      [DiskVFS] FindCaseInsensitivePath: Checking directory='\ign_demo\CARS\NASCAR\SOUND', filename='00_A.WAV'
dbug: Win32Emu.Emulator[0]
      [DiskVFS] Opened file: \ign_demo\CARS\NASCAR\SOUND\00_A.WAV
info: Win32Emu.Emulator[0]
      [VHD Creation] Successfully copied 00_A.WAV (13882 bytes) [137/180]
dbug: Win32Emu.Emulator[0]
      Created directory: \ign_demo
dbug: Win32Emu.Emulator[0]
      Created directory: \ign_demo\CARS
dbug: Win32Emu.Emulator[0]
      [DiskVFS] Created directory: \ign_demo\CARS\VAN
dbug: Win32Emu.Emulator[0]
      Created directory: \ign_demo\CARS\VAN
dbug: Win32Emu.Emulator[0]
      [DiskVFS] Created directory: \ign_demo\CARS\VAN\SOUND
dbug: Win32Emu.Emulator[0]
      Created directory: \ign_demo\CARS\VAN\SOUND
info: Win32Emu.Emulator[0]
      [VHD Creation] Copying file 138/180: 01_A.PAT
info: Win32Emu.Emulator[0]
      [DiskVFS] FindCaseInsensitivePath: Searching for '\ign_demo\CARS\VAN\SOUND\01_A.PAT'
info: Win32Emu.Emulator[0]
      [DiskVFS] FindCaseInsensitivePath: Checking directory='\ign_demo\CARS\VAN\SOUND', filename='01_A.PAT'
dbug: Win32Emu.Emulator[0]
      [DiskVFS] Opened file: \ign_demo\CARS\VAN\SOUND\01_A.PAT
info: Win32Emu.Emulator[0]
      [VHD Creation] Successfully copied 01_A.PAT (18511 bytes) [138/180]
dbug: Win32Emu.Emulator[0]
      Created directory: \ign_demo
dbug: Win32Emu.Emulator[0]
      Created directory: \ign_demo\CARS
dbug: Win32Emu.Emulator[0]
      Created directory: \ign_demo\CARS\VAN
dbug: Win32Emu.Emulator[0]
      Created directory: \ign_demo\CARS\VAN\SOUND
info: Win32Emu.Emulator[0]
      [VHD Creation] Copying file 139/180: 00_A.PAT
info: Win32Emu.Emulator[0]
      [DiskVFS] FindCaseInsensitivePath: Searching for '\ign_demo\CARS\VAN\SOUND\00_A.PAT'
info: Win32Emu.Emulator[0]
      [DiskVFS] FindCaseInsensitivePath: Checking directory='\ign_demo\CARS\VAN\SOUND', filename='00_A.PAT'
dbug: Win32Emu.Emulator[0]
      [DiskVFS] Opened file: \ign_demo\CARS\VAN\SOUND\00_A.PAT
info: Win32Emu.Emulator[0]
      [VHD Creation] Successfully copied 00_A.PAT (6799 bytes) [139/180]
dbug: Win32Emu.Emulator[0]
      Created directory: \ign_demo
dbug: Win32Emu.Emulator[0]
      Created directory: \ign_demo\CARS
dbug: Win32Emu.Emulator[0]
      Created directory: \ign_demo\CARS\VAN
dbug: Win32Emu.Emulator[0]
      Created directory: \ign_demo\CARS\VAN\SOUND
info: Win32Emu.Emulator[0]
      [VHD Creation] Copying file 140/180: ENGINE.INF
info: Win32Emu.Emulator[0]
      [DiskVFS] FindCaseInsensitivePath: Searching for '\ign_demo\CARS\VAN\SOUND\ENGINE.INF'
info: Win32Emu.Emulator[0]
      [DiskVFS] FindCaseInsensitivePath: Checking directory='\ign_demo\CARS\VAN\SOUND', filename='ENGINE.INF'
dbug: Win32Emu.Emulator[0]
      [DiskVFS] Opened file: \ign_demo\CARS\VAN\SOUND\ENGINE.INF
info: Win32Emu.Emulator[0]
      [VHD Creation] Successfully copied ENGINE.INF (800 bytes) [140/180]
dbug: Win32Emu.Emulator[0]
      Created directory: \ign_demo
dbug: Win32Emu.Emulator[0]
      Created directory: \ign_demo\CARS
dbug: Win32Emu.Emulator[0]
      [DiskVFS] Created directory: \ign_demo\CARS\DODGE
dbug: Win32Emu.Emulator[0]
      Created directory: \ign_demo\CARS\DODGE
dbug: Win32Emu.Emulator[0]
      [DiskVFS] Created directory: \ign_demo\CARS\DODGE\SOUND
dbug: Win32Emu.Emulator[0]
      Created directory: \ign_demo\CARS\DODGE\SOUND
info: Win32Emu.Emulator[0]
      [VHD Creation] Copying file 141/180: 01_A.WAV
info: Win32Emu.Emulator[0]
      [DiskVFS] FindCaseInsensitivePath: Searching for '\ign_demo\CARS\DODGE\SOUND\01_A.WAV'
info: Win32Emu.Emulator[0]
      [DiskVFS] FindCaseInsensitivePath: Checking directory='\ign_demo\CARS\DODGE\SOUND', filename='01_A.WAV'
dbug: Win32Emu.Emulator[0]
      [DiskVFS] Opened file: \ign_demo\CARS\DODGE\SOUND\01_A.WAV
info: Win32Emu.Emulator[0]
      [VHD Creation] Successfully copied 01_A.WAV (4258 bytes) [141/180]
dbug: Win32Emu.Emulator[0]
      Created directory: \ign_demo
dbug: Win32Emu.Emulator[0]
      Created directory: \ign_demo\CARS
dbug: Win32Emu.Emulator[0]
      Created directory: \ign_demo\CARS\DODGE
dbug: Win32Emu.Emulator[0]
      Created directory: \ign_demo\CARS\DODGE\SOUND
info: Win32Emu.Emulator[0]
      [VHD Creation] Copying file 142/180: ENGINE.INF
info: Win32Emu.Emulator[0]
      [DiskVFS] FindCaseInsensitivePath: Searching for '\ign_demo\CARS\DODGE\SOUND\ENGINE.INF'
info: Win32Emu.Emulator[0]
      [DiskVFS] FindCaseInsensitivePath: Checking directory='\ign_demo\CARS\DODGE\SOUND', filename='ENGINE.INF'
dbug: Win32Emu.Emulator[0]
      [DiskVFS] Opened file: \ign_demo\CARS\DODGE\SOUND\ENGINE.INF
info: Win32Emu.Emulator[0]
      [VHD Creation] Successfully copied ENGINE.INF (800 bytes) [142/180]
dbug: Win32Emu.Emulator[0]
      Created directory: \ign_demo
dbug: Win32Emu.Emulator[0]
      Created directory: \ign_demo\CARS
dbug: Win32Emu.Emulator[0]
      Created directory: \ign_demo\CARS\DODGE
dbug: Win32Emu.Emulator[0]
      Created directory: \ign_demo\CARS\DODGE\SOUND
info: Win32Emu.Emulator[0]
      [VHD Creation] Copying file 143/180: 00_A.WAV
info: Win32Emu.Emulator[0]
      [DiskVFS] FindCaseInsensitivePath: Searching for '\ign_demo\CARS\DODGE\SOUND\00_A.WAV'
info: Win32Emu.Emulator[0]
      [DiskVFS] FindCaseInsensitivePath: Checking directory='\ign_demo\CARS\DODGE\SOUND', filename='00_A.WAV'
dbug: Win32Emu.Emulator[0]
      [DiskVFS] Opened file: \ign_demo\CARS\DODGE\SOUND\00_A.WAV
info: Win32Emu.Emulator[0]
      [VHD Creation] Successfully copied 00_A.WAV (13882 bytes) [143/180]
dbug: Win32Emu.Emulator[0]
      Created directory: \ign_demo
dbug: Win32Emu.Emulator[0]
      Created directory: \ign_demo\CARS
dbug: Win32Emu.Emulator[0]
      [DiskVFS] Created directory: \ign_demo\CARS\VW
dbug: Win32Emu.Emulator[0]
      Created directory: \ign_demo\CARS\VW
dbug: Win32Emu.Emulator[0]
      [DiskVFS] Created directory: \ign_demo\CARS\VW\SOUND
dbug: Win32Emu.Emulator[0]
      Created directory: \ign_demo\CARS\VW\SOUND
info: Win32Emu.Emulator[0]
      [VHD Creation] Copying file 144/180: 01_A.WAV
info: Win32Emu.Emulator[0]
      [DiskVFS] FindCaseInsensitivePath: Searching for '\ign_demo\CARS\VW\SOUND\01_A.WAV'
info: Win32Emu.Emulator[0]
      [DiskVFS] FindCaseInsensitivePath: Checking directory='\ign_demo\CARS\VW\SOUND', filename='01_A.WAV'
dbug: Win32Emu.Emulator[0]
      [DiskVFS] Opened file: \ign_demo\CARS\VW\SOUND\01_A.WAV
info: Win32Emu.Emulator[0]
      [VHD Creation] Successfully copied 01_A.WAV (23290 bytes) [144/180]
dbug: Win32Emu.Emulator[0]
      Created directory: \ign_demo
dbug: Win32Emu.Emulator[0]
      Created directory: \ign_demo\CARS
dbug: Win32Emu.Emulator[0]
      Created directory: \ign_demo\CARS\VW
dbug: Win32Emu.Emulator[0]
      Created directory: \ign_demo\CARS\VW\SOUND
info: Win32Emu.Emulator[0]
      [VHD Creation] Copying file 145/180: ENGINE.INF
info: Win32Emu.Emulator[0]
      [DiskVFS] FindCaseInsensitivePath: Searching for '\ign_demo\CARS\VW\SOUND\ENGINE.INF'
info: Win32Emu.Emulator[0]
      [DiskVFS] FindCaseInsensitivePath: Checking directory='\ign_demo\CARS\VW\SOUND', filename='ENGINE.INF'
dbug: Win32Emu.Emulator[0]
      [DiskVFS] Opened file: \ign_demo\CARS\VW\SOUND\ENGINE.INF
info: Win32Emu.Emulator[0]
      [VHD Creation] Successfully copied ENGINE.INF (800 bytes) [145/180]
dbug: Win32Emu.Emulator[0]
      Created directory: \ign_demo
dbug: Win32Emu.Emulator[0]
      Created directory: \ign_demo\CARS
dbug: Win32Emu.Emulator[0]
      Created directory: \ign_demo\CARS\VW
dbug: Win32Emu.Emulator[0]
      Created directory: \ign_demo\CARS\VW\SOUND
info: Win32Emu.Emulator[0]
      [VHD Creation] Copying file 146/180: 00_A.WAV
info: Win32Emu.Emulator[0]
      [DiskVFS] FindCaseInsensitivePath: Searching for '\ign_demo\CARS\VW\SOUND\00_A.WAV'
info: Win32Emu.Emulator[0]
      [DiskVFS] FindCaseInsensitivePath: Checking directory='\ign_demo\CARS\VW\SOUND', filename='00_A.WAV'
dbug: Win32Emu.Emulator[0]
      [DiskVFS] Opened file: \ign_demo\CARS\VW\SOUND\00_A.WAV
info: Win32Emu.Emulator[0]
      [VHD Creation] Successfully copied 00_A.WAV (24246 bytes) [146/180]
dbug: Win32Emu.Emulator[0]
      Created directory: \ign_demo
dbug: Win32Emu.Emulator[0]
      Created directory: \ign_demo\CARS
dbug: Win32Emu.Emulator[0]
      [DiskVFS] Created directory: \ign_demo\CARS\COP
dbug: Win32Emu.Emulator[0]
      Created directory: \ign_demo\CARS\COP
dbug: Win32Emu.Emulator[0]
      [DiskVFS] Created directory: \ign_demo\CARS\COP\SOUND
dbug: Win32Emu.Emulator[0]
      Created directory: \ign_demo\CARS\COP\SOUND
info: Win32Emu.Emulator[0]
      [VHD Creation] Copying file 147/180: 01_A.PAT
info: Win32Emu.Emulator[0]
      [DiskVFS] FindCaseInsensitivePath: Searching for '\ign_demo\CARS\COP\SOUND\01_A.PAT'
info: Win32Emu.Emulator[0]
      [DiskVFS] FindCaseInsensitivePath: Checking directory='\ign_demo\CARS\COP\SOUND', filename='01_A.PAT'
dbug: Win32Emu.Emulator[0]
      [DiskVFS] Opened file: \ign_demo\CARS\COP\SOUND\01_A.PAT
info: Win32Emu.Emulator[0]
      [VHD Creation] Successfully copied 01_A.PAT (22351 bytes) [147/180]
dbug: Win32Emu.Emulator[0]
      Created directory: \ign_demo
dbug: Win32Emu.Emulator[0]
      Created directory: \ign_demo\CARS
dbug: Win32Emu.Emulator[0]
      Created directory: \ign_demo\CARS\COP
dbug: Win32Emu.Emulator[0]
      Created directory: \ign_demo\CARS\COP\SOUND
info: Win32Emu.Emulator[0]
      [VHD Creation] Copying file 148/180: 00_A.PAT
info: Win32Emu.Emulator[0]
      [DiskVFS] FindCaseInsensitivePath: Searching for '\ign_demo\CARS\COP\SOUND\00_A.PAT'
info: Win32Emu.Emulator[0]
      [DiskVFS] FindCaseInsensitivePath: Checking directory='\ign_demo\CARS\COP\SOUND', filename='00_A.PAT'
dbug: Win32Emu.Emulator[0]
      [DiskVFS] Opened file: \ign_demo\CARS\COP\SOUND\00_A.PAT
info: Win32Emu.Emulator[0]
      [VHD Creation] Successfully copied 00_A.PAT (39247 bytes) [148/180]
dbug: Win32Emu.Emulator[0]
      Created directory: \ign_demo
dbug: Win32Emu.Emulator[0]
      Created directory: \ign_demo\CARS
dbug: Win32Emu.Emulator[0]
      Created directory: \ign_demo\CARS\COP
dbug: Win32Emu.Emulator[0]
      Created directory: \ign_demo\CARS\COP\SOUND
info: Win32Emu.Emulator[0]
      [VHD Creation] Copying file 149/180: ENGINE.INF
info: Win32Emu.Emulator[0]
      [DiskVFS] FindCaseInsensitivePath: Searching for '\ign_demo\CARS\COP\SOUND\ENGINE.INF'
info: Win32Emu.Emulator[0]
      [DiskVFS] FindCaseInsensitivePath: Checking directory='\ign_demo\CARS\COP\SOUND', filename='ENGINE.INF'
dbug: Win32Emu.Emulator[0]
      [DiskVFS] Opened file: \ign_demo\CARS\COP\SOUND\ENGINE.INF
info: Win32Emu.Emulator[0]
      [VHD Creation] Successfully copied ENGINE.INF (800 bytes) [149/180]
dbug: Win32Emu.Emulator[0]
      Created directory: \ign_demo
dbug: Win32Emu.Emulator[0]
      Created directory: \ign_demo\CARS
dbug: Win32Emu.Emulator[0]
      [DiskVFS] Created directory: \ign_demo\CARS\JEEP
dbug: Win32Emu.Emulator[0]
      Created directory: \ign_demo\CARS\JEEP
dbug: Win32Emu.Emulator[0]
      [DiskVFS] Created directory: \ign_demo\CARS\JEEP\SOUND
dbug: Win32Emu.Emulator[0]
      Created directory: \ign_demo\CARS\JEEP\SOUND
info: Win32Emu.Emulator[0]
      [VHD Creation] Copying file 150/180: 01_A.PAT
info: Win32Emu.Emulator[0]
      [DiskVFS] FindCaseInsensitivePath: Searching for '\ign_demo\CARS\JEEP\SOUND\01_A.PAT'
info: Win32Emu.Emulator[0]
      [DiskVFS] FindCaseInsensitivePath: Checking directory='\ign_demo\CARS\JEEP\SOUND', filename='01_A.PAT'
dbug: Win32Emu.Emulator[0]
      [DiskVFS] Opened file: \ign_demo\CARS\JEEP\SOUND\01_A.PAT
info: Win32Emu.Emulator[0]
      [VHD Creation] Successfully copied 01_A.PAT (18511 bytes) [150/180]
dbug: Win32Emu.Emulator[0]
      Created directory: \ign_demo
dbug: Win32Emu.Emulator[0]
      Created directory: \ign_demo\CARS
dbug: Win32Emu.Emulator[0]
      Created directory: \ign_demo\CARS\JEEP
dbug: Win32Emu.Emulator[0]
      Created directory: \ign_demo\CARS\JEEP\SOUND
info: Win32Emu.Emulator[0]
      [VHD Creation] Copying file 151/180: 00_A.PAT
info: Win32Emu.Emulator[0]
      [DiskVFS] FindCaseInsensitivePath: Searching for '\ign_demo\CARS\JEEP\SOUND\00_A.PAT'
info: Win32Emu.Emulator[0]
      [DiskVFS] FindCaseInsensitivePath: Checking directory='\ign_demo\CARS\JEEP\SOUND', filename='00_A.PAT'
dbug: Win32Emu.Emulator[0]
      [DiskVFS] Opened file: \ign_demo\CARS\JEEP\SOUND\00_A.PAT
info: Win32Emu.Emulator[0]
      [VHD Creation] Successfully copied 00_A.PAT (6799 bytes) [151/180]
dbug: Win32Emu.Emulator[0]
      Created directory: \ign_demo
dbug: Win32Emu.Emulator[0]
      Created directory: \ign_demo\CARS
dbug: Win32Emu.Emulator[0]
      Created directory: \ign_demo\CARS\JEEP
dbug: Win32Emu.Emulator[0]
      Created directory: \ign_demo\CARS\JEEP\SOUND
info: Win32Emu.Emulator[0]
      [VHD Creation] Copying file 152/180: ENGINE.INF
info: Win32Emu.Emulator[0]
      [DiskVFS] FindCaseInsensitivePath: Searching for '\ign_demo\CARS\JEEP\SOUND\ENGINE.INF'
info: Win32Emu.Emulator[0]
      [DiskVFS] FindCaseInsensitivePath: Checking directory='\ign_demo\CARS\JEEP\SOUND', filename='ENGINE.INF'
dbug: Win32Emu.Emulator[0]
      [DiskVFS] Opened file: \ign_demo\CARS\JEEP\SOUND\ENGINE.INF
info: Win32Emu.Emulator[0]
      [VHD Creation] Successfully copied ENGINE.INF (800 bytes) [152/180]
dbug: Win32Emu.Emulator[0]
      Created directory: \ign_demo
dbug: Win32Emu.Emulator[0]
      Created directory: \ign_demo\CARS
dbug: Win32Emu.Emulator[0]
      [DiskVFS] Created directory: \ign_demo\CARS\COOPER
dbug: Win32Emu.Emulator[0]
      Created directory: \ign_demo\CARS\COOPER
dbug: Win32Emu.Emulator[0]
      [DiskVFS] Created directory: \ign_demo\CARS\COOPER\SOUND
dbug: Win32Emu.Emulator[0]
      Created directory: \ign_demo\CARS\COOPER\SOUND
info: Win32Emu.Emulator[0]
      [VHD Creation] Copying file 153/180: 01_A.WAV
info: Win32Emu.Emulator[0]
      [DiskVFS] FindCaseInsensitivePath: Searching for '\ign_demo\CARS\COOPER\SOUND\01_A.WAV'
info: Win32Emu.Emulator[0]
      [DiskVFS] FindCaseInsensitivePath: Checking directory='\ign_demo\CARS\COOPER\SOUND', filename='01_A.WAV'
dbug: Win32Emu.Emulator[0]
      [DiskVFS] Opened file: \ign_demo\CARS\COOPER\SOUND\01_A.WAV
info: Win32Emu.Emulator[0]
      [VHD Creation] Successfully copied 01_A.WAV (15198 bytes) [153/180]
dbug: Win32Emu.Emulator[0]
      Created directory: \ign_demo
dbug: Win32Emu.Emulator[0]
      Created directory: \ign_demo\CARS
dbug: Win32Emu.Emulator[0]
      Created directory: \ign_demo\CARS\COOPER
dbug: Win32Emu.Emulator[0]
      Created directory: \ign_demo\CARS\COOPER\SOUND
info: Win32Emu.Emulator[0]
      [VHD Creation] Copying file 154/180: ENGINE.INF
info: Win32Emu.Emulator[0]
      [DiskVFS] FindCaseInsensitivePath: Searching for '\ign_demo\CARS\COOPER\SOUND\ENGINE.INF'
info: Win32Emu.Emulator[0]
      [DiskVFS] FindCaseInsensitivePath: Checking directory='\ign_demo\CARS\COOPER\SOUND', filename='ENGINE.INF'
dbug: Win32Emu.Emulator[0]
      [DiskVFS] Opened file: \ign_demo\CARS\COOPER\SOUND\ENGINE.INF
info: Win32Emu.Emulator[0]
      [VHD Creation] Successfully copied ENGINE.INF (800 bytes) [154/180]
dbug: Win32Emu.Emulator[0]
      Created directory: \ign_demo
dbug: Win32Emu.Emulator[0]
      Created directory: \ign_demo\CARS
dbug: Win32Emu.Emulator[0]
      Created directory: \ign_demo\CARS\COOPER
dbug: Win32Emu.Emulator[0]
      Created directory: \ign_demo\CARS\COOPER\SOUND
info: Win32Emu.Emulator[0]
      [VHD Creation] Copying file 155/180: 00_A.WAV
info: Win32Emu.Emulator[0]
      [DiskVFS] FindCaseInsensitivePath: Searching for '\ign_demo\CARS\COOPER\SOUND\00_A.WAV'
info: Win32Emu.Emulator[0]
      [DiskVFS] FindCaseInsensitivePath: Checking directory='\ign_demo\CARS\COOPER\SOUND', filename='00_A.WAV'
dbug: Win32Emu.Emulator[0]
      [DiskVFS] Opened file: \ign_demo\CARS\COOPER\SOUND\00_A.WAV
info: Win32Emu.Emulator[0]
      [VHD Creation] Successfully copied 00_A.WAV (29146 bytes) [155/180]
dbug: Win32Emu.Emulator[0]
      Created directory: \ign_demo
dbug: Win32Emu.Emulator[0]
      Created directory: \ign_demo\BALTAZAR
dbug: Win32Emu.Emulator[0]
      Created directory: \ign_demo\BALTAZAR\DATA
dbug: Win32Emu.Emulator[0]
      [DiskVFS] Created directory: \ign_demo\BALTAZAR\DATA\TEXTURES
dbug: Win32Emu.Emulator[0]
      Created directory: \ign_demo\BALTAZAR\DATA\TEXTURES
info: Win32Emu.Emulator[0]
      [VHD Creation] Copying file 156/180: LIGHT.TEX
info: Win32Emu.Emulator[0]
      [DiskVFS] FindCaseInsensitivePath: Searching for '\ign_demo\BALTAZAR\DATA\TEXTURES\LIGHT.TEX'
info: Win32Emu.Emulator[0]
      [DiskVFS] FindCaseInsensitivePath: Checking directory='\ign_demo\BALTAZAR\DATA\TEXTURES', filename='LIGHT.TEX'
dbug: Win32Emu.Emulator[0]
      [DiskVFS] Opened file: \ign_demo\BALTAZAR\DATA\TEXTURES\LIGHT.TEX
info: Win32Emu.Emulator[0]
      [VHD Creation] Successfully copied LIGHT.TEX (65536 bytes) [156/180]
dbug: Win32Emu.Emulator[0]
      Created directory: \ign_demo
dbug: Win32Emu.Emulator[0]
      Created directory: \ign_demo\BALTAZAR
dbug: Win32Emu.Emulator[0]
      Created directory: \ign_demo\BALTAZAR\DATA
dbug: Win32Emu.Emulator[0]
      Created directory: \ign_demo\BALTAZAR\DATA\TEXTURES
info: Win32Emu.Emulator[0]
      [VHD Creation] Copying file 157/180: DIVSPR.TEX
info: Win32Emu.Emulator[0]
      [DiskVFS] FindCaseInsensitivePath: Searching for '\ign_demo\BALTAZAR\DATA\TEXTURES\DIVSPR.TEX'
info: Win32Emu.Emulator[0]
      [DiskVFS] FindCaseInsensitivePath: Checking directory='\ign_demo\BALTAZAR\DATA\TEXTURES', filename='DIVSPR.TEX'
dbug: Win32Emu.Emulator[0]
      [DiskVFS] Opened file: \ign_demo\BALTAZAR\DATA\TEXTURES\DIVSPR.TEX
info: Win32Emu.Emulator[0]
      [VHD Creation] Successfully copied DIVSPR.TEX (65536 bytes) [157/180]
dbug: Win32Emu.Emulator[0]
      Created directory: \ign_demo
dbug: Win32Emu.Emulator[0]
      Created directory: \ign_demo\BALTAZAR
dbug: Win32Emu.Emulator[0]
      Created directory: \ign_demo\BALTAZAR\DATA
dbug: Win32Emu.Emulator[0]
      Created directory: \ign_demo\BALTAZAR\DATA\TEXTURES
info: Win32Emu.Emulator[0]
      [VHD Creation] Copying file 158/180: EXSMOKE.TEX
info: Win32Emu.Emulator[0]
      [DiskVFS] FindCaseInsensitivePath: Searching for '\ign_demo\BALTAZAR\DATA\TEXTURES\EXSMOKE.TEX'
info: Win32Emu.Emulator[0]
      [DiskVFS] FindCaseInsensitivePath: Checking directory='\ign_demo\BALTAZAR\DATA\TEXTURES', filename='EXSMOKE.TEX'
dbug: Win32Emu.Emulator[0]
      [DiskVFS] Opened file: \ign_demo\BALTAZAR\DATA\TEXTURES\EXSMOKE.TEX
info: Win32Emu.Emulator[0]
      [VHD Creation] Successfully copied EXSMOKE.TEX (65536 bytes) [158/180]
dbug: Win32Emu.Emulator[0]
      Created directory: \ign_demo
dbug: Win32Emu.Emulator[0]
      Created directory: \ign_demo\BALTAZAR
dbug: Win32Emu.Emulator[0]
      Created directory: \ign_demo\BALTAZAR\DATA
dbug: Win32Emu.Emulator[0]
      Created directory: \ign_demo\BALTAZAR\DATA\TEXTURES
info: Win32Emu.Emulator[0]
      [VHD Creation] Copying file 159/180: BOOM.TEX
info: Win32Emu.Emulator[0]
      [DiskVFS] FindCaseInsensitivePath: Searching for '\ign_demo\BALTAZAR\DATA\TEXTURES\BOOM.TEX'
info: Win32Emu.Emulator[0]
      [DiskVFS] FindCaseInsensitivePath: Checking directory='\ign_demo\BALTAZAR\DATA\TEXTURES', filename='BOOM.TEX'
dbug: Win32Emu.Emulator[0]
      [DiskVFS] Opened file: \ign_demo\BALTAZAR\DATA\TEXTURES\BOOM.TEX
info: Win32Emu.Emulator[0]
      [VHD Creation] Successfully copied BOOM.TEX (65536 bytes) [159/180]
dbug: Win32Emu.Emulator[0]
      Created directory: \ign_demo
dbug: Win32Emu.Emulator[0]
      Created directory: \ign_demo\BALTAZAR
dbug: Win32Emu.Emulator[0]
      Created directory: \ign_demo\BALTAZAR\DATA
dbug: Win32Emu.Emulator[0]
      Created directory: \ign_demo\BALTAZAR\DATA\TEXTURES
info: Win32Emu.Emulator[0]
      [VHD Creation] Copying file 160/180: SMOKE.TEX
info: Win32Emu.Emulator[0]
      [DiskVFS] FindCaseInsensitivePath: Searching for '\ign_demo\BALTAZAR\DATA\TEXTURES\SMOKE.TEX'
info: Win32Emu.Emulator[0]
      [DiskVFS] FindCaseInsensitivePath: Checking directory='\ign_demo\BALTAZAR\DATA\TEXTURES', filename='SMOKE.TEX'
dbug: Win32Emu.Emulator[0]
      [DiskVFS] Opened file: \ign_demo\BALTAZAR\DATA\TEXTURES\SMOKE.TEX
info: Win32Emu.Emulator[0]
      [VHD Creation] Successfully copied SMOKE.TEX (65536 bytes) [160/180]
dbug: Win32Emu.Emulator[0]
      Created directory: \ign_demo
dbug: Win32Emu.Emulator[0]
      Created directory: \ign_demo\BALTAZAR
dbug: Win32Emu.Emulator[0]
      Created directory: \ign_demo\BALTAZAR\DATA
dbug: Win32Emu.Emulator[0]
      Created directory: \ign_demo\BALTAZAR\DATA\TEXTURES
info: Win32Emu.Emulator[0]
      [VHD Creation] Copying file 161/180: CANADA.TEX
info: Win32Emu.Emulator[0]
      [DiskVFS] FindCaseInsensitivePath: Searching for '\ign_demo\BALTAZAR\DATA\TEXTURES\CANADA.TEX'
info: Win32Emu.Emulator[0]
      [DiskVFS] FindCaseInsensitivePath: Checking directory='\ign_demo\BALTAZAR\DATA\TEXTURES', filename='CANADA.TEX'
dbug: Win32Emu.Emulator[0]
      [DiskVFS] Opened file: \ign_demo\BALTAZAR\DATA\TEXTURES\CANADA.TEX
info: Win32Emu.Emulator[0]
      [VHD Creation] Successfully copied CANADA.TEX (1048768 bytes) [161/180]
dbug: Win32Emu.Emulator[0]
      Created directory: \ign_demo
dbug: Win32Emu.Emulator[0]
      Created directory: \ign_demo\BALTAZAR
dbug: Win32Emu.Emulator[0]
      Created directory: \ign_demo\BALTAZAR\DATA
dbug: Win32Emu.Emulator[0]
      Created directory: \ign_demo\BALTAZAR\DATA\TEXTURES
info: Win32Emu.Emulator[0]
      [VHD Creation] Copying file 162/180: DARKSMOK.TEX
info: Win32Emu.Emulator[0]
      [DiskVFS] FindCaseInsensitivePath: Searching for '\ign_demo\BALTAZAR\DATA\TEXTURES\DARKSMOK.TEX'
info: Win32Emu.Emulator[0]
      [DiskVFS] FindCaseInsensitivePath: Checking directory='\ign_demo\BALTAZAR\DATA\TEXTURES', filename='DARKSMOK.TEX'
dbug: Win32Emu.Emulator[0]
      [DiskVFS] Opened file: \ign_demo\BALTAZAR\DATA\TEXTURES\DARKSMOK.TEX
info: Win32Emu.Emulator[0]
      [VHD Creation] Successfully copied DARKSMOK.TEX (32768 bytes) [162/180]
dbug: Win32Emu.Emulator[0]
      Created directory: \ign_demo
dbug: Win32Emu.Emulator[0]
      Created directory: \ign_demo\BALTAZAR
dbug: Win32Emu.Emulator[0]
      Created directory: \ign_demo\BALTAZAR\DATA
dbug: Win32Emu.Emulator[0]
      Created directory: \ign_demo\BALTAZAR\DATA\TEXTURES
info: Win32Emu.Emulator[0]
      [VHD Creation] Copying file 163/180: CARS.TEX
info: Win32Emu.Emulator[0]
      [DiskVFS] FindCaseInsensitivePath: Searching for '\ign_demo\BALTAZAR\DATA\TEXTURES\CARS.TEX'
info: Win32Emu.Emulator[0]
      [DiskVFS] FindCaseInsensitivePath: Checking directory='\ign_demo\BALTAZAR\DATA\TEXTURES', filename='CARS.TEX'
dbug: Win32Emu.Emulator[0]
      [DiskVFS] Opened file: \ign_demo\BALTAZAR\DATA\TEXTURES\CARS.TEX
info: Win32Emu.Emulator[0]
      [VHD Creation] Successfully copied CARS.TEX (393280 bytes) [163/180]
dbug: Win32Emu.Emulator[0]
      Created directory: \ign_demo
dbug: Win32Emu.Emulator[0]
      Created directory: \ign_demo\LEVELS
dbug: Win32Emu.Emulator[0]
      Created directory: \ign_demo\LEVELS\CANADA
dbug: Win32Emu.Emulator[0]
      [DiskVFS] Created directory: \ign_demo\LEVELS\CANADA\SOUND
dbug: Win32Emu.Emulator[0]
      Created directory: \ign_demo\LEVELS\CANADA\SOUND
info: Win32Emu.Emulator[0]
      [VHD Creation] Copying file 164/180: 03_TRAIN.WAV
info: Win32Emu.Emulator[0]
      [DiskVFS] FindCaseInsensitivePath: Searching for '\ign_demo\LEVELS\CANADA\SOUND\03_TRAIN.WAV'
info: Win32Emu.Emulator[0]
      [DiskVFS] FindCaseInsensitivePath: Checking directory='\ign_demo\LEVELS\CANADA\SOUND', filename='03_TRAIN.WAV'
dbug: Win32Emu.Emulator[0]
      [DiskVFS] Opened file: \ign_demo\LEVELS\CANADA\SOUND\03_TRAIN.WAV
info: Win32Emu.Emulator[0]
      [VHD Creation] Successfully copied 03_TRAIN.WAV (24202 bytes) [164/180]
dbug: Win32Emu.Emulator[0]
      Created directory: \ign_demo
dbug: Win32Emu.Emulator[0]
      Created directory: \ign_demo\LEVELS
dbug: Win32Emu.Emulator[0]
      Created directory: \ign_demo\LEVELS\CANADA
dbug: Win32Emu.Emulator[0]
      Created directory: \ign_demo\LEVELS\CANADA\SOUND
info: Win32Emu.Emulator[0]
      [VHD Creation] Copying file 165/180: 07_BELL.WAV
info: Win32Emu.Emulator[0]
      [DiskVFS] FindCaseInsensitivePath: Searching for '\ign_demo\LEVELS\CANADA\SOUND\07_BELL.WAV'
info: Win32Emu.Emulator[0]
      [DiskVFS] FindCaseInsensitivePath: Checking directory='\ign_demo\LEVELS\CANADA\SOUND', filename='07_BELL.WAV'
dbug: Win32Emu.Emulator[0]
      [DiskVFS] Opened file: \ign_demo\LEVELS\CANADA\SOUND\07_BELL.WAV
info: Win32Emu.Emulator[0]
      [VHD Creation] Successfully copied 07_BELL.WAV (24288 bytes) [165/180]
dbug: Win32Emu.Emulator[0]
      Created directory: \ign_demo
dbug: Win32Emu.Emulator[0]
      Created directory: \ign_demo\LEVELS
dbug: Win32Emu.Emulator[0]
      Created directory: \ign_demo\LEVELS\CANADA
dbug: Win32Emu.Emulator[0]
      Created directory: \ign_demo\LEVELS\CANADA\SOUND
info: Win32Emu.Emulator[0]
      [VHD Creation] Copying file 166/180: 12_FOR.WAV
info: Win32Emu.Emulator[0]
      [DiskVFS] FindCaseInsensitivePath: Searching for '\ign_demo\LEVELS\CANADA\SOUND\12_FOR.WAV'
info: Win32Emu.Emulator[0]
      [DiskVFS] FindCaseInsensitivePath: Checking directory='\ign_demo\LEVELS\CANADA\SOUND', filename='12_FOR.WAV'
dbug: Win32Emu.Emulator[0]
      [DiskVFS] Opened file: \ign_demo\LEVELS\CANADA\SOUND\12_FOR.WAV
info: Win32Emu.Emulator[0]
      [VHD Creation] Successfully copied 12_FOR.WAV (35658 bytes) [166/180]
dbug: Win32Emu.Emulator[0]
      Created directory: \ign_demo
dbug: Win32Emu.Emulator[0]
      Created directory: \ign_demo\LEVELS
dbug: Win32Emu.Emulator[0]
      Created directory: \ign_demo\LEVELS\CANADA
dbug: Win32Emu.Emulator[0]
      Created directory: \ign_demo\LEVELS\CANADA\SOUND
info: Win32Emu.Emulator[0]
      [VHD Creation] Copying file 167/180: 02_LIGHT.PAT
info: Win32Emu.Emulator[0]
      [DiskVFS] FindCaseInsensitivePath: Searching for '\ign_demo\LEVELS\CANADA\SOUND\02_LIGHT.PAT'
info: Win32Emu.Emulator[0]
      [DiskVFS] FindCaseInsensitivePath: Checking directory='\ign_demo\LEVELS\CANADA\SOUND', filename='02_LIGHT.PAT'
dbug: Win32Emu.Emulator[0]
      [DiskVFS] Opened file: \ign_demo\LEVELS\CANADA\SOUND\02_LIGHT.PAT
info: Win32Emu.Emulator[0]
      [VHD Creation] Successfully copied 02_LIGHT.PAT (9032 bytes) [167/180]
dbug: Win32Emu.Emulator[0]
      Created directory: \ign_demo
dbug: Win32Emu.Emulator[0]
      Created directory: \ign_demo\LEVELS
dbug: Win32Emu.Emulator[0]
      Created directory: \ign_demo\LEVELS\CANADA
dbug: Win32Emu.Emulator[0]
      Created directory: \ign_demo\LEVELS\CANADA\SOUND
info: Win32Emu.Emulator[0]
      [VHD Creation] Copying file 168/180: 08_FARM.WAV
info: Win32Emu.Emulator[0]
      [DiskVFS] FindCaseInsensitivePath: Searching for '\ign_demo\LEVELS\CANADA\SOUND\08_FARM.WAV'
info: Win32Emu.Emulator[0]
      [DiskVFS] FindCaseInsensitivePath: Checking directory='\ign_demo\LEVELS\CANADA\SOUND', filename='08_FARM.WAV'
dbug: Win32Emu.Emulator[0]
      [DiskVFS] Opened file: \ign_demo\LEVELS\CANADA\SOUND\08_FARM.WAV
info: Win32Emu.Emulator[0]
      [VHD Creation] Successfully copied 08_FARM.WAV (29962 bytes) [168/180]
dbug: Win32Emu.Emulator[0]
      Created directory: \ign_demo
dbug: Win32Emu.Emulator[0]
      Created directory: \ign_demo\LEVELS
dbug: Win32Emu.Emulator[0]
      Created directory: \ign_demo\LEVELS\CANADA
dbug: Win32Emu.Emulator[0]
      Created directory: \ign_demo\LEVELS\CANADA\SOUND
info: Win32Emu.Emulator[0]
      [VHD Creation] Copying file 169/180: 04_WATER.PAT
info: Win32Emu.Emulator[0]
      [DiskVFS] FindCaseInsensitivePath: Searching for '\ign_demo\LEVELS\CANADA\SOUND\04_WATER.PAT'
info: Win32Emu.Emulator[0]
      [DiskVFS] FindCaseInsensitivePath: Checking directory='\ign_demo\LEVELS\CANADA\SOUND', filename='04_WATER.PAT'
dbug: Win32Emu.Emulator[0]
      [DiskVFS] Opened file: \ign_demo\LEVELS\CANADA\SOUND\04_WATER.PAT
info: Win32Emu.Emulator[0]
      [VHD Creation] Successfully copied 04_WATER.PAT (13063 bytes) [169/180]
dbug: Win32Emu.Emulator[0]
      Created directory: \ign_demo
dbug: Win32Emu.Emulator[0]
      Created directory: \ign_demo\LEVELS
dbug: Win32Emu.Emulator[0]
      Created directory: \ign_demo\LEVELS\CANADA
dbug: Win32Emu.Emulator[0]
      Created directory: \ign_demo\LEVELS\CANADA\SOUND
info: Win32Emu.Emulator[0]
      [VHD Creation] Copying file 170/180: 13_FACT.WAV
info: Win32Emu.Emulator[0]
      [DiskVFS] FindCaseInsensitivePath: Searching for '\ign_demo\LEVELS\CANADA\SOUND\13_FACT.WAV'
info: Win32Emu.Emulator[0]
      [DiskVFS] FindCaseInsensitivePath: Checking directory='\ign_demo\LEVELS\CANADA\SOUND', filename='13_FACT.WAV'
dbug: Win32Emu.Emulator[0]
      [DiskVFS] Opened file: \ign_demo\LEVELS\CANADA\SOUND\13_FACT.WAV
info: Win32Emu.Emulator[0]
      [VHD Creation] Successfully copied 13_FACT.WAV (8074 bytes) [170/180]
dbug: Win32Emu.Emulator[0]
      Created directory: \ign_demo
dbug: Win32Emu.Emulator[0]
      Created directory: \ign_demo\LEVELS
dbug: Win32Emu.Emulator[0]
      Created directory: \ign_demo\LEVELS\CANADA
dbug: Win32Emu.Emulator[0]
      Created directory: \ign_demo\LEVELS\CANADA\SOUND
info: Win32Emu.Emulator[0]
      [VHD Creation] Copying file 171/180: 06_TRAKT.PAT
info: Win32Emu.Emulator[0]
      [DiskVFS] FindCaseInsensitivePath: Searching for '\ign_demo\LEVELS\CANADA\SOUND\06_TRAKT.PAT'
info: Win32Emu.Emulator[0]
      [DiskVFS] FindCaseInsensitivePath: Checking directory='\ign_demo\LEVELS\CANADA\SOUND', filename='06_TRAKT.PAT'
dbug: Win32Emu.Emulator[0]
      [DiskVFS] Opened file: \ign_demo\LEVELS\CANADA\SOUND\06_TRAKT.PAT
info: Win32Emu.Emulator[0]
      [VHD Creation] Successfully copied 06_TRAKT.PAT (11687 bytes) [171/180]
dbug: Win32Emu.Emulator[0]
      Created directory: \ign_demo
dbug: Win32Emu.Emulator[0]
      Created directory: \ign_demo\LEVELS
dbug: Win32Emu.Emulator[0]
      Created directory: \ign_demo\LEVELS\CANADA
dbug: Win32Emu.Emulator[0]
      Created directory: \ign_demo\LEVELS\CANADA\SOUND
info: Win32Emu.Emulator[0]
      [VHD Creation] Copying file 172/180: 10_FOR.WAV
info: Win32Emu.Emulator[0]
      [DiskVFS] FindCaseInsensitivePath: Searching for '\ign_demo\LEVELS\CANADA\SOUND\10_FOR.WAV'
info: Win32Emu.Emulator[0]
      [DiskVFS] FindCaseInsensitivePath: Checking directory='\ign_demo\LEVELS\CANADA\SOUND', filename='10_FOR.WAV'
dbug: Win32Emu.Emulator[0]
      [DiskVFS] Opened file: \ign_demo\LEVELS\CANADA\SOUND\10_FOR.WAV
info: Win32Emu.Emulator[0]
      [VHD Creation] Successfully copied 10_FOR.WAV (45898 bytes) [172/180]
dbug: Win32Emu.Emulator[0]
      Created directory: \ign_demo
dbug: Win32Emu.Emulator[0]
      Created directory: \ign_demo\LEVELS
dbug: Win32Emu.Emulator[0]
      Created directory: \ign_demo\LEVELS\CANADA
dbug: Win32Emu.Emulator[0]
      Created directory: \ign_demo\LEVELS\CANADA\SOUND
info: Win32Emu.Emulator[0]
      [VHD Creation] Copying file 173/180: 11_FOR.WAV
info: Win32Emu.Emulator[0]
      [DiskVFS] FindCaseInsensitivePath: Searching for '\ign_demo\LEVELS\CANADA\SOUND\11_FOR.WAV'
info: Win32Emu.Emulator[0]
      [DiskVFS] FindCaseInsensitivePath: Checking directory='\ign_demo\LEVELS\CANADA\SOUND', filename='11_FOR.WAV'
dbug: Win32Emu.Emulator[0]
      [DiskVFS] Opened file: \ign_demo\LEVELS\CANADA\SOUND\11_FOR.WAV
info: Win32Emu.Emulator[0]
      [VHD Creation] Successfully copied 11_FOR.WAV (41162 bytes) [173/180]
dbug: Win32Emu.Emulator[0]
      Created directory: \ign_demo
dbug: Win32Emu.Emulator[0]
      Created directory: \ign_demo\LEVELS
dbug: Win32Emu.Emulator[0]
      Created directory: \ign_demo\LEVELS\CANADA
dbug: Win32Emu.Emulator[0]
      Created directory: \ign_demo\LEVELS\CANADA\SOUND
info: Win32Emu.Emulator[0]
      [VHD Creation] Copying file 174/180: 00_RAIN.WAV
info: Win32Emu.Emulator[0]
      [DiskVFS] FindCaseInsensitivePath: Searching for '\ign_demo\LEVELS\CANADA\SOUND\00_RAIN.WAV'
info: Win32Emu.Emulator[0]
      [DiskVFS] FindCaseInsensitivePath: Checking directory='\ign_demo\LEVELS\CANADA\SOUND', filename='00_RAIN.WAV'
dbug: Win32Emu.Emulator[0]
      [DiskVFS] Opened file: \ign_demo\LEVELS\CANADA\SOUND\00_RAIN.WAV
info: Win32Emu.Emulator[0]
      [VHD Creation] Successfully copied 00_RAIN.WAV (14058 bytes) [174/180]
dbug: Win32Emu.Emulator[0]
      Created directory: \ign_demo
dbug: Win32Emu.Emulator[0]
      Created directory: \ign_demo\LEVELS
dbug: Win32Emu.Emulator[0]
      Created directory: \ign_demo\LEVELS\CANADA
dbug: Win32Emu.Emulator[0]
      Created directory: \ign_demo\LEVELS\CANADA\SOUND
info: Win32Emu.Emulator[0]
      [VHD Creation] Copying file 175/180: 09_FOR.WAV
info: Win32Emu.Emulator[0]
      [DiskVFS] FindCaseInsensitivePath: Searching for '\ign_demo\LEVELS\CANADA\SOUND\09_FOR.WAV'
info: Win32Emu.Emulator[0]
      [DiskVFS] FindCaseInsensitivePath: Checking directory='\ign_demo\LEVELS\CANADA\SOUND', filename='09_FOR.WAV'
dbug: Win32Emu.Emulator[0]
      [DiskVFS] Opened file: \ign_demo\LEVELS\CANADA\SOUND\09_FOR.WAV
info: Win32Emu.Emulator[0]
      [VHD Creation] Successfully copied 09_FOR.WAV (45898 bytes) [175/180]
dbug: Win32Emu.Emulator[0]
      Created directory: \ign_demo
dbug: Win32Emu.Emulator[0]
      Created directory: \ign_demo\LEVELS
dbug: Win32Emu.Emulator[0]
      Created directory: \ign_demo\LEVELS\CANADA
dbug: Win32Emu.Emulator[0]
      Created directory: \ign_demo\LEVELS\CANADA\SOUND
info: Win32Emu.Emulator[0]
      [VHD Creation] Copying file 176/180: 01_THUND.PAT
info: Win32Emu.Emulator[0]
      [DiskVFS] FindCaseInsensitivePath: Searching for '\ign_demo\LEVELS\CANADA\SOUND\01_THUND.PAT'
info: Win32Emu.Emulator[0]
      [DiskVFS] FindCaseInsensitivePath: Checking directory='\ign_demo\LEVELS\CANADA\SOUND', filename='01_THUND.PAT'
dbug: Win32Emu.Emulator[0]
      [DiskVFS] Opened file: \ign_demo\LEVELS\CANADA\SOUND\01_THUND.PAT
info: Win32Emu.Emulator[0]
      [VHD Creation] Successfully copied 01_THUND.PAT (9508 bytes) [176/180]
dbug: Win32Emu.Emulator[0]
      Created directory: \ign_demo
dbug: Win32Emu.Emulator[0]
      Created directory: \ign_demo\BALTAZAR
dbug: Win32Emu.Emulator[0]
      Created directory: \ign_demo\BALTAZAR\DATA
dbug: Win32Emu.Emulator[0]
      [DiskVFS] Created directory: \ign_demo\BALTAZAR\DATA\SOUND
dbug: Win32Emu.Emulator[0]
      Created directory: \ign_demo\BALTAZAR\DATA\SOUND
dbug: Win32Emu.Emulator[0]
      [DiskVFS] Created directory: \ign_demo\BALTAZAR\DATA\SOUND\0_GRP0
dbug: Win32Emu.Emulator[0]
      Created directory: \ign_demo\BALTAZAR\DATA\SOUND\0_GRP0
info: Win32Emu.Emulator[0]
      [VHD Creation] Copying file 177/180: 0_SEL.WAV
info: Win32Emu.Emulator[0]
      [DiskVFS] FindCaseInsensitivePath: Searching for '\ign_demo\BALTAZAR\DATA\SOUND\0_GRP0\0_SEL.WAV'
info: Win32Emu.Emulator[0]
      [DiskVFS] FindCaseInsensitivePath: Checking directory='\ign_demo\BALTAZAR\DATA\SOUND\0_GRP0', filename='0_SEL.WAV'
dbug: Win32Emu.Emulator[0]
      [DiskVFS] Opened file: \ign_demo\BALTAZAR\DATA\SOUND\0_GRP0\0_SEL.WAV
info: Win32Emu.Emulator[0]
      [VHD Creation] Successfully copied 0_SEL.WAV (9558 bytes) [177/180]
dbug: Win32Emu.Emulator[0]
      Created directory: \ign_demo
dbug: Win32Emu.Emulator[0]
      Created directory: \ign_demo\BALTAZAR
dbug: Win32Emu.Emulator[0]
      Created directory: \ign_demo\BALTAZAR\DATA
dbug: Win32Emu.Emulator[0]
      Created directory: \ign_demo\BALTAZAR\DATA\SOUND
dbug: Win32Emu.Emulator[0]
      Created directory: \ign_demo\BALTAZAR\DATA\SOUND\0_GRP0
info: Win32Emu.Emulator[0]
      [VHD Creation] Copying file 178/180: 2_NO.WAV
info: Win32Emu.Emulator[0]
      [DiskVFS] FindCaseInsensitivePath: Searching for '\ign_demo\BALTAZAR\DATA\SOUND\0_GRP0\2_NO.WAV'
info: Win32Emu.Emulator[0]
      [DiskVFS] FindCaseInsensitivePath: Checking directory='\ign_demo\BALTAZAR\DATA\SOUND\0_GRP0', filename='2_NO.WAV'
dbug: Win32Emu.Emulator[0]
      [DiskVFS] Opened file: \ign_demo\BALTAZAR\DATA\SOUND\0_GRP0\2_NO.WAV
info: Win32Emu.Emulator[0]
      [VHD Creation] Successfully copied 2_NO.WAV (10428 bytes) [178/180]
dbug: Win32Emu.Emulator[0]
      Created directory: \ign_demo
dbug: Win32Emu.Emulator[0]
      Created directory: \ign_demo\BALTAZAR
dbug: Win32Emu.Emulator[0]
      Created directory: \ign_demo\BALTAZAR\DATA
dbug: Win32Emu.Emulator[0]
      Created directory: \ign_demo\BALTAZAR\DATA\SOUND
dbug: Win32Emu.Emulator[0]
      Created directory: \ign_demo\BALTAZAR\DATA\SOUND\0_GRP0
info: Win32Emu.Emulator[0]
      [VHD Creation] Copying file 179/180: 3_INTRO.WAV
info: Win32Emu.Emulator[0]
      [DiskVFS] FindCaseInsensitivePath: Searching for '\ign_demo\BALTAZAR\DATA\SOUND\0_GRP0\3_INTRO.WAV'
info: Win32Emu.Emulator[0]
      [DiskVFS] FindCaseInsensitivePath: Checking directory='\ign_demo\BALTAZAR\DATA\SOUND\0_GRP0', filename='3_INTRO.WAV'
dbug: Win32Emu.Emulator[0]
      [DiskVFS] Opened file: \ign_demo\BALTAZAR\DATA\SOUND\0_GRP0\3_INTRO.WAV
info: Win32Emu.Emulator[0]
      [VHD Creation] Successfully copied 3_INTRO.WAV (808544 bytes) [179/180]
dbug: Win32Emu.Emulator[0]
      Created directory: \ign_demo
dbug: Win32Emu.Emulator[0]
      Created directory: \ign_demo\BALTAZAR
dbug: Win32Emu.Emulator[0]
      Created directory: \ign_demo\BALTAZAR\DATA
dbug: Win32Emu.Emulator[0]
      Created directory: \ign_demo\BALTAZAR\DATA\SOUND
dbug: Win32Emu.Emulator[0]
      Created directory: \ign_demo\BALTAZAR\DATA\SOUND\0_GRP0
info: Win32Emu.Emulator[0]
      [VHD Creation] Copying file 180/180: 1_FLIP.WAV
info: Win32Emu.Emulator[0]
      [DiskVFS] FindCaseInsensitivePath: Searching for '\ign_demo\BALTAZAR\DATA\SOUND\0_GRP0\1_FLIP.WAV'
info: Win32Emu.Emulator[0]
      [DiskVFS] FindCaseInsensitivePath: Checking directory='\ign_demo\BALTAZAR\DATA\SOUND\0_GRP0', filename='1_FLIP.WAV'
dbug: Win32Emu.Emulator[0]
      [DiskVFS] Opened file: \ign_demo\BALTAZAR\DATA\SOUND\0_GRP0\1_FLIP.WAV
info: Win32Emu.Emulator[0]
      [VHD Creation] Successfully copied 1_FLIP.WAV (2426 bytes) [180/180]
info: Win32Emu.Emulator[0]
      [DiskVFS] Disposed
info: Win32Emu.Emulator[0]
      [VHD Creation] Virtual disk created successfully: /tmp/Win32Emu_VHDs/IGN_DEMO_5dbfba27b9511c57.vhd (180/180 files copied)
info: Win32Emu.Emulator[0]
      Using virtual disk: /tmp/Win32Emu_VHDs/IGN_DEMO_5dbfba27b9511c57.vhd
info: Win32Emu.Emulator[0]
      Executable VFS path: C:\ign_demo\IGN_DEMO.EXE
info: Win32Emu.Emulator[0]
      [Loader] Extracting executable from virtual disk: C:\ign_demo\IGN_DEMO.EXE
info: Win32Emu.Emulator[0]
      [DiskVFS] Mounted VHD: /tmp/Win32Emu_VHDs/IGN_DEMO_5dbfba27b9511c57.vhd (Read-Write)
info: Win32Emu.Emulator[0]
      [DiskVFS] FindCaseInsensitivePath: Searching for '\ign_demo\IGN_DEMO.EXE'
info: Win32Emu.Emulator[0]
      [DiskVFS] FindCaseInsensitivePath: File exists as-is: '\ign_demo\IGN_DEMO.EXE'
dbug: Win32Emu.Emulator[0]
      [DiskVFS] Opened file: \ign_demo\IGN_DEMO.EXE
info: Win32Emu.Emulator[0]
      [Loader] Extracted 891392 bytes from virtual disk
info: Win32Emu.Emulator[0]
      [DiskVFS] Disposed
info: Win32Emu.Emulator[0]
      [Loader] Host OS: Ubuntu 24.04.3 LTS
info: Win32Emu.Emulator[0]
      [Loader] Host OS Architecture: X64
info: Win32Emu.Emulator[0]
      [Loader] Host Process Architecture: X64
info: Win32Emu.Emulator[0]
      [Loader] Host Framework: .NET 10.0.2
info: Win32Emu.Emulator[0]
      [Loader] Host Runtime Identifier: linux-x64
dbug: Win32Emu.Emulator[0]
      [Loader] Loading executable: C:\ign_demo\IGN_DEMO.EXE
info: Win32Emu.Emulator[0]
      [Memory] Configured size: 256 MB, Address space: 4096 MB (sparse, pages allocated on-demand)
info: Win32Emu.Emulator[0]
      [Loader] Detected format: PE32
dbug: Win32Emu.Emulator[0]
      [Loader] Loading PE headers: Size=0x00000400 at ImageBase=0x00400000
dbug: Win32Emu.Emulator[0]
      [Loader] Loaded 0x00000400 bytes of PE headers
dbug: Win32Emu.Emulator[0]
      [Loader] Loading section ., t, e, x, t: RVA=0x00001000, VirtualSize=0x00075CAC, RawDataSize=0x00075E00, Flags=0x60000020
dbug: Win32Emu.Emulator[0]
      [Loader] Section ., t, e, x, t has RawDataSize (0x00075E00) > VirtualSize (0x00075CAC), truncating to VirtualSize to avoid writing beyond section bounds
dbug: Win32Emu.Emulator[0]
      [Loader] Loading section ., r, d, a, t, a: RVA=0x00077000, VirtualSize=0x00002560, RawDataSize=0x00002600, Flags=0x40000040
dbug: Win32Emu.Emulator[0]
      [Loader] Section ., r, d, a, t, a has RawDataSize (0x00002600) > VirtualSize (0x00002560), truncating to VirtualSize to avoid writing beyond section bounds
dbug: Win32Emu.Emulator[0]
      [Loader] Loading section ., d, a, t, a: RVA=0x0007A000, VirtualSize=0x00243BF0, RawDataSize=0x0003D800, Flags=0xC0000040
dbug: Win32Emu.Emulator[0]
      [Loader] Section ., d, a, t, a has VirtualSize (0x00243BF0) > RawDataSize (0x0003D800), extra 0x002063F0 bytes remain zero-filled
dbug: Win32Emu.Emulator[0]
      [Loader] Loading section ., i, d, a, t, a: RVA=0x002BE000, VirtualSize=0x00000C54, RawDataSize=0x00000E00, Flags=0xC0000040
dbug: Win32Emu.Emulator[0]
      [Loader] Section ., i, d, a, t, a has RawDataSize (0x00000E00) > VirtualSize (0x00000C54), truncating to VirtualSize to avoid writing beyond section bounds
dbug: Win32Emu.Emulator[0]
      [Loader] Loading section S, T, A, C, K: RVA=0x002BF000, VirtualSize=0x00000200, RawDataSize=0x00000200, Flags=0xC0000040
dbug: Win32Emu.Emulator[0]
      [Loader] Loading section c, o, d, e: RVA=0x002C0000, VirtualSize=0x00001597, RawDataSize=0x00001600, Flags=0xC0000040
dbug: Win32Emu.Emulator[0]
      [Loader] Section c, o, d, e has RawDataSize (0x00001600) > VirtualSize (0x00001597), truncating to VirtualSize to avoid writing beyond section bounds
dbug: Win32Emu.Emulator[0]
      [Loader] Loading section ., r, s, r, c: RVA=0x002C2000, VirtualSize=0x00006420, RawDataSize=0x00006600, Flags=0x40000040
dbug: Win32Emu.Emulator[0]
      [Loader] Section ., r, s, r, c has RawDataSize (0x00006600) > VirtualSize (0x00006420), truncating to VirtualSize to avoid writing beyond section bounds
dbug: Win32Emu.Emulator[0]
      [Loader] Loading section ., r, e, l, o, c: RVA=0x002C9000, VirtualSize=0x00016A20, RawDataSize=0x00016C00, Flags=0x42000040
dbug: Win32Emu.Emulator[0]
      [Loader] Section ., r, e, l, o, c has RawDataSize (0x00016C00) > VirtualSize (0x00016A20), truncating to VirtualSize to avoid writing beyond section bounds
dbug: Win32Emu.Emulator[0]
      [Loader] Image loaded at preferred base 0x00400000, no relocations needed
info: Win32Emu.Emulator[0]
      [Loader] Created syscall dispatcher at 0x0E000000
info: Win32Emu.Emulator[0]
      [Loader] Processing imports from DLL: KERNEL32.dll (63 symbols)
dbug: Win32Emu.Emulator[0]
      [Loader] IAT entry at VA 0x006BE2CC contains unusual value 0x002BE49E before writing synthetic address.
info: Win32Emu.Emulator[0]
      [Loader] Mapped import: KERNEL32.DLL!QueryPerformanceFrequency -> IAT VA 0x006BE2CC = synthetic 0x0F000000
dbug: Win32Emu.Emulator[0]
      [Loader] IAT entry at VA 0x006BE2D0 contains unusual value 0x002BE880 before writing synthetic address.
info: Win32Emu.Emulator[0]
      [Loader] Mapped import: KERNEL32.DLL!FreeEnvironmentStringsW -> IAT VA 0x006BE2D0 = synthetic 0x0F000010
dbug: Win32Emu.Emulator[0]
      [Loader] IAT entry at VA 0x006BE2D4 contains unusual value 0x002BE8FE before writing synthetic address.
info: Win32Emu.Emulator[0]
      [Loader] Mapped import: KERNEL32.DLL!GetFileType -> IAT VA 0x006BE2D4 = synthetic 0x0F000020
dbug: Win32Emu.Emulator[0]
      [Loader] IAT entry at VA 0x006BE2D8 contains unusual value 0x002BE90C before writing synthetic address.
info: Win32Emu.Emulator[0]
      [Loader] Mapped import: KERNEL32.DLL!GetStdHandle -> IAT VA 0x006BE2D8 = synthetic 0x0F000030
dbug: Win32Emu.Emulator[0]
      [Loader] IAT entry at VA 0x006BE2DC contains unusual value 0x002BE7A2 before writing synthetic address.
info: Win32Emu.Emulator[0]
      [Loader] Mapped import: KERNEL32.DLL!ReadFile -> IAT VA 0x006BE2DC = synthetic 0x0F000040
dbug: Win32Emu.Emulator[0]
      [Loader] IAT entry at VA 0x006BE2E0 contains unusual value 0x002BE7AE before writing synthetic address.
info: Win32Emu.Emulator[0]
      [Loader] Mapped import: KERNEL32.DLL!HeapDestroy -> IAT VA 0x006BE2E0 = synthetic 0x0F000050
dbug: Win32Emu.Emulator[0]
      [Loader] IAT entry at VA 0x006BE2E4 contains unusual value 0x002BE9EA before writing synthetic address.
info: Win32Emu.Emulator[0]
      [Loader] Mapped import: KERNEL32.DLL!RaiseException -> IAT VA 0x006BE2E4 = synthetic 0x0F000060
dbug: Win32Emu.Emulator[0]
      [Loader] IAT entry at VA 0x006BE2E8 contains unusual value 0x002BE9DA before writing synthetic address.
info: Win32Emu.Emulator[0]
      [Loader] Mapped import: KERNEL32.DLL!LCMapStringW -> IAT VA 0x006BE2E8 = synthetic 0x0F000070
dbug: Win32Emu.Emulator[0]
      [Loader] IAT entry at VA 0x006BE2EC contains unusual value 0x002BE9CA before writing synthetic address.
info: Win32Emu.Emulator[0]
      [Loader] Mapped import: KERNEL32.DLL!LCMapStringA -> IAT VA 0x006BE2EC = synthetic 0x0F000080
dbug: Win32Emu.Emulator[0]
      [Loader] IAT entry at VA 0x006BE2F0 contains unusual value 0x002BEA3A before writing synthetic address.
info: Win32Emu.Emulator[0]
      [Loader] Mapped import: KERNEL32.DLL!HeapReAlloc -> IAT VA 0x006BE2F0 = synthetic 0x0F000090
dbug: Win32Emu.Emulator[0]
      [Loader] IAT entry at VA 0x006BE2F4 contains unusual value 0x002BEA20 before writing synthetic address.
info: Win32Emu.Emulator[0]
      [Loader] Mapped import: KERNEL32.DLL!SetEnvironmentVariableA -> IAT VA 0x006BE2F4 = synthetic 0x0F0000A0
dbug: Win32Emu.Emulator[0]
      [Loader] IAT entry at VA 0x006BE2F8 contains unusual value 0x002BEA0E before writing synthetic address.
info: Win32Emu.Emulator[0]
      [Loader] Mapped import: KERNEL32.DLL!CompareStringW -> IAT VA 0x006BE2F8 = synthetic 0x0F0000B0
dbug: Win32Emu.Emulator[0]
      [Loader] IAT entry at VA 0x006BE2FC contains unusual value 0x002BE9FC before writing synthetic address.
info: Win32Emu.Emulator[0]
      [Loader] Mapped import: KERNEL32.DLL!CompareStringA -> IAT VA 0x006BE2FC = synthetic 0x0F0000C0
dbug: Win32Emu.Emulator[0]
      [Loader] IAT entry at VA 0x006BE300 contains unusual value 0x002BE62C before writing synthetic address.
info: Win32Emu.Emulator[0]
      [Loader] Mapped import: KERNEL32.DLL!GlobalFree -> IAT VA 0x006BE300 = synthetic 0x0F0000D0
dbug: Win32Emu.Emulator[0]
      [Loader] IAT entry at VA 0x006BE304 contains unusual value 0x002BE63A before writing synthetic address.
info: Win32Emu.Emulator[0]
      [Loader] Mapped import: KERNEL32.DLL!GlobalUnlock -> IAT VA 0x006BE304 = synthetic 0x0F0000E0
dbug: Win32Emu.Emulator[0]
      [Loader] IAT entry at VA 0x006BE308 contains unusual value 0x002BE64A before writing synthetic address.
info: Win32Emu.Emulator[0]
      [Loader] Mapped import: KERNEL32.DLL!GlobalHandle -> IAT VA 0x006BE308 = synthetic 0x0F0000F0
dbug: Win32Emu.Emulator[0]
      [Loader] IAT entry at VA 0x006BE30C contains unusual value 0x002BE65A before writing synthetic address.
info: Win32Emu.Emulator[0]
      [Loader] Mapped import: KERNEL32.DLL!GlobalLock -> IAT VA 0x006BE30C = synthetic 0x0F000100
dbug: Win32Emu.Emulator[0]
      [Loader] IAT entry at VA 0x006BE310 contains unusual value 0x002BE668 before writing synthetic address.
info: Win32Emu.Emulator[0]
      [Loader] Mapped import: KERNEL32.DLL!GlobalAlloc -> IAT VA 0x006BE310 = synthetic 0x0F000110
dbug: Win32Emu.Emulator[0]
      [Loader] IAT entry at VA 0x006BE314 contains unusual value 0x002BE676 before writing synthetic address.
info: Win32Emu.Emulator[0]
      [Loader] Mapped import: KERNEL32.DLL!HeapAlloc -> IAT VA 0x006BE314 = synthetic 0x0F000120
dbug: Win32Emu.Emulator[0]
      [Loader] IAT entry at VA 0x006BE318 contains unusual value 0x002BE682 before writing synthetic address.
info: Win32Emu.Emulator[0]
      [Loader] Mapped import: KERNEL32.DLL!HeapFree -> IAT VA 0x006BE318 = synthetic 0x0F000130
dbug: Win32Emu.Emulator[0]
      [Loader] IAT entry at VA 0x006BE31C contains unusual value 0x002BE68E before writing synthetic address.
info: Win32Emu.Emulator[0]
      [Loader] Mapped import: KERNEL32.DLL!ExitProcess -> IAT VA 0x006BE31C = synthetic 0x0F000140
dbug: Win32Emu.Emulator[0]
      [Loader] IAT entry at VA 0x006BE320 contains unusual value 0x002BE69C before writing synthetic address.
info: Win32Emu.Emulator[0]
      [Loader] Mapped import: KERNEL32.DLL!TerminateProcess -> IAT VA 0x006BE320 = synthetic 0x0F000150
dbug: Win32Emu.Emulator[0]
      [Loader] IAT entry at VA 0x006BE324 contains unusual value 0x002BE6B0 before writing synthetic address.
info: Win32Emu.Emulator[0]
      [Loader] Mapped import: KERNEL32.DLL!GetCurrentProcess -> IAT VA 0x006BE324 = synthetic 0x0F000160
dbug: Win32Emu.Emulator[0]
      [Loader] IAT entry at VA 0x006BE328 contains unusual value 0x002BE6C4 before writing synthetic address.
info: Win32Emu.Emulator[0]
      [Loader] Mapped import: KERNEL32.DLL!GetModuleHandleA -> IAT VA 0x006BE328 = synthetic 0x0F000170
dbug: Win32Emu.Emulator[0]
      [Loader] IAT entry at VA 0x006BE32C contains unusual value 0x002BE6D8 before writing synthetic address.
info: Win32Emu.Emulator[0]
      [Loader] Mapped import: KERNEL32.DLL!GetStartupInfoA -> IAT VA 0x006BE32C = synthetic 0x0F000180
dbug: Win32Emu.Emulator[0]
      [Loader] IAT entry at VA 0x006BE330 contains unusual value 0x002BE6EA before writing synthetic address.
info: Win32Emu.Emulator[0]
      [Loader] Mapped import: KERNEL32.DLL!GetCommandLineA -> IAT VA 0x006BE330 = synthetic 0x0F000190
dbug: Win32Emu.Emulator[0]
      [Loader] IAT entry at VA 0x006BE334 contains unusual value 0x002BE6FC before writing synthetic address.
info: Win32Emu.Emulator[0]
      [Loader] Mapped import: KERNEL32.DLL!GetVersion -> IAT VA 0x006BE334 = synthetic 0x0F0001A0
dbug: Win32Emu.Emulator[0]
      [Loader] IAT entry at VA 0x006BE338 contains unusual value 0x002BE70A before writing synthetic address.
info: Win32Emu.Emulator[0]
      [Loader] Mapped import: KERNEL32.DLL!GetLastError -> IAT VA 0x006BE338 = synthetic 0x0F0001B0
dbug: Win32Emu.Emulator[0]
      [Loader] IAT entry at VA 0x006BE33C contains unusual value 0x002BE71A before writing synthetic address.
info: Win32Emu.Emulator[0]
      [Loader] Mapped import: KERNEL32.DLL!DeleteFileA -> IAT VA 0x006BE33C = synthetic 0x0F0001C0
dbug: Win32Emu.Emulator[0]
      [Loader] IAT entry at VA 0x006BE340 contains unusual value 0x002BE728 before writing synthetic address.
info: Win32Emu.Emulator[0]
      [Loader] Mapped import: KERNEL32.DLL!MoveFileA -> IAT VA 0x006BE340 = synthetic 0x0F0001D0
dbug: Win32Emu.Emulator[0]
      [Loader] IAT entry at VA 0x006BE344 contains unusual value 0x002BE734 before writing synthetic address.
info: Win32Emu.Emulator[0]
      [Loader] Mapped import: KERNEL32.DLL!FindFirstFileA -> IAT VA 0x006BE344 = synthetic 0x0F0001E0
dbug: Win32Emu.Emulator[0]
      [Loader] IAT entry at VA 0x006BE348 contains unusual value 0x002BE746 before writing synthetic address.
info: Win32Emu.Emulator[0]
      [Loader] Mapped import: KERNEL32.DLL!FindNextFileA -> IAT VA 0x006BE348 = synthetic 0x0F0001F0
dbug: Win32Emu.Emulator[0]
      [Loader] IAT entry at VA 0x006BE34C contains unusual value 0x002BE756 before writing synthetic address.
info: Win32Emu.Emulator[0]
      [Loader] Mapped import: KERNEL32.DLL!FindClose -> IAT VA 0x006BE34C = synthetic 0x0F000200
dbug: Win32Emu.Emulator[0]
      [Loader] IAT entry at VA 0x006BE350 contains unusual value 0x002BE762 before writing synthetic address.
info: Win32Emu.Emulator[0]
      [Loader] Mapped import: KERNEL32.DLL!FileTimeToSystemTime -> IAT VA 0x006BE350 = synthetic 0x0F000210
dbug: Win32Emu.Emulator[0]
      [Loader] IAT entry at VA 0x006BE354 contains unusual value 0x002BE77A before writing synthetic address.
info: Win32Emu.Emulator[0]
      [Loader] Mapped import: KERNEL32.DLL!FileTimeToLocalFileTime -> IAT VA 0x006BE354 = synthetic 0x0F000220
dbug: Win32Emu.Emulator[0]
      [Loader] IAT entry at VA 0x006BE358 contains unusual value 0x002BE794 before writing synthetic address.
info: Win32Emu.Emulator[0]
      [Loader] Mapped import: KERNEL32.DLL!CloseHandle -> IAT VA 0x006BE358 = synthetic 0x0F000230
dbug: Win32Emu.Emulator[0]
      [Loader] IAT entry at VA 0x006BE35C contains unusual value 0x002BE9A0 before writing synthetic address.
info: Win32Emu.Emulator[0]
      [Loader] Mapped import: KERNEL32.DLL!GetTimeZoneInformation -> IAT VA 0x006BE35C = synthetic 0x0F000240
dbug: Win32Emu.Emulator[0]
      [Loader] IAT entry at VA 0x006BE360 contains unusual value 0x002BE9BA before writing synthetic address.
info: Win32Emu.Emulator[0]
      [Loader] Mapped import: KERNEL32.DLL!SetEndOfFile -> IAT VA 0x006BE360 = synthetic 0x0F000250
dbug: Win32Emu.Emulator[0]
      [Loader] IAT entry at VA 0x006BE364 contains unusual value 0x002BE7BC before writing synthetic address.
info: Win32Emu.Emulator[0]
      [Loader] Mapped import: KERNEL32.DLL!HeapCreate -> IAT VA 0x006BE364 = synthetic 0x0F000260
dbug: Win32Emu.Emulator[0]
      [Loader] IAT entry at VA 0x006BE368 contains unusual value 0x002BE7CA before writing synthetic address.
info: Win32Emu.Emulator[0]
      [Loader] Mapped import: KERNEL32.DLL!VirtualFree -> IAT VA 0x006BE368 = synthetic 0x0F000270
dbug: Win32Emu.Emulator[0]
      [Loader] IAT entry at VA 0x006BE36C contains unusual value 0x002BE7D8 before writing synthetic address.
info: Win32Emu.Emulator[0]
      [Loader] Mapped import: KERNEL32.DLL!VirtualAlloc -> IAT VA 0x006BE36C = synthetic 0x0F000280
dbug: Win32Emu.Emulator[0]
      [Loader] IAT entry at VA 0x006BE370 contains unusual value 0x002BE7E8 before writing synthetic address.
info: Win32Emu.Emulator[0]
      [Loader] Mapped import: KERNEL32.DLL!GetProcAddress -> IAT VA 0x006BE370 = synthetic 0x0F000290
dbug: Win32Emu.Emulator[0]
      [Loader] IAT entry at VA 0x006BE374 contains unusual value 0x002BE7FA before writing synthetic address.
info: Win32Emu.Emulator[0]
      [Loader] Mapped import: KERNEL32.DLL!RtlUnwind -> IAT VA 0x006BE374 = synthetic 0x0F0002A0
dbug: Win32Emu.Emulator[0]
      [Loader] IAT entry at VA 0x006BE378 contains unusual value 0x002BE806 before writing synthetic address.
info: Win32Emu.Emulator[0]
      [Loader] Mapped import: KERNEL32.DLL!UnhandledExceptionFilter -> IAT VA 0x006BE378 = synthetic 0x0F0002B0
dbug: Win32Emu.Emulator[0]
      [Loader] IAT entry at VA 0x006BE37C contains unusual value 0x002BE822 before writing synthetic address.
info: Win32Emu.Emulator[0]
      [Loader] Mapped import: KERNEL32.DLL!GetModuleFileNameA -> IAT VA 0x006BE37C = synthetic 0x0F0002C0
dbug: Win32Emu.Emulator[0]
      [Loader] IAT entry at VA 0x006BE380 contains unusual value 0x002BE838 before writing synthetic address.
info: Win32Emu.Emulator[0]
      [Loader] Mapped import: KERNEL32.DLL!FreeEnvironmentStringsA -> IAT VA 0x006BE380 = synthetic 0x0F0002D0
dbug: Win32Emu.Emulator[0]
      [Loader] IAT entry at VA 0x006BE384 contains unusual value 0x002BE852 before writing synthetic address.
info: Win32Emu.Emulator[0]
      [Loader] Mapped import: KERNEL32.DLL!MultiByteToWideChar -> IAT VA 0x006BE384 = synthetic 0x0F0002E0
dbug: Win32Emu.Emulator[0]
      [Loader] IAT entry at VA 0x006BE388 contains unusual value 0x002BE868 before writing synthetic address.
info: Win32Emu.Emulator[0]
      [Loader] Mapped import: KERNEL32.DLL!GetEnvironmentStrings -> IAT VA 0x006BE388 = synthetic 0x0F0002F0
dbug: Win32Emu.Emulator[0]
      [Loader] IAT entry at VA 0x006BE38C contains unusual value 0x002BE484 before writing synthetic address.
info: Win32Emu.Emulator[0]
      [Loader] Mapped import: KERNEL32.DLL!QueryPerformanceCounter -> IAT VA 0x006BE38C = synthetic 0x0F000300
dbug: Win32Emu.Emulator[0]
      [Loader] IAT entry at VA 0x006BE390 contains unusual value 0x002BE89A before writing synthetic address.
info: Win32Emu.Emulator[0]
      [Loader] Mapped import: KERNEL32.DLL!GetEnvironmentStringsW -> IAT VA 0x006BE390 = synthetic 0x0F000310
dbug: Win32Emu.Emulator[0]
      [Loader] IAT entry at VA 0x006BE394 contains unusual value 0x002BE8B4 before writing synthetic address.
info: Win32Emu.Emulator[0]
      [Loader] Mapped import: KERNEL32.DLL!WideCharToMultiByte -> IAT VA 0x006BE394 = synthetic 0x0F000320
dbug: Win32Emu.Emulator[0]
      [Loader] IAT entry at VA 0x006BE398 contains unusual value 0x002BE8CA before writing synthetic address.
info: Win32Emu.Emulator[0]
      [Loader] Mapped import: KERNEL32.DLL!GetCPInfo -> IAT VA 0x006BE398 = synthetic 0x0F000330
dbug: Win32Emu.Emulator[0]
      [Loader] IAT entry at VA 0x006BE39C contains unusual value 0x002BE8D6 before writing synthetic address.
info: Win32Emu.Emulator[0]
      [Loader] Mapped import: KERNEL32.DLL!GetACP -> IAT VA 0x006BE39C = synthetic 0x0F000340
dbug: Win32Emu.Emulator[0]
      [Loader] IAT entry at VA 0x006BE3A0 contains unusual value 0x002BE8E0 before writing synthetic address.
info: Win32Emu.Emulator[0]
      [Loader] Mapped import: KERNEL32.DLL!GetOEMCP -> IAT VA 0x006BE3A0 = synthetic 0x0F000350
dbug: Win32Emu.Emulator[0]
      [Loader] IAT entry at VA 0x006BE3A4 contains unusual value 0x002BE8EC before writing synthetic address.
info: Win32Emu.Emulator[0]
      [Loader] Mapped import: KERNEL32.DLL!SetHandleCount -> IAT VA 0x006BE3A4 = synthetic 0x0F000360
dbug: Win32Emu.Emulator[0]
      [Loader] IAT entry at VA 0x006BE3A8 contains unusual value 0x002BE94E before writing synthetic address.
info: Win32Emu.Emulator[0]
      [Loader] Mapped import: KERNEL32.DLL!SetStdHandle -> IAT VA 0x006BE3A8 = synthetic 0x0F000370
dbug: Win32Emu.Emulator[0]
      [Loader] IAT entry at VA 0x006BE3AC contains unusual value 0x002BE91C before writing synthetic address.
info: Win32Emu.Emulator[0]
      [Loader] Mapped import: KERNEL32.DLL!WriteFile -> IAT VA 0x006BE3AC = synthetic 0x0F000380
dbug: Win32Emu.Emulator[0]
      [Loader] IAT entry at VA 0x006BE3B0 contains unusual value 0x002BE928 before writing synthetic address.
info: Win32Emu.Emulator[0]
      [Loader] Mapped import: KERNEL32.DLL!SetFilePointer -> IAT VA 0x006BE3B0 = synthetic 0x0F000390
dbug: Win32Emu.Emulator[0]
      [Loader] IAT entry at VA 0x006BE3B4 contains unusual value 0x002BE93A before writing synthetic address.
info: Win32Emu.Emulator[0]
      [Loader] Mapped import: KERNEL32.DLL!FlushFileBuffers -> IAT VA 0x006BE3B4 = synthetic 0x0F0003A0
dbug: Win32Emu.Emulator[0]
      [Loader] IAT entry at VA 0x006BE3B8 contains unusual value 0x002BE97C before writing synthetic address.
info: Win32Emu.Emulator[0]
      [Loader] Mapped import: KERNEL32.DLL!GetStringTypeA -> IAT VA 0x006BE3B8 = synthetic 0x0F0003B0
dbug: Win32Emu.Emulator[0]
      [Loader] IAT entry at VA 0x006BE3BC contains unusual value 0x002BE95E before writing synthetic address.
info: Win32Emu.Emulator[0]
      [Loader] Mapped import: KERNEL32.DLL!CreateFileA -> IAT VA 0x006BE3BC = synthetic 0x0F0003C0
dbug: Win32Emu.Emulator[0]
      [Loader] IAT entry at VA 0x006BE3C0 contains unusual value 0x002BE96C before writing synthetic address.
info: Win32Emu.Emulator[0]
      [Loader] Mapped import: KERNEL32.DLL!LoadLibraryA -> IAT VA 0x006BE3C0 = synthetic 0x0F0003D0
dbug: Win32Emu.Emulator[0]
      [Loader] IAT entry at VA 0x006BE3C4 contains unusual value 0x002BE98E before writing synthetic address.
info: Win32Emu.Emulator[0]
      [Loader] Mapped import: KERNEL32.DLL!GetStringTypeW -> IAT VA 0x006BE3C4 = synthetic 0x0F0003E0
info: Win32Emu.Emulator[0]
      [Loader] Processing imports from DLL: USER32.dll (36 symbols)
dbug: Win32Emu.Emulator[0]
      [Loader] IAT entry at VA 0x006BE3CC contains unusual value 0x002BE5A8 before writing synthetic address.
info: Win32Emu.Emulator[0]
      [Loader] Mapped import: USER32.DLL!PostQuitMessage -> IAT VA 0x006BE3CC = synthetic 0x0F0003F0
dbug: Win32Emu.Emulator[0]
      [Loader] IAT entry at VA 0x006BE3D0 contains unusual value 0x002BE58A before writing synthetic address.
info: Win32Emu.Emulator[0]
      [Loader] Mapped import: USER32.DLL!SetRect -> IAT VA 0x006BE3D0 = synthetic 0x0F000400
dbug: Win32Emu.Emulator[0]
      [Loader] IAT entry at VA 0x006BE3D4 contains unusual value 0x002BE568 before writing synthetic address.
info: Win32Emu.Emulator[0]
      [Loader] Mapped import: USER32.DLL!ClientToScreen -> IAT VA 0x006BE3D4 = synthetic 0x0F000410
dbug: Win32Emu.Emulator[0]
      [Loader] IAT entry at VA 0x006BE3D8 contains unusual value 0x002BE57A before writing synthetic address.
info: Win32Emu.Emulator[0]
      [Loader] Mapped import: USER32.DLL!GetClientRect -> IAT VA 0x006BE3D8 = synthetic 0x0F000420
dbug: Win32Emu.Emulator[0]
      [Loader] IAT entry at VA 0x006BE3DC contains unusual value 0x002BE5BA before writing synthetic address.
info: Win32Emu.Emulator[0]
      [Loader] Mapped import: USER32.DLL!PostMessageA -> IAT VA 0x006BE3DC = synthetic 0x0F000430
dbug: Win32Emu.Emulator[0]
      [Loader] IAT entry at VA 0x006BE3E0 contains unusual value 0x002BE594 before writing synthetic address.
info: Win32Emu.Emulator[0]
      [Loader] Mapped import: USER32.DLL!GetSystemMetrics -> IAT VA 0x006BE3E0 = synthetic 0x0F000440
dbug: Win32Emu.Emulator[0]
      [Loader] IAT entry at VA 0x006BE3E4 contains unusual value 0x002BEB44 before writing synthetic address.
info: Win32Emu.Emulator[0]
      [Loader] Mapped import: USER32.DLL!ReleaseDC -> IAT VA 0x006BE3E4 = synthetic 0x0F000450
dbug: Win32Emu.Emulator[0]
      [Loader] IAT entry at VA 0x006BE3E8 contains unusual value 0x002BEB50 before writing synthetic address.
info: Win32Emu.Emulator[0]
      [Loader] Mapped import: USER32.DLL!GetDC -> IAT VA 0x006BE3E8 = synthetic 0x0F000460
dbug: Win32Emu.Emulator[0]
      [Loader] IAT entry at VA 0x006BE3EC contains unusual value 0x002BE4D8 before writing synthetic address.
info: Win32Emu.Emulator[0]
      [Loader] Mapped import: USER32.DLL!TranslateMessage -> IAT VA 0x006BE3EC = synthetic 0x0F000470
dbug: Win32Emu.Emulator[0]
      [Loader] IAT entry at VA 0x006BE3F0 contains unusual value 0x002BE4EC before writing synthetic address.
info: Win32Emu.Emulator[0]
      [Loader] Mapped import: USER32.DLL!DispatchMessageA -> IAT VA 0x006BE3F0 = synthetic 0x0F000480
dbug: Win32Emu.Emulator[0]
      [Loader] IAT entry at VA 0x006BE3F4 contains unusual value 0x002BEA48 before writing synthetic address.
info: Win32Emu.Emulator[0]
      [Loader] Mapped import: USER32.DLL!DialogBoxParamA -> IAT VA 0x006BE3F4 = synthetic 0x0F000490
dbug: Win32Emu.Emulator[0]
      [Loader] IAT entry at VA 0x006BE3F8 contains unusual value 0x002BEA5A before writing synthetic address.
info: Win32Emu.Emulator[0]
      [Loader] Mapped import: USER32.DLL!EndDialog -> IAT VA 0x006BE3F8 = synthetic 0x0F0004A0
dbug: Win32Emu.Emulator[0]
      [Loader] IAT entry at VA 0x006BE3FC contains unusual value 0x002BEA66 before writing synthetic address.
info: Win32Emu.Emulator[0]
      [Loader] Mapped import: USER32.DLL!SendDlgItemMessageA -> IAT VA 0x006BE3FC = synthetic 0x0F0004B0
dbug: Win32Emu.Emulator[0]
      [Loader] IAT entry at VA 0x006BE400 contains unusual value 0x002BEA7C before writing synthetic address.
info: Win32Emu.Emulator[0]
      [Loader] Mapped import: USER32.DLL!EnableWindow -> IAT VA 0x006BE400 = synthetic 0x0F0004C0
dbug: Win32Emu.Emulator[0]
      [Loader] IAT entry at VA 0x006BE404 contains unusual value 0x002BEA8C before writing synthetic address.
info: Win32Emu.Emulator[0]
      [Loader] Mapped import: USER32.DLL!GetDlgItem -> IAT VA 0x006BE404 = synthetic 0x0F0004D0
dbug: Win32Emu.Emulator[0]
      [Loader] IAT entry at VA 0x006BE408 contains unusual value 0x002BEA9A before writing synthetic address.
info: Win32Emu.Emulator[0]
      [Loader] Mapped import: USER32.DLL!GetDlgItemTextA -> IAT VA 0x006BE408 = synthetic 0x0F0004E0
dbug: Win32Emu.Emulator[0]
      [Loader] IAT entry at VA 0x006BE40C contains unusual value 0x002BEAAC before writing synthetic address.
info: Win32Emu.Emulator[0]
      [Loader] Mapped import: USER32.DLL!ShowWindow -> IAT VA 0x006BE40C = synthetic 0x0F0004F0
dbug: Win32Emu.Emulator[0]
      [Loader] IAT entry at VA 0x006BE410 contains unusual value 0x002BEABA before writing synthetic address.
info: Win32Emu.Emulator[0]
      [Loader] Mapped import: USER32.DLL!MessageBoxA -> IAT VA 0x006BE410 = synthetic 0x0F000500
dbug: Win32Emu.Emulator[0]
      [Loader] IAT entry at VA 0x006BE414 contains unusual value 0x002BEAC8 before writing synthetic address.
info: Win32Emu.Emulator[0]
      [Loader] Mapped import: USER32.DLL!GetWindowRect -> IAT VA 0x006BE414 = synthetic 0x0F000510
dbug: Win32Emu.Emulator[0]
      [Loader] IAT entry at VA 0x006BE418 contains unusual value 0x002BEAD8 before writing synthetic address.
info: Win32Emu.Emulator[0]
      [Loader] Mapped import: USER32.DLL!SystemParametersInfoA -> IAT VA 0x006BE418 = synthetic 0x0F000520
dbug: Win32Emu.Emulator[0]
      [Loader] IAT entry at VA 0x006BE41C contains unusual value 0x002BEAF0 before writing synthetic address.
info: Win32Emu.Emulator[0]
      [Loader] Mapped import: USER32.DLL!SetWindowPos -> IAT VA 0x006BE41C = synthetic 0x0F000530
dbug: Win32Emu.Emulator[0]
      [Loader] IAT entry at VA 0x006BE420 contains unusual value 0x002BEB00 before writing synthetic address.
info: Win32Emu.Emulator[0]
      [Loader] Mapped import: USER32.DLL!AdjustWindowRectEx -> IAT VA 0x006BE420 = synthetic 0x0F000540
dbug: Win32Emu.Emulator[0]
      [Loader] IAT entry at VA 0x006BE424 contains unusual value 0x002BEB16 before writing synthetic address.
info: Win32Emu.Emulator[0]
      [Loader] Mapped import: USER32.DLL!GetMenu -> IAT VA 0x006BE424 = synthetic 0x0F000550
dbug: Win32Emu.Emulator[0]
      [Loader] IAT entry at VA 0x006BE428 contains unusual value 0x002BEB20 before writing synthetic address.
info: Win32Emu.Emulator[0]
      [Loader] Mapped import: USER32.DLL!SetWindowLongA -> IAT VA 0x006BE428 = synthetic 0x0F000560
dbug: Win32Emu.Emulator[0]
      [Loader] IAT entry at VA 0x006BE42C contains unusual value 0x002BEB32 before writing synthetic address.
info: Win32Emu.Emulator[0]
      [Loader] Mapped import: USER32.DLL!GetWindowLongA -> IAT VA 0x006BE42C = synthetic 0x0F000570
dbug: Win32Emu.Emulator[0]
      [Loader] IAT entry at VA 0x006BE430 contains unusual value 0x002BE53C before writing synthetic address.
info: Win32Emu.Emulator[0]
      [Loader] Mapped import: USER32.DLL!LoadCursorA -> IAT VA 0x006BE430 = synthetic 0x0F000580
dbug: Win32Emu.Emulator[0]
      [Loader] IAT entry at VA 0x006BE434 contains unusual value 0x002BE4C8 before writing synthetic address.
info: Win32Emu.Emulator[0]
      [Loader] Mapped import: USER32.DLL!DestroyWindow -> IAT VA 0x006BE434 = synthetic 0x0F000590
dbug: Win32Emu.Emulator[0]
      [Loader] IAT entry at VA 0x006BE438 contains unusual value 0x002BEB58 before writing synthetic address.
info: Win32Emu.Emulator[0]
      [Loader] Mapped import: USER32.DLL!SetFocus -> IAT VA 0x006BE438 = synthetic 0x0F0005A0
dbug: Win32Emu.Emulator[0]
      [Loader] IAT entry at VA 0x006BE43C contains unusual value 0x002BEB64 before writing synthetic address.
info: Win32Emu.Emulator[0]
      [Loader] Mapped import: USER32.DLL!UpdateWindow -> IAT VA 0x006BE43C = synthetic 0x0F0005B0
dbug: Win32Emu.Emulator[0]
      [Loader] IAT entry at VA 0x006BE440 contains unusual value 0x002BEB74 before writing synthetic address.
info: Win32Emu.Emulator[0]
      [Loader] Mapped import: USER32.DLL!CreateWindowExA -> IAT VA 0x006BE440 = synthetic 0x0F0005C0
dbug: Win32Emu.Emulator[0]
      [Loader] IAT entry at VA 0x006BE444 contains unusual value 0x002BE55C before writing synthetic address.
info: Win32Emu.Emulator[0]
      [Loader] Mapped import: USER32.DLL!SetCursor -> IAT VA 0x006BE444 = synthetic 0x0F0005D0
dbug: Win32Emu.Emulator[0]
      [Loader] IAT entry at VA 0x006BE448 contains unusual value 0x002BE54A before writing synthetic address.
info: Win32Emu.Emulator[0]
      [Loader] Mapped import: USER32.DLL!DefWindowProcA -> IAT VA 0x006BE448 = synthetic 0x0F0005E0
dbug: Win32Emu.Emulator[0]
      [Loader] IAT entry at VA 0x006BE44C contains unusual value 0x002BE50E before writing synthetic address.
info: Win32Emu.Emulator[0]
      [Loader] Mapped import: USER32.DLL!PeekMessageA -> IAT VA 0x006BE44C = synthetic 0x0F0005F0
dbug: Win32Emu.Emulator[0]
      [Loader] IAT entry at VA 0x006BE450 contains unusual value 0x002BE500 before writing synthetic address.
info: Win32Emu.Emulator[0]
      [Loader] Mapped import: USER32.DLL!GetMessageA -> IAT VA 0x006BE450 = synthetic 0x0F000600
dbug: Win32Emu.Emulator[0]
      [Loader] IAT entry at VA 0x006BE454 contains unusual value 0x002BE530 before writing synthetic address.
info: Win32Emu.Emulator[0]
      [Loader] Mapped import: USER32.DLL!LoadIconA -> IAT VA 0x006BE454 = synthetic 0x0F000610
dbug: Win32Emu.Emulator[0]
      [Loader] IAT entry at VA 0x006BE458 contains unusual value 0x002BE51E before writing synthetic address.
info: Win32Emu.Emulator[0]
      [Loader] Mapped import: USER32.DLL!RegisterClassA -> IAT VA 0x006BE458 = synthetic 0x0F000620
info: Win32Emu.Emulator[0]
      [Loader] Processing imports from DLL: GDI32.dll (2 symbols)
dbug: Win32Emu.Emulator[0]
      [Loader] IAT entry at VA 0x006BE2C0 contains unusual value 0x002BEB86 before writing synthetic address.
info: Win32Emu.Emulator[0]
      [Loader] Mapped import: GDI32.DLL!GetDeviceCaps -> IAT VA 0x006BE2C0 = synthetic 0x0F000630
dbug: Win32Emu.Emulator[0]
      [Loader] IAT entry at VA 0x006BE2C4 contains unusual value 0x002BE5D6 before writing synthetic address.
info: Win32Emu.Emulator[0]
      [Loader] Mapped import: GDI32.DLL!GetStockObject -> IAT VA 0x006BE2C4 = synthetic 0x0F000640
info: Win32Emu.Emulator[0]
      [Loader] Processing imports from DLL: WINMM.dll (8 symbols)
dbug: Win32Emu.Emulator[0]
      [Loader] IAT entry at VA 0x006BE460 contains unusual value 0x002BEBFC before writing synthetic address.
info: Win32Emu.Emulator[0]
      [Loader] Mapped import: WINMM.DLL!joyGetPosEx -> IAT VA 0x006BE460 = synthetic 0x0F000650
dbug: Win32Emu.Emulator[0]
      [Loader] IAT entry at VA 0x006BE464 contains unusual value 0x002BEBEA before writing synthetic address.
info: Win32Emu.Emulator[0]
      [Loader] Mapped import: WINMM.DLL!joyGetDevCapsA -> IAT VA 0x006BE464 = synthetic 0x0F000660
dbug: Win32Emu.Emulator[0]
      [Loader] IAT entry at VA 0x006BE468 contains unusual value 0x002BEBD8 before writing synthetic address.
info: Win32Emu.Emulator[0]
      [Loader] Mapped import: WINMM.DLL!mciSendStringA -> IAT VA 0x006BE468 = synthetic 0x0F000670
dbug: Win32Emu.Emulator[0]
      [Loader] IAT entry at VA 0x006BE46C contains unusual value 0x002BEBC8 before writing synthetic address.
info: Win32Emu.Emulator[0]
      [Loader] Mapped import: WINMM.DLL!timeKillEvent -> IAT VA 0x006BE46C = synthetic 0x0F000680
dbug: Win32Emu.Emulator[0]
      [Loader] IAT entry at VA 0x006BE470 contains unusual value 0x002BE5F2 before writing synthetic address.
info: Win32Emu.Emulator[0]
      [Loader] Mapped import: WINMM.DLL!timeBeginPeriod -> IAT VA 0x006BE470 = synthetic 0x0F000690
dbug: Win32Emu.Emulator[0]
      [Loader] IAT entry at VA 0x006BE474 contains unusual value 0x002BEBB8 before writing synthetic address.
info: Win32Emu.Emulator[0]
      [Loader] Mapped import: WINMM.DLL!timeSetEvent -> IAT VA 0x006BE474 = synthetic 0x0F0006A0
dbug: Win32Emu.Emulator[0]
      [Loader] IAT entry at VA 0x006BE478 contains unusual value 0x002BE604 before writing synthetic address.
info: Win32Emu.Emulator[0]
      [Loader] Mapped import: WINMM.DLL!timeEndPeriod -> IAT VA 0x006BE478 = synthetic 0x0F0006B0
dbug: Win32Emu.Emulator[0]
      [Loader] IAT entry at VA 0x006BE47C contains unusual value 0x002BE614 before writing synthetic address.
info: Win32Emu.Emulator[0]
      [Loader] Mapped import: WINMM.DLL!timeGetTime -> IAT VA 0x006BE47C = synthetic 0x0F0006C0
info: Win32Emu.Emulator[0]
      [Loader] Processing imports from DLL: DINPUT.dll (1 symbols)
dbug: Win32Emu.Emulator[0]
      [Loader] IAT entry at VA 0x006BE2A4 contains unusual value 0x002BEB96 before writing synthetic address.
info: Win32Emu.Emulator[0]
      [Loader] Mapped import: DINPUT.DLL!DirectInputCreateA -> IAT VA 0x006BE2A4 = synthetic 0x0F0006D0
info: Win32Emu.Emulator[0]
      [Loader] Processing imports from DLL: DDRAW.dll (1 symbols)
dbug: Win32Emu.Emulator[0]
      [Loader] IAT entry at VA 0x006BE29C contains unusual value 0x002BEC0A before writing synthetic address.
info: Win32Emu.Emulator[0]
      [Loader] Mapped import: DDRAW.DLL!DirectDrawCreate -> IAT VA 0x006BE29C = synthetic 0x0F0006E0
info: Win32Emu.Emulator[0]
      [Loader] Processing imports from DLL: DSOUND.dll (1 symbols)
dbug: Win32Emu.Emulator[0]
      [Loader] IAT entry at VA 0x006BE2B8 contains unusual value 0x002BEC28 before writing synthetic address.
info: Win32Emu.Emulator[0]
      [Loader] Mapped import: DSOUND.DLL!DirectSoundCreate -> IAT VA 0x006BE2B8 = synthetic 0x0F0006F0
info: Win32Emu.Emulator[0]
      [Loader] Processing imports from DLL: DPLAYX.dll (2 symbols)
info: Win32Emu.Emulator[0]
      [Loader] Mapped import: DPLAYX.DLL!Ordinal_2 -> IAT VA 0x006BE2AC = synthetic 0x0F000700
info: Win32Emu.Emulator[0]
      [Loader] Mapped import: DPLAYX.DLL!Ordinal_1 -> IAT VA 0x006BE2B0 = synthetic 0x0F000710
info: Win32Emu.Emulator[0]
      [Loader] Import mapping complete: 114 imports mapped to addresses 0x0F000000 - 0x0F000710
info: Win32Emu.Emulator[0]
      [Loader] IAT verification passed: all 114 entries are correct
info: Win32Emu.Emulator[0]
      [Loader] Registered 114 IAT entries for runtime protection
dbug: Win32Emu.Emulator[0]
      [Loader] No TLS directory found in PE image
dbug: Win32Emu.Emulator[0]
      [Loader] Section ., t, e, x, t: RVA=0x00001000, VirtualSize=0x00075CAC, RawSize=0x00075E00, Characteristics=0x60000020
dbug: Win32Emu.Emulator[0]
      [Loader] Section ., r, d, a, t, a: RVA=0x00077000, VirtualSize=0x00002560, RawSize=0x00002600, Characteristics=0x40000040
dbug: Win32Emu.Emulator[0]
      [Loader] Section ., d, a, t, a: RVA=0x0007A000, VirtualSize=0x00243BF0, RawSize=0x0003D800, Characteristics=0xC0000040
dbug: Win32Emu.Emulator[0]
      [Loader] Section ., i, d, a, t, a: RVA=0x002BE000, VirtualSize=0x00000C54, RawSize=0x00000E00, Characteristics=0xC0000040
dbug: Win32Emu.Emulator[0]
      [Loader] Section S, T, A, C, K: RVA=0x002BF000, VirtualSize=0x00000200, RawSize=0x00000200, Characteristics=0xC0000040
dbug: Win32Emu.Emulator[0]
      [Loader] Section c, o, d, e: RVA=0x002C0000, VirtualSize=0x00001597, RawSize=0x00001600, Characteristics=0xC0000040
dbug: Win32Emu.Emulator[0]
      [Loader] Section ., r, s, r, c: RVA=0x002C2000, VirtualSize=0x00006420, RawSize=0x00006600, Characteristics=0x40000040
dbug: Win32Emu.Emulator[0]
      [Loader] Section ., r, e, l, o, c: RVA=0x002C9000, VirtualSize=0x00016A20, RawSize=0x00016C00, Characteristics=0x42000040
info: Win32Emu.Emulator[0]
      [Loader] Extracted 8 sections from PE file
dbug: Win32Emu.Emulator[0]
      [Loader] Image base=0x00400000 EntryPoint=0x00467A70 Size=0x2E0000
dbug: Win32Emu.Emulator[0]
      [Loader] Imports mapped: 114
dbug: Win32Emu.Emulator[0]
      [Loader] Subsystem: 2 (2=GUI, 3=CUI)
dbug: Win32Emu.Emulator[0]
      [Loader] Stack: Reserve=0x100000 Commit=0x1000
dbug: Win32Emu.Emulator[0]
      [Loader] Heap: Reserve=0x100000 Commit=0x1000
dbug: Win32Emu.Emulator[0]
      [Loader] Sections loaded: 8
dbug: Win32Emu.Emulator[0]
      [Loader]   Section '.text': RVA=0x00001000 Size=0x00075CAC Flags=[EXEC,READ]
dbug: Win32Emu.Emulator[0]
      [Loader]   Section '.rdata': RVA=0x00077000 Size=0x00002560 Flags=[DATA,READ]
dbug: Win32Emu.Emulator[0]
      [Loader]   Section '.data': RVA=0x0007A000 Size=0x00243BF0 Flags=[DATA,READ,WRITE]
dbug: Win32Emu.Emulator[0]
      [Loader]   Section '.idata': RVA=0x002BE000 Size=0x00000C54 Flags=[DATA,READ,WRITE]
dbug: Win32Emu.Emulator[0]
      [Loader]   Section 'STACK': RVA=0x002BF000 Size=0x00000200 Flags=[DATA,READ,WRITE]
dbug: Win32Emu.Emulator[0]
      [Loader]   Section 'code': RVA=0x002C0000 Size=0x00001597 Flags=[DATA,READ,WRITE]
dbug: Win32Emu.Emulator[0]
      [Loader]   Section '.rsrc': RVA=0x002C2000 Size=0x00006420 Flags=[DATA,READ]
dbug: Win32Emu.Emulator[0]
      [Loader]   Section '.reloc': RVA=0x002C9000 Size=0x00016A20 Flags=[DATA,READ]
info: Win32Emu.Emulator[0]
      [ProcessEnvironment] Console allocated - stdin=0x00000001, stdout=0x00000002, stderr=0x00000003
info: Win32Emu.Emulator[0]
      [RegistryHive] Created in-memory hive: SYSTEM
info: Win32Emu.Emulator[0]
      [RegistryHive] Created in-memory hive: SOFTWARE
info: Win32Emu.Emulator[0]
      [RegistryHive] Created in-memory hive: NTUSER.DAT
info: Win32Emu.Emulator[0]
      [RegistryHive] Initialized 3 registry hives
dbug: Win32Emu.Emulator[0]
      [RegistryHive] Set default value: PATH=C:\WINDOWS\system32;C:\WINDOWS;C:\WINDOWS\System32\Wbem
dbug: Win32Emu.Emulator[0]
      [RegistryHive] Set default value: PATHEXT=.COM;.EXE;.BAT;.CMD;.VBS;.VBE;.JS;.JSE;.WSF;.WSH
dbug: Win32Emu.Emulator[0]
      [RegistryHive] Set default value: TEMP=C:\TEMP
dbug: Win32Emu.Emulator[0]
      [RegistryHive] Set default value: TMP=C:\TEMP
dbug: Win32Emu.Emulator[0]
      [RegistryHive] Set default value: WINDIR=C:\WINDOWS
dbug: Win32Emu.Emulator[0]
      [RegistryHive] Set default value: SystemRoot=C:\WINDOWS
dbug: Win32Emu.Emulator[0]
      [RegistryHive] Set default value: ComSpec=C:\WINDOWS\system32\cmd.exe
dbug: Win32Emu.Emulator[0]
      [RegistryHive] Set default value: OS=Windows_NT
info: Win32Emu.Emulator[0]
      [RegistryHive] Initialized system environment variables
dbug: Win32Emu.Emulator[0]
      [RegistryHive] Set default value: TEMP=C:\Users\User\AppData\Local\Temp
dbug: Win32Emu.Emulator[0]
      [RegistryHive] Set default value: TMP=C:\Users\User\AppData\Local\Temp
info: Win32Emu.Emulator[0]
      [RegistryHive] Initialized user environment variables
info: Win32Emu.Emulator[0]
      [ProcessEnv] Registry hive initialized
dbug: Win32Emu.Emulator[0]
      [RegistryHive] Opened key: HKEY_LOCAL_MACHINE\SYSTEM\CurrentControlSet\Control\Session Manager\Environment -> handle 0x80000000
dbug: Win32Emu.Emulator[0]
      [ProcessEnv] Loading environment variables from key handle 0x80000000
dbug: Win32Emu.Emulator[0]
      [RegistryHive] Enumerated 8 values for handle 0x80000000
dbug: Win32Emu.Emulator[0]
      [RegistryHive] Query value: ComSpec=C:\WINDOWS\system32\cmd.exe (type=String) from handle 0x80000000
dbug: Win32Emu.Emulator[0]
      [ProcessEnv] Loaded environment variable: ComSpec=C:\WINDOWS\system32\cmd.exe
dbug: Win32Emu.Emulator[0]
      [RegistryHive] Query value: OS=Windows_NT (type=String) from handle 0x80000000
dbug: Win32Emu.Emulator[0]
      [ProcessEnv] Loaded environment variable: OS=Windows_NT
dbug: Win32Emu.Emulator[0]
      [RegistryHive] Query value: PATH=C:\WINDOWS\system32;C:\WINDOWS;C:\WINDOWS\System32\Wbem (type=String) from handle 0x80000000
dbug: Win32Emu.Emulator[0]
      [ProcessEnv] Loaded environment variable: PATH=C:\WINDOWS\system32;C:\WINDOWS;C:\WINDOWS\System32\Wbem
dbug: Win32Emu.Emulator[0]
      [RegistryHive] Query value: PATHEXT=.COM;.EXE;.BAT;.CMD;.VBS;.VBE;.JS;.JSE;.WSF;.WSH (type=String) from handle 0x80000000
dbug: Win32Emu.Emulator[0]
      [ProcessEnv] Loaded environment variable: PATHEXT=.COM;.EXE;.BAT;.CMD;.VBS;.VBE;.JS;.JSE;.WSF;.WSH
dbug: Win32Emu.Emulator[0]
      [RegistryHive] Query value: SystemRoot=C:\WINDOWS (type=String) from handle 0x80000000
dbug: Win32Emu.Emulator[0]
      [ProcessEnv] Loaded environment variable: SystemRoot=C:\WINDOWS
dbug: Win32Emu.Emulator[0]
      [RegistryHive] Query value: TEMP=C:\TEMP (type=String) from handle 0x80000000
dbug: Win32Emu.Emulator[0]
      [ProcessEnv] Loaded environment variable: TEMP=C:\TEMP
dbug: Win32Emu.Emulator[0]
      [RegistryHive] Query value: TMP=C:\TEMP (type=String) from handle 0x80000000
dbug: Win32Emu.Emulator[0]
      [ProcessEnv] Loaded environment variable: TMP=C:\TEMP
dbug: Win32Emu.Emulator[0]
      [RegistryHive] Query value: WINDIR=C:\WINDOWS (type=String) from handle 0x80000000
dbug: Win32Emu.Emulator[0]
      [ProcessEnv] Loaded environment variable: WINDIR=C:\WINDOWS
dbug: Win32Emu.Emulator[0]
      [RegistryHive] Closed key handle: 0x80000000
dbug: Win32Emu.Emulator[0]
      [RegistryHive] Opened key: HKEY_CURRENT_USER\Environment -> handle 0x80000001
dbug: Win32Emu.Emulator[0]
      [ProcessEnv] Loading environment variables from key handle 0x80000001
dbug: Win32Emu.Emulator[0]
      [RegistryHive] Enumerated 2 values for handle 0x80000001
dbug: Win32Emu.Emulator[0]
      [RegistryHive] Query value: TEMP=C:\Users\User\AppData\Local\Temp (type=String) from handle 0x80000001
dbug: Win32Emu.Emulator[0]
      [ProcessEnv] Loaded environment variable: TEMP=C:\Users\User\AppData\Local\Temp
dbug: Win32Emu.Emulator[0]
      [RegistryHive] Query value: TMP=C:\Users\User\AppData\Local\Temp (type=String) from handle 0x80000001
dbug: Win32Emu.Emulator[0]
      [ProcessEnv] Loaded environment variable: TMP=C:\Users\User\AppData\Local\Temp
dbug: Win32Emu.Emulator[0]
      [RegistryHive] Closed key handle: 0x80000001
info: Win32Emu.Emulator[0]
      [ProcessEnv] Synced environment variables from registry
info: Win32Emu.Emulator[0]
      [ProcessEnv] Pre-registered standard control class: BUTTON with WndProc=0x0D000000
info: Win32Emu.Emulator[0]
      [ProcessEnv] Pre-registered standard control class: EDIT with WndProc=0x0D000001
info: Win32Emu.Emulator[0]
      [ProcessEnv] Pre-registered standard control class: STATIC with WndProc=0x0D000002
info: Win32Emu.Emulator[0]
      [ProcessEnv] Pre-registered standard control class: LISTBOX with WndProc=0x0D000003
info: Win32Emu.Emulator[0]
      [ProcessEnv] Pre-registered standard control class: COMBOBOX with WndProc=0x0D000004
info: Win32Emu.Emulator[0]
      [ProcessEnv] Pre-registered standard control class: SCROLLBAR with WndProc=0x0D000005
info: Win32Emu.Emulator[0]
      [ProcessEnv] Pre-registered standard control class: MDICLIENT with WndProc=0x0D000006
info: Win32Emu.Emulator[0]
      [ProcessEnv] Pre-registered standard control class: COMBOLBOX with WndProc=0x0D000007
info: Win32Emu.Emulator[0]
      [ProcessEnv] Pre-registered standard control class: DDEMLEVENT with WndProc=0x0D000008
info: Win32Emu.Emulator[0]
      [ProcessEnv] Pre-registered standard control class: MESSAGE with WndProc=0x0D000009
info: Win32Emu.Emulator[0]
      [ProcessEnv] Pre-registered standard control class: #32768 with WndProc=0x0D00000A
info: Win32Emu.Emulator[0]
      [ProcessEnv] Pre-registered standard control class: #32769 with WndProc=0x0D00000B
info: Win32Emu.Emulator[0]
      [ProcessEnv] Pre-registered standard control class: #32770 with WndProc=0x0D00000C
info: Win32Emu.Emulator[0]
      [ProcessEnv] Pre-registered standard control class: #32771 with WndProc=0x0D00000D
info: Win32Emu.Emulator[0]
      [ProcessEnv] Pre-registered standard control class: #32772 with WndProc=0x0D00000E
info: Win32Emu.Emulator[0]
      [Loader] Initializing virtual file system with disk: /tmp/Win32Emu_VHDs/IGN_DEMO_5dbfba27b9511c57.vhd
info: Win32Emu.Emulator[0]
      [DiskVFS] Mounted VHD: /tmp/Win32Emu_VHDs/IGN_DEMO_5dbfba27b9511c57.vhd (Read-Write)
info: Win32Emu.Emulator[0]
      [ProcessEnv] Virtual File System initialized with disk: /tmp/Win32Emu_VHDs/IGN_DEMO_5dbfba27b9511c57.vhd
dbug: Win32Emu.Emulator[0]
      [RegistryHive] SaveHives called but VFS not available, skipping
info: Win32Emu.Emulator[0]
      [RegistryHive] Disposed registry hive manager
info: Win32Emu.Emulator[0]
      [DiskVFS] FindCaseInsensitivePath: Searching for '\Windows\System32\Config\SYSTEM'
info: Win32Emu.Emulator[0]
      [DiskVFS] FindCaseInsensitivePath: Checking directory='\Windows\System32\Config', filename='SYSTEM'
info: Win32Emu.Emulator[0]
      [DiskVFS] FindCaseInsensitivePath: Directory doesn't exist, recursing: '\Windows\System32\Config'
info: Win32Emu.Emulator[0]
      [DiskVFS] FindCaseInsensitivePath: Searching for '\Windows\System32\Config'
info: Win32Emu.Emulator[0]
      [DiskVFS] FindCaseInsensitivePath: Checking directory='\Windows\System32', filename='Config'
info: Win32Emu.Emulator[0]
      [DiskVFS] FindCaseInsensitivePath: Directory doesn't exist, recursing: '\Windows\System32'
info: Win32Emu.Emulator[0]
      [DiskVFS] FindCaseInsensitivePath: Searching for '\Windows\System32'
info: Win32Emu.Emulator[0]
      [DiskVFS] FindCaseInsensitivePath: Checking directory='\Windows', filename='System32'
info: Win32Emu.Emulator[0]
      [DiskVFS] FindCaseInsensitivePath: Directory doesn't exist, recursing: '\Windows'
info: Win32Emu.Emulator[0]
      [DiskVFS] FindCaseInsensitivePath: Searching for '\Windows'
info: Win32Emu.Emulator[0]
      [DiskVFS] FindCaseInsensitivePath: Invalid path (no separator): '\Windows'
info: Win32Emu.Emulator[0]
      [DiskVFS] FindCaseInsensitivePath: Directory still doesn't exist after recursion: '\Windows'
info: Win32Emu.Emulator[0]
      [DiskVFS] FindCaseInsensitivePath: Directory still doesn't exist after recursion: '\Windows\System32'
info: Win32Emu.Emulator[0]
      [DiskVFS] FindCaseInsensitivePath: Directory still doesn't exist after recursion: '\Windows\System32\Config'
info: Win32Emu.Emulator[0]
      [RegistryHive] Created in-memory hive: SYSTEM
info: Win32Emu.Emulator[0]
      [DiskVFS] FindCaseInsensitivePath: Searching for '\Windows\System32\Config\SOFTWARE'
info: Win32Emu.Emulator[0]
      [DiskVFS] FindCaseInsensitivePath: Checking directory='\Windows\System32\Config', filename='SOFTWARE'
info: Win32Emu.Emulator[0]
      [DiskVFS] FindCaseInsensitivePath: Directory doesn't exist, recursing: '\Windows\System32\Config'
info: Win32Emu.Emulator[0]
      [DiskVFS] FindCaseInsensitivePath: Searching for '\Windows\System32\Config'
info: Win32Emu.Emulator[0]
      [DiskVFS] FindCaseInsensitivePath: Checking directory='\Windows\System32', filename='Config'
info: Win32Emu.Emulator[0]
      [DiskVFS] FindCaseInsensitivePath: Directory doesn't exist, recursing: '\Windows\System32'
info: Win32Emu.Emulator[0]
      [DiskVFS] FindCaseInsensitivePath: Searching for '\Windows\System32'
info: Win32Emu.Emulator[0]
      [DiskVFS] FindCaseInsensitivePath: Checking directory='\Windows', filename='System32'
info: Win32Emu.Emulator[0]
      [DiskVFS] FindCaseInsensitivePath: Directory doesn't exist, recursing: '\Windows'
info: Win32Emu.Emulator[0]
      [DiskVFS] FindCaseInsensitivePath: Searching for '\Windows'
info: Win32Emu.Emulator[0]
      [DiskVFS] FindCaseInsensitivePath: Invalid path (no separator): '\Windows'
info: Win32Emu.Emulator[0]
      [DiskVFS] FindCaseInsensitivePath: Directory still doesn't exist after recursion: '\Windows'
info: Win32Emu.Emulator[0]
      [DiskVFS] FindCaseInsensitivePath: Directory still doesn't exist after recursion: '\Windows\System32'
info: Win32Emu.Emulator[0]
      [DiskVFS] FindCaseInsensitivePath: Directory still doesn't exist after recursion: '\Windows\System32\Config'
info: Win32Emu.Emulator[0]
      [RegistryHive] Created in-memory hive: SOFTWARE
info: Win32Emu.Emulator[0]
      [DiskVFS] FindCaseInsensitivePath: Searching for '\Users\User\NTUSER.DAT'
info: Win32Emu.Emulator[0]
      [DiskVFS] FindCaseInsensitivePath: Checking directory='\Users\User', filename='NTUSER.DAT'
info: Win32Emu.Emulator[0]
      [DiskVFS] FindCaseInsensitivePath: Directory doesn't exist, recursing: '\Users\User'
info: Win32Emu.Emulator[0]
      [DiskVFS] FindCaseInsensitivePath: Searching for '\Users\User'
info: Win32Emu.Emulator[0]
      [DiskVFS] FindCaseInsensitivePath: Checking directory='\Users', filename='User'
info: Win32Emu.Emulator[0]
      [DiskVFS] FindCaseInsensitivePath: Directory doesn't exist, recursing: '\Users'
info: Win32Emu.Emulator[0]
      [DiskVFS] FindCaseInsensitivePath: Searching for '\Users'
info: Win32Emu.Emulator[0]
      [DiskVFS] FindCaseInsensitivePath: Invalid path (no separator): '\Users'
info: Win32Emu.Emulator[0]
      [DiskVFS] FindCaseInsensitivePath: Directory still doesn't exist after recursion: '\Users'
info: Win32Emu.Emulator[0]
      [DiskVFS] FindCaseInsensitivePath: Directory still doesn't exist after recursion: '\Users\User'
info: Win32Emu.Emulator[0]
      [RegistryHive] Created in-memory hive: NTUSER.DAT
info: Win32Emu.Emulator[0]
      [RegistryHive] Initialized 3 registry hives
dbug: Win32Emu.Emulator[0]
      [RegistryHive] Set default value: PATH=C:\WINDOWS\system32;C:\WINDOWS;C:\WINDOWS\System32\Wbem
dbug: Win32Emu.Emulator[0]
      [RegistryHive] Set default value: PATHEXT=.COM;.EXE;.BAT;.CMD;.VBS;.VBE;.JS;.JSE;.WSF;.WSH
dbug: Win32Emu.Emulator[0]
      [RegistryHive] Set default value: TEMP=C:\TEMP
dbug: Win32Emu.Emulator[0]
      [RegistryHive] Set default value: TMP=C:\TEMP
dbug: Win32Emu.Emulator[0]
      [RegistryHive] Set default value: WINDIR=C:\WINDOWS
dbug: Win32Emu.Emulator[0]
      [RegistryHive] Set default value: SystemRoot=C:\WINDOWS
dbug: Win32Emu.Emulator[0]
      [RegistryHive] Set default value: ComSpec=C:\WINDOWS\system32\cmd.exe
dbug: Win32Emu.Emulator[0]
      [RegistryHive] Set default value: OS=Windows_NT
info: Win32Emu.Emulator[0]
      [RegistryHive] Initialized system environment variables
dbug: Win32Emu.Emulator[0]
      [RegistryHive] Set default value: TEMP=C:\Users\User\AppData\Local\Temp
dbug: Win32Emu.Emulator[0]
      [RegistryHive] Set default value: TMP=C:\Users\User\AppData\Local\Temp
info: Win32Emu.Emulator[0]
      [RegistryHive] Initialized user environment variables
info: Win32Emu.Emulator[0]
      [ProcessEnv] Registry hive initialized
dbug: Win32Emu.Emulator[0]
      [RegistryHive] Opened key: HKEY_LOCAL_MACHINE\SYSTEM\CurrentControlSet\Control\Session Manager\Environment -> handle 0x80000000
dbug: Win32Emu.Emulator[0]
      [ProcessEnv] Loading environment variables from key handle 0x80000000
dbug: Win32Emu.Emulator[0]
      [RegistryHive] Enumerated 8 values for handle 0x80000000
dbug: Win32Emu.Emulator[0]
      [RegistryHive] Query value: ComSpec=C:\WINDOWS\system32\cmd.exe (type=String) from handle 0x80000000
dbug: Win32Emu.Emulator[0]
      [ProcessEnv] Loaded environment variable: ComSpec=C:\WINDOWS\system32\cmd.exe
dbug: Win32Emu.Emulator[0]
      [RegistryHive] Query value: OS=Windows_NT (type=String) from handle 0x80000000
dbug: Win32Emu.Emulator[0]
      [ProcessEnv] Loaded environment variable: OS=Windows_NT
dbug: Win32Emu.Emulator[0]
      [RegistryHive] Query value: PATH=C:\WINDOWS\system32;C:\WINDOWS;C:\WINDOWS\System32\Wbem (type=String) from handle 0x80000000
dbug: Win32Emu.Emulator[0]
      [ProcessEnv] Loaded environment variable: PATH=C:\WINDOWS\system32;C:\WINDOWS;C:\WINDOWS\System32\Wbem
dbug: Win32Emu.Emulator[0]
      [RegistryHive] Query value: PATHEXT=.COM;.EXE;.BAT;.CMD;.VBS;.VBE;.JS;.JSE;.WSF;.WSH (type=String) from handle 0x80000000
dbug: Win32Emu.Emulator[0]
      [ProcessEnv] Loaded environment variable: PATHEXT=.COM;.EXE;.BAT;.CMD;.VBS;.VBE;.JS;.JSE;.WSF;.WSH
dbug: Win32Emu.Emulator[0]
      [RegistryHive] Query value: SystemRoot=C:\WINDOWS (type=String) from handle 0x80000000
dbug: Win32Emu.Emulator[0]
      [ProcessEnv] Loaded environment variable: SystemRoot=C:\WINDOWS
dbug: Win32Emu.Emulator[0]
      [RegistryHive] Query value: TEMP=C:\TEMP (type=String) from handle 0x80000000
dbug: Win32Emu.Emulator[0]
      [ProcessEnv] Loaded environment variable: TEMP=C:\TEMP
dbug: Win32Emu.Emulator[0]
      [RegistryHive] Query value: TMP=C:\TEMP (type=String) from handle 0x80000000
dbug: Win32Emu.Emulator[0]
      [ProcessEnv] Loaded environment variable: TMP=C:\TEMP
dbug: Win32Emu.Emulator[0]
      [RegistryHive] Query value: WINDIR=C:\WINDOWS (type=String) from handle 0x80000000
dbug: Win32Emu.Emulator[0]
      [ProcessEnv] Loaded environment variable: WINDIR=C:\WINDOWS
dbug: Win32Emu.Emulator[0]
      [RegistryHive] Closed key handle: 0x80000000
dbug: Win32Emu.Emulator[0]
      [RegistryHive] Opened key: HKEY_CURRENT_USER\Environment -> handle 0x80000001
dbug: Win32Emu.Emulator[0]
      [ProcessEnv] Loading environment variables from key handle 0x80000001
dbug: Win32Emu.Emulator[0]
      [RegistryHive] Enumerated 2 values for handle 0x80000001
dbug: Win32Emu.Emulator[0]
      [RegistryHive] Query value: TEMP=C:\Users\User\AppData\Local\Temp (type=String) from handle 0x80000001
dbug: Win32Emu.Emulator[0]
      [ProcessEnv] Loaded environment variable: TEMP=C:\Users\User\AppData\Local\Temp
dbug: Win32Emu.Emulator[0]
      [RegistryHive] Query value: TMP=C:\Users\User\AppData\Local\Temp (type=String) from handle 0x80000001
dbug: Win32Emu.Emulator[0]
      [ProcessEnv] Loaded environment variable: TMP=C:\Users\User\AppData\Local\Temp
dbug: Win32Emu.Emulator[0]
      [RegistryHive] Closed key handle: 0x80000001
info: Win32Emu.Emulator[0]
      [ProcessEnv] Synced environment variables from registry
info: Win32Emu.Emulator[0]
      [Loader] Virtual file system initialized successfully (disk)
info: Win32Emu.Emulator[0]
      [ProcessEnv] Registered main executable: C:\ign_demo\IGN_DEMO.EXE at 0x00400000
info: Win32Emu.Emulator[0]
      [ProcessEnv] Set current directory to: C:\ign_demo
dbug: Win32Emu.Emulator[0]
      MemWrite addr=0x006E0020 len=25 data=43 3A 5C 69 67 6E 5F 64 65 6D 6F 5C 49 47 4E 5F 44 45 4D 4F 2E 45 58 45 00
info: Win32Emu.Emulator[0]
      [ProcessEnv] TEB allocated at 0x006E0040
info: Win32Emu.Emulator[0]
      [ProcessEnv] PEB allocated at 0x006E1040
info: Win32Emu.Emulator[0]
      [ProcessEnvironment] Detected GUI subsystem, no console allocated
dbug: Win32Emu.Emulator[0]
      [ProcessEnv] GetEnvironmentVariable: 'WIN32EMU_JIT_CACHE_DIR' not found
info: Win32Emu.Emulator[0]
      [Loader] Using JIT cache directory: /home/runner/work/Win32Emu/Win32Emu/.jitcache
info: Win32Emu.Emulator[0]
      [RtlJitCache] Initialized RTL-based JIT cache at /home/runner/work/Win32Emu/Win32Emu/.jitcache
info: Win32Emu.Emulator[0]
      [RtlJitCache] Using decompiler: CustomRTL (MIT License - Part of Win32Emu)
info: Win32Emu.Emulator[0]
      [RtlJitCache] C# source code will be saved to /home/runner/work/Win32Emu/Win32Emu/.jitcache/Source
info: Win32Emu.Emulator[0]
      [JitCpu] Initialized RTL-based JIT CPU backend with readable C# code generation
info: Win32Emu.Emulator[0]
      [JitCache] Initialized with cache directory: /home/runner/work/Win32Emu/Win32Emu/.jitcache
info: Win32Emu.Emulator[0]
      [JitCpu] Metadata cache initialized for block analysis metadata persistence
dbug: Win32Emu.Emulator[0]
      [JitCpu] ProcessEnvironment set for transpiled function support
info: Win32Emu.Emulator[0]
      [Loader] Unified JitCpu backend enabled (JIT compilation: True, Interpreter mode: False)
info: Win32Emu.Emulator[0]
      [JitCpu] Set executable path: C:\ign_demo\IGN_DEMO.EXE
info: Win32Emu.Emulator[0]
      [Loader] JIT cache: Set executable path to C:\ign_demo\IGN_DEMO.EXE
info: Win32Emu.Emulator[0]
      [RtlJitCache] No cache metadata found for C:\ign_demo\IGN_DEMO.EXE
info: Win32Emu.Emulator[0]
      [JitCpu] RTL cache loaded: 0 blocks from /home/runner/work/Win32Emu/Win32Emu/.jitcache/Source
info: Win32Emu.Emulator[0]
      [JitCache] No cache file found for C:\ign_demo\IGN_DEMO.EXE
info: Win32Emu.Emulator[0]
      [JitCpu] Metadata cache loaded: 0 blocks, 0 instructions
info: Win32Emu.Emulator[0]
      [Loader] Selected CPU Emulator: JitCpu
info: Win32Emu.Emulator[0]
      [Loader] Zero-initializing entire stack reserve region (0x00100000 - 0x00200000, 1048576 bytes)
info: Win32Emu.Emulator[0]
      [Loader] Stack initialized: Base=0x00200000 Limit=0x00100000 ESP=0x001FF000 Reserve=0x100000 Commit=0x1000
info: Win32Emu.Emulator[0]
      [Loader] Heap base: 0x006E0000
info: Win32Emu.Emulator[0]
      [ProcessEnv] VirtualAlloc(lp=0x00000000, size=0x00000004, alloc=0x00001000, prot=0x00000004)
info: Win32Emu.Emulator[0]
      [ProcessEnv] VirtualAlloc: allocated at 0x006E3000, size=0x00001000, reserve=False, commit=True, topDown=False
info: Win32Emu.Emulator[0]
      [ProcessEnv] VirtualAlloc(lp=0x00000000, size=0x00000004, alloc=0x00001000, prot=0x00000004)
info: Win32Emu.Emulator[0]
      [ProcessEnv] VirtualAlloc: allocated at 0x006E4000, size=0x00001000, reserve=False, commit=True, topDown=False
info: Win32Emu.Emulator[0]
      [ProcessEnv] VirtualAlloc(lp=0x00000000, size=0x00000004, alloc=0x00001000, prot=0x00000004)
info: Win32Emu.Emulator[0]
      [ProcessEnv] VirtualAlloc: allocated at 0x006E5000, size=0x00001000, reserve=False, commit=True, topDown=False
info: Win32Emu.Emulator[0]
      [ThreadScheduler] Initialized main thread 1 (handle=0x00001000)
info: Win32Emu.Emulator[0]
      [ProcessEnv] Main thread initialized with ID=1
dbug: Win32Emu.Emulator[0]
      [Loader] Main thread initialized
info: Win32Emu.Emulator[0]
      [Loader] Fixing up data imports
info: Win32Emu.Emulator[0]
      [Loader] Fixed up 0 data import(s)
dbug: Win32Emu.Emulator[0]
      [Emulator] No TLS callbacks to execute
info: Win32Emu.Emulator[0]
      [Emulator] Checking for executable-specific workarounds
dbug: Win32Emu.Emulator[0]
      [Emulator] Image FilePath: <memory>
dbug: Win32Emu.Emulator[0]
      [Emulator] Env ExecutablePath: C:\ign_demo\IGN_DEMO.EXE
dbug: Win32Emu.Emulator[0]
      [Emulator] Extracted names: <MEMORY> / C:\IGN_DEMO\IGN_DEMO.EXE
dbug: Win32Emu.Emulator[0]
      [EventProcessing] Starting UI event processing loop
dbug: Win32Emu.Emulator[0]
      [Debug] Enhanced debugging enabled - will catch 0xFFFFFFFD errors
dbug: Win32Emu.Emulator[0]
      [Debug] Monitoring for suspicious register values
info: Win32Emu.Emulator[0]
      [Import] Direct call to KERNEL32.DLL!GetVersion at 0x0F0001A0
info: Win32Emu.Emulator[0]
      Dispatching KERNEL32.DLL!GetVersion at EIP=0x0F0001A0 ESP=0x001FEF7C stack=9C 7A 46 00 00 00 00 00 00 00 00 00 00 00 00 00
info: Win32Emu.Emulator[0]
      [Dispatcher] KERNEL32.DLL!GetVersion returned 0x03B60004, argBytes=0, convention=Stdcall
info: Win32Emu.Emulator[0]
      [Import KERNEL32.DLL!GetVersion] Return address from stack: ESP=0x001FEF7C, retEIP=0x00467A9C
info: Win32Emu.Emulator[0]
      [Import KERNEL32.DLL!GetVersion] Stack state before cleanup:
        [ESP+00] = 0x001FEF7C: 0x00467A9C (return addr)
        [ESP+04] = 0x001FEF80: 0x00000000
        [ESP+08] = 0x001FEF84: 0x00000000
        [ESP+12] = 0x001FEF88: 0x00000000
        [ESP+16] = 0x001FEF8C: 0x00000000
        [ESP+20] = 0x001FEF90: 0x00000000
      
info: Win32Emu.Emulator[0]
      [Import KERNEL32.DLL!GetVersion] Stack cleanup: ESP=0x001FEF7C, retEIP=0x00467A9C, argBytes=0, new ESP=0x001FEF80
dbug: Win32Emu.Emulator[0]
      [RegisterValidation] After Import KERNEL32.DLL!GetVersion: EBX=00000000 (saved=00000000, preserved=True), ESI=00000000 (saved=00000000, preserved=True), EDI=00000000 (saved=00000000, preserved=True), EBP=001FEFFC (saved=001FEFFC, preserved=True, valid=True, savedValid=True), ESP=001FEF80
dbug: Win32Emu.Emulator[0]
      [Import] Successfully invoked KERNEL32.DLL!GetVersion
info: Win32Emu.Emulator[0]
      [Import] Direct call to KERNEL32.DLL!HeapCreate at 0x0F000260
info: Win32Emu.Emulator[0]
      Dispatching KERNEL32.DLL!HeapCreate at EIP=0x0F000260 ESP=0x001FEF6C stack=BF 8F 46 00 01 00 00 00 00 10 00 00 00 00 00 00
info: Win32Emu.Emulator[0]
      [Dispatcher] KERNEL32.DLL!HeapCreate returned 0x006E6000, argBytes=12, convention=Stdcall
info: Win32Emu.Emulator[0]
      [Import KERNEL32.DLL!HeapCreate] Return address from stack: ESP=0x001FEF6C, retEIP=0x00468FBF
info: Win32Emu.Emulator[0]
      [Import KERNEL32.DLL!HeapCreate] Stack state before cleanup:
        [ESP+00] = 0x001FEF6C: 0x00468FBF (return addr)
        [ESP+04] = 0x001FEF70: 0x00000001 (arg1)
        [ESP+08] = 0x001FEF74: 0x00001000 (arg2)
        [ESP+12] = 0x001FEF78: 0x00000000 (arg3)
        [ESP+16] = 0x001FEF7C: 0x00467AD6
        [ESP+20] = 0x001FEF80: 0x00000000
      
info: Win32Emu.Emulator[0]
      [Import KERNEL32.DLL!HeapCreate] Stack cleanup: ESP=0x001FEF6C, retEIP=0x00468FBF, argBytes=12, new ESP=0x001FEF7C
dbug: Win32Emu.Emulator[0]
      [RegisterValidation] After Import KERNEL32.DLL!HeapCreate: EBX=00000000 (saved=00000000, preserved=True), ESI=00000000 (saved=00000000, preserved=True), EDI=00000000 (saved=00000000, preserved=True), EBP=001FEFFC (saved=001FEFFC, preserved=True, valid=True, savedValid=True), ESP=001FEF7C
dbug: Win32Emu.Emulator[0]
      [Import] Successfully invoked KERNEL32.DLL!HeapCreate
info: Win32Emu.Emulator[0]
      [Import] Direct call to KERNEL32.DLL!VirtualAlloc at 0x0F000280
info: Win32Emu.Emulator[0]
      Dispatching KERNEL32.DLL!VirtualAlloc at EIP=0x0F000280 ESP=0x001FEF54 stack=88 90 46 00 00 00 00 00 00 00 40 00 00 20 00 00
info: Win32Emu.Emulator[0]
      [Kernel32] VirtualAlloc(lpAddress=0x00000000, dwSize=0x00400000, alloc=0x00002000, protect=0x00000004)
info: Win32Emu.Emulator[0]
      [ProcessEnv] VirtualAlloc(lp=0x00000000, size=0x00400000, alloc=0x00002000, prot=0x00000004)
info: Win32Emu.Emulator[0]
      [ProcessEnv] VirtualAlloc: allocated at 0x006F0000, size=0x00400000, reserve=True, commit=False, topDown=False
info: Win32Emu.Emulator[0]
      [Kernel32] VirtualAlloc -> 0x006F0000
info: Win32Emu.Emulator[0]
      [Dispatcher] KERNEL32.DLL!VirtualAlloc returned 0x006F0000, argBytes=16, convention=Stdcall
info: Win32Emu.Emulator[0]
      [Import KERNEL32.DLL!VirtualAlloc] Return address from stack: ESP=0x001FEF54, retEIP=0x00469088
info: Win32Emu.Emulator[0]
      [Import KERNEL32.DLL!VirtualAlloc] Stack state before cleanup:
        [ESP+00] = 0x001FEF54: 0x00469088 (return addr)
        [ESP+04] = 0x001FEF58: 0x00000000 (arg1)
        [ESP+08] = 0x001FEF5C: 0x00400000 (arg2)
        [ESP+12] = 0x001FEF60: 0x00002000 (arg3)
        [ESP+16] = 0x001FEF64: 0x00000004 (arg4)
        [ESP+20] = 0x001FEF68: 0x001FEFFC
      
info: Win32Emu.Emulator[0]
      [Import KERNEL32.DLL!VirtualAlloc] Stack cleanup: ESP=0x001FEF54, retEIP=0x00469088, argBytes=16, new ESP=0x001FEF68
dbug: Win32Emu.Emulator[0]
      [RegisterValidation] After Import KERNEL32.DLL!VirtualAlloc: EBX=00000000 (saved=00000000, preserved=True), ESI=004B5E18 (saved=004B5E18, preserved=True), EDI=0F000280 (saved=0F000280, preserved=True), EBP=001FEFFC (saved=001FEFFC, preserved=True, valid=True, savedValid=True), ESP=001FEF68
dbug: Win32Emu.Emulator[0]
      [Import] Successfully invoked KERNEL32.DLL!VirtualAlloc
info: Win32Emu.Emulator[0]
      [Import] Direct call to KERNEL32.DLL!VirtualAlloc at 0x0F000280
info: Win32Emu.Emulator[0]
      Dispatching KERNEL32.DLL!VirtualAlloc at EIP=0x0F000280 ESP=0x001FEF54 stack=A1 90 46 00 00 00 6F 00 00 00 01 00 00 10 00 00
info: Win32Emu.Emulator[0]
      [Kernel32] VirtualAlloc(lpAddress=0x006F0000, dwSize=0x00010000, alloc=0x00001000, protect=0x00000004)
info: Win32Emu.Emulator[0]
      [ProcessEnv] VirtualAlloc(lp=0x006F0000, size=0x00010000, alloc=0x00001000, prot=0x00000004)
info: Win32Emu.Emulator[0]
      [ProcessEnv] VirtualAlloc: Re-committing already allocated region at 0x006F0000
info: Win32Emu.Emulator[0]
      [ProcessEnv] VirtualAlloc: Allocated 0x10000 bytes at specific address 0x006F0000 (reserve=False, commit=True)
info: Win32Emu.Emulator[0]
      [Kernel32] VirtualAlloc -> 0x006F0000
info: Win32Emu.Emulator[0]
      [Dispatcher] KERNEL32.DLL!VirtualAlloc returned 0x006F0000, argBytes=16, convention=Stdcall
info: Win32Emu.Emulator[0]
      [Import KERNEL32.DLL!VirtualAlloc] Return address from stack: ESP=0x001FEF54, retEIP=0x004690A1
info: Win32Emu.Emulator[0]
      [Import KERNEL32.DLL!VirtualAlloc] Stack state before cleanup:
        [ESP+00] = 0x001FEF54: 0x004690A1 (return addr)
        [ESP+04] = 0x001FEF58: 0x006F0000 (arg1)
        [ESP+08] = 0x001FEF5C: 0x00010000 (arg2)
        [ESP+12] = 0x001FEF60: 0x00001000 (arg3)
        [ESP+16] = 0x001FEF64: 0x00000004 (arg4)
        [ESP+20] = 0x001FEF68: 0x001FEFFC
      
info: Win32Emu.Emulator[0]
      [Import KERNEL32.DLL!VirtualAlloc] Stack cleanup: ESP=0x001FEF54, retEIP=0x004690A1, argBytes=16, new ESP=0x001FEF68
dbug: Win32Emu.Emulator[0]
      [RegisterValidation] After Import KERNEL32.DLL!VirtualAlloc: EBX=006F0000 (saved=006F0000, preserved=True), ESI=004B5E18 (saved=004B5E18, preserved=True), EDI=0F000280 (saved=0F000280, preserved=True), EBP=001FEFFC (saved=001FEFFC, preserved=True, valid=True, savedValid=True), ESP=001FEF68
dbug: Win32Emu.Emulator[0]
      [Import] Successfully invoked KERNEL32.DLL!VirtualAlloc
info: Win32Emu.Emulator[0]
      [Import] Direct call to KERNEL32.DLL!GetStartupInfoA at 0x0F000180
info: Win32Emu.Emulator[0]
      Dispatching KERNEL32.DLL!GetStartupInfoA at EIP=0x0F000180 ESP=0x001FEF20 stack=9E D0 46 00 38 EF 1F 00 FC EF 1F 00 00 00 00 00
info: Win32Emu.Emulator[0]
      [Dispatcher] KERNEL32.DLL!GetStartupInfoA returned 0x00000000, argBytes=4, convention=Stdcall
info: Win32Emu.Emulator[0]
      [Import KERNEL32.DLL!GetStartupInfoA] Return address from stack: ESP=0x001FEF20, retEIP=0x0046D09E
info: Win32Emu.Emulator[0]
      [Import KERNEL32.DLL!GetStartupInfoA] Stack state before cleanup:
        [ESP+00] = 0x001FEF20: 0x0046D09E (return addr)
        [ESP+04] = 0x001FEF24: 0x001FEF38 (arg1)
        [ESP+08] = 0x001FEF28: 0x001FEFFC
        [ESP+12] = 0x001FEF2C: 0x00000000
        [ESP+16] = 0x001FEF30: 0x00000000
        [ESP+20] = 0x001FEF34: 0x00000000
      
info: Win32Emu.Emulator[0]
      [Import KERNEL32.DLL!GetStartupInfoA] Stack cleanup: ESP=0x001FEF20, retEIP=0x0046D09E, argBytes=4, new ESP=0x001FEF28
dbug: Win32Emu.Emulator[0]
      [RegisterValidation] After Import KERNEL32.DLL!GetStartupInfoA: EBX=00000000 (saved=00000000, preserved=True), ESI=006F0200 (saved=006F0200, preserved=True), EDI=00000000 (saved=00000000, preserved=True), EBP=001FEFFC (saved=001FEFFC, preserved=True, valid=True, savedValid=True), ESP=001FEF28
dbug: Win32Emu.Emulator[0]
      [Import] Successfully invoked KERNEL32.DLL!GetStartupInfoA
info: Win32Emu.Emulator[0]
      [Import] Direct call to KERNEL32.DLL!GetStdHandle at 0x0F000030
info: Win32Emu.Emulator[0]
      Dispatching KERNEL32.DLL!GetStdHandle at EIP=0x0F000030 ESP=0x001FEF20 stack=B5 D1 46 00 F6 FF FF FF FC EF 1F 00 00 00 00 00
info: Win32Emu.Emulator[0]
      [Dispatcher] KERNEL32.DLL!GetStdHandle returned 0x00000001, argBytes=4, convention=Stdcall
info: Win32Emu.Emulator[0]
      [Import KERNEL32.DLL!GetStdHandle] Return address from stack: ESP=0x001FEF20, retEIP=0x0046D1B5
info: Win32Emu.Emulator[0]
      [Import KERNEL32.DLL!GetStdHandle] Stack state before cleanup:
        [ESP+00] = 0x001FEF20: 0x0046D1B5 (return addr)
        [ESP+04] = 0x001FEF24: 0xFFFFFFF6 (arg1)
        [ESP+08] = 0x001FEF28: 0x001FEFFC
        [ESP+12] = 0x001FEF2C: 0x00000000
        [ESP+16] = 0x001FEF30: 0x00000000
        [ESP+20] = 0x001FEF34: 0x00000000
      
info: Win32Emu.Emulator[0]
      [Import KERNEL32.DLL!GetStdHandle] Stack cleanup: ESP=0x001FEF20, retEIP=0x0046D1B5, argBytes=4, new ESP=0x001FEF28
dbug: Win32Emu.Emulator[0]
      [RegisterValidation] After Import KERNEL32.DLL!GetStdHandle: EBX=0F000030 (saved=0F000030, preserved=True), ESI=00000000 (saved=00000000, preserved=True), EDI=006F0100 (saved=006F0100, preserved=True), EBP=001FEFFC (saved=001FEFFC, preserved=True, valid=True, savedValid=True), ESP=001FEF28
dbug: Win32Emu.Emulator[0]
      [Import] Successfully invoked KERNEL32.DLL!GetStdHandle
info: Win32Emu.Emulator[0]
      [Import] Direct call to KERNEL32.DLL!GetFileType at 0x0F000020
info: Win32Emu.Emulator[0]
      Dispatching KERNEL32.DLL!GetFileType at EIP=0x0F000020 ESP=0x001FEF20 stack=C3 D1 46 00 01 00 00 00 FC EF 1F 00 00 00 00 00
info: Win32Emu.Emulator[0]
      [Dispatcher] KERNEL32.DLL!GetFileType returned 0x00000002, argBytes=4, convention=Stdcall
info: Win32Emu.Emulator[0]
      [Import KERNEL32.DLL!GetFileType] Return address from stack: ESP=0x001FEF20, retEIP=0x0046D1C3
info: Win32Emu.Emulator[0]
      [Import KERNEL32.DLL!GetFileType] Stack state before cleanup:
        [ESP+00] = 0x001FEF20: 0x0046D1C3 (return addr)
        [ESP+04] = 0x001FEF24: 0x00000001 (arg1)
        [ESP+08] = 0x001FEF28: 0x001FEFFC
        [ESP+12] = 0x001FEF2C: 0x00000000
        [ESP+16] = 0x001FEF30: 0x00000000
        [ESP+20] = 0x001FEF34: 0x00000000
      
info: Win32Emu.Emulator[0]
      [Import KERNEL32.DLL!GetFileType] Stack cleanup: ESP=0x001FEF20, retEIP=0x0046D1C3, argBytes=4, new ESP=0x001FEF28
dbug: Win32Emu.Emulator[0]
      [RegisterValidation] After Import KERNEL32.DLL!GetFileType: EBX=0F000030 (saved=0F000030, preserved=True), ESI=00000000 (saved=00000000, preserved=True), EDI=006F0100 (saved=006F0100, preserved=True), EBP=00000001 (saved=00000001, preserved=True, valid=False, savedValid=False), ESP=001FEF28
dbug: Win32Emu.Emulator[0]
      [Import] Successfully invoked KERNEL32.DLL!GetFileType
info: Win32Emu.Emulator[0]
      [Import] Direct call to KERNEL32.DLL!GetStdHandle at 0x0F000030
info: Win32Emu.Emulator[0]
      Dispatching KERNEL32.DLL!GetStdHandle at EIP=0x0F000030 ESP=0x001FEF20 stack=B5 D1 46 00 F5 FF FF FF FC EF 1F 00 00 00 00 00
info: Win32Emu.Emulator[0]
      [Dispatcher] KERNEL32.DLL!GetStdHandle returned 0x00000002, argBytes=4, convention=Stdcall
info: Win32Emu.Emulator[0]
      [Import KERNEL32.DLL!GetStdHandle] Return address from stack: ESP=0x001FEF20, retEIP=0x0046D1B5
info: Win32Emu.Emulator[0]
      [Import KERNEL32.DLL!GetStdHandle] Stack state before cleanup:
        [ESP+00] = 0x001FEF20: 0x0046D1B5 (return addr)
        [ESP+04] = 0x001FEF24: 0xFFFFFFF5 (arg1)
        [ESP+08] = 0x001FEF28: 0x001FEFFC
        [ESP+12] = 0x001FEF2C: 0x00000000
        [ESP+16] = 0x001FEF30: 0x00000000
        [ESP+20] = 0x001FEF34: 0x00000000
      
info: Win32Emu.Emulator[0]
      [Import KERNEL32.DLL!GetStdHandle] Stack cleanup: ESP=0x001FEF20, retEIP=0x0046D1B5, argBytes=4, new ESP=0x001FEF28
dbug: Win32Emu.Emulator[0]
      [RegisterValidation] After Import KERNEL32.DLL!GetStdHandle: EBX=0F000030 (saved=0F000030, preserved=True), ESI=00000001 (saved=00000001, preserved=True), EDI=006F0108 (saved=006F0108, preserved=True), EBP=00000001 (saved=00000001, preserved=True, valid=False, savedValid=False), ESP=001FEF28
dbug: Win32Emu.Emulator[0]
      [Import] Successfully invoked KERNEL32.DLL!GetStdHandle
info: Win32Emu.Emulator[0]
      [Import] Direct call to KERNEL32.DLL!GetFileType at 0x0F000020
info: Win32Emu.Emulator[0]
      Dispatching KERNEL32.DLL!GetFileType at EIP=0x0F000020 ESP=0x001FEF20 stack=C3 D1 46 00 02 00 00 00 FC EF 1F 00 00 00 00 00
info: Win32Emu.Emulator[0]
      [Dispatcher] KERNEL32.DLL!GetFileType returned 0x00000002, argBytes=4, convention=Stdcall
info: Win32Emu.Emulator[0]
      [Import KERNEL32.DLL!GetFileType] Return address from stack: ESP=0x001FEF20, retEIP=0x0046D1C3
info: Win32Emu.Emulator[0]
      [Import KERNEL32.DLL!GetFileType] Stack state before cleanup:
        [ESP+00] = 0x001FEF20: 0x0046D1C3 (return addr)
        [ESP+04] = 0x001FEF24: 0x00000002 (arg1)
        [ESP+08] = 0x001FEF28: 0x001FEFFC
        [ESP+12] = 0x001FEF2C: 0x00000000
        [ESP+16] = 0x001FEF30: 0x00000000
        [ESP+20] = 0x001FEF34: 0x00000000
      
info: Win32Emu.Emulator[0]
      [Import KERNEL32.DLL!GetFileType] Stack cleanup: ESP=0x001FEF20, retEIP=0x0046D1C3, argBytes=4, new ESP=0x001FEF28
dbug: Win32Emu.Emulator[0]
      [RegisterValidation] After Import KERNEL32.DLL!GetFileType: EBX=0F000030 (saved=0F000030, preserved=True), ESI=00000001 (saved=00000001, preserved=True), EDI=006F0108 (saved=006F0108, preserved=True), EBP=00000002 (saved=00000002, preserved=True, valid=False, savedValid=False), ESP=001FEF28
dbug: Win32Emu.Emulator[0]
      [Import] Successfully invoked KERNEL32.DLL!GetFileType
info: Win32Emu.Emulator[0]
      [Import] Direct call to KERNEL32.DLL!GetStdHandle at 0x0F000030
info: Win32Emu.Emulator[0]
      Dispatching KERNEL32.DLL!GetStdHandle at EIP=0x0F000030 ESP=0x001FEF20 stack=B5 D1 46 00 F4 FF FF FF FC EF 1F 00 00 00 00 00
info: Win32Emu.Emulator[0]
      [Dispatcher] KERNEL32.DLL!GetStdHandle returned 0x00000003, argBytes=4, convention=Stdcall
info: Win32Emu.Emulator[0]
      [Import KERNEL32.DLL!GetStdHandle] Return address from stack: ESP=0x001FEF20, retEIP=0x0046D1B5
info: Win32Emu.Emulator[0]
      [Import KERNEL32.DLL!GetStdHandle] Stack state before cleanup:
        [ESP+00] = 0x001FEF20: 0x0046D1B5 (return addr)
        [ESP+04] = 0x001FEF24: 0xFFFFFFF4 (arg1)
        [ESP+08] = 0x001FEF28: 0x001FEFFC
        [ESP+12] = 0x001FEF2C: 0x00000000
        [ESP+16] = 0x001FEF30: 0x00000000
        [ESP+20] = 0x001FEF34: 0x00000000
      
info: Win32Emu.Emulator[0]
      [Import KERNEL32.DLL!GetStdHandle] Stack cleanup: ESP=0x001FEF20, retEIP=0x0046D1B5, argBytes=4, new ESP=0x001FEF28
dbug: Win32Emu.Emulator[0]
      [RegisterValidation] After Import KERNEL32.DLL!GetStdHandle: EBX=0F000030 (saved=0F000030, preserved=True), ESI=00000002 (saved=00000002, preserved=True), EDI=006F0110 (saved=006F0110, preserved=True), EBP=00000002 (saved=00000002, preserved=True, valid=False, savedValid=False), ESP=001FEF28
dbug: Win32Emu.Emulator[0]
      [Import] Successfully invoked KERNEL32.DLL!GetStdHandle
info: Win32Emu.Emulator[0]
      [Import] Direct call to KERNEL32.DLL!GetFileType at 0x0F000020
info: Win32Emu.Emulator[0]
      Dispatching KERNEL32.DLL!GetFileType at EIP=0x0F000020 ESP=0x001FEF20 stack=C3 D1 46 00 03 00 00 00 FC EF 1F 00 00 00 00 00
info: Win32Emu.Emulator[0]
      [Dispatcher] KERNEL32.DLL!GetFileType returned 0x00000002, argBytes=4, convention=Stdcall
info: Win32Emu.Emulator[0]
      [Import KERNEL32.DLL!GetFileType] Return address from stack: ESP=0x001FEF20, retEIP=0x0046D1C3
info: Win32Emu.Emulator[0]
      [Import KERNEL32.DLL!GetFileType] Stack state before cleanup:
        [ESP+00] = 0x001FEF20: 0x0046D1C3 (return addr)
        [ESP+04] = 0x001FEF24: 0x00000003 (arg1)
        [ESP+08] = 0x001FEF28: 0x001FEFFC
        [ESP+12] = 0x001FEF2C: 0x00000000
        [ESP+16] = 0x001FEF30: 0x00000000
        [ESP+20] = 0x001FEF34: 0x00000000
      
info: Win32Emu.Emulator[0]
      [Import KERNEL32.DLL!GetFileType] Stack cleanup: ESP=0x001FEF20, retEIP=0x0046D1C3, argBytes=4, new ESP=0x001FEF28
dbug: Win32Emu.Emulator[0]
      [RegisterValidation] After Import KERNEL32.DLL!GetFileType: EBX=0F000030 (saved=0F000030, preserved=True), ESI=00000002 (saved=00000002, preserved=True), EDI=006F0110 (saved=006F0110, preserved=True), EBP=00000003 (saved=00000003, preserved=True, valid=False, savedValid=False), ESP=001FEF28
dbug: Win32Emu.Emulator[0]
      [Import] Successfully invoked KERNEL32.DLL!GetFileType
info: Win32Emu.Emulator[0]
      [Import] Direct call to KERNEL32.DLL!SetHandleCount at 0x0F000360
info: Win32Emu.Emulator[0]
      Dispatching KERNEL32.DLL!SetHandleCount at EIP=0x0F000360 ESP=0x001FEF20 stack=00 D2 46 00 20 00 00 00 FC EF 1F 00 00 00 00 00
info: Win32Emu.Emulator[0]
      [Dispatcher] KERNEL32.DLL!SetHandleCount returned 0x00000020, argBytes=4, convention=Stdcall
info: Win32Emu.Emulator[0]
      [Import KERNEL32.DLL!SetHandleCount] Return address from stack: ESP=0x001FEF20, retEIP=0x0046D200
info: Win32Emu.Emulator[0]
      [Import KERNEL32.DLL!SetHandleCount] Stack state before cleanup:
        [ESP+00] = 0x001FEF20: 0x0046D200 (return addr)
        [ESP+04] = 0x001FEF24: 0x00000020 (arg1)
        [ESP+08] = 0x001FEF28: 0x001FEFFC
        [ESP+12] = 0x001FEF2C: 0x00000000
        [ESP+16] = 0x001FEF30: 0x00000000
        [ESP+20] = 0x001FEF34: 0x00000000
      
info: Win32Emu.Emulator[0]
      [Import KERNEL32.DLL!SetHandleCount] Stack cleanup: ESP=0x001FEF20, retEIP=0x0046D200, argBytes=4, new ESP=0x001FEF28
dbug: Win32Emu.Emulator[0]
      [RegisterValidation] After Import KERNEL32.DLL!SetHandleCount: EBX=0F000030 (saved=0F000030, preserved=True), ESI=00000003 (saved=00000003, preserved=True), EDI=006F0110 (saved=006F0110, preserved=True), EBP=00000003 (saved=00000003, preserved=True, valid=False, savedValid=False), ESP=001FEF28
dbug: Win32Emu.Emulator[0]
      [Import] Successfully invoked KERNEL32.DLL!SetHandleCount
dbug: Win32Emu.Emulator[0]
      
      [Debug] *** CPU TRYING TO EXECUTE SYNTHETIC IMPORT ADDRESS! ***
dbug: Win32Emu.Emulator[0]
      [Debug] EIP=0x0F000340 at instruction 8950
dbug: Win32Emu.Emulator[0]
      [Debug] This is import: KERNEL32.DLL!GetACP
dbug: Win32Emu.Emulator[0]
      [Debug] This should now execute an INT3 stub that will be handled as an import call
dbug: Win32Emu.Emulator[0]
      [Syscall] Advanced EIP past INT 0x80: 0x0E000000 -> 0x0E000002
info: Win32Emu.Emulator[0]
      [Syscall] KERNEL32.DLL!GetACP from stub at 0x0F000340
info: Win32Emu.Emulator[0]
      [Syscall] BEFORE API: Return address at 0x001FEF44 = 0x0046CD61
info: Win32Emu.Emulator[0]
      Dispatching async KERNEL32.DLL!GetACP at EIP=0x0E000002 ESP=0x001FEF44 stack=61 CD 46 00 FD FF FF FF FC EF 1F 00 00 00 00 00
info: Win32Emu.Emulator[0]
      Dispatching KERNEL32.DLL!GetACP at EIP=0x0E000002 ESP=0x001FEF44 stack=61 CD 46 00 FD FF FF FF FC EF 1F 00 00 00 00 00
info: Win32Emu.Emulator[0]
      [Dispatcher] KERNEL32.DLL!GetACP returned 0x0000FDE9, argBytes=0, convention=Stdcall
info: Win32Emu.Emulator[0]
      [Syscall] AFTER API: Return address at 0x001FEF44 = 0x0046CD61
dbug: Win32Emu.Emulator[0]
      [RegisterValidation] After Syscall KERNEL32.DLL!GetACP: EBX=00000000 (saved=00000000, preserved=True), ESI=00000000 (saved=00000000, preserved=True), EDI=00000000 (saved=00000000, preserved=True), EBP=001FEFFC (saved=001FEFFC, preserved=True, valid=True, savedValid=True), ESP=001FEF40
dbug: Win32Emu.Emulator[0]
      [Syscall] Returned 0x0000FDE9, argBytes=0, calling convention=Stdcall, CPU will execute RET naturally
dbug: Win32Emu.Emulator[0]
      [Syscall] Patched RET at 0x0F000345 with argBytes=0 for Stdcall calling convention
dbug: Win32Emu.Emulator[0]
      [Syscall] CPU state after KERNEL32.DLL!GetACP: EAX=0x0000FDE9 ESP=0x001FEF40
dbug: Win32Emu.Emulator[0]
      
      [Syscall] Stack validation after KERNEL32.DLL!GetACP:
        [ESP+-8] = 0x001FEF3C: 0x00000000
        [ESP+-4] = 0x001FEF40: 0x0F000345
        [ESP++0] = 0x001FEF44: 0x0046CD61 <-- Future ESP
        [ESP++4] = 0x001FEF48: 0xFFFFFFFD
        [ESP++8] = 0x001FEF4C: 0x001FEFFC
        [ESP++12] = 0x001FEF50: 0x00000000
        [ESP++16] = 0x001FEF54: 0x00000000
dbug: Win32Emu.Emulator[0]
      
      [Debug] *** CPU TRYING TO EXECUTE SYNTHETIC IMPORT ADDRESS! ***
dbug: Win32Emu.Emulator[0]
      [Debug] EIP=0x0F000345 at instruction 8953
dbug: Win32Emu.Emulator[0]
      [Debug] This is import: KERNEL32.DLL!GetACP
dbug: Win32Emu.Emulator[0]
      [Debug] This should now execute an INT3 stub that will be handled as an import call
info: Win32Emu.Emulator[0]
      [Import] Direct call to KERNEL32.DLL!GetCPInfo at 0x0F000330
info: Win32Emu.Emulator[0]
      Dispatching KERNEL32.DLL!GetCPInfo at EIP=0x0F000330 ESP=0x001FEF40 stack=BA CD 46 00 E9 FD 00 00 60 EF 1F 00 FC EF 1F 00
info: Win32Emu.Emulator[0]
      [Kernel32] GetCPInfo called: codePage=Utf8 lpCpInfo=0x001FEF60
info: Win32Emu.Emulator[0]
      [Kernel32] GetCPInfo: actualCodePage=Utf8
info: Win32Emu.Emulator[0]
      [Dispatcher] KERNEL32.DLL!GetCPInfo returned 0x00000001, argBytes=8, convention=Stdcall
info: Win32Emu.Emulator[0]
      [Import KERNEL32.DLL!GetCPInfo] Return address from stack: ESP=0x001FEF40, retEIP=0x0046CDBA
info: Win32Emu.Emulator[0]
      [Import KERNEL32.DLL!GetCPInfo] Stack state before cleanup:
        [ESP+00] = 0x001FEF40: 0x0046CDBA (return addr)
        [ESP+04] = 0x001FEF44: 0x0000FDE9 (arg1)
        [ESP+08] = 0x001FEF48: 0x001FEF60 (arg2)
        [ESP+12] = 0x001FEF4C: 0x001FEFFC
        [ESP+16] = 0x001FEF50: 0x00000000
        [ESP+20] = 0x001FEF54: 0x00000000
      
info: Win32Emu.Emulator[0]
      [Import KERNEL32.DLL!GetCPInfo] Stack cleanup: ESP=0x001FEF40, retEIP=0x0046CDBA, argBytes=8, new ESP=0x001FEF4C
dbug: Win32Emu.Emulator[0]
      [RegisterValidation] After Import KERNEL32.DLL!GetCPInfo: EBX=00000000 (saved=00000000, preserved=True), ESI=00000000 (saved=00000000, preserved=True), EDI=00000000 (saved=00000000, preserved=True), EBP=0000FDE9 (saved=0000FDE9, preserved=True, valid=True, savedValid=True), ESP=001FEF4C
dbug: Win32Emu.Emulator[0]
      [Import] Successfully invoked KERNEL32.DLL!GetCPInfo
info: Win32Emu.Emulator[0]
      [Import] Direct call to KERNEL32.DLL!GetCommandLineA at 0x0F000190
info: Win32Emu.Emulator[0]
      Dispatching KERNEL32.DLL!GetCommandLineA at EIP=0x0F000190 ESP=0x001FEF7C stack=FB 7A 46 00 00 00 00 00 00 00 00 00 00 00 00 00
dbug: Win32Emu.Emulator[0]
      [ProcessEnv] ReadAnsiString addr=0x006E0000 result='C:\ign_demo\IGN_DEMO.EXE'
info: Win32Emu.Emulator[0]
      [Kernel32] GetCommandLineA returning 0x006E0000: "C:\ign_demo\IGN_DEMO.EXE"
info: Win32Emu.Emulator[0]
      [Dispatcher] KERNEL32.DLL!GetCommandLineA returned 0x006E0000, argBytes=0, convention=Stdcall
info: Win32Emu.Emulator[0]
      [Import KERNEL32.DLL!GetCommandLineA] Return address from stack: ESP=0x001FEF7C, retEIP=0x00467AFB
info: Win32Emu.Emulator[0]
      [Import KERNEL32.DLL!GetCommandLineA] Stack state before cleanup:
        [ESP+00] = 0x001FEF7C: 0x00467AFB (return addr)
        [ESP+04] = 0x001FEF80: 0x00000000
        [ESP+08] = 0x001FEF84: 0x00000000
        [ESP+12] = 0x001FEF88: 0x00000000
        [ESP+16] = 0x001FEF8C: 0x00000000
        [ESP+20] = 0x001FEF90: 0x00000000
      
info: Win32Emu.Emulator[0]
      [Import KERNEL32.DLL!GetCommandLineA] Stack cleanup: ESP=0x001FEF7C, retEIP=0x00467AFB, argBytes=0, new ESP=0x001FEF80
dbug: Win32Emu.Emulator[0]
      [RegisterValidation] After Import KERNEL32.DLL!GetCommandLineA: EBX=00000000 (saved=00000000, preserved=True), ESI=00000000 (saved=00000000, preserved=True), EDI=00000000 (saved=00000000, preserved=True), EBP=001FEFFC (saved=001FEFFC, preserved=True, valid=True, savedValid=True), ESP=001FEF80
dbug: Win32Emu.Emulator[0]
      [Import] Successfully invoked KERNEL32.DLL!GetCommandLineA
info: Win32Emu.Emulator[0]
      [Import] Direct call to KERNEL32.DLL!GetEnvironmentStringsW at 0x0F000310
info: Win32Emu.Emulator[0]
      Dispatching KERNEL32.DLL!GetEnvironmentStringsW at EIP=0x0F000310 ESP=0x001FEF64 stack=DB CB 46 00 FC EF 1F 00 00 00 00 00 00 00 00 00
info: Win32Emu.Emulator[0]
      [Dispatcher] KERNEL32.DLL!GetEnvironmentStringsW returned 0x00AF0000, argBytes=0, convention=Stdcall
info: Win32Emu.Emulator[0]
      [Import KERNEL32.DLL!GetEnvironmentStringsW] Return address from stack: ESP=0x001FEF64, retEIP=0x0046CBDB
info: Win32Emu.Emulator[0]
      [Import KERNEL32.DLL!GetEnvironmentStringsW] Stack state before cleanup:
        [ESP+00] = 0x001FEF64: 0x0046CBDB (return addr)
        [ESP+04] = 0x001FEF68: 0x001FEFFC
        [ESP+08] = 0x001FEF6C: 0x00000000
        [ESP+12] = 0x001FEF70: 0x00000000
        [ESP+16] = 0x001FEF74: 0x00000000
        [ESP+20] = 0x001FEF78: 0xFFFFFFFD
      
info: Win32Emu.Emulator[0]
      [Import KERNEL32.DLL!GetEnvironmentStringsW] Stack cleanup: ESP=0x001FEF64, retEIP=0x0046CBDB, argBytes=0, new ESP=0x001FEF68
dbug: Win32Emu.Emulator[0]
      [RegisterValidation] After Import KERNEL32.DLL!GetEnvironmentStringsW: EBX=00000000 (saved=00000000, preserved=True), ESI=0F000310 (saved=0F000310, preserved=True), EDI=00000000 (saved=00000000, preserved=True), EBP=001FEFFC (saved=001FEFFC, preserved=True, valid=True, savedValid=True), ESP=001FEF68
dbug: Win32Emu.Emulator[0]
      [Import] Successfully invoked KERNEL32.DLL!GetEnvironmentStringsW
info: Win32Emu.Emulator[0]
      [Import] Direct call to KERNEL32.DLL!WideCharToMultiByte at 0x0F000320
info: Win32Emu.Emulator[0]
      Dispatching KERNEL32.DLL!WideCharToMultiByte at EIP=0x0F000320 ESP=0x001FEF44 stack=66 CC 46 00 00 00 00 00 00 00 00 00 00 00 AF 00
info: Win32Emu.Emulator[0]
      [Kernel32] WideCharToMultiByte: CP=Acp cchWide=336 lpWide=0x00AF0000 cbMulti=0 lpMulti=0x00000000
info: Win32Emu.Emulator[0]
      [Kernel32] WideCharToMultiByte: Read 336 chars (specified count)
dbug: Win32Emu.Emulator[0]
      [Kernel32] WideCharToMultiByte: Detected trailing null in wide string
dbug: Win32Emu.Emulator[0]
      [Kernel32] WideCharToMultiByte: Converting with code page Utf8
dbug: Win32Emu.Emulator[0]
      [Kernel32] WideCharToMultiByte: Conversion complete, got 336 bytes
info: Win32Emu.Emulator[0]
      [Kernel32] WideCharToMultiByte: Returning size 336
info: Win32Emu.Emulator[0]
      [Dispatcher] KERNEL32.DLL!WideCharToMultiByte returned 0x00000150, argBytes=32, convention=Stdcall
info: Win32Emu.Emulator[0]
      [Import KERNEL32.DLL!WideCharToMultiByte] Return address from stack: ESP=0x001FEF44, retEIP=0x0046CC66
info: Win32Emu.Emulator[0]
      [Import KERNEL32.DLL!WideCharToMultiByte] Stack state before cleanup:
        [ESP+00] = 0x001FEF44: 0x0046CC66 (return addr)
        [ESP+04] = 0x001FEF48: 0x00000000 (arg1)
        [ESP+08] = 0x001FEF4C: 0x00000000 (arg2)
        [ESP+12] = 0x001FEF50: 0x00AF0000 (arg3)
        [ESP+16] = 0x001FEF54: 0x00000150 (arg4)
        [ESP+20] = 0x001FEF58: 0x00000000 (arg5)
      
info: Win32Emu.Emulator[0]
      [Import KERNEL32.DLL!WideCharToMultiByte] Stack cleanup: ESP=0x001FEF44, retEIP=0x0046CC66, argBytes=32, new ESP=0x001FEF68
dbug: Win32Emu.Emulator[0]
      [RegisterValidation] After Import KERNEL32.DLL!WideCharToMultiByte: EBX=00000000 (saved=00000000, preserved=True), ESI=00000150 (saved=00000150, preserved=True), EDI=00AF0000 (saved=00AF0000, preserved=True), EBP=001FEFFC (saved=001FEFFC, preserved=True, valid=True, savedValid=True), ESP=001FEF68
dbug: Win32Emu.Emulator[0]
      [Import] Successfully invoked KERNEL32.DLL!WideCharToMultiByte
info: Win32Emu.Emulator[0]
      [Import] Direct call to KERNEL32.DLL!WideCharToMultiByte at 0x0F000320
info: Win32Emu.Emulator[0]
      Dispatching KERNEL32.DLL!WideCharToMultiByte at EIP=0x0F000320 ESP=0x001FEF44 stack=8D CC 46 00 00 00 00 00 00 00 00 00 00 00 AF 00
info: Win32Emu.Emulator[0]
      [Kernel32] WideCharToMultiByte: CP=Acp cchWide=336 lpWide=0x00AF0000 cbMulti=336 lpMulti=0x006F0200
info: Win32Emu.Emulator[0]
      [Kernel32] WideCharToMultiByte: Read 336 chars (specified count)
dbug: Win32Emu.Emulator[0]
      [Kernel32] WideCharToMultiByte: Detected trailing null in wide string
dbug: Win32Emu.Emulator[0]
      [Kernel32] WideCharToMultiByte: Converting with code page Utf8
dbug: Win32Emu.Emulator[0]
      [Kernel32] WideCharToMultiByte: Conversion complete, got 336 bytes
dbug: Win32Emu.Emulator[0]
      [Kernel32] WideCharToMultiByte: Writing 336 bytes to 0x006F0200
dbug: Win32Emu.Emulator[0]
      [Kernel32] WideCharToMultiByte: Success, returning 336 bytes
info: Win32Emu.Emulator[0]
      [Dispatcher] KERNEL32.DLL!WideCharToMultiByte returned 0x00000150, argBytes=32, convention=Stdcall
info: Win32Emu.Emulator[0]
      [Import KERNEL32.DLL!WideCharToMultiByte] Return address from stack: ESP=0x001FEF44, retEIP=0x0046CC8D
info: Win32Emu.Emulator[0]
      [Import KERNEL32.DLL!WideCharToMultiByte] Stack state before cleanup:
        [ESP+00] = 0x001FEF44: 0x0046CC8D (return addr)
        [ESP+04] = 0x001FEF48: 0x00000000 (arg1)
        [ESP+08] = 0x001FEF4C: 0x00000000 (arg2)
        [ESP+12] = 0x001FEF50: 0x00AF0000 (arg3)
        [ESP+16] = 0x001FEF54: 0x00000150 (arg4)
        [ESP+20] = 0x001FEF58: 0x006F0200 (arg5)
      
info: Win32Emu.Emulator[0]
      [Import KERNEL32.DLL!WideCharToMultiByte] Stack cleanup: ESP=0x001FEF44, retEIP=0x0046CC8D, argBytes=32, new ESP=0x001FEF68
dbug: Win32Emu.Emulator[0]
      [RegisterValidation] After Import KERNEL32.DLL!WideCharToMultiByte: EBX=006F0200 (saved=006F0200, preserved=True), ESI=00000150 (saved=00000150, preserved=True), EDI=00AF0000 (saved=00AF0000, preserved=True), EBP=00000150 (saved=00000150, preserved=True, valid=False, savedValid=False), ESP=001FEF68
dbug: Win32Emu.Emulator[0]
      [Import] Successfully invoked KERNEL32.DLL!WideCharToMultiByte
info: Win32Emu.Emulator[0]
      [Import] Direct call to KERNEL32.DLL!FreeEnvironmentStringsW at 0x0F000010
info: Win32Emu.Emulator[0]
      Dispatching KERNEL32.DLL!FreeEnvironmentStringsW at EIP=0x0F000010 ESP=0x001FEF60 stack=A3 CC 46 00 00 00 AF 00 FC EF 1F 00 00 00 00 00
info: Win32Emu.Emulator[0]
      [Dispatcher] KERNEL32.DLL!FreeEnvironmentStringsW returned 0x00000001, argBytes=4, convention=Stdcall
info: Win32Emu.Emulator[0]
      [Import KERNEL32.DLL!FreeEnvironmentStringsW] Return address from stack: ESP=0x001FEF60, retEIP=0x0046CCA3
info: Win32Emu.Emulator[0]
      [Import KERNEL32.DLL!FreeEnvironmentStringsW] Stack state before cleanup:
        [ESP+00] = 0x001FEF60: 0x0046CCA3 (return addr)
        [ESP+04] = 0x001FEF64: 0x00AF0000 (arg1)
        [ESP+08] = 0x001FEF68: 0x001FEFFC
        [ESP+12] = 0x001FEF6C: 0x00000000
        [ESP+16] = 0x001FEF70: 0x00000000
        [ESP+20] = 0x001FEF74: 0x00000000
      
info: Win32Emu.Emulator[0]
      [Import KERNEL32.DLL!FreeEnvironmentStringsW] Stack cleanup: ESP=0x001FEF60, retEIP=0x0046CCA3, argBytes=4, new ESP=0x001FEF68
dbug: Win32Emu.Emulator[0]
      [RegisterValidation] After Import KERNEL32.DLL!FreeEnvironmentStringsW: EBX=006F0200 (saved=006F0200, preserved=True), ESI=00000150 (saved=00000150, preserved=True), EDI=00AF0000 (saved=00AF0000, preserved=True), EBP=00000150 (saved=00000150, preserved=True, valid=False, savedValid=False), ESP=001FEF68
dbug: Win32Emu.Emulator[0]
      [Import] Successfully invoked KERNEL32.DLL!FreeEnvironmentStringsW
info: Win32Emu.Emulator[0]
      [Import] Direct call to KERNEL32.DLL!GetModuleFileNameA at 0x0F0002C0
info: Win32Emu.Emulator[0]
      Dispatching KERNEL32.DLL!GetModuleFileNameA at EIP=0x0F0002C0 ESP=0x001FEF5C stack=58 C7 46 00 00 00 00 00 40 06 52 00 04 01 00 00
info: Win32Emu.Emulator[0]
      [Kernel32] GetModuleFileNameA called: h=0x00000000 lp=0x00520640 n=260
dbug: Win32Emu.Emulator[0]
      [Kernel32] GetModuleFileNameA resolved path: C:\ign_demo\IGN_DEMO.EXE
dbug: Win32Emu.Emulator[0]
      [Kernel32] GetModuleFileNameA converted to Windows path: C:\ign_demo\IGN_DEMO.EXE
dbug: Win32Emu.Emulator[0]
      MemWrite addr=0x00520658 len=1 data=00
dbug: Win32Emu.Emulator[0]
      MemWrite addr=0x00520640 len=25 data=43 3A 5C 69 67 6E 5F 64 65 6D 6F 5C 49 47 4E 5F 44 45 4D 4F 2E 45 58 45
info: Win32Emu.Emulator[0]
      [Kernel32] GetModuleFileNameA returning 24
info: Win32Emu.Emulator[0]
      [Dispatcher] KERNEL32.DLL!GetModuleFileNameA returned 0x00000018, argBytes=12, convention=Stdcall
info: Win32Emu.Emulator[0]
      [Import KERNEL32.DLL!GetModuleFileNameA] Return address from stack: ESP=0x001FEF5C, retEIP=0x0046C758
info: Win32Emu.Emulator[0]
      [Import KERNEL32.DLL!GetModuleFileNameA] Stack state before cleanup:
        [ESP+00] = 0x001FEF5C: 0x0046C758 (return addr)
        [ESP+04] = 0x001FEF60: 0x00000000 (arg1)
        [ESP+08] = 0x001FEF64: 0x00520640 (arg2)
        [ESP+12] = 0x001FEF68: 0x00000104 (arg3)
        [ESP+16] = 0x001FEF6C: 0x00000000
        [ESP+20] = 0x001FEF70: 0x00000000
      
info: Win32Emu.Emulator[0]
      [Import KERNEL32.DLL!GetModuleFileNameA] Stack cleanup: ESP=0x001FEF5C, retEIP=0x0046C758, argBytes=12, new ESP=0x001FEF6C
dbug: Win32Emu.Emulator[0]
      [RegisterValidation] After Import KERNEL32.DLL!GetModuleFileNameA: EBX=00000000 (saved=00000000, preserved=True), ESI=00520640 (saved=00520640, preserved=True), EDI=00000000 (saved=00000000, preserved=True), EBP=001FEFFC (saved=001FEFFC, preserved=True, valid=True, savedValid=True), ESP=001FEF6C
dbug: Win32Emu.Emulator[0]
      [Import] Successfully invoked KERNEL32.DLL!GetModuleFileNameA
info: Win32Emu.Emulator[0]
      [Import] Direct call to KERNEL32.DLL!GetModuleHandleA at 0x0F000170
info: Win32Emu.Emulator[0]
      Dispatching KERNEL32.DLL!GetModuleHandleA at EIP=0x0F000170 ESP=0x001FEF6C stack=6B 9D 46 00 EC 8F 47 00 5A 76 46 00 DB 78 46 00
info: Win32Emu.Emulator[0]
      [Kernel32] GetModuleHandleA called: module='KERNEL32'
dbug: Win32Emu.Emulator[0]
      [Kernel32] GetModuleHandleA returning handle for KERNEL32.DLL: 0x10000000
info: Win32Emu.Emulator[0]
      [Dispatcher] KERNEL32.DLL!GetModuleHandleA returned 0x10000000, argBytes=4, convention=Stdcall
info: Win32Emu.Emulator[0]
      [Import KERNEL32.DLL!GetModuleHandleA] Return address from stack: ESP=0x001FEF6C, retEIP=0x00469D6B
info: Win32Emu.Emulator[0]
      [Import KERNEL32.DLL!GetModuleHandleA] Stack state before cleanup:
        [ESP+00] = 0x001FEF6C: 0x00469D6B (return addr)
        [ESP+04] = 0x001FEF70: 0x00478FEC (arg1)
        [ESP+08] = 0x001FEF74: 0x0046765A
        [ESP+12] = 0x001FEF78: 0x004678DB
        [ESP+16] = 0x001FEF7C: 0x00467B30
        [ESP+20] = 0x001FEF80: 0x00000000
      
info: Win32Emu.Emulator[0]
      [Import KERNEL32.DLL!GetModuleHandleA] Stack cleanup: ESP=0x001FEF6C, retEIP=0x00469D6B, argBytes=4, new ESP=0x001FEF74
dbug: Win32Emu.Emulator[0]
      [RegisterValidation] After Import KERNEL32.DLL!GetModuleHandleA: EBX=00000000 (saved=00000000, preserved=True), ESI=00000000 (saved=00000000, preserved=True), EDI=00000000 (saved=00000000, preserved=True), EBP=001FEFFC (saved=001FEFFC, preserved=True, valid=True, savedValid=True), ESP=001FEF74
dbug: Win32Emu.Emulator[0]
      [Import] Successfully invoked KERNEL32.DLL!GetModuleHandleA
info: Win32Emu.Emulator[0]
      [Import] Direct call to KERNEL32.DLL!GetProcAddress at 0x0F000290
info: Win32Emu.Emulator[0]
      Dispatching KERNEL32.DLL!GetProcAddress at EIP=0x0F000290 ESP=0x001FEF68 stack=7B 9D 46 00 00 00 00 10 D0 8F 47 00 5A 76 46 00
info: Win32Emu.Emulator[0]
      [Kernel32] GetProcAddress(0x10000000, 0x00478FD0)
info: Win32Emu.Emulator[0]
      [Kernel32] GetProcAddress: Looking up 'IsProcessorFeaturePresent'
info: Win32Emu.Emulator[0]
      [ProcessEnv] Registered synthetic export: KERNEL32.DLL!IsProcessorFeaturePresent at 0x0F800000
info: Win32Emu.Emulator[0]
      [Kernel32] GetProcAddress: Registered synthetic export 'KERNEL32.DLL!IsProcessorFeaturePresent' at 0x0F800000
info: Win32Emu.Emulator[0]
      [Dispatcher] KERNEL32.DLL!GetProcAddress returned 0x0F800000, argBytes=8, convention=Stdcall
info: Win32Emu.Emulator[0]
      [Import KERNEL32.DLL!GetProcAddress] Return address from stack: ESP=0x001FEF68, retEIP=0x00469D7B
info: Win32Emu.Emulator[0]
      [Import KERNEL32.DLL!GetProcAddress] Stack state before cleanup:
        [ESP+00] = 0x001FEF68: 0x00469D7B (return addr)
        [ESP+04] = 0x001FEF6C: 0x10000000 (arg1)
        [ESP+08] = 0x001FEF70: 0x00478FD0 (arg2)
        [ESP+12] = 0x001FEF74: 0x0046765A
        [ESP+16] = 0x001FEF78: 0x004678DB
        [ESP+20] = 0x001FEF7C: 0x00467B30
      
info: Win32Emu.Emulator[0]
      [Import KERNEL32.DLL!GetProcAddress] Stack cleanup: ESP=0x001FEF68, retEIP=0x00469D7B, argBytes=8, new ESP=0x001FEF74
dbug: Win32Emu.Emulator[0]
      [RegisterValidation] After Import KERNEL32.DLL!GetProcAddress: EBX=00000000 (saved=00000000, preserved=True), ESI=00000000 (saved=00000000, preserved=True), EDI=00000000 (saved=00000000, preserved=True), EBP=001FEFFC (saved=001FEFFC, preserved=True, valid=True, savedValid=True), ESP=001FEF74
dbug: Win32Emu.Emulator[0]
      [Import] Successfully invoked KERNEL32.DLL!GetProcAddress
info: Win32Emu.Emulator[0]
      [Import] Direct call to KERNEL32.DLL!IsProcessorFeaturePresent at 0x0F800000
info: Win32Emu.Emulator[0]
      Dispatching KERNEL32.DLL!IsProcessorFeaturePresent at EIP=0x0F800000 ESP=0x001FEF6C stack=83 9D 46 00 00 00 00 00 5A 76 46 00 DB 78 46 00
dbug: Win32Emu.Emulator[0]
      [Kernel32] IsProcessorFeaturePresent(0) -> False
info: Win32Emu.Emulator[0]
      [Dispatcher] KERNEL32.DLL!IsProcessorFeaturePresent returned 0x00000000, argBytes=4, convention=Stdcall
info: Win32Emu.Emulator[0]
      [Import KERNEL32.DLL!IsProcessorFeaturePresent] Return address from stack: ESP=0x001FEF6C, retEIP=0x00469D83
info: Win32Emu.Emulator[0]
      [Import KERNEL32.DLL!IsProcessorFeaturePresent] Stack state before cleanup:
        [ESP+00] = 0x001FEF6C: 0x00469D83 (return addr)
        [ESP+04] = 0x001FEF70: 0x00000000 (arg1)
        [ESP+08] = 0x001FEF74: 0x0046765A
        [ESP+12] = 0x001FEF78: 0x004678DB
        [ESP+16] = 0x001FEF7C: 0x00467B30
        [ESP+20] = 0x001FEF80: 0x00000000
      
info: Win32Emu.Emulator[0]
      [Import KERNEL32.DLL!IsProcessorFeaturePresent] Stack cleanup: ESP=0x001FEF6C, retEIP=0x00469D83, argBytes=4, new ESP=0x001FEF74
dbug: Win32Emu.Emulator[0]
      [RegisterValidation] After Import KERNEL32.DLL!IsProcessorFeaturePresent: EBX=00000000 (saved=00000000, preserved=True), ESI=00000000 (saved=00000000, preserved=True), EDI=00000000 (saved=00000000, preserved=True), EBP=001FEFFC (saved=001FEFFC, preserved=True, valid=True, savedValid=True), ESP=001FEF74
dbug: Win32Emu.Emulator[0]
      [Import] Successfully invoked KERNEL32.DLL!IsProcessorFeaturePresent
info: Win32Emu.Emulator[0]
      [Import] Direct call to KERNEL32.DLL!HeapAlloc at 0x0F000120
info: Win32Emu.Emulator[0]
      Dispatching KERNEL32.DLL!HeapAlloc at EIP=0x0F000120 ESP=0x001FEF38 stack=4C 74 46 00 00 60 6E 00 08 00 00 00 00 08 00 00
info: Win32Emu.Emulator[0]
      [Dispatcher] KERNEL32.DLL!HeapAlloc returned 0x006E6000, argBytes=12, convention=Stdcall
info: Win32Emu.Emulator[0]
      [Import KERNEL32.DLL!HeapAlloc] Return address from stack: ESP=0x001FEF38, retEIP=0x0046744C
info: Win32Emu.Emulator[0]
      [Import KERNEL32.DLL!HeapAlloc] Stack state before cleanup:
        [ESP+00] = 0x001FEF38: 0x0046744C (return addr)
        [ESP+04] = 0x001FEF3C: 0x006E6000 (arg1)
        [ESP+08] = 0x001FEF40: 0x00000008 (arg2)
        [ESP+12] = 0x001FEF44: 0x00000800 (arg3)
        [ESP+16] = 0x001FEF48: 0x0047A014
        [ESP+20] = 0x001FEF4C: 0x0047A010
      
info: Win32Emu.Emulator[0]
      [Import KERNEL32.DLL!HeapAlloc] Stack cleanup: ESP=0x001FEF38, retEIP=0x0046744C, argBytes=12, new ESP=0x001FEF48
dbug: Win32Emu.Emulator[0]
      [RegisterValidation] After Import KERNEL32.DLL!HeapAlloc: EBX=0F000120 (saved=0F000120, preserved=True), ESI=00000800 (saved=00000800, preserved=True), EDI=0047A014 (saved=0047A014, preserved=True), EBP=001FEFFC (saved=001FEFFC, preserved=True, valid=True, savedValid=True), ESP=001FEF48
dbug: Win32Emu.Emulator[0]
      [Import] Successfully invoked KERNEL32.DLL!HeapAlloc
info: Win32Emu.Emulator[0]
      [Import] Direct call to KERNEL32.DLL!GetStartupInfoA at 0x0F000180
info: Win32Emu.Emulator[0]
      Dispatching KERNEL32.DLL!GetStartupInfoA at EIP=0x0F000180 ESP=0x001FEF78 stack=96 7B 46 00 8C EF 1F 00 00 00 00 00 00 00 00 00
info: Win32Emu.Emulator[0]
      [Dispatcher] KERNEL32.DLL!GetStartupInfoA returned 0x00000000, argBytes=4, convention=Stdcall
info: Win32Emu.Emulator[0]
      [Import KERNEL32.DLL!GetStartupInfoA] Return address from stack: ESP=0x001FEF78, retEIP=0x00467B96
info: Win32Emu.Emulator[0]
      [Import KERNEL32.DLL!GetStartupInfoA] Stack state before cleanup:
        [ESP+00] = 0x001FEF78: 0x00467B96 (return addr)
        [ESP+04] = 0x001FEF7C: 0x001FEF8C (arg1)
        [ESP+08] = 0x001FEF80: 0x00000000
        [ESP+12] = 0x001FEF84: 0x00000000
        [ESP+16] = 0x001FEF88: 0x00000000
        [ESP+20] = 0x001FEF8C: 0x00000044
      
info: Win32Emu.Emulator[0]
      [Import KERNEL32.DLL!GetStartupInfoA] Stack cleanup: ESP=0x001FEF78, retEIP=0x00467B96, argBytes=4, new ESP=0x001FEF80
dbug: Win32Emu.Emulator[0]
      [RegisterValidation] After Import KERNEL32.DLL!GetStartupInfoA: EBX=00000000 (saved=00000000, preserved=True), ESI=006E0018 (saved=006E0018, preserved=True), EDI=00000000 (saved=00000000, preserved=True), EBP=001FEFFC (saved=001FEFFC, preserved=True, valid=True, savedValid=True), ESP=001FEF80
dbug: Win32Emu.Emulator[0]
      [Import] Successfully invoked KERNEL32.DLL!GetStartupInfoA
info: Win32Emu.Emulator[0]
      [Import] Direct call to KERNEL32.DLL!GetModuleHandleA at 0x0F000170
info: Win32Emu.Emulator[0]
      Dispatching KERNEL32.DLL!GetModuleHandleA at EIP=0x0F000170 ESP=0x001FEF6C stack=B5 7B 46 00 00 00 00 00 00 00 00 00 18 00 6E 00
info: Win32Emu.Emulator[0]
      [Kernel32] GetModuleHandleA called: module='NULL (current process)'
dbug: Win32Emu.Emulator[0]
      [Kernel32] GetModuleHandleA returning current process handle: 0x00400000
info: Win32Emu.Emulator[0]
      [Dispatcher] KERNEL32.DLL!GetModuleHandleA returned 0x00400000, argBytes=4, convention=Stdcall
info: Win32Emu.Emulator[0]
      [Import KERNEL32.DLL!GetModuleHandleA] Return address from stack: ESP=0x001FEF6C, retEIP=0x00467BB5
info: Win32Emu.Emulator[0]
      [Import KERNEL32.DLL!GetModuleHandleA] Stack state before cleanup:
        [ESP+00] = 0x001FEF6C: 0x00467BB5 (return addr)
        [ESP+04] = 0x001FEF70: 0x00000000 (arg1)
        [ESP+08] = 0x001FEF74: 0x00000000
        [ESP+12] = 0x001FEF78: 0x006E0018
        [ESP+16] = 0x001FEF7C: 0x0000000A
        [ESP+20] = 0x001FEF80: 0x00000000
      
info: Win32Emu.Emulator[0]
      [Import KERNEL32.DLL!GetModuleHandleA] Stack cleanup: ESP=0x001FEF6C, retEIP=0x00467BB5, argBytes=4, new ESP=0x001FEF74
dbug: Win32Emu.Emulator[0]
      [RegisterValidation] After Import KERNEL32.DLL!GetModuleHandleA: EBX=00000000 (saved=00000000, preserved=True), ESI=006E0018 (saved=006E0018, preserved=True), EDI=00000000 (saved=00000000, preserved=True), EBP=001FEFFC (saved=001FEFFC, preserved=True, valid=True, savedValid=True), ESP=001FEF74
dbug: Win32Emu.Emulator[0]
      [Import] Successfully invoked KERNEL32.DLL!GetModuleHandleA
info: Win32Emu.Emulator[0]
      [Import] Direct call to USER32.DLL!LoadCursorA at 0x0F000580
info: Win32Emu.Emulator[0]
      Dispatching USER32.DLL!LoadCursorA at EIP=0x0F000580 ESP=0x001FEF0C stack=48 12 41 00 00 00 00 00 00 7F 00 00 FC EF 1F 00
info: Win32Emu.Emulator[0]
      [User32] LoadCursorA: hInstance=0x00000000 lpCursorName=0x00007F00
info: Win32Emu.Emulator[0]
      [Dispatcher] USER32.DLL!LoadCursorA returned 0x00017F00, argBytes=8, convention=Stdcall
info: Win32Emu.Emulator[0]
      [Import USER32.DLL!LoadCursorA] Return address from stack: ESP=0x001FEF0C, retEIP=0x00411248
info: Win32Emu.Emulator[0]
      [Import USER32.DLL!LoadCursorA] Stack state before cleanup:
        [ESP+00] = 0x001FEF0C: 0x00411248 (return addr)
        [ESP+04] = 0x001FEF10: 0x00000000 (arg1)
        [ESP+08] = 0x001FEF14: 0x00007F00 (arg2)
        [ESP+12] = 0x001FEF18: 0x001FEFFC
        [ESP+16] = 0x001FEF1C: 0x00000000
        [ESP+20] = 0x001FEF20: 0x006E0018
      
info: Win32Emu.Emulator[0]
      [Import USER32.DLL!LoadCursorA] Stack cleanup: ESP=0x001FEF0C, retEIP=0x00411248, argBytes=8, new ESP=0x001FEF18
dbug: Win32Emu.Emulator[0]
      [RegisterValidation] After Import USER32.DLL!LoadCursorA: EBX=00000000 (saved=00000000, preserved=True), ESI=00000000 (saved=00000000, preserved=True), EDI=00000000 (saved=00000000, preserved=True), EBP=001FEFFC (saved=001FEFFC, preserved=True, valid=True, savedValid=True), ESP=001FEF18
dbug: Win32Emu.Emulator[0]
      [Import] Successfully invoked USER32.DLL!LoadCursorA
info: Win32Emu.Emulator[0]
      [Import] Direct call to USER32.DLL!LoadIconA at 0x0F000610
info: Win32Emu.Emulator[0]
      Dispatching USER32.DLL!LoadIconA at EIP=0x0F000610 ESP=0x001FEF0C stack=7C 12 41 00 00 00 00 00 00 7F 00 00 FC EF 1F 00
info: Win32Emu.Emulator[0]
      [User32] LoadIconA: hInstance=0x00000000 lpIconName=0x00007F00
info: Win32Emu.Emulator[0]
      [Dispatcher] USER32.DLL!LoadIconA returned 0x00017F00, argBytes=8, convention=Stdcall
info: Win32Emu.Emulator[0]
      [Import USER32.DLL!LoadIconA] Return address from stack: ESP=0x001FEF0C, retEIP=0x0041127C
info: Win32Emu.Emulator[0]
      [Import USER32.DLL!LoadIconA] Stack state before cleanup:
        [ESP+00] = 0x001FEF0C: 0x0041127C (return addr)
        [ESP+04] = 0x001FEF10: 0x00000000 (arg1)
        [ESP+08] = 0x001FEF14: 0x00007F00 (arg2)
        [ESP+12] = 0x001FEF18: 0x001FEFFC
        [ESP+16] = 0x001FEF1C: 0x00000000
        [ESP+20] = 0x001FEF20: 0x006E0018
      
info: Win32Emu.Emulator[0]
      [Import USER32.DLL!LoadIconA] Stack cleanup: ESP=0x001FEF0C, retEIP=0x0041127C, argBytes=8, new ESP=0x001FEF18
dbug: Win32Emu.Emulator[0]
      [RegisterValidation] After Import USER32.DLL!LoadIconA: EBX=00000000 (saved=00000000, preserved=True), ESI=00000000 (saved=00000000, preserved=True), EDI=00000000 (saved=00000000, preserved=True), EBP=0F000610 (saved=0F000610, preserved=True, valid=False, savedValid=False), ESP=001FEF18
dbug: Win32Emu.Emulator[0]
      [Import] Successfully invoked USER32.DLL!LoadIconA
info: Win32Emu.Emulator[0]
      [Import] Direct call to GDI32.DLL!GetStockObject at 0x0F000640
info: Win32Emu.Emulator[0]
      Dispatching GDI32.DLL!GetStockObject at EIP=0x0F000640 ESP=0x001FEF10 stack=92 12 41 00 04 00 00 00 FC EF 1F 00 00 00 00 00
info: Win32Emu.Emulator[0]
      [Gdi32] GetStockObject(4) -> 0x80000000
info: Win32Emu.Emulator[0]
      [Dispatcher] GDI32.DLL!GetStockObject returned 0x80000000, argBytes=4, convention=Stdcall
info: Win32Emu.Emulator[0]
      [Import GDI32.DLL!GetStockObject] Return address from stack: ESP=0x001FEF10, retEIP=0x00411292
info: Win32Emu.Emulator[0]
      [Import GDI32.DLL!GetStockObject] Stack state before cleanup:
        [ESP+00] = 0x001FEF10: 0x00411292 (return addr)
        [ESP+04] = 0x001FEF14: 0x00000004 (arg1)
        [ESP+08] = 0x001FEF18: 0x001FEFFC
        [ESP+12] = 0x001FEF1C: 0x00000000
        [ESP+16] = 0x001FEF20: 0x006E0018
        [ESP+20] = 0x001FEF24: 0x00000000
      
info: Win32Emu.Emulator[0]
      [Import GDI32.DLL!GetStockObject] Stack cleanup: ESP=0x001FEF10, retEIP=0x00411292, argBytes=4, new ESP=0x001FEF18
dbug: Win32Emu.Emulator[0]
      [RegisterValidation] After Import GDI32.DLL!GetStockObject: EBX=00000000 (saved=00000000, preserved=True), ESI=00000000 (saved=00000000, preserved=True), EDI=00000000 (saved=00000000, preserved=True), EBP=0F000610 (saved=0F000610, preserved=True, valid=False, savedValid=False), ESP=001FEF18
dbug: Win32Emu.Emulator[0]
      [Import] Successfully invoked GDI32.DLL!GetStockObject
info: Win32Emu.Emulator[0]
      [Import] Direct call to USER32.DLL!RegisterClassA at 0x0F000620
info: Win32Emu.Emulator[0]
      Dispatching USER32.DLL!RegisterClassA at EIP=0x0F000620 ESP=0x001FEF10 stack=AD 12 41 00 44 EF 1F 00 FC EF 1F 00 00 00 00 00
dbug: Win32Emu.Emulator[0]
      [ProcessEnv] ReadAnsiString addr=0x0048E1D8 result='Ignition'
info: Win32Emu.Emulator[0]
      [ProcessEnv] Registered window class: Ignition
info: Win32Emu.Emulator[0]
      [User32] RegisterClassA: 'Ignition' -> atom 0xC000
info: Win32Emu.Emulator[0]
      [Dispatcher] USER32.DLL!RegisterClassA returned 0x0000C000, argBytes=4, convention=Stdcall
info: Win32Emu.Emulator[0]
      [Import USER32.DLL!RegisterClassA] Return address from stack: ESP=0x001FEF10, retEIP=0x004112AD
info: Win32Emu.Emulator[0]
      [Import USER32.DLL!RegisterClassA] Stack state before cleanup:
        [ESP+00] = 0x001FEF10: 0x004112AD (return addr)
        [ESP+04] = 0x001FEF14: 0x001FEF44 (arg1)
        [ESP+08] = 0x001FEF18: 0x001FEFFC
        [ESP+12] = 0x001FEF1C: 0x00000000
        [ESP+16] = 0x001FEF20: 0x006E0018
        [ESP+20] = 0x001FEF24: 0x00000000
      
info: Win32Emu.Emulator[0]
      [Import USER32.DLL!RegisterClassA] Stack cleanup: ESP=0x001FEF10, retEIP=0x004112AD, argBytes=4, new ESP=0x001FEF18
dbug: Win32Emu.Emulator[0]
      [RegisterValidation] After Import USER32.DLL!RegisterClassA: EBX=00000000 (saved=00000000, preserved=True), ESI=00000000 (saved=00000000, preserved=True), EDI=00000000 (saved=00000000, preserved=True), EBP=0F000610 (saved=0F000610, preserved=True, valid=False, savedValid=False), ESP=001FEF18
dbug: Win32Emu.Emulator[0]
      [Import] Successfully invoked USER32.DLL!RegisterClassA
info: Win32Emu.Emulator[0]
      [Import] Direct call to KERNEL32.DLL!QueryPerformanceFrequency at 0x0F000000
info: Win32Emu.Emulator[0]
      Dispatching KERNEL32.DLL!QueryPerformanceFrequency at EIP=0x0F000000 ESP=0x001FEF10 stack=CB 12 41 00 50 FD 4B 00 FC EF 1F 00 00 00 00 00
info: Win32Emu.Emulator[0]
      [Kernel32] QueryPerformanceFrequency: 1000000000 Hz
info: Win32Emu.Emulator[0]
      [Dispatcher] KERNEL32.DLL!QueryPerformanceFrequency returned 0x00000001, argBytes=4, convention=Stdcall
info: Win32Emu.Emulator[0]
      [Import KERNEL32.DLL!QueryPerformanceFrequency] Return address from stack: ESP=0x001FEF10, retEIP=0x004112CB
info: Win32Emu.Emulator[0]
      [Import KERNEL32.DLL!QueryPerformanceFrequency] Stack state before cleanup:
        [ESP+00] = 0x001FEF10: 0x004112CB (return addr)
        [ESP+04] = 0x001FEF14: 0x004BFD50 (arg1)
        [ESP+08] = 0x001FEF18: 0x001FEFFC
        [ESP+12] = 0x001FEF1C: 0x00000000
        [ESP+16] = 0x001FEF20: 0x006E0018
        [ESP+20] = 0x001FEF24: 0x00000000
      
info: Win32Emu.Emulator[0]
      [Import KERNEL32.DLL!QueryPerformanceFrequency] Stack cleanup: ESP=0x001FEF10, retEIP=0x004112CB, argBytes=4, new ESP=0x001FEF18
dbug: Win32Emu.Emulator[0]
      [RegisterValidation] After Import KERNEL32.DLL!QueryPerformanceFrequency: EBX=00000000 (saved=00000000, preserved=True), ESI=00000000 (saved=00000000, preserved=True), EDI=00000000 (saved=00000000, preserved=True), EBP=0F000610 (saved=0F000610, preserved=True, valid=False, savedValid=False), ESP=001FEF18
dbug: Win32Emu.Emulator[0]
      [Import] Successfully invoked KERNEL32.DLL!QueryPerformanceFrequency
info: Win32Emu.Emulator[0]
      [Import] Direct call to KERNEL32.DLL!QueryPerformanceCounter at 0x0F000300
info: Win32Emu.Emulator[0]
      Dispatching KERNEL32.DLL!QueryPerformanceCounter at EIP=0x0F000300 ESP=0x001FEF10 stack=E6 12 41 00 70 FD 4B 00 FC EF 1F 00 00 00 00 00
info: Win32Emu.Emulator[0]
      [Dispatcher] KERNEL32.DLL!QueryPerformanceCounter returned 0x00000001, argBytes=4, convention=Stdcall
info: Win32Emu.Emulator[0]
      [Import KERNEL32.DLL!QueryPerformanceCounter] Return address from stack: ESP=0x001FEF10, retEIP=0x004112E6
info: Win32Emu.Emulator[0]
      [Import KERNEL32.DLL!QueryPerformanceCounter] Stack state before cleanup:
        [ESP+00] = 0x001FEF10: 0x004112E6 (return addr)
        [ESP+04] = 0x001FEF14: 0x004BFD70 (arg1)
        [ESP+08] = 0x001FEF18: 0x001FEFFC
        [ESP+12] = 0x001FEF1C: 0x00000000
        [ESP+16] = 0x001FEF20: 0x006E0018
        [ESP+20] = 0x001FEF24: 0x00000000
      
info: Win32Emu.Emulator[0]
      [Import KERNEL32.DLL!QueryPerformanceCounter] Stack cleanup: ESP=0x001FEF10, retEIP=0x004112E6, argBytes=4, new ESP=0x001FEF18
dbug: Win32Emu.Emulator[0]
      [RegisterValidation] After Import KERNEL32.DLL!QueryPerformanceCounter: EBX=00000000 (saved=00000000, preserved=True), ESI=00000000 (saved=00000000, preserved=True), EDI=00000000 (saved=00000000, preserved=True), EBP=0F000610 (saved=0F000610, preserved=True, valid=False, savedValid=False), ESP=001FEF18
dbug: Win32Emu.Emulator[0]
      [Import] Successfully invoked KERNEL32.DLL!QueryPerformanceCounter
info: Win32Emu.Emulator[0]
      [Import] Direct call to KERNEL32.DLL!HeapAlloc at 0x0F000120
info: Win32Emu.Emulator[0]
      Dispatching KERNEL32.DLL!HeapAlloc at EIP=0x0F000120 ESP=0x001FEEB4 stack=C4 75 46 00 00 60 6E 00 00 00 00 00 00 10 00 00
info: Win32Emu.Emulator[0]
      [ProcessEnv] VirtualAlloc(lp=0x00000000, size=0x00001000, alloc=0x00001000, prot=0x00000004)
info: Win32Emu.Emulator[0]
      [ProcessEnv] VirtualAlloc: allocated at 0x00AF1000, size=0x00001000, reserve=False, commit=True, topDown=False
info: Win32Emu.Emulator[0]
      [Dispatcher] KERNEL32.DLL!HeapAlloc returned 0x00AF1000, argBytes=12, convention=Stdcall
info: Win32Emu.Emulator[0]
      [Import KERNEL32.DLL!HeapAlloc] Return address from stack: ESP=0x001FEEB4, retEIP=0x004675C4
info: Win32Emu.Emulator[0]
      [Import KERNEL32.DLL!HeapAlloc] Stack state before cleanup:
        [ESP+00] = 0x001FEEB4: 0x004675C4 (return addr)
        [ESP+04] = 0x001FEEB8: 0x006E6000 (arg1)
        [ESP+08] = 0x001FEEBC: 0x00000000 (arg2)
        [ESP+12] = 0x001FEEC0: 0x00001000 (arg3)
        [ESP+16] = 0x001FEEC4: 0x00001000
        [ESP+20] = 0x001FEEC8: 0x0046756D
      
info: Win32Emu.Emulator[0]
      [Import KERNEL32.DLL!HeapAlloc] Stack cleanup: ESP=0x001FEEB4, retEIP=0x004675C4, argBytes=12, new ESP=0x001FEEC4
dbug: Win32Emu.Emulator[0]
      [RegisterValidation] After Import KERNEL32.DLL!HeapAlloc: EBX=00000000 (saved=00000000, preserved=True), ESI=00001000 (saved=00001000, preserved=True), EDI=00000000 (saved=00000000, preserved=True), EBP=0F000610 (saved=0F000610, preserved=True, valid=False, savedValid=False), ESP=001FEEC4
dbug: Win32Emu.Emulator[0]
      [Import] Successfully invoked KERNEL32.DLL!HeapAlloc
info: Win32Emu.Emulator[0]
      [Import] Direct call to KERNEL32.DLL!WriteFile at 0x0F000380
info: Win32Emu.Emulator[0]
      Dispatching KERNEL32.DLL!WriteFile at EIP=0x0F000380 ESP=0x001FEA88 stack=94 D6 46 00 02 00 00 00 C4 EA 1F 00 31 00 00 00
info: Win32Emu.Emulator[0]
      [Kernel32] WriteFile(handle=0x00000002, lpBuffer=0x001FEAC4, nNumberOfBytesToWrite=49, lpNumberOfBytesWritten=0x001FEAB4, lpOverlapped=0x00000000)
info: Win32Emu.Emulator[0]
      [ProcessEnv] StdOutput: 
      Lisa 2 Development System, Compilation 0.91.0
      

Lisa 2 Development System, Compilation 0.91.0
info: Win32Emu.Emulator[0]
      [Dispatcher] KERNEL32.DLL!WriteFile returned 0x00000001, argBytes=20, convention=Stdcall
info: Win32Emu.Emulator[0]
      [Import KERNEL32.DLL!WriteFile] Return address from stack: ESP=0x001FEA88, retEIP=0x0046D694
info: Win32Emu.Emulator[0]
      [Import KERNEL32.DLL!WriteFile] Stack state before cleanup:
        [ESP+00] = 0x001FEA88: 0x0046D694 (return addr)
        [ESP+04] = 0x001FEA8C: 0x00000002 (arg1)
        [ESP+08] = 0x001FEA90: 0x001FEAC4 (arg2)
        [ESP+12] = 0x001FEA94: 0x00000031 (arg3)
        [ESP+16] = 0x001FEA98: 0x001FEAB4 (arg4)
        [ESP+20] = 0x001FEA9C: 0x00000000 (arg5)
      
info: Win32Emu.Emulator[0]
      [Import KERNEL32.DLL!WriteFile] Stack cleanup: ESP=0x001FEA88, retEIP=0x0046D694, argBytes=20, new ESP=0x001FEAA0
dbug: Win32Emu.Emulator[0]
      [RegisterValidation] After Import KERNEL32.DLL!WriteFile: EBX=00AF102F (saved=00AF102F, preserved=True), ESI=00000002 (saved=00000002, preserved=True), EDI=00000031 (saved=00000031, preserved=True), EBP=0000002F (saved=0000002F, preserved=True, valid=False, savedValid=False), ESP=001FEAA0
dbug: Win32Emu.Emulator[0]
      [Import] Successfully invoked KERNEL32.DLL!WriteFile
info: Win32Emu.Emulator[0]
      [Import] Direct call to KERNEL32.DLL!WriteFile at 0x0F000380
info: Win32Emu.Emulator[0]
      Dispatching KERNEL32.DLL!WriteFile at EIP=0x0F000380 ESP=0x001FEA8C stack=94 D6 46 00 02 00 00 00 C8 EA 1F 00 20 00 00 00
info: Win32Emu.Emulator[0]
      [Kernel32] WriteFile(handle=0x00000002, lpBuffer=0x001FEAC8, nNumberOfBytesToWrite=32, lpNumberOfBytesWritten=0x001FEAB8, lpOverlapped=0x00000000)
info: Win32Emu.Emulator[0]
      [ProcessEnv] StdOutput: Copyright (c) UDS, 1995-1996
      
      
Copyright (c) UDS, 1995-1996

info: Win32Emu.Emulator[0]
      [Dispatcher] KERNEL32.DLL!WriteFile returned 0x00000001, argBytes=20, convention=Stdcall
info: Win32Emu.Emulator[0]
      [Import KERNEL32.DLL!WriteFile] Return address from stack: ESP=0x001FEA8C, retEIP=0x0046D694
info: Win32Emu.Emulator[0]
      [Import KERNEL32.DLL!WriteFile] Stack state before cleanup:
        [ESP+00] = 0x001FEA8C: 0x0046D694 (return addr)
        [ESP+04] = 0x001FEA90: 0x00000002 (arg1)
        [ESP+08] = 0x001FEA94: 0x001FEAC8 (arg2)
        [ESP+12] = 0x001FEA98: 0x00000020 (arg3)
        [ESP+16] = 0x001FEA9C: 0x001FEAB8 (arg4)
        [ESP+20] = 0x001FEAA0: 0x00000000 (arg5)
      
info: Win32Emu.Emulator[0]
      [Import KERNEL32.DLL!WriteFile] Stack cleanup: ESP=0x001FEA8C, retEIP=0x0046D694, argBytes=20, new ESP=0x001FEAA4
dbug: Win32Emu.Emulator[0]
      [RegisterValidation] After Import KERNEL32.DLL!WriteFile: EBX=00AF101E (saved=00AF101E, preserved=True), ESI=00000002 (saved=00000002, preserved=True), EDI=00000020 (saved=00000020, preserved=True), EBP=0000001E (saved=0000001E, preserved=True, valid=False, savedValid=False), ESP=001FEAA4
dbug: Win32Emu.Emulator[0]
      [Import] Successfully invoked KERNEL32.DLL!WriteFile
info: Win32Emu.Emulator[0]
      [Import] Direct call to KERNEL32.DLL!HeapAlloc at 0x0F000120
info: Win32Emu.Emulator[0]
      Dispatching KERNEL32.DLL!HeapAlloc at EIP=0x0F000120 ESP=0x001FEECC stack=C4 75 46 00 00 60 6E 00 00 00 00 00 E0 20 00 00
info: Win32Emu.Emulator[0]
      [ProcessEnv] VirtualAlloc(lp=0x00000000, size=0x000020E0, alloc=0x00001000, prot=0x00000004)
info: Win32Emu.Emulator[0]
      [ProcessEnv] VirtualAlloc: allocated at 0x00AF2000, size=0x00003000, reserve=False, commit=True, topDown=False
info: Win32Emu.Emulator[0]
      [Dispatcher] KERNEL32.DLL!HeapAlloc returned 0x00AF2000, argBytes=12, convention=Stdcall
info: Win32Emu.Emulator[0]
      [Import KERNEL32.DLL!HeapAlloc] Return address from stack: ESP=0x001FEECC, retEIP=0x004675C4
info: Win32Emu.Emulator[0]
      [Import KERNEL32.DLL!HeapAlloc] Stack state before cleanup:
        [ESP+00] = 0x001FEECC: 0x004675C4 (return addr)
        [ESP+04] = 0x001FEED0: 0x006E6000 (arg1)
        [ESP+08] = 0x001FEED4: 0x00000000 (arg2)
        [ESP+12] = 0x001FEED8: 0x000020E0 (arg3)
        [ESP+16] = 0x001FEEDC: 0x000020D8
        [ESP+20] = 0x001FEEE0: 0x0046756D
      
info: Win32Emu.Emulator[0]
      [Import KERNEL32.DLL!HeapAlloc] Stack cleanup: ESP=0x001FEECC, retEIP=0x004675C4, argBytes=12, new ESP=0x001FEEDC
dbug: Win32Emu.Emulator[0]
      [RegisterValidation] After Import KERNEL32.DLL!HeapAlloc: EBX=00000000 (saved=00000000, preserved=True), ESI=000020E0 (saved=000020E0, preserved=True), EDI=00000000 (saved=00000000, preserved=True), EBP=0F000610 (saved=0F000610, preserved=True, valid=False, savedValid=False), ESP=001FEEDC
dbug: Win32Emu.Emulator[0]
      [Import] Successfully invoked KERNEL32.DLL!HeapAlloc
info: Win32Emu.Emulator[0]
      [Import] Direct call to KERNEL32.DLL!HeapAlloc at 0x0F000120
info: Win32Emu.Emulator[0]
      Dispatching KERNEL32.DLL!HeapAlloc at EIP=0x0F000120 ESP=0x001FEECC stack=C4 75 46 00 00 60 6E 00 00 00 00 00 E0 20 00 00
info: Win32Emu.Emulator[0]
      [ProcessEnv] VirtualAlloc(lp=0x00000000, size=0x000020E0, alloc=0x00001000, prot=0x00000004)
info: Win32Emu.Emulator[0]
      [ProcessEnv] VirtualAlloc: allocated at 0x00AF5000, size=0x00003000, reserve=False, commit=True, topDown=False
info: Win32Emu.Emulator[0]
      [Dispatcher] KERNEL32.DLL!HeapAlloc returned 0x00AF5000, argBytes=12, convention=Stdcall
info: Win32Emu.Emulator[0]
      [Import KERNEL32.DLL!HeapAlloc] Return address from stack: ESP=0x001FEECC, retEIP=0x004675C4
info: Win32Emu.Emulator[0]
      [Import KERNEL32.DLL!HeapAlloc] Stack state before cleanup:
        [ESP+00] = 0x001FEECC: 0x004675C4 (return addr)
        [ESP+04] = 0x001FEED0: 0x006E6000 (arg1)
        [ESP+08] = 0x001FEED4: 0x00000000 (arg2)
        [ESP+12] = 0x001FEED8: 0x000020E0 (arg3)
        [ESP+16] = 0x001FEEDC: 0x000020D8
        [ESP+20] = 0x001FEEE0: 0x0046756D
      
info: Win32Emu.Emulator[0]
      [Import KERNEL32.DLL!HeapAlloc] Stack cleanup: ESP=0x001FEECC, retEIP=0x004675C4, argBytes=12, new ESP=0x001FEEDC
dbug: Win32Emu.Emulator[0]
      [RegisterValidation] After Import KERNEL32.DLL!HeapAlloc: EBX=00000000 (saved=00000000, preserved=True), ESI=000020E0 (saved=000020E0, preserved=True), EDI=00000000 (saved=00000000, preserved=True), EBP=0F000610 (saved=0F000610, preserved=True, valid=False, savedValid=False), ESP=001FEEDC
dbug: Win32Emu.Emulator[0]
      [Import] Successfully invoked KERNEL32.DLL!HeapAlloc
info: Win32Emu.Emulator[0]
      [Import] Direct call to KERNEL32.DLL!HeapAlloc at 0x0F000120
info: Win32Emu.Emulator[0]
      Dispatching KERNEL32.DLL!HeapAlloc at EIP=0x0F000120 ESP=0x001FEECC stack=C4 75 46 00 00 60 6E 00 00 00 00 00 E0 20 00 00
info: Win32Emu.Emulator[0]
      [ProcessEnv] VirtualAlloc(lp=0x00000000, size=0x000020E0, alloc=0x00001000, prot=0x00000004)
info: Win32Emu.Emulator[0]
      [ProcessEnv] VirtualAlloc: allocated at 0x00AF8000, size=0x00003000, reserve=False, commit=True, topDown=False
info: Win32Emu.Emulator[0]
      [Dispatcher] KERNEL32.DLL!HeapAlloc returned 0x00AF8000, argBytes=12, convention=Stdcall
info: Win32Emu.Emulator[0]
      [Import KERNEL32.DLL!HeapAlloc] Return address from stack: ESP=0x001FEECC, retEIP=0x004675C4
info: Win32Emu.Emulator[0]
      [Import KERNEL32.DLL!HeapAlloc] Stack state before cleanup:
        [ESP+00] = 0x001FEECC: 0x004675C4 (return addr)
        [ESP+04] = 0x001FEED0: 0x006E6000 (arg1)
        [ESP+08] = 0x001FEED4: 0x00000000 (arg2)
        [ESP+12] = 0x001FEED8: 0x000020E0 (arg3)
        [ESP+16] = 0x001FEEDC: 0x000020D8
        [ESP+20] = 0x001FEEE0: 0x0046756D
      
info: Win32Emu.Emulator[0]
      [Import KERNEL32.DLL!HeapAlloc] Stack cleanup: ESP=0x001FEECC, retEIP=0x004675C4, argBytes=12, new ESP=0x001FEEDC
dbug: Win32Emu.Emulator[0]
      [RegisterValidation] After Import KERNEL32.DLL!HeapAlloc: EBX=00000000 (saved=00000000, preserved=True), ESI=000020E0 (saved=000020E0, preserved=True), EDI=00000000 (saved=00000000, preserved=True), EBP=0F000610 (saved=0F000610, preserved=True, valid=False, savedValid=False), ESP=001FEEDC
dbug: Win32Emu.Emulator[0]
      [Import] Successfully invoked KERNEL32.DLL!HeapAlloc
info: Win32Emu.Emulator[0]
      [Import] Direct call to KERNEL32.DLL!HeapAlloc at 0x0F000120
info: Win32Emu.Emulator[0]
      Dispatching KERNEL32.DLL!HeapAlloc at EIP=0x0F000120 ESP=0x001FEECC stack=C4 75 46 00 00 60 6E 00 00 00 00 00 E0 20 00 00
info: Win32Emu.Emulator[0]
      [ProcessEnv] VirtualAlloc(lp=0x00000000, size=0x000020E0, alloc=0x00001000, prot=0x00000004)
info: Win32Emu.Emulator[0]
      [ProcessEnv] VirtualAlloc: allocated at 0x00AFB000, size=0x00003000, reserve=False, commit=True, topDown=False
info: Win32Emu.Emulator[0]
      [Dispatcher] KERNEL32.DLL!HeapAlloc returned 0x00AFB000, argBytes=12, convention=Stdcall
info: Win32Emu.Emulator[0]
      [Import KERNEL32.DLL!HeapAlloc] Return address from stack: ESP=0x001FEECC, retEIP=0x004675C4
info: Win32Emu.Emulator[0]
      [Import KERNEL32.DLL!HeapAlloc] Stack state before cleanup:
        [ESP+00] = 0x001FEECC: 0x004675C4 (return addr)
        [ESP+04] = 0x001FEED0: 0x006E6000 (arg1)
        [ESP+08] = 0x001FEED4: 0x00000000 (arg2)
        [ESP+12] = 0x001FEED8: 0x000020E0 (arg3)
        [ESP+16] = 0x001FEEDC: 0x000020D8
        [ESP+20] = 0x001FEEE0: 0x0046756D
      
info: Win32Emu.Emulator[0]
      [Import KERNEL32.DLL!HeapAlloc] Stack cleanup: ESP=0x001FEECC, retEIP=0x004675C4, argBytes=12, new ESP=0x001FEEDC
dbug: Win32Emu.Emulator[0]
      [RegisterValidation] After Import KERNEL32.DLL!HeapAlloc: EBX=00000000 (saved=00000000, preserved=True), ESI=000020E0 (saved=000020E0, preserved=True), EDI=00000000 (saved=00000000, preserved=True), EBP=0F000610 (saved=0F000610, preserved=True, valid=False, savedValid=False), ESP=001FEEDC
dbug: Win32Emu.Emulator[0]
      [Import] Successfully invoked KERNEL32.DLL!HeapAlloc
info: Win32Emu.Emulator[0]
      [Import] Direct call to KERNEL32.DLL!HeapAlloc at 0x0F000120
info: Win32Emu.Emulator[0]
      Dispatching KERNEL32.DLL!HeapAlloc at EIP=0x0F000120 ESP=0x001FEECC stack=C4 75 46 00 00 60 6E 00 00 00 00 00 E0 20 00 00
info: Win32Emu.Emulator[0]
      [ProcessEnv] VirtualAlloc(lp=0x00000000, size=0x000020E0, alloc=0x00001000, prot=0x00000004)
info: Win32Emu.Emulator[0]
      [ProcessEnv] VirtualAlloc: allocated at 0x00AFE000, size=0x00003000, reserve=False, commit=True, topDown=False
info: Win32Emu.Emulator[0]
      [Dispatcher] KERNEL32.DLL!HeapAlloc returned 0x00AFE000, argBytes=12, convention=Stdcall
info: Win32Emu.Emulator[0]
      [Import KERNEL32.DLL!HeapAlloc] Return address from stack: ESP=0x001FEECC, retEIP=0x004675C4
info: Win32Emu.Emulator[0]
      [Import KERNEL32.DLL!HeapAlloc] Stack state before cleanup:
        [ESP+00] = 0x001FEECC: 0x004675C4 (return addr)
        [ESP+04] = 0x001FEED0: 0x006E6000 (arg1)
        [ESP+08] = 0x001FEED4: 0x00000000 (arg2)
        [ESP+12] = 0x001FEED8: 0x000020E0 (arg3)
        [ESP+16] = 0x001FEEDC: 0x000020D8
        [ESP+20] = 0x001FEEE0: 0x0046756D
      
info: Win32Emu.Emulator[0]
      [Import KERNEL32.DLL!HeapAlloc] Stack cleanup: ESP=0x001FEECC, retEIP=0x004675C4, argBytes=12, new ESP=0x001FEEDC
dbug: Win32Emu.Emulator[0]
      [RegisterValidation] After Import KERNEL32.DLL!HeapAlloc: EBX=00000000 (saved=00000000, preserved=True), ESI=000020E0 (saved=000020E0, preserved=True), EDI=00000000 (saved=00000000, preserved=True), EBP=0F000610 (saved=0F000610, preserved=True, valid=False, savedValid=False), ESP=001FEEDC
dbug: Win32Emu.Emulator[0]
      [Import] Successfully invoked KERNEL32.DLL!HeapAlloc
info: Win32Emu.Emulator[0]
      [Import] Direct call to KERNEL32.DLL!HeapAlloc at 0x0F000120
info: Win32Emu.Emulator[0]
      Dispatching KERNEL32.DLL!HeapAlloc at EIP=0x0F000120 ESP=0x001FEECC stack=C4 75 46 00 00 60 6E 00 00 00 00 00 E0 20 00 00
info: Win32Emu.Emulator[0]
      [ProcessEnv] VirtualAlloc(lp=0x00000000, size=0x000020E0, alloc=0x00001000, prot=0x00000004)
info: Win32Emu.Emulator[0]
      [ProcessEnv] VirtualAlloc: allocated at 0x00B01000, size=0x00003000, reserve=False, commit=True, topDown=False
info: Win32Emu.Emulator[0]
      [Dispatcher] KERNEL32.DLL!HeapAlloc returned 0x00B01000, argBytes=12, convention=Stdcall
info: Win32Emu.Emulator[0]
      [Import KERNEL32.DLL!HeapAlloc] Return address from stack: ESP=0x001FEECC, retEIP=0x004675C4
info: Win32Emu.Emulator[0]
      [Import KERNEL32.DLL!HeapAlloc] Stack state before cleanup:
        [ESP+00] = 0x001FEECC: 0x004675C4 (return addr)
        [ESP+04] = 0x001FEED0: 0x006E6000 (arg1)
        [ESP+08] = 0x001FEED4: 0x00000000 (arg2)
        [ESP+12] = 0x001FEED8: 0x000020E0 (arg3)
        [ESP+16] = 0x001FEEDC: 0x000020D8
        [ESP+20] = 0x001FEEE0: 0x0046756D
      
info: Win32Emu.Emulator[0]
      [Import KERNEL32.DLL!HeapAlloc] Stack cleanup: ESP=0x001FEECC, retEIP=0x004675C4, argBytes=12, new ESP=0x001FEEDC
dbug: Win32Emu.Emulator[0]
      [RegisterValidation] After Import KERNEL32.DLL!HeapAlloc: EBX=00000000 (saved=00000000, preserved=True), ESI=000020E0 (saved=000020E0, preserved=True), EDI=00000000 (saved=00000000, preserved=True), EBP=0F000610 (saved=0F000610, preserved=True, valid=False, savedValid=False), ESP=001FEEDC
dbug: Win32Emu.Emulator[0]
      [Import] Successfully invoked KERNEL32.DLL!HeapAlloc
info: Win32Emu.Emulator[0]
      [Import] Direct call to USER32.DLL!GetSystemMetrics at 0x0F000440
info: Win32Emu.Emulator[0]
      Dispatching USER32.DLL!GetSystemMetrics at EIP=0x0F000440 ESP=0x001FEE50 stack=85 98 45 00 01 00 00 00 00 00 00 00 00 00 00 00
info: Win32Emu.Emulator[0]
      [User32] GetSystemMetrics: nIndex=SM_CYSCREEN
info: Win32Emu.Emulator[0]
      [User32] GetSystemMetrics: Returning SM_CYSCREEN (1): 480
info: Win32Emu.Emulator[0]
      [Dispatcher] USER32.DLL!GetSystemMetrics returned 0x000001E0, argBytes=4, convention=Stdcall
info: Win32Emu.Emulator[0]
      [Import USER32.DLL!GetSystemMetrics] Return address from stack: ESP=0x001FEE50, retEIP=0x00459885
info: Win32Emu.Emulator[0]
      [Import USER32.DLL!GetSystemMetrics] Stack state before cleanup:
        [ESP+00] = 0x001FEE50: 0x00459885 (return addr)
        [ESP+04] = 0x001FEE54: 0x00000001 (arg1)
        [ESP+08] = 0x001FEE58: 0x00000000
        [ESP+12] = 0x001FEE5C: 0x00000000
        [ESP+16] = 0x001FEE60: 0x00400000
        [ESP+20] = 0x001FEE64: 0x00000000
      
info: Win32Emu.Emulator[0]
      [Import USER32.DLL!GetSystemMetrics] Stack cleanup: ESP=0x001FEE50, retEIP=0x00459885, argBytes=4, new ESP=0x001FEE58
dbug: Win32Emu.Emulator[0]
      [RegisterValidation] After Import USER32.DLL!GetSystemMetrics: EBX=00000000 (saved=00000000, preserved=True), ESI=0F000440 (saved=0F000440, preserved=True), EDI=00000000 (saved=00000000, preserved=True), EBP=0F000610 (saved=0F000610, preserved=True, valid=False, savedValid=False), ESP=001FEE58
dbug: Win32Emu.Emulator[0]
      [Import] Successfully invoked USER32.DLL!GetSystemMetrics
info: Win32Emu.Emulator[0]
      [Import] Direct call to USER32.DLL!GetSystemMetrics at 0x0F000440
info: Win32Emu.Emulator[0]
      Dispatching USER32.DLL!GetSystemMetrics at EIP=0x0F000440 ESP=0x001FEE4C stack=8A 98 45 00 00 00 00 00 E0 01 00 00 00 00 00 00
info: Win32Emu.Emulator[0]
      [User32] GetSystemMetrics: nIndex=SM_CXSCREEN
info: Win32Emu.Emulator[0]
      [User32] GetSystemMetrics: Returning SM_CXSCREEN (0): 640
info: Win32Emu.Emulator[0]
      [Dispatcher] USER32.DLL!GetSystemMetrics returned 0x00000280, argBytes=4, convention=Stdcall
info: Win32Emu.Emulator[0]
      [Import USER32.DLL!GetSystemMetrics] Return address from stack: ESP=0x001FEE4C, retEIP=0x0045988A
info: Win32Emu.Emulator[0]
      [Import USER32.DLL!GetSystemMetrics] Stack state before cleanup:
        [ESP+00] = 0x001FEE4C: 0x0045988A (return addr)
        [ESP+04] = 0x001FEE50: 0x00000000 (arg1)
        [ESP+08] = 0x001FEE54: 0x000001E0
        [ESP+12] = 0x001FEE58: 0x00000000
        [ESP+16] = 0x001FEE5C: 0x00000000
        [ESP+20] = 0x001FEE60: 0x00400000
      
info: Win32Emu.Emulator[0]
      [Import USER32.DLL!GetSystemMetrics] Stack cleanup: ESP=0x001FEE4C, retEIP=0x0045988A, argBytes=4, new ESP=0x001FEE54
dbug: Win32Emu.Emulator[0]
      [RegisterValidation] After Import USER32.DLL!GetSystemMetrics: EBX=00000000 (saved=00000000, preserved=True), ESI=0F000440 (saved=0F000440, preserved=True), EDI=00000000 (saved=00000000, preserved=True), EBP=0F000610 (saved=0F000610, preserved=True, valid=False, savedValid=False), ESP=001FEE54
dbug: Win32Emu.Emulator[0]
      [Import] Successfully invoked USER32.DLL!GetSystemMetrics
info: Win32Emu.Emulator[0]
      [Import] Direct call to USER32.DLL!CreateWindowExA at 0x0F0005C0
info: Win32Emu.Emulator[0]
      Dispatching USER32.DLL!CreateWindowExA at EIP=0x0F0005C0 ESP=0x001FEE34 stack=A9 98 45 00 00 00 04 00 D8 E1 48 00 10 E2 48 00
dbug: Win32Emu.Emulator[0]
      [ProcessEnv] ReadAnsiString addr=0x0048E1D8 result='Ignition'
dbug: Win32Emu.Emulator[0]
      [ProcessEnv] ReadAnsiString addr=0x0048E210 result='Ignition'
info: Win32Emu.Emulator[0]
      [ProcessEnv] Created window: HWND=0x00010000 Class='Ignition' Title='Ignition'
dbug: Win32Emu.Emulator[0]
      [ProcessEnv] SendMessageToWindow: sending MSG=0x0001 to HWND=0x00010000
dbug: Win32Emu.Emulator[0]
      [ProcessEnv] SendMessageToWindow: Posting creation message 0x0001 to queue
info: Win32Emu.Emulator[0]
      [ProcessEnv] PostMessage: queued MSG=0x0001 HWND=0x00010000
dbug: Win32Emu.Emulator[0]
      [ProcessEnv] Sent WM_CREATE to window 0x00010000
dbug: Win32Emu.Emulator[0]
      [ProcessEnv] SendMessageToWindow: sending MSG=0x0005 to HWND=0x00010000
dbug: Win32Emu.Emulator[0]
      [ProcessEnv] SendMessageToWindow: Posting creation message 0x0005 to queue
info: Win32Emu.Emulator[0]
      [ProcessEnv] PostMessage: queued MSG=0x0005 HWND=0x00010000
dbug: Win32Emu.Emulator[0]
      [ProcessEnv] Sent WM_SIZE to window 0x00010000 (width=640, height=480)
dbug: Win32Emu.Emulator[0]
      [ProcessEnv] SendMessageToWindow: sending MSG=0x0003 to HWND=0x00010000
dbug: Win32Emu.Emulator[0]
      [ProcessEnv] SendMessageToWindow: Posting creation message 0x0003 to queue
info: Win32Emu.Emulator[0]
      [ProcessEnv] PostMessage: queued MSG=0x0003 HWND=0x00010000
dbug: Win32Emu.Emulator[0]
      [ProcessEnv] Sent WM_MOVE to window 0x00010000 (x=0, y=0)
info: Win32Emu.Emulator[0]
      [User32] CreateWindowExA: Created HWND=0x00010000 Class='Ignition' Title='Ignition'
info: Win32Emu.Emulator[0]
      [Dispatcher] USER32.DLL!CreateWindowExA returned 0x00010000, argBytes=48, convention=Stdcall
info: Win32Emu.Emulator[0]
      [Import USER32.DLL!CreateWindowExA] Return address from stack: ESP=0x001FEE34, retEIP=0x004598A9
info: Win32Emu.Emulator[0]
      [Import USER32.DLL!CreateWindowExA] Stack state before cleanup:
        [ESP+00] = 0x001FEE34: 0x004598A9 (return addr)
        [ESP+04] = 0x001FEE38: 0x00040000 (arg1)
        [ESP+08] = 0x001FEE3C: 0x0048E1D8 (arg2)
        [ESP+12] = 0x001FEE40: 0x0048E210 (arg3)
        [ESP+16] = 0x001FEE44: 0x80080000 (arg4)
        [ESP+20] = 0x001FEE48: 0x00000000 (arg5)
      
info: Win32Emu.Emulator[0]
      [Import USER32.DLL!CreateWindowExA] Stack cleanup: ESP=0x001FEE34, retEIP=0x004598A9, argBytes=48, new ESP=0x001FEE68
dbug: Win32Emu.Emulator[0]
      [RegisterValidation] After Import USER32.DLL!CreateWindowExA: EBX=00000000 (saved=00000000, preserved=True), ESI=0F000440 (saved=0F000440, preserved=True), EDI=00000000 (saved=00000000, preserved=True), EBP=0F000610 (saved=0F000610, preserved=True, valid=False, savedValid=False), ESP=001FEE68
dbug: Win32Emu.Emulator[0]
      [Import] Successfully invoked USER32.DLL!CreateWindowExA
info: Win32Emu.Emulator[0]
      [Import] Direct call to USER32.DLL!UpdateWindow at 0x0F0005B0
info: Win32Emu.Emulator[0]
      Dispatching USER32.DLL!UpdateWindow at EIP=0x0F0005B0 ESP=0x001FEE60 stack=D0 98 45 00 00 00 01 00 10 06 00 0F 00 00 00 00
info: Win32Emu.Emulator[0]
      [User32] UpdateWindow: HWND=0x00010000
info: Win32Emu.Emulator[0]
      [User32] UpdateWindow: Sending WM_PAINT to HWND=0x00010000
info: Win32Emu.Emulator[0]
      [User32] SendMessageA: HWND=0x00010000 MSG=0x000F wParam=0x00000000 lParam=0x00000000
info: Win32Emu.Emulator[0]
      [User32] SendMessageA: Found WndProc=0x00411450 for HWND=0x00010000
info: Win32Emu.Emulator[0]
      [User32] CallWindowProcedureAsync: Calling 0x00411450 with HWND=0x00010000 MSG=0x000F
info: Win32Emu.Emulator[0]
      [JitCpu] Compiling block at EIP=0x00411450 using RTL pipeline
info: Win32Emu.Emulator[0]
      [RtlJitCache] Compiling block at 0x00411450 (7 instructions)
warn: Win32Emu.Emulator[0]
      [X86ToRtl] Unsupported operand kind: Immediate8to32
info: Win32Emu.Emulator[0]
      [RtlJitCache] Saved C# source to /home/runner/work/Win32Emu/Win32Emu/.jitcache/Source/JitBlock_6a51ec80_00411450.cs
info: Win32Emu.Emulator[0]
      [RtlJitCache] Saved assembly to /home/runner/work/Win32Emu/Win32Emu/.jitcache/JitBlock_6a51ec80_00411450.dll
info: Win32Emu.Emulator[0]
      [RtlJitCache] Successfully compiled block at 0x00411450
info: Win32Emu.Emulator[0]
      [JitCpu] Block at EIP=0x00411450 compiled successfully. C# source saved to /home/runner/work/Win32Emu/Win32Emu/.jitcache/Source
info: Win32Emu.Emulator[0]
      [JitCpu] Compiling block at EIP=0x00411475 using RTL pipeline
info: Win32Emu.Emulator[0]
      [RtlJitCache] Compiling block at 0x00411475 (2 instructions)
warn: Win32Emu.Emulator[0]
      [X86ToRtl] Unsupported operand kind: Immediate8to32
info: Win32Emu.Emulator[0]
      [RtlJitCache] Saved C# source to /home/runner/work/Win32Emu/Win32Emu/.jitcache/Source/JitBlock_6a51ec80_00411475.cs
info: Win32Emu.Emulator[0]
      [RtlJitCache] Saved assembly to /home/runner/work/Win32Emu/Win32Emu/.jitcache/JitBlock_6a51ec80_00411475.dll
info: Win32Emu.Emulator[0]
      [RtlJitCache] Successfully compiled block at 0x00411475
info: Win32Emu.Emulator[0]
      [JitCpu] Block at EIP=0x00411475 compiled successfully. C# source saved to /home/runner/work/Win32Emu/Win32Emu/.jitcache/Source
info: Win32Emu.Emulator[0]
      [JitCpu] Compiling block at EIP=0x0041147E using RTL pipeline
info: Win32Emu.Emulator[0]
      [RtlJitCache] Compiling block at 0x0041147E (2 instructions)
info: Win32Emu.Emulator[0]
      [RtlJitCache] Saved C# source to /home/runner/work/Win32Emu/Win32Emu/.jitcache/Source/JitBlock_6a51ec80_0041147E.cs
info: Win32Emu.Emulator[0]
      [RtlJitCache] Saved assembly to /home/runner/work/Win32Emu/Win32Emu/.jitcache/JitBlock_6a51ec80_0041147E.dll
info: Win32Emu.Emulator[0]
      [RtlJitCache] Successfully compiled block at 0x0041147E
info: Win32Emu.Emulator[0]
      [JitCpu] Block at EIP=0x0041147E compiled successfully. C# source saved to /home/runner/work/Win32Emu/Win32Emu/.jitcache/Source
info: Win32Emu.Emulator[0]
      [JitCpu] Compiling block at EIP=0x00411489 using RTL pipeline
info: Win32Emu.Emulator[0]
      [RtlJitCache] Compiling block at 0x00411489 (2 instructions)
info: Win32Emu.Emulator[0]
      [RtlJitCache] Saved C# source to /home/runner/work/Win32Emu/Win32Emu/.jitcache/Source/JitBlock_6a51ec80_00411489.cs
info: Win32Emu.Emulator[0]
      [RtlJitCache] Saved assembly to /home/runner/work/Win32Emu/Win32Emu/.jitcache/JitBlock_6a51ec80_00411489.dll
info: Win32Emu.Emulator[0]
      [RtlJitCache] Successfully compiled block at 0x00411489
info: Win32Emu.Emulator[0]
      [JitCpu] Block at EIP=0x00411489 compiled successfully. C# source saved to /home/runner/work/Win32Emu/Win32Emu/.jitcache/Source
info: Win32Emu.Emulator[0]
      [JitCpu] Compiling block at EIP=0x00411494 using RTL pipeline
info: Win32Emu.Emulator[0]
      [RtlJitCache] Compiling block at 0x00411494 (1 instructions)
info: Win32Emu.Emulator[0]
      [RtlJitCache] Saved C# source to /home/runner/work/Win32Emu/Win32Emu/.jitcache/Source/JitBlock_6a51ec80_00411494.cs
info: Win32Emu.Emulator[0]
      [RtlJitCache] Saved assembly to /home/runner/work/Win32Emu/Win32Emu/.jitcache/JitBlock_6a51ec80_00411494.dll
info: Win32Emu.Emulator[0]
      [RtlJitCache] Successfully compiled block at 0x00411494
info: Win32Emu.Emulator[0]
      [JitCpu] Block at EIP=0x00411494 compiled successfully. C# source saved to /home/runner/work/Win32Emu/Win32Emu/.jitcache/Source
info: Win32Emu.Emulator[0]
      [JitCpu] Compiling block at EIP=0x004115AF using RTL pipeline
info: Win32Emu.Emulator[0]
      [RtlJitCache] Compiling block at 0x004115AF (8 instructions)
info: Win32Emu.Emulator[0]
      [RtlJitCache] Saved C# source to /home/runner/work/Win32Emu/Win32Emu/.jitcache/Source/JitBlock_6a51ec80_004115AF.cs
info: Win32Emu.Emulator[0]
      [RtlJitCache] Saved assembly to /home/runner/work/Win32Emu/Win32Emu/.jitcache/JitBlock_6a51ec80_004115AF.dll
info: Win32Emu.Emulator[0]
      [RtlJitCache] Successfully compiled block at 0x004115AF
info: Win32Emu.Emulator[0]
      [JitCpu] Block at EIP=0x004115AF compiled successfully. C# source saved to /home/runner/work/Win32Emu/Win32Emu/.jitcache/Source
info: Win32Emu.Emulator[0]
      [JitCpu] Compiling block at EIP=0x006BE448 using RTL pipeline
info: Win32Emu.Emulator[0]
      [RtlJitCache] Compiling block at 0x006BE448 (17 instructions)
warn: Win32Emu.Emulator[0]
      [X86ToRtl] Unsupported instruction: Loopne at 0x6BE448
warn: Win32Emu.Emulator[0]
      [X86ToRtl] Unsupported instruction: INVALID at 0x6BE44C
warn: Win32Emu.Emulator[0]
      [X86ToRtl] Unsupported instruction: Pushad at 0x6BE464
info: Win32Emu.Emulator[0]
      [RtlJitCache] Saved C# source to /home/runner/work/Win32Emu/Win32Emu/.jitcache/Source/JitBlock_6a51ec80_006BE448.cs
fail: Win32Emu.Emulator[0]
      [RtlJitCache] Compilation failed:
      (32,25): error CS0103: The name 'CL' does not exist in the current context
      (33,25): error CS0103: The name 'CL' does not exist in the current context
      (34,25): error CS0103: The name 'AL' does not exist in the current context
      (35,25): error CS0103: The name 'CL' does not exist in the current context
      (36,25): error CS0103: The name 'AL' does not exist in the current context
      (37,25): error CS0103: The name 'CL' does not exist in the current context
      (38,25): error CS0103: The name 'AL' does not exist in the current context
      (39,25): error CS0103: The name 'AL' does not exist in the current context
      (43,30): error CS0103: The name 'ES' does not exist in the current context
      (44,25): error CS0103: The name 'CL' does not exist in the current context
      (46,30): error CS0103: The name 'ES' does not exist in the current context
      (47,25): error CS0103: The name 'CL' does not exist in the current context
fail: Win32Emu.Emulator[0]
      [User32] CallWindowProcedureAsync: Exception during execution: C# compilation failed: (32,25): error CS0103: The name 'CL' does not exist in the current context
      (33,25): error CS0103: The name 'CL' does not exist in the current context
      (34,25): error CS0103: The name 'AL' does not exist in the current context
      (35,25): error CS0103: The name 'CL' does not exist in the current context
      (36,25): error CS0103: The name 'AL' does not exist in the current context
      (37,25): error CS0103: The name 'CL' does not exist in the current context
      (38,25): error CS0103: The name 'AL' does not exist in the current context
      (39,25): error CS0103: The name 'AL' does not exist in the current context
      (43,30): error CS0103: The name 'ES' does not exist in the current context
      (44,25): error CS0103: The name 'CL' does not exist in the current context
      (46,30): error CS0103: The name 'ES' does not exist in the current context
      (47,25): error CS0103: The name 'CL' does not exist in the current context
      System.InvalidOperationException: C# compilation failed: (32,25): error CS0103: The name 'CL' does not exist in the current context
      (33,25): error CS0103: The name 'CL' does not exist in the current context
      (34,25): error CS0103: The name 'AL' does not exist in the current context
      (35,25): error CS0103: The name 'CL' does not exist in the current context
      (36,25): error CS0103: The name 'AL' does not exist in the current context
      (37,25): error CS0103: The name 'CL' does not exist in the current context
      (38,25): error CS0103: The name 'AL' does not exist in the current context
      (39,25): error CS0103: The name 'AL' does not exist in the current context
      (43,30): error CS0103: The name 'ES' does not exist in the current context
      (44,25): error CS0103: The name 'CL' does not exist in the current context
      (46,30): error CS0103: The name 'ES' does not exist in the current context
      (47,25): error CS0103: The name 'CL' does not exist in the current context
         at Win32Emu.Rtl.RtlJitCache.CompileCSharpToAssembly(String csharpCode, String assemblyName) in /home/runner/work/Win32Emu/Win32Emu/Win32Emu.Rtl/RtlJitCache.cs:line 179
         at Win32Emu.Rtl.RtlJitCache.CompileBlockAsync(UInt32 startAddress, List`1 instructions) in /home/runner/work/Win32Emu/Win32Emu/Win32Emu.Rtl/RtlJitCache.cs:line 105
         at Win32Emu.Rtl.RtlJitCache.CompileBlock(UInt32 startAddress, List`1 instructions) in /home/runner/work/Win32Emu/Win32Emu/Win32Emu.Rtl/RtlJitCache.cs:line 132
         at Win32Emu.Cpu.Jit.JitCpu.CompileBlock(UInt32 startEip, VirtualMemory mem) in /home/runner/work/Win32Emu/Win32Emu/Win32Emu/Cpu/Jit/JitCpu.cs:line 1671
         at Win32Emu.Cpu.Jit.JitCpu.ExecuteBlockAsync(VirtualMemory mem) in /home/runner/work/Win32Emu/Win32Emu/Win32Emu/Cpu/Jit/JitCpu.cs:line 437
         at Win32Emu.Cpu.CpuHelpers.ExecuteAsync(ICpu cpu, VirtualMemory memory) in /home/runner/work/Win32Emu/Win32Emu/Win32Emu/Cpu/CpuHelpers.cs:line 53
         at Win32Emu.Win32.Modules.User32Module.ExecuteStdCallProcedureAsync(ICpu cpu, VirtualMemory memory, UInt32 procedureAddress, UInt32[] parameters, String contextName, CancellationToken cancellationToken) in /home/runner/work/Win32Emu/Win32Emu/Win32Emu/Win32/Modules/User32Module.cs:line 2920
info: Win32Emu.Emulator[0]
      [User32] CallWindowProcedureAsync: Completed with return value 0x00000000, timedOut=False, cancelled=False, failed=True
info: Win32Emu.Emulator[0]
      [User32] SendMessageA: WndProc returned 0x00000000
info: Win32Emu.Emulator[0]
      [Dispatcher] USER32.DLL!UpdateWindow returned 0x00000001, argBytes=4, convention=Stdcall
info: Win32Emu.Emulator[0]
      [Import USER32.DLL!UpdateWindow] Return address from stack: ESP=0x001FEE60, retEIP=0x004598D0
info: Win32Emu.Emulator[0]
      [Import USER32.DLL!UpdateWindow] Stack state before cleanup:
        [ESP+00] = 0x001FEE60: 0x004598D0 (return addr)
        [ESP+04] = 0x001FEE64: 0x00010000 (arg1)
        [ESP+08] = 0x001FEE68: 0x0F000610
        [ESP+12] = 0x001FEE6C: 0x00000000
        [ESP+16] = 0x001FEE70: 0x00000000
        [ESP+20] = 0x001FEE74: 0x00000000
      
info: Win32Emu.Emulator[0]
      [Import USER32.DLL!UpdateWindow] Stack cleanup: ESP=0x001FEE60, retEIP=0x004598D0, argBytes=4, new ESP=0x001FEE68
dbug: Win32Emu.Emulator[0]
      [RegisterValidation] After Import USER32.DLL!UpdateWindow: EBX=00000000 (saved=00000000, preserved=True), ESI=0F000440 (saved=0F000440, preserved=True), EDI=00000000 (saved=00000000, preserved=True), EBP=0F000610 (saved=0F000610, preserved=True, valid=False, savedValid=False), ESP=001FEE68
dbug: Win32Emu.Emulator[0]
      [Import] Successfully invoked USER32.DLL!UpdateWindow
info: Win32Emu.Emulator[0]
      [Import] Direct call to USER32.DLL!SetFocus at 0x0F0005A0
info: Win32Emu.Emulator[0]
      Dispatching USER32.DLL!SetFocus at EIP=0x0F0005A0 ESP=0x001FEE60 stack=DD 98 45 00 00 00 01 00 10 06 00 0F 00 00 00 00
info: Win32Emu.Emulator[0]
      [User32] SetFocus: HWND=0x00010000
info: Win32Emu.Emulator[0]
      [ProcessEnv] PostMessage: queued MSG=0x001C HWND=0x00010000
dbug: Win32Emu.Emulator[0]
      [User32] SetFocus: Posted WM_ACTIVATEAPP to HWND=0x00010000
info: Win32Emu.Emulator[0]
      [ProcessEnv] PostMessage: queued MSG=0x0006 HWND=0x00010000
dbug: Win32Emu.Emulator[0]
      [User32] SetFocus: Posted WM_ACTIVATE to HWND=0x00010000
info: Win32Emu.Emulator[0]
      [Dispatcher] USER32.DLL!SetFocus returned 0x00000000, argBytes=4, convention=Stdcall
info: Win32Emu.Emulator[0]
      [Import USER32.DLL!SetFocus] Return address from stack: ESP=0x001FEE60, retEIP=0x004598DD
info: Win32Emu.Emulator[0]
      [Import USER32.DLL!SetFocus] Stack state before cleanup:
        [ESP+00] = 0x001FEE60: 0x004598DD (return addr)
        [ESP+04] = 0x001FEE64: 0x00010000 (arg1)
        [ESP+08] = 0x001FEE68: 0x0F000610
        [ESP+12] = 0x001FEE6C: 0x00000000
        [ESP+16] = 0x001FEE70: 0x00000000
        [ESP+20] = 0x001FEE74: 0x00000000
      
info: Win32Emu.Emulator[0]
      [Import USER32.DLL!SetFocus] Stack cleanup: ESP=0x001FEE60, retEIP=0x004598DD, argBytes=4, new ESP=0x001FEE68
dbug: Win32Emu.Emulator[0]
      [RegisterValidation] After Import USER32.DLL!SetFocus: EBX=00000000 (saved=00000000, preserved=True), ESI=0F000440 (saved=0F000440, preserved=True), EDI=00000000 (saved=00000000, preserved=True), EBP=0F000610 (saved=0F000610, preserved=True, valid=False, savedValid=False), ESP=001FEE68
dbug: Win32Emu.Emulator[0]
      [Import] Successfully invoked USER32.DLL!SetFocus
dbug: Win32Emu.Emulator[0]
      
      [Debug] *** CPU TRYING TO EXECUTE SYNTHETIC IMPORT ADDRESS! ***
dbug: Win32Emu.Emulator[0]
      [Debug] EIP=0x0F0006E0 at instruction 159337
dbug: Win32Emu.Emulator[0]
      [Debug] This is import: DDRAW.DLL!DirectDrawCreate
dbug: Win32Emu.Emulator[0]
      [Debug] This should now execute an INT3 stub that will be handled as an import call
dbug: Win32Emu.Emulator[0]
      [Syscall] Advanced EIP past INT 0x80: 0x0E000000 -> 0x0E000002
info: Win32Emu.Emulator[0]
      [Syscall] DDRAW.DLL!DirectDrawCreate from stub at 0x0F0006E0
info: Win32Emu.Emulator[0]
      [Syscall] BEFORE API: Return address at 0x001FEE58 = 0x004598EB
info: Win32Emu.Emulator[0]
      Dispatching async DDRAW.DLL!DirectDrawCreate at EIP=0x0E000002 ESP=0x001FEE58 stack=EB 98 45 00 00 00 00 00 58 D6 50 00 00 00 00 00
info: Win32Emu.Emulator[0]
      [DDraw] DirectDrawCreate(lpGuid=0x00000000, lplpDD=0x0050D658, pUnkOuter=0x00000000)
dbug: Win32Emu.Emulator[0]
      [COM] IDirectDraw::QueryInterface -> 0x0D001000 (async, argBytes=12)
dbug: Win32Emu.Emulator[0]
      [COM] IDirectDraw::AddRef -> 0x0D001010 (async, argBytes=4)
dbug: Win32Emu.Emulator[0]
      [COM] IDirectDraw::Release -> 0x0D001020 (async, argBytes=4)
dbug: Win32Emu.Emulator[0]
      [COM] IDirectDraw::Compact -> 0x0D001030 (async, argBytes=4)
dbug: Win32Emu.Emulator[0]
      [COM] IDirectDraw::CreateClipper -> 0x0D001040 (async, argBytes=16)
dbug: Win32Emu.Emulator[0]
      [COM] IDirectDraw::CreatePalette -> 0x0D001050 (async, argBytes=20)
dbug: Win32Emu.Emulator[0]
      [COM] IDirectDraw::CreateSurface -> 0x0D001060 (async, argBytes=16)
dbug: Win32Emu.Emulator[0]
      [COM] IDirectDraw::DuplicateSurface -> 0x0D001070 (async, argBytes=12)
dbug: Win32Emu.Emulator[0]
      [COM] IDirectDraw::EnumDisplayModes -> 0x0D001080 (async, argBytes=20)
dbug: Win32Emu.Emulator[0]
      [COM] IDirectDraw::EnumSurfaces -> 0x0D001090 (async, argBytes=20)
dbug: Win32Emu.Emulator[0]
      [COM] IDirectDraw::FlipToGDISurface -> 0x0D0010A0 (async, argBytes=4)
dbug: Win32Emu.Emulator[0]
      [COM] IDirectDraw::GetCaps -> 0x0D0010B0 (async, argBytes=12)
dbug: Win32Emu.Emulator[0]
      [COM] IDirectDraw::GetDisplayMode -> 0x0D0010C0 (async, argBytes=8)
dbug: Win32Emu.Emulator[0]
      [COM] IDirectDraw::GetFourCCCodes -> 0x0D0010D0 (async, argBytes=12)
dbug: Win32Emu.Emulator[0]
      [COM] IDirectDraw::GetGDISurface -> 0x0D0010E0 (async, argBytes=8)
dbug: Win32Emu.Emulator[0]
      [COM] IDirectDraw::GetMonitorFrequency -> 0x0D0010F0 (async, argBytes=8)
dbug: Win32Emu.Emulator[0]
      [COM] IDirectDraw::GetScanLine -> 0x0D001100 (async, argBytes=8)
dbug: Win32Emu.Emulator[0]
      [COM] IDirectDraw::GetVerticalBlankStatus -> 0x0D001110 (async, argBytes=8)
dbug: Win32Emu.Emulator[0]
      [COM] IDirectDraw::Initialize -> 0x0D001120 (async, argBytes=8)
dbug: Win32Emu.Emulator[0]
      [COM] IDirectDraw::RestoreDisplayMode -> 0x0D001130 (async, argBytes=4)
dbug: Win32Emu.Emulator[0]
      [COM] IDirectDraw::SetCooperativeLevel -> 0x0D001140 (async, argBytes=12)
dbug: Win32Emu.Emulator[0]
      [COM] IDirectDraw::SetDisplayMode -> 0x0D001150 (async, argBytes=16)
dbug: Win32Emu.Emulator[0]
      [COM] IDirectDraw::WaitForVerticalBlank -> 0x0D001160 (async, argBytes=12)
info: Win32Emu.Emulator[0]
      [COM] Created async IDirectDraw object at 0x00B04000 (vtable at 0x00B04010)
info: Win32Emu.Emulator[0]
      [COM] Verifying vtable at 0x00B04010 with 23 methods:
info: Win32Emu.Emulator[0]
      [COM]   [00] vtable[0x00B04010] = 0x0D001000 (QueryInterface)
info: Win32Emu.Emulator[0]
      [COM]   [01] vtable[0x00B04014] = 0x0D001010 (AddRef)
info: Win32Emu.Emulator[0]
      [COM]   [02] vtable[0x00B04018] = 0x0D001020 (Release)
info: Win32Emu.Emulator[0]
      [COM]   [03] vtable[0x00B0401C] = 0x0D001030 (Compact)
info: Win32Emu.Emulator[0]
      [COM]   [04] vtable[0x00B04020] = 0x0D001040 (CreateClipper)
info: Win32Emu.Emulator[0]
      [COM]   [05] vtable[0x00B04024] = 0x0D001050 (CreatePalette)
info: Win32Emu.Emulator[0]
      [COM]   [06] vtable[0x00B04028] = 0x0D001060 (CreateSurface)
info: Win32Emu.Emulator[0]
      [COM]   [07] vtable[0x00B0402C] = 0x0D001070 (DuplicateSurface)
info: Win32Emu.Emulator[0]
      [COM]   [08] vtable[0x00B04030] = 0x0D001080 (EnumDisplayModes)
info: Win32Emu.Emulator[0]
      [COM]   [09] vtable[0x00B04034] = 0x0D001090 (EnumSurfaces)
info: Win32Emu.Emulator[0]
      [COM]   [10] vtable[0x00B04038] = 0x0D0010A0 (FlipToGDISurface)
info: Win32Emu.Emulator[0]
      [COM]   [11] vtable[0x00B0403C] = 0x0D0010B0 (GetCaps)
info: Win32Emu.Emulator[0]
      [COM]   [12] vtable[0x00B04040] = 0x0D0010C0 (GetDisplayMode)
info: Win32Emu.Emulator[0]
      [COM]   [13] vtable[0x00B04044] = 0x0D0010D0 (GetFourCCCodes)
info: Win32Emu.Emulator[0]
      [COM]   [14] vtable[0x00B04048] = 0x0D0010E0 (GetGDISurface)
info: Win32Emu.Emulator[0]
      [DDraw] Writing COM object 0x00B04000 to address 0x0050D658
dbug: Win32Emu.Emulator[0]
      [MemoryWrite] Write32 to .data section at 0x0050D658: 0x00B04000
info: Win32Emu.Emulator[0]
      [DDraw] Verification: Read back 0x00B04000 from 0x0050D658 - SUCCESS
info: Win32Emu.Emulator[0]
      [DDraw] Created IDirectDraw COM object at 0x00B04000
info: Win32Emu.Emulator[0]
      [Dispatcher] Async DDRAW.DLL!DirectDrawCreate returned 0x00000000, argBytes=12
info: Win32Emu.Emulator[0]
      [Syscall] AFTER API: Return address at 0x001FEE58 = 0x004598EB
dbug: Win32Emu.Emulator[0]
      [RegisterValidation] After Syscall DDRAW.DLL!DirectDrawCreate: EBX=00000000 (saved=00000000, preserved=True), ESI=0F000440 (saved=0F000440, preserved=True), EDI=00000000 (saved=00000000, preserved=True), EBP=0F000610 (saved=0F000610, preserved=True, valid=False, savedValid=False), ESP=001FEE54
dbug: Win32Emu.Emulator[0]
      [Syscall] Returned 0x00000000, argBytes=12, calling convention=Stdcall, CPU will execute RET naturally
dbug: Win32Emu.Emulator[0]
      [Syscall] Patched RET at 0x0F0006E5 with argBytes=12 for Stdcall calling convention
dbug: Win32Emu.Emulator[0]
      [Syscall] CPU state after DDRAW.DLL!DirectDrawCreate: EAX=0x00000000 ESP=0x001FEE54
dbug: Win32Emu.Emulator[0]
      
      [Syscall] Stack validation after DDRAW.DLL!DirectDrawCreate:
        [ESP+-8] = 0x001FEE5C: 0x00000000
        [ESP+-4] = 0x001FEE60: 0x0050D658
        [ESP++0] = 0x001FEE64: 0x00000000 <-- Future ESP
        [ESP++4] = 0x001FEE68: 0x0F000610
        [ESP++8] = 0x001FEE6C: 0x00000000
        [ESP++12] = 0x001FEE70: 0x00000000
        [ESP++16] = 0x001FEE74: 0x00000000
dbug: Win32Emu.Emulator[0]
      
      [Debug] *** CPU TRYING TO EXECUTE SYNTHETIC IMPORT ADDRESS! ***
dbug: Win32Emu.Emulator[0]
      [Debug] EIP=0x0F0006E5 at instruction 159340
dbug: Win32Emu.Emulator[0]
      [Debug] This is import: DDRAW.DLL!DirectDrawCreate
dbug: Win32Emu.Emulator[0]
      [Debug] This should now execute an INT3 stub that will be handled as an import call
info: Win32Emu.Emulator[0]
      [COM] Invoking async vtable method: IDirectDraw::SetCooperativeLevel at address 0x0D001140
dbug: Win32Emu.Emulator[0]
      [COM] Register state before IDirectDraw::SetCooperativeLevel: EIP=0x0D001140, ESP=0x001FEE58, EBP=0x0F000610, EBX=0x00000000, ESI=0x0F000440, EDI=0x00000000
info: Win32Emu.Emulator[0]
      [DDraw COM] IDirectDraw::SetCooperativeLevel(this=0x00B04000, hWnd=0x00010000, flags=0x00000053)
dbug: Win32Emu.Emulator[0]
      [DDraw COM] SetCooperativeLevel flags: DDSCL_EXCLUSIVE | DDSCL_NORMAL | DDSCL_ALLOWREBOOT
info: Win32Emu.Emulator[0]
      [ProcessEnv] Subscribed to rendering backend UI events
info: Win32Emu.Emulator[0]
      [DDraw] Subscribed to UI events from rendering backend
info: Win32Emu.Emulator[0]
      [DDraw] Initializing rendering backend for windowed mode (DDSCL_NORMAL) with 640x480x16
info: Win32Emu.Emulator[0]
      [Software] Initializing SDL3 software rendering backend (640x480)...
ERROR: Couldn't open /dev/input/event1: Permission denied
ERROR: Couldn't open /dev/input/mouse0: Permission denied
ERROR: Couldn't open /dev/input/event0: Permission denied
info: Win32Emu.Emulator[0]
      [Software] Created software renderer
info: Win32Emu.Emulator[0]
      [Software] Software rendering backend initialized successfully
info: Win32Emu.Emulator[0]
      [DDraw] Rendering backend initialized successfully for windowed mode
info: Win32Emu.Emulator[0]
      [DDraw] Updated ProcessEnvironment display mode to 640x480x16
info: Win32Emu.Emulator[0]
      [DDraw COM] SetCooperativeLevel succeeded, returning DD_OK (0)
dbug: Win32Emu.Emulator[0]
      [COM] IDirectDraw::SetCooperativeLevel async handler completed successfully
info: Win32Emu.Emulator[0]
      [COM] IDirectDraw::SetCooperativeLevel returned 0x00000000 (argBytes=12)
dbug: Win32Emu.Emulator[0]
      [COM] Register state after IDirectDraw::SetCooperativeLevel: EIP=0x0D001140, ESP=0x001FEE58, EBP=0x0F000610, EBX=0x00000000, ESI=0x0F000440, EDI=0x00000000
info: Win32Emu.Emulator[0]
      [COM vtable] Return address from stack: ESP=0x001FEE58, retEIP=0x0045991D
info: Win32Emu.Emulator[0]
      [COM vtable] Stack state before cleanup:
        [ESP+00] = 0x001FEE58: 0x0045991D (return addr)
        [ESP+04] = 0x001FEE5C: 0x00B04000 (arg1)
        [ESP+08] = 0x001FEE60: 0x00010000 (arg2)
        [ESP+12] = 0x001FEE64: 0x00000053 (arg3)
        [ESP+16] = 0x001FEE68: 0x0F000610
        [ESP+20] = 0x001FEE6C: 0x00000000
      
info: Win32Emu.Emulator[0]
      [COM vtable] Stack cleanup: ESP=0x001FEE58, retEIP=0x0045991D, argBytes=12, new ESP=0x001FEE68
dbug: Win32Emu.Emulator[0]
      [RegisterValidation] After COM vtable: EBX=00000000 (saved=00000000, preserved=True), ESI=0F000440 (saved=0F000440, preserved=True), EDI=00000000 (saved=00000000, preserved=True), EBP=0F000610 (saved=0F000610, preserved=True, valid=False, savedValid=False), ESP=001FEE68
info: Win32Emu.Emulator[0]
      [COM] Invoking async vtable method: IDirectDraw::SetDisplayMode at address 0x0D001150
dbug: Win32Emu.Emulator[0]
      [COM] Register state before IDirectDraw::SetDisplayMode: EIP=0x0D001150, ESP=0x001FEE54, EBP=0x0F000610, EBX=0x00B04010, ESI=0x0F000440, EDI=0x00000000
info: Win32Emu.Emulator[0]
      [DDraw COM] IDirectDraw::SetDisplayMode(this=0x00B04000, width=640, height=480, bpp=8)
info: Win32Emu.Emulator[0]
      [DDraw] Updated ProcessEnvironment display mode to 640x480x8
info: Win32Emu.Emulator[0]
      [DDraw] Display mode changed to 640x480x8
info: Win32Emu.Emulator[0]
      [DDraw] Subscribed to UI events from rendering backend
info: Win32Emu.Emulator[0]
      [DDraw COM] SetDisplayMode succeeded, returning DD_OK (0)
dbug: Win32Emu.Emulator[0]
      [COM] IDirectDraw::SetDisplayMode async handler completed successfully
info: Win32Emu.Emulator[0]
      [COM] IDirectDraw::SetDisplayMode returned 0x00000000 (argBytes=16)
dbug: Win32Emu.Emulator[0]
      [COM] Register state after IDirectDraw::SetDisplayMode: EIP=0x0D001150, ESP=0x001FEE54, EBP=0x0F000610, EBX=0x00B04010, ESI=0x0F000440, EDI=0x00000000
info: Win32Emu.Emulator[0]
      [COM vtable] Return address from stack: ESP=0x001FEE54, retEIP=0x00459956
info: Win32Emu.Emulator[0]
      [COM vtable] Stack state before cleanup:
        [ESP+00] = 0x001FEE54: 0x00459956 (return addr)
        [ESP+04] = 0x001FEE58: 0x00B04000 (arg1)
        [ESP+08] = 0x001FEE5C: 0x00000280 (arg2)
        [ESP+12] = 0x001FEE60: 0x000001E0 (arg3)
        [ESP+16] = 0x001FEE64: 0x00000008 (arg4)
        [ESP+20] = 0x001FEE68: 0x0F000610
      
info: Win32Emu.Emulator[0]
      [COM vtable] Stack cleanup: ESP=0x001FEE54, retEIP=0x00459956, argBytes=16, new ESP=0x001FEE68
dbug: Win32Emu.Emulator[0]
      [RegisterValidation] After COM vtable: EBX=00B04010 (saved=00B04010, preserved=True), ESI=0F000440 (saved=0F000440, preserved=True), EDI=00000000 (saved=00000000, preserved=True), EBP=0F000610 (saved=0F000610, preserved=True, valid=False, savedValid=False), ESP=001FEE68
info: Win32Emu.Emulator[0]
      [COM] Invoking async vtable method: IDirectDraw::CreateSurface at address 0x0D001060
dbug: Win32Emu.Emulator[0]
      [COM] Register state before IDirectDraw::CreateSurface: EIP=0x0D001060, ESP=0x001FEE54, EBP=0x0F000610, EBX=0x00B04010, ESI=0x0F000440, EDI=0x001FEEA4
info: Win32Emu.Emulator[0]
      [ProcessEnv] PostMessage: queued MSG=0x0006 HWND=0x00000002
info: Win32Emu.Emulator[0]
      [ProcessEnv] PostMessage: queued MSG=0x001C HWND=0x00000002
dbug: Win32Emu.Emulator[0]
      [ProcessEnv] OnUIEvent: Translated WindowActivate to WM_001C for HWND=0x00000002
info: Win32Emu.Emulator[0]
      [ProcessEnv] PostMessage: queued MSG=0x0006 HWND=0x00000002
info: Win32Emu.Emulator[0]
      [ProcessEnv] PostMessage: queued MSG=0x001C HWND=0x00000002
dbug: Win32Emu.Emulator[0]
      [ProcessEnv] OnUIEvent: Translated WindowActivate to WM_001C for HWND=0x00000002
info: Win32Emu.Emulator[0]
      [DDraw COM] IDirectDraw::CreateSurface(this=0x00B04000, lpDDSurfaceDesc=0x001FEEA0, lplpDDSurface=0x005091AC, pUnkOuter=0x00000000)
info: Win32Emu.Emulator[0]
      [DDraw] Surface creation: dwSize=108, flags=0x00000021, caps=0x00000218, width=0, height=4939288, backbufferCount=1
info: Win32Emu.Emulator[0]
      [DDraw] Primary surface created without explicit dimensions, using display mode: 640x480
dbug: Win32Emu.Emulator[0]
      [COM] IDirectDrawSurface::QueryInterface -> 0x0D002000 (argBytes=12)
dbug: Win32Emu.Emulator[0]
      [COM] IDirectDrawSurface::AddRef -> 0x0D002010 (argBytes=4)
dbug: Win32Emu.Emulator[0]
      [COM] IDirectDrawSurface::Release -> 0x0D002020 (argBytes=4)
dbug: Win32Emu.Emulator[0]
      [COM] IDirectDrawSurface::AddAttachedSurface -> 0x0D002030 (argBytes=8)
dbug: Win32Emu.Emulator[0]
      [COM] IDirectDrawSurface::AddOverlayDirtyRect -> 0x0D002040 (argBytes=8)
dbug: Win32Emu.Emulator[0]
      [COM] IDirectDrawSurface::Blt -> 0x0D002050 (argBytes=24)
dbug: Win32Emu.Emulator[0]
      [COM] IDirectDrawSurface::BltBatch -> 0x0D002060 (argBytes=16)
dbug: Win32Emu.Emulator[0]
      [COM] IDirectDrawSurface::BltFast -> 0x0D002070 (argBytes=24)
dbug: Win32Emu.Emulator[0]
      [COM] IDirectDrawSurface::DeleteAttachedSurface -> 0x0D002080 (argBytes=12)
dbug: Win32Emu.Emulator[0]
      [COM] IDirectDrawSurface::EnumAttachedSurfaces -> 0x0D002090 (argBytes=12)
dbug: Win32Emu.Emulator[0]
      [COM] IDirectDrawSurface::EnumOverlayZOrders -> 0x0D0020A0 (argBytes=16)
dbug: Win32Emu.Emulator[0]
      [COM] IDirectDrawSurface::Flip -> 0x0D0020B0 (argBytes=12)
dbug: Win32Emu.Emulator[0]
      [COM] IDirectDrawSurface::GetAttachedSurface -> 0x0D0020C0 (argBytes=12)
dbug: Win32Emu.Emulator[0]
      [COM] IDirectDrawSurface::GetBltStatus -> 0x0D0020D0 (argBytes=8)
dbug: Win32Emu.Emulator[0]
      [COM] IDirectDrawSurface::GetCaps -> 0x0D0020E0 (argBytes=8)
dbug: Win32Emu.Emulator[0]
      [COM] IDirectDrawSurface::GetClipper -> 0x0D0020F0 (argBytes=8)
dbug: Win32Emu.Emulator[0]
      [COM] IDirectDrawSurface::GetColorKey -> 0x0D002100 (argBytes=12)
dbug: Win32Emu.Emulator[0]
      [COM] IDirectDrawSurface::GetDC -> 0x0D002110 (argBytes=8)
dbug: Win32Emu.Emulator[0]
      [COM] IDirectDrawSurface::GetFlipStatus -> 0x0D002120 (argBytes=8)
dbug: Win32Emu.Emulator[0]
      [COM] IDirectDrawSurface::GetOverlayPosition -> 0x0D002130 (argBytes=12)
dbug: Win32Emu.Emulator[0]
      [COM] IDirectDrawSurface::GetPalette -> 0x0D002140 (argBytes=8)
dbug: Win32Emu.Emulator[0]
      [COM] IDirectDrawSurface::GetPixelFormat -> 0x0D002150 (argBytes=8)
dbug: Win32Emu.Emulator[0]
      [COM] IDirectDrawSurface::GetSurfaceDesc -> 0x0D002160 (argBytes=8)
dbug: Win32Emu.Emulator[0]
      [COM] IDirectDrawSurface::Initialize -> 0x0D002170 (argBytes=12)
dbug: Win32Emu.Emulator[0]
      [COM] IDirectDrawSurface::IsLost -> 0x0D002180 (argBytes=4)
dbug: Win32Emu.Emulator[0]
      [COM] IDirectDrawSurface::Lock -> 0x0D002190 (argBytes=20)
dbug: Win32Emu.Emulator[0]
      [COM] IDirectDrawSurface::ReleaseDC -> 0x0D0021A0 (argBytes=8)
dbug: Win32Emu.Emulator[0]
      [COM] IDirectDrawSurface::Restore -> 0x0D0021B0 (argBytes=4)
dbug: Win32Emu.Emulator[0]
      [COM] IDirectDrawSurface::SetClipper -> 0x0D0021C0 (argBytes=8)
dbug: Win32Emu.Emulator[0]
      [COM] IDirectDrawSurface::SetColorKey -> 0x0D0021D0 (argBytes=12)
dbug: Win32Emu.Emulator[0]
      [COM] IDirectDrawSurface::SetOverlayPosition -> 0x0D0021E0 (argBytes=12)
dbug: Win32Emu.Emulator[0]
      [COM] IDirectDrawSurface::SetPalette -> 0x0D0021F0 (argBytes=8)
dbug: Win32Emu.Emulator[0]
      [COM] IDirectDrawSurface::Unlock -> 0x0D002200 (argBytes=8)
dbug: Win32Emu.Emulator[0]
      [COM] IDirectDrawSurface::UpdateOverlay -> 0x0D002210 (argBytes=24)
dbug: Win32Emu.Emulator[0]
      [COM] IDirectDrawSurface::UpdateOverlayDisplay -> 0x0D002220 (argBytes=8)
dbug: Win32Emu.Emulator[0]
      [COM] IDirectDrawSurface::UpdateOverlayZOrder -> 0x0D002230 (argBytes=12)
info: Win32Emu.Emulator[0]
      [COM] Created IDirectDrawSurface object at 0x00B04070 (vtable at 0x00B04080)
info: Win32Emu.Emulator[0]
      [COM] Verifying vtable at 0x00B04080 with 36 methods:
info: Win32Emu.Emulator[0]
      [COM]   [00] vtable[0x00B04080] = 0x0D002000 (QueryInterface)
info: Win32Emu.Emulator[0]
      [COM]   [01] vtable[0x00B04084] = 0x0D002010 (AddRef)
info: Win32Emu.Emulator[0]
      [COM]   [02] vtable[0x00B04088] = 0x0D002020 (Release)
info: Win32Emu.Emulator[0]
      [COM]   [03] vtable[0x00B0408C] = 0x0D002030 (AddAttachedSurface)
info: Win32Emu.Emulator[0]
      [COM]   [04] vtable[0x00B04090] = 0x0D002040 (AddOverlayDirtyRect)
info: Win32Emu.Emulator[0]
      [COM]   [05] vtable[0x00B04094] = 0x0D002050 (Blt)
info: Win32Emu.Emulator[0]
      [COM]   [06] vtable[0x00B04098] = 0x0D002060 (BltBatch)
info: Win32Emu.Emulator[0]
      [COM]   [07] vtable[0x00B0409C] = 0x0D002070 (BltFast)
info: Win32Emu.Emulator[0]
      [COM]   [08] vtable[0x00B040A0] = 0x0D002080 (DeleteAttachedSurface)
info: Win32Emu.Emulator[0]
      [COM]   [09] vtable[0x00B040A4] = 0x0D002090 (EnumAttachedSurfaces)
info: Win32Emu.Emulator[0]
      [COM]   [10] vtable[0x00B040A8] = 0x0D0020A0 (EnumOverlayZOrders)
info: Win32Emu.Emulator[0]
      [COM]   [11] vtable[0x00B040AC] = 0x0D0020B0 (Flip)
info: Win32Emu.Emulator[0]
      [COM]   [12] vtable[0x00B040B0] = 0x0D0020C0 (GetAttachedSurface)
info: Win32Emu.Emulator[0]
      [COM]   [13] vtable[0x00B040B4] = 0x0D0020D0 (GetBltStatus)
info: Win32Emu.Emulator[0]
      [COM]   [14] vtable[0x00B040B8] = 0x0D0020E0 (GetCaps)
info: Win32Emu.Emulator[0]
      [DDraw] Creating 1 backbuffer(s) for primary surface
dbug: Win32Emu.Emulator[0]
      [COM] IDirectDrawSurface::QueryInterface -> 0x0D003000 (argBytes=12)
dbug: Win32Emu.Emulator[0]
      [COM] IDirectDrawSurface::AddRef -> 0x0D003010 (argBytes=4)
dbug: Win32Emu.Emulator[0]
      [COM] IDirectDrawSurface::Release -> 0x0D003020 (argBytes=4)
dbug: Win32Emu.Emulator[0]
      [COM] IDirectDrawSurface::AddAttachedSurface -> 0x0D003030 (argBytes=8)
dbug: Win32Emu.Emulator[0]
      [COM] IDirectDrawSurface::AddOverlayDirtyRect -> 0x0D003040 (argBytes=8)
dbug: Win32Emu.Emulator[0]
      [COM] IDirectDrawSurface::Blt -> 0x0D003050 (argBytes=24)
dbug: Win32Emu.Emulator[0]
      [COM] IDirectDrawSurface::BltBatch -> 0x0D003060 (argBytes=16)
dbug: Win32Emu.Emulator[0]
      [COM] IDirectDrawSurface::BltFast -> 0x0D003070 (argBytes=24)
dbug: Win32Emu.Emulator[0]
      [COM] IDirectDrawSurface::DeleteAttachedSurface -> 0x0D003080 (argBytes=12)
dbug: Win32Emu.Emulator[0]
      [COM] IDirectDrawSurface::EnumAttachedSurfaces -> 0x0D003090 (argBytes=12)
dbug: Win32Emu.Emulator[0]
      [COM] IDirectDrawSurface::EnumOverlayZOrders -> 0x0D0030A0 (argBytes=16)
dbug: Win32Emu.Emulator[0]
      [COM] IDirectDrawSurface::Flip -> 0x0D0030B0 (argBytes=12)
dbug: Win32Emu.Emulator[0]
      [COM] IDirectDrawSurface::GetAttachedSurface -> 0x0D0030C0 (argBytes=12)
dbug: Win32Emu.Emulator[0]
      [COM] IDirectDrawSurface::GetBltStatus -> 0x0D0030D0 (argBytes=8)
dbug: Win32Emu.Emulator[0]
      [COM] IDirectDrawSurface::GetCaps -> 0x0D0030E0 (argBytes=8)
dbug: Win32Emu.Emulator[0]
      [COM] IDirectDrawSurface::GetClipper -> 0x0D0030F0 (argBytes=8)
dbug: Win32Emu.Emulator[0]
      [COM] IDirectDrawSurface::GetColorKey -> 0x0D003100 (argBytes=12)
dbug: Win32Emu.Emulator[0]
      [COM] IDirectDrawSurface::GetDC -> 0x0D003110 (argBytes=8)
dbug: Win32Emu.Emulator[0]
      [COM] IDirectDrawSurface::GetFlipStatus -> 0x0D003120 (argBytes=8)
dbug: Win32Emu.Emulator[0]
      [COM] IDirectDrawSurface::GetOverlayPosition -> 0x0D003130 (argBytes=12)
dbug: Win32Emu.Emulator[0]
      [COM] IDirectDrawSurface::GetPalette -> 0x0D003140 (argBytes=8)
dbug: Win32Emu.Emulator[0]
      [COM] IDirectDrawSurface::GetPixelFormat -> 0x0D003150 (argBytes=8)
dbug: Win32Emu.Emulator[0]
      [COM] IDirectDrawSurface::GetSurfaceDesc -> 0x0D003160 (argBytes=8)
dbug: Win32Emu.Emulator[0]
      [COM] IDirectDrawSurface::Initialize -> 0x0D003170 (argBytes=12)
dbug: Win32Emu.Emulator[0]
      [COM] IDirectDrawSurface::IsLost -> 0x0D003180 (argBytes=4)
dbug: Win32Emu.Emulator[0]
      [COM] IDirectDrawSurface::Lock -> 0x0D003190 (argBytes=20)
dbug: Win32Emu.Emulator[0]
      [COM] IDirectDrawSurface::ReleaseDC -> 0x0D0031A0 (argBytes=8)
dbug: Win32Emu.Emulator[0]
      [COM] IDirectDrawSurface::Restore -> 0x0D0031B0 (argBytes=4)
dbug: Win32Emu.Emulator[0]
      [COM] IDirectDrawSurface::SetClipper -> 0x0D0031C0 (argBytes=8)
dbug: Win32Emu.Emulator[0]
      [COM] IDirectDrawSurface::SetColorKey -> 0x0D0031D0 (argBytes=12)
dbug: Win32Emu.Emulator[0]
      [COM] IDirectDrawSurface::SetOverlayPosition -> 0x0D0031E0 (argBytes=12)
dbug: Win32Emu.Emulator[0]
      [COM] IDirectDrawSurface::SetPalette -> 0x0D0031F0 (argBytes=8)
dbug: Win32Emu.Emulator[0]
      [COM] IDirectDrawSurface::Unlock -> 0x0D003200 (argBytes=8)
dbug: Win32Emu.Emulator[0]
      [COM] IDirectDrawSurface::UpdateOverlay -> 0x0D003210 (argBytes=24)
dbug: Win32Emu.Emulator[0]
      [COM] IDirectDrawSurface::UpdateOverlayDisplay -> 0x0D003220 (argBytes=8)
dbug: Win32Emu.Emulator[0]
      [COM] IDirectDrawSurface::UpdateOverlayZOrder -> 0x0D003230 (argBytes=12)
info: Win32Emu.Emulator[0]
      [COM] Created IDirectDrawSurface object at 0x00B04110 (vtable at 0x00B04120)
info: Win32Emu.Emulator[0]
      [COM] Verifying vtable at 0x00B04120 with 36 methods:
info: Win32Emu.Emulator[0]
      [COM]   [00] vtable[0x00B04120] = 0x0D003000 (QueryInterface)
info: Win32Emu.Emulator[0]
      [COM]   [01] vtable[0x00B04124] = 0x0D003010 (AddRef)
info: Win32Emu.Emulator[0]
      [COM]   [02] vtable[0x00B04128] = 0x0D003020 (Release)
info: Win32Emu.Emulator[0]
      [COM]   [03] vtable[0x00B0412C] = 0x0D003030 (AddAttachedSurface)
info: Win32Emu.Emulator[0]
      [COM]   [04] vtable[0x00B04130] = 0x0D003040 (AddOverlayDirtyRect)
info: Win32Emu.Emulator[0]
      [COM]   [05] vtable[0x00B04134] = 0x0D003050 (Blt)
info: Win32Emu.Emulator[0]
      [COM]   [06] vtable[0x00B04138] = 0x0D003060 (BltBatch)
info: Win32Emu.Emulator[0]
      [COM]   [07] vtable[0x00B0413C] = 0x0D003070 (BltFast)
info: Win32Emu.Emulator[0]
      [COM]   [08] vtable[0x00B04140] = 0x0D003080 (DeleteAttachedSurface)
info: Win32Emu.Emulator[0]
      [COM]   [09] vtable[0x00B04144] = 0x0D003090 (EnumAttachedSurfaces)
info: Win32Emu.Emulator[0]
      [COM]   [10] vtable[0x00B04148] = 0x0D0030A0 (EnumOverlayZOrders)
info: Win32Emu.Emulator[0]
      [COM]   [11] vtable[0x00B0414C] = 0x0D0030B0 (Flip)
info: Win32Emu.Emulator[0]
      [COM]   [12] vtable[0x00B04150] = 0x0D0030C0 (GetAttachedSurface)
info: Win32Emu.Emulator[0]
      [COM]   [13] vtable[0x00B04154] = 0x0D0030D0 (GetBltStatus)
info: Win32Emu.Emulator[0]
      [COM]   [14] vtable[0x00B04158] = 0x0D0030E0 (GetCaps)
info: Win32Emu.Emulator[0]
      [DDraw] Created backbuffer 1 at surface handle 0x71000001, COM object at 0x00B04110
info: Win32Emu.Emulator[0]
      [DDraw] Attached backbuffer 0x71000001 to primary surface 0x71000000 (COM=0x00B04070), AttachedSurfaces.Count=1
dbug: Win32Emu.Emulator[0]
      [MemoryWrite] Write32 to .data section at 0x005091AC: 0x00B04070
info: Win32Emu.Emulator[0]
      [DDraw] Created IDirectDrawSurface COM object at 0x00B04070 for surface 0x71000000
dbug: Win32Emu.Emulator[0]
      [COM] IDirectDraw::CreateSurface async handler completed successfully
info: Win32Emu.Emulator[0]
      [COM] IDirectDraw::CreateSurface returned 0x00000000 (argBytes=16)
dbug: Win32Emu.Emulator[0]
      [COM] Register state after IDirectDraw::CreateSurface: EIP=0x0D001060, ESP=0x001FEE54, EBP=0x0F000610, EBX=0x00B04010, ESI=0x0F000440, EDI=0x001FEEA4
info: Win32Emu.Emulator[0]
      [COM vtable] Return address from stack: ESP=0x001FEE54, retEIP=0x00459AFF
info: Win32Emu.Emulator[0]
      [COM vtable] Stack state before cleanup:
        [ESP+00] = 0x001FEE54: 0x00459AFF (return addr)
        [ESP+04] = 0x001FEE58: 0x00B04000 (arg1)
        [ESP+08] = 0x001FEE5C: 0x001FEEA0 (arg2)
        [ESP+12] = 0x001FEE60: 0x005091AC (arg3)
        [ESP+16] = 0x001FEE64: 0x00000000 (arg4)
        [ESP+20] = 0x001FEE68: 0x0F000610
      
info: Win32Emu.Emulator[0]
      [COM vtable] Stack cleanup: ESP=0x001FEE54, retEIP=0x00459AFF, argBytes=16, new ESP=0x001FEE68
dbug: Win32Emu.Emulator[0]
      [RegisterValidation] After COM vtable: EBX=00B04010 (saved=00B04010, preserved=True), ESI=0F000440 (saved=0F000440, preserved=True), EDI=001FEEA4 (saved=001FEEA4, preserved=True), EBP=0F000610 (saved=0F000610, preserved=True, valid=False, savedValid=False), ESP=001FEE68
info: Win32Emu.Emulator[0]
      [COM] Invoking vtable method (async fallback to sync): IDirectDrawSurface::GetAttachedSurface at address 0x0D0020C0
info: Win32Emu.Emulator[0]
      [DDraw COM] IDirectDrawSurface::GetAttachedSurface(this=0x00B04070, lpDDSCaps=0x001FEE8C, lplp=0x001FEE78)
info: Win32Emu.Emulator[0]
      [DDraw] Found surface: Handle=0x71000000, ComAddr=0x00B04070, IsPrimary=True, AttachedSurfaces.Count=1
info: Win32Emu.Emulator[0]
      [DDraw] Attached surfaces: 0x71000001
info: Win32Emu.Emulator[0]
      [DDraw] Requested surface caps: 0x00000004
info: Win32Emu.Emulator[0]
      [DDraw] Returning attached surface COM object at 0x00B04110
dbug: Win32Emu.Emulator[0]
      [COM] IDirectDrawSurface::GetAttachedSurface handler completed successfully
info: Win32Emu.Emulator[0]
      [COM] IDirectDrawSurface::GetAttachedSurface returned 0x00000000 (argBytes=12)
info: Win32Emu.Emulator[0]
      [COM vtable] Return address from stack: ESP=0x001FEE58, retEIP=0x00459BB7
info: Win32Emu.Emulator[0]
      [COM vtable] Stack state before cleanup:
        [ESP+00] = 0x001FEE58: 0x00459BB7 (return addr)
        [ESP+04] = 0x001FEE5C: 0x00B04070 (arg1)
        [ESP+08] = 0x001FEE60: 0x001FEE8C (arg2)
        [ESP+12] = 0x001FEE64: 0x001FEE78 (arg3)
        [ESP+16] = 0x001FEE68: 0x0F000610
        [ESP+20] = 0x001FEE6C: 0x00000000
      
info: Win32Emu.Emulator[0]
      [COM vtable] Stack cleanup: ESP=0x001FEE58, retEIP=0x00459BB7, argBytes=12, new ESP=0x001FEE68
dbug: Win32Emu.Emulator[0]
      [RegisterValidation] After COM vtable: EBX=00000001 (saved=00000001, preserved=True), ESI=005090BC (saved=005090BC, preserved=True), EDI=00000010 (saved=00000010, preserved=True), EBP=00000000 (saved=00000000, preserved=True, valid=False, savedValid=False), ESP=001FEE68
info: Win32Emu.Emulator[0]
      [COM] Invoking async vtable method: IDirectDraw::CreatePalette at address 0x0D001050
dbug: Win32Emu.Emulator[0]
      [COM] Register state before IDirectDraw::CreatePalette: EIP=0x0D001050, ESP=0x001FEE50, EBP=0x00000001, EBX=0x00B04010, ESI=0x005090EC, EDI=0x00000010
info: Win32Emu.Emulator[0]
      [DDraw COM] IDirectDraw::CreatePalette(this=0x00B04000, dwFlags=0x00000044, lpColorTable=0x0050CA50, lplpDDPalette=0x0050CE50, pUnkOuter=0x00000000)
dbug: Win32Emu.Emulator[0]
      [COM] IDirectDrawPalette::QueryInterface -> 0x0D004000 (argBytes=12)
dbug: Win32Emu.Emulator[0]
      [COM] IDirectDrawPalette::AddRef -> 0x0D004010 (argBytes=4)
dbug: Win32Emu.Emulator[0]
      [COM] IDirectDrawPalette::Release -> 0x0D004020 (argBytes=4)
dbug: Win32Emu.Emulator[0]
      [COM] IDirectDrawPalette::GetCaps -> 0x0D004030 (argBytes=8)
dbug: Win32Emu.Emulator[0]
      [COM] IDirectDrawPalette::GetEntries -> 0x0D004040 (argBytes=20)
dbug: Win32Emu.Emulator[0]
      [COM] IDirectDrawPalette::Initialize -> 0x0D004050 (argBytes=16)
dbug: Win32Emu.Emulator[0]
      [COM] IDirectDrawPalette::SetEntries -> 0x0D004060 (argBytes=20)
info: Win32Emu.Emulator[0]
      [COM] Created IDirectDrawPalette object at 0x00B041B0 (vtable at 0x00B041C0)
info: Win32Emu.Emulator[0]
      [COM] Verifying vtable at 0x00B041C0 with 7 methods:
info: Win32Emu.Emulator[0]
      [COM]   [00] vtable[0x00B041C0] = 0x0D004000 (QueryInterface)
info: Win32Emu.Emulator[0]
      [COM]   [01] vtable[0x00B041C4] = 0x0D004010 (AddRef)
info: Win32Emu.Emulator[0]
      [COM]   [02] vtable[0x00B041C8] = 0x0D004020 (Release)
info: Win32Emu.Emulator[0]
      [COM]   [03] vtable[0x00B041CC] = 0x0D004030 (GetCaps)
info: Win32Emu.Emulator[0]
      [COM]   [04] vtable[0x00B041D0] = 0x0D004040 (GetEntries)
info: Win32Emu.Emulator[0]
      [COM]   [05] vtable[0x00B041D4] = 0x0D004050 (Initialize)
info: Win32Emu.Emulator[0]
      [COM]   [06] vtable[0x00B041D8] = 0x0D004060 (SetEntries)
dbug: Win32Emu.Emulator[0]
      [MemoryWrite] Write32 to .data section at 0x0050CE50: 0x00B041B0
info: Win32Emu.Emulator[0]
      [DDraw] Created IDirectDrawPalette COM object at 0x00B041B0 for palette 0x72000000
dbug: Win32Emu.Emulator[0]
      [COM] IDirectDraw::CreatePalette async handler completed successfully
info: Win32Emu.Emulator[0]
      [COM] IDirectDraw::CreatePalette returned 0x00000000 (argBytes=20)
dbug: Win32Emu.Emulator[0]
      [COM] Register state after IDirectDraw::CreatePalette: EIP=0x0D001050, ESP=0x001FEE50, EBP=0x00000001, EBX=0x00B04010, ESI=0x005090EC, EDI=0x00000010
info: Win32Emu.Emulator[0]
      [COM vtable] Return address from stack: ESP=0x001FEE50, retEIP=0x00459C75
info: Win32Emu.Emulator[0]
      [COM vtable] Stack state before cleanup:
        [ESP+00] = 0x001FEE50: 0x00459C75 (return addr)
        [ESP+04] = 0x001FEE54: 0x00B04000 (arg1)
        [ESP+08] = 0x001FEE58: 0x00000044 (arg2)
        [ESP+12] = 0x001FEE5C: 0x0050CA50 (arg3)
        [ESP+16] = 0x001FEE60: 0x0050CE50 (arg4)
        [ESP+20] = 0x001FEE64: 0x00000000 (arg5)
      
info: Win32Emu.Emulator[0]
      [COM vtable] Stack cleanup: ESP=0x001FEE50, retEIP=0x00459C75, argBytes=20, new ESP=0x001FEE68
dbug: Win32Emu.Emulator[0]
      [RegisterValidation] After COM vtable: EBX=00B04010 (saved=00B04010, preserved=True), ESI=005090EC (saved=005090EC, preserved=True), EDI=00000010 (saved=00000010, preserved=True), EBP=00000001 (saved=00000001, preserved=True, valid=False, savedValid=False), ESP=001FEE68
info: Win32Emu.Emulator[0]
      [COM] Invoking vtable method (async fallback to sync): IDirectDrawSurface::SetPalette at address 0x0D0021F0
info: Win32Emu.Emulator[0]
      [DDraw COM] IDirectDrawSurface::SetPalette(this=0x00B04070, lpDDPalette=0x00B041B0)
info: Win32Emu.Emulator[0]
      [DDraw] Surface 0x71000000 palette set to 0x72000000
dbug: Win32Emu.Emulator[0]
      [COM] IDirectDrawSurface::SetPalette handler completed successfully
info: Win32Emu.Emulator[0]
      [COM] IDirectDrawSurface::SetPalette returned 0x00000000 (argBytes=8)
info: Win32Emu.Emulator[0]
      [COM vtable] Return address from stack: ESP=0x001FEE5C, retEIP=0x00459E53
info: Win32Emu.Emulator[0]
      [COM vtable] Stack state before cleanup:
        [ESP+00] = 0x001FEE5C: 0x00459E53 (return addr)
        [ESP+04] = 0x001FEE60: 0x00B04070 (arg1)
        [ESP+08] = 0x001FEE64: 0x00B041B0 (arg2)
        [ESP+12] = 0x001FEE68: 0x0F000610
        [ESP+16] = 0x001FEE6C: 0x00000000
        [ESP+20] = 0x001FEE70: 0x00000000
      
info: Win32Emu.Emulator[0]
      [COM vtable] Stack cleanup: ESP=0x001FEE5C, retEIP=0x00459E53, argBytes=8, new ESP=0x001FEE68
dbug: Win32Emu.Emulator[0]
      [RegisterValidation] After COM vtable: EBX=00B04010 (saved=00B04010, preserved=True), ESI=005090EC (saved=005090EC, preserved=True), EDI=00000010 (saved=00000010, preserved=True), EBP=00000001 (saved=00000001, preserved=True, valid=False, savedValid=False), ESP=001FEE68
info: Win32Emu.Emulator[0]
      [COM] Invoking vtable method (async fallback to sync): IDirectDrawSurface::IsLost at address 0x0D002180
info: Win32Emu.Emulator[0]
      [DDraw COM] IDirectDrawSurface::IsLost(this=0x00B04070)
dbug: Win32Emu.Emulator[0]
      [COM] IDirectDrawSurface::IsLost handler completed successfully
info: Win32Emu.Emulator[0]
      [COM] IDirectDrawSurface::IsLost returned 0x00000000 (argBytes=4)
info: Win32Emu.Emulator[0]
      [COM vtable] Return address from stack: ESP=0x001FEE50, retEIP=0x0045A86D
info: Win32Emu.Emulator[0]
      [COM vtable] Stack state before cleanup:
        [ESP+00] = 0x001FEE50: 0x0045A86D (return addr)
        [ESP+04] = 0x001FEE54: 0x00B04070 (arg1)
        [ESP+08] = 0x001FEE58: 0x00000010
        [ESP+12] = 0x001FEE5C: 0x005090EC
        [ESP+16] = 0x001FEE60: 0x00B04010
        [ESP+20] = 0x001FEE64: 0x00459E69
      
info: Win32Emu.Emulator[0]
      [COM vtable] Stack cleanup: ESP=0x001FEE50, retEIP=0x0045A86D, argBytes=4, new ESP=0x001FEE58
dbug: Win32Emu.Emulator[0]
      [RegisterValidation] After COM vtable: EBX=00B04080 (saved=00B04080, preserved=True), ESI=00000001 (saved=00000001, preserved=True), EDI=00000000 (saved=00000000, preserved=True), EBP=00000001 (saved=00000001, preserved=True, valid=False, savedValid=False), ESP=001FEE58
info: Win32Emu.Emulator[0]
      [COM] Invoking vtable method (async fallback to sync): IDirectDrawSurface::IsLost at address 0x0D003180
info: Win32Emu.Emulator[0]
      [DDraw COM] IDirectDrawSurface::IsLost(this=0x00B04110)
dbug: Win32Emu.Emulator[0]
      [COM] IDirectDrawSurface::IsLost handler completed successfully
info: Win32Emu.Emulator[0]
      [COM] IDirectDrawSurface::IsLost returned 0x00000000 (argBytes=4)
info: Win32Emu.Emulator[0]
      [COM vtable] Return address from stack: ESP=0x001FEE50, retEIP=0x0045A89E
info: Win32Emu.Emulator[0]
      [COM vtable] Stack state before cleanup:
        [ESP+00] = 0x001FEE50: 0x0045A89E (return addr)
        [ESP+04] = 0x001FEE54: 0x00B04110 (arg1)
        [ESP+08] = 0x001FEE58: 0x00000010
        [ESP+12] = 0x001FEE5C: 0x005090EC
        [ESP+16] = 0x001FEE60: 0x00B04010
        [ESP+20] = 0x001FEE64: 0x00459E69
      
info: Win32Emu.Emulator[0]
      [COM vtable] Stack cleanup: ESP=0x001FEE50, retEIP=0x0045A89E, argBytes=4, new ESP=0x001FEE58
dbug: Win32Emu.Emulator[0]
      [RegisterValidation] After COM vtable: EBX=00000001 (saved=00000001, preserved=True), ESI=005090BC (saved=005090BC, preserved=True), EDI=00000000 (saved=00000000, preserved=True), EBP=00000001 (saved=00000001, preserved=True, valid=False, savedValid=False), ESP=001FEE58
info: Win32Emu.Emulator[0]
      [Import] Direct call to USER32.DLL!ShowWindow at 0x0F0004F0
info: Win32Emu.Emulator[0]
      Dispatching USER32.DLL!ShowWindow at EIP=0x0F0004F0 ESP=0x001FEE5C stack=77 9E 45 00 00 00 01 00 05 00 00 00 10 06 00 0F
info: Win32Emu.Emulator[0]
      [User32] ShowWindow: HWND=0x00010000 nCmdShow=5
info: Win32Emu.Emulator[0]
      [User32] ShowWindow: Window 0x00010000 is now visible
dbug: Win32Emu.Emulator[0]
      [ProcessEnv] SendMessageToWindow: sending MSG=0x0018 to HWND=0x00010000
info: Win32Emu.Emulator[0]
      [User32] SendMessageA: HWND=0x00010000 MSG=0x0018 wParam=0x00000001 lParam=0x00000000
info: Win32Emu.Emulator[0]
      [User32] SendMessageA: Found WndProc=0x00411450 for HWND=0x00010000
info: Win32Emu.Emulator[0]
      [User32] CallWindowProcedureAsync: Calling 0x00411450 with HWND=0x00010000 MSG=0x0018
info: Win32Emu.Emulator[0]
      [JitCpu] Compiling block at EIP=0x006BE448 using RTL pipeline
info: Win32Emu.Emulator[0]
      [RtlJitCache] Compiling block at 0x006BE448 (17 instructions)
warn: Win32Emu.Emulator[0]
      [X86ToRtl] Unsupported instruction: Loopne at 0x6BE448
warn: Win32Emu.Emulator[0]
      [X86ToRtl] Unsupported instruction: INVALID at 0x6BE44C
warn: Win32Emu.Emulator[0]
      [X86ToRtl] Unsupported instruction: Pushad at 0x6BE464
info: Win32Emu.Emulator[0]
      [RtlJitCache] Saved C# source to /home/runner/work/Win32Emu/Win32Emu/.jitcache/Source/JitBlock_6a51ec80_006BE448.cs
fail: Win32Emu.Emulator[0]
      [RtlJitCache] Compilation failed:
      (32,25): error CS0103: The name 'CL' does not exist in the current context
      (33,25): error CS0103: The name 'CL' does not exist in the current context
      (34,25): error CS0103: The name 'AL' does not exist in the current context
      (35,25): error CS0103: The name 'CL' does not exist in the current context
      (36,25): error CS0103: The name 'AL' does not exist in the current context
      (37,25): error CS0103: The name 'CL' does not exist in the current context
      (38,25): error CS0103: The name 'AL' does not exist in the current context
      (39,25): error CS0103: The name 'AL' does not exist in the current context
      (43,30): error CS0103: The name 'ES' does not exist in the current context
      (44,25): error CS0103: The name 'CL' does not exist in the current context
      (46,30): error CS0103: The name 'ES' does not exist in the current context
      (47,25): error CS0103: The name 'CL' does not exist in the current context
fail: Win32Emu.Emulator[0]
      [User32] CallWindowProcedureAsync: Exception during execution: C# compilation failed: (32,25): error CS0103: The name 'CL' does not exist in the current context
      (33,25): error CS0103: The name 'CL' does not exist in the current context
      (34,25): error CS0103: The name 'AL' does not exist in the current context
      (35,25): error CS0103: The name 'CL' does not exist in the current context
      (36,25): error CS0103: The name 'AL' does not exist in the current context
      (37,25): error CS0103: The name 'CL' does not exist in the current context
      (38,25): error CS0103: The name 'AL' does not exist in the current context
      (39,25): error CS0103: The name 'AL' does not exist in the current context
      (43,30): error CS0103: The name 'ES' does not exist in the current context
      (44,25): error CS0103: The name 'CL' does not exist in the current context
      (46,30): error CS0103: The name 'ES' does not exist in the current context
      (47,25): error CS0103: The name 'CL' does not exist in the current context
      System.InvalidOperationException: C# compilation failed: (32,25): error CS0103: The name 'CL' does not exist in the current context
      (33,25): error CS0103: The name 'CL' does not exist in the current context
      (34,25): error CS0103: The name 'AL' does not exist in the current context
      (35,25): error CS0103: The name 'CL' does not exist in the current context
      (36,25): error CS0103: The name 'AL' does not exist in the current context
      (37,25): error CS0103: The name 'CL' does not exist in the current context
      (38,25): error CS0103: The name 'AL' does not exist in the current context
      (39,25): error CS0103: The name 'AL' does not exist in the current context
      (43,30): error CS0103: The name 'ES' does not exist in the current context
      (44,25): error CS0103: The name 'CL' does not exist in the current context
      (46,30): error CS0103: The name 'ES' does not exist in the current context
      (47,25): error CS0103: The name 'CL' does not exist in the current context
         at Win32Emu.Rtl.RtlJitCache.CompileCSharpToAssembly(String csharpCode, String assemblyName) in /home/runner/work/Win32Emu/Win32Emu/Win32Emu.Rtl/RtlJitCache.cs:line 179
         at Win32Emu.Rtl.RtlJitCache.CompileBlockAsync(UInt32 startAddress, List`1 instructions) in /home/runner/work/Win32Emu/Win32Emu/Win32Emu.Rtl/RtlJitCache.cs:line 105
         at Win32Emu.Rtl.RtlJitCache.CompileBlock(UInt32 startAddress, List`1 instructions) in /home/runner/work/Win32Emu/Win32Emu/Win32Emu.Rtl/RtlJitCache.cs:line 132
         at Win32Emu.Cpu.Jit.JitCpu.CompileBlock(UInt32 startEip, VirtualMemory mem) in /home/runner/work/Win32Emu/Win32Emu/Win32Emu/Cpu/Jit/JitCpu.cs:line 1671
         at Win32Emu.Cpu.Jit.JitCpu.ExecuteBlockAsync(VirtualMemory mem) in /home/runner/work/Win32Emu/Win32Emu/Win32Emu/Cpu/Jit/JitCpu.cs:line 437
         at Win32Emu.Cpu.CpuHelpers.ExecuteAsync(ICpu cpu, VirtualMemory memory) in /home/runner/work/Win32Emu/Win32Emu/Win32Emu/Cpu/CpuHelpers.cs:line 53
         at Win32Emu.Win32.Modules.User32Module.ExecuteStdCallProcedureAsync(ICpu cpu, VirtualMemory memory, UInt32 procedureAddress, UInt32[] parameters, String contextName, CancellationToken cancellationToken) in /home/runner/work/Win32Emu/Win32Emu/Win32Emu/Win32/Modules/User32Module.cs:line 2920
info: Win32Emu.Emulator[0]
      [User32] CallWindowProcedureAsync: Completed with return value 0x00000000, timedOut=False, cancelled=False, failed=True
info: Win32Emu.Emulator[0]
      [User32] SendMessageA: WndProc returned 0x00000000
dbug: Win32Emu.Emulator[0]
      [ProcessEnv] SendMessageToWindow: WndProc returned 0x00000000
dbug: Win32Emu.Emulator[0]
      [User32] ShowWindow: Sent WM_SHOWWINDOW to window 0x00010000
dbug: Win32Emu.Emulator[0]
      [ProcessEnv] SendMessageToWindow: sending MSG=0x001C to HWND=0x00010000
info: Win32Emu.Emulator[0]
      [User32] SendMessageA: HWND=0x00010000 MSG=0x001C wParam=0x00000001 lParam=0x00000000
info: Win32Emu.Emulator[0]
      [User32] SendMessageA: Found WndProc=0x00411450 for HWND=0x00010000
info: Win32Emu.Emulator[0]
      [User32] CallWindowProcedureAsync: Calling 0x00411450 with HWND=0x00010000 MSG=0x001C
info: Win32Emu.Emulator[0]
      [JitCpu] Compiling block at EIP=0x006BE448 using RTL pipeline
info: Win32Emu.Emulator[0]
      [RtlJitCache] Compiling block at 0x006BE448 (17 instructions)
warn: Win32Emu.Emulator[0]
      [X86ToRtl] Unsupported instruction: Loopne at 0x6BE448
warn: Win32Emu.Emulator[0]
      [X86ToRtl] Unsupported instruction: INVALID at 0x6BE44C
warn: Win32Emu.Emulator[0]
      [X86ToRtl] Unsupported instruction: Pushad at 0x6BE464
info: Win32Emu.Emulator[0]
      [RtlJitCache] Saved C# source to /home/runner/work/Win32Emu/Win32Emu/.jitcache/Source/JitBlock_6a51ec80_006BE448.cs
fail: Win32Emu.Emulator[0]
      [RtlJitCache] Compilation failed:
      (32,25): error CS0103: The name 'CL' does not exist in the current context
      (33,25): error CS0103: The name 'CL' does not exist in the current context
      (34,25): error CS0103: The name 'AL' does not exist in the current context
      (35,25): error CS0103: The name 'CL' does not exist in the current context
      (36,25): error CS0103: The name 'AL' does not exist in the current context
      (37,25): error CS0103: The name 'CL' does not exist in the current context
      (38,25): error CS0103: The name 'AL' does not exist in the current context
      (39,25): error CS0103: The name 'AL' does not exist in the current context
      (43,30): error CS0103: The name 'ES' does not exist in the current context
      (44,25): error CS0103: The name 'CL' does not exist in the current context
      (46,30): error CS0103: The name 'ES' does not exist in the current context
      (47,25): error CS0103: The name 'CL' does not exist in the current context
fail: Win32Emu.Emulator[0]
      [User32] CallWindowProcedureAsync: Exception during execution: C# compilation failed: (32,25): error CS0103: The name 'CL' does not exist in the current context
      (33,25): error CS0103: The name 'CL' does not exist in the current context
      (34,25): error CS0103: The name 'AL' does not exist in the current context
      (35,25): error CS0103: The name 'CL' does not exist in the current context
      (36,25): error CS0103: The name 'AL' does not exist in the current context
      (37,25): error CS0103: The name 'CL' does not exist in the current context
      (38,25): error CS0103: The name 'AL' does not exist in the current context
      (39,25): error CS0103: The name 'AL' does not exist in the current context
      (43,30): error CS0103: The name 'ES' does not exist in the current context
      (44,25): error CS0103: The name 'CL' does not exist in the current context
      (46,30): error CS0103: The name 'ES' does not exist in the current context
      (47,25): error CS0103: The name 'CL' does not exist in the current context
      System.InvalidOperationException: C# compilation failed: (32,25): error CS0103: The name 'CL' does not exist in the current context
      (33,25): error CS0103: The name 'CL' does not exist in the current context
      (34,25): error CS0103: The name 'AL' does not exist in the current context
      (35,25): error CS0103: The name 'CL' does not exist in the current context
      (36,25): error CS0103: The name 'AL' does not exist in the current context
      (37,25): error CS0103: The name 'CL' does not exist in the current context
      (38,25): error CS0103: The name 'AL' does not exist in the current context
      (39,25): error CS0103: The name 'AL' does not exist in the current context
      (43,30): error CS0103: The name 'ES' does not exist in the current context
      (44,25): error CS0103: The name 'CL' does not exist in the current context
      (46,30): error CS0103: The name 'ES' does not exist in the current context
      (47,25): error CS0103: The name 'CL' does not exist in the current context
         at Win32Emu.Rtl.RtlJitCache.CompileCSharpToAssembly(String csharpCode, String assemblyName) in /home/runner/work/Win32Emu/Win32Emu/Win32Emu.Rtl/RtlJitCache.cs:line 179
         at Win32Emu.Rtl.RtlJitCache.CompileBlockAsync(UInt32 startAddress, List`1 instructions) in /home/runner/work/Win32Emu/Win32Emu/Win32Emu.Rtl/RtlJitCache.cs:line 105
         at Win32Emu.Rtl.RtlJitCache.CompileBlock(UInt32 startAddress, List`1 instructions) in /home/runner/work/Win32Emu/Win32Emu/Win32Emu.Rtl/RtlJitCache.cs:line 132
         at Win32Emu.Cpu.Jit.JitCpu.CompileBlock(UInt32 startEip, VirtualMemory mem) in /home/runner/work/Win32Emu/Win32Emu/Win32Emu/Cpu/Jit/JitCpu.cs:line 1671
         at Win32Emu.Cpu.Jit.JitCpu.ExecuteBlockAsync(VirtualMemory mem) in /home/runner/work/Win32Emu/Win32Emu/Win32Emu/Cpu/Jit/JitCpu.cs:line 437
         at Win32Emu.Cpu.CpuHelpers.ExecuteAsync(ICpu cpu, VirtualMemory memory) in /home/runner/work/Win32Emu/Win32Emu/Win32Emu/Cpu/CpuHelpers.cs:line 53
         at Win32Emu.Win32.Modules.User32Module.ExecuteStdCallProcedureAsync(ICpu cpu, VirtualMemory memory, UInt32 procedureAddress, UInt32[] parameters, String contextName, CancellationToken cancellationToken) in /home/runner/work/Win32Emu/Win32Emu/Win32Emu/Win32/Modules/User32Module.cs:line 2920
info: Win32Emu.Emulator[0]
      [User32] CallWindowProcedureAsync: Completed with return value 0x00000000, timedOut=False, cancelled=False, failed=True
info: Win32Emu.Emulator[0]
      [User32] SendMessageA: WndProc returned 0x00000000
dbug: Win32Emu.Emulator[0]
      [ProcessEnv] SendMessageToWindow: WndProc returned 0x00000000
dbug: Win32Emu.Emulator[0]
      [User32] ShowWindow: Sent WM_ACTIVATEAPP to window 0x00010000
dbug: Win32Emu.Emulator[0]
      [ProcessEnv] SetWindowProperty: HWND=0x00010000 index=-16 value=0x90080000
info: Win32Emu.Emulator[0]
      [Dispatcher] USER32.DLL!ShowWindow returned 0x00000000, argBytes=8, convention=Stdcall
info: Win32Emu.Emulator[0]
      [Import USER32.DLL!ShowWindow] Return address from stack: ESP=0x001FEE5C, retEIP=0x00459E77
info: Win32Emu.Emulator[0]
      [Import USER32.DLL!ShowWindow] Stack state before cleanup:
        [ESP+00] = 0x001FEE5C: 0x00459E77 (return addr)
        [ESP+04] = 0x001FEE60: 0x00010000 (arg1)
        [ESP+08] = 0x001FEE64: 0x00000005 (arg2)
        [ESP+12] = 0x001FEE68: 0x0F000610
        [ESP+16] = 0x001FEE6C: 0x00000000
        [ESP+20] = 0x001FEE70: 0x00000000
      
info: Win32Emu.Emulator[0]
      [Import USER32.DLL!ShowWindow] Stack cleanup: ESP=0x001FEE5C, retEIP=0x00459E77, argBytes=8, new ESP=0x001FEE68
dbug: Win32Emu.Emulator[0]
      [RegisterValidation] After Import USER32.DLL!ShowWindow: EBX=00B04010 (saved=00B04010, preserved=True), ESI=005090EC (saved=005090EC, preserved=True), EDI=00000010 (saved=00000010, preserved=True), EBP=00000001 (saved=00000001, preserved=True, valid=False, savedValid=False), ESP=001FEE68
dbug: Win32Emu.Emulator[0]
      [Import] Successfully invoked USER32.DLL!ShowWindow
dbug: Win32Emu.Emulator[0]
      
      [Debug] *** CPU TRYING TO EXECUTE SYNTHETIC IMPORT ADDRESS! ***
dbug: Win32Emu.Emulator[0]
      [Debug] EIP=0x0F0006D0 at instruction 161197
dbug: Win32Emu.Emulator[0]
      [Debug] This is import: DINPUT.DLL!DirectInputCreateA
dbug: Win32Emu.Emulator[0]
      [Debug] This should now execute an INT3 stub that will be handled as an import call
dbug: Win32Emu.Emulator[0]
      [Syscall] Advanced EIP past INT 0x80: 0x0E000000 -> 0x0E000002
info: Win32Emu.Emulator[0]
      [Syscall] DINPUT.DLL!DirectInputCreateA from stub at 0x0F0006D0
info: Win32Emu.Emulator[0]
      [Syscall] BEFORE API: Return address at 0x001FEED4 = 0x00453C4F
info: Win32Emu.Emulator[0]
      Dispatching async DINPUT.DLL!DirectInputCreateA at EIP=0x0E000002 ESP=0x001FEED4 stack=4F 3C 45 00 00 00 40 00 00 03 00 00 68 89 50 00
info: Win32Emu.Emulator[0]
      [DInput] DirectInputCreateA(hinst=0x00400000, dwVersion=0x00000300, lplpDirectInput=0x00508968, pUnkOuter=0x00000000)
info: Win32Emu.Emulator[0]
      [SilkInput] Input subsystem initialized
info: Win32Emu.Emulator[0]
      [DInput] Input backend initialized successfully
dbug: Win32Emu.Emulator[0]
      [COM] IDirectInput::QueryInterface -> 0x0D005000 (argBytes=12)
dbug: Win32Emu.Emulator[0]
      [COM] IDirectInput::AddRef -> 0x0D005010 (argBytes=4)
dbug: Win32Emu.Emulator[0]
      [COM] IDirectInput::Release -> 0x0D005020 (argBytes=4)
dbug: Win32Emu.Emulator[0]
      [COM] IDirectInput::CreateDevice -> 0x0D005030 (argBytes=16)
dbug: Win32Emu.Emulator[0]
      [COM] IDirectInput::EnumDevices -> 0x0D005040 (argBytes=20)
dbug: Win32Emu.Emulator[0]
      [COM] IDirectInput::GetDeviceStatus -> 0x0D005050 (argBytes=8)
dbug: Win32Emu.Emulator[0]
      [COM] IDirectInput::RunControlPanel -> 0x0D005060 (argBytes=12)
dbug: Win32Emu.Emulator[0]
      [COM] IDirectInput::Initialize -> 0x0D005070 (argBytes=12)
info: Win32Emu.Emulator[0]
      [COM] Created IDirectInput object at 0x00B041E0 (vtable at 0x00B041F0)
info: Win32Emu.Emulator[0]
      [COM] Verifying vtable at 0x00B041F0 with 8 methods:
info: Win32Emu.Emulator[0]
      [COM]   [00] vtable[0x00B041F0] = 0x0D005000 (QueryInterface)
info: Win32Emu.Emulator[0]
      [COM]   [01] vtable[0x00B041F4] = 0x0D005010 (AddRef)
info: Win32Emu.Emulator[0]
      [COM]   [02] vtable[0x00B041F8] = 0x0D005020 (Release)
info: Win32Emu.Emulator[0]
      [COM]   [03] vtable[0x00B041FC] = 0x0D005030 (CreateDevice)
info: Win32Emu.Emulator[0]
      [COM]   [04] vtable[0x00B04200] = 0x0D005040 (EnumDevices)
info: Win32Emu.Emulator[0]
      [COM]   [05] vtable[0x00B04204] = 0x0D005050 (GetDeviceStatus)
info: Win32Emu.Emulator[0]
      [COM]   [06] vtable[0x00B04208] = 0x0D005060 (RunControlPanel)
info: Win32Emu.Emulator[0]
      [COM]   [07] vtable[0x00B0420C] = 0x0D005070 (Initialize)
info: Win32Emu.Emulator[0]
      [DInput] Writing COM object 0x00B041E0 to address 0x00508968
dbug: Win32Emu.Emulator[0]
      [MemoryWrite] Write32 to .data section at 0x00508968: 0x00B041E0
info: Win32Emu.Emulator[0]
      [DInput] Verification: Read back 0x00B041E0 from 0x00508968 - SUCCESS
info: Win32Emu.Emulator[0]
      [DInput] Created IDirectInput COM object at 0x00B041E0
info: Win32Emu.Emulator[0]
      [Dispatcher] Async DINPUT.DLL!DirectInputCreateA returned 0x00000000, argBytes=16
info: Win32Emu.Emulator[0]
      [Syscall] AFTER API: Return address at 0x001FEED4 = 0x00453C4F
dbug: Win32Emu.Emulator[0]
      [RegisterValidation] After Syscall DINPUT.DLL!DirectInputCreateA: EBX=00000000 (saved=00000000, preserved=True), ESI=00000000 (saved=00000000, preserved=True), EDI=00000000 (saved=00000000, preserved=True), EBP=0F000610 (saved=0F000610, preserved=True, valid=False, savedValid=False), ESP=001FEED0
dbug: Win32Emu.Emulator[0]
      [Syscall] Returned 0x00000000, argBytes=16, calling convention=Stdcall, CPU will execute RET naturally
dbug: Win32Emu.Emulator[0]
      [Syscall] Patched RET at 0x0F0006D5 with argBytes=16 for Stdcall calling convention
dbug: Win32Emu.Emulator[0]
      [Syscall] CPU state after DINPUT.DLL!DirectInputCreateA: EAX=0x00000000 ESP=0x001FEED0
dbug: Win32Emu.Emulator[0]
      
      [Syscall] Stack validation after DINPUT.DLL!DirectInputCreateA:
        [ESP+-8] = 0x001FEEDC: 0x00000300
        [ESP+-4] = 0x001FEEE0: 0x00508968
        [ESP++0] = 0x001FEEE4: 0x00000000 <-- Future ESP
        [ESP++4] = 0x001FEEE8: 0x00000000
        [ESP++8] = 0x001FEEEC: 0x00000014
        [ESP++12] = 0x001FEEF0: 0x00000010
        [ESP++16] = 0x001FEEF4: 0x00000000
dbug: Win32Emu.Emulator[0]
      
      [Debug] *** CPU TRYING TO EXECUTE SYNTHETIC IMPORT ADDRESS! ***
dbug: Win32Emu.Emulator[0]
      [Debug] EIP=0x0F0006D5 at instruction 161200
dbug: Win32Emu.Emulator[0]
      [Debug] This is import: DINPUT.DLL!DirectInputCreateA
dbug: Win32Emu.Emulator[0]
      [Debug] This should now execute an INT3 stub that will be handled as an import call
info: Win32Emu.Emulator[0]
      [COM] Invoking vtable method (async fallback to sync): IDirectInput::CreateDevice at address 0x0D005030
info: Win32Emu.Emulator[0]
      [DInput COM] IDirectInput::CreateDevice(this=0x00B041E0, rguid=0x001FEF00, lplpDevice=0x00508C74, pUnkOuter=0x00000000)
dbug: Win32Emu.Emulator[0]
      [COM] IDirectInputDevice::QueryInterface -> 0x0D006000 (argBytes=12)
dbug: Win32Emu.Emulator[0]
      [COM] IDirectInputDevice::AddRef -> 0x0D006010 (argBytes=4)
dbug: Win32Emu.Emulator[0]
      [COM] IDirectInputDevice::Release -> 0x0D006020 (argBytes=4)
dbug: Win32Emu.Emulator[0]
      [COM] IDirectInputDevice::GetCapabilities -> 0x0D006030 (argBytes=8)
dbug: Win32Emu.Emulator[0]
      [COM] IDirectInputDevice::EnumObjects -> 0x0D006040 (argBytes=16)
dbug: Win32Emu.Emulator[0]
      [COM] IDirectInputDevice::GetProperty -> 0x0D006050 (argBytes=12)
dbug: Win32Emu.Emulator[0]
      [COM] IDirectInputDevice::SetProperty -> 0x0D006060 (argBytes=12)
dbug: Win32Emu.Emulator[0]
      [COM] IDirectInputDevice::Acquire -> 0x0D006070 (argBytes=4)
dbug: Win32Emu.Emulator[0]
      [COM] IDirectInputDevice::Unacquire -> 0x0D006080 (argBytes=4)
dbug: Win32Emu.Emulator[0]
      [COM] IDirectInputDevice::GetDeviceState -> 0x0D006090 (argBytes=12)
dbug: Win32Emu.Emulator[0]
      [COM] IDirectInputDevice::GetDeviceData -> 0x0D0060A0 (argBytes=20)
dbug: Win32Emu.Emulator[0]
      [COM] IDirectInputDevice::SetDataFormat -> 0x0D0060B0 (argBytes=8)
dbug: Win32Emu.Emulator[0]
      [COM] IDirectInputDevice::SetEventNotification -> 0x0D0060C0 (argBytes=8)
dbug: Win32Emu.Emulator[0]
      [COM] IDirectInputDevice::SetCooperativeLevel -> 0x0D0060D0 (argBytes=12)
dbug: Win32Emu.Emulator[0]
      [COM] IDirectInputDevice::GetObjectInfo -> 0x0D0060E0 (argBytes=16)
dbug: Win32Emu.Emulator[0]
      [COM] IDirectInputDevice::GetDeviceInfo -> 0x0D0060F0 (argBytes=8)
dbug: Win32Emu.Emulator[0]
      [COM] IDirectInputDevice::RunControlPanel -> 0x0D006100 (argBytes=12)
dbug: Win32Emu.Emulator[0]
      [COM] IDirectInputDevice::Initialize -> 0x0D006110 (argBytes=16)
info: Win32Emu.Emulator[0]
      [COM] Created IDirectInputDevice object at 0x00B04210 (vtable at 0x00B04220)
info: Win32Emu.Emulator[0]
      [COM] Verifying vtable at 0x00B04220 with 18 methods:
info: Win32Emu.Emulator[0]
      [COM]   [00] vtable[0x00B04220] = 0x0D006000 (QueryInterface)
info: Win32Emu.Emulator[0]
      [COM]   [01] vtable[0x00B04224] = 0x0D006010 (AddRef)
info: Win32Emu.Emulator[0]
      [COM]   [02] vtable[0x00B04228] = 0x0D006020 (Release)
info: Win32Emu.Emulator[0]
      [COM]   [03] vtable[0x00B0422C] = 0x0D006030 (GetCapabilities)
info: Win32Emu.Emulator[0]
      [COM]   [04] vtable[0x00B04230] = 0x0D006040 (EnumObjects)
info: Win32Emu.Emulator[0]
      [COM]   [05] vtable[0x00B04234] = 0x0D006050 (GetProperty)
info: Win32Emu.Emulator[0]
      [COM]   [06] vtable[0x00B04238] = 0x0D006060 (SetProperty)
info: Win32Emu.Emulator[0]
      [COM]   [07] vtable[0x00B0423C] = 0x0D006070 (Acquire)
info: Win32Emu.Emulator[0]
      [COM]   [08] vtable[0x00B04240] = 0x0D006080 (Unacquire)
info: Win32Emu.Emulator[0]
      [COM]   [09] vtable[0x00B04244] = 0x0D006090 (GetDeviceState)
info: Win32Emu.Emulator[0]
      [COM]   [10] vtable[0x00B04248] = 0x0D0060A0 (GetDeviceData)
info: Win32Emu.Emulator[0]
      [COM]   [11] vtable[0x00B0424C] = 0x0D0060B0 (SetDataFormat)
info: Win32Emu.Emulator[0]
      [COM]   [12] vtable[0x00B04250] = 0x0D0060C0 (SetEventNotification)
info: Win32Emu.Emulator[0]
      [COM]   [13] vtable[0x00B04254] = 0x0D0060D0 (SetCooperativeLevel)
info: Win32Emu.Emulator[0]
      [COM]   [14] vtable[0x00B04258] = 0x0D0060E0 (GetObjectInfo)
dbug: Win32Emu.Emulator[0]
      [MemoryWrite] Write32 to .data section at 0x00508C74: 0x00B04210
info: Win32Emu.Emulator[0]
      [DInput COM] Created IDirectInputDevice COM object at 0x00B04210
dbug: Win32Emu.Emulator[0]
      [COM] IDirectInput::CreateDevice handler completed successfully
info: Win32Emu.Emulator[0]
      [COM] IDirectInput::CreateDevice returned 0x00000000 (argBytes=16)
info: Win32Emu.Emulator[0]
      [COM vtable] Return address from stack: ESP=0x001FEED4, retEIP=0x00453C72
info: Win32Emu.Emulator[0]
      [COM vtable] Stack state before cleanup:
        [ESP+00] = 0x001FEED4: 0x00453C72 (return addr)
        [ESP+04] = 0x001FEED8: 0x00B041E0 (arg1)
        [ESP+08] = 0x001FEEDC: 0x001FEF00 (arg2)
        [ESP+12] = 0x001FEEE0: 0x00508C74 (arg3)
        [ESP+16] = 0x001FEEE4: 0x00000000 (arg4)
        [ESP+20] = 0x001FEEE8: 0x00000000
      
info: Win32Emu.Emulator[0]
      [COM vtable] Stack cleanup: ESP=0x001FEED4, retEIP=0x00453C72, argBytes=16, new ESP=0x001FEEE8
dbug: Win32Emu.Emulator[0]
      [RegisterValidation] After COM vtable: EBX=00000000 (saved=00000000, preserved=True), ESI=00000000 (saved=00000000, preserved=True), EDI=00000000 (saved=00000000, preserved=True), EBP=0F000610 (saved=0F000610, preserved=True, valid=False, savedValid=False), ESP=001FEEE8
info: Win32Emu.Emulator[0]
      [COM] Invoking vtable method (async fallback to sync): IDirectInputDevice::SetDataFormat at address 0x0D0060B0
info: Win32Emu.Emulator[0]
      [DInput COM] IDirectInputDevice::SetDataFormat(this=0x00B04210, lpdf=0x00476880)
info: Win32Emu.Emulator[0]
      [DInput COM]   DIDATAFORMAT: size=24, objSize=16, flags=0x2, dataSize=256, numObjs=256, rgodf=0x00475880
dbug: Win32Emu.Emulator[0]
      [COM] IDirectInputDevice::SetDataFormat handler completed successfully
info: Win32Emu.Emulator[0]
      [COM] IDirectInputDevice::SetDataFormat returned 0x00000000 (argBytes=8)
info: Win32Emu.Emulator[0]
      [COM vtable] Return address from stack: ESP=0x001FEEDC, retEIP=0x00453C8D
info: Win32Emu.Emulator[0]
      [COM vtable] Stack state before cleanup:
        [ESP+00] = 0x001FEEDC: 0x00453C8D (return addr)
        [ESP+04] = 0x001FEEE0: 0x00B04210 (arg1)
        [ESP+08] = 0x001FEEE4: 0x00476880 (arg2)
        [ESP+12] = 0x001FEEE8: 0x00000000
        [ESP+16] = 0x001FEEEC: 0x00000014
        [ESP+20] = 0x001FEEF0: 0x00000010
      
info: Win32Emu.Emulator[0]
      [COM vtable] Stack cleanup: ESP=0x001FEEDC, retEIP=0x00453C8D, argBytes=8, new ESP=0x001FEEE8
dbug: Win32Emu.Emulator[0]
      [RegisterValidation] After COM vtable: EBX=00000000 (saved=00000000, preserved=True), ESI=00000000 (saved=00000000, preserved=True), EDI=00000000 (saved=00000000, preserved=True), EBP=0F000610 (saved=0F000610, preserved=True, valid=False, savedValid=False), ESP=001FEEE8
info: Win32Emu.Emulator[0]
      [COM] Invoking vtable method (async fallback to sync): IDirectInputDevice::SetCooperativeLevel at address 0x0D0060D0
info: Win32Emu.Emulator[0]
      [DInput COM] IDirectInputDevice::SetCooperativeLevel(this=0x00B04210, hwnd=0x00010000, flags=0x00000006)
info: Win32Emu.Emulator[0]
      [DInput COM]   Flags: DISCL_NONEXCLUSIVE | DISCL_FOREGROUND
dbug: Win32Emu.Emulator[0]
      [COM] IDirectInputDevice::SetCooperativeLevel handler completed successfully
info: Win32Emu.Emulator[0]
      [COM] IDirectInputDevice::SetCooperativeLevel returned 0x00000000 (argBytes=12)
info: Win32Emu.Emulator[0]
      [COM vtable] Return address from stack: ESP=0x001FEED8, retEIP=0x00453CAC
info: Win32Emu.Emulator[0]
      [COM vtable] Stack state before cleanup:
        [ESP+00] = 0x001FEED8: 0x00453CAC (return addr)
        [ESP+04] = 0x001FEEDC: 0x00B04210 (arg1)
        [ESP+08] = 0x001FEEE0: 0x00010000 (arg2)
        [ESP+12] = 0x001FEEE4: 0x00000006 (arg3)
        [ESP+16] = 0x001FEEE8: 0x00000000
        [ESP+20] = 0x001FEEEC: 0x00000014
      
info: Win32Emu.Emulator[0]
      [COM vtable] Stack cleanup: ESP=0x001FEED8, retEIP=0x00453CAC, argBytes=12, new ESP=0x001FEEE8
dbug: Win32Emu.Emulator[0]
      [RegisterValidation] After COM vtable: EBX=00000000 (saved=00000000, preserved=True), ESI=00000000 (saved=00000000, preserved=True), EDI=00000000 (saved=00000000, preserved=True), EBP=0F000610 (saved=0F000610, preserved=True, valid=False, savedValid=False), ESP=001FEEE8
info: Win32Emu.Emulator[0]
      [COM] Invoking vtable method (async fallback to sync): IDirectInputDevice::SetProperty at address 0x0D006060
info: Win32Emu.Emulator[0]
      [DInput COM] IDirectInputDevice::SetProperty(this=0x00B04210, rguidProp=0x00000001, pdiph=0x001FEEEC)
info: Win32Emu.Emulator[0]
      [DInput COM]   DIPROPHEADER: size=20, headerSize=16, obj=0, how=0
info: Win32Emu.Emulator[0]
      [DInput COM]   Property value: 32
dbug: Win32Emu.Emulator[0]
      [COM] IDirectInputDevice::SetProperty handler completed successfully
info: Win32Emu.Emulator[0]
      [COM] IDirectInputDevice::SetProperty returned 0x00000000 (argBytes=12)
info: Win32Emu.Emulator[0]
      [COM vtable] Return address from stack: ESP=0x001FEED8, retEIP=0x00453CCA
info: Win32Emu.Emulator[0]
      [COM vtable] Stack state before cleanup:
        [ESP+00] = 0x001FEED8: 0x00453CCA (return addr)
        [ESP+04] = 0x001FEEDC: 0x00B04210 (arg1)
        [ESP+08] = 0x001FEEE0: 0x00000001 (arg2)
        [ESP+12] = 0x001FEEE4: 0x001FEEEC (arg3)
        [ESP+16] = 0x001FEEE8: 0x00000000
        [ESP+20] = 0x001FEEEC: 0x00000014
      
info: Win32Emu.Emulator[0]
      [COM vtable] Stack cleanup: ESP=0x001FEED8, retEIP=0x00453CCA, argBytes=12, new ESP=0x001FEEE8
dbug: Win32Emu.Emulator[0]
      [RegisterValidation] After COM vtable: EBX=00000000 (saved=00000000, preserved=True), ESI=00000000 (saved=00000000, preserved=True), EDI=00000000 (saved=00000000, preserved=True), EBP=0F000610 (saved=0F000610, preserved=True, valid=False, savedValid=False), ESP=001FEEE8
info: Win32Emu.Emulator[0]
      [COM] Invoking vtable method (async fallback to sync): IDirectInputDevice::Acquire at address 0x0D006070
info: Win32Emu.Emulator[0]
      [DInput COM] IDirectInputDevice::Acquire(this=0x00B04210)
info: Win32Emu.Emulator[0]
      [DInput COM]   Device acquired successfully
dbug: Win32Emu.Emulator[0]
      [COM] IDirectInputDevice::Acquire handler completed successfully
info: Win32Emu.Emulator[0]
      [COM] IDirectInputDevice::Acquire returned 0x00000000 (argBytes=4)
info: Win32Emu.Emulator[0]
      [COM vtable] Return address from stack: ESP=0x001FEEE0, retEIP=0x00453CE0
info: Win32Emu.Emulator[0]
      [COM vtable] Stack state before cleanup:
        [ESP+00] = 0x001FEEE0: 0x00453CE0 (return addr)
        [ESP+04] = 0x001FEEE4: 0x00B04210 (arg1)
        [ESP+08] = 0x001FEEE8: 0x00000000
        [ESP+12] = 0x001FEEEC: 0x00000014
        [ESP+16] = 0x001FEEF0: 0x00000010
        [ESP+20] = 0x001FEEF4: 0x00000000
      
info: Win32Emu.Emulator[0]
      [COM vtable] Stack cleanup: ESP=0x001FEEE0, retEIP=0x00453CE0, argBytes=4, new ESP=0x001FEEE8
dbug: Win32Emu.Emulator[0]
      [RegisterValidation] After COM vtable: EBX=00000000 (saved=00000000, preserved=True), ESI=00000000 (saved=00000000, preserved=True), EDI=00000000 (saved=00000000, preserved=True), EBP=0F000610 (saved=0F000610, preserved=True, valid=False, savedValid=False), ESP=001FEEE8
info: Win32Emu.Emulator[0]
      [Import] Direct call to USER32.DLL!GetMessageA at 0x0F000600
info: Win32Emu.Emulator[0]
      Dispatching USER32.DLL!GetMessageA at EIP=0x0F000600 ESP=0x001FEF04 stack=76 13 41 00 28 EF 1F 00 00 00 00 00 00 00 00 00
info: Win32Emu.Emulator[0]
      [User32] GetMessageA: retrieved MSG=0x0001 HWND=0x00010000
info: Win32Emu.Emulator[0]
      [Dispatcher] USER32.DLL!GetMessageA returned 0x00000001, argBytes=16, convention=Stdcall
info: Win32Emu.Emulator[0]
      [Import USER32.DLL!GetMessageA] Return address from stack: ESP=0x001FEF04, retEIP=0x00411376
info: Win32Emu.Emulator[0]
      [Import USER32.DLL!GetMessageA] Stack state before cleanup:
        [ESP+00] = 0x001FEF04: 0x00411376 (return addr)
        [ESP+04] = 0x001FEF08: 0x001FEF28 (arg1)
        [ESP+08] = 0x001FEF0C: 0x00000000 (arg2)
        [ESP+12] = 0x001FEF10: 0x00000000 (arg3)
        [ESP+16] = 0x001FEF14: 0x00000000 (arg4)
        [ESP+20] = 0x001FEF18: 0x001FEFFC
      
info: Win32Emu.Emulator[0]
      [Import USER32.DLL!GetMessageA] Stack cleanup: ESP=0x001FEF04, retEIP=0x00411376, argBytes=16, new ESP=0x001FEF18
dbug: Win32Emu.Emulator[0]
      [RegisterValidation] After Import USER32.DLL!GetMessageA: EBX=0F000480 (saved=0F000480, preserved=True), ESI=0F0005F0 (saved=0F0005F0, preserved=True), EDI=0F000600 (saved=0F000600, preserved=True), EBP=0F000470 (saved=0F000470, preserved=True, valid=False, savedValid=False), ESP=001FEF18
dbug: Win32Emu.Emulator[0]
      [Import] Successfully invoked USER32.DLL!GetMessageA
info: Win32Emu.Emulator[0]
      [Import] Direct call to USER32.DLL!TranslateMessage at 0x0F000470
info: Win32Emu.Emulator[0]
      Dispatching USER32.DLL!TranslateMessage at EIP=0x0F000470 ESP=0x001FEF10 stack=81 13 41 00 28 EF 1F 00 FC EF 1F 00 00 00 00 00
info: Win32Emu.Emulator[0]
      [User32] TranslateMessage: HWND=0x00010000 MSG=0x0001 wParam=0x00000000 lParam=0x00000000
info: Win32Emu.Emulator[0]
      [Dispatcher] USER32.DLL!TranslateMessage returned 0x00000000, argBytes=4, convention=Stdcall
info: Win32Emu.Emulator[0]
      [Import USER32.DLL!TranslateMessage] Return address from stack: ESP=0x001FEF10, retEIP=0x00411381
info: Win32Emu.Emulator[0]
      [Import USER32.DLL!TranslateMessage] Stack state before cleanup:
        [ESP+00] = 0x001FEF10: 0x00411381 (return addr)
        [ESP+04] = 0x001FEF14: 0x001FEF28 (arg1)
        [ESP+08] = 0x001FEF18: 0x001FEFFC
        [ESP+12] = 0x001FEF1C: 0x00000000
        [ESP+16] = 0x001FEF20: 0x006E0018
        [ESP+20] = 0x001FEF24: 0x00000000
      
info: Win32Emu.Emulator[0]
      [Import USER32.DLL!TranslateMessage] Stack cleanup: ESP=0x001FEF10, retEIP=0x00411381, argBytes=4, new ESP=0x001FEF18
dbug: Win32Emu.Emulator[0]
      [RegisterValidation] After Import USER32.DLL!TranslateMessage: EBX=0F000480 (saved=0F000480, preserved=True), ESI=0F0005F0 (saved=0F0005F0, preserved=True), EDI=0F000600 (saved=0F000600, preserved=True), EBP=0F000470 (saved=0F000470, preserved=True, valid=False, savedValid=False), ESP=001FEF18
dbug: Win32Emu.Emulator[0]
      [Import] Successfully invoked USER32.DLL!TranslateMessage
info: Win32Emu.Emulator[0]
      [Import] Direct call to USER32.DLL!DispatchMessageA at 0x0F000480
info: Win32Emu.Emulator[0]
      Dispatching USER32.DLL!DispatchMessageA at EIP=0x0F000480 ESP=0x001FEF10 stack=88 13 41 00 28 EF 1F 00 FC EF 1F 00 00 00 00 00
info: Win32Emu.Emulator[0]
      [User32] DispatchMessageA: HWND=0x00010000 MSG=0x0001 wParam=0x00000000 lParam=0x00000000
info: Win32Emu.Emulator[0]
      [User32] DispatchMessageA: Found WndProc=0x00411450 for HWND=0x00010000
info: Win32Emu.Emulator[0]
      [User32] CallWindowProcedureAsync: Calling 0x00411450 with HWND=0x00010000 MSG=0x0001
info: Win32Emu.Emulator[0]
      [JitCpu] Compiling block at EIP=0x006BE448 using RTL pipeline
info: Win32Emu.Emulator[0]
      [RtlJitCache] Compiling block at 0x006BE448 (17 instructions)
warn: Win32Emu.Emulator[0]
      [X86ToRtl] Unsupported instruction: Loopne at 0x6BE448
warn: Win32Emu.Emulator[0]
      [X86ToRtl] Unsupported instruction: INVALID at 0x6BE44C
warn: Win32Emu.Emulator[0]
      [X86ToRtl] Unsupported instruction: Pushad at 0x6BE464
info: Win32Emu.Emulator[0]
      [RtlJitCache] Saved C# source to /home/runner/work/Win32Emu/Win32Emu/.jitcache/Source/JitBlock_6a51ec80_006BE448.cs
fail: Win32Emu.Emulator[0]
      [RtlJitCache] Compilation failed:
      (32,25): error CS0103: The name 'CL' does not exist in the current context
      (33,25): error CS0103: The name 'CL' does not exist in the current context
      (34,25): error CS0103: The name 'AL' does not exist in the current context
      (35,25): error CS0103: The name 'CL' does not exist in the current context
      (36,25): error CS0103: The name 'AL' does not exist in the current context
      (37,25): error CS0103: The name 'CL' does not exist in the current context
      (38,25): error CS0103: The name 'AL' does not exist in the current context
      (39,25): error CS0103: The name 'AL' does not exist in the current context
      (43,30): error CS0103: The name 'ES' does not exist in the current context
      (44,25): error CS0103: The name 'CL' does not exist in the current context
      (46,30): error CS0103: The name 'ES' does not exist in the current context
      (47,25): error CS0103: The name 'CL' does not exist in the current context
fail: Win32Emu.Emulator[0]
      [User32] CallWindowProcedureAsync: Exception during execution: C# compilation failed: (32,25): error CS0103: The name 'CL' does not exist in the current context
      (33,25): error CS0103: The name 'CL' does not exist in the current context
      (34,25): error CS0103: The name 'AL' does not exist in the current context
      (35,25): error CS0103: The name 'CL' does not exist in the current context
      (36,25): error CS0103: The name 'AL' does not exist in the current context
      (37,25): error CS0103: The name 'CL' does not exist in the current context
      (38,25): error CS0103: The name 'AL' does not exist in the current context
      (39,25): error CS0103: The name 'AL' does not exist in the current context
      (43,30): error CS0103: The name 'ES' does not exist in the current context
      (44,25): error CS0103: The name 'CL' does not exist in the current context
      (46,30): error CS0103: The name 'ES' does not exist in the current context
      (47,25): error CS0103: The name 'CL' does not exist in the current context
      System.InvalidOperationException: C# compilation failed: (32,25): error CS0103: The name 'CL' does not exist in the current context
      (33,25): error CS0103: The name 'CL' does not exist in the current context
      (34,25): error CS0103: The name 'AL' does not exist in the current context
      (35,25): error CS0103: The name 'CL' does not exist in the current context
      (36,25): error CS0103: The name 'AL' does not exist in the current context
      (37,25): error CS0103: The name 'CL' does not exist in the current context
      (38,25): error CS0103: The name 'AL' does not exist in the current context
      (39,25): error CS0103: The name 'AL' does not exist in the current context
      (43,30): error CS0103: The name 'ES' does not exist in the current context
      (44,25): error CS0103: The name 'CL' does not exist in the current context
      (46,30): error CS0103: The name 'ES' does not exist in the current context
      (47,25): error CS0103: The name 'CL' does not exist in the current context
         at Win32Emu.Rtl.RtlJitCache.CompileCSharpToAssembly(String csharpCode, String assemblyName) in /home/runner/work/Win32Emu/Win32Emu/Win32Emu.Rtl/RtlJitCache.cs:line 179
         at Win32Emu.Rtl.RtlJitCache.CompileBlockAsync(UInt32 startAddress, List`1 instructions) in /home/runner/work/Win32Emu/Win32Emu/Win32Emu.Rtl/RtlJitCache.cs:line 105
         at Win32Emu.Rtl.RtlJitCache.CompileBlock(UInt32 startAddress, List`1 instructions) in /home/runner/work/Win32Emu/Win32Emu/Win32Emu.Rtl/RtlJitCache.cs:line 132
         at Win32Emu.Cpu.Jit.JitCpu.CompileBlock(UInt32 startEip, VirtualMemory mem) in /home/runner/work/Win32Emu/Win32Emu/Win32Emu/Cpu/Jit/JitCpu.cs:line 1671
         at Win32Emu.Cpu.Jit.JitCpu.ExecuteBlockAsync(VirtualMemory mem) in /home/runner/work/Win32Emu/Win32Emu/Win32Emu/Cpu/Jit/JitCpu.cs:line 437
         at Win32Emu.Cpu.CpuHelpers.ExecuteAsync(ICpu cpu, VirtualMemory memory) in /home/runner/work/Win32Emu/Win32Emu/Win32Emu/Cpu/CpuHelpers.cs:line 53
         at Win32Emu.Win32.Modules.User32Module.ExecuteStdCallProcedureAsync(ICpu cpu, VirtualMemory memory, UInt32 procedureAddress, UInt32[] parameters, String contextName, CancellationToken cancellationToken) in /home/runner/work/Win32Emu/Win32Emu/Win32Emu/Win32/Modules/User32Module.cs:line 2920
info: Win32Emu.Emulator[0]
      [User32] CallWindowProcedureAsync: Completed with return value 0x00000000, timedOut=False, cancelled=False, failed=True
info: Win32Emu.Emulator[0]
      [User32] DispatchMessageA: WndProc returned 0x00000000
info: Win32Emu.Emulator[0]
      [Dispatcher] USER32.DLL!DispatchMessageA returned 0x00000000, argBytes=4, convention=Stdcall
info: Win32Emu.Emulator[0]
      [Import USER32.DLL!DispatchMessageA] Return address from stack: ESP=0x001FEF10, retEIP=0x00411388
info: Win32Emu.Emulator[0]
      [Import USER32.DLL!DispatchMessageA] Stack state before cleanup:
        [ESP+00] = 0x001FEF10: 0x00411388 (return addr)
        [ESP+04] = 0x001FEF14: 0x001FEF28 (arg1)
        [ESP+08] = 0x001FEF18: 0x001FEFFC
        [ESP+12] = 0x001FEF1C: 0x00000000
        [ESP+16] = 0x001FEF20: 0x006E0018
        [ESP+20] = 0x001FEF24: 0x00000000
      
info: Win32Emu.Emulator[0]
      [Import USER32.DLL!DispatchMessageA] Stack cleanup: ESP=0x001FEF10, retEIP=0x00411388, argBytes=4, new ESP=0x001FEF18
dbug: Win32Emu.Emulator[0]
      [RegisterValidation] After Import USER32.DLL!DispatchMessageA: EBX=0F000480 (saved=0F000480, preserved=True), ESI=0F0005F0 (saved=0F0005F0, preserved=True), EDI=0F000600 (saved=0F000600, preserved=True), EBP=0F000470 (saved=0F000470, preserved=True, valid=False, savedValid=False), ESP=001FEF18
dbug: Win32Emu.Emulator[0]
      [Import] Successfully invoked USER32.DLL!DispatchMessageA
info: Win32Emu.Emulator[0]
      [Import] Direct call to USER32.DLL!GetMessageA at 0x0F000600
info: Win32Emu.Emulator[0]
      Dispatching USER32.DLL!GetMessageA at EIP=0x0F000600 ESP=0x001FEF04 stack=76 13 41 00 28 EF 1F 00 00 00 00 00 00 00 00 00
info: Win32Emu.Emulator[0]
      [User32] GetMessageA: retrieved MSG=0x0005 HWND=0x00010000
info: Win32Emu.Emulator[0]
      [Dispatcher] USER32.DLL!GetMessageA returned 0x00000001, argBytes=16, convention=Stdcall
info: Win32Emu.Emulator[0]
      [Import USER32.DLL!GetMessageA] Return address from stack: ESP=0x001FEF04, retEIP=0x00411376
info: Win32Emu.Emulator[0]
      [Import USER32.DLL!GetMessageA] Stack state before cleanup:
        [ESP+00] = 0x001FEF04: 0x00411376 (return addr)
        [ESP+04] = 0x001FEF08: 0x001FEF28 (arg1)
        [ESP+08] = 0x001FEF0C: 0x00000000 (arg2)
        [ESP+12] = 0x001FEF10: 0x00000000 (arg3)
        [ESP+16] = 0x001FEF14: 0x00000000 (arg4)
        [ESP+20] = 0x001FEF18: 0x001FEFFC
      
info: Win32Emu.Emulator[0]
      [Import USER32.DLL!GetMessageA] Stack cleanup: ESP=0x001FEF04, retEIP=0x00411376, argBytes=16, new ESP=0x001FEF18
dbug: Win32Emu.Emulator[0]
      [RegisterValidation] After Import USER32.DLL!GetMessageA: EBX=0F000480 (saved=0F000480, preserved=True), ESI=0F0005F0 (saved=0F0005F0, preserved=True), EDI=0F000600 (saved=0F000600, preserved=True), EBP=0F000470 (saved=0F000470, preserved=True, valid=False, savedValid=False), ESP=001FEF18
dbug: Win32Emu.Emulator[0]
      [Import] Successfully invoked USER32.DLL!GetMessageA
info: Win32Emu.Emulator[0]
      [Import] Direct call to USER32.DLL!TranslateMessage at 0x0F000470
info: Win32Emu.Emulator[0]
      Dispatching USER32.DLL!TranslateMessage at EIP=0x0F000470 ESP=0x001FEF10 stack=81 13 41 00 28 EF 1F 00 FC EF 1F 00 00 00 00 00
info: Win32Emu.Emulator[0]
      [User32] TranslateMessage: HWND=0x00010000 MSG=0x0005 wParam=0x00000000 lParam=0x01E00280
info: Win32Emu.Emulator[0]
      [Dispatcher] USER32.DLL!TranslateMessage returned 0x00000000, argBytes=4, convention=Stdcall
info: Win32Emu.Emulator[0]
      [Import USER32.DLL!TranslateMessage] Return address from stack: ESP=0x001FEF10, retEIP=0x00411381
info: Win32Emu.Emulator[0]
      [Import USER32.DLL!TranslateMessage] Stack state before cleanup:
        [ESP+00] = 0x001FEF10: 0x00411381 (return addr)
        [ESP+04] = 0x001FEF14: 0x001FEF28 (arg1)
        [ESP+08] = 0x001FEF18: 0x001FEFFC
        [ESP+12] = 0x001FEF1C: 0x00000000
        [ESP+16] = 0x001FEF20: 0x006E0018
        [ESP+20] = 0x001FEF24: 0x00000000
      
info: Win32Emu.Emulator[0]
      [Import USER32.DLL!TranslateMessage] Stack cleanup: ESP=0x001FEF10, retEIP=0x00411381, argBytes=4, new ESP=0x001FEF18
dbug: Win32Emu.Emulator[0]
      [RegisterValidation] After Import USER32.DLL!TranslateMessage: EBX=0F000480 (saved=0F000480, preserved=True), ESI=0F0005F0 (saved=0F0005F0, preserved=True), EDI=0F000600 (saved=0F000600, preserved=True), EBP=0F000470 (saved=0F000470, preserved=True, valid=False, savedValid=False), ESP=001FEF18
dbug: Win32Emu.Emulator[0]
      [Import] Successfully invoked USER32.DLL!TranslateMessage
info: Win32Emu.Emulator[0]
      [Import] Direct call to USER32.DLL!DispatchMessageA at 0x0F000480
info: Win32Emu.Emulator[0]
      Dispatching USER32.DLL!DispatchMessageA at EIP=0x0F000480 ESP=0x001FEF10 stack=88 13 41 00 28 EF 1F 00 FC EF 1F 00 00 00 00 00
info: Win32Emu.Emulator[0]
      [User32] DispatchMessageA: HWND=0x00010000 MSG=0x0005 wParam=0x00000000 lParam=0x01E00280
info: Win32Emu.Emulator[0]
      [User32] DispatchMessageA: Found WndProc=0x00411450 for HWND=0x00010000
info: Win32Emu.Emulator[0]
      [User32] CallWindowProcedureAsync: Calling 0x00411450 with HWND=0x00010000 MSG=0x0005
info: Win32Emu.Emulator[0]
      [JitCpu] Compiling block at EIP=0x006BE448 using RTL pipeline
info: Win32Emu.Emulator[0]
      [RtlJitCache] Compiling block at 0x006BE448 (17 instructions)
warn: Win32Emu.Emulator[0]
      [X86ToRtl] Unsupported instruction: Loopne at 0x6BE448
warn: Win32Emu.Emulator[0]
      [X86ToRtl] Unsupported instruction: INVALID at 0x6BE44C
warn: Win32Emu.Emulator[0]
      [X86ToRtl] Unsupported instruction: Pushad at 0x6BE464
info: Win32Emu.Emulator[0]
      [RtlJitCache] Saved C# source to /home/runner/work/Win32Emu/Win32Emu/.jitcache/Source/JitBlock_6a51ec80_006BE448.cs
fail: Win32Emu.Emulator[0]
      [RtlJitCache] Compilation failed:
      (32,25): error CS0103: The name 'CL' does not exist in the current context
      (33,25): error CS0103: The name 'CL' does not exist in the current context
      (34,25): error CS0103: The name 'AL' does not exist in the current context
      (35,25): error CS0103: The name 'CL' does not exist in the current context
      (36,25): error CS0103: The name 'AL' does not exist in the current context
      (37,25): error CS0103: The name 'CL' does not exist in the current context
      (38,25): error CS0103: The name 'AL' does not exist in the current context
      (39,25): error CS0103: The name 'AL' does not exist in the current context
      (43,30): error CS0103: The name 'ES' does not exist in the current context
      (44,25): error CS0103: The name 'CL' does not exist in the current context
      (46,30): error CS0103: The name 'ES' does not exist in the current context
      (47,25): error CS0103: The name 'CL' does not exist in the current context
fail: Win32Emu.Emulator[0]
      [User32] CallWindowProcedureAsync: Exception during execution: C# compilation failed: (32,25): error CS0103: The name 'CL' does not exist in the current context
      (33,25): error CS0103: The name 'CL' does not exist in the current context
      (34,25): error CS0103: The name 'AL' does not exist in the current context
      (35,25): error CS0103: The name 'CL' does not exist in the current context
      (36,25): error CS0103: The name 'AL' does not exist in the current context
      (37,25): error CS0103: The name 'CL' does not exist in the current context
      (38,25): error CS0103: The name 'AL' does not exist in the current context
      (39,25): error CS0103: The name 'AL' does not exist in the current context
      (43,30): error CS0103: The name 'ES' does not exist in the current context
      (44,25): error CS0103: The name 'CL' does not exist in the current context
      (46,30): error CS0103: The name 'ES' does not exist in the current context
      (47,25): error CS0103: The name 'CL' does not exist in the current context
      System.InvalidOperationException: C# compilation failed: (32,25): error CS0103: The name 'CL' does not exist in the current context
      (33,25): error CS0103: The name 'CL' does not exist in the current context
      (34,25): error CS0103: The name 'AL' does not exist in the current context
      (35,25): error CS0103: The name 'CL' does not exist in the current context
      (36,25): error CS0103: The name 'AL' does not exist in the current context
      (37,25): error CS0103: The name 'CL' does not exist in the current context
      (38,25): error CS0103: The name 'AL' does not exist in the current context
      (39,25): error CS0103: The name 'AL' does not exist in the current context
      (43,30): error CS0103: The name 'ES' does not exist in the current context
      (44,25): error CS0103: The name 'CL' does not exist in the current context
      (46,30): error CS0103: The name 'ES' does not exist in the current context
      (47,25): error CS0103: The name 'CL' does not exist in the current context
         at Win32Emu.Rtl.RtlJitCache.CompileCSharpToAssembly(String csharpCode, String assemblyName) in /home/runner/work/Win32Emu/Win32Emu/Win32Emu.Rtl/RtlJitCache.cs:line 179
         at Win32Emu.Rtl.RtlJitCache.CompileBlockAsync(UInt32 startAddress, List`1 instructions) in /home/runner/work/Win32Emu/Win32Emu/Win32Emu.Rtl/RtlJitCache.cs:line 105
         at Win32Emu.Rtl.RtlJitCache.CompileBlock(UInt32 startAddress, List`1 instructions) in /home/runner/work/Win32Emu/Win32Emu/Win32Emu.Rtl/RtlJitCache.cs:line 132
         at Win32Emu.Cpu.Jit.JitCpu.CompileBlock(UInt32 startEip, VirtualMemory mem) in /home/runner/work/Win32Emu/Win32Emu/Win32Emu/Cpu/Jit/JitCpu.cs:line 1671
         at Win32Emu.Cpu.Jit.JitCpu.ExecuteBlockAsync(VirtualMemory mem) in /home/runner/work/Win32Emu/Win32Emu/Win32Emu/Cpu/Jit/JitCpu.cs:line 437
         at Win32Emu.Cpu.CpuHelpers.ExecuteAsync(ICpu cpu, VirtualMemory memory) in /home/runner/work/Win32Emu/Win32Emu/Win32Emu/Cpu/CpuHelpers.cs:line 53
         at Win32Emu.Win32.Modules.User32Module.ExecuteStdCallProcedureAsync(ICpu cpu, VirtualMemory memory, UInt32 procedureAddress, UInt32[] parameters, String contextName, CancellationToken cancellationToken) in /home/runner/work/Win32Emu/Win32Emu/Win32Emu/Win32/Modules/User32Module.cs:line 2920
info: Win32Emu.Emulator[0]
      [User32] CallWindowProcedureAsync: Completed with return value 0x00000000, timedOut=False, cancelled=False, failed=True
info: Win32Emu.Emulator[0]
      [User32] DispatchMessageA: WndProc returned 0x00000000
info: Win32Emu.Emulator[0]
      [Dispatcher] USER32.DLL!DispatchMessageA returned 0x00000000, argBytes=4, convention=Stdcall
info: Win32Emu.Emulator[0]
      [Import USER32.DLL!DispatchMessageA] Return address from stack: ESP=0x001FEF10, retEIP=0x00411388
info: Win32Emu.Emulator[0]
      [Import USER32.DLL!DispatchMessageA] Stack state before cleanup:
        [ESP+00] = 0x001FEF10: 0x00411388 (return addr)
        [ESP+04] = 0x001FEF14: 0x001FEF28 (arg1)
        [ESP+08] = 0x001FEF18: 0x001FEFFC
        [ESP+12] = 0x001FEF1C: 0x00000000
        [ESP+16] = 0x001FEF20: 0x006E0018
        [ESP+20] = 0x001FEF24: 0x00000000
      
info: Win32Emu.Emulator[0]
      [Import USER32.DLL!DispatchMessageA] Stack cleanup: ESP=0x001FEF10, retEIP=0x00411388, argBytes=4, new ESP=0x001FEF18
dbug: Win32Emu.Emulator[0]
      [RegisterValidation] After Import USER32.DLL!DispatchMessageA: EBX=0F000480 (saved=0F000480, preserved=True), ESI=0F0005F0 (saved=0F0005F0, preserved=True), EDI=0F000600 (saved=0F000600, preserved=True), EBP=0F000470 (saved=0F000470, preserved=True, valid=False, savedValid=False), ESP=001FEF18
dbug: Win32Emu.Emulator[0]
      [Import] Successfully invoked USER32.DLL!DispatchMessageA
info: Win32Emu.Emulator[0]
      [Import] Direct call to USER32.DLL!GetMessageA at 0x0F000600
info: Win32Emu.Emulator[0]
      Dispatching USER32.DLL!GetMessageA at EIP=0x0F000600 ESP=0x001FEF04 stack=76 13 41 00 28 EF 1F 00 00 00 00 00 00 00 00 00
info: Win32Emu.Emulator[0]
      [User32] GetMessageA: retrieved MSG=0x0003 HWND=0x00010000
info: Win32Emu.Emulator[0]
      [Dispatcher] USER32.DLL!GetMessageA returned 0x00000001, argBytes=16, convention=Stdcall
info: Win32Emu.Emulator[0]
      [Import USER32.DLL!GetMessageA] Return address from stack: ESP=0x001FEF04, retEIP=0x00411376
info: Win32Emu.Emulator[0]
      [Import USER32.DLL!GetMessageA] Stack state before cleanup:
        [ESP+00] = 0x001FEF04: 0x00411376 (return addr)
        [ESP+04] = 0x001FEF08: 0x001FEF28 (arg1)
        [ESP+08] = 0x001FEF0C: 0x00000000 (arg2)
        [ESP+12] = 0x001FEF10: 0x00000000 (arg3)
        [ESP+16] = 0x001FEF14: 0x00000000 (arg4)
        [ESP+20] = 0x001FEF18: 0x001FEFFC
      
info: Win32Emu.Emulator[0]
      [Import USER32.DLL!GetMessageA] Stack cleanup: ESP=0x001FEF04, retEIP=0x00411376, argBytes=16, new ESP=0x001FEF18
dbug: Win32Emu.Emulator[0]
      [RegisterValidation] After Import USER32.DLL!GetMessageA: EBX=0F000480 (saved=0F000480, preserved=True), ESI=0F0005F0 (saved=0F0005F0, preserved=True), EDI=0F000600 (saved=0F000600, preserved=True), EBP=0F000470 (saved=0F000470, preserved=True, valid=False, savedValid=False), ESP=001FEF18
dbug: Win32Emu.Emulator[0]
      [Import] Successfully invoked USER32.DLL!GetMessageA
info: Win32Emu.Emulator[0]
      [Import] Direct call to USER32.DLL!TranslateMessage at 0x0F000470
info: Win32Emu.Emulator[0]
      Dispatching USER32.DLL!TranslateMessage at EIP=0x0F000470 ESP=0x001FEF10 stack=81 13 41 00 28 EF 1F 00 FC EF 1F 00 00 00 00 00
info: Win32Emu.Emulator[0]
      [User32] TranslateMessage: HWND=0x00010000 MSG=0x0003 wParam=0x00000000 lParam=0x00000000
info: Win32Emu.Emulator[0]
      [Dispatcher] USER32.DLL!TranslateMessage returned 0x00000000, argBytes=4, convention=Stdcall
info: Win32Emu.Emulator[0]
      [Import USER32.DLL!TranslateMessage] Return address from stack: ESP=0x001FEF10, retEIP=0x00411381
info: Win32Emu.Emulator[0]
      [Import USER32.DLL!TranslateMessage] Stack state before cleanup:
        [ESP+00] = 0x001FEF10: 0x00411381 (return addr)
        [ESP+04] = 0x001FEF14: 0x001FEF28 (arg1)
        [ESP+08] = 0x001FEF18: 0x001FEFFC
        [ESP+12] = 0x001FEF1C: 0x00000000
        [ESP+16] = 0x001FEF20: 0x006E0018
        [ESP+20] = 0x001FEF24: 0x00000000
      
info: Win32Emu.Emulator[0]
      [Import USER32.DLL!TranslateMessage] Stack cleanup: ESP=0x001FEF10, retEIP=0x00411381, argBytes=4, new ESP=0x001FEF18
dbug: Win32Emu.Emulator[0]
      [RegisterValidation] After Import USER32.DLL!TranslateMessage: EBX=0F000480 (saved=0F000480, preserved=True), ESI=0F0005F0 (saved=0F0005F0, preserved=True), EDI=0F000600 (saved=0F000600, preserved=True), EBP=0F000470 (saved=0F000470, preserved=True, valid=False, savedValid=False), ESP=001FEF18
dbug: Win32Emu.Emulator[0]
      [Import] Successfully invoked USER32.DLL!TranslateMessage
info: Win32Emu.Emulator[0]
      [Import] Direct call to USER32.DLL!DispatchMessageA at 0x0F000480
info: Win32Emu.Emulator[0]
      Dispatching USER32.DLL!DispatchMessageA at EIP=0x0F000480 ESP=0x001FEF10 stack=88 13 41 00 28 EF 1F 00 FC EF 1F 00 00 00 00 00
info: Win32Emu.Emulator[0]
      [User32] DispatchMessageA: HWND=0x00010000 MSG=0x0003 wParam=0x00000000 lParam=0x00000000
info: Win32Emu.Emulator[0]
      [User32] DispatchMessageA: Found WndProc=0x00411450 for HWND=0x00010000
info: Win32Emu.Emulator[0]
      [User32] CallWindowProcedureAsync: Calling 0x00411450 with HWND=0x00010000 MSG=0x0003
info: Win32Emu.Emulator[0]
      [JitCpu] Compiling block at EIP=0x006BE448 using RTL pipeline
info: Win32Emu.Emulator[0]
      [RtlJitCache] Compiling block at 0x006BE448 (17 instructions)
warn: Win32Emu.Emulator[0]
      [X86ToRtl] Unsupported instruction: Loopne at 0x6BE448
warn: Win32Emu.Emulator[0]
      [X86ToRtl] Unsupported instruction: INVALID at 0x6BE44C
warn: Win32Emu.Emulator[0]
      [X86ToRtl] Unsupported instruction: Pushad at 0x6BE464
info: Win32Emu.Emulator[0]
      [RtlJitCache] Saved C# source to /home/runner/work/Win32Emu/Win32Emu/.jitcache/Source/JitBlock_6a51ec80_006BE448.cs
fail: Win32Emu.Emulator[0]
      [RtlJitCache] Compilation failed:
      (32,25): error CS0103: The name 'CL' does not exist in the current context
      (33,25): error CS0103: The name 'CL' does not exist in the current context
      (34,25): error CS0103: The name 'AL' does not exist in the current context
      (35,25): error CS0103: The name 'CL' does not exist in the current context
      (36,25): error CS0103: The name 'AL' does not exist in the current context
      (37,25): error CS0103: The name 'CL' does not exist in the current context
      (38,25): error CS0103: The name 'AL' does not exist in the current context
      (39,25): error CS0103: The name 'AL' does not exist in the current context
      (43,30): error CS0103: The name 'ES' does not exist in the current context
      (44,25): error CS0103: The name 'CL' does not exist in the current context
      (46,30): error CS0103: The name 'ES' does not exist in the current context
      (47,25): error CS0103: The name 'CL' does not exist in the current context
fail: Win32Emu.Emulator[0]
      [User32] CallWindowProcedureAsync: Exception during execution: C# compilation failed: (32,25): error CS0103: The name 'CL' does not exist in the current context
      (33,25): error CS0103: The name 'CL' does not exist in the current context
      (34,25): error CS0103: The name 'AL' does not exist in the current context
      (35,25): error CS0103: The name 'CL' does not exist in the current context
      (36,25): error CS0103: The name 'AL' does not exist in the current context
      (37,25): error CS0103: The name 'CL' does not exist in the current context
      (38,25): error CS0103: The name 'AL' does not exist in the current context
      (39,25): error CS0103: The name 'AL' does not exist in the current context
      (43,30): error CS0103: The name 'ES' does not exist in the current context
      (44,25): error CS0103: The name 'CL' does not exist in the current context
      (46,30): error CS0103: The name 'ES' does not exist in the current context
      (47,25): error CS0103: The name 'CL' does not exist in the current context
      System.InvalidOperationException: C# compilation failed: (32,25): error CS0103: The name 'CL' does not exist in the current context
      (33,25): error CS0103: The name 'CL' does not exist in the current context
      (34,25): error CS0103: The name 'AL' does not exist in the current context
      (35,25): error CS0103: The name 'CL' does not exist in the current context
      (36,25): error CS0103: The name 'AL' does not exist in the current context
      (37,25): error CS0103: The name 'CL' does not exist in the current context
      (38,25): error CS0103: The name 'AL' does not exist in the current context
      (39,25): error CS0103: The name 'AL' does not exist in the current context
      (43,30): error CS0103: The name 'ES' does not exist in the current context
      (44,25): error CS0103: The name 'CL' does not exist in the current context
      (46,30): error CS0103: The name 'ES' does not exist in the current context
      (47,25): error CS0103: The name 'CL' does not exist in the current context
         at Win32Emu.Rtl.RtlJitCache.CompileCSharpToAssembly(String csharpCode, String assemblyName) in /home/runner/work/Win32Emu/Win32Emu/Win32Emu.Rtl/RtlJitCache.cs:line 179
         at Win32Emu.Rtl.RtlJitCache.CompileBlockAsync(UInt32 startAddress, List`1 instructions) in /home/runner/work/Win32Emu/Win32Emu/Win32Emu.Rtl/RtlJitCache.cs:line 105
         at Win32Emu.Rtl.RtlJitCache.CompileBlock(UInt32 startAddress, List`1 instructions) in /home/runner/work/Win32Emu/Win32Emu/Win32Emu.Rtl/RtlJitCache.cs:line 132
         at Win32Emu.Cpu.Jit.JitCpu.CompileBlock(UInt32 startEip, VirtualMemory mem) in /home/runner/work/Win32Emu/Win32Emu/Win32Emu/Cpu/Jit/JitCpu.cs:line 1671
         at Win32Emu.Cpu.Jit.JitCpu.ExecuteBlockAsync(VirtualMemory mem) in /home/runner/work/Win32Emu/Win32Emu/Win32Emu/Cpu/Jit/JitCpu.cs:line 437
         at Win32Emu.Cpu.CpuHelpers.ExecuteAsync(ICpu cpu, VirtualMemory memory) in /home/runner/work/Win32Emu/Win32Emu/Win32Emu/Cpu/CpuHelpers.cs:line 53
         at Win32Emu.Win32.Modules.User32Module.ExecuteStdCallProcedureAsync(ICpu cpu, VirtualMemory memory, UInt32 procedureAddress, UInt32[] parameters, String contextName, CancellationToken cancellationToken) in /home/runner/work/Win32Emu/Win32Emu/Win32Emu/Win32/Modules/User32Module.cs:line 2920
info: Win32Emu.Emulator[0]
      [User32] CallWindowProcedureAsync: Completed with return value 0x00000000, timedOut=False, cancelled=False, failed=True
info: Win32Emu.Emulator[0]
      [User32] DispatchMessageA: WndProc returned 0x00000000
info: Win32Emu.Emulator[0]
      [Dispatcher] USER32.DLL!DispatchMessageA returned 0x00000000, argBytes=4, convention=Stdcall
info: Win32Emu.Emulator[0]
      [Import USER32.DLL!DispatchMessageA] Return address from stack: ESP=0x001FEF10, retEIP=0x00411388
info: Win32Emu.Emulator[0]
      [Import USER32.DLL!DispatchMessageA] Stack state before cleanup:
        [ESP+00] = 0x001FEF10: 0x00411388 (return addr)
        [ESP+04] = 0x001FEF14: 0x001FEF28 (arg1)
        [ESP+08] = 0x001FEF18: 0x001FEFFC
        [ESP+12] = 0x001FEF1C: 0x00000000
        [ESP+16] = 0x001FEF20: 0x006E0018
        [ESP+20] = 0x001FEF24: 0x00000000
      
info: Win32Emu.Emulator[0]
      [Import USER32.DLL!DispatchMessageA] Stack cleanup: ESP=0x001FEF10, retEIP=0x00411388, argBytes=4, new ESP=0x001FEF18
dbug: Win32Emu.Emulator[0]
      [RegisterValidation] After Import USER32.DLL!DispatchMessageA: EBX=0F000480 (saved=0F000480, preserved=True), ESI=0F0005F0 (saved=0F0005F0, preserved=True), EDI=0F000600 (saved=0F000600, preserved=True), EBP=0F000470 (saved=0F000470, preserved=True, valid=False, savedValid=False), ESP=001FEF18
dbug: Win32Emu.Emulator[0]
      [Import] Successfully invoked USER32.DLL!DispatchMessageA
info: Win32Emu.Emulator[0]
      [Import] Direct call to USER32.DLL!GetMessageA at 0x0F000600
info: Win32Emu.Emulator[0]
      Dispatching USER32.DLL!GetMessageA at EIP=0x0F000600 ESP=0x001FEF04 stack=76 13 41 00 28 EF 1F 00 00 00 00 00 00 00 00 00
info: Win32Emu.Emulator[0]
      [User32] GetMessageA: retrieved MSG=0x001C HWND=0x00010000
info: Win32Emu.Emulator[0]
      [Dispatcher] USER32.DLL!GetMessageA returned 0x00000001, argBytes=16, convention=Stdcall
info: Win32Emu.Emulator[0]
      [Import USER32.DLL!GetMessageA] Return address from stack: ESP=0x001FEF04, retEIP=0x00411376
info: Win32Emu.Emulator[0]
      [Import USER32.DLL!GetMessageA] Stack state before cleanup:
        [ESP+00] = 0x001FEF04: 0x00411376 (return addr)
        [ESP+04] = 0x001FEF08: 0x001FEF28 (arg1)
        [ESP+08] = 0x001FEF0C: 0x00000000 (arg2)
        [ESP+12] = 0x001FEF10: 0x00000000 (arg3)
        [ESP+16] = 0x001FEF14: 0x00000000 (arg4)
        [ESP+20] = 0x001FEF18: 0x001FEFFC
      
info: Win32Emu.Emulator[0]
      [Import USER32.DLL!GetMessageA] Stack cleanup: ESP=0x001FEF04, retEIP=0x00411376, argBytes=16, new ESP=0x001FEF18
dbug: Win32Emu.Emulator[0]
      [RegisterValidation] After Import USER32.DLL!GetMessageA: EBX=0F000480 (saved=0F000480, preserved=True), ESI=0F0005F0 (saved=0F0005F0, preserved=True), EDI=0F000600 (saved=0F000600, preserved=True), EBP=0F000470 (saved=0F000470, preserved=True, valid=False, savedValid=False), ESP=001FEF18
dbug: Win32Emu.Emulator[0]
      [Import] Successfully invoked USER32.DLL!GetMessageA
info: Win32Emu.Emulator[0]
      [Import] Direct call to USER32.DLL!TranslateMessage at 0x0F000470
info: Win32Emu.Emulator[0]
      Dispatching USER32.DLL!TranslateMessage at EIP=0x0F000470 ESP=0x001FEF10 stack=81 13 41 00 28 EF 1F 00 FC EF 1F 00 00 00 00 00
info: Win32Emu.Emulator[0]
      [User32] TranslateMessage: HWND=0x00010000 MSG=0x001C wParam=0x00000001 lParam=0x00000001
info: Win32Emu.Emulator[0]
      [Dispatcher] USER32.DLL!TranslateMessage returned 0x00000000, argBytes=4, convention=Stdcall
info: Win32Emu.Emulator[0]
      [Import USER32.DLL!TranslateMessage] Return address from stack: ESP=0x001FEF10, retEIP=0x00411381
info: Win32Emu.Emulator[0]
      [Import USER32.DLL!TranslateMessage] Stack state before cleanup:
        [ESP+00] = 0x001FEF10: 0x00411381 (return addr)
        [ESP+04] = 0x001FEF14: 0x001FEF28 (arg1)
        [ESP+08] = 0x001FEF18: 0x001FEFFC
        [ESP+12] = 0x001FEF1C: 0x00000000
        [ESP+16] = 0x001FEF20: 0x006E0018
        [ESP+20] = 0x001FEF24: 0x00000000
      
info: Win32Emu.Emulator[0]
      [Import USER32.DLL!TranslateMessage] Stack cleanup: ESP=0x001FEF10, retEIP=0x00411381, argBytes=4, new ESP=0x001FEF18
dbug: Win32Emu.Emulator[0]
      [RegisterValidation] After Import USER32.DLL!TranslateMessage: EBX=0F000480 (saved=0F000480, preserved=True), ESI=0F0005F0 (saved=0F0005F0, preserved=True), EDI=0F000600 (saved=0F000600, preserved=True), EBP=0F000470 (saved=0F000470, preserved=True, valid=False, savedValid=False), ESP=001FEF18
dbug: Win32Emu.Emulator[0]
      [Import] Successfully invoked USER32.DLL!TranslateMessage
info: Win32Emu.Emulator[0]
      [Import] Direct call to USER32.DLL!DispatchMessageA at 0x0F000480
info: Win32Emu.Emulator[0]
      Dispatching USER32.DLL!DispatchMessageA at EIP=0x0F000480 ESP=0x001FEF10 stack=88 13 41 00 28 EF 1F 00 FC EF 1F 00 00 00 00 00
info: Win32Emu.Emulator[0]
      [User32] DispatchMessageA: HWND=0x00010000 MSG=0x001C wParam=0x00000001 lParam=0x00000001
info: Win32Emu.Emulator[0]
      [User32] DispatchMessageA: Found WndProc=0x00411450 for HWND=0x00010000
info: Win32Emu.Emulator[0]
      [User32] CallWindowProcedureAsync: Calling 0x00411450 with HWND=0x00010000 MSG=0x001C
info: Win32Emu.Emulator[0]
      [JitCpu] Compiling block at EIP=0x006BE448 using RTL pipeline
info: Win32Emu.Emulator[0]
      [RtlJitCache] Compiling block at 0x006BE448 (17 instructions)
warn: Win32Emu.Emulator[0]
      [X86ToRtl] Unsupported instruction: Loopne at 0x6BE448
warn: Win32Emu.Emulator[0]
      [X86ToRtl] Unsupported instruction: INVALID at 0x6BE44C
warn: Win32Emu.Emulator[0]
      [X86ToRtl] Unsupported instruction: Pushad at 0x6BE464
info: Win32Emu.Emulator[0]
      [RtlJitCache] Saved C# source to /home/runner/work/Win32Emu/Win32Emu/.jitcache/Source/JitBlock_6a51ec80_006BE448.cs
fail: Win32Emu.Emulator[0]
      [RtlJitCache] Compilation failed:
      (32,25): error CS0103: The name 'CL' does not exist in the current context
      (33,25): error CS0103: The name 'CL' does not exist in the current context
      (34,25): error CS0103: The name 'AL' does not exist in the current context
      (35,25): error CS0103: The name 'CL' does not exist in the current context
      (36,25): error CS0103: The name 'AL' does not exist in the current context
      (37,25): error CS0103: The name 'CL' does not exist in the current context
      (38,25): error CS0103: The name 'AL' does not exist in the current context
      (39,25): error CS0103: The name 'AL' does not exist in the current context
      (43,30): error CS0103: The name 'ES' does not exist in the current context
      (44,25): error CS0103: The name 'CL' does not exist in the current context
      (46,30): error CS0103: The name 'ES' does not exist in the current context
      (47,25): error CS0103: The name 'CL' does not exist in the current context
fail: Win32Emu.Emulator[0]
      [User32] CallWindowProcedureAsync: Exception during execution: C# compilation failed: (32,25): error CS0103: The name 'CL' does not exist in the current context
      (33,25): error CS0103: The name 'CL' does not exist in the current context
      (34,25): error CS0103: The name 'AL' does not exist in the current context
      (35,25): error CS0103: The name 'CL' does not exist in the current context
      (36,25): error CS0103: The name 'AL' does not exist in the current context
      (37,25): error CS0103: The name 'CL' does not exist in the current context
      (38,25): error CS0103: The name 'AL' does not exist in the current context
      (39,25): error CS0103: The name 'AL' does not exist in the current context
      (43,30): error CS0103: The name 'ES' does not exist in the current context
      (44,25): error CS0103: The name 'CL' does not exist in the current context
      (46,30): error CS0103: The name 'ES' does not exist in the current context
      (47,25): error CS0103: The name 'CL' does not exist in the current context
      System.InvalidOperationException: C# compilation failed: (32,25): error CS0103: The name 'CL' does not exist in the current context
      (33,25): error CS0103: The name 'CL' does not exist in the current context
      (34,25): error CS0103: The name 'AL' does not exist in the current context
      (35,25): error CS0103: The name 'CL' does not exist in the current context
      (36,25): error CS0103: The name 'AL' does not exist in the current context
      (37,25): error CS0103: The name 'CL' does not exist in the current context
      (38,25): error CS0103: The name 'AL' does not exist in the current context
      (39,25): error CS0103: The name 'AL' does not exist in the current context
      (43,30): error CS0103: The name 'ES' does not exist in the current context
      (44,25): error CS0103: The name 'CL' does not exist in the current context
      (46,30): error CS0103: The name 'ES' does not exist in the current context
      (47,25): error CS0103: The name 'CL' does not exist in the current context
         at Win32Emu.Rtl.RtlJitCache.CompileCSharpToAssembly(String csharpCode, String assemblyName) in /home/runner/work/Win32Emu/Win32Emu/Win32Emu.Rtl/RtlJitCache.cs:line 179
         at Win32Emu.Rtl.RtlJitCache.CompileBlockAsync(UInt32 startAddress, List`1 instructions) in /home/runner/work/Win32Emu/Win32Emu/Win32Emu.Rtl/RtlJitCache.cs:line 105
         at Win32Emu.Rtl.RtlJitCache.CompileBlock(UInt32 startAddress, List`1 instructions) in /home/runner/work/Win32Emu/Win32Emu/Win32Emu.Rtl/RtlJitCache.cs:line 132
         at Win32Emu.Cpu.Jit.JitCpu.CompileBlock(UInt32 startEip, VirtualMemory mem) in /home/runner/work/Win32Emu/Win32Emu/Win32Emu/Cpu/Jit/JitCpu.cs:line 1671
         at Win32Emu.Cpu.Jit.JitCpu.ExecuteBlockAsync(VirtualMemory mem) in /home/runner/work/Win32Emu/Win32Emu/Win32Emu/Cpu/Jit/JitCpu.cs:line 437
         at Win32Emu.Cpu.CpuHelpers.ExecuteAsync(ICpu cpu, VirtualMemory memory) in /home/runner/work/Win32Emu/Win32Emu/Win32Emu/Cpu/CpuHelpers.cs:line 53
         at Win32Emu.Win32.Modules.User32Module.ExecuteStdCallProcedureAsync(ICpu cpu, VirtualMemory memory, UInt32 procedureAddress, UInt32[] parameters, String contextName, CancellationToken cancellationToken) in /home/runner/work/Win32Emu/Win32Emu/Win32Emu/Win32/Modules/User32Module.cs:line 2920
info: Win32Emu.Emulator[0]
      [User32] CallWindowProcedureAsync: Completed with return value 0x00000000, timedOut=False, cancelled=False, failed=True
info: Win32Emu.Emulator[0]
      [User32] DispatchMessageA: WndProc returned 0x00000000
info: Win32Emu.Emulator[0]
      [Dispatcher] USER32.DLL!DispatchMessageA returned 0x00000000, argBytes=4, convention=Stdcall
info: Win32Emu.Emulator[0]
      [Import USER32.DLL!DispatchMessageA] Return address from stack: ESP=0x001FEF10, retEIP=0x00411388
info: Win32Emu.Emulator[0]
      [Import USER32.DLL!DispatchMessageA] Stack state before cleanup:
        [ESP+00] = 0x001FEF10: 0x00411388 (return addr)
        [ESP+04] = 0x001FEF14: 0x001FEF28 (arg1)
        [ESP+08] = 0x001FEF18: 0x001FEFFC
        [ESP+12] = 0x001FEF1C: 0x00000000
        [ESP+16] = 0x001FEF20: 0x006E0018
        [ESP+20] = 0x001FEF24: 0x00000000
      
info: Win32Emu.Emulator[0]
      [Import USER32.DLL!DispatchMessageA] Stack cleanup: ESP=0x001FEF10, retEIP=0x00411388, argBytes=4, new ESP=0x001FEF18
dbug: Win32Emu.Emulator[0]
      [RegisterValidation] After Import USER32.DLL!DispatchMessageA: EBX=0F000480 (saved=0F000480, preserved=True), ESI=0F0005F0 (saved=0F0005F0, preserved=True), EDI=0F000600 (saved=0F000600, preserved=True), EBP=0F000470 (saved=0F000470, preserved=True, valid=False, savedValid=False), ESP=001FEF18
dbug: Win32Emu.Emulator[0]
      [Import] Successfully invoked USER32.DLL!DispatchMessageA
info: Win32Emu.Emulator[0]
      [Import] Direct call to USER32.DLL!GetMessageA at 0x0F000600
info: Win32Emu.Emulator[0]
      Dispatching USER32.DLL!GetMessageA at EIP=0x0F000600 ESP=0x001FEF04 stack=76 13 41 00 28 EF 1F 00 00 00 00 00 00 00 00 00
info: Win32Emu.Emulator[0]
      [User32] GetMessageA: retrieved MSG=0x0006 HWND=0x00010000
info: Win32Emu.Emulator[0]
      [Dispatcher] USER32.DLL!GetMessageA returned 0x00000001, argBytes=16, convention=Stdcall
info: Win32Emu.Emulator[0]
      [Import USER32.DLL!GetMessageA] Return address from stack: ESP=0x001FEF04, retEIP=0x00411376
info: Win32Emu.Emulator[0]
      [Import USER32.DLL!GetMessageA] Stack state before cleanup:
        [ESP+00] = 0x001FEF04: 0x00411376 (return addr)
        [ESP+04] = 0x001FEF08: 0x001FEF28 (arg1)
        [ESP+08] = 0x001FEF0C: 0x00000000 (arg2)
        [ESP+12] = 0x001FEF10: 0x00000000 (arg3)
        [ESP+16] = 0x001FEF14: 0x00000000 (arg4)
        [ESP+20] = 0x001FEF18: 0x001FEFFC
      
info: Win32Emu.Emulator[0]
      [Import USER32.DLL!GetMessageA] Stack cleanup: ESP=0x001FEF04, retEIP=0x00411376, argBytes=16, new ESP=0x001FEF18
dbug: Win32Emu.Emulator[0]
      [RegisterValidation] After Import USER32.DLL!GetMessageA: EBX=0F000480 (saved=0F000480, preserved=True), ESI=0F0005F0 (saved=0F0005F0, preserved=True), EDI=0F000600 (saved=0F000600, preserved=True), EBP=0F000470 (saved=0F000470, preserved=True, valid=False, savedValid=False), ESP=001FEF18
dbug: Win32Emu.Emulator[0]
      [Import] Successfully invoked USER32.DLL!GetMessageA
info: Win32Emu.Emulator[0]
      [Import] Direct call to USER32.DLL!TranslateMessage at 0x0F000470
info: Win32Emu.Emulator[0]
      Dispatching USER32.DLL!TranslateMessage at EIP=0x0F000470 ESP=0x001FEF10 stack=81 13 41 00 28 EF 1F 00 FC EF 1F 00 00 00 00 00
info: Win32Emu.Emulator[0]
      [User32] TranslateMessage: HWND=0x00010000 MSG=0x0006 wParam=0x00000001 lParam=0x00000000
info: Win32Emu.Emulator[0]
      [Dispatcher] USER32.DLL!TranslateMessage returned 0x00000000, argBytes=4, convention=Stdcall
info: Win32Emu.Emulator[0]
      [Import USER32.DLL!TranslateMessage] Return address from stack: ESP=0x001FEF10, retEIP=0x00411381
info: Win32Emu.Emulator[0]
      [Import USER32.DLL!TranslateMessage] Stack state before cleanup:
        [ESP+00] = 0x001FEF10: 0x00411381 (return addr)
        [ESP+04] = 0x001FEF14: 0x001FEF28 (arg1)
        [ESP+08] = 0x001FEF18: 0x001FEFFC
        [ESP+12] = 0x001FEF1C: 0x00000000
        [ESP+16] = 0x001FEF20: 0x006E0018
        [ESP+20] = 0x001FEF24: 0x00000000
      
info: Win32Emu.Emulator[0]
      [Import USER32.DLL!TranslateMessage] Stack cleanup: ESP=0x001FEF10, retEIP=0x00411381, argBytes=4, new ESP=0x001FEF18
dbug: Win32Emu.Emulator[0]
      [RegisterValidation] After Import USER32.DLL!TranslateMessage: EBX=0F000480 (saved=0F000480, preserved=True), ESI=0F0005F0 (saved=0F0005F0, preserved=True), EDI=0F000600 (saved=0F000600, preserved=True), EBP=0F000470 (saved=0F000470, preserved=True, valid=False, savedValid=False), ESP=001FEF18
dbug: Win32Emu.Emulator[0]
      [Import] Successfully invoked USER32.DLL!TranslateMessage
info: Win32Emu.Emulator[0]
      [Import] Direct call to USER32.DLL!DispatchMessageA at 0x0F000480
info: Win32Emu.Emulator[0]
      Dispatching USER32.DLL!DispatchMessageA at EIP=0x0F000480 ESP=0x001FEF10 stack=88 13 41 00 28 EF 1F 00 FC EF 1F 00 00 00 00 00
info: Win32Emu.Emulator[0]
      [User32] DispatchMessageA: HWND=0x00010000 MSG=0x0006 wParam=0x00000001 lParam=0x00000000
info: Win32Emu.Emulator[0]
      [User32] DispatchMessageA: Found WndProc=0x00411450 for HWND=0x00010000
info: Win32Emu.Emulator[0]
      [User32] CallWindowProcedureAsync: Calling 0x00411450 with HWND=0x00010000 MSG=0x0006
info: Win32Emu.Emulator[0]
      [JitCpu] Compiling block at EIP=0x006BE448 using RTL pipeline
info: Win32Emu.Emulator[0]
      [RtlJitCache] Compiling block at 0x006BE448 (17 instructions)
warn: Win32Emu.Emulator[0]
      [X86ToRtl] Unsupported instruction: Loopne at 0x6BE448
warn: Win32Emu.Emulator[0]
      [X86ToRtl] Unsupported instruction: INVALID at 0x6BE44C
warn: Win32Emu.Emulator[0]
      [X86ToRtl] Unsupported instruction: Pushad at 0x6BE464
info: Win32Emu.Emulator[0]
      [RtlJitCache] Saved C# source to /home/runner/work/Win32Emu/Win32Emu/.jitcache/Source/JitBlock_6a51ec80_006BE448.cs
fail: Win32Emu.Emulator[0]
      [RtlJitCache] Compilation failed:
      (32,25): error CS0103: The name 'CL' does not exist in the current context
      (33,25): error CS0103: The name 'CL' does not exist in the current context
      (34,25): error CS0103: The name 'AL' does not exist in the current context
      (35,25): error CS0103: The name 'CL' does not exist in the current context
      (36,25): error CS0103: The name 'AL' does not exist in the current context
      (37,25): error CS0103: The name 'CL' does not exist in the current context
      (38,25): error CS0103: The name 'AL' does not exist in the current context
      (39,25): error CS0103: The name 'AL' does not exist in the current context
      (43,30): error CS0103: The name 'ES' does not exist in the current context
      (44,25): error CS0103: The name 'CL' does not exist in the current context
      (46,30): error CS0103: The name 'ES' does not exist in the current context
      (47,25): error CS0103: The name 'CL' does not exist in the current context
fail: Win32Emu.Emulator[0]
      [User32] CallWindowProcedureAsync: Exception during execution: C# compilation failed: (32,25): error CS0103: The name 'CL' does not exist in the current context
      (33,25): error CS0103: The name 'CL' does not exist in the current context
      (34,25): error CS0103: The name 'AL' does not exist in the current context
      (35,25): error CS0103: The name 'CL' does not exist in the current context
      (36,25): error CS0103: The name 'AL' does not exist in the current context
      (37,25): error CS0103: The name 'CL' does not exist in the current context
      (38,25): error CS0103: The name 'AL' does not exist in the current context
      (39,25): error CS0103: The name 'AL' does not exist in the current context
      (43,30): error CS0103: The name 'ES' does not exist in the current context
      (44,25): error CS0103: The name 'CL' does not exist in the current context
      (46,30): error CS0103: The name 'ES' does not exist in the current context
      (47,25): error CS0103: The name 'CL' does not exist in the current context
      System.InvalidOperationException: C# compilation failed: (32,25): error CS0103: The name 'CL' does not exist in the current context
      (33,25): error CS0103: The name 'CL' does not exist in the current context
      (34,25): error CS0103: The name 'AL' does not exist in the current context
      (35,25): error CS0103: The name 'CL' does not exist in the current context
      (36,25): error CS0103: The name 'AL' does not exist in the current context
      (37,25): error CS0103: The name 'CL' does not exist in the current context
      (38,25): error CS0103: The name 'AL' does not exist in the current context
      (39,25): error CS0103: The name 'AL' does not exist in the current context
      (43,30): error CS0103: The name 'ES' does not exist in the current context
      (44,25): error CS0103: The name 'CL' does not exist in the current context
      (46,30): error CS0103: The name 'ES' does not exist in the current context
      (47,25): error CS0103: The name 'CL' does not exist in the current context
         at Win32Emu.Rtl.RtlJitCache.CompileCSharpToAssembly(String csharpCode, String assemblyName) in /home/runner/work/Win32Emu/Win32Emu/Win32Emu.Rtl/RtlJitCache.cs:line 179
         at Win32Emu.Rtl.RtlJitCache.CompileBlockAsync(UInt32 startAddress, List`1 instructions) in /home/runner/work/Win32Emu/Win32Emu/Win32Emu.Rtl/RtlJitCache.cs:line 105
         at Win32Emu.Rtl.RtlJitCache.CompileBlock(UInt32 startAddress, List`1 instructions) in /home/runner/work/Win32Emu/Win32Emu/Win32Emu.Rtl/RtlJitCache.cs:line 132
         at Win32Emu.Cpu.Jit.JitCpu.CompileBlock(UInt32 startEip, VirtualMemory mem) in /home/runner/work/Win32Emu/Win32Emu/Win32Emu/Cpu/Jit/JitCpu.cs:line 1671
         at Win32Emu.Cpu.Jit.JitCpu.ExecuteBlockAsync(VirtualMemory mem) in /home/runner/work/Win32Emu/Win32Emu/Win32Emu/Cpu/Jit/JitCpu.cs:line 437
         at Win32Emu.Cpu.CpuHelpers.ExecuteAsync(ICpu cpu, VirtualMemory memory) in /home/runner/work/Win32Emu/Win32Emu/Win32Emu/Cpu/CpuHelpers.cs:line 53
         at Win32Emu.Win32.Modules.User32Module.ExecuteStdCallProcedureAsync(ICpu cpu, VirtualMemory memory, UInt32 procedureAddress, UInt32[] parameters, String contextName, CancellationToken cancellationToken) in /home/runner/work/Win32Emu/Win32Emu/Win32Emu/Win32/Modules/User32Module.cs:line 2920
info: Win32Emu.Emulator[0]
      [User32] CallWindowProcedureAsync: Completed with return value 0x00000000, timedOut=False, cancelled=False, failed=True
info: Win32Emu.Emulator[0]
      [User32] DispatchMessageA: WndProc returned 0x00000000
info: Win32Emu.Emulator[0]
      [Dispatcher] USER32.DLL!DispatchMessageA returned 0x00000000, argBytes=4, convention=Stdcall
info: Win32Emu.Emulator[0]
      [Import USER32.DLL!DispatchMessageA] Return address from stack: ESP=0x001FEF10, retEIP=0x00411388
info: Win32Emu.Emulator[0]
      [Import USER32.DLL!DispatchMessageA] Stack state before cleanup:
        [ESP+00] = 0x001FEF10: 0x00411388 (return addr)
        [ESP+04] = 0x001FEF14: 0x001FEF28 (arg1)
        [ESP+08] = 0x001FEF18: 0x001FEFFC
        [ESP+12] = 0x001FEF1C: 0x00000000
        [ESP+16] = 0x001FEF20: 0x006E0018
        [ESP+20] = 0x001FEF24: 0x00000000
      
info: Win32Emu.Emulator[0]
      [Import USER32.DLL!DispatchMessageA] Stack cleanup: ESP=0x001FEF10, retEIP=0x00411388, argBytes=4, new ESP=0x001FEF18
dbug: Win32Emu.Emulator[0]
      [RegisterValidation] After Import USER32.DLL!DispatchMessageA: EBX=0F000480 (saved=0F000480, preserved=True), ESI=0F0005F0 (saved=0F0005F0, preserved=True), EDI=0F000600 (saved=0F000600, preserved=True), EBP=0F000470 (saved=0F000470, preserved=True, valid=False, savedValid=False), ESP=001FEF18
dbug: Win32Emu.Emulator[0]
      [Import] Successfully invoked USER32.DLL!DispatchMessageA
info: Win32Emu.Emulator[0]
      [Import] Direct call to USER32.DLL!GetMessageA at 0x0F000600
info: Win32Emu.Emulator[0]
      Dispatching USER32.DLL!GetMessageA at EIP=0x0F000600 ESP=0x001FEF04 stack=76 13 41 00 28 EF 1F 00 00 00 00 00 00 00 00 00
info: Win32Emu.Emulator[0]
      [User32] GetMessageA: retrieved MSG=0x0006 HWND=0x00000002
info: Win32Emu.Emulator[0]
      [Dispatcher] USER32.DLL!GetMessageA returned 0x00000001, argBytes=16, convention=Stdcall
info: Win32Emu.Emulator[0]
      [Import USER32.DLL!GetMessageA] Return address from stack: ESP=0x001FEF04, retEIP=0x00411376
info: Win32Emu.Emulator[0]
      [Import USER32.DLL!GetMessageA] Stack state before cleanup:
        [ESP+00] = 0x001FEF04: 0x00411376 (return addr)
        [ESP+04] = 0x001FEF08: 0x001FEF28 (arg1)
        [ESP+08] = 0x001FEF0C: 0x00000000 (arg2)
        [ESP+12] = 0x001FEF10: 0x00000000 (arg3)
        [ESP+16] = 0x001FEF14: 0x00000000 (arg4)
        [ESP+20] = 0x001FEF18: 0x001FEFFC
      
info: Win32Emu.Emulator[0]
      [Import USER32.DLL!GetMessageA] Stack cleanup: ESP=0x001FEF04, retEIP=0x00411376, argBytes=16, new ESP=0x001FEF18
dbug: Win32Emu.Emulator[0]
      [RegisterValidation] After Import USER32.DLL!GetMessageA: EBX=0F000480 (saved=0F000480, preserved=True), ESI=0F0005F0 (saved=0F0005F0, preserved=True), EDI=0F000600 (saved=0F000600, preserved=True), EBP=0F000470 (saved=0F000470, preserved=True, valid=False, savedValid=False), ESP=001FEF18
dbug: Win32Emu.Emulator[0]
      [Import] Successfully invoked USER32.DLL!GetMessageA
info: Win32Emu.Emulator[0]
      [Import] Direct call to USER32.DLL!TranslateMessage at 0x0F000470
info: Win32Emu.Emulator[0]
      Dispatching USER32.DLL!TranslateMessage at EIP=0x0F000470 ESP=0x001FEF10 stack=81 13 41 00 28 EF 1F 00 FC EF 1F 00 00 00 00 00
info: Win32Emu.Emulator[0]
      [User32] TranslateMessage: HWND=0x00000002 MSG=0x0006 wParam=0x00000001 lParam=0x00000000
info: Win32Emu.Emulator[0]
      [Dispatcher] USER32.DLL!TranslateMessage returned 0x00000000, argBytes=4, convention=Stdcall
info: Win32Emu.Emulator[0]
      [Import USER32.DLL!TranslateMessage] Return address from stack: ESP=0x001FEF10, retEIP=0x00411381
info: Win32Emu.Emulator[0]
      [Import USER32.DLL!TranslateMessage] Stack state before cleanup:
        [ESP+00] = 0x001FEF10: 0x00411381 (return addr)
        [ESP+04] = 0x001FEF14: 0x001FEF28 (arg1)
        [ESP+08] = 0x001FEF18: 0x001FEFFC
        [ESP+12] = 0x001FEF1C: 0x00000000
        [ESP+16] = 0x001FEF20: 0x006E0018
        [ESP+20] = 0x001FEF24: 0x00000000
      
info: Win32Emu.Emulator[0]
      [Import USER32.DLL!TranslateMessage] Stack cleanup: ESP=0x001FEF10, retEIP=0x00411381, argBytes=4, new ESP=0x001FEF18
dbug: Win32Emu.Emulator[0]
      [RegisterValidation] After Import USER32.DLL!TranslateMessage: EBX=0F000480 (saved=0F000480, preserved=True), ESI=0F0005F0 (saved=0F0005F0, preserved=True), EDI=0F000600 (saved=0F000600, preserved=True), EBP=0F000470 (saved=0F000470, preserved=True, valid=False, savedValid=False), ESP=001FEF18
dbug: Win32Emu.Emulator[0]
      [Import] Successfully invoked USER32.DLL!TranslateMessage
info: Win32Emu.Emulator[0]
      [Import] Direct call to USER32.DLL!DispatchMessageA at 0x0F000480
info: Win32Emu.Emulator[0]
      Dispatching USER32.DLL!DispatchMessageA at EIP=0x0F000480 ESP=0x001FEF10 stack=88 13 41 00 28 EF 1F 00 FC EF 1F 00 00 00 00 00
info: Win32Emu.Emulator[0]
      [User32] DispatchMessageA: HWND=0x00000002 MSG=0x0006 wParam=0x00000001 lParam=0x00000000
info: Win32Emu.Emulator[0]
      [User32] DispatchMessageA: No WndProc found for HWND=0x00000002
info: Win32Emu.Emulator[0]
      [Dispatcher] USER32.DLL!DispatchMessageA returned 0x00000000, argBytes=4, convention=Stdcall
info: Win32Emu.Emulator[0]
      [Import USER32.DLL!DispatchMessageA] Return address from stack: ESP=0x001FEF10, retEIP=0x00411388
info: Win32Emu.Emulator[0]
      [Import USER32.DLL!DispatchMessageA] Stack state before cleanup:
        [ESP+00] = 0x001FEF10: 0x00411388 (return addr)
        [ESP+04] = 0x001FEF14: 0x001FEF28 (arg1)
        [ESP+08] = 0x001FEF18: 0x001FEFFC
        [ESP+12] = 0x001FEF1C: 0x00000000
        [ESP+16] = 0x001FEF20: 0x006E0018
        [ESP+20] = 0x001FEF24: 0x00000000
      
info: Win32Emu.Emulator[0]
      [Import USER32.DLL!DispatchMessageA] Stack cleanup: ESP=0x001FEF10, retEIP=0x00411388, argBytes=4, new ESP=0x001FEF18
dbug: Win32Emu.Emulator[0]
      [RegisterValidation] After Import USER32.DLL!DispatchMessageA: EBX=0F000480 (saved=0F000480, preserved=True), ESI=0F0005F0 (saved=0F0005F0, preserved=True), EDI=0F000600 (saved=0F000600, preserved=True), EBP=0F000470 (saved=0F000470, preserved=True, valid=False, savedValid=False), ESP=001FEF18
dbug: Win32Emu.Emulator[0]
      [Import] Successfully invoked USER32.DLL!DispatchMessageA
info: Win32Emu.Emulator[0]
      [Import] Direct call to USER32.DLL!GetMessageA at 0x0F000600
info: Win32Emu.Emulator[0]
      Dispatching USER32.DLL!GetMessageA at EIP=0x0F000600 ESP=0x001FEF04 stack=76 13 41 00 28 EF 1F 00 00 00 00 00 00 00 00 00
info: Win32Emu.Emulator[0]
      [User32] GetMessageA: retrieved MSG=0x001C HWND=0x00000002
info: Win32Emu.Emulator[0]
      [Dispatcher] USER32.DLL!GetMessageA returned 0x00000001, argBytes=16, convention=Stdcall
info: Win32Emu.Emulator[0]
      [Import USER32.DLL!GetMessageA] Return address from stack: ESP=0x001FEF04, retEIP=0x00411376
info: Win32Emu.Emulator[0]
      [Import USER32.DLL!GetMessageA] Stack state before cleanup:
        [ESP+00] = 0x001FEF04: 0x00411376 (return addr)
        [ESP+04] = 0x001FEF08: 0x001FEF28 (arg1)
        [ESP+08] = 0x001FEF0C: 0x00000000 (arg2)
        [ESP+12] = 0x001FEF10: 0x00000000 (arg3)
        [ESP+16] = 0x001FEF14: 0x00000000 (arg4)
        [ESP+20] = 0x001FEF18: 0x001FEFFC
      
info: Win32Emu.Emulator[0]
      [Import USER32.DLL!GetMessageA] Stack cleanup: ESP=0x001FEF04, retEIP=0x00411376, argBytes=16, new ESP=0x001FEF18
dbug: Win32Emu.Emulator[0]
      [RegisterValidation] After Import USER32.DLL!GetMessageA: EBX=0F000480 (saved=0F000480, preserved=True), ESI=0F0005F0 (saved=0F0005F0, preserved=True), EDI=0F000600 (saved=0F000600, preserved=True), EBP=0F000470 (saved=0F000470, preserved=True, valid=False, savedValid=False), ESP=001FEF18
dbug: Win32Emu.Emulator[0]
      [Import] Successfully invoked USER32.DLL!GetMessageA
info: Win32Emu.Emulator[0]
      [Import] Direct call to USER32.DLL!TranslateMessage at 0x0F000470
info: Win32Emu.Emulator[0]
      Dispatching USER32.DLL!TranslateMessage at EIP=0x0F000470 ESP=0x001FEF10 stack=81 13 41 00 28 EF 1F 00 FC EF 1F 00 00 00 00 00
info: Win32Emu.Emulator[0]
      [User32] TranslateMessage: HWND=0x00000002 MSG=0x001C wParam=0x00000001 lParam=0x00000001
info: Win32Emu.Emulator[0]
      [Dispatcher] USER32.DLL!TranslateMessage returned 0x00000000, argBytes=4, convention=Stdcall
info: Win32Emu.Emulator[0]
      [Import USER32.DLL!TranslateMessage] Return address from stack: ESP=0x001FEF10, retEIP=0x00411381
info: Win32Emu.Emulator[0]
      [Import USER32.DLL!TranslateMessage] Stack state before cleanup:
        [ESP+00] = 0x001FEF10: 0x00411381 (return addr)
        [ESP+04] = 0x001FEF14: 0x001FEF28 (arg1)
        [ESP+08] = 0x001FEF18: 0x001FEFFC
        [ESP+12] = 0x001FEF1C: 0x00000000
        [ESP+16] = 0x001FEF20: 0x006E0018
        [ESP+20] = 0x001FEF24: 0x00000000
      
info: Win32Emu.Emulator[0]
      [Import USER32.DLL!TranslateMessage] Stack cleanup: ESP=0x001FEF10, retEIP=0x00411381, argBytes=4, new ESP=0x001FEF18
dbug: Win32Emu.Emulator[0]
      [RegisterValidation] After Import USER32.DLL!TranslateMessage: EBX=0F000480 (saved=0F000480, preserved=True), ESI=0F0005F0 (saved=0F0005F0, preserved=True), EDI=0F000600 (saved=0F000600, preserved=True), EBP=0F000470 (saved=0F000470, preserved=True, valid=False, savedValid=False), ESP=001FEF18
dbug: Win32Emu.Emulator[0]
      [Import] Successfully invoked USER32.DLL!TranslateMessage
info: Win32Emu.Emulator[0]
      [Import] Direct call to USER32.DLL!DispatchMessageA at 0x0F000480
info: Win32Emu.Emulator[0]
      Dispatching USER32.DLL!DispatchMessageA at EIP=0x0F000480 ESP=0x001FEF10 stack=88 13 41 00 28 EF 1F 00 FC EF 1F 00 00 00 00 00
info: Win32Emu.Emulator[0]
      [User32] DispatchMessageA: HWND=0x00000002 MSG=0x001C wParam=0x00000001 lParam=0x00000001
info: Win32Emu.Emulator[0]
      [User32] DispatchMessageA: No WndProc found for HWND=0x00000002
info: Win32Emu.Emulator[0]
      [Dispatcher] USER32.DLL!DispatchMessageA returned 0x00000000, argBytes=4, convention=Stdcall
info: Win32Emu.Emulator[0]
      [Import USER32.DLL!DispatchMessageA] Return address from stack: ESP=0x001FEF10, retEIP=0x00411388
info: Win32Emu.Emulator[0]
      [Import USER32.DLL!DispatchMessageA] Stack state before cleanup:
        [ESP+00] = 0x001FEF10: 0x00411388 (return addr)
        [ESP+04] = 0x001FEF14: 0x001FEF28 (arg1)
        [ESP+08] = 0x001FEF18: 0x001FEFFC
        [ESP+12] = 0x001FEF1C: 0x00000000
        [ESP+16] = 0x001FEF20: 0x006E0018
        [ESP+20] = 0x001FEF24: 0x00000000
      
info: Win32Emu.Emulator[0]
      [Import USER32.DLL!DispatchMessageA] Stack cleanup: ESP=0x001FEF10, retEIP=0x00411388, argBytes=4, new ESP=0x001FEF18
dbug: Win32Emu.Emulator[0]
      [RegisterValidation] After Import USER32.DLL!DispatchMessageA: EBX=0F000480 (saved=0F000480, preserved=True), ESI=0F0005F0 (saved=0F0005F0, preserved=True), EDI=0F000600 (saved=0F000600, preserved=True), EBP=0F000470 (saved=0F000470, preserved=True, valid=False, savedValid=False), ESP=001FEF18
dbug: Win32Emu.Emulator[0]
      [Import] Successfully invoked USER32.DLL!DispatchMessageA
info: Win32Emu.Emulator[0]
      [Import] Direct call to USER32.DLL!GetMessageA at 0x0F000600
info: Win32Emu.Emulator[0]
      Dispatching USER32.DLL!GetMessageA at EIP=0x0F000600 ESP=0x001FEF04 stack=76 13 41 00 28 EF 1F 00 00 00 00 00 00 00 00 00
info: Win32Emu.Emulator[0]
      [User32] GetMessageA: retrieved MSG=0x0006 HWND=0x00000002
info: Win32Emu.Emulator[0]
      [Dispatcher] USER32.DLL!GetMessageA returned 0x00000001, argBytes=16, convention=Stdcall
info: Win32Emu.Emulator[0]
      [Import USER32.DLL!GetMessageA] Return address from stack: ESP=0x001FEF04, retEIP=0x00411376
info: Win32Emu.Emulator[0]
      [Import USER32.DLL!GetMessageA] Stack state before cleanup:
        [ESP+00] = 0x001FEF04: 0x00411376 (return addr)
        [ESP+04] = 0x001FEF08: 0x001FEF28 (arg1)
        [ESP+08] = 0x001FEF0C: 0x00000000 (arg2)
        [ESP+12] = 0x001FEF10: 0x00000000 (arg3)
        [ESP+16] = 0x001FEF14: 0x00000000 (arg4)
        [ESP+20] = 0x001FEF18: 0x001FEFFC
      
info: Win32Emu.Emulator[0]
      [Import USER32.DLL!GetMessageA] Stack cleanup: ESP=0x001FEF04, retEIP=0x00411376, argBytes=16, new ESP=0x001FEF18
dbug: Win32Emu.Emulator[0]
      [RegisterValidation] After Import USER32.DLL!GetMessageA: EBX=0F000480 (saved=0F000480, preserved=True), ESI=0F0005F0 (saved=0F0005F0, preserved=True), EDI=0F000600 (saved=0F000600, preserved=True), EBP=0F000470 (saved=0F000470, preserved=True, valid=False, savedValid=False), ESP=001FEF18
dbug: Win32Emu.Emulator[0]
      [Import] Successfully invoked USER32.DLL!GetMessageA
info: Win32Emu.Emulator[0]
      [Import] Direct call to USER32.DLL!TranslateMessage at 0x0F000470
info: Win32Emu.Emulator[0]
      Dispatching USER32.DLL!TranslateMessage at EIP=0x0F000470 ESP=0x001FEF10 stack=81 13 41 00 28 EF 1F 00 FC EF 1F 00 00 00 00 00
info: Win32Emu.Emulator[0]
      [User32] TranslateMessage: HWND=0x00000002 MSG=0x0006 wParam=0x00000001 lParam=0x00000000
info: Win32Emu.Emulator[0]
      [Dispatcher] USER32.DLL!TranslateMessage returned 0x00000000, argBytes=4, convention=Stdcall
info: Win32Emu.Emulator[0]
      [Import USER32.DLL!TranslateMessage] Return address from stack: ESP=0x001FEF10, retEIP=0x00411381
info: Win32Emu.Emulator[0]
      [Import USER32.DLL!TranslateMessage] Stack state before cleanup:
        [ESP+00] = 0x001FEF10: 0x00411381 (return addr)
        [ESP+04] = 0x001FEF14: 0x001FEF28 (arg1)
        [ESP+08] = 0x001FEF18: 0x001FEFFC
        [ESP+12] = 0x001FEF1C: 0x00000000
        [ESP+16] = 0x001FEF20: 0x006E0018
        [ESP+20] = 0x001FEF24: 0x00000000
      
info: Win32Emu.Emulator[0]
      [Import USER32.DLL!TranslateMessage] Stack cleanup: ESP=0x001FEF10, retEIP=0x00411381, argBytes=4, new ESP=0x001FEF18
dbug: Win32Emu.Emulator[0]
      [RegisterValidation] After Import USER32.DLL!TranslateMessage: EBX=0F000480 (saved=0F000480, preserved=True), ESI=0F0005F0 (saved=0F0005F0, preserved=True), EDI=0F000600 (saved=0F000600, preserved=True), EBP=0F000470 (saved=0F000470, preserved=True, valid=False, savedValid=False), ESP=001FEF18
dbug: Win32Emu.Emulator[0]
      [Import] Successfully invoked USER32.DLL!TranslateMessage
info: Win32Emu.Emulator[0]
      [Import] Direct call to USER32.DLL!DispatchMessageA at 0x0F000480
info: Win32Emu.Emulator[0]
      Dispatching USER32.DLL!DispatchMessageA at EIP=0x0F000480 ESP=0x001FEF10 stack=88 13 41 00 28 EF 1F 00 FC EF 1F 00 00 00 00 00
info: Win32Emu.Emulator[0]
      [User32] DispatchMessageA: HWND=0x00000002 MSG=0x0006 wParam=0x00000001 lParam=0x00000000
info: Win32Emu.Emulator[0]
      [User32] DispatchMessageA: No WndProc found for HWND=0x00000002
info: Win32Emu.Emulator[0]
      [Dispatcher] USER32.DLL!DispatchMessageA returned 0x00000000, argBytes=4, convention=Stdcall
info: Win32Emu.Emulator[0]
      [Import USER32.DLL!DispatchMessageA] Return address from stack: ESP=0x001FEF10, retEIP=0x00411388
info: Win32Emu.Emulator[0]
      [Import USER32.DLL!DispatchMessageA] Stack state before cleanup:
        [ESP+00] = 0x001FEF10: 0x00411388 (return addr)
        [ESP+04] = 0x001FEF14: 0x001FEF28 (arg1)
        [ESP+08] = 0x001FEF18: 0x001FEFFC
        [ESP+12] = 0x001FEF1C: 0x00000000
        [ESP+16] = 0x001FEF20: 0x006E0018
        [ESP+20] = 0x001FEF24: 0x00000000
      
info: Win32Emu.Emulator[0]
      [Import USER32.DLL!DispatchMessageA] Stack cleanup: ESP=0x001FEF10, retEIP=0x00411388, argBytes=4, new ESP=0x001FEF18
dbug: Win32Emu.Emulator[0]
      [RegisterValidation] After Import USER32.DLL!DispatchMessageA: EBX=0F000480 (saved=0F000480, preserved=True), ESI=0F0005F0 (saved=0F0005F0, preserved=True), EDI=0F000600 (saved=0F000600, preserved=True), EBP=0F000470 (saved=0F000470, preserved=True, valid=False, savedValid=False), ESP=001FEF18
dbug: Win32Emu.Emulator[0]
      [Import] Successfully invoked USER32.DLL!DispatchMessageA
info: Win32Emu.Emulator[0]
      [Import] Direct call to USER32.DLL!GetMessageA at 0x0F000600
info: Win32Emu.Emulator[0]
      Dispatching USER32.DLL!GetMessageA at EIP=0x0F000600 ESP=0x001FEF04 stack=76 13 41 00 28 EF 1F 00 00 00 00 00 00 00 00 00
info: Win32Emu.Emulator[0]
      [User32] GetMessageA: retrieved MSG=0x001C HWND=0x00000002
info: Win32Emu.Emulator[0]
      [Dispatcher] USER32.DLL!GetMessageA returned 0x00000001, argBytes=16, convention=Stdcall
info: Win32Emu.Emulator[0]
      [Import USER32.DLL!GetMessageA] Return address from stack: ESP=0x001FEF04, retEIP=0x00411376
info: Win32Emu.Emulator[0]
      [Import USER32.DLL!GetMessageA] Stack state before cleanup:
        [ESP+00] = 0x001FEF04: 0x00411376 (return addr)
        [ESP+04] = 0x001FEF08: 0x001FEF28 (arg1)
        [ESP+08] = 0x001FEF0C: 0x00000000 (arg2)
        [ESP+12] = 0x001FEF10: 0x00000000 (arg3)
        [ESP+16] = 0x001FEF14: 0x00000000 (arg4)
        [ESP+20] = 0x001FEF18: 0x001FEFFC
      
info: Win32Emu.Emulator[0]
      [Import USER32.DLL!GetMessageA] Stack cleanup: ESP=0x001FEF04, retEIP=0x00411376, argBytes=16, new ESP=0x001FEF18
dbug: Win32Emu.Emulator[0]
      [RegisterValidation] After Import USER32.DLL!GetMessageA: EBX=0F000480 (saved=0F000480, preserved=True), ESI=0F0005F0 (saved=0F0005F0, preserved=True), EDI=0F000600 (saved=0F000600, preserved=True), EBP=0F000470 (saved=0F000470, preserved=True, valid=False, savedValid=False), ESP=001FEF18
dbug: Win32Emu.Emulator[0]
      [Import] Successfully invoked USER32.DLL!GetMessageA
info: Win32Emu.Emulator[0]
      [Import] Direct call to USER32.DLL!TranslateMessage at 0x0F000470
info: Win32Emu.Emulator[0]
      Dispatching USER32.DLL!TranslateMessage at EIP=0x0F000470 ESP=0x001FEF10 stack=81 13 41 00 28 EF 1F 00 FC EF 1F 00 00 00 00 00
info: Win32Emu.Emulator[0]
      [User32] TranslateMessage: HWND=0x00000002 MSG=0x001C wParam=0x00000001 lParam=0x00000001
info: Win32Emu.Emulator[0]
      [Dispatcher] USER32.DLL!TranslateMessage returned 0x00000000, argBytes=4, convention=Stdcall
info: Win32Emu.Emulator[0]
      [Import USER32.DLL!TranslateMessage] Return address from stack: ESP=0x001FEF10, retEIP=0x00411381
info: Win32Emu.Emulator[0]
      [Import USER32.DLL!TranslateMessage] Stack state before cleanup:
        [ESP+00] = 0x001FEF10: 0x00411381 (return addr)
        [ESP+04] = 0x001FEF14: 0x001FEF28 (arg1)
        [ESP+08] = 0x001FEF18: 0x001FEFFC
        [ESP+12] = 0x001FEF1C: 0x00000000
        [ESP+16] = 0x001FEF20: 0x006E0018
        [ESP+20] = 0x001FEF24: 0x00000000
      
info: Win32Emu.Emulator[0]
      [Import USER32.DLL!TranslateMessage] Stack cleanup: ESP=0x001FEF10, retEIP=0x00411381, argBytes=4, new ESP=0x001FEF18
dbug: Win32Emu.Emulator[0]
      [RegisterValidation] After Import USER32.DLL!TranslateMessage: EBX=0F000480 (saved=0F000480, preserved=True), ESI=0F0005F0 (saved=0F0005F0, preserved=True), EDI=0F000600 (saved=0F000600, preserved=True), EBP=0F000470 (saved=0F000470, preserved=True, valid=False, savedValid=False), ESP=001FEF18
dbug: Win32Emu.Emulator[0]
      [Import] Successfully invoked USER32.DLL!TranslateMessage
info: Win32Emu.Emulator[0]
      [Import] Direct call to USER32.DLL!DispatchMessageA at 0x0F000480
info: Win32Emu.Emulator[0]
      Dispatching USER32.DLL!DispatchMessageA at EIP=0x0F000480 ESP=0x001FEF10 stack=88 13 41 00 28 EF 1F 00 FC EF 1F 00 00 00 00 00
info: Win32Emu.Emulator[0]
      [User32] DispatchMessageA: HWND=0x00000002 MSG=0x001C wParam=0x00000001 lParam=0x00000001
info: Win32Emu.Emulator[0]
      [User32] DispatchMessageA: No WndProc found for HWND=0x00000002
info: Win32Emu.Emulator[0]
      [Dispatcher] USER32.DLL!DispatchMessageA returned 0x00000000, argBytes=4, convention=Stdcall
info: Win32Emu.Emulator[0]
      [Import USER32.DLL!DispatchMessageA] Return address from stack: ESP=0x001FEF10, retEIP=0x00411388
info: Win32Emu.Emulator[0]
      [Import USER32.DLL!DispatchMessageA] Stack state before cleanup:
        [ESP+00] = 0x001FEF10: 0x00411388 (return addr)
        [ESP+04] = 0x001FEF14: 0x001FEF28 (arg1)
        [ESP+08] = 0x001FEF18: 0x001FEFFC
        [ESP+12] = 0x001FEF1C: 0x00000000
        [ESP+16] = 0x001FEF20: 0x006E0018
        [ESP+20] = 0x001FEF24: 0x00000000
      
info: Win32Emu.Emulator[0]
      [Import USER32.DLL!DispatchMessageA] Stack cleanup: ESP=0x001FEF10, retEIP=0x00411388, argBytes=4, new ESP=0x001FEF18
dbug: Win32Emu.Emulator[0]
      [RegisterValidation] After Import USER32.DLL!DispatchMessageA: EBX=0F000480 (saved=0F000480, preserved=True), ESI=0F0005F0 (saved=0F0005F0, preserved=True), EDI=0F000600 (saved=0F000600, preserved=True), EBP=0F000470 (saved=0F000470, preserved=True, valid=False, savedValid=False), ESP=001FEF18
dbug: Win32Emu.Emulator[0]
      [Import] Successfully invoked USER32.DLL!DispatchMessageA
info: Win32Emu.Emulator[0]
      [Import] Direct call to USER32.DLL!GetMessageA at 0x0F000600
info: Win32Emu.Emulator[0]
      Dispatching USER32.DLL!GetMessageA at EIP=0x0F000600 ESP=0x001FEF04 stack=76 13 41 00 28 EF 1F 00 00 00 00 00 00 00 00 00
info: Win32Emu.Emulator[0]
      [Dispatcher] USER32.DLL!GetMessageA returned 0x00000001, argBytes=16, convention=Stdcall
info: Win32Emu.Emulator[0]
      [Import USER32.DLL!GetMessageA] Return address from stack: ESP=0x001FEF04, retEIP=0x00411376
info: Win32Emu.Emulator[0]
      [Import USER32.DLL!GetMessageA] Stack state before cleanup:
        [ESP+00] = 0x001FEF04: 0x00411376 (return addr)
        [ESP+04] = 0x001FEF08: 0x001FEF28 (arg1)
        [ESP+08] = 0x001FEF0C: 0x00000000 (arg2)
        [ESP+12] = 0x001FEF10: 0x00000000 (arg3)
        [ESP+16] = 0x001FEF14: 0x00000000 (arg4)
        [ESP+20] = 0x001FEF18: 0x001FEFFC
      
info: Win32Emu.Emulator[0]
      [Import USER32.DLL!GetMessageA] Stack cleanup: ESP=0x001FEF04, retEIP=0x00411376, argBytes=16, new ESP=0x001FEF18
dbug: Win32Emu.Emulator[0]
      [RegisterValidation] After Import USER32.DLL!GetMessageA: EBX=0F000480 (saved=0F000480, preserved=True), ESI=0F0005F0 (saved=0F0005F0, preserved=True), EDI=0F000600 (saved=0F000600, preserved=True), EBP=0F000470 (saved=0F000470, preserved=True, valid=False, savedValid=False), ESP=001FEF18
dbug: Win32Emu.Emulator[0]
      [Import] Successfully invoked USER32.DLL!GetMessageA
info: Win32Emu.Emulator[0]
      [Import] Direct call to USER32.DLL!TranslateMessage at 0x0F000470
info: Win32Emu.Emulator[0]
      Dispatching USER32.DLL!TranslateMessage at EIP=0x0F000470 ESP=0x001FEF10 stack=81 13 41 00 28 EF 1F 00 FC EF 1F 00 00 00 00 00
info: Win32Emu.Emulator[0]
      [User32] TranslateMessage: HWND=0x00000000 MSG=0x0000 wParam=0x00000000 lParam=0x00000000
info: Win32Emu.Emulator[0]
      [Dispatcher] USER32.DLL!TranslateMessage returned 0x00000000, argBytes=4, convention=Stdcall
info: Win32Emu.Emulator[0]
      [Import USER32.DLL!TranslateMessage] Return address from stack: ESP=0x001FEF10, retEIP=0x00411381
info: Win32Emu.Emulator[0]
      [Import USER32.DLL!TranslateMessage] Stack state before cleanup:
        [ESP+00] = 0x001FEF10: 0x00411381 (return addr)
        [ESP+04] = 0x001FEF14: 0x001FEF28 (arg1)
        [ESP+08] = 0x001FEF18: 0x001FEFFC
        [ESP+12] = 0x001FEF1C: 0x00000000
        [ESP+16] = 0x001FEF20: 0x006E0018
        [ESP+20] = 0x001FEF24: 0x00000000
      
info: Win32Emu.Emulator[0]
      [Import USER32.DLL!TranslateMessage] Stack cleanup: ESP=0x001FEF10, retEIP=0x00411381, argBytes=4, new ESP=0x001FEF18
dbug: Win32Emu.Emulator[0]
      [RegisterValidation] After Import USER32.DLL!TranslateMessage: EBX=0F000480 (saved=0F000480, preserved=True), ESI=0F0005F0 (saved=0F0005F0, preserved=True), EDI=0F000600 (saved=0F000600, preserved=True), EBP=0F000470 (saved=0F000470, preserved=True, valid=False, savedValid=False), ESP=001FEF18
dbug: Win32Emu.Emulator[0]
      [Import] Successfully invoked USER32.DLL!TranslateMessage
info: Win32Emu.Emulator[0]
      [Import] Direct call to USER32.DLL!DispatchMessageA at 0x0F000480
info: Win32Emu.Emulator[0]
      Dispatching USER32.DLL!DispatchMessageA at EIP=0x0F000480 ESP=0x001FEF10 stack=88 13 41 00 28 EF 1F 00 FC EF 1F 00 00 00 00 00
info: Win32Emu.Emulator[0]
      [User32] DispatchMessageA: HWND=0x00000000 MSG=0x0000 wParam=0x00000000 lParam=0x00000000
info: Win32Emu.Emulator[0]
      [User32] DispatchMessageA: No WndProc found for HWND=0x00000000
info: Win32Emu.Emulator[0]
      [Dispatcher] USER32.DLL!DispatchMessageA returned 0x00000000, argBytes=4, convention=Stdcall
info: Win32Emu.Emulator[0]
      [Import USER32.DLL!DispatchMessageA] Return address from stack: ESP=0x001FEF10, retEIP=0x00411388
info: Win32Emu.Emulator[0]
      [Import USER32.DLL!DispatchMessageA] Stack state before cleanup:
        [ESP+00] = 0x001FEF10: 0x00411388 (return addr)
        [ESP+04] = 0x001FEF14: 0x001FEF28 (arg1)
        [ESP+08] = 0x001FEF18: 0x001FEFFC
        [ESP+12] = 0x001FEF1C: 0x00000000
        [ESP+16] = 0x001FEF20: 0x006E0018
        [ESP+20] = 0x001FEF24: 0x00000000
      
info: Win32Emu.Emulator[0]
      [Import USER32.DLL!DispatchMessageA] Stack cleanup: ESP=0x001FEF10, retEIP=0x00411388, argBytes=4, new ESP=0x001FEF18
dbug: Win32Emu.Emulator[0]
      [RegisterValidation] After Import USER32.DLL!DispatchMessageA: EBX=0F000480 (saved=0F000480, preserved=True), ESI=0F0005F0 (saved=0F0005F0, preserved=True), EDI=0F000600 (saved=0F000600, preserved=True), EBP=0F000470 (saved=0F000470, preserved=True, valid=False, savedValid=False), ESP=001FEF18
dbug: Win32Emu.Emulator[0]
      [Import] Successfully invoked USER32.DLL!DispatchMessageA
info: Win32Emu.Emulator[0]
      [Import] Direct call to USER32.DLL!GetMessageA at 0x0F000600
info: Win32Emu.Emulator[0]
      Dispatching USER32.DLL!GetMessageA at EIP=0x0F000600 ESP=0x001FEF04 stack=76 13 41 00 28 EF 1F 00 00 00 00 00 00 00 00 00
info: Win32Emu.Emulator[0]
      [Dispatcher] USER32.DLL!GetMessageA returned 0x00000001, argBytes=16, convention=Stdcall
info: Win32Emu.Emulator[0]
      [Import USER32.DLL!GetMessageA] Return address from stack: ESP=0x001FEF04, retEIP=0x00411376
info: Win32Emu.Emulator[0]
      [Import USER32.DLL!GetMessageA] Stack state before cleanup:
        [ESP+00] = 0x001FEF04: 0x00411376 (return addr)
        [ESP+04] = 0x001FEF08: 0x001FEF28 (arg1)
        [ESP+08] = 0x001FEF0C: 0x00000000 (arg2)
        [ESP+12] = 0x001FEF10: 0x00000000 (arg3)
        [ESP+16] = 0x001FEF14: 0x00000000 (arg4)
        [ESP+20] = 0x001FEF18: 0x001FEFFC
      
info: Win32Emu.Emulator[0]
      [Import USER32.DLL!GetMessageA] Stack cleanup: ESP=0x001FEF04, retEIP=0x00411376, argBytes=16, new ESP=0x001FEF18
dbug: Win32Emu.Emulator[0]
      [RegisterValidation] After Import USER32.DLL!GetMessageA: EBX=0F000480 (saved=0F000480, preserved=True), ESI=0F0005F0 (saved=0F0005F0, preserved=True), EDI=0F000600 (saved=0F000600, preserved=True), EBP=0F000470 (saved=0F000470, preserved=True, valid=False, savedValid=False), ESP=001FEF18
dbug: Win32Emu.Emulator[0]
      [Import] Successfully invoked USER32.DLL!GetMessageA
info: Win32Emu.Emulator[0]
      [Import] Direct call to USER32.DLL!TranslateMessage at 0x0F000470
info: Win32Emu.Emulator[0]
      Dispatching USER32.DLL!TranslateMessage at EIP=0x0F000470 ESP=0x001FEF10 stack=81 13 41 00 28 EF 1F 00 FC EF 1F 00 00 00 00 00
info: Win32Emu.Emulator[0]
      [User32] TranslateMessage: HWND=0x00000000 MSG=0x0000 wParam=0x00000000 lParam=0x00000000
info: Win32Emu.Emulator[0]
      [Dispatcher] USER32.DLL!TranslateMessage returned 0x00000000, argBytes=4, convention=Stdcall
info: Win32Emu.Emulator[0]
      [Import USER32.DLL!TranslateMessage] Return address from stack: ESP=0x001FEF10, retEIP=0x00411381
info: Win32Emu.Emulator[0]
      [Import USER32.DLL!TranslateMessage] Stack state before cleanup:
        [ESP+00] = 0x001FEF10: 0x00411381 (return addr)
        [ESP+04] = 0x001FEF14: 0x001FEF28 (arg1)
        [ESP+08] = 0x001FEF18: 0x001FEFFC
        [ESP+12] = 0x001FEF1C: 0x00000000
        [ESP+16] = 0x001FEF20: 0x006E0018
        [ESP+20] = 0x001FEF24: 0x00000000
      
info: Win32Emu.Emulator[0]
      [Import USER32.DLL!TranslateMessage] Stack cleanup: ESP=0x001FEF10, retEIP=0x00411381, argBytes=4, new ESP=0x001FEF18
dbug: Win32Emu.Emulator[0]
      [RegisterValidation] After Import USER32.DLL!TranslateMessage: EBX=0F000480 (saved=0F000480, preserved=True), ESI=0F0005F0 (saved=0F0005F0, preserved=True), EDI=0F000600 (saved=0F000600, preserved=True), EBP=0F000470 (saved=0F000470, preserved=True, valid=False, savedValid=False), ESP=001FEF18
dbug: Win32Emu.Emulator[0]
      [Import] Successfully invoked USER32.DLL!TranslateMessage
info: Win32Emu.Emulator[0]
      [Import] Direct call to USER32.DLL!DispatchMessageA at 0x0F000480
info: Win32Emu.Emulator[0]
      Dispatching USER32.DLL!DispatchMessageA at EIP=0x0F000480 ESP=0x001FEF10 stack=88 13 41 00 28 EF 1F 00 FC EF 1F 00 00 00 00 00
info: Win32Emu.Emulator[0]
      [User32] DispatchMessageA: HWND=0x00000000 MSG=0x0000 wParam=0x00000000 lParam=0x00000000
info: Win32Emu.Emulator[0]
      [User32] DispatchMessageA: No WndProc found for HWND=0x00000000
info: Win32Emu.Emulator[0]
      [Dispatcher] USER32.DLL!DispatchMessageA returned 0x00000000, argBytes=4, convention=Stdcall
info: Win32Emu.Emulator[0]
      [Import USER32.DLL!DispatchMessageA] Return address from stack: ESP=0x001FEF10, retEIP=0x00411388
info: Win32Emu.Emulator[0]
      [Import USER32.DLL!DispatchMessageA] Stack state before cleanup:
        [ESP+00] = 0x001FEF10: 0x00411388 (return addr)
        [ESP+04] = 0x001FEF14: 0x001FEF28 (arg1)
        [ESP+08] = 0x001FEF18: 0x001FEFFC
        [ESP+12] = 0x001FEF1C: 0x00000000
        [ESP+16] = 0x001FEF20: 0x006E0018
        [ESP+20] = 0x001FEF24: 0x00000000
      
info: Win32Emu.Emulator[0]
      [Import USER32.DLL!DispatchMessageA] Stack cleanup: ESP=0x001FEF10, retEIP=0x00411388, argBytes=4, new ESP=0x001FEF18
dbug: Win32Emu.Emulator[0]
      [RegisterValidation] After Import USER32.DLL!DispatchMessageA: EBX=0F000480 (saved=0F000480, preserved=True), ESI=0F0005F0 (saved=0F0005F0, preserved=True), EDI=0F000600 (saved=0F000600, preserved=True), EBP=0F000470 (saved=0F000470, preserved=True, valid=False, savedValid=False), ESP=001FEF18
dbug: Win32Emu.Emulator[0]
      [Import] Successfully invoked USER32.DLL!DispatchMessageA
info: Win32Emu.Emulator[0]
      [Import] Direct call to USER32.DLL!GetMessageA at 0x0F000600
info: Win32Emu.Emulator[0]
      Dispatching USER32.DLL!GetMessageA at EIP=0x0F000600 ESP=0x001FEF04 stack=76 13 41 00 28 EF 1F 00 00 00 00 00 00 00 00 00
info: Win32Emu.Emulator[0]
      [Dispatcher] USER32.DLL!GetMessageA returned 0x00000001, argBytes=16, convention=Stdcall
info: Win32Emu.Emulator[0]
      [Import USER32.DLL!GetMessageA] Return address from stack: ESP=0x001FEF04, retEIP=0x00411376
info: Win32Emu.Emulator[0]
      [Import USER32.DLL!GetMessageA] Stack state before cleanup:
        [ESP+00] = 0x001FEF04: 0x00411376 (return addr)
        [ESP+04] = 0x001FEF08: 0x001FEF28 (arg1)
        [ESP+08] = 0x001FEF0C: 0x00000000 (arg2)
        [ESP+12] = 0x001FEF10: 0x00000000 (arg3)
        [ESP+16] = 0x001FEF14: 0x00000000 (arg4)
        [ESP+20] = 0x001FEF18: 0x001FEFFC
      
info: Win32Emu.Emulator[0]
      [Import USER32.DLL!GetMessageA] Stack cleanup: ESP=0x001FEF04, retEIP=0x00411376, argBytes=16, new ESP=0x001FEF18
dbug: Win32Emu.Emulator[0]
      [RegisterValidation] After Import USER32.DLL!GetMessageA: EBX=0F000480 (saved=0F000480, preserved=True), ESI=0F0005F0 (saved=0F0005F0, preserved=True), EDI=0F000600 (saved=0F000600, preserved=True), EBP=0F000470 (saved=0F000470, preserved=True, valid=False, savedValid=False), ESP=001FEF18
dbug: Win32Emu.Emulator[0]
      [Import] Successfully invoked USER32.DLL!GetMessageA
info: Win32Emu.Emulator[0]
      [Import] Direct call to USER32.DLL!TranslateMessage at 0x0F000470
info: Win32Emu.Emulator[0]
      Dispatching USER32.DLL!TranslateMessage at EIP=0x0F000470 ESP=0x001FEF10 stack=81 13 41 00 28 EF 1F 00 FC EF 1F 00 00 00 00 00
info: Win32Emu.Emulator[0]
      [User32] TranslateMessage: HWND=0x00000000 MSG=0x0000 wParam=0x00000000 lParam=0x00000000
info: Win32Emu.Emulator[0]
      [Dispatcher] USER32.DLL!TranslateMessage returned 0x00000000, argBytes=4, convention=Stdcall
info: Win32Emu.Emulator[0]
      [Import USER32.DLL!TranslateMessage] Return address from stack: ESP=0x001FEF10, retEIP=0x00411381
info: Win32Emu.Emulator[0]
      [Import USER32.DLL!TranslateMessage] Stack state before cleanup:
        [ESP+00] = 0x001FEF10: 0x00411381 (return addr)
        [ESP+04] = 0x001FEF14: 0x001FEF28 (arg1)
        [ESP+08] = 0x001FEF18: 0x001FEFFC
        [ESP+12] = 0x001FEF1C: 0x00000000
        [ESP+16] = 0x001FEF20: 0x006E0018
        [ESP+20] = 0x001FEF24: 0x00000000
      
info: Win32Emu.Emulator[0]
      [Import USER32.DLL!TranslateMessage] Stack cleanup: ESP=0x001FEF10, retEIP=0x00411381, argBytes=4, new ESP=0x001FEF18
dbug: Win32Emu.Emulator[0]
      [RegisterValidation] After Import USER32.DLL!TranslateMessage: EBX=0F000480 (saved=0F000480, preserved=True), ESI=0F0005F0 (saved=0F0005F0, preserved=True), EDI=0F000600 (saved=0F000600, preserved=True), EBP=0F000470 (saved=0F000470, preserved=True, valid=False, savedValid=False), ESP=001FEF18
dbug: Win32Emu.Emulator[0]
      [Import] Successfully invoked USER32.DLL!TranslateMessage
info: Win32Emu.Emulator[0]
      [Import] Direct call to USER32.DLL!DispatchMessageA at 0x0F000480
info: Win32Emu.Emulator[0]
      Dispatching USER32.DLL!DispatchMessageA at EIP=0x0F000480 ESP=0x001FEF10 stack=88 13 41 00 28 EF 1F 00 FC EF 1F 00 00 00 00 00
info: Win32Emu.Emulator[0]
      [User32] DispatchMessageA: HWND=0x00000000 MSG=0x0000 wParam=0x00000000 lParam=0x00000000
info: Win32Emu.Emulator[0]
      [User32] DispatchMessageA: No WndProc found for HWND=0x00000000
info: Win32Emu.Emulator[0]
      [Dispatcher] USER32.DLL!DispatchMessageA returned 0x00000000, argBytes=4, convention=Stdcall
info: Win32Emu.Emulator[0]
      [Import USER32.DLL!DispatchMessageA] Return address from stack: ESP=0x001FEF10, retEIP=0x00411388
info: Win32Emu.Emulator[0]
      [Import USER32.DLL!DispatchMessageA] Stack state before cleanup:
        [ESP+00] = 0x001FEF10: 0x00411388 (return addr)
        [ESP+04] = 0x001FEF14: 0x001FEF28 (arg1)
        [ESP+08] = 0x001FEF18: 0x001FEFFC
        [ESP+12] = 0x001FEF1C: 0x00000000
        [ESP+16] = 0x001FEF20: 0x006E0018
        [ESP+20] = 0x001FEF24: 0x00000000
      
info: Win32Emu.Emulator[0]
      [Import USER32.DLL!DispatchMessageA] Stack cleanup: ESP=0x001FEF10, retEIP=0x00411388, argBytes=4, new ESP=0x001FEF18
dbug: Win32Emu.Emulator[0]
      [RegisterValidation] After Import USER32.DLL!DispatchMessageA: EBX=0F000480 (saved=0F000480, preserved=True), ESI=0F0005F0 (saved=0F0005F0, preserved=True), EDI=0F000600 (saved=0F000600, preserved=True), EBP=0F000470 (saved=0F000470, preserved=True, valid=False, savedValid=False), ESP=001FEF18
dbug: Win32Emu.Emulator[0]
      [Import] Successfully invoked USER32.DLL!DispatchMessageA
info: Win32Emu.Emulator[0]
      [Import] Direct call to USER32.DLL!GetMessageA at 0x0F000600
info: Win32Emu.Emulator[0]
      Dispatching USER32.DLL!GetMessageA at EIP=0x0F000600 ESP=0x001FEF04 stack=76 13 41 00 28 EF 1F 00 00 00 00 00 00 00 00 00
info: Win32Emu.Emulator[0]
      [Dispatcher] USER32.DLL!GetMessageA returned 0x00000001, argBytes=16, convention=Stdcall
info: Win32Emu.Emulator[0]
      [Import USER32.DLL!GetMessageA] Return address from stack: ESP=0x001FEF04, retEIP=0x00411376
info: Win32Emu.Emulator[0]
      [Import USER32.DLL!GetMessageA] Stack state before cleanup:
        [ESP+00] = 0x001FEF04: 0x00411376 (return addr)
        [ESP+04] = 0x001FEF08: 0x001FEF28 (arg1)
        [ESP+08] = 0x001FEF0C: 0x00000000 (arg2)
        [ESP+12] = 0x001FEF10: 0x00000000 (arg3)
        [ESP+16] = 0x001FEF14: 0x00000000 (arg4)
        [ESP+20] = 0x001FEF18: 0x001FEFFC
      
info: Win32Emu.Emulator[0]
      [Import USER32.DLL!GetMessageA] Stack cleanup: ESP=0x001FEF04, retEIP=0x00411376, argBytes=16, new ESP=0x001FEF18
dbug: Win32Emu.Emulator[0]
      [RegisterValidation] After Import USER32.DLL!GetMessageA: EBX=0F000480 (saved=0F000480, preserved=True), ESI=0F0005F0 (saved=0F0005F0, preserved=True), EDI=0F000600 (saved=0F000600, preserved=True), EBP=0F000470 (saved=0F000470, preserved=True, valid=False, savedValid=False), ESP=001FEF18
dbug: Win32Emu.Emulator[0]
      [Import] Successfully invoked USER32.DLL!GetMessageA
info: Win32Emu.Emulator[0]
      [Import] Direct call to USER32.DLL!TranslateMessage at 0x0F000470
info: Win32Emu.Emulator[0]
      Dispatching USER32.DLL!TranslateMessage at EIP=0x0F000470 ESP=0x001FEF10 stack=81 13 41 00 28 EF 1F 00 FC EF 1F 00 00 00 00 00
info: Win32Emu.Emulator[0]
      [User32] TranslateMessage: HWND=0x00000000 MSG=0x0000 wParam=0x00000000 lParam=0x00000000
info: Win32Emu.Emulator[0]
      [Dispatcher] USER32.DLL!TranslateMessage returned 0x00000000, argBytes=4, convention=Stdcall
info: Win32Emu.Emulator[0]
      [Import USER32.DLL!TranslateMessage] Return address from stack: ESP=0x001FEF10, retEIP=0x00411381
info: Win32Emu.Emulator[0]
      [Import USER32.DLL!TranslateMessage] Stack state before cleanup:
        [ESP+00] = 0x001FEF10: 0x00411381 (return addr)
        [ESP+04] = 0x001FEF14: 0x001FEF28 (arg1)
        [ESP+08] = 0x001FEF18: 0x001FEFFC
        [ESP+12] = 0x001FEF1C: 0x00000000
        [ESP+16] = 0x001FEF20: 0x006E0018
        [ESP+20] = 0x001FEF24: 0x00000000
      
info: Win32Emu.Emulator[0]
      [Import USER32.DLL!TranslateMessage] Stack cleanup: ESP=0x001FEF10, retEIP=0x00411381, argBytes=4, new ESP=0x001FEF18
dbug: Win32Emu.Emulator[0]
      [RegisterValidation] After Import USER32.DLL!TranslateMessage: EBX=0F000480 (saved=0F000480, preserved=True), ESI=0F0005F0 (saved=0F0005F0, preserved=True), EDI=0F000600 (saved=0F000600, preserved=True), EBP=0F000470 (saved=0F000470, preserved=True, valid=False, savedValid=False), ESP=001FEF18
dbug: Win32Emu.Emulator[0]
      [Import] Successfully invoked USER32.DLL!TranslateMessage
info: Win32Emu.Emulator[0]
      [Import] Direct call to USER32.DLL!DispatchMessageA at 0x0F000480
info: Win32Emu.Emulator[0]
      Dispatching USER32.DLL!DispatchMessageA at EIP=0x0F000480 ESP=0x001FEF10 stack=88 13 41 00 28 EF 1F 00 FC EF 1F 00 00 00 00 00
info: Win32Emu.Emulator[0]
      [User32] DispatchMessageA: HWND=0x00000000 MSG=0x0000 wParam=0x00000000 lParam=0x00000000
info: Win32Emu.Emulator[0]
      [User32] DispatchMessageA: No WndProc found for HWND=0x00000000
info: Win32Emu.Emulator[0]
      [Dispatcher] USER32.DLL!DispatchMessageA returned 0x00000000, argBytes=4, convention=Stdcall
info: Win32Emu.Emulator[0]
      [Import USER32.DLL!DispatchMessageA] Return address from stack: ESP=0x001FEF10, retEIP=0x00411388
info: Win32Emu.Emulator[0]
      [Import USER32.DLL!DispatchMessageA] Stack state before cleanup:
        [ESP+00] = 0x001FEF10: 0x00411388 (return addr)
        [ESP+04] = 0x001FEF14: 0x001FEF28 (arg1)
        [ESP+08] = 0x001FEF18: 0x001FEFFC
        [ESP+12] = 0x001FEF1C: 0x00000000
        [ESP+16] = 0x001FEF20: 0x006E0018
        [ESP+20] = 0x001FEF24: 0x00000000
      
info: Win32Emu.Emulator[0]
      [Import USER32.DLL!DispatchMessageA] Stack cleanup: ESP=0x001FEF10, retEIP=0x00411388, argBytes=4, new ESP=0x001FEF18
dbug: Win32Emu.Emulator[0]
      [RegisterValidation] After Import USER32.DLL!DispatchMessageA: EBX=0F000480 (saved=0F000480, preserved=True), ESI=0F0005F0 (saved=0F0005F0, preserved=True), EDI=0F000600 (saved=0F000600, preserved=True), EBP=0F000470 (saved=0F000470, preserved=True, valid=False, savedValid=False), ESP=001FEF18
dbug: Win32Emu.Emulator[0]
      [Import] Successfully invoked USER32.DLL!DispatchMessageA
info: Win32Emu.Emulator[0]
      [Import] Direct call to USER32.DLL!GetMessageA at 0x0F000600
info: Win32Emu.Emulator[0]
      Dispatching USER32.DLL!GetMessageA at EIP=0x0F000600 ESP=0x001FEF04 stack=76 13 41 00 28 EF 1F 00 00 00 00 00 00 00 00 00
info: Win32Emu.Emulator[0]
      [Dispatcher] USER32.DLL!GetMessageA returned 0x00000001, argBytes=16, convention=Stdcall
info: Win32Emu.Emulator[0]
      [Import USER32.DLL!GetMessageA] Return address from stack: ESP=0x001FEF04, retEIP=0x00411376
info: Win32Emu.Emulator[0]
      [Import USER32.DLL!GetMessageA] Stack state before cleanup:
        [ESP+00] = 0x001FEF04: 0x00411376 (return addr)
        [ESP+04] = 0x001FEF08: 0x001FEF28 (arg1)
        [ESP+08] = 0x001FEF0C: 0x00000000 (arg2)
        [ESP+12] = 0x001FEF10: 0x00000000 (arg3)
        [ESP+16] = 0x001FEF14: 0x00000000 (arg4)
        [ESP+20] = 0x001FEF18: 0x001FEFFC
      
info: Win32Emu.Emulator[0]
      [Import USER32.DLL!GetMessageA] Stack cleanup: ESP=0x001FEF04, retEIP=0x00411376, argBytes=16, new ESP=0x001FEF18
dbug: Win32Emu.Emulator[0]
      [RegisterValidation] After Import USER32.DLL!GetMessageA: EBX=0F000480 (saved=0F000480, preserved=True), ESI=0F0005F0 (saved=0F0005F0, preserved=True), EDI=0F000600 (saved=0F000600, preserved=True), EBP=0F000470 (saved=0F000470, preserved=True, valid=False, savedValid=False), ESP=001FEF18
dbug: Win32Emu.Emulator[0]
      [Import] Successfully invoked USER32.DLL!GetMessageA
info: Win32Emu.Emulator[0]
      [Import] Direct call to USER32.DLL!TranslateMessage at 0x0F000470
info: Win32Emu.Emulator[0]
      Dispatching USER32.DLL!TranslateMessage at EIP=0x0F000470 ESP=0x001FEF10 stack=81 13 41 00 28 EF 1F 00 FC EF 1F 00 00 00 00 00
info: Win32Emu.Emulator[0]
      [User32] TranslateMessage: HWND=0x00000000 MSG=0x0000 wParam=0x00000000 lParam=0x00000000
info: Win32Emu.Emulator[0]
      [Dispatcher] USER32.DLL!TranslateMessage returned 0x00000000, argBytes=4, convention=Stdcall
info: Win32Emu.Emulator[0]
      [Import USER32.DLL!TranslateMessage] Return address from stack: ESP=0x001FEF10, retEIP=0x00411381
info: Win32Emu.Emulator[0]
      [Import USER32.DLL!TranslateMessage] Stack state before cleanup:
        [ESP+00] = 0x001FEF10: 0x00411381 (return addr)
        [ESP+04] = 0x001FEF14: 0x001FEF28 (arg1)
        [ESP+08] = 0x001FEF18: 0x001FEFFC
        [ESP+12] = 0x001FEF1C: 0x00000000
        [ESP+16] = 0x001FEF20: 0x006E0018
        [ESP+20] = 0x001FEF24: 0x00000000
      
info: Win32Emu.Emulator[0]
      [Import USER32.DLL!TranslateMessage] Stack cleanup: ESP=0x001FEF10, retEIP=0x00411381, argBytes=4, new ESP=0x001FEF18
dbug: Win32Emu.Emulator[0]
      [RegisterValidation] After Import USER32.DLL!TranslateMessage: EBX=0F000480 (saved=0F000480, preserved=True), ESI=0F0005F0 (saved=0F0005F0, preserved=True), EDI=0F000600 (saved=0F000600, preserved=True), EBP=0F000470 (saved=0F000470, preserved=True, valid=False, savedValid=False), ESP=001FEF18
dbug: Win32Emu.Emulator[0]
      [Import] Successfully invoked USER32.DLL!TranslateMessage
info: Win32Emu.Emulator[0]
      [Import] Direct call to USER32.DLL!DispatchMessageA at 0x0F000480
info: Win32Emu.Emulator[0]
      Dispatching USER32.DLL!DispatchMessageA at EIP=0x0F000480 ESP=0x001FEF10 stack=88 13 41 00 28 EF 1F 00 FC EF 1F 00 00 00 00 00
info: Win32Emu.Emulator[0]
      [User32] DispatchMessageA: HWND=0x00000000 MSG=0x0000 wParam=0x00000000 lParam=0x00000000
info: Win32Emu.Emulator[0]
      [User32] DispatchMessageA: No WndProc found for HWND=0x00000000
info: Win32Emu.Emulator[0]
      [Dispatcher] USER32.DLL!DispatchMessageA returned 0x00000000, argBytes=4, convention=Stdcall
info: Win32Emu.Emulator[0]
      [Import USER32.DLL!DispatchMessageA] Return address from stack: ESP=0x001FEF10, retEIP=0x00411388
info: Win32Emu.Emulator[0]
      [Import USER32.DLL!DispatchMessageA] Stack state before cleanup:
        [ESP+00] = 0x001FEF10: 0x00411388 (return addr)
        [ESP+04] = 0x001FEF14: 0x001FEF28 (arg1)
        [ESP+08] = 0x001FEF18: 0x001FEFFC
        [ESP+12] = 0x001FEF1C: 0x00000000
        [ESP+16] = 0x001FEF20: 0x006E0018
        [ESP+20] = 0x001FEF24: 0x00000000
      
info: Win32Emu.Emulator[0]
      [Import USER32.DLL!DispatchMessageA] Stack cleanup: ESP=0x001FEF10, retEIP=0x00411388, argBytes=4, new ESP=0x001FEF18
dbug: Win32Emu.Emulator[0]
      [RegisterValidation] After Import USER32.DLL!DispatchMessageA: EBX=0F000480 (saved=0F000480, preserved=True), ESI=0F0005F0 (saved=0F0005F0, preserved=True), EDI=0F000600 (saved=0F000600, preserved=True), EBP=0F000470 (saved=0F000470, preserved=True, valid=False, savedValid=False), ESP=001FEF18
dbug: Win32Emu.Emulator[0]
      [Import] Successfully invoked USER32.DLL!DispatchMessageA
info: Win32Emu.Emulator[0]
      [Import] Direct call to USER32.DLL!GetMessageA at 0x0F000600
info: Win32Emu.Emulator[0]
      Dispatching USER32.DLL!GetMessageA at EIP=0x0F000600 ESP=0x001FEF04 stack=76 13 41 00 28 EF 1F 00 00 00 00 00 00 00 00 00
info: Win32Emu.Emulator[0]
      [Dispatcher] USER32.DLL!GetMessageA returned 0x00000001, argBytes=16, convention=Stdcall
info: Win32Emu.Emulator[0]
      [Import USER32.DLL!GetMessageA] Return address from stack: ESP=0x001FEF04, retEIP=0x00411376
info: Win32Emu.Emulator[0]
      [Import USER32.DLL!GetMessageA] Stack state before cleanup:
        [ESP+00] = 0x001FEF04: 0x00411376 (return addr)
        [ESP+04] = 0x001FEF08: 0x001FEF28 (arg1)
        [ESP+08] = 0x001FEF0C: 0x00000000 (arg2)
        [ESP+12] = 0x001FEF10: 0x00000000 (arg3)
        [ESP+16] = 0x001FEF14: 0x00000000 (arg4)
        [ESP+20] = 0x001FEF18: 0x001FEFFC
      
info: Win32Emu.Emulator[0]
      [Import USER32.DLL!GetMessageA] Stack cleanup: ESP=0x001FEF04, retEIP=0x00411376, argBytes=16, new ESP=0x001FEF18
dbug: Win32Emu.Emulator[0]
      [RegisterValidation] After Import USER32.DLL!GetMessageA: EBX=0F000480 (saved=0F000480, preserved=True), ESI=0F0005F0 (saved=0F0005F0, preserved=True), EDI=0F000600 (saved=0F000600, preserved=True), EBP=0F000470 (saved=0F000470, preserved=True, valid=False, savedValid=False), ESP=001FEF18
dbug: Win32Emu.Emulator[0]
      [Import] Successfully invoked USER32.DLL!GetMessageA
info: Win32Emu.Emulator[0]
      [Import] Direct call to USER32.DLL!TranslateMessage at 0x0F000470
info: Win32Emu.Emulator[0]
      Dispatching USER32.DLL!TranslateMessage at EIP=0x0F000470 ESP=0x001FEF10 stack=81 13 41 00 28 EF 1F 00 FC EF 1F 00 00 00 00 00
info: Win32Emu.Emulator[0]
      [User32] TranslateMessage: HWND=0x00000000 MSG=0x0000 wParam=0x00000000 lParam=0x00000000
info: Win32Emu.Emulator[0]
      [Dispatcher] USER32.DLL!TranslateMessage returned 0x00000000, argBytes=4, convention=Stdcall
info: Win32Emu.Emulator[0]
      [Import USER32.DLL!TranslateMessage] Return address from stack: ESP=0x001FEF10, retEIP=0x00411381
info: Win32Emu.Emulator[0]
      [Import USER32.DLL!TranslateMessage] Stack state before cleanup:
        [ESP+00] = 0x001FEF10: 0x00411381 (return addr)
        [ESP+04] = 0x001FEF14: 0x001FEF28 (arg1)
        [ESP+08] = 0x001FEF18: 0x001FEFFC
        [ESP+12] = 0x001FEF1C: 0x00000000
        [ESP+16] = 0x001FEF20: 0x006E0018
        [ESP+20] = 0x001FEF24: 0x00000000
      
info: Win32Emu.Emulator[0]
      [Import USER32.DLL!TranslateMessage] Stack cleanup: ESP=0x001FEF10, retEIP=0x00411381, argBytes=4, new ESP=0x001FEF18
dbug: Win32Emu.Emulator[0]
      [RegisterValidation] After Import USER32.DLL!TranslateMessage: EBX=0F000480 (saved=0F000480, preserved=True), ESI=0F0005F0 (saved=0F0005F0, preserved=True), EDI=0F000600 (saved=0F000600, preserved=True), EBP=0F000470 (saved=0F000470, preserved=True, valid=False, savedValid=False), ESP=001FEF18
dbug: Win32Emu.Emulator[0]
      [Import] Successfully invoked USER32.DLL!TranslateMessage
info: Win32Emu.Emulator[0]
      [Import] Direct call to USER32.DLL!DispatchMessageA at 0x0F000480
info: Win32Emu.Emulator[0]
      Dispatching USER32.DLL!DispatchMessageA at EIP=0x0F000480 ESP=0x001FEF10 stack=88 13 41 00 28 EF 1F 00 FC EF 1F 00 00 00 00 00
info: Win32Emu.Emulator[0]
      [User32] DispatchMessageA: HWND=0x00000000 MSG=0x0000 wParam=0x00000000 lParam=0x00000000
info: Win32Emu.Emulator[0]
      [User32] DispatchMessageA: No WndProc found for HWND=0x00000000
info: Win32Emu.Emulator[0]
      [Dispatcher] USER32.DLL!DispatchMessageA returned 0x00000000, argBytes=4, convention=Stdcall
info: Win32Emu.Emulator[0]
      [Import USER32.DLL!DispatchMessageA] Return address from stack: ESP=0x001FEF10, retEIP=0x00411388
info: Win32Emu.Emulator[0]
      [Import USER32.DLL!DispatchMessageA] Stack state before cleanup:
        [ESP+00] = 0x001FEF10: 0x00411388 (return addr)
        [ESP+04] = 0x001FEF14: 0x001FEF28 (arg1)
        [ESP+08] = 0x001FEF18: 0x001FEFFC
        [ESP+12] = 0x001FEF1C: 0x00000000
        [ESP+16] = 0x001FEF20: 0x006E0018
        [ESP+20] = 0x001FEF24: 0x00000000
      
info: Win32Emu.Emulator[0]
      [Import USER32.DLL!DispatchMessageA] Stack cleanup: ESP=0x001FEF10, retEIP=0x00411388, argBytes=4, new ESP=0x001FEF18
dbug: Win32Emu.Emulator[0]
      [RegisterValidation] After Import USER32.DLL!DispatchMessageA: EBX=0F000480 (saved=0F000480, preserved=True), ESI=0F0005F0 (saved=0F0005F0, preserved=True), EDI=0F000600 (saved=0F000600, preserved=True), EBP=0F000470 (saved=0F000470, preserved=True, valid=False, savedValid=False), ESP=001FEF18
dbug: Win32Emu.Emulator[0]
      [Import] Successfully invoked USER32.DLL!DispatchMessageA
info: Win32Emu.Emulator[0]
      [Import] Direct call to USER32.DLL!GetMessageA at 0x0F000600
info: Win32Emu.Emulator[0]
      Dispatching USER32.DLL!GetMessageA at EIP=0x0F000600 ESP=0x001FEF04 stack=76 13 41 00 28 EF 1F 00 00 00 00 00 00 00 00 00
info: Win32Emu.Emulator[0]
      [Dispatcher] USER32.DLL!GetMessageA returned 0x00000001, argBytes=16, convention=Stdcall
info: Win32Emu.Emulator[0]
      [Import USER32.DLL!GetMessageA] Return address from stack: ESP=0x001FEF04, retEIP=0x00411376
info: Win32Emu.Emulator[0]
      [Import USER32.DLL!GetMessageA] Stack state before cleanup:
        [ESP+00] = 0x001FEF04: 0x00411376 (return addr)
        [ESP+04] = 0x001FEF08: 0x001FEF28 (arg1)
        [ESP+08] = 0x001FEF0C: 0x00000000 (arg2)
        [ESP+12] = 0x001FEF10: 0x00000000 (arg3)
        [ESP+16] = 0x001FEF14: 0x00000000 (arg4)
        [ESP+20] = 0x001FEF18: 0x001FEFFC
      
info: Win32Emu.Emulator[0]
      [Import USER32.DLL!GetMessageA] Stack cleanup: ESP=0x001FEF04, retEIP=0x00411376, argBytes=16, new ESP=0x001FEF18
dbug: Win32Emu.Emulator[0]
      [RegisterValidation] After Import USER32.DLL!GetMessageA: EBX=0F000480 (saved=0F000480, preserved=True), ESI=0F0005F0 (saved=0F0005F0, preserved=True), EDI=0F000600 (saved=0F000600, preserved=True), EBP=0F000470 (saved=0F000470, preserved=True, valid=False, savedValid=False), ESP=001FEF18
dbug: Win32Emu.Emulator[0]
      [Import] Successfully invoked USER32.DLL!GetMessageA
info: Win32Emu.Emulator[0]
      [Import] Direct call to USER32.DLL!TranslateMessage at 0x0F000470
info: Win32Emu.Emulator[0]
      Dispatching USER32.DLL!TranslateMessage at EIP=0x0F000470 ESP=0x001FEF10 stack=81 13 41 00 28 EF 1F 00 FC EF 1F 00 00 00 00 00
info: Win32Emu.Emulator[0]
      [User32] TranslateMessage: HWND=0x00000000 MSG=0x0000 wParam=0x00000000 lParam=0x00000000
info: Win32Emu.Emulator[0]
      [Dispatcher] USER32.DLL!TranslateMessage returned 0x00000000, argBytes=4, convention=Stdcall
info: Win32Emu.Emulator[0]
      [Import USER32.DLL!TranslateMessage] Return address from stack: ESP=0x001FEF10, retEIP=0x00411381
info: Win32Emu.Emulator[0]
      [Import USER32.DLL!TranslateMessage] Stack state before cleanup:
        [ESP+00] = 0x001FEF10: 0x00411381 (return addr)
        [ESP+04] = 0x001FEF14: 0x001FEF28 (arg1)
        [ESP+08] = 0x001FEF18: 0x001FEFFC
        [ESP+12] = 0x001FEF1C: 0x00000000
        [ESP+16] = 0x001FEF20: 0x006E0018
        [ESP+20] = 0x001FEF24: 0x00000000
      
info: Win32Emu.Emulator[0]
      [Import USER32.DLL!TranslateMessage] Stack cleanup: ESP=0x001FEF10, retEIP=0x00411381, argBytes=4, new ESP=0x001FEF18
dbug: Win32Emu.Emulator[0]
      [RegisterValidation] After Import USER32.DLL!TranslateMessage: EBX=0F000480 (saved=0F000480, preserved=True), ESI=0F0005F0 (saved=0F0005F0, preserved=True), EDI=0F000600 (saved=0F000600, preserved=True), EBP=0F000470 (saved=0F000470, preserved=True, valid=False, savedValid=False), ESP=001FEF18
dbug: Win32Emu.Emulator[0]
      [Import] Successfully invoked USER32.DLL!TranslateMessage
info: Win32Emu.Emulator[0]
      [Import] Direct call to USER32.DLL!DispatchMessageA at 0x0F000480
info: Win32Emu.Emulator[0]
      Dispatching USER32.DLL!DispatchMessageA at EIP=0x0F000480 ESP=0x001FEF10 stack=88 13 41 00 28 EF 1F 00 FC EF 1F 00 00 00 00 00
info: Win32Emu.Emulator[0]
      [User32] DispatchMessageA: HWND=0x00000000 MSG=0x0000 wParam=0x00000000 lParam=0x00000000
info: Win32Emu.Emulator[0]
      [User32] DispatchMessageA: No WndProc found for HWND=0x00000000
info: Win32Emu.Emulator[0]
      [Dispatcher] USER32.DLL!DispatchMessageA returned 0x00000000, argBytes=4, convention=Stdcall
info: Win32Emu.Emulator[0]
      [Import USER32.DLL!DispatchMessageA] Return address from stack: ESP=0x001FEF10, retEIP=0x00411388
info: Win32Emu.Emulator[0]
      [Import USER32.DLL!DispatchMessageA] Stack state before cleanup:
        [ESP+00] = 0x001FEF10: 0x00411388 (return addr)
        [ESP+04] = 0x001FEF14: 0x001FEF28 (arg1)
        [ESP+08] = 0x001FEF18: 0x001FEFFC
        [ESP+12] = 0x001FEF1C: 0x00000000
        [ESP+16] = 0x001FEF20: 0x006E0018
        [ESP+20] = 0x001FEF24: 0x00000000
      
info: Win32Emu.Emulator[0]
      [Import USER32.DLL!DispatchMessageA] Stack cleanup: ESP=0x001FEF10, retEIP=0x00411388, argBytes=4, new ESP=0x001FEF18
dbug: Win32Emu.Emulator[0]
      [RegisterValidation] After Import USER32.DLL!DispatchMessageA: EBX=0F000480 (saved=0F000480, preserved=True), ESI=0F0005F0 (saved=0F0005F0, preserved=True), EDI=0F000600 (saved=0F000600, preserved=True), EBP=0F000470 (saved=0F000470, preserved=True, valid=False, savedValid=False), ESP=001FEF18
dbug: Win32Emu.Emulator[0]
      [Import] Successfully invoked USER32.DLL!DispatchMessageA
info: Win32Emu.Emulator[0]
      [Import] Direct call to USER32.DLL!GetMessageA at 0x0F000600
info: Win32Emu.Emulator[0]
      Dispatching USER32.DLL!GetMessageA at EIP=0x0F000600 ESP=0x001FEF04 stack=76 13 41 00 28 EF 1F 00 00 00 00 00 00 00 00 00
info: Win32Emu.Emulator[0]
      [Dispatcher] USER32.DLL!GetMessageA returned 0x00000001, argBytes=16, convention=Stdcall
info: Win32Emu.Emulator[0]
      [Import USER32.DLL!GetMessageA] Return address from stack: ESP=0x001FEF04, retEIP=0x00411376
info: Win32Emu.Emulator[0]
      [Import USER32.DLL!GetMessageA] Stack state before cleanup:
        [ESP+00] = 0x001FEF04: 0x00411376 (return addr)
        [ESP+04] = 0x001FEF08: 0x001FEF28 (arg1)
        [ESP+08] = 0x001FEF0C: 0x00000000 (arg2)
        [ESP+12] = 0x001FEF10: 0x00000000 (arg3)
        [ESP+16] = 0x001FEF14: 0x00000000 (arg4)
        [ESP+20] = 0x001FEF18: 0x001FEFFC
      
info: Win32Emu.Emulator[0]
      [Import USER32.DLL!GetMessageA] Stack cleanup: ESP=0x001FEF04, retEIP=0x00411376, argBytes=16, new ESP=0x001FEF18
dbug: Win32Emu.Emulator[0]
      [RegisterValidation] After Import USER32.DLL!GetMessageA: EBX=0F000480 (saved=0F000480, preserved=True), ESI=0F0005F0 (saved=0F0005F0, preserved=True), EDI=0F000600 (saved=0F000600, preserved=True), EBP=0F000470 (saved=0F000470, preserved=True, valid=False, savedValid=False), ESP=001FEF18
dbug: Win32Emu.Emulator[0]
      [Import] Successfully invoked USER32.DLL!GetMessageA
info: Win32Emu.Emulator[0]
      [Import] Direct call to USER32.DLL!TranslateMessage at 0x0F000470
info: Win32Emu.Emulator[0]
      Dispatching USER32.DLL!TranslateMessage at EIP=0x0F000470 ESP=0x001FEF10 stack=81 13 41 00 28 EF 1F 00 FC EF 1F 00 00 00 00 00
info: Win32Emu.Emulator[0]
      [User32] TranslateMessage: HWND=0x00000000 MSG=0x0000 wParam=0x00000000 lParam=0x00000000
info: Win32Emu.Emulator[0]
      [Dispatcher] USER32.DLL!TranslateMessage returned 0x00000000, argBytes=4, convention=Stdcall
info: Win32Emu.Emulator[0]
      [Import USER32.DLL!TranslateMessage] Return address from stack: ESP=0x001FEF10, retEIP=0x00411381
info: Win32Emu.Emulator[0]
      [Import USER32.DLL!TranslateMessage] Stack state before cleanup:
        [ESP+00] = 0x001FEF10: 0x00411381 (return addr)
        [ESP+04] = 0x001FEF14: 0x001FEF28 (arg1)
        [ESP+08] = 0x001FEF18: 0x001FEFFC
        [ESP+12] = 0x001FEF1C: 0x00000000
        [ESP+16] = 0x001FEF20: 0x006E0018
        [ESP+20] = 0x001FEF24: 0x00000000
      
info: Win32Emu.Emulator[0]
      [Import USER32.DLL!TranslateMessage] Stack cleanup: ESP=0x001FEF10, retEIP=0x00411381, argBytes=4, new ESP=0x001FEF18
dbug: Win32Emu.Emulator[0]
      [RegisterValidation] After Import USER32.DLL!TranslateMessage: EBX=0F000480 (saved=0F000480, preserved=True), ESI=0F0005F0 (saved=0F0005F0, preserved=True), EDI=0F000600 (saved=0F000600, preserved=True), EBP=0F000470 (saved=0F000470, preserved=True, valid=False, savedValid=False), ESP=001FEF18
dbug: Win32Emu.Emulator[0]
      [Import] Successfully invoked USER32.DLL!TranslateMessage
info: Win32Emu.Emulator[0]
      [Import] Direct call to USER32.DLL!DispatchMessageA at 0x0F000480
info: Win32Emu.Emulator[0]
      Dispatching USER32.DLL!DispatchMessageA at EIP=0x0F000480 ESP=0x001FEF10 stack=88 13 41 00 28 EF 1F 00 FC EF 1F 00 00 00 00 00
info: Win32Emu.Emulator[0]
      [User32] DispatchMessageA: HWND=0x00000000 MSG=0x0000 wParam=0x00000000 lParam=0x00000000
info: Win32Emu.Emulator[0]
      [User32] DispatchMessageA: No WndProc found for HWND=0x00000000
info: Win32Emu.Emulator[0]
      [Dispatcher] USER32.DLL!DispatchMessageA returned 0x00000000, argBytes=4, convention=Stdcall
info: Win32Emu.Emulator[0]
      [Import USER32.DLL!DispatchMessageA] Return address from stack: ESP=0x001FEF10, retEIP=0x00411388
info: Win32Emu.Emulator[0]
      [Import USER32.DLL!DispatchMessageA] Stack state before cleanup:
        [ESP+00] = 0x001FEF10: 0x00411388 (return addr)
        [ESP+04] = 0x001FEF14: 0x001FEF28 (arg1)
        [ESP+08] = 0x001FEF18: 0x001FEFFC
        [ESP+12] = 0x001FEF1C: 0x00000000
        [ESP+16] = 0x001FEF20: 0x006E0018
        [ESP+20] = 0x001FEF24: 0x00000000
      
info: Win32Emu.Emulator[0]
      [Import USER32.DLL!DispatchMessageA] Stack cleanup: ESP=0x001FEF10, retEIP=0x00411388, argBytes=4, new ESP=0x001FEF18
dbug: Win32Emu.Emulator[0]
      [RegisterValidation] After Import USER32.DLL!DispatchMessageA: EBX=0F000480 (saved=0F000480, preserved=True), ESI=0F0005F0 (saved=0F0005F0, preserved=True), EDI=0F000600 (saved=0F000600, preserved=True), EBP=0F000470 (saved=0F000470, preserved=True, valid=False, savedValid=False), ESP=001FEF18
dbug: Win32Emu.Emulator[0]
      [Import] Successfully invoked USER32.DLL!DispatchMessageA
info: Win32Emu.Emulator[0]
      [Import] Direct call to USER32.DLL!GetMessageA at 0x0F000600
info: Win32Emu.Emulator[0]
      Dispatching USER32.DLL!GetMessageA at EIP=0x0F000600 ESP=0x001FEF04 stack=76 13 41 00 28 EF 1F 00 00 00 00 00 00 00 00 00
info: Win32Emu.Emulator[0]
      [Dispatcher] USER32.DLL!GetMessageA returned 0x00000001, argBytes=16, convention=Stdcall
info: Win32Emu.Emulator[0]
      [Import USER32.DLL!GetMessageA] Return address from stack: ESP=0x001FEF04, retEIP=0x00411376
info: Win32Emu.Emulator[0]
      [Import USER32.DLL!GetMessageA] Stack state before cleanup:
        [ESP+00] = 0x001FEF04: 0x00411376 (return addr)
        [ESP+04] = 0x001FEF08: 0x001FEF28 (arg1)
        [ESP+08] = 0x001FEF0C: 0x00000000 (arg2)
        [ESP+12] = 0x001FEF10: 0x00000000 (arg3)
        [ESP+16] = 0x001FEF14: 0x00000000 (arg4)
        [ESP+20] = 0x001FEF18: 0x001FEFFC
      
info: Win32Emu.Emulator[0]
      [Import USER32.DLL!GetMessageA] Stack cleanup: ESP=0x001FEF04, retEIP=0x00411376, argBytes=16, new ESP=0x001FEF18
dbug: Win32Emu.Emulator[0]
      [RegisterValidation] After Import USER32.DLL!GetMessageA: EBX=0F000480 (saved=0F000480, preserved=True), ESI=0F0005F0 (saved=0F0005F0, preserved=True), EDI=0F000600 (saved=0F000600, preserved=True), EBP=0F000470 (saved=0F000470, preserved=True, valid=False, savedValid=False), ESP=001FEF18
dbug: Win32Emu.Emulator[0]
      [Import] Successfully invoked USER32.DLL!GetMessageA
info: Win32Emu.Emulator[0]
      [Import] Direct call to USER32.DLL!TranslateMessage at 0x0F000470
info: Win32Emu.Emulator[0]
      Dispatching USER32.DLL!TranslateMessage at EIP=0x0F000470 ESP=0x001FEF10 stack=81 13 41 00 28 EF 1F 00 FC EF 1F 00 00 00 00 00
info: Win32Emu.Emulator[0]
      [User32] TranslateMessage: HWND=0x00000000 MSG=0x0000 wParam=0x00000000 lParam=0x00000000
info: Win32Emu.Emulator[0]
      [Dispatcher] USER32.DLL!TranslateMessage returned 0x00000000, argBytes=4, convention=Stdcall
info: Win32Emu.Emulator[0]
      [Import USER32.DLL!TranslateMessage] Return address from stack: ESP=0x001FEF10, retEIP=0x00411381
info: Win32Emu.Emulator[0]
      [Import USER32.DLL!TranslateMessage] Stack state before cleanup:
        [ESP+00] = 0x001FEF10: 0x00411381 (return addr)
        [ESP+04] = 0x001FEF14: 0x001FEF28 (arg1)
        [ESP+08] = 0x001FEF18: 0x001FEFFC
        [ESP+12] = 0x001FEF1C: 0x00000000
        [ESP+16] = 0x001FEF20: 0x006E0018
        [ESP+20] = 0x001FEF24: 0x00000000
      
info: Win32Emu.Emulator[0]
      [Import USER32.DLL!TranslateMessage] Stack cleanup: ESP=0x001FEF10, retEIP=0x00411381, argBytes=4, new ESP=0x001FEF18
dbug: Win32Emu.Emulator[0]
      [RegisterValidation] After Import USER32.DLL!TranslateMessage: EBX=0F000480 (saved=0F000480, preserved=True), ESI=0F0005F0 (saved=0F0005F0, preserved=True), EDI=0F000600 (saved=0F000600, preserved=True), EBP=0F000470 (saved=0F000470, preserved=True, valid=False, savedValid=False), ESP=001FEF18
dbug: Win32Emu.Emulator[0]
      [Import] Successfully invoked USER32.DLL!TranslateMessage
info: Win32Emu.Emulator[0]
      [Import] Direct call to USER32.DLL!DispatchMessageA at 0x0F000480
info: Win32Emu.Emulator[0]
      Dispatching USER32.DLL!DispatchMessageA at EIP=0x0F000480 ESP=0x001FEF10 stack=88 13 41 00 28 EF 1F 00 FC EF 1F 00 00 00 00 00
info: Win32Emu.Emulator[0]
      [User32] DispatchMessageA: HWND=0x00000000 MSG=0x0000 wParam=0x00000000 lParam=0x00000000
info: Win32Emu.Emulator[0]
      [User32] DispatchMessageA: No WndProc found for HWND=0x00000000
info: Win32Emu.Emulator[0]
      [Dispatcher] USER32.DLL!DispatchMessageA returned 0x00000000, argBytes=4, convention=Stdcall
info: Win32Emu.Emulator[0]
      [Import USER32.DLL!DispatchMessageA] Return address from stack: ESP=0x001FEF10, retEIP=0x00411388
info: Win32Emu.Emulator[0]
      [Import USER32.DLL!DispatchMessageA] Stack state before cleanup:
        [ESP+00] = 0x001FEF10: 0x00411388 (return addr)
        [ESP+04] = 0x001FEF14: 0x001FEF28 (arg1)
        [ESP+08] = 0x001FEF18: 0x001FEFFC
        [ESP+12] = 0x001FEF1C: 0x00000000
        [ESP+16] = 0x001FEF20: 0x006E0018
        [ESP+20] = 0x001FEF24: 0x00000000
      
info: Win32Emu.Emulator[0]
      [Import USER32.DLL!DispatchMessageA] Stack cleanup: ESP=0x001FEF10, retEIP=0x00411388, argBytes=4, new ESP=0x001FEF18
dbug: Win32Emu.Emulator[0]
      [RegisterValidation] After Import USER32.DLL!DispatchMessageA: EBX=0F000480 (saved=0F000480, preserved=True), ESI=0F0005F0 (saved=0F0005F0, preserved=True), EDI=0F000600 (saved=0F000600, preserved=True), EBP=0F000470 (saved=0F000470, preserved=True, valid=False, savedValid=False), ESP=001FEF18
dbug: Win32Emu.Emulator[0]
      [Import] Successfully invoked USER32.DLL!DispatchMessageA
info: Win32Emu.Emulator[0]
      [Import] Direct call to USER32.DLL!GetMessageA at 0x0F000600
info: Win32Emu.Emulator[0]
      Dispatching USER32.DLL!GetMessageA at EIP=0x0F000600 ESP=0x001FEF04 stack=76 13 41 00 28 EF 1F 00 00 00 00 00 00 00 00 00
info: Win32Emu.Emulator[0]
      [Dispatcher] USER32.DLL!GetMessageA returned 0x00000001, argBytes=16, convention=Stdcall
info: Win32Emu.Emulator[0]
      [Import USER32.DLL!GetMessageA] Return address from stack: ESP=0x001FEF04, retEIP=0x00411376
info: Win32Emu.Emulator[0]
      [Import USER32.DLL!GetMessageA] Stack state before cleanup:
        [ESP+00] = 0x001FEF04: 0x00411376 (return addr)
        [ESP+04] = 0x001FEF08: 0x001FEF28 (arg1)
        [ESP+08] = 0x001FEF0C: 0x00000000 (arg2)
        [ESP+12] = 0x001FEF10: 0x00000000 (arg3)
        [ESP+16] = 0x001FEF14: 0x00000000 (arg4)
        [ESP+20] = 0x001FEF18: 0x001FEFFC
      
info: Win32Emu.Emulator[0]
      [Import USER32.DLL!GetMessageA] Stack cleanup: ESP=0x001FEF04, retEIP=0x00411376, argBytes=16, new ESP=0x001FEF18
dbug: Win32Emu.Emulator[0]
      [RegisterValidation] After Import USER32.DLL!GetMessageA: EBX=0F000480 (saved=0F000480, preserved=True), ESI=0F0005F0 (saved=0F0005F0, preserved=True), EDI=0F000600 (saved=0F000600, preserved=True), EBP=0F000470 (saved=0F000470, preserved=True, valid=False, savedValid=False), ESP=001FEF18
dbug: Win32Emu.Emulator[0]
      [Import] Successfully invoked USER32.DLL!GetMessageA
info: Win32Emu.Emulator[0]
      [Import] Direct call to USER32.DLL!TranslateMessage at 0x0F000470
info: Win32Emu.Emulator[0]
      Dispatching USER32.DLL!TranslateMessage at EIP=0x0F000470 ESP=0x001FEF10 stack=81 13 41 00 28 EF 1F 00 FC EF 1F 00 00 00 00 00
info: Win32Emu.Emulator[0]
      [User32] TranslateMessage: HWND=0x00000000 MSG=0x0000 wParam=0x00000000 lParam=0x00000000
info: Win32Emu.Emulator[0]
      [Dispatcher] USER32.DLL!TranslateMessage returned 0x00000000, argBytes=4, convention=Stdcall
info: Win32Emu.Emulator[0]
      [Import USER32.DLL!TranslateMessage] Return address from stack: ESP=0x001FEF10, retEIP=0x00411381
info: Win32Emu.Emulator[0]
      [Import USER32.DLL!TranslateMessage] Stack state before cleanup:
        [ESP+00] = 0x001FEF10: 0x00411381 (return addr)
        [ESP+04] = 0x001FEF14: 0x001FEF28 (arg1)
        [ESP+08] = 0x001FEF18: 0x001FEFFC
        [ESP+12] = 0x001FEF1C: 0x00000000
        [ESP+16] = 0x001FEF20: 0x006E0018
        [ESP+20] = 0x001FEF24: 0x00000000
      
info: Win32Emu.Emulator[0]
      [Import USER32.DLL!TranslateMessage] Stack cleanup: ESP=0x001FEF10, retEIP=0x00411381, argBytes=4, new ESP=0x001FEF18
dbug: Win32Emu.Emulator[0]
      [RegisterValidation] After Import USER32.DLL!TranslateMessage: EBX=0F000480 (saved=0F000480, preserved=True), ESI=0F0005F0 (saved=0F0005F0, preserved=True), EDI=0F000600 (saved=0F000600, preserved=True), EBP=0F000470 (saved=0F000470, preserved=True, valid=False, savedValid=False), ESP=001FEF18
dbug: Win32Emu.Emulator[0]
      [Import] Successfully invoked USER32.DLL!TranslateMessage
info: Win32Emu.Emulator[0]
      [Import] Direct call to USER32.DLL!DispatchMessageA at 0x0F000480
info: Win32Emu.Emulator[0]
      Dispatching USER32.DLL!DispatchMessageA at EIP=0x0F000480 ESP=0x001FEF10 stack=88 13 41 00 28 EF 1F 00 FC EF 1F 00 00 00 00 00
info: Win32Emu.Emulator[0]
      [User32] DispatchMessageA: HWND=0x00000000 MSG=0x0000 wParam=0x00000000 lParam=0x00000000
info: Win32Emu.Emulator[0]
      [User32] DispatchMessageA: No WndProc found for HWND=0x00000000
info: Win32Emu.Emulator[0]
      [Dispatcher] USER32.DLL!DispatchMessageA returned 0x00000000, argBytes=4, convention=Stdcall
info: Win32Emu.Emulator[0]
      [Import USER32.DLL!DispatchMessageA] Return address from stack: ESP=0x001FEF10, retEIP=0x00411388
info: Win32Emu.Emulator[0]
      [Import USER32.DLL!DispatchMessageA] Stack state before cleanup:
        [ESP+00] = 0x001FEF10: 0x00411388 (return addr)
        [ESP+04] = 0x001FEF14: 0x001FEF28 (arg1)
        [ESP+08] = 0x001FEF18: 0x001FEFFC
        [ESP+12] = 0x001FEF1C: 0x00000000
        [ESP+16] = 0x001FEF20: 0x006E0018
        [ESP+20] = 0x001FEF24: 0x00000000
      
info: Win32Emu.Emulator[0]
      [Import USER32.DLL!DispatchMessageA] Stack cleanup: ESP=0x001FEF10, retEIP=0x00411388, argBytes=4, new ESP=0x001FEF18
dbug: Win32Emu.Emulator[0]
      [RegisterValidation] After Import USER32.DLL!DispatchMessageA: EBX=0F000480 (saved=0F000480, preserved=True), ESI=0F0005F0 (saved=0F0005F0, preserved=True), EDI=0F000600 (saved=0F000600, preserved=True), EBP=0F000470 (saved=0F000470, preserved=True, valid=False, savedValid=False), ESP=001FEF18
dbug: Win32Emu.Emulator[0]
      [Import] Successfully invoked USER32.DLL!DispatchMessageA
info: Win32Emu.Emulator[0]
      [Import] Direct call to USER32.DLL!GetMessageA at 0x0F000600
info: Win32Emu.Emulator[0]
      Dispatching USER32.DLL!GetMessageA at EIP=0x0F000600 ESP=0x001FEF04 stack=76 13 41 00 28 EF 1F 00 00 00 00 00 00 00 00 00
info: Win32Emu.Emulator[0]
      [Dispatcher] USER32.DLL!GetMessageA returned 0x00000001, argBytes=16, convention=Stdcall
info: Win32Emu.Emulator[0]
      [Import USER32.DLL!GetMessageA] Return address from stack: ESP=0x001FEF04, retEIP=0x00411376
info: Win32Emu.Emulator[0]
      [Import USER32.DLL!GetMessageA] Stack state before cleanup:
        [ESP+00] = 0x001FEF04: 0x00411376 (return addr)
        [ESP+04] = 0x001FEF08: 0x001FEF28 (arg1)
        [ESP+08] = 0x001FEF0C: 0x00000000 (arg2)
        [ESP+12] = 0x001FEF10: 0x00000000 (arg3)
        [ESP+16] = 0x001FEF14: 0x00000000 (arg4)
        [ESP+20] = 0x001FEF18: 0x001FEFFC
      
info: Win32Emu.Emulator[0]
      [Import USER32.DLL!GetMessageA] Stack cleanup: ESP=0x001FEF04, retEIP=0x00411376, argBytes=16, new ESP=0x001FEF18
dbug: Win32Emu.Emulator[0]
      [RegisterValidation] After Import USER32.DLL!GetMessageA: EBX=0F000480 (saved=0F000480, preserved=True), ESI=0F0005F0 (saved=0F0005F0, preserved=True), EDI=0F000600 (saved=0F000600, preserved=True), EBP=0F000470 (saved=0F000470, preserved=True, valid=False, savedValid=False), ESP=001FEF18
dbug: Win32Emu.Emulator[0]
      [Import] Successfully invoked USER32.DLL!GetMessageA
info: Win32Emu.Emulator[0]
      [Import] Direct call to USER32.DLL!TranslateMessage at 0x0F000470
info: Win32Emu.Emulator[0]
      Dispatching USER32.DLL!TranslateMessage at EIP=0x0F000470 ESP=0x001FEF10 stack=81 13 41 00 28 EF 1F 00 FC EF 1F 00 00 00 00 00
info: Win32Emu.Emulator[0]
      [User32] TranslateMessage: HWND=0x00000000 MSG=0x0000 wParam=0x00000000 lParam=0x00000000
info: Win32Emu.Emulator[0]
      [Dispatcher] USER32.DLL!TranslateMessage returned 0x00000000, argBytes=4, convention=Stdcall
info: Win32Emu.Emulator[0]
      [Import USER32.DLL!TranslateMessage] Return address from stack: ESP=0x001FEF10, retEIP=0x00411381
info: Win32Emu.Emulator[0]
      [Import USER32.DLL!TranslateMessage] Stack state before cleanup:
        [ESP+00] = 0x001FEF10: 0x00411381 (return addr)
        [ESP+04] = 0x001FEF14: 0x001FEF28 (arg1)
        [ESP+08] = 0x001FEF18: 0x001FEFFC
        [ESP+12] = 0x001FEF1C: 0x00000000
        [ESP+16] = 0x001FEF20: 0x006E0018
        [ESP+20] = 0x001FEF24: 0x00000000
      
info: Win32Emu.Emulator[0]
      [Import USER32.DLL!TranslateMessage] Stack cleanup: ESP=0x001FEF10, retEIP=0x00411381, argBytes=4, new ESP=0x001FEF18
dbug: Win32Emu.Emulator[0]
      [RegisterValidation] After Import USER32.DLL!TranslateMessage: EBX=0F000480 (saved=0F000480, preserved=True), ESI=0F0005F0 (saved=0F0005F0, preserved=True), EDI=0F000600 (saved=0F000600, preserved=True), EBP=0F000470 (saved=0F000470, preserved=True, valid=False, savedValid=False), ESP=001FEF18
dbug: Win32Emu.Emulator[0]
      [Import] Successfully invoked USER32.DLL!TranslateMessage
info: Win32Emu.Emulator[0]
      [Import] Direct call to USER32.DLL!DispatchMessageA at 0x0F000480
info: Win32Emu.Emulator[0]
      Dispatching USER32.DLL!DispatchMessageA at EIP=0x0F000480 ESP=0x001FEF10 stack=88 13 41 00 28 EF 1F 00 FC EF 1F 00 00 00 00 00
info: Win32Emu.Emulator[0]
      [User32] DispatchMessageA: HWND=0x00000000 MSG=0x0000 wParam=0x00000000 lParam=0x00000000
info: Win32Emu.Emulator[0]
      [User32] DispatchMessageA: No WndProc found for HWND=0x00000000
info: Win32Emu.Emulator[0]
      [Dispatcher] USER32.DLL!DispatchMessageA returned 0x00000000, argBytes=4, convention=Stdcall
info: Win32Emu.Emulator[0]
      [Import USER32.DLL!DispatchMessageA] Return address from stack: ESP=0x001FEF10, retEIP=0x00411388
info: Win32Emu.Emulator[0]
      [Import USER32.DLL!DispatchMessageA] Stack state before cleanup:
        [ESP+00] = 0x001FEF10: 0x00411388 (return addr)
        [ESP+04] = 0x001FEF14: 0x001FEF28 (arg1)
        [ESP+08] = 0x001FEF18: 0x001FEFFC
        [ESP+12] = 0x001FEF1C: 0x00000000
        [ESP+16] = 0x001FEF20: 0x006E0018
        [ESP+20] = 0x001FEF24: 0x00000000
      
info: Win32Emu.Emulator[0]
      [Import USER32.DLL!DispatchMessageA] Stack cleanup: ESP=0x001FEF10, retEIP=0x00411388, argBytes=4, new ESP=0x001FEF18
dbug: Win32Emu.Emulator[0]
      [RegisterValidation] After Import USER32.DLL!DispatchMessageA: EBX=0F000480 (saved=0F000480, preserved=True), ESI=0F0005F0 (saved=0F0005F0, preserved=True), EDI=0F000600 (saved=0F000600, preserved=True), EBP=0F000470 (saved=0F000470, preserved=True, valid=False, savedValid=False), ESP=001FEF18
dbug: Win32Emu.Emulator[0]
      [Import] Successfully invoked USER32.DLL!DispatchMessageA
info: Win32Emu.Emulator[0]
      [Import] Direct call to USER32.DLL!GetMessageA at 0x0F000600
info: Win32Emu.Emulator[0]
      Dispatching USER32.DLL!GetMessageA at EIP=0x0F000600 ESP=0x001FEF04 stack=76 13 41 00 28 EF 1F 00 00 00 00 00 00 00 00 00
info: Win32Emu.Emulator[0]
      [Dispatcher] USER32.DLL!GetMessageA returned 0x00000001, argBytes=16, convention=Stdcall
info: Win32Emu.Emulator[0]
      [Import USER32.DLL!GetMessageA] Return address from stack: ESP=0x001FEF04, retEIP=0x00411376
info: Win32Emu.Emulator[0]
      [Import USER32.DLL!GetMessageA] Stack state before cleanup:
        [ESP+00] = 0x001FEF04: 0x00411376 (return addr)
        [ESP+04] = 0x001FEF08: 0x001FEF28 (arg1)
        [ESP+08] = 0x001FEF0C: 0x00000000 (arg2)
        [ESP+12] = 0x001FEF10: 0x00000000 (arg3)
        [ESP+16] = 0x001FEF14: 0x00000000 (arg4)
        [ESP+20] = 0x001FEF18: 0x001FEFFC
      
info: Win32Emu.Emulator[0]
      [Import USER32.DLL!GetMessageA] Stack cleanup: ESP=0x001FEF04, retEIP=0x00411376, argBytes=16, new ESP=0x001FEF18
dbug: Win32Emu.Emulator[0]
      [RegisterValidation] After Import USER32.DLL!GetMessageA: EBX=0F000480 (saved=0F000480, preserved=True), ESI=0F0005F0 (saved=0F0005F0, preserved=True), EDI=0F000600 (saved=0F000600, preserved=True), EBP=0F000470 (saved=0F000470, preserved=True, valid=False, savedValid=False), ESP=001FEF18
dbug: Win32Emu.Emulator[0]
      [Import] Successfully invoked USER32.DLL!GetMessageA
info: Win32Emu.Emulator[0]
      [Import] Direct call to USER32.DLL!TranslateMessage at 0x0F000470
info: Win32Emu.Emulator[0]
      Dispatching USER32.DLL!TranslateMessage at EIP=0x0F000470 ESP=0x001FEF10 stack=81 13 41 00 28 EF 1F 00 FC EF 1F 00 00 00 00 00
info: Win32Emu.Emulator[0]
      [User32] TranslateMessage: HWND=0x00000000 MSG=0x0000 wParam=0x00000000 lParam=0x00000000
info: Win32Emu.Emulator[0]
      [Dispatcher] USER32.DLL!TranslateMessage returned 0x00000000, argBytes=4, convention=Stdcall
info: Win32Emu.Emulator[0]
      [Import USER32.DLL!TranslateMessage] Return address from stack: ESP=0x001FEF10, retEIP=0x00411381
info: Win32Emu.Emulator[0]
      [Import USER32.DLL!TranslateMessage] Stack state before cleanup:
        [ESP+00] = 0x001FEF10: 0x00411381 (return addr)
        [ESP+04] = 0x001FEF14: 0x001FEF28 (arg1)
        [ESP+08] = 0x001FEF18: 0x001FEFFC
        [ESP+12] = 0x001FEF1C: 0x00000000
        [ESP+16] = 0x001FEF20: 0x006E0018
        [ESP+20] = 0x001FEF24: 0x00000000
      
info: Win32Emu.Emulator[0]
      [Import USER32.DLL!TranslateMessage] Stack cleanup: ESP=0x001FEF10, retEIP=0x00411381, argBytes=4, new ESP=0x001FEF18
dbug: Win32Emu.Emulator[0]
      [RegisterValidation] After Import USER32.DLL!TranslateMessage: EBX=0F000480 (saved=0F000480, preserved=True), ESI=0F0005F0 (saved=0F0005F0, preserved=True), EDI=0F000600 (saved=0F000600, preserved=True), EBP=0F000470 (saved=0F000470, preserved=True, valid=False, savedValid=False), ESP=001FEF18
dbug: Win32Emu.Emulator[0]
      [Import] Successfully invoked USER32.DLL!TranslateMessage
info: Win32Emu.Emulator[0]
      [Import] Direct call to USER32.DLL!DispatchMessageA at 0x0F000480
info: Win32Emu.Emulator[0]
      Dispatching USER32.DLL!DispatchMessageA at EIP=0x0F000480 ESP=0x001FEF10 stack=88 13 41 00 28 EF 1F 00 FC EF 1F 00 00 00 00 00
info: Win32Emu.Emulator[0]
      [User32] DispatchMessageA: HWND=0x00000000 MSG=0x0000 wParam=0x00000000 lParam=0x00000000
info: Win32Emu.Emulator[0]
      [User32] DispatchMessageA: No WndProc found for HWND=0x00000000
info: Win32Emu.Emulator[0]
      [Dispatcher] USER32.DLL!DispatchMessageA returned 0x00000000, argBytes=4, convention=Stdcall
info: Win32Emu.Emulator[0]
      [Import USER32.DLL!DispatchMessageA] Return address from stack: ESP=0x001FEF10, retEIP=0x00411388
info: Win32Emu.Emulator[0]
      [Import USER32.DLL!DispatchMessageA] Stack state before cleanup:
        [ESP+00] = 0x001FEF10: 0x00411388 (return addr)
        [ESP+04] = 0x001FEF14: 0x001FEF28 (arg1)
        [ESP+08] = 0x001FEF18: 0x001FEFFC
        [ESP+12] = 0x001FEF1C: 0x00000000
        [ESP+16] = 0x001FEF20: 0x006E0018
        [ESP+20] = 0x001FEF24: 0x00000000
      
info: Win32Emu.Emulator[0]
      [Import USER32.DLL!DispatchMessageA] Stack cleanup: ESP=0x001FEF10, retEIP=0x00411388, argBytes=4, new ESP=0x001FEF18
dbug: Win32Emu.Emulator[0]
      [RegisterValidation] After Import USER32.DLL!DispatchMessageA: EBX=0F000480 (saved=0F000480, preserved=True), ESI=0F0005F0 (saved=0F0005F0, preserved=True), EDI=0F000600 (saved=0F000600, preserved=True), EBP=0F000470 (saved=0F000470, preserved=True, valid=False, savedValid=False), ESP=001FEF18
dbug: Win32Emu.Emulator[0]
      [Import] Successfully invoked USER32.DLL!DispatchMessageA
info: Win32Emu.Emulator[0]
      [Import] Direct call to USER32.DLL!GetMessageA at 0x0F000600
info: Win32Emu.Emulator[0]
      Dispatching USER32.DLL!GetMessageA at EIP=0x0F000600 ESP=0x001FEF04 stack=76 13 41 00 28 EF 1F 00 00 00 00 00 00 00 00 00
info: Win32Emu.Emulator[0]
      [Dispatcher] USER32.DLL!GetMessageA returned 0x00000001, argBytes=16, convention=Stdcall
info: Win32Emu.Emulator[0]
      [Import USER32.DLL!GetMessageA] Return address from stack: ESP=0x001FEF04, retEIP=0x00411376
info: Win32Emu.Emulator[0]
      [Import USER32.DLL!GetMessageA] Stack state before cleanup:
        [ESP+00] = 0x001FEF04: 0x00411376 (return addr)
        [ESP+04] = 0x001FEF08: 0x001FEF28 (arg1)
        [ESP+08] = 0x001FEF0C: 0x00000000 (arg2)
        [ESP+12] = 0x001FEF10: 0x00000000 (arg3)
        [ESP+16] = 0x001FEF14: 0x00000000 (arg4)
        [ESP+20] = 0x001FEF18: 0x001FEFFC
      
info: Win32Emu.Emulator[0]
      [Import USER32.DLL!GetMessageA] Stack cleanup: ESP=0x001FEF04, retEIP=0x00411376, argBytes=16, new ESP=0x001FEF18
dbug: Win32Emu.Emulator[0]
      [RegisterValidation] After Import USER32.DLL!GetMessageA: EBX=0F000480 (saved=0F000480, preserved=True), ESI=0F0005F0 (saved=0F0005F0, preserved=True), EDI=0F000600 (saved=0F000600, preserved=True), EBP=0F000470 (saved=0F000470, preserved=True, valid=False, savedValid=False), ESP=001FEF18
dbug: Win32Emu.Emulator[0]
      [Import] Successfully invoked USER32.DLL!GetMessageA
info: Win32Emu.Emulator[0]
      [Import] Direct call to USER32.DLL!TranslateMessage at 0x0F000470
info: Win32Emu.Emulator[0]
      Dispatching USER32.DLL!TranslateMessage at EIP=0x0F000470 ESP=0x001FEF10 stack=81 13 41 00 28 EF 1F 00 FC EF 1F 00 00 00 00 00
info: Win32Emu.Emulator[0]
      [User32] TranslateMessage: HWND=0x00000000 MSG=0x0000 wParam=0x00000000 lParam=0x00000000
info: Win32Emu.Emulator[0]
      [Dispatcher] USER32.DLL!TranslateMessage returned 0x00000000, argBytes=4, convention=Stdcall
info: Win32Emu.Emulator[0]
      [Import USER32.DLL!TranslateMessage] Return address from stack: ESP=0x001FEF10, retEIP=0x00411381
info: Win32Emu.Emulator[0]
      [Import USER32.DLL!TranslateMessage] Stack state before cleanup:
        [ESP+00] = 0x001FEF10: 0x00411381 (return addr)
        [ESP+04] = 0x001FEF14: 0x001FEF28 (arg1)
        [ESP+08] = 0x001FEF18: 0x001FEFFC
        [ESP+12] = 0x001FEF1C: 0x00000000
        [ESP+16] = 0x001FEF20: 0x006E0018
        [ESP+20] = 0x001FEF24: 0x00000000
      
info: Win32Emu.Emulator[0]
      [Import USER32.DLL!TranslateMessage] Stack cleanup: ESP=0x001FEF10, retEIP=0x00411381, argBytes=4, new ESP=0x001FEF18
dbug: Win32Emu.Emulator[0]
      [RegisterValidation] After Import USER32.DLL!TranslateMessage: EBX=0F000480 (saved=0F000480, preserved=True), ESI=0F0005F0 (saved=0F0005F0, preserved=True), EDI=0F000600 (saved=0F000600, preserved=True), EBP=0F000470 (saved=0F000470, preserved=True, valid=False, savedValid=False), ESP=001FEF18
dbug: Win32Emu.Emulator[0]
      [Import] Successfully invoked USER32.DLL!TranslateMessage
info: Win32Emu.Emulator[0]
      [Import] Direct call to USER32.DLL!DispatchMessageA at 0x0F000480
info: Win32Emu.Emulator[0]
      Dispatching USER32.DLL!DispatchMessageA at EIP=0x0F000480 ESP=0x001FEF10 stack=88 13 41 00 28 EF 1F 00 FC EF 1F 00 00 00 00 00
info: Win32Emu.Emulator[0]
      [User32] DispatchMessageA: HWND=0x00000000 MSG=0x0000 wParam=0x00000000 lParam=0x00000000
info: Win32Emu.Emulator[0]
      [User32] DispatchMessageA: No WndProc found for HWND=0x00000000
info: Win32Emu.Emulator[0]
      [Dispatcher] USER32.DLL!DispatchMessageA returned 0x00000000, argBytes=4, convention=Stdcall
info: Win32Emu.Emulator[0]
      [Import USER32.DLL!DispatchMessageA] Return address from stack: ESP=0x001FEF10, retEIP=0x00411388
info: Win32Emu.Emulator[0]
      [Import USER32.DLL!DispatchMessageA] Stack state before cleanup:
        [ESP+00] = 0x001FEF10: 0x00411388 (return addr)
        [ESP+04] = 0x001FEF14: 0x001FEF28 (arg1)
        [ESP+08] = 0x001FEF18: 0x001FEFFC
        [ESP+12] = 0x001FEF1C: 0x00000000
        [ESP+16] = 0x001FEF20: 0x006E0018
        [ESP+20] = 0x001FEF24: 0x00000000
      
info: Win32Emu.Emulator[0]
      [Import USER32.DLL!DispatchMessageA] Stack cleanup: ESP=0x001FEF10, retEIP=0x00411388, argBytes=4, new ESP=0x001FEF18
dbug: Win32Emu.Emulator[0]
      [RegisterValidation] After Import USER32.DLL!DispatchMessageA: EBX=0F000480 (saved=0F000480, preserved=True), ESI=0F0005F0 (saved=0F0005F0, preserved=True), EDI=0F000600 (saved=0F000600, preserved=True), EBP=0F000470 (saved=0F000470, preserved=True, valid=False, savedValid=False), ESP=001FEF18
dbug: Win32Emu.Emulator[0]
      [Import] Successfully invoked USER32.DLL!DispatchMessageA
info: Win32Emu.Emulator[0]
      [Import] Direct call to USER32.DLL!GetMessageA at 0x0F000600
info: Win32Emu.Emulator[0]
      Dispatching USER32.DLL!GetMessageA at EIP=0x0F000600 ESP=0x001FEF04 stack=76 13 41 00 28 EF 1F 00 00 00 00 00 00 00 00 00
info: Win32Emu.Emulator[0]
      [Dispatcher] USER32.DLL!GetMessageA returned 0x00000001, argBytes=16, convention=Stdcall
info: Win32Emu.Emulator[0]
      [Import USER32.DLL!GetMessageA] Return address from stack: ESP=0x001FEF04, retEIP=0x00411376
info: Win32Emu.Emulator[0]
      [Import USER32.DLL!GetMessageA] Stack state before cleanup:
        [ESP+00] = 0x001FEF04: 0x00411376 (return addr)
        [ESP+04] = 0x001FEF08: 0x001FEF28 (arg1)
        [ESP+08] = 0x001FEF0C: 0x00000000 (arg2)
        [ESP+12] = 0x001FEF10: 0x00000000 (arg3)
        [ESP+16] = 0x001FEF14: 0x00000000 (arg4)
        [ESP+20] = 0x001FEF18: 0x001FEFFC
      
info: Win32Emu.Emulator[0]
      [Import USER32.DLL!GetMessageA] Stack cleanup: ESP=0x001FEF04, retEIP=0x00411376, argBytes=16, new ESP=0x001FEF18
dbug: Win32Emu.Emulator[0]
      [RegisterValidation] After Import USER32.DLL!GetMessageA: EBX=0F000480 (saved=0F000480, preserved=True), ESI=0F0005F0 (saved=0F0005F0, preserved=True), EDI=0F000600 (saved=0F000600, preserved=True), EBP=0F000470 (saved=0F000470, preserved=True, valid=False, savedValid=False), ESP=001FEF18
dbug: Win32Emu.Emulator[0]
      [Import] Successfully invoked USER32.DLL!GetMessageA
info: Win32Emu.Emulator[0]
      [Import] Direct call to USER32.DLL!TranslateMessage at 0x0F000470
info: Win32Emu.Emulator[0]
      Dispatching USER32.DLL!TranslateMessage at EIP=0x0F000470 ESP=0x001FEF10 stack=81 13 41 00 28 EF 1F 00 FC EF 1F 00 00 00 00 00
info: Win32Emu.Emulator[0]
      [User32] TranslateMessage: HWND=0x00000000 MSG=0x0000 wParam=0x00000000 lParam=0x00000000
info: Win32Emu.Emulator[0]
      [Dispatcher] USER32.DLL!TranslateMessage returned 0x00000000, argBytes=4, convention=Stdcall
info: Win32Emu.Emulator[0]
      [Import USER32.DLL!TranslateMessage] Return address from stack: ESP=0x001FEF10, retEIP=0x00411381
info: Win32Emu.Emulator[0]
      [Import USER32.DLL!TranslateMessage] Stack state before cleanup:
        [ESP+00] = 0x001FEF10: 0x00411381 (return addr)
        [ESP+04] = 0x001FEF14: 0x001FEF28 (arg1)
        [ESP+08] = 0x001FEF18: 0x001FEFFC
        [ESP+12] = 0x001FEF1C: 0x00000000
        [ESP+16] = 0x001FEF20: 0x006E0018
        [ESP+20] = 0x001FEF24: 0x00000000
      
info: Win32Emu.Emulator[0]
      [Import USER32.DLL!TranslateMessage] Stack cleanup: ESP=0x001FEF10, retEIP=0x00411381, argBytes=4, new ESP=0x001FEF18
dbug: Win32Emu.Emulator[0]
      [RegisterValidation] After Import USER32.DLL!TranslateMessage: EBX=0F000480 (saved=0F000480, preserved=True), ESI=0F0005F0 (saved=0F0005F0, preserved=True), EDI=0F000600 (saved=0F000600, preserved=True), EBP=0F000470 (saved=0F000470, preserved=True, valid=False, savedValid=False), ESP=001FEF18
dbug: Win32Emu.Emulator[0]
      [Import] Successfully invoked USER32.DLL!TranslateMessage
info: Win32Emu.Emulator[0]
      [Import] Direct call to USER32.DLL!DispatchMessageA at 0x0F000480
info: Win32Emu.Emulator[0]
      Dispatching USER32.DLL!DispatchMessageA at EIP=0x0F000480 ESP=0x001FEF10 stack=88 13 41 00 28 EF 1F 00 FC EF 1F 00 00 00 00 00
info: Win32Emu.Emulator[0]
      [User32] DispatchMessageA: HWND=0x00000000 MSG=0x0000 wParam=0x00000000 lParam=0x00000000
info: Win32Emu.Emulator[0]
      [User32] DispatchMessageA: No WndProc found for HWND=0x00000000
info: Win32Emu.Emulator[0]
      [Dispatcher] USER32.DLL!DispatchMessageA returned 0x00000000, argBytes=4, convention=Stdcall
info: Win32Emu.Emulator[0]
      [Import USER32.DLL!DispatchMessageA] Return address from stack: ESP=0x001FEF10, retEIP=0x00411388
info: Win32Emu.Emulator[0]
      [Import USER32.DLL!DispatchMessageA] Stack state before cleanup:
        [ESP+00] = 0x001FEF10: 0x00411388 (return addr)
        [ESP+04] = 0x001FEF14: 0x001FEF28 (arg1)
        [ESP+08] = 0x001FEF18: 0x001FEFFC
        [ESP+12] = 0x001FEF1C: 0x00000000
        [ESP+16] = 0x001FEF20: 0x006E0018
        [ESP+20] = 0x001FEF24: 0x00000000
      
info: Win32Emu.Emulator[0]
      [Import USER32.DLL!DispatchMessageA] Stack cleanup: ESP=0x001FEF10, retEIP=0x00411388, argBytes=4, new ESP=0x001FEF18
dbug: Win32Emu.Emulator[0]
      [RegisterValidation] After Import USER32.DLL!DispatchMessageA: EBX=0F000480 (saved=0F000480, preserved=True), ESI=0F0005F0 (saved=0F0005F0, preserved=True), EDI=0F000600 (saved=0F000600, preserved=True), EBP=0F000470 (saved=0F000470, preserved=True, valid=False, savedValid=False), ESP=001FEF18
dbug: Win32Emu.Emulator[0]
      [Import] Successfully invoked USER32.DLL!DispatchMessageA
info: Win32Emu.Emulator[0]
      [Import] Direct call to USER32.DLL!GetMessageA at 0x0F000600
info: Win32Emu.Emulator[0]
      Dispatching USER32.DLL!GetMessageA at EIP=0x0F000600 ESP=0x001FEF04 stack=76 13 41 00 28 EF 1F 00 00 00 00 00 00 00 00 00
info: Win32Emu.Emulator[0]
      [Dispatcher] USER32.DLL!GetMessageA returned 0x00000001, argBytes=16, convention=Stdcall
info: Win32Emu.Emulator[0]
      [Import USER32.DLL!GetMessageA] Return address from stack: ESP=0x001FEF04, retEIP=0x00411376
info: Win32Emu.Emulator[0]
      [Import USER32.DLL!GetMessageA] Stack state before cleanup:
        [ESP+00] = 0x001FEF04: 0x00411376 (return addr)
        [ESP+04] = 0x001FEF08: 0x001FEF28 (arg1)
        [ESP+08] = 0x001FEF0C: 0x00000000 (arg2)
        [ESP+12] = 0x001FEF10: 0x00000000 (arg3)
        [ESP+16] = 0x001FEF14: 0x00000000 (arg4)
        [ESP+20] = 0x001FEF18: 0x001FEFFC
      
info: Win32Emu.Emulator[0]
      [Import USER32.DLL!GetMessageA] Stack cleanup: ESP=0x001FEF04, retEIP=0x00411376, argBytes=16, new ESP=0x001FEF18
dbug: Win32Emu.Emulator[0]
      [RegisterValidation] After Import USER32.DLL!GetMessageA: EBX=0F000480 (saved=0F000480, preserved=True), ESI=0F0005F0 (saved=0F0005F0, preserved=True), EDI=0F000600 (saved=0F000600, preserved=True), EBP=0F000470 (saved=0F000470, preserved=True, valid=False, savedValid=False), ESP=001FEF18
dbug: Win32Emu.Emulator[0]
      [Import] Successfully invoked USER32.DLL!GetMessageA
info: Win32Emu.Emulator[0]
      [Import] Direct call to USER32.DLL!TranslateMessage at 0x0F000470
info: Win32Emu.Emulator[0]
      Dispatching USER32.DLL!TranslateMessage at EIP=0x0F000470 ESP=0x001FEF10 stack=81 13 41 00 28 EF 1F 00 FC EF 1F 00 00 00 00 00
info: Win32Emu.Emulator[0]
      [User32] TranslateMessage: HWND=0x00000000 MSG=0x0000 wParam=0x00000000 lParam=0x00000000
info: Win32Emu.Emulator[0]
      [Dispatcher] USER32.DLL!TranslateMessage returned 0x00000000, argBytes=4, convention=Stdcall
info: Win32Emu.Emulator[0]
      [Import USER32.DLL!TranslateMessage] Return address from stack: ESP=0x001FEF10, retEIP=0x00411381
info: Win32Emu.Emulator[0]
      [Import USER32.DLL!TranslateMessage] Stack state before cleanup:
        [ESP+00] = 0x001FEF10: 0x00411381 (return addr)
        [ESP+04] = 0x001FEF14: 0x001FEF28 (arg1)
        [ESP+08] = 0x001FEF18: 0x001FEFFC
        [ESP+12] = 0x001FEF1C: 0x00000000
        [ESP+16] = 0x001FEF20: 0x006E0018
        [ESP+20] = 0x001FEF24: 0x00000000
      
info: Win32Emu.Emulator[0]
      [Import USER32.DLL!TranslateMessage] Stack cleanup: ESP=0x001FEF10, retEIP=0x00411381, argBytes=4, new ESP=0x001FEF18
dbug: Win32Emu.Emulator[0]
      [RegisterValidation] After Import USER32.DLL!TranslateMessage: EBX=0F000480 (saved=0F000480, preserved=True), ESI=0F0005F0 (saved=0F0005F0, preserved=True), EDI=0F000600 (saved=0F000600, preserved=True), EBP=0F000470 (saved=0F000470, preserved=True, valid=False, savedValid=False), ESP=001FEF18
dbug: Win32Emu.Emulator[0]
      [Import] Successfully invoked USER32.DLL!TranslateMessage
info: Win32Emu.Emulator[0]
      [Import] Direct call to USER32.DLL!DispatchMessageA at 0x0F000480
info: Win32Emu.Emulator[0]
      Dispatching USER32.DLL!DispatchMessageA at EIP=0x0F000480 ESP=0x001FEF10 stack=88 13 41 00 28 EF 1F 00 FC EF 1F 00 00 00 00 00
info: Win32Emu.Emulator[0]
      [User32] DispatchMessageA: HWND=0x00000000 MSG=0x0000 wParam=0x00000000 lParam=0x00000000
info: Win32Emu.Emulator[0]
      [User32] DispatchMessageA: No WndProc found for HWND=0x00000000
info: Win32Emu.Emulator[0]
      [Dispatcher] USER32.DLL!DispatchMessageA returned 0x00000000, argBytes=4, convention=Stdcall
info: Win32Emu.Emulator[0]
      [Import USER32.DLL!DispatchMessageA] Return address from stack: ESP=0x001FEF10, retEIP=0x00411388
info: Win32Emu.Emulator[0]
      [Import USER32.DLL!DispatchMessageA] Stack state before cleanup:
        [ESP+00] = 0x001FEF10: 0x00411388 (return addr)
        [ESP+04] = 0x001FEF14: 0x001FEF28 (arg1)
        [ESP+08] = 0x001FEF18: 0x001FEFFC
        [ESP+12] = 0x001FEF1C: 0x00000000
        [ESP+16] = 0x001FEF20: 0x006E0018
        [ESP+20] = 0x001FEF24: 0x00000000
      
info: Win32Emu.Emulator[0]
      [Import USER32.DLL!DispatchMessageA] Stack cleanup: ESP=0x001FEF10, retEIP=0x00411388, argBytes=4, new ESP=0x001FEF18
dbug: Win32Emu.Emulator[0]
      [RegisterValidation] After Import USER32.DLL!DispatchMessageA: EBX=0F000480 (saved=0F000480, preserved=True), ESI=0F0005F0 (saved=0F0005F0, preserved=True), EDI=0F000600 (saved=0F000600, preserved=True), EBP=0F000470 (saved=0F000470, preserved=True, valid=False, savedValid=False), ESP=001FEF18
dbug: Win32Emu.Emulator[0]
      [Import] Successfully invoked USER32.DLL!DispatchMessageA
info: Win32Emu.Emulator[0]
      [Import] Direct call to USER32.DLL!GetMessageA at 0x0F000600
info: Win32Emu.Emulator[0]
      Dispatching USER32.DLL!GetMessageA at EIP=0x0F000600 ESP=0x001FEF04 stack=76 13 41 00 28 EF 1F 00 00 00 00 00 00 00 00 00
info: Win32Emu.Emulator[0]
      [Dispatcher] USER32.DLL!GetMessageA returned 0x00000001, argBytes=16, convention=Stdcall
info: Win32Emu.Emulator[0]
      [Import USER32.DLL!GetMessageA] Return address from stack: ESP=0x001FEF04, retEIP=0x00411376
info: Win32Emu.Emulator[0]
      [Import USER32.DLL!GetMessageA] Stack state before cleanup:
        [ESP+00] = 0x001FEF04: 0x00411376 (return addr)
        [ESP+04] = 0x001FEF08: 0x001FEF28 (arg1)
        [ESP+08] = 0x001FEF0C: 0x00000000 (arg2)
        [ESP+12] = 0x001FEF10: 0x00000000 (arg3)
        [ESP+16] = 0x001FEF14: 0x00000000 (arg4)
        [ESP+20] = 0x001FEF18: 0x001FEFFC
      
info: Win32Emu.Emulator[0]
      [Import USER32.DLL!GetMessageA] Stack cleanup: ESP=0x001FEF04, retEIP=0x00411376, argBytes=16, new ESP=0x001FEF18
dbug: Win32Emu.Emulator[0]
      [RegisterValidation] After Import USER32.DLL!GetMessageA: EBX=0F000480 (saved=0F000480, preserved=True), ESI=0F0005F0 (saved=0F0005F0, preserved=True), EDI=0F000600 (saved=0F000600, preserved=True), EBP=0F000470 (saved=0F000470, preserved=True, valid=False, savedValid=False), ESP=001FEF18
dbug: Win32Emu.Emulator[0]
      [Import] Successfully invoked USER32.DLL!GetMessageA
info: Win32Emu.Emulator[0]
      [Import] Direct call to USER32.DLL!TranslateMessage at 0x0F000470
info: Win32Emu.Emulator[0]
      Dispatching USER32.DLL!TranslateMessage at EIP=0x0F000470 ESP=0x001FEF10 stack=81 13 41 00 28 EF 1F 00 FC EF 1F 00 00 00 00 00
info: Win32Emu.Emulator[0]
      [User32] TranslateMessage: HWND=0x00000000 MSG=0x0000 wParam=0x00000000 lParam=0x00000000
info: Win32Emu.Emulator[0]
      [Dispatcher] USER32.DLL!TranslateMessage returned 0x00000000, argBytes=4, convention=Stdcall
info: Win32Emu.Emulator[0]
      [Import USER32.DLL!TranslateMessage] Return address from stack: ESP=0x001FEF10, retEIP=0x00411381
info: Win32Emu.Emulator[0]
      [Import USER32.DLL!TranslateMessage] Stack state before cleanup:
        [ESP+00] = 0x001FEF10: 0x00411381 (return addr)
        [ESP+04] = 0x001FEF14: 0x001FEF28 (arg1)
        [ESP+08] = 0x001FEF18: 0x001FEFFC
        [ESP+12] = 0x001FEF1C: 0x00000000
        [ESP+16] = 0x001FEF20: 0x006E0018
        [ESP+20] = 0x001FEF24: 0x00000000
      
info: Win32Emu.Emulator[0]
      [Import USER32.DLL!TranslateMessage] Stack cleanup: ESP=0x001FEF10, retEIP=0x00411381, argBytes=4, new ESP=0x001FEF18
dbug: Win32Emu.Emulator[0]
      [RegisterValidation] After Import USER32.DLL!TranslateMessage: EBX=0F000480 (saved=0F000480, preserved=True), ESI=0F0005F0 (saved=0F0005F0, preserved=True), EDI=0F000600 (saved=0F000600, preserved=True), EBP=0F000470 (saved=0F000470, preserved=True, valid=False, savedValid=False), ESP=001FEF18
dbug: Win32Emu.Emulator[0]
      [Import] Successfully invoked USER32.DLL!TranslateMessage
info: Win32Emu.Emulator[0]
      [Import] Direct call to USER32.DLL!DispatchMessageA at 0x0F000480
info: Win32Emu.Emulator[0]
      Dispatching USER32.DLL!DispatchMessageA at EIP=0x0F000480 ESP=0x001FEF10 stack=88 13 41 00 28 EF 1F 00 FC EF 1F 00 00 00 00 00
info: Win32Emu.Emulator[0]
      [User32] DispatchMessageA: HWND=0x00000000 MSG=0x0000 wParam=0x00000000 lParam=0x00000000
info: Win32Emu.Emulator[0]
      [User32] DispatchMessageA: No WndProc found for HWND=0x00000000
info: Win32Emu.Emulator[0]
      [Dispatcher] USER32.DLL!DispatchMessageA returned 0x00000000, argBytes=4, convention=Stdcall
info: Win32Emu.Emulator[0]
      [Import USER32.DLL!DispatchMessageA] Return address from stack: ESP=0x001FEF10, retEIP=0x00411388
info: Win32Emu.Emulator[0]
      [Import USER32.DLL!DispatchMessageA] Stack state before cleanup:
        [ESP+00] = 0x001FEF10: 0x00411388 (return addr)
        [ESP+04] = 0x001FEF14: 0x001FEF28 (arg1)
        [ESP+08] = 0x001FEF18: 0x001FEFFC
        [ESP+12] = 0x001FEF1C: 0x00000000
        [ESP+16] = 0x001FEF20: 0x006E0018
        [ESP+20] = 0x001FEF24: 0x00000000
      
info: Win32Emu.Emulator[0]
      [Import USER32.DLL!DispatchMessageA] Stack cleanup: ESP=0x001FEF10, retEIP=0x00411388, argBytes=4, new ESP=0x001FEF18
dbug: Win32Emu.Emulator[0]
      [RegisterValidation] After Import USER32.DLL!DispatchMessageA: EBX=0F000480 (saved=0F000480, preserved=True), ESI=0F0005F0 (saved=0F0005F0, preserved=True), EDI=0F000600 (saved=0F000600, preserved=True), EBP=0F000470 (saved=0F000470, preserved=True, valid=False, savedValid=False), ESP=001FEF18
dbug: Win32Emu.Emulator[0]
      [Import] Successfully invoked USER32.DLL!DispatchMessageA
info: Win32Emu.Emulator[0]
      [Import] Direct call to USER32.DLL!GetMessageA at 0x0F000600
info: Win32Emu.Emulator[0]
      Dispatching USER32.DLL!GetMessageA at EIP=0x0F000600 ESP=0x001FEF04 stack=76 13 41 00 28 EF 1F 00 00 00 00 00 00 00 00 00
info: Win32Emu.Emulator[0]
      [Dispatcher] USER32.DLL!GetMessageA returned 0x00000001, argBytes=16, convention=Stdcall
info: Win32Emu.Emulator[0]
      [Import USER32.DLL!GetMessageA] Return address from stack: ESP=0x001FEF04, retEIP=0x00411376
info: Win32Emu.Emulator[0]
      [Import USER32.DLL!GetMessageA] Stack state before cleanup:
        [ESP+00] = 0x001FEF04: 0x00411376 (return addr)
        [ESP+04] = 0x001FEF08: 0x001FEF28 (arg1)
        [ESP+08] = 0x001FEF0C: 0x00000000 (arg2)
        [ESP+12] = 0x001FEF10: 0x00000000 (arg3)
        [ESP+16] = 0x001FEF14: 0x00000000 (arg4)
        [ESP+20] = 0x001FEF18: 0x001FEFFC
      
info: Win32Emu.Emulator[0]
      [Import USER32.DLL!GetMessageA] Stack cleanup: ESP=0x001FEF04, retEIP=0x00411376, argBytes=16, new ESP=0x001FEF18
dbug: Win32Emu.Emulator[0]
      [RegisterValidation] After Import USER32.DLL!GetMessageA: EBX=0F000480 (saved=0F000480, preserved=True), ESI=0F0005F0 (saved=0F0005F0, preserved=True), EDI=0F000600 (saved=0F000600, preserved=True), EBP=0F000470 (saved=0F000470, preserved=True, valid=False, savedValid=False), ESP=001FEF18
dbug: Win32Emu.Emulator[0]
      [Import] Successfully invoked USER32.DLL!GetMessageA
info: Win32Emu.Emulator[0]
      [Import] Direct call to USER32.DLL!TranslateMessage at 0x0F000470
info: Win32Emu.Emulator[0]
      Dispatching USER32.DLL!TranslateMessage at EIP=0x0F000470 ESP=0x001FEF10 stack=81 13 41 00 28 EF 1F 00 FC EF 1F 00 00 00 00 00
info: Win32Emu.Emulator[0]
      [User32] TranslateMessage: HWND=0x00000000 MSG=0x0000 wParam=0x00000000 lParam=0x00000000
info: Win32Emu.Emulator[0]
      [Dispatcher] USER32.DLL!TranslateMessage returned 0x00000000, argBytes=4, convention=Stdcall
info: Win32Emu.Emulator[0]
      [Import USER32.DLL!TranslateMessage] Return address from stack: ESP=0x001FEF10, retEIP=0x00411381
info: Win32Emu.Emulator[0]
      [Import USER32.DLL!TranslateMessage] Stack state before cleanup:
        [ESP+00] = 0x001FEF10: 0x00411381 (return addr)
        [ESP+04] = 0x001FEF14: 0x001FEF28 (arg1)
        [ESP+08] = 0x001FEF18: 0x001FEFFC
        [ESP+12] = 0x001FEF1C: 0x00000000
        [ESP+16] = 0x001FEF20: 0x006E0018
        [ESP+20] = 0x001FEF24: 0x00000000
      
info: Win32Emu.Emulator[0]
      [Import USER32.DLL!TranslateMessage] Stack cleanup: ESP=0x001FEF10, retEIP=0x00411381, argBytes=4, new ESP=0x001FEF18
dbug: Win32Emu.Emulator[0]
      [RegisterValidation] After Import USER32.DLL!TranslateMessage: EBX=0F000480 (saved=0F000480, preserved=True), ESI=0F0005F0 (saved=0F0005F0, preserved=True), EDI=0F000600 (saved=0F000600, preserved=True), EBP=0F000470 (saved=0F000470, preserved=True, valid=False, savedValid=False), ESP=001FEF18
dbug: Win32Emu.Emulator[0]
      [Import] Successfully invoked USER32.DLL!TranslateMessage
info: Win32Emu.Emulator[0]
      [Import] Direct call to USER32.DLL!DispatchMessageA at 0x0F000480
info: Win32Emu.Emulator[0]
      Dispatching USER32.DLL!DispatchMessageA at EIP=0x0F000480 ESP=0x001FEF10 stack=88 13 41 00 28 EF 1F 00 FC EF 1F 00 00 00 00 00
info: Win32Emu.Emulator[0]
      [User32] DispatchMessageA: HWND=0x00000000 MSG=0x0000 wParam=0x00000000 lParam=0x00000000
info: Win32Emu.Emulator[0]
      [User32] DispatchMessageA: No WndProc found for HWND=0x00000000
info: Win32Emu.Emulator[0]
      [Dispatcher] USER32.DLL!DispatchMessageA returned 0x00000000, argBytes=4, convention=Stdcall
info: Win32Emu.Emulator[0]
      [Import USER32.DLL!DispatchMessageA] Return address from stack: ESP=0x001FEF10, retEIP=0x00411388
info: Win32Emu.Emulator[0]
      [Import USER32.DLL!DispatchMessageA] Stack state before cleanup:
        [ESP+00] = 0x001FEF10: 0x00411388 (return addr)
        [ESP+04] = 0x001FEF14: 0x001FEF28 (arg1)
        [ESP+08] = 0x001FEF18: 0x001FEFFC
        [ESP+12] = 0x001FEF1C: 0x00000000
        [ESP+16] = 0x001FEF20: 0x006E0018
        [ESP+20] = 0x001FEF24: 0x00000000
      
info: Win32Emu.Emulator[0]
      [Import USER32.DLL!DispatchMessageA] Stack cleanup: ESP=0x001FEF10, retEIP=0x00411388, argBytes=4, new ESP=0x001FEF18
dbug: Win32Emu.Emulator[0]
      [RegisterValidation] After Import USER32.DLL!DispatchMessageA: EBX=0F000480 (saved=0F000480, preserved=True), ESI=0F0005F0 (saved=0F0005F0, preserved=True), EDI=0F000600 (saved=0F000600, preserved=True), EBP=0F000470 (saved=0F000470, preserved=True, valid=False, savedValid=False), ESP=001FEF18
dbug: Win32Emu.Emulator[0]
      [Import] Successfully invoked USER32.DLL!DispatchMessageA
info: Win32Emu.Emulator[0]
      [Import] Direct call to USER32.DLL!GetMessageA at 0x0F000600
info: Win32Emu.Emulator[0]
      Dispatching USER32.DLL!GetMessageA at EIP=0x0F000600 ESP=0x001FEF04 stack=76 13 41 00 28 EF 1F 00 00 00 00 00 00 00 00 00
info: Win32Emu.Emulator[0]
      [Dispatcher] USER32.DLL!GetMessageA returned 0x00000001, argBytes=16, convention=Stdcall
info: Win32Emu.Emulator[0]
      [Import USER32.DLL!GetMessageA] Return address from stack: ESP=0x001FEF04, retEIP=0x00411376
info: Win32Emu.Emulator[0]
      [Import USER32.DLL!GetMessageA] Stack state before cleanup:
        [ESP+00] = 0x001FEF04: 0x00411376 (return addr)
        [ESP+04] = 0x001FEF08: 0x001FEF28 (arg1)
        [ESP+08] = 0x001FEF0C: 0x00000000 (arg2)
        [ESP+12] = 0x001FEF10: 0x00000000 (arg3)
        [ESP+16] = 0x001FEF14: 0x00000000 (arg4)
        [ESP+20] = 0x001FEF18: 0x001FEFFC
      
info: Win32Emu.Emulator[0]
      [Import USER32.DLL!GetMessageA] Stack cleanup: ESP=0x001FEF04, retEIP=0x00411376, argBytes=16, new ESP=0x001FEF18
dbug: Win32Emu.Emulator[0]
      [RegisterValidation] After Import USER32.DLL!GetMessageA: EBX=0F000480 (saved=0F000480, preserved=True), ESI=0F0005F0 (saved=0F0005F0, preserved=True), EDI=0F000600 (saved=0F000600, preserved=True), EBP=0F000470 (saved=0F000470, preserved=True, valid=False, savedValid=False), ESP=001FEF18
dbug: Win32Emu.Emulator[0]
      [Import] Successfully invoked USER32.DLL!GetMessageA
info: Win32Emu.Emulator[0]
      [Import] Direct call to USER32.DLL!TranslateMessage at 0x0F000470
info: Win32Emu.Emulator[0]
      Dispatching USER32.DLL!TranslateMessage at EIP=0x0F000470 ESP=0x001FEF10 stack=81 13 41 00 28 EF 1F 00 FC EF 1F 00 00 00 00 00
info: Win32Emu.Emulator[0]
      [User32] TranslateMessage: HWND=0x00000000 MSG=0x0000 wParam=0x00000000 lParam=0x00000000
info: Win32Emu.Emulator[0]
      [Dispatcher] USER32.DLL!TranslateMessage returned 0x00000000, argBytes=4, convention=Stdcall
info: Win32Emu.Emulator[0]
      [Import USER32.DLL!TranslateMessage] Return address from stack: ESP=0x001FEF10, retEIP=0x00411381
info: Win32Emu.Emulator[0]
      [Import USER32.DLL!TranslateMessage] Stack state before cleanup:
        [ESP+00] = 0x001FEF10: 0x00411381 (return addr)
        [ESP+04] = 0x001FEF14: 0x001FEF28 (arg1)
        [ESP+08] = 0x001FEF18: 0x001FEFFC
        [ESP+12] = 0x001FEF1C: 0x00000000
        [ESP+16] = 0x001FEF20: 0x006E0018
        [ESP+20] = 0x001FEF24: 0x00000000
      
info: Win32Emu.Emulator[0]
      [Import USER32.DLL!TranslateMessage] Stack cleanup: ESP=0x001FEF10, retEIP=0x00411381, argBytes=4, new ESP=0x001FEF18
dbug: Win32Emu.Emulator[0]
      [RegisterValidation] After Import USER32.DLL!TranslateMessage: EBX=0F000480 (saved=0F000480, preserved=True), ESI=0F0005F0 (saved=0F0005F0, preserved=True), EDI=0F000600 (saved=0F000600, preserved=True), EBP=0F000470 (saved=0F000470, preserved=True, valid=False, savedValid=False), ESP=001FEF18
dbug: Win32Emu.Emulator[0]
      [Import] Successfully invoked USER32.DLL!TranslateMessage
info: Win32Emu.Emulator[0]
      [Import] Direct call to USER32.DLL!DispatchMessageA at 0x0F000480
info: Win32Emu.Emulator[0]
      Dispatching USER32.DLL!DispatchMessageA at EIP=0x0F000480 ESP=0x001FEF10 stack=88 13 41 00 28 EF 1F 00 FC EF 1F 00 00 00 00 00
info: Win32Emu.Emulator[0]
      [User32] DispatchMessageA: HWND=0x00000000 MSG=0x0000 wParam=0x00000000 lParam=0x00000000
info: Win32Emu.Emulator[0]
      [User32] DispatchMessageA: No WndProc found for HWND=0x00000000
info: Win32Emu.Emulator[0]
      [Dispatcher] USER32.DLL!DispatchMessageA returned 0x00000000, argBytes=4, convention=Stdcall
info: Win32Emu.Emulator[0]
      [Import USER32.DLL!DispatchMessageA] Return address from stack: ESP=0x001FEF10, retEIP=0x00411388
info: Win32Emu.Emulator[0]
      [Import USER32.DLL!DispatchMessageA] Stack state before cleanup:
        [ESP+00] = 0x001FEF10: 0x00411388 (return addr)
        [ESP+04] = 0x001FEF14: 0x001FEF28 (arg1)
        [ESP+08] = 0x001FEF18: 0x001FEFFC
        [ESP+12] = 0x001FEF1C: 0x00000000
        [ESP+16] = 0x001FEF20: 0x006E0018
        [ESP+20] = 0x001FEF24: 0x00000000
      
info: Win32Emu.Emulator[0]
      [Import USER32.DLL!DispatchMessageA] Stack cleanup: ESP=0x001FEF10, retEIP=0x00411388, argBytes=4, new ESP=0x001FEF18
dbug: Win32Emu.Emulator[0]
      [RegisterValidation] After Import USER32.DLL!DispatchMessageA: EBX=0F000480 (saved=0F000480, preserved=True), ESI=0F0005F0 (saved=0F0005F0, preserved=True), EDI=0F000600 (saved=0F000600, preserved=True), EBP=0F000470 (saved=0F000470, preserved=True, valid=False, savedValid=False), ESP=001FEF18
dbug: Win32Emu.Emulator[0]
      [Import] Successfully invoked USER32.DLL!DispatchMessageA
info: Win32Emu.Emulator[0]
      [Import] Direct call to USER32.DLL!GetMessageA at 0x0F000600
info: Win32Emu.Emulator[0]
      Dispatching USER32.DLL!GetMessageA at EIP=0x0F000600 ESP=0x001FEF04 stack=76 13 41 00 28 EF 1F 00 00 00 00 00 00 00 00 00
info: Win32Emu.Emulator[0]
      [Dispatcher] USER32.DLL!GetMessageA returned 0x00000001, argBytes=16, convention=Stdcall
info: Win32Emu.Emulator[0]
      [Import USER32.DLL!GetMessageA] Return address from stack: ESP=0x001FEF04, retEIP=0x00411376
info: Win32Emu.Emulator[0]
      [Import USER32.DLL!GetMessageA] Stack state before cleanup:
        [ESP+00] = 0x001FEF04: 0x00411376 (return addr)
        [ESP+04] = 0x001FEF08: 0x001FEF28 (arg1)
        [ESP+08] = 0x001FEF0C: 0x00000000 (arg2)
        [ESP+12] = 0x001FEF10: 0x00000000 (arg3)
        [ESP+16] = 0x001FEF14: 0x00000000 (arg4)
        [ESP+20] = 0x001FEF18: 0x001FEFFC
      
info: Win32Emu.Emulator[0]
      [Import USER32.DLL!GetMessageA] Stack cleanup: ESP=0x001FEF04, retEIP=0x00411376, argBytes=16, new ESP=0x001FEF18
dbug: Win32Emu.Emulator[0]
      [RegisterValidation] After Import USER32.DLL!GetMessageA: EBX=0F000480 (saved=0F000480, preserved=True), ESI=0F0005F0 (saved=0F0005F0, preserved=True), EDI=0F000600 (saved=0F000600, preserved=True), EBP=0F000470 (saved=0F000470, preserved=True, valid=False, savedValid=False), ESP=001FEF18
dbug: Win32Emu.Emulator[0]
      [Import] Successfully invoked USER32.DLL!GetMessageA
info: Win32Emu.Emulator[0]
      [Import] Direct call to USER32.DLL!TranslateMessage at 0x0F000470
info: Win32Emu.Emulator[0]
      Dispatching USER32.DLL!TranslateMessage at EIP=0x0F000470 ESP=0x001FEF10 stack=81 13 41 00 28 EF 1F 00 FC EF 1F 00 00 00 00 00
info: Win32Emu.Emulator[0]
      [User32] TranslateMessage: HWND=0x00000000 MSG=0x0000 wParam=0x00000000 lParam=0x00000000
info: Win32Emu.Emulator[0]
      [Dispatcher] USER32.DLL!TranslateMessage returned 0x00000000, argBytes=4, convention=Stdcall
info: Win32Emu.Emulator[0]
      [Import USER32.DLL!TranslateMessage] Return address from stack: ESP=0x001FEF10, retEIP=0x00411381
info: Win32Emu.Emulator[0]
      [Import USER32.DLL!TranslateMessage] Stack state before cleanup:
        [ESP+00] = 0x001FEF10: 0x00411381 (return addr)
        [ESP+04] = 0x001FEF14: 0x001FEF28 (arg1)
        [ESP+08] = 0x001FEF18: 0x001FEFFC
        [ESP+12] = 0x001FEF1C: 0x00000000
        [ESP+16] = 0x001FEF20: 0x006E0018
        [ESP+20] = 0x001FEF24: 0x00000000
      
info: Win32Emu.Emulator[0]
      [Import USER32.DLL!TranslateMessage] Stack cleanup: ESP=0x001FEF10, retEIP=0x00411381, argBytes=4, new ESP=0x001FEF18
dbug: Win32Emu.Emulator[0]
      [RegisterValidation] After Import USER32.DLL!TranslateMessage: EBX=0F000480 (saved=0F000480, preserved=True), ESI=0F0005F0 (saved=0F0005F0, preserved=True), EDI=0F000600 (saved=0F000600, preserved=True), EBP=0F000470 (saved=0F000470, preserved=True, valid=False, savedValid=False), ESP=001FEF18
dbug: Win32Emu.Emulator[0]
      [Import] Successfully invoked USER32.DLL!TranslateMessage
info: Win32Emu.Emulator[0]
      [Import] Direct call to USER32.DLL!DispatchMessageA at 0x0F000480
info: Win32Emu.Emulator[0]
      Dispatching USER32.DLL!DispatchMessageA at EIP=0x0F000480 ESP=0x001FEF10 stack=88 13 41 00 28 EF 1F 00 FC EF 1F 00 00 00 00 00
info: Win32Emu.Emulator[0]
      [User32] DispatchMessageA: HWND=0x00000000 MSG=0x0000 wParam=0x00000000 lParam=0x00000000
info: Win32Emu.Emulator[0]
      [User32] DispatchMessageA: No WndProc found for HWND=0x00000000
info: Win32Emu.Emulator[0]
      [Dispatcher] USER32.DLL!DispatchMessageA returned 0x00000000, argBytes=4, convention=Stdcall
info: Win32Emu.Emulator[0]
      [Import USER32.DLL!DispatchMessageA] Return address from stack: ESP=0x001FEF10, retEIP=0x00411388
info: Win32Emu.Emulator[0]
      [Import USER32.DLL!DispatchMessageA] Stack state before cleanup:
        [ESP+00] = 0x001FEF10: 0x00411388 (return addr)
        [ESP+04] = 0x001FEF14: 0x001FEF28 (arg1)
        [ESP+08] = 0x001FEF18: 0x001FEFFC
        [ESP+12] = 0x001FEF1C: 0x00000000
        [ESP+16] = 0x001FEF20: 0x006E0018
        [ESP+20] = 0x001FEF24: 0x00000000
      
info: Win32Emu.Emulator[0]
      [Import USER32.DLL!DispatchMessageA] Stack cleanup: ESP=0x001FEF10, retEIP=0x00411388, argBytes=4, new ESP=0x001FEF18
dbug: Win32Emu.Emulator[0]
      [RegisterValidation] After Import USER32.DLL!DispatchMessageA: EBX=0F000480 (saved=0F000480, preserved=True), ESI=0F0005F0 (saved=0F0005F0, preserved=True), EDI=0F000600 (saved=0F000600, preserved=True), EBP=0F000470 (saved=0F000470, preserved=True, valid=False, savedValid=False), ESP=001FEF18
dbug: Win32Emu.Emulator[0]
      [Import] Successfully invoked USER32.DLL!DispatchMessageA
info: Win32Emu.Emulator[0]
      [Import] Direct call to USER32.DLL!GetMessageA at 0x0F000600
info: Win32Emu.Emulator[0]
      Dispatching USER32.DLL!GetMessageA at EIP=0x0F000600 ESP=0x001FEF04 stack=76 13 41 00 28 EF 1F 00 00 00 00 00 00 00 00 00
info: Win32Emu.Emulator[0]
      [Dispatcher] USER32.DLL!GetMessageA returned 0x00000001, argBytes=16, convention=Stdcall
info: Win32Emu.Emulator[0]
      [Import USER32.DLL!GetMessageA] Return address from stack: ESP=0x001FEF04, retEIP=0x00411376
info: Win32Emu.Emulator[0]
      [Import USER32.DLL!GetMessageA] Stack state before cleanup:
        [ESP+00] = 0x001FEF04: 0x00411376 (return addr)
        [ESP+04] = 0x001FEF08: 0x001FEF28 (arg1)
        [ESP+08] = 0x001FEF0C: 0x00000000 (arg2)
        [ESP+12] = 0x001FEF10: 0x00000000 (arg3)
        [ESP+16] = 0x001FEF14: 0x00000000 (arg4)
        [ESP+20] = 0x001FEF18: 0x001FEFFC
      
info: Win32Emu.Emulator[0]
      [Import USER32.DLL!GetMessageA] Stack cleanup: ESP=0x001FEF04, retEIP=0x00411376, argBytes=16, new ESP=0x001FEF18
dbug: Win32Emu.Emulator[0]
      [RegisterValidation] After Import USER32.DLL!GetMessageA: EBX=0F000480 (saved=0F000480, preserved=True), ESI=0F0005F0 (saved=0F0005F0, preserved=True), EDI=0F000600 (saved=0F000600, preserved=True), EBP=0F000470 (saved=0F000470, preserved=True, valid=False, savedValid=False), ESP=001FEF18
dbug: Win32Emu.Emulator[0]
      [Import] Successfully invoked USER32.DLL!GetMessageA
info: Win32Emu.Emulator[0]
      [Import] Direct call to USER32.DLL!TranslateMessage at 0x0F000470
info: Win32Emu.Emulator[0]
      Dispatching USER32.DLL!TranslateMessage at EIP=0x0F000470 ESP=0x001FEF10 stack=81 13 41 00 28 EF 1F 00 FC EF 1F 00 00 00 00 00
info: Win32Emu.Emulator[0]
      [User32] TranslateMessage: HWND=0x00000000 MSG=0x0000 wParam=0x00000000 lParam=0x00000000
info: Win32Emu.Emulator[0]
      [Dispatcher] USER32.DLL!TranslateMessage returned 0x00000000, argBytes=4, convention=Stdcall
info: Win32Emu.Emulator[0]
      [Import USER32.DLL!TranslateMessage] Return address from stack: ESP=0x001FEF10, retEIP=0x00411381
info: Win32Emu.Emulator[0]
      [Import USER32.DLL!TranslateMessage] Stack state before cleanup:
        [ESP+00] = 0x001FEF10: 0x00411381 (return addr)
        [ESP+04] = 0x001FEF14: 0x001FEF28 (arg1)
        [ESP+08] = 0x001FEF18: 0x001FEFFC
        [ESP+12] = 0x001FEF1C: 0x00000000
        [ESP+16] = 0x001FEF20: 0x006E0018
        [ESP+20] = 0x001FEF24: 0x00000000
      
info: Win32Emu.Emulator[0]
      [Import USER32.DLL!TranslateMessage] Stack cleanup: ESP=0x001FEF10, retEIP=0x00411381, argBytes=4, new ESP=0x001FEF18
dbug: Win32Emu.Emulator[0]
      [RegisterValidation] After Import USER32.DLL!TranslateMessage: EBX=0F000480 (saved=0F000480, preserved=True), ESI=0F0005F0 (saved=0F0005F0, preserved=True), EDI=0F000600 (saved=0F000600, preserved=True), EBP=0F000470 (saved=0F000470, preserved=True, valid=False, savedValid=False), ESP=001FEF18
dbug: Win32Emu.Emulator[0]
      [Import] Successfully invoked USER32.DLL!TranslateMessage
info: Win32Emu.Emulator[0]
      [Import] Direct call to USER32.DLL!DispatchMessageA at 0x0F000480
info: Win32Emu.Emulator[0]
      Dispatching USER32.DLL!DispatchMessageA at EIP=0x0F000480 ESP=0x001FEF10 stack=88 13 41 00 28 EF 1F 00 FC EF 1F 00 00 00 00 00
info: Win32Emu.Emulator[0]
      [User32] DispatchMessageA: HWND=0x00000000 MSG=0x0000 wParam=0x00000000 lParam=0x00000000
info: Win32Emu.Emulator[0]
      [User32] DispatchMessageA: No WndProc found for HWND=0x00000000
info: Win32Emu.Emulator[0]
      [Dispatcher] USER32.DLL!DispatchMessageA returned 0x00000000, argBytes=4, convention=Stdcall
info: Win32Emu.Emulator[0]
      [Import USER32.DLL!DispatchMessageA] Return address from stack: ESP=0x001FEF10, retEIP=0x00411388
info: Win32Emu.Emulator[0]
      [Import USER32.DLL!DispatchMessageA] Stack state before cleanup:
        [ESP+00] = 0x001FEF10: 0x00411388 (return addr)
        [ESP+04] = 0x001FEF14: 0x001FEF28 (arg1)
        [ESP+08] = 0x001FEF18: 0x001FEFFC
        [ESP+12] = 0x001FEF1C: 0x00000000
        [ESP+16] = 0x001FEF20: 0x006E0018
        [ESP+20] = 0x001FEF24: 0x00000000
      
info: Win32Emu.Emulator[0]
      [Import USER32.DLL!DispatchMessageA] Stack cleanup: ESP=0x001FEF10, retEIP=0x00411388, argBytes=4, new ESP=0x001FEF18
dbug: Win32Emu.Emulator[0]
      [RegisterValidation] After Import USER32.DLL!DispatchMessageA: EBX=0F000480 (saved=0F000480, preserved=True), ESI=0F0005F0 (saved=0F0005F0, preserved=True), EDI=0F000600 (saved=0F000600, preserved=True), EBP=0F000470 (saved=0F000470, preserved=True, valid=False, savedValid=False), ESP=001FEF18
dbug: Win32Emu.Emulator[0]
      [Import] Successfully invoked USER32.DLL!DispatchMessageA
info: Win32Emu.Emulator[0]
      [Import] Direct call to USER32.DLL!GetMessageA at 0x0F000600
info: Win32Emu.Emulator[0]
      Dispatching USER32.DLL!GetMessageA at EIP=0x0F000600 ESP=0x001FEF04 stack=76 13 41 00 28 EF 1F 00 00 00 00 00 00 00 00 00
info: Win32Emu.Emulator[0]
      [Dispatcher] USER32.DLL!GetMessageA returned 0x00000001, argBytes=16, convention=Stdcall
info: Win32Emu.Emulator[0]
      [Import USER32.DLL!GetMessageA] Return address from stack: ESP=0x001FEF04, retEIP=0x00411376
info: Win32Emu.Emulator[0]
      [Import USER32.DLL!GetMessageA] Stack state before cleanup:
        [ESP+00] = 0x001FEF04: 0x00411376 (return addr)
        [ESP+04] = 0x001FEF08: 0x001FEF28 (arg1)
        [ESP+08] = 0x001FEF0C: 0x00000000 (arg2)
        [ESP+12] = 0x001FEF10: 0x00000000 (arg3)
        [ESP+16] = 0x001FEF14: 0x00000000 (arg4)
        [ESP+20] = 0x001FEF18: 0x001FEFFC
      
info: Win32Emu.Emulator[0]
      [Import USER32.DLL!GetMessageA] Stack cleanup: ESP=0x001FEF04, retEIP=0x00411376, argBytes=16, new ESP=0x001FEF18
dbug: Win32Emu.Emulator[0]
      [RegisterValidation] After Import USER32.DLL!GetMessageA: EBX=0F000480 (saved=0F000480, preserved=True), ESI=0F0005F0 (saved=0F0005F0, preserved=True), EDI=0F000600 (saved=0F000600, preserved=True), EBP=0F000470 (saved=0F000470, preserved=True, valid=False, savedValid=False), ESP=001FEF18
dbug: Win32Emu.Emulator[0]
      [Import] Successfully invoked USER32.DLL!GetMessageA
info: Win32Emu.Emulator[0]
      [Import] Direct call to USER32.DLL!TranslateMessage at 0x0F000470
info: Win32Emu.Emulator[0]
      Dispatching USER32.DLL!TranslateMessage at EIP=0x0F000470 ESP=0x001FEF10 stack=81 13 41 00 28 EF 1F 00 FC EF 1F 00 00 00 00 00
info: Win32Emu.Emulator[0]
      [User32] TranslateMessage: HWND=0x00000000 MSG=0x0000 wParam=0x00000000 lParam=0x00000000
info: Win32Emu.Emulator[0]
      [Dispatcher] USER32.DLL!TranslateMessage returned 0x00000000, argBytes=4, convention=Stdcall
info: Win32Emu.Emulator[0]
      [Import USER32.DLL!TranslateMessage] Return address from stack: ESP=0x001FEF10, retEIP=0x00411381
info: Win32Emu.Emulator[0]
      [Import USER32.DLL!TranslateMessage] Stack state before cleanup:
        [ESP+00] = 0x001FEF10: 0x00411381 (return addr)
        [ESP+04] = 0x001FEF14: 0x001FEF28 (arg1)
        [ESP+08] = 0x001FEF18: 0x001FEFFC
        [ESP+12] = 0x001FEF1C: 0x00000000
        [ESP+16] = 0x001FEF20: 0x006E0018
        [ESP+20] = 0x001FEF24: 0x00000000
      
info: Win32Emu.Emulator[0]
      [Import USER32.DLL!TranslateMessage] Stack cleanup: ESP=0x001FEF10, retEIP=0x00411381, argBytes=4, new ESP=0x001FEF18
dbug: Win32Emu.Emulator[0]
      [RegisterValidation] After Import USER32.DLL!TranslateMessage: EBX=0F000480 (saved=0F000480, preserved=True), ESI=0F0005F0 (saved=0F0005F0, preserved=True), EDI=0F000600 (saved=0F000600, preserved=True), EBP=0F000470 (saved=0F000470, preserved=True, valid=False, savedValid=False), ESP=001FEF18
dbug: Win32Emu.Emulator[0]
      [Import] Successfully invoked USER32.DLL!TranslateMessage
info: Win32Emu.Emulator[0]
      [Import] Direct call to USER32.DLL!DispatchMessageA at 0x0F000480
info: Win32Emu.Emulator[0]
      Dispatching USER32.DLL!DispatchMessageA at EIP=0x0F000480 ESP=0x001FEF10 stack=88 13 41 00 28 EF 1F 00 FC EF 1F 00 00 00 00 00
info: Win32Emu.Emulator[0]
      [User32] DispatchMessageA: HWND=0x00000000 MSG=0x0000 wParam=0x00000000 lParam=0x00000000
info: Win32Emu.Emulator[0]
      [User32] DispatchMessageA: No WndProc found for HWND=0x00000000
info: Win32Emu.Emulator[0]
      [Dispatcher] USER32.DLL!DispatchMessageA returned 0x00000000, argBytes=4, convention=Stdcall
info: Win32Emu.Emulator[0]
      [Import USER32.DLL!DispatchMessageA] Return address from stack: ESP=0x001FEF10, retEIP=0x00411388
info: Win32Emu.Emulator[0]
      [Import USER32.DLL!DispatchMessageA] Stack state before cleanup:
        [ESP+00] = 0x001FEF10: 0x00411388 (return addr)
        [ESP+04] = 0x001FEF14: 0x001FEF28 (arg1)
        [ESP+08] = 0x001FEF18: 0x001FEFFC
        [ESP+12] = 0x001FEF1C: 0x00000000
        [ESP+16] = 0x001FEF20: 0x006E0018
        [ESP+20] = 0x001FEF24: 0x00000000
      
info: Win32Emu.Emulator[0]
      [Import USER32.DLL!DispatchMessageA] Stack cleanup: ESP=0x001FEF10, retEIP=0x00411388, argBytes=4, new ESP=0x001FEF18
dbug: Win32Emu.Emulator[0]
      [RegisterValidation] After Import USER32.DLL!DispatchMessageA: EBX=0F000480 (saved=0F000480, preserved=True), ESI=0F0005F0 (saved=0F0005F0, preserved=True), EDI=0F000600 (saved=0F000600, preserved=True), EBP=0F000470 (saved=0F000470, preserved=True, valid=False, savedValid=False), ESP=001FEF18
dbug: Win32Emu.Emulator[0]
      [Import] Successfully invoked USER32.DLL!DispatchMessageA
info: Win32Emu.Emulator[0]
      [Import] Direct call to USER32.DLL!GetMessageA at 0x0F000600
info: Win32Emu.Emulator[0]
      Dispatching USER32.DLL!GetMessageA at EIP=0x0F000600 ESP=0x001FEF04 stack=76 13 41 00 28 EF 1F 00 00 00 00 00 00 00 00 00
info: Win32Emu.Emulator[0]
      [Dispatcher] USER32.DLL!GetMessageA returned 0x00000001, argBytes=16, convention=Stdcall
info: Win32Emu.Emulator[0]
      [Import USER32.DLL!GetMessageA] Return address from stack: ESP=0x001FEF04, retEIP=0x00411376
info: Win32Emu.Emulator[0]
      [Import USER32.DLL!GetMessageA] Stack state before cleanup:
        [ESP+00] = 0x001FEF04: 0x00411376 (return addr)
        [ESP+04] = 0x001FEF08: 0x001FEF28 (arg1)
        [ESP+08] = 0x001FEF0C: 0x00000000 (arg2)
        [ESP+12] = 0x001FEF10: 0x00000000 (arg3)
        [ESP+16] = 0x001FEF14: 0x00000000 (arg4)
        [ESP+20] = 0x001FEF18: 0x001FEFFC
      
info: Win32Emu.Emulator[0]
      [Import USER32.DLL!GetMessageA] Stack cleanup: ESP=0x001FEF04, retEIP=0x00411376, argBytes=16, new ESP=0x001FEF18
dbug: Win32Emu.Emulator[0]
      [RegisterValidation] After Import USER32.DLL!GetMessageA: EBX=0F000480 (saved=0F000480, preserved=True), ESI=0F0005F0 (saved=0F0005F0, preserved=True), EDI=0F000600 (saved=0F000600, preserved=True), EBP=0F000470 (saved=0F000470, preserved=True, valid=False, savedValid=False), ESP=001FEF18
dbug: Win32Emu.Emulator[0]
      [Import] Successfully invoked USER32.DLL!GetMessageA
info: Win32Emu.Emulator[0]
      [Import] Direct call to USER32.DLL!TranslateMessage at 0x0F000470
info: Win32Emu.Emulator[0]
      Dispatching USER32.DLL!TranslateMessage at EIP=0x0F000470 ESP=0x001FEF10 stack=81 13 41 00 28 EF 1F 00 FC EF 1F 00 00 00 00 00
info: Win32Emu.Emulator[0]
      [User32] TranslateMessage: HWND=0x00000000 MSG=0x0000 wParam=0x00000000 lParam=0x00000000
info: Win32Emu.Emulator[0]
      [Dispatcher] USER32.DLL!TranslateMessage returned 0x00000000, argBytes=4, convention=Stdcall
info: Win32Emu.Emulator[0]
      [Import USER32.DLL!TranslateMessage] Return address from stack: ESP=0x001FEF10, retEIP=0x00411381
info: Win32Emu.Emulator[0]
      [Import USER32.DLL!TranslateMessage] Stack state before cleanup:
        [ESP+00] = 0x001FEF10: 0x00411381 (return addr)
        [ESP+04] = 0x001FEF14: 0x001FEF28 (arg1)
        [ESP+08] = 0x001FEF18: 0x001FEFFC
        [ESP+12] = 0x001FEF1C: 0x00000000
        [ESP+16] = 0x001FEF20: 0x006E0018
        [ESP+20] = 0x001FEF24: 0x00000000
      
info: Win32Emu.Emulator[0]
      [Import USER32.DLL!TranslateMessage] Stack cleanup: ESP=0x001FEF10, retEIP=0x00411381, argBytes=4, new ESP=0x001FEF18
dbug: Win32Emu.Emulator[0]
      [RegisterValidation] After Import USER32.DLL!TranslateMessage: EBX=0F000480 (saved=0F000480, preserved=True), ESI=0F0005F0 (saved=0F0005F0, preserved=True), EDI=0F000600 (saved=0F000600, preserved=True), EBP=0F000470 (saved=0F000470, preserved=True, valid=False, savedValid=False), ESP=001FEF18
dbug: Win32Emu.Emulator[0]
      [Import] Successfully invoked USER32.DLL!TranslateMessage
info: Win32Emu.Emulator[0]
      [Import] Direct call to USER32.DLL!DispatchMessageA at 0x0F000480
info: Win32Emu.Emulator[0]
      Dispatching USER32.DLL!DispatchMessageA at EIP=0x0F000480 ESP=0x001FEF10 stack=88 13 41 00 28 EF 1F 00 FC EF 1F 00 00 00 00 00
info: Win32Emu.Emulator[0]
      [User32] DispatchMessageA: HWND=0x00000000 MSG=0x0000 wParam=0x00000000 lParam=0x00000000
info: Win32Emu.Emulator[0]
      [User32] DispatchMessageA: No WndProc found for HWND=0x00000000
info: Win32Emu.Emulator[0]
      [Dispatcher] USER32.DLL!DispatchMessageA returned 0x00000000, argBytes=4, convention=Stdcall
info: Win32Emu.Emulator[0]
      [Import USER32.DLL!DispatchMessageA] Return address from stack: ESP=0x001FEF10, retEIP=0x00411388
info: Win32Emu.Emulator[0]
      [Import USER32.DLL!DispatchMessageA] Stack state before cleanup:
        [ESP+00] = 0x001FEF10: 0x00411388 (return addr)
        [ESP+04] = 0x001FEF14: 0x001FEF28 (arg1)
        [ESP+08] = 0x001FEF18: 0x001FEFFC
        [ESP+12] = 0x001FEF1C: 0x00000000
        [ESP+16] = 0x001FEF20: 0x006E0018
        [ESP+20] = 0x001FEF24: 0x00000000
      
info: Win32Emu.Emulator[0]
      [Import USER32.DLL!DispatchMessageA] Stack cleanup: ESP=0x001FEF10, retEIP=0x00411388, argBytes=4, new ESP=0x001FEF18
dbug: Win32Emu.Emulator[0]
      [RegisterValidation] After Import USER32.DLL!DispatchMessageA: EBX=0F000480 (saved=0F000480, preserved=True), ESI=0F0005F0 (saved=0F0005F0, preserved=True), EDI=0F000600 (saved=0F000600, preserved=True), EBP=0F000470 (saved=0F000470, preserved=True, valid=False, savedValid=False), ESP=001FEF18
dbug: Win32Emu.Emulator[0]
      [Import] Successfully invoked USER32.DLL!DispatchMessageA
info: Win32Emu.Emulator[0]
      [Import] Direct call to USER32.DLL!GetMessageA at 0x0F000600
info: Win32Emu.Emulator[0]
      Dispatching USER32.DLL!GetMessageA at EIP=0x0F000600 ESP=0x001FEF04 stack=76 13 41 00 28 EF 1F 00 00 00 00 00 00 00 00 00
info: Win32Emu.Emulator[0]
      [Dispatcher] USER32.DLL!GetMessageA returned 0x00000001, argBytes=16, convention=Stdcall
info: Win32Emu.Emulator[0]
      [Import USER32.DLL!GetMessageA] Return address from stack: ESP=0x001FEF04, retEIP=0x00411376
info: Win32Emu.Emulator[0]
      [Import USER32.DLL!GetMessageA] Stack state before cleanup:
        [ESP+00] = 0x001FEF04: 0x00411376 (return addr)
        [ESP+04] = 0x001FEF08: 0x001FEF28 (arg1)
        [ESP+08] = 0x001FEF0C: 0x00000000 (arg2)
        [ESP+12] = 0x001FEF10: 0x00000000 (arg3)
        [ESP+16] = 0x001FEF14: 0x00000000 (arg4)
        [ESP+20] = 0x001FEF18: 0x001FEFFC
      
info: Win32Emu.Emulator[0]
      [Import USER32.DLL!GetMessageA] Stack cleanup: ESP=0x001FEF04, retEIP=0x00411376, argBytes=16, new ESP=0x001FEF18
dbug: Win32Emu.Emulator[0]
      [RegisterValidation] After Import USER32.DLL!GetMessageA: EBX=0F000480 (saved=0F000480, preserved=True), ESI=0F0005F0 (saved=0F0005F0, preserved=True), EDI=0F000600 (saved=0F000600, preserved=True), EBP=0F000470 (saved=0F000470, preserved=True, valid=False, savedValid=False), ESP=001FEF18
dbug: Win32Emu.Emulator[0]
      [Import] Successfully invoked USER32.DLL!GetMessageA
info: Win32Emu.Emulator[0]
      [Import] Direct call to USER32.DLL!TranslateMessage at 0x0F000470
info: Win32Emu.Emulator[0]
      Dispatching USER32.DLL!TranslateMessage at EIP=0x0F000470 ESP=0x001FEF10 stack=81 13 41 00 28 EF 1F 00 FC EF 1F 00 00 00 00 00
info: Win32Emu.Emulator[0]
      [User32] TranslateMessage: HWND=0x00000000 MSG=0x0000 wParam=0x00000000 lParam=0x00000000
info: Win32Emu.Emulator[0]
      [Dispatcher] USER32.DLL!TranslateMessage returned 0x00000000, argBytes=4, convention=Stdcall
info: Win32Emu.Emulator[0]
      [Import USER32.DLL!TranslateMessage] Return address from stack: ESP=0x001FEF10, retEIP=0x00411381
info: Win32Emu.Emulator[0]
      [Import USER32.DLL!TranslateMessage] Stack state before cleanup:
        [ESP+00] = 0x001FEF10: 0x00411381 (return addr)
        [ESP+04] = 0x001FEF14: 0x001FEF28 (arg1)
        [ESP+08] = 0x001FEF18: 0x001FEFFC
        [ESP+12] = 0x001FEF1C: 0x00000000
        [ESP+16] = 0x001FEF20: 0x006E0018
        [ESP+20] = 0x001FEF24: 0x00000000
      
info: Win32Emu.Emulator[0]
      [Import USER32.DLL!TranslateMessage] Stack cleanup: ESP=0x001FEF10, retEIP=0x00411381, argBytes=4, new ESP=0x001FEF18
dbug: Win32Emu.Emulator[0]
      [RegisterValidation] After Import USER32.DLL!TranslateMessage: EBX=0F000480 (saved=0F000480, preserved=True), ESI=0F0005F0 (saved=0F0005F0, preserved=True), EDI=0F000600 (saved=0F000600, preserved=True), EBP=0F000470 (saved=0F000470, preserved=True, valid=False, savedValid=False), ESP=001FEF18
dbug: Win32Emu.Emulator[0]
      [Import] Successfully invoked USER32.DLL!TranslateMessage
info: Win32Emu.Emulator[0]
      [Import] Direct call to USER32.DLL!DispatchMessageA at 0x0F000480
info: Win32Emu.Emulator[0]
      Dispatching USER32.DLL!DispatchMessageA at EIP=0x0F000480 ESP=0x001FEF10 stack=88 13 41 00 28 EF 1F 00 FC EF 1F 00 00 00 00 00
info: Win32Emu.Emulator[0]
      [User32] DispatchMessageA: HWND=0x00000000 MSG=0x0000 wParam=0x00000000 lParam=0x00000000
info: Win32Emu.Emulator[0]
      [User32] DispatchMessageA: No WndProc found for HWND=0x00000000
info: Win32Emu.Emulator[0]
      [Dispatcher] USER32.DLL!DispatchMessageA returned 0x00000000, argBytes=4, convention=Stdcall
info: Win32Emu.Emulator[0]
      [Import USER32.DLL!DispatchMessageA] Return address from stack: ESP=0x001FEF10, retEIP=0x00411388
info: Win32Emu.Emulator[0]
      [Import USER32.DLL!DispatchMessageA] Stack state before cleanup:
        [ESP+00] = 0x001FEF10: 0x00411388 (return addr)
        [ESP+04] = 0x001FEF14: 0x001FEF28 (arg1)
        [ESP+08] = 0x001FEF18: 0x001FEFFC
        [ESP+12] = 0x001FEF1C: 0x00000000
        [ESP+16] = 0x001FEF20: 0x006E0018
        [ESP+20] = 0x001FEF24: 0x00000000
      
info: Win32Emu.Emulator[0]
      [Import USER32.DLL!DispatchMessageA] Stack cleanup: ESP=0x001FEF10, retEIP=0x00411388, argBytes=4, new ESP=0x001FEF18
dbug: Win32Emu.Emulator[0]
      [RegisterValidation] After Import USER32.DLL!DispatchMessageA: EBX=0F000480 (saved=0F000480, preserved=True), ESI=0F0005F0 (saved=0F0005F0, preserved=True), EDI=0F000600 (saved=0F000600, preserved=True), EBP=0F000470 (saved=0F000470, preserved=True, valid=False, savedValid=False), ESP=001FEF18
dbug: Win32Emu.Emulator[0]
      [Import] Successfully invoked USER32.DLL!DispatchMessageA
info: Win32Emu.Emulator[0]
      [Import] Direct call to USER32.DLL!GetMessageA at 0x0F000600
info: Win32Emu.Emulator[0]
      Dispatching USER32.DLL!GetMessageA at EIP=0x0F000600 ESP=0x001FEF04 stack=76 13 41 00 28 EF 1F 00 00 00 00 00 00 00 00 00
info: Win32Emu.Emulator[0]
      [Dispatcher] USER32.DLL!GetMessageA returned 0x00000001, argBytes=16, convention=Stdcall
info: Win32Emu.Emulator[0]
      [Import USER32.DLL!GetMessageA] Return address from stack: ESP=0x001FEF04, retEIP=0x00411376
info: Win32Emu.Emulator[0]
      [Import USER32.DLL!GetMessageA] Stack state before cleanup:
        [ESP+00] = 0x001FEF04: 0x00411376 (return addr)
        [ESP+04] = 0x001FEF08: 0x001FEF28 (arg1)
        [ESP+08] = 0x001FEF0C: 0x00000000 (arg2)
        [ESP+12] = 0x001FEF10: 0x00000000 (arg3)
        [ESP+16] = 0x001FEF14: 0x00000000 (arg4)
        [ESP+20] = 0x001FEF18: 0x001FEFFC
      
info: Win32Emu.Emulator[0]
      [Import USER32.DLL!GetMessageA] Stack cleanup: ESP=0x001FEF04, retEIP=0x00411376, argBytes=16, new ESP=0x001FEF18
dbug: Win32Emu.Emulator[0]
      [RegisterValidation] After Import USER32.DLL!GetMessageA: EBX=0F000480 (saved=0F000480, preserved=True), ESI=0F0005F0 (saved=0F0005F0, preserved=True), EDI=0F000600 (saved=0F000600, preserved=True), EBP=0F000470 (saved=0F000470, preserved=True, valid=False, savedValid=False), ESP=001FEF18
dbug: Win32Emu.Emulator[0]
      [Import] Successfully invoked USER32.DLL!GetMessageA
info: Win32Emu.Emulator[0]
      [Import] Direct call to USER32.DLL!TranslateMessage at 0x0F000470
info: Win32Emu.Emulator[0]
      Dispatching USER32.DLL!TranslateMessage at EIP=0x0F000470 ESP=0x001FEF10 stack=81 13 41 00 28 EF 1F 00 FC EF 1F 00 00 00 00 00
info: Win32Emu.Emulator[0]
      [User32] TranslateMessage: HWND=0x00000000 MSG=0x0000 wParam=0x00000000 lParam=0x00000000
info: Win32Emu.Emulator[0]
      [Dispatcher] USER32.DLL!TranslateMessage returned 0x00000000, argBytes=4, convention=Stdcall
info: Win32Emu.Emulator[0]
      [Import USER32.DLL!TranslateMessage] Return address from stack: ESP=0x001FEF10, retEIP=0x00411381
info: Win32Emu.Emulator[0]
      [Import USER32.DLL!TranslateMessage] Stack state before cleanup:
        [ESP+00] = 0x001FEF10: 0x00411381 (return addr)
        [ESP+04] = 0x001FEF14: 0x001FEF28 (arg1)
        [ESP+08] = 0x001FEF18: 0x001FEFFC
        [ESP+12] = 0x001FEF1C: 0x00000000
        [ESP+16] = 0x001FEF20: 0x006E0018
        [ESP+20] = 0x001FEF24: 0x00000000
      
info: Win32Emu.Emulator[0]
      [Import USER32.DLL!TranslateMessage] Stack cleanup: ESP=0x001FEF10, retEIP=0x00411381, argBytes=4, new ESP=0x001FEF18
dbug: Win32Emu.Emulator[0]
      [RegisterValidation] After Import USER32.DLL!TranslateMessage: EBX=0F000480 (saved=0F000480, preserved=True), ESI=0F0005F0 (saved=0F0005F0, preserved=True), EDI=0F000600 (saved=0F000600, preserved=True), EBP=0F000470 (saved=0F000470, preserved=True, valid=False, savedValid=False), ESP=001FEF18
dbug: Win32Emu.Emulator[0]
      [Import] Successfully invoked USER32.DLL!TranslateMessage
info: Win32Emu.Emulator[0]
      [Import] Direct call to USER32.DLL!DispatchMessageA at 0x0F000480
info: Win32Emu.Emulator[0]
      Dispatching USER32.DLL!DispatchMessageA at EIP=0x0F000480 ESP=0x001FEF10 stack=88 13 41 00 28 EF 1F 00 FC EF 1F 00 00 00 00 00
info: Win32Emu.Emulator[0]
      [User32] DispatchMessageA: HWND=0x00000000 MSG=0x0000 wParam=0x00000000 lParam=0x00000000
info: Win32Emu.Emulator[0]
      [User32] DispatchMessageA: No WndProc found for HWND=0x00000000
info: Win32Emu.Emulator[0]
      [Dispatcher] USER32.DLL!DispatchMessageA returned 0x00000000, argBytes=4, convention=Stdcall
info: Win32Emu.Emulator[0]
      [Import USER32.DLL!DispatchMessageA] Return address from stack: ESP=0x001FEF10, retEIP=0x00411388
info: Win32Emu.Emulator[0]
      [Import USER32.DLL!DispatchMessageA] Stack state before cleanup:
        [ESP+00] = 0x001FEF10: 0x00411388 (return addr)
        [ESP+04] = 0x001FEF14: 0x001FEF28 (arg1)
        [ESP+08] = 0x001FEF18: 0x001FEFFC
        [ESP+12] = 0x001FEF1C: 0x00000000
        [ESP+16] = 0x001FEF20: 0x006E0018
        [ESP+20] = 0x001FEF24: 0x00000000
      
info: Win32Emu.Emulator[0]
      [Import USER32.DLL!DispatchMessageA] Stack cleanup: ESP=0x001FEF10, retEIP=0x00411388, argBytes=4, new ESP=0x001FEF18
dbug: Win32Emu.Emulator[0]
      [RegisterValidation] After Import USER32.DLL!DispatchMessageA: EBX=0F000480 (saved=0F000480, preserved=True), ESI=0F0005F0 (saved=0F0005F0, preserved=True), EDI=0F000600 (saved=0F000600, preserved=True), EBP=0F000470 (saved=0F000470, preserved=True, valid=False, savedValid=False), ESP=001FEF18
dbug: Win32Emu.Emulator[0]
      [Import] Successfully invoked USER32.DLL!DispatchMessageA
info: Win32Emu.Emulator[0]
      [Import] Direct call to USER32.DLL!GetMessageA at 0x0F000600
info: Win32Emu.Emulator[0]
      Dispatching USER32.DLL!GetMessageA at EIP=0x0F000600 ESP=0x001FEF04 stack=76 13 41 00 28 EF 1F 00 00 00 00 00 00 00 00 00
info: Win32Emu.Emulator[0]
      [Dispatcher] USER32.DLL!GetMessageA returned 0x00000001, argBytes=16, convention=Stdcall
info: Win32Emu.Emulator[0]
      [Import USER32.DLL!GetMessageA] Return address from stack: ESP=0x001FEF04, retEIP=0x00411376
info: Win32Emu.Emulator[0]
      [Import USER32.DLL!GetMessageA] Stack state before cleanup:
        [ESP+00] = 0x001FEF04: 0x00411376 (return addr)
        [ESP+04] = 0x001FEF08: 0x001FEF28 (arg1)
        [ESP+08] = 0x001FEF0C: 0x00000000 (arg2)
        [ESP+12] = 0x001FEF10: 0x00000000 (arg3)
        [ESP+16] = 0x001FEF14: 0x00000000 (arg4)
        [ESP+20] = 0x001FEF18: 0x001FEFFC
      
info: Win32Emu.Emulator[0]
      [Import USER32.DLL!GetMessageA] Stack cleanup: ESP=0x001FEF04, retEIP=0x00411376, argBytes=16, new ESP=0x001FEF18
dbug: Win32Emu.Emulator[0]
      [RegisterValidation] After Import USER32.DLL!GetMessageA: EBX=0F000480 (saved=0F000480, preserved=True), ESI=0F0005F0 (saved=0F0005F0, preserved=True), EDI=0F000600 (saved=0F000600, preserved=True), EBP=0F000470 (saved=0F000470, preserved=True, valid=False, savedValid=False), ESP=001FEF18
dbug: Win32Emu.Emulator[0]
      [Import] Successfully invoked USER32.DLL!GetMessageA
info: Win32Emu.Emulator[0]
      [Import] Direct call to USER32.DLL!TranslateMessage at 0x0F000470
info: Win32Emu.Emulator[0]
      Dispatching USER32.DLL!TranslateMessage at EIP=0x0F000470 ESP=0x001FEF10 stack=81 13 41 00 28 EF 1F 00 FC EF 1F 00 00 00 00 00
info: Win32Emu.Emulator[0]
      [User32] TranslateMessage: HWND=0x00000000 MSG=0x0000 wParam=0x00000000 lParam=0x00000000
info: Win32Emu.Emulator[0]
      [Dispatcher] USER32.DLL!TranslateMessage returned 0x00000000, argBytes=4, convention=Stdcall
info: Win32Emu.Emulator[0]
      [Import USER32.DLL!TranslateMessage] Return address from stack: ESP=0x001FEF10, retEIP=0x00411381
info: Win32Emu.Emulator[0]
      [Import USER32.DLL!TranslateMessage] Stack state before cleanup:
        [ESP+00] = 0x001FEF10: 0x00411381 (return addr)
        [ESP+04] = 0x001FEF14: 0x001FEF28 (arg1)
        [ESP+08] = 0x001FEF18: 0x001FEFFC
        [ESP+12] = 0x001FEF1C: 0x00000000
        [ESP+16] = 0x001FEF20: 0x006E0018
        [ESP+20] = 0x001FEF24: 0x00000000
      
info: Win32Emu.Emulator[0]
      [Import USER32.DLL!TranslateMessage] Stack cleanup: ESP=0x001FEF10, retEIP=0x00411381, argBytes=4, new ESP=0x001FEF18
dbug: Win32Emu.Emulator[0]
      [RegisterValidation] After Import USER32.DLL!TranslateMessage: EBX=0F000480 (saved=0F000480, preserved=True), ESI=0F0005F0 (saved=0F0005F0, preserved=True), EDI=0F000600 (saved=0F000600, preserved=True), EBP=0F000470 (saved=0F000470, preserved=True, valid=False, savedValid=False), ESP=001FEF18
dbug: Win32Emu.Emulator[0]
      [Import] Successfully invoked USER32.DLL!TranslateMessage
info: Win32Emu.Emulator[0]
      [Import] Direct call to USER32.DLL!DispatchMessageA at 0x0F000480
info: Win32Emu.Emulator[0]
      Dispatching USER32.DLL!DispatchMessageA at EIP=0x0F000480 ESP=0x001FEF10 stack=88 13 41 00 28 EF 1F 00 FC EF 1F 00 00 00 00 00
info: Win32Emu.Emulator[0]
      [User32] DispatchMessageA: HWND=0x00000000 MSG=0x0000 wParam=0x00000000 lParam=0x00000000
info: Win32Emu.Emulator[0]
      [User32] DispatchMessageA: No WndProc found for HWND=0x00000000
info: Win32Emu.Emulator[0]
      [Dispatcher] USER32.DLL!DispatchMessageA returned 0x00000000, argBytes=4, convention=Stdcall
info: Win32Emu.Emulator[0]
      [Import USER32.DLL!DispatchMessageA] Return address from stack: ESP=0x001FEF10, retEIP=0x00411388
info: Win32Emu.Emulator[0]
      [Import USER32.DLL!DispatchMessageA] Stack state before cleanup:
        [ESP+00] = 0x001FEF10: 0x00411388 (return addr)
        [ESP+04] = 0x001FEF14: 0x001FEF28 (arg1)
        [ESP+08] = 0x001FEF18: 0x001FEFFC
        [ESP+12] = 0x001FEF1C: 0x00000000
        [ESP+16] = 0x001FEF20: 0x006E0018
        [ESP+20] = 0x001FEF24: 0x00000000
      
info: Win32Emu.Emulator[0]
      [Import USER32.DLL!DispatchMessageA] Stack cleanup: ESP=0x001FEF10, retEIP=0x00411388, argBytes=4, new ESP=0x001FEF18
dbug: Win32Emu.Emulator[0]
      [RegisterValidation] After Import USER32.DLL!DispatchMessageA: EBX=0F000480 (saved=0F000480, preserved=True), ESI=0F0005F0 (saved=0F0005F0, preserved=True), EDI=0F000600 (saved=0F000600, preserved=True), EBP=0F000470 (saved=0F000470, preserved=True, valid=False, savedValid=False), ESP=001FEF18
dbug: Win32Emu.Emulator[0]
      [Import] Successfully invoked USER32.DLL!DispatchMessageA
info: Win32Emu.Emulator[0]
      [Import] Direct call to USER32.DLL!GetMessageA at 0x0F000600
info: Win32Emu.Emulator[0]
      Dispatching USER32.DLL!GetMessageA at EIP=0x0F000600 ESP=0x001FEF04 stack=76 13 41 00 28 EF 1F 00 00 00 00 00 00 00 00 00
info: Win32Emu.Emulator[0]
      [Dispatcher] USER32.DLL!GetMessageA returned 0x00000001, argBytes=16, convention=Stdcall
info: Win32Emu.Emulator[0]
      [Import USER32.DLL!GetMessageA] Return address from stack: ESP=0x001FEF04, retEIP=0x00411376
info: Win32Emu.Emulator[0]
      [Import USER32.DLL!GetMessageA] Stack state before cleanup:
        [ESP+00] = 0x001FEF04: 0x00411376 (return addr)
        [ESP+04] = 0x001FEF08: 0x001FEF28 (arg1)
        [ESP+08] = 0x001FEF0C: 0x00000000 (arg2)
        [ESP+12] = 0x001FEF10: 0x00000000 (arg3)
        [ESP+16] = 0x001FEF14: 0x00000000 (arg4)
        [ESP+20] = 0x001FEF18: 0x001FEFFC
      
info: Win32Emu.Emulator[0]
      [Import USER32.DLL!GetMessageA] Stack cleanup: ESP=0x001FEF04, retEIP=0x00411376, argBytes=16, new ESP=0x001FEF18
dbug: Win32Emu.Emulator[0]
      [RegisterValidation] After Import USER32.DLL!GetMessageA: EBX=0F000480 (saved=0F000480, preserved=True), ESI=0F0005F0 (saved=0F0005F0, preserved=True), EDI=0F000600 (saved=0F000600, preserved=True), EBP=0F000470 (saved=0F000470, preserved=True, valid=False, savedValid=False), ESP=001FEF18
dbug: Win32Emu.Emulator[0]
      [Import] Successfully invoked USER32.DLL!GetMessageA
info: Win32Emu.Emulator[0]
      [Import] Direct call to USER32.DLL!TranslateMessage at 0x0F000470
info: Win32Emu.Emulator[0]
      Dispatching USER32.DLL!TranslateMessage at EIP=0x0F000470 ESP=0x001FEF10 stack=81 13 41 00 28 EF 1F 00 FC EF 1F 00 00 00 00 00
info: Win32Emu.Emulator[0]
      [User32] TranslateMessage: HWND=0x00000000 MSG=0x0000 wParam=0x00000000 lParam=0x00000000
info: Win32Emu.Emulator[0]
      [Dispatcher] USER32.DLL!TranslateMessage returned 0x00000000, argBytes=4, convention=Stdcall
info: Win32Emu.Emulator[0]
      [Import USER32.DLL!TranslateMessage] Return address from stack: ESP=0x001FEF10, retEIP=0x00411381
info: Win32Emu.Emulator[0]
      [Import USER32.DLL!TranslateMessage] Stack state before cleanup:
        [ESP+00] = 0x001FEF10: 0x00411381 (return addr)
        [ESP+04] = 0x001FEF14: 0x001FEF28 (arg1)
        [ESP+08] = 0x001FEF18: 0x001FEFFC
        [ESP+12] = 0x001FEF1C: 0x00000000
        [ESP+16] = 0x001FEF20: 0x006E0018
        [ESP+20] = 0x001FEF24: 0x00000000
      
info: Win32Emu.Emulator[0]
      [Import USER32.DLL!TranslateMessage] Stack cleanup: ESP=0x001FEF10, retEIP=0x00411381, argBytes=4, new ESP=0x001FEF18
dbug: Win32Emu.Emulator[0]
      [RegisterValidation] After Import USER32.DLL!TranslateMessage: EBX=0F000480 (saved=0F000480, preserved=True), ESI=0F0005F0 (saved=0F0005F0, preserved=True), EDI=0F000600 (saved=0F000600, preserved=True), EBP=0F000470 (saved=0F000470, preserved=True, valid=False, savedValid=False), ESP=001FEF18
dbug: Win32Emu.Emulator[0]
      [Import] Successfully invoked USER32.DLL!TranslateMessage
info: Win32Emu.Emulator[0]
      [Import] Direct call to USER32.DLL!DispatchMessageA at 0x0F000480
info: Win32Emu.Emulator[0]
      Dispatching USER32.DLL!DispatchMessageA at EIP=0x0F000480 ESP=0x001FEF10 stack=88 13 41 00 28 EF 1F 00 FC EF 1F 00 00 00 00 00
info: Win32Emu.Emulator[0]
      [User32] DispatchMessageA: HWND=0x00000000 MSG=0x0000 wParam=0x00000000 lParam=0x00000000
info: Win32Emu.Emulator[0]
      [User32] DispatchMessageA: No WndProc found for HWND=0x00000000
info: Win32Emu.Emulator[0]
      [Dispatcher] USER32.DLL!DispatchMessageA returned 0x00000000, argBytes=4, convention=Stdcall
info: Win32Emu.Emulator[0]
      [Import USER32.DLL!DispatchMessageA] Return address from stack: ESP=0x001FEF10, retEIP=0x00411388
info: Win32Emu.Emulator[0]
      [Import USER32.DLL!DispatchMessageA] Stack state before cleanup:
        [ESP+00] = 0x001FEF10: 0x00411388 (return addr)
        [ESP+04] = 0x001FEF14: 0x001FEF28 (arg1)
        [ESP+08] = 0x001FEF18: 0x001FEFFC
        [ESP+12] = 0x001FEF1C: 0x00000000
        [ESP+16] = 0x001FEF20: 0x006E0018
        [ESP+20] = 0x001FEF24: 0x00000000
      
info: Win32Emu.Emulator[0]
      [Import USER32.DLL!DispatchMessageA] Stack cleanup: ESP=0x001FEF10, retEIP=0x00411388, argBytes=4, new ESP=0x001FEF18
dbug: Win32Emu.Emulator[0]
      [RegisterValidation] After Import USER32.DLL!DispatchMessageA: EBX=0F000480 (saved=0F000480, preserved=True), ESI=0F0005F0 (saved=0F0005F0, preserved=True), EDI=0F000600 (saved=0F000600, preserved=True), EBP=0F000470 (saved=0F000470, preserved=True, valid=False, savedValid=False), ESP=001FEF18
dbug: Win32Emu.Emulator[0]
      [Import] Successfully invoked USER32.DLL!DispatchMessageA
info: Win32Emu.Emulator[0]
      [Import] Direct call to USER32.DLL!GetMessageA at 0x0F000600
info: Win32Emu.Emulator[0]
      Dispatching USER32.DLL!GetMessageA at EIP=0x0F000600 ESP=0x001FEF04 stack=76 13 41 00 28 EF 1F 00 00 00 00 00 00 00 00 00
info: Win32Emu.Emulator[0]
      [Dispatcher] USER32.DLL!GetMessageA returned 0x00000001, argBytes=16, convention=Stdcall
info: Win32Emu.Emulator[0]
      [Import USER32.DLL!GetMessageA] Return address from stack: ESP=0x001FEF04, retEIP=0x00411376
info: Win32Emu.Emulator[0]
      [Import USER32.DLL!GetMessageA] Stack state before cleanup:
        [ESP+00] = 0x001FEF04: 0x00411376 (return addr)
        [ESP+04] = 0x001FEF08: 0x001FEF28 (arg1)
        [ESP+08] = 0x001FEF0C: 0x00000000 (arg2)
        [ESP+12] = 0x001FEF10: 0x00000000 (arg3)
        [ESP+16] = 0x001FEF14: 0x00000000 (arg4)
        [ESP+20] = 0x001FEF18: 0x001FEFFC
      
info: Win32Emu.Emulator[0]
      [Import USER32.DLL!GetMessageA] Stack cleanup: ESP=0x001FEF04, retEIP=0x00411376, argBytes=16, new ESP=0x001FEF18
dbug: Win32Emu.Emulator[0]
      [RegisterValidation] After Import USER32.DLL!GetMessageA: EBX=0F000480 (saved=0F000480, preserved=True), ESI=0F0005F0 (saved=0F0005F0, preserved=True), EDI=0F000600 (saved=0F000600, preserved=True), EBP=0F000470 (saved=0F000470, preserved=True, valid=False, savedValid=False), ESP=001FEF18
dbug: Win32Emu.Emulator[0]
      [Import] Successfully invoked USER32.DLL!GetMessageA
info: Win32Emu.Emulator[0]
      [Import] Direct call to USER32.DLL!TranslateMessage at 0x0F000470
info: Win32Emu.Emulator[0]
      Dispatching USER32.DLL!TranslateMessage at EIP=0x0F000470 ESP=0x001FEF10 stack=81 13 41 00 28 EF 1F 00 FC EF 1F 00 00 00 00 00
info: Win32Emu.Emulator[0]
      [User32] TranslateMessage: HWND=0x00000000 MSG=0x0000 wParam=0x00000000 lParam=0x00000000
info: Win32Emu.Emulator[0]
      [Dispatcher] USER32.DLL!TranslateMessage returned 0x00000000, argBytes=4, convention=Stdcall
info: Win32Emu.Emulator[0]
      [Import USER32.DLL!TranslateMessage] Return address from stack: ESP=0x001FEF10, retEIP=0x00411381
info: Win32Emu.Emulator[0]
      [Import USER32.DLL!TranslateMessage] Stack state before cleanup:
        [ESP+00] = 0x001FEF10: 0x00411381 (return addr)
        [ESP+04] = 0x001FEF14: 0x001FEF28 (arg1)
        [ESP+08] = 0x001FEF18: 0x001FEFFC
        [ESP+12] = 0x001FEF1C: 0x00000000
        [ESP+16] = 0x001FEF20: 0x006E0018
        [ESP+20] = 0x001FEF24: 0x00000000
      
info: Win32Emu.Emulator[0]
      [Import USER32.DLL!TranslateMessage] Stack cleanup: ESP=0x001FEF10, retEIP=0x00411381, argBytes=4, new ESP=0x001FEF18
dbug: Win32Emu.Emulator[0]
      [RegisterValidation] After Import USER32.DLL!TranslateMessage: EBX=0F000480 (saved=0F000480, preserved=True), ESI=0F0005F0 (saved=0F0005F0, preserved=True), EDI=0F000600 (saved=0F000600, preserved=True), EBP=0F000470 (saved=0F000470, preserved=True, valid=False, savedValid=False), ESP=001FEF18
dbug: Win32Emu.Emulator[0]
      [Import] Successfully invoked USER32.DLL!TranslateMessage
info: Win32Emu.Emulator[0]
      [Import] Direct call to USER32.DLL!DispatchMessageA at 0x0F000480
info: Win32Emu.Emulator[0]
      Dispatching USER32.DLL!DispatchMessageA at EIP=0x0F000480 ESP=0x001FEF10 stack=88 13 41 00 28 EF 1F 00 FC EF 1F 00 00 00 00 00
info: Win32Emu.Emulator[0]
      [User32] DispatchMessageA: HWND=0x00000000 MSG=0x0000 wParam=0x00000000 lParam=0x00000000
info: Win32Emu.Emulator[0]
      [User32] DispatchMessageA: No WndProc found for HWND=0x00000000
info: Win32Emu.Emulator[0]
      [Dispatcher] USER32.DLL!DispatchMessageA returned 0x00000000, argBytes=4, convention=Stdcall
info: Win32Emu.Emulator[0]
      [Import USER32.DLL!DispatchMessageA] Return address from stack: ESP=0x001FEF10, retEIP=0x00411388
info: Win32Emu.Emulator[0]
      [Import USER32.DLL!DispatchMessageA] Stack state before cleanup:
        [ESP+00] = 0x001FEF10: 0x00411388 (return addr)
        [ESP+04] = 0x001FEF14: 0x001FEF28 (arg1)
        [ESP+08] = 0x001FEF18: 0x001FEFFC
        [ESP+12] = 0x001FEF1C: 0x00000000
        [ESP+16] = 0x001FEF20: 0x006E0018
        [ESP+20] = 0x001FEF24: 0x00000000
      
info: Win32Emu.Emulator[0]
      [Import USER32.DLL!DispatchMessageA] Stack cleanup: ESP=0x001FEF10, retEIP=0x00411388, argBytes=4, new ESP=0x001FEF18
dbug: Win32Emu.Emulator[0]
      [RegisterValidation] After Import USER32.DLL!DispatchMessageA: EBX=0F000480 (saved=0F000480, preserved=True), ESI=0F0005F0 (saved=0F0005F0, preserved=True), EDI=0F000600 (saved=0F000600, preserved=True), EBP=0F000470 (saved=0F000470, preserved=True, valid=False, savedValid=False), ESP=001FEF18
dbug: Win32Emu.Emulator[0]
      [Import] Successfully invoked USER32.DLL!DispatchMessageA
info: Win32Emu.Emulator[0]
      [Import] Direct call to USER32.DLL!GetMessageA at 0x0F000600
info: Win32Emu.Emulator[0]
      Dispatching USER32.DLL!GetMessageA at EIP=0x0F000600 ESP=0x001FEF04 stack=76 13 41 00 28 EF 1F 00 00 00 00 00 00 00 00 00
info: Win32Emu.Emulator[0]
      [Dispatcher] USER32.DLL!GetMessageA returned 0x00000001, argBytes=16, convention=Stdcall
info: Win32Emu.Emulator[0]
      [Import USER32.DLL!GetMessageA] Return address from stack: ESP=0x001FEF04, retEIP=0x00411376
info: Win32Emu.Emulator[0]
      [Import USER32.DLL!GetMessageA] Stack state before cleanup:
        [ESP+00] = 0x001FEF04: 0x00411376 (return addr)
        [ESP+04] = 0x001FEF08: 0x001FEF28 (arg1)
        [ESP+08] = 0x001FEF0C: 0x00000000 (arg2)
        [ESP+12] = 0x001FEF10: 0x00000000 (arg3)
        [ESP+16] = 0x001FEF14: 0x00000000 (arg4)
        [ESP+20] = 0x001FEF18: 0x001FEFFC
      
info: Win32Emu.Emulator[0]
      [Import USER32.DLL!GetMessageA] Stack cleanup: ESP=0x001FEF04, retEIP=0x00411376, argBytes=16, new ESP=0x001FEF18
dbug: Win32Emu.Emulator[0]
      [RegisterValidation] After Import USER32.DLL!GetMessageA: EBX=0F000480 (saved=0F000480, preserved=True), ESI=0F0005F0 (saved=0F0005F0, preserved=True), EDI=0F000600 (saved=0F000600, preserved=True), EBP=0F000470 (saved=0F000470, preserved=True, valid=False, savedValid=False), ESP=001FEF18
dbug: Win32Emu.Emulator[0]
      [Import] Successfully invoked USER32.DLL!GetMessageA
info: Win32Emu.Emulator[0]
      [Import] Direct call to USER32.DLL!TranslateMessage at 0x0F000470
info: Win32Emu.Emulator[0]
      Dispatching USER32.DLL!TranslateMessage at EIP=0x0F000470 ESP=0x001FEF10 stack=81 13 41 00 28 EF 1F 00 FC EF 1F 00 00 00 00 00
info: Win32Emu.Emulator[0]
      [User32] TranslateMessage: HWND=0x00000000 MSG=0x0000 wParam=0x00000000 lParam=0x00000000
info: Win32Emu.Emulator[0]
      [Dispatcher] USER32.DLL!TranslateMessage returned 0x00000000, argBytes=4, convention=Stdcall
info: Win32Emu.Emulator[0]
      [Import USER32.DLL!TranslateMessage] Return address from stack: ESP=0x001FEF10, retEIP=0x00411381
info: Win32Emu.Emulator[0]
      [Import USER32.DLL!TranslateMessage] Stack state before cleanup:
        [ESP+00] = 0x001FEF10: 0x00411381 (return addr)
        [ESP+04] = 0x001FEF14: 0x001FEF28 (arg1)
        [ESP+08] = 0x001FEF18: 0x001FEFFC
        [ESP+12] = 0x001FEF1C: 0x00000000
        [ESP+16] = 0x001FEF20: 0x006E0018
        [ESP+20] = 0x001FEF24: 0x00000000
      
info: Win32Emu.Emulator[0]
      [Import USER32.DLL!TranslateMessage] Stack cleanup: ESP=0x001FEF10, retEIP=0x00411381, argBytes=4, new ESP=0x001FEF18
dbug: Win32Emu.Emulator[0]
      [RegisterValidation] After Import USER32.DLL!TranslateMessage: EBX=0F000480 (saved=0F000480, preserved=True), ESI=0F0005F0 (saved=0F0005F0, preserved=True), EDI=0F000600 (saved=0F000600, preserved=True), EBP=0F000470 (saved=0F000470, preserved=True, valid=False, savedValid=False), ESP=001FEF18
dbug: Win32Emu.Emulator[0]
      [Import] Successfully invoked USER32.DLL!TranslateMessage
info: Win32Emu.Emulator[0]
      [Import] Direct call to USER32.DLL!DispatchMessageA at 0x0F000480
info: Win32Emu.Emulator[0]
      Dispatching USER32.DLL!DispatchMessageA at EIP=0x0F000480 ESP=0x001FEF10 stack=88 13 41 00 28 EF 1F 00 FC EF 1F 00 00 00 00 00
info: Win32Emu.Emulator[0]
      [User32] DispatchMessageA: HWND=0x00000000 MSG=0x0000 wParam=0x00000000 lParam=0x00000000
info: Win32Emu.Emulator[0]
      [User32] DispatchMessageA: No WndProc found for HWND=0x00000000
info: Win32Emu.Emulator[0]
      [Dispatcher] USER32.DLL!DispatchMessageA returned 0x00000000, argBytes=4, convention=Stdcall
info: Win32Emu.Emulator[0]
      [Import USER32.DLL!DispatchMessageA] Return address from stack: ESP=0x001FEF10, retEIP=0x00411388
info: Win32Emu.Emulator[0]
      [Import USER32.DLL!DispatchMessageA] Stack state before cleanup:
        [ESP+00] = 0x001FEF10: 0x00411388 (return addr)
        [ESP+04] = 0x001FEF14: 0x001FEF28 (arg1)
        [ESP+08] = 0x001FEF18: 0x001FEFFC
        [ESP+12] = 0x001FEF1C: 0x00000000
        [ESP+16] = 0x001FEF20: 0x006E0018
        [ESP+20] = 0x001FEF24: 0x00000000
      
info: Win32Emu.Emulator[0]
      [Import USER32.DLL!DispatchMessageA] Stack cleanup: ESP=0x001FEF10, retEIP=0x00411388, argBytes=4, new ESP=0x001FEF18
dbug: Win32Emu.Emulator[0]
      [RegisterValidation] After Import USER32.DLL!DispatchMessageA: EBX=0F000480 (saved=0F000480, preserved=True), ESI=0F0005F0 (saved=0F0005F0, preserved=True), EDI=0F000600 (saved=0F000600, preserved=True), EBP=0F000470 (saved=0F000470, preserved=True, valid=False, savedValid=False), ESP=001FEF18
dbug: Win32Emu.Emulator[0]
      [Import] Successfully invoked USER32.DLL!DispatchMessageA
info: Win32Emu.Emulator[0]
      [Import] Direct call to USER32.DLL!GetMessageA at 0x0F000600
info: Win32Emu.Emulator[0]
      Dispatching USER32.DLL!GetMessageA at EIP=0x0F000600 ESP=0x001FEF04 stack=76 13 41 00 28 EF 1F 00 00 00 00 00 00 00 00 00
info: Win32Emu.Emulator[0]
      [Dispatcher] USER32.DLL!GetMessageA returned 0x00000001, argBytes=16, convention=Stdcall
info: Win32Emu.Emulator[0]
      [Import USER32.DLL!GetMessageA] Return address from stack: ESP=0x001FEF04, retEIP=0x00411376
info: Win32Emu.Emulator[0]
      [Import USER32.DLL!GetMessageA] Stack state before cleanup:
        [ESP+00] = 0x001FEF04: 0x00411376 (return addr)
        [ESP+04] = 0x001FEF08: 0x001FEF28 (arg1)
        [ESP+08] = 0x001FEF0C: 0x00000000 (arg2)
        [ESP+12] = 0x001FEF10: 0x00000000 (arg3)
        [ESP+16] = 0x001FEF14: 0x00000000 (arg4)
        [ESP+20] = 0x001FEF18: 0x001FEFFC
      
info: Win32Emu.Emulator[0]
      [Import USER32.DLL!GetMessageA] Stack cleanup: ESP=0x001FEF04, retEIP=0x00411376, argBytes=16, new ESP=0x001FEF18
dbug: Win32Emu.Emulator[0]
      [RegisterValidation] After Import USER32.DLL!GetMessageA: EBX=0F000480 (saved=0F000480, preserved=True), ESI=0F0005F0 (saved=0F0005F0, preserved=True), EDI=0F000600 (saved=0F000600, preserved=True), EBP=0F000470 (saved=0F000470, preserved=True, valid=False, savedValid=False), ESP=001FEF18
dbug: Win32Emu.Emulator[0]
      [Import] Successfully invoked USER32.DLL!GetMessageA
info: Win32Emu.Emulator[0]
      [Import] Direct call to USER32.DLL!TranslateMessage at 0x0F000470
info: Win32Emu.Emulator[0]
      Dispatching USER32.DLL!TranslateMessage at EIP=0x0F000470 ESP=0x001FEF10 stack=81 13 41 00 28 EF 1F 00 FC EF 1F 00 00 00 00 00
info: Win32Emu.Emulator[0]
      [User32] TranslateMessage: HWND=0x00000000 MSG=0x0000 wParam=0x00000000 lParam=0x00000000
info: Win32Emu.Emulator[0]
      [Dispatcher] USER32.DLL!TranslateMessage returned 0x00000000, argBytes=4, convention=Stdcall
info: Win32Emu.Emulator[0]
      [Import USER32.DLL!TranslateMessage] Return address from stack: ESP=0x001FEF10, retEIP=0x00411381
info: Win32Emu.Emulator[0]
      [Import USER32.DLL!TranslateMessage] Stack state before cleanup:
        [ESP+00] = 0x001FEF10: 0x00411381 (return addr)
        [ESP+04] = 0x001FEF14: 0x001FEF28 (arg1)
        [ESP+08] = 0x001FEF18: 0x001FEFFC
        [ESP+12] = 0x001FEF1C: 0x00000000
        [ESP+16] = 0x001FEF20: 0x006E0018
        [ESP+20] = 0x001FEF24: 0x00000000
      
info: Win32Emu.Emulator[0]
      [Import USER32.DLL!TranslateMessage] Stack cleanup: ESP=0x001FEF10, retEIP=0x00411381, argBytes=4, new ESP=0x001FEF18
dbug: Win32Emu.Emulator[0]
      [RegisterValidation] After Import USER32.DLL!TranslateMessage: EBX=0F000480 (saved=0F000480, preserved=True), ESI=0F0005F0 (saved=0F0005F0, preserved=True), EDI=0F000600 (saved=0F000600, preserved=True), EBP=0F000470 (saved=0F000470, preserved=True, valid=False, savedValid=False), ESP=001FEF18
dbug: Win32Emu.Emulator[0]
      [Import] Successfully invoked USER32.DLL!TranslateMessage
info: Win32Emu.Emulator[0]
      [Import] Direct call to USER32.DLL!DispatchMessageA at 0x0F000480
info: Win32Emu.Emulator[0]
      Dispatching USER32.DLL!DispatchMessageA at EIP=0x0F000480 ESP=0x001FEF10 stack=88 13 41 00 28 EF 1F 00 FC EF 1F 00 00 00 00 00
info: Win32Emu.Emulator[0]
      [User32] DispatchMessageA: HWND=0x00000000 MSG=0x0000 wParam=0x00000000 lParam=0x00000000
info: Win32Emu.Emulator[0]
      [User32] DispatchMessageA: No WndProc found for HWND=0x00000000
info: Win32Emu.Emulator[0]
      [Dispatcher] USER32.DLL!DispatchMessageA returned 0x00000000, argBytes=4, convention=Stdcall
info: Win32Emu.Emulator[0]
      [Import USER32.DLL!DispatchMessageA] Return address from stack: ESP=0x001FEF10, retEIP=0x00411388
info: Win32Emu.Emulator[0]
      [Import USER32.DLL!DispatchMessageA] Stack state before cleanup:
        [ESP+00] = 0x001FEF10: 0x00411388 (return addr)
        [ESP+04] = 0x001FEF14: 0x001FEF28 (arg1)
        [ESP+08] = 0x001FEF18: 0x001FEFFC
        [ESP+12] = 0x001FEF1C: 0x00000000
        [ESP+16] = 0x001FEF20: 0x006E0018
        [ESP+20] = 0x001FEF24: 0x00000000
      
info: Win32Emu.Emulator[0]
      [Import USER32.DLL!DispatchMessageA] Stack cleanup: ESP=0x001FEF10, retEIP=0x00411388, argBytes=4, new ESP=0x001FEF18
dbug: Win32Emu.Emulator[0]
      [RegisterValidation] After Import USER32.DLL!DispatchMessageA: EBX=0F000480 (saved=0F000480, preserved=True), ESI=0F0005F0 (saved=0F0005F0, preserved=True), EDI=0F000600 (saved=0F000600, preserved=True), EBP=0F000470 (saved=0F000470, preserved=True, valid=False, savedValid=False), ESP=001FEF18
dbug: Win32Emu.Emulator[0]
      [Import] Successfully invoked USER32.DLL!DispatchMessageA
info: Win32Emu.Emulator[0]
      [Import] Direct call to USER32.DLL!GetMessageA at 0x0F000600
info: Win32Emu.Emulator[0]
      Dispatching USER32.DLL!GetMessageA at EIP=0x0F000600 ESP=0x001FEF04 stack=76 13 41 00 28 EF 1F 00 00 00 00 00 00 00 00 00
info: Win32Emu.Emulator[0]
      [Dispatcher] USER32.DLL!GetMessageA returned 0x00000001, argBytes=16, convention=Stdcall
info: Win32Emu.Emulator[0]
      [Import USER32.DLL!GetMessageA] Return address from stack: ESP=0x001FEF04, retEIP=0x00411376
info: Win32Emu.Emulator[0]
      [Import USER32.DLL!GetMessageA] Stack state before cleanup:
        [ESP+00] = 0x001FEF04: 0x00411376 (return addr)
        [ESP+04] = 0x001FEF08: 0x001FEF28 (arg1)
        [ESP+08] = 0x001FEF0C: 0x00000000 (arg2)
        [ESP+12] = 0x001FEF10: 0x00000000 (arg3)
        [ESP+16] = 0x001FEF14: 0x00000000 (arg4)
        [ESP+20] = 0x001FEF18: 0x001FEFFC
      
info: Win32Emu.Emulator[0]
      [Import USER32.DLL!GetMessageA] Stack cleanup: ESP=0x001FEF04, retEIP=0x00411376, argBytes=16, new ESP=0x001FEF18
dbug: Win32Emu.Emulator[0]
      [RegisterValidation] After Import USER32.DLL!GetMessageA: EBX=0F000480 (saved=0F000480, preserved=True), ESI=0F0005F0 (saved=0F0005F0, preserved=True), EDI=0F000600 (saved=0F000600, preserved=True), EBP=0F000470 (saved=0F000470, preserved=True, valid=False, savedValid=False), ESP=001FEF18
dbug: Win32Emu.Emulator[0]
      [Import] Successfully invoked USER32.DLL!GetMessageA
info: Win32Emu.Emulator[0]
      [Import] Direct call to USER32.DLL!TranslateMessage at 0x0F000470
info: Win32Emu.Emulator[0]
      Dispatching USER32.DLL!TranslateMessage at EIP=0x0F000470 ESP=0x001FEF10 stack=81 13 41 00 28 EF 1F 00 FC EF 1F 00 00 00 00 00
info: Win32Emu.Emulator[0]
      [User32] TranslateMessage: HWND=0x00000000 MSG=0x0000 wParam=0x00000000 lParam=0x00000000
info: Win32Emu.Emulator[0]
      [Dispatcher] USER32.DLL!TranslateMessage returned 0x00000000, argBytes=4, convention=Stdcall
info: Win32Emu.Emulator[0]
      [Import USER32.DLL!TranslateMessage] Return address from stack: ESP=0x001FEF10, retEIP=0x00411381
info: Win32Emu.Emulator[0]
      [Import USER32.DLL!TranslateMessage] Stack state before cleanup:
        [ESP+00] = 0x001FEF10: 0x00411381 (return addr)
        [ESP+04] = 0x001FEF14: 0x001FEF28 (arg1)
        [ESP+08] = 0x001FEF18: 0x001FEFFC
        [ESP+12] = 0x001FEF1C: 0x00000000
        [ESP+16] = 0x001FEF20: 0x006E0018
        [ESP+20] = 0x001FEF24: 0x00000000
      
info: Win32Emu.Emulator[0]
      [Import USER32.DLL!TranslateMessage] Stack cleanup: ESP=0x001FEF10, retEIP=0x00411381, argBytes=4, new ESP=0x001FEF18
dbug: Win32Emu.Emulator[0]
      [RegisterValidation] After Import USER32.DLL!TranslateMessage: EBX=0F000480 (saved=0F000480, preserved=True), ESI=0F0005F0 (saved=0F0005F0, preserved=True), EDI=0F000600 (saved=0F000600, preserved=True), EBP=0F000470 (saved=0F000470, preserved=True, valid=False, savedValid=False), ESP=001FEF18
dbug: Win32Emu.Emulator[0]
      [Import] Successfully invoked USER32.DLL!TranslateMessage
info: Win32Emu.Emulator[0]
      [Import] Direct call to USER32.DLL!DispatchMessageA at 0x0F000480
info: Win32Emu.Emulator[0]
      Dispatching USER32.DLL!DispatchMessageA at EIP=0x0F000480 ESP=0x001FEF10 stack=88 13 41 00 28 EF 1F 00 FC EF 1F 00 00 00 00 00
info: Win32Emu.Emulator[0]
      [User32] DispatchMessageA: HWND=0x00000000 MSG=0x0000 wParam=0x00000000 lParam=0x00000000
info: Win32Emu.Emulator[0]
      [User32] DispatchMessageA: No WndProc found for HWND=0x00000000
info: Win32Emu.Emulator[0]
      [Dispatcher] USER32.DLL!DispatchMessageA returned 0x00000000, argBytes=4, convention=Stdcall
info: Win32Emu.Emulator[0]
      [Import USER32.DLL!DispatchMessageA] Return address from stack: ESP=0x001FEF10, retEIP=0x00411388
info: Win32Emu.Emulator[0]
      [Import USER32.DLL!DispatchMessageA] Stack state before cleanup:
        [ESP+00] = 0x001FEF10: 0x00411388 (return addr)
        [ESP+04] = 0x001FEF14: 0x001FEF28 (arg1)
        [ESP+08] = 0x001FEF18: 0x001FEFFC
        [ESP+12] = 0x001FEF1C: 0x00000000
        [ESP+16] = 0x001FEF20: 0x006E0018
        [ESP+20] = 0x001FEF24: 0x00000000
      
info: Win32Emu.Emulator[0]
      [Import USER32.DLL!DispatchMessageA] Stack cleanup: ESP=0x001FEF10, retEIP=0x00411388, argBytes=4, new ESP=0x001FEF18
dbug: Win32Emu.Emulator[0]
      [RegisterValidation] After Import USER32.DLL!DispatchMessageA: EBX=0F000480 (saved=0F000480, preserved=True), ESI=0F0005F0 (saved=0F0005F0, preserved=True), EDI=0F000600 (saved=0F000600, preserved=True), EBP=0F000470 (saved=0F000470, preserved=True, valid=False, savedValid=False), ESP=001FEF18
dbug: Win32Emu.Emulator[0]
      [Import] Successfully invoked USER32.DLL!DispatchMessageA
info: Win32Emu.Emulator[0]
      [Import] Direct call to USER32.DLL!GetMessageA at 0x0F000600
info: Win32Emu.Emulator[0]
      Dispatching USER32.DLL!GetMessageA at EIP=0x0F000600 ESP=0x001FEF04 stack=76 13 41 00 28 EF 1F 00 00 00 00 00 00 00 00 00
info: Win32Emu.Emulator[0]
      [Dispatcher] USER32.DLL!GetMessageA returned 0x00000001, argBytes=16, convention=Stdcall
info: Win32Emu.Emulator[0]
      [Import USER32.DLL!GetMessageA] Return address from stack: ESP=0x001FEF04, retEIP=0x00411376
info: Win32Emu.Emulator[0]
      [Import USER32.DLL!GetMessageA] Stack state before cleanup:
        [ESP+00] = 0x001FEF04: 0x00411376 (return addr)
        [ESP+04] = 0x001FEF08: 0x001FEF28 (arg1)
        [ESP+08] = 0x001FEF0C: 0x00000000 (arg2)
        [ESP+12] = 0x001FEF10: 0x00000000 (arg3)
        [ESP+16] = 0x001FEF14: 0x00000000 (arg4)
        [ESP+20] = 0x001FEF18: 0x001FEFFC
      
info: Win32Emu.Emulator[0]
      [Import USER32.DLL!GetMessageA] Stack cleanup: ESP=0x001FEF04, retEIP=0x00411376, argBytes=16, new ESP=0x001FEF18
dbug: Win32Emu.Emulator[0]
      [RegisterValidation] After Import USER32.DLL!GetMessageA: EBX=0F000480 (saved=0F000480, preserved=True), ESI=0F0005F0 (saved=0F0005F0, preserved=True), EDI=0F000600 (saved=0F000600, preserved=True), EBP=0F000470 (saved=0F000470, preserved=True, valid=False, savedValid=False), ESP=001FEF18
dbug: Win32Emu.Emulator[0]
      [Import] Successfully invoked USER32.DLL!GetMessageA
info: Win32Emu.Emulator[0]
      [Import] Direct call to USER32.DLL!TranslateMessage at 0x0F000470
info: Win32Emu.Emulator[0]
      Dispatching USER32.DLL!TranslateMessage at EIP=0x0F000470 ESP=0x001FEF10 stack=81 13 41 00 28 EF 1F 00 FC EF 1F 00 00 00 00 00
info: Win32Emu.Emulator[0]
      [User32] TranslateMessage: HWND=0x00000000 MSG=0x0000 wParam=0x00000000 lParam=0x00000000
info: Win32Emu.Emulator[0]
      [Dispatcher] USER32.DLL!TranslateMessage returned 0x00000000, argBytes=4, convention=Stdcall
info: Win32Emu.Emulator[0]
      [Import USER32.DLL!TranslateMessage] Return address from stack: ESP=0x001FEF10, retEIP=0x00411381
info: Win32Emu.Emulator[0]
      [Import USER32.DLL!TranslateMessage] Stack state before cleanup:
        [ESP+00] = 0x001FEF10: 0x00411381 (return addr)
        [ESP+04] = 0x001FEF14: 0x001FEF28 (arg1)
        [ESP+08] = 0x001FEF18: 0x001FEFFC
        [ESP+12] = 0x001FEF1C: 0x00000000
        [ESP+16] = 0x001FEF20: 0x006E0018
        [ESP+20] = 0x001FEF24: 0x00000000
      
info: Win32Emu.Emulator[0]
      [Import USER32.DLL!TranslateMessage] Stack cleanup: ESP=0x001FEF10, retEIP=0x00411381, argBytes=4, new ESP=0x001FEF18
dbug: Win32Emu.Emulator[0]
      [RegisterValidation] After Import USER32.DLL!TranslateMessage: EBX=0F000480 (saved=0F000480, preserved=True), ESI=0F0005F0 (saved=0F0005F0, preserved=True), EDI=0F000600 (saved=0F000600, preserved=True), EBP=0F000470 (saved=0F000470, preserved=True, valid=False, savedValid=False), ESP=001FEF18
dbug: Win32Emu.Emulator[0]
      [Import] Successfully invoked USER32.DLL!TranslateMessage
info: Win32Emu.Emulator[0]
      [Import] Direct call to USER32.DLL!DispatchMessageA at 0x0F000480
info: Win32Emu.Emulator[0]
      Dispatching USER32.DLL!DispatchMessageA at EIP=0x0F000480 ESP=0x001FEF10 stack=88 13 41 00 28 EF 1F 00 FC EF 1F 00 00 00 00 00
info: Win32Emu.Emulator[0]
      [User32] DispatchMessageA: HWND=0x00000000 MSG=0x0000 wParam=0x00000000 lParam=0x00000000
info: Win32Emu.Emulator[0]
      [User32] DispatchMessageA: No WndProc found for HWND=0x00000000
info: Win32Emu.Emulator[0]
      [Dispatcher] USER32.DLL!DispatchMessageA returned 0x00000000, argBytes=4, convention=Stdcall
info: Win32Emu.Emulator[0]
      [Import USER32.DLL!DispatchMessageA] Return address from stack: ESP=0x001FEF10, retEIP=0x00411388
info: Win32Emu.Emulator[0]
      [Import USER32.DLL!DispatchMessageA] Stack state before cleanup:
        [ESP+00] = 0x001FEF10: 0x00411388 (return addr)
        [ESP+04] = 0x001FEF14: 0x001FEF28 (arg1)
        [ESP+08] = 0x001FEF18: 0x001FEFFC
        [ESP+12] = 0x001FEF1C: 0x00000000
        [ESP+16] = 0x001FEF20: 0x006E0018
        [ESP+20] = 0x001FEF24: 0x00000000
      
info: Win32Emu.Emulator[0]
      [Import USER32.DLL!DispatchMessageA] Stack cleanup: ESP=0x001FEF10, retEIP=0x00411388, argBytes=4, new ESP=0x001FEF18
dbug: Win32Emu.Emulator[0]
      [RegisterValidation] After Import USER32.DLL!DispatchMessageA: EBX=0F000480 (saved=0F000480, preserved=True), ESI=0F0005F0 (saved=0F0005F0, preserved=True), EDI=0F000600 (saved=0F000600, preserved=True), EBP=0F000470 (saved=0F000470, preserved=True, valid=False, savedValid=False), ESP=001FEF18
dbug: Win32Emu.Emulator[0]
      [Import] Successfully invoked USER32.DLL!DispatchMessageA
info: Win32Emu.Emulator[0]
      [Import] Direct call to USER32.DLL!GetMessageA at 0x0F000600
info: Win32Emu.Emulator[0]
      Dispatching USER32.DLL!GetMessageA at EIP=0x0F000600 ESP=0x001FEF04 stack=76 13 41 00 28 EF 1F 00 00 00 00 00 00 00 00 00
info: Win32Emu.Emulator[0]
      [Dispatcher] USER32.DLL!GetMessageA returned 0x00000001, argBytes=16, convention=Stdcall
info: Win32Emu.Emulator[0]
      [Import USER32.DLL!GetMessageA] Return address from stack: ESP=0x001FEF04, retEIP=0x00411376
info: Win32Emu.Emulator[0]
      [Import USER32.DLL!GetMessageA] Stack state before cleanup:
        [ESP+00] = 0x001FEF04: 0x00411376 (return addr)
        [ESP+04] = 0x001FEF08: 0x001FEF28 (arg1)
        [ESP+08] = 0x001FEF0C: 0x00000000 (arg2)
        [ESP+12] = 0x001FEF10: 0x00000000 (arg3)
        [ESP+16] = 0x001FEF14: 0x00000000 (arg4)
        [ESP+20] = 0x001FEF18: 0x001FEFFC
      
info: Win32Emu.Emulator[0]
      [Import USER32.DLL!GetMessageA] Stack cleanup: ESP=0x001FEF04, retEIP=0x00411376, argBytes=16, new ESP=0x001FEF18
dbug: Win32Emu.Emulator[0]
      [RegisterValidation] After Import USER32.DLL!GetMessageA: EBX=0F000480 (saved=0F000480, preserved=True), ESI=0F0005F0 (saved=0F0005F0, preserved=True), EDI=0F000600 (saved=0F000600, preserved=True), EBP=0F000470 (saved=0F000470, preserved=True, valid=False, savedValid=False), ESP=001FEF18
dbug: Win32Emu.Emulator[0]
      [Import] Successfully invoked USER32.DLL!GetMessageA
info: Win32Emu.Emulator[0]
      [Import] Direct call to USER32.DLL!TranslateMessage at 0x0F000470
info: Win32Emu.Emulator[0]
      Dispatching USER32.DLL!TranslateMessage at EIP=0x0F000470 ESP=0x001FEF10 stack=81 13 41 00 28 EF 1F 00 FC EF 1F 00 00 00 00 00
info: Win32Emu.Emulator[0]
      [User32] TranslateMessage: HWND=0x00000000 MSG=0x0000 wParam=0x00000000 lParam=0x00000000
info: Win32Emu.Emulator[0]
      [Dispatcher] USER32.DLL!TranslateMessage returned 0x00000000, argBytes=4, convention=Stdcall
info: Win32Emu.Emulator[0]
      [Import USER32.DLL!TranslateMessage] Return address from stack: ESP=0x001FEF10, retEIP=0x00411381
info: Win32Emu.Emulator[0]
      [Import USER32.DLL!TranslateMessage] Stack state before cleanup:
        [ESP+00] = 0x001FEF10: 0x00411381 (return addr)
        [ESP+04] = 0x001FEF14: 0x001FEF28 (arg1)
        [ESP+08] = 0x001FEF18: 0x001FEFFC
        [ESP+12] = 0x001FEF1C: 0x00000000
        [ESP+16] = 0x001FEF20: 0x006E0018
        [ESP+20] = 0x001FEF24: 0x00000000
      
info: Win32Emu.Emulator[0]
      [Import USER32.DLL!TranslateMessage] Stack cleanup: ESP=0x001FEF10, retEIP=0x00411381, argBytes=4, new ESP=0x001FEF18
dbug: Win32Emu.Emulator[0]
      [RegisterValidation] After Import USER32.DLL!TranslateMessage: EBX=0F000480 (saved=0F000480, preserved=True), ESI=0F0005F0 (saved=0F0005F0, preserved=True), EDI=0F000600 (saved=0F000600, preserved=True), EBP=0F000470 (saved=0F000470, preserved=True, valid=False, savedValid=False), ESP=001FEF18
dbug: Win32Emu.Emulator[0]
      [Import] Successfully invoked USER32.DLL!TranslateMessage
info: Win32Emu.Emulator[0]
      [Import] Direct call to USER32.DLL!DispatchMessageA at 0x0F000480
info: Win32Emu.Emulator[0]
      Dispatching USER32.DLL!DispatchMessageA at EIP=0x0F000480 ESP=0x001FEF10 stack=88 13 41 00 28 EF 1F 00 FC EF 1F 00 00 00 00 00
info: Win32Emu.Emulator[0]
      [User32] DispatchMessageA: HWND=0x00000000 MSG=0x0000 wParam=0x00000000 lParam=0x00000000
info: Win32Emu.Emulator[0]
      [User32] DispatchMessageA: No WndProc found for HWND=0x00000000
info: Win32Emu.Emulator[0]
      [Dispatcher] USER32.DLL!DispatchMessageA returned 0x00000000, argBytes=4, convention=Stdcall
info: Win32Emu.Emulator[0]
      [Import USER32.DLL!DispatchMessageA] Return address from stack: ESP=0x001FEF10, retEIP=0x00411388
info: Win32Emu.Emulator[0]
      [Import USER32.DLL!DispatchMessageA] Stack state before cleanup:
        [ESP+00] = 0x001FEF10: 0x00411388 (return addr)
        [ESP+04] = 0x001FEF14: 0x001FEF28 (arg1)
        [ESP+08] = 0x001FEF18: 0x001FEFFC
        [ESP+12] = 0x001FEF1C: 0x00000000
        [ESP+16] = 0x001FEF20: 0x006E0018
        [ESP+20] = 0x001FEF24: 0x00000000
      
info: Win32Emu.Emulator[0]
      [Import USER32.DLL!DispatchMessageA] Stack cleanup: ESP=0x001FEF10, retEIP=0x00411388, argBytes=4, new ESP=0x001FEF18
dbug: Win32Emu.Emulator[0]
      [RegisterValidation] After Import USER32.DLL!DispatchMessageA: EBX=0F000480 (saved=0F000480, preserved=True), ESI=0F0005F0 (saved=0F0005F0, preserved=True), EDI=0F000600 (saved=0F000600, preserved=True), EBP=0F000470 (saved=0F000470, preserved=True, valid=False, savedValid=False), ESP=001FEF18
dbug: Win32Emu.Emulator[0]
      [Import] Successfully invoked USER32.DLL!DispatchMessageA
info: Win32Emu.Emulator[0]
      [Import] Direct call to USER32.DLL!GetMessageA at 0x0F000600
info: Win32Emu.Emulator[0]
      Dispatching USER32.DLL!GetMessageA at EIP=0x0F000600 ESP=0x001FEF04 stack=76 13 41 00 28 EF 1F 00 00 00 00 00 00 00 00 00
info: Win32Emu.Emulator[0]
      [Dispatcher] USER32.DLL!GetMessageA returned 0x00000001, argBytes=16, convention=Stdcall
info: Win32Emu.Emulator[0]
      [Import USER32.DLL!GetMessageA] Return address from stack: ESP=0x001FEF04, retEIP=0x00411376
info: Win32Emu.Emulator[0]
      [Import USER32.DLL!GetMessageA] Stack state before cleanup:
        [ESP+00] = 0x001FEF04: 0x00411376 (return addr)
        [ESP+04] = 0x001FEF08: 0x001FEF28 (arg1)
        [ESP+08] = 0x001FEF0C: 0x00000000 (arg2)
        [ESP+12] = 0x001FEF10: 0x00000000 (arg3)
        [ESP+16] = 0x001FEF14: 0x00000000 (arg4)
        [ESP+20] = 0x001FEF18: 0x001FEFFC
      
info: Win32Emu.Emulator[0]
      [Import USER32.DLL!GetMessageA] Stack cleanup: ESP=0x001FEF04, retEIP=0x00411376, argBytes=16, new ESP=0x001FEF18
dbug: Win32Emu.Emulator[0]
      [RegisterValidation] After Import USER32.DLL!GetMessageA: EBX=0F000480 (saved=0F000480, preserved=True), ESI=0F0005F0 (saved=0F0005F0, preserved=True), EDI=0F000600 (saved=0F000600, preserved=True), EBP=0F000470 (saved=0F000470, preserved=True, valid=False, savedValid=False), ESP=001FEF18
dbug: Win32Emu.Emulator[0]
      [Import] Successfully invoked USER32.DLL!GetMessageA
info: Win32Emu.Emulator[0]
      [Import] Direct call to USER32.DLL!TranslateMessage at 0x0F000470
info: Win32Emu.Emulator[0]
      Dispatching USER32.DLL!TranslateMessage at EIP=0x0F000470 ESP=0x001FEF10 stack=81 13 41 00 28 EF 1F 00 FC EF 1F 00 00 00 00 00
info: Win32Emu.Emulator[0]
      [User32] TranslateMessage: HWND=0x00000000 MSG=0x0000 wParam=0x00000000 lParam=0x00000000
info: Win32Emu.Emulator[0]
      [Dispatcher] USER32.DLL!TranslateMessage returned 0x00000000, argBytes=4, convention=Stdcall
info: Win32Emu.Emulator[0]
      [Import USER32.DLL!TranslateMessage] Return address from stack: ESP=0x001FEF10, retEIP=0x00411381
info: Win32Emu.Emulator[0]
      [Import USER32.DLL!TranslateMessage] Stack state before cleanup:
        [ESP+00] = 0x001FEF10: 0x00411381 (return addr)
        [ESP+04] = 0x001FEF14: 0x001FEF28 (arg1)
        [ESP+08] = 0x001FEF18: 0x001FEFFC
        [ESP+12] = 0x001FEF1C: 0x00000000
        [ESP+16] = 0x001FEF20: 0x006E0018
        [ESP+20] = 0x001FEF24: 0x00000000
      
info: Win32Emu.Emulator[0]
      [Import USER32.DLL!TranslateMessage] Stack cleanup: ESP=0x001FEF10, retEIP=0x00411381, argBytes=4, new ESP=0x001FEF18
dbug: Win32Emu.Emulator[0]
      [RegisterValidation] After Import USER32.DLL!TranslateMessage: EBX=0F000480 (saved=0F000480, preserved=True), ESI=0F0005F0 (saved=0F0005F0, preserved=True), EDI=0F000600 (saved=0F000600, preserved=True), EBP=0F000470 (saved=0F000470, preserved=True, valid=False, savedValid=False), ESP=001FEF18
dbug: Win32Emu.Emulator[0]
      [Import] Successfully invoked USER32.DLL!TranslateMessage
info: Win32Emu.Emulator[0]
      [Import] Direct call to USER32.DLL!DispatchMessageA at 0x0F000480
info: Win32Emu.Emulator[0]
      Dispatching USER32.DLL!DispatchMessageA at EIP=0x0F000480 ESP=0x001FEF10 stack=88 13 41 00 28 EF 1F 00 FC EF 1F 00 00 00 00 00
info: Win32Emu.Emulator[0]
      [User32] DispatchMessageA: HWND=0x00000000 MSG=0x0000 wParam=0x00000000 lParam=0x00000000
info: Win32Emu.Emulator[0]
      [User32] DispatchMessageA: No WndProc found for HWND=0x00000000
info: Win32Emu.Emulator[0]
      [Dispatcher] USER32.DLL!DispatchMessageA returned 0x00000000, argBytes=4, convention=Stdcall
info: Win32Emu.Emulator[0]
      [Import USER32.DLL!DispatchMessageA] Return address from stack: ESP=0x001FEF10, retEIP=0x00411388
info: Win32Emu.Emulator[0]
      [Import USER32.DLL!DispatchMessageA] Stack state before cleanup:
        [ESP+00] = 0x001FEF10: 0x00411388 (return addr)
        [ESP+04] = 0x001FEF14: 0x001FEF28 (arg1)
        [ESP+08] = 0x001FEF18: 0x001FEFFC
        [ESP+12] = 0x001FEF1C: 0x00000000
        [ESP+16] = 0x001FEF20: 0x006E0018
        [ESP+20] = 0x001FEF24: 0x00000000
      
info: Win32Emu.Emulator[0]
      [Import USER32.DLL!DispatchMessageA] Stack cleanup: ESP=0x001FEF10, retEIP=0x00411388, argBytes=4, new ESP=0x001FEF18
dbug: Win32Emu.Emulator[0]
      [RegisterValidation] After Import USER32.DLL!DispatchMessageA: EBX=0F000480 (saved=0F000480, preserved=True), ESI=0F0005F0 (saved=0F0005F0, preserved=True), EDI=0F000600 (saved=0F000600, preserved=True), EBP=0F000470 (saved=0F000470, preserved=True, valid=False, savedValid=False), ESP=001FEF18
dbug: Win32Emu.Emulator[0]
      [Import] Successfully invoked USER32.DLL!DispatchMessageA
info: Win32Emu.Emulator[0]
      [Import] Direct call to USER32.DLL!GetMessageA at 0x0F000600
info: Win32Emu.Emulator[0]
      Dispatching USER32.DLL!GetMessageA at EIP=0x0F000600 ESP=0x001FEF04 stack=76 13 41 00 28 EF 1F 00 00 00 00 00 00 00 00 00
info: Win32Emu.Emulator[0]
      [Dispatcher] USER32.DLL!GetMessageA returned 0x00000001, argBytes=16, convention=Stdcall
info: Win32Emu.Emulator[0]
      [Import USER32.DLL!GetMessageA] Return address from stack: ESP=0x001FEF04, retEIP=0x00411376
info: Win32Emu.Emulator[0]
      [Import USER32.DLL!GetMessageA] Stack state before cleanup:
        [ESP+00] = 0x001FEF04: 0x00411376 (return addr)
        [ESP+04] = 0x001FEF08: 0x001FEF28 (arg1)
        [ESP+08] = 0x001FEF0C: 0x00000000 (arg2)
        [ESP+12] = 0x001FEF10: 0x00000000 (arg3)
        [ESP+16] = 0x001FEF14: 0x00000000 (arg4)
        [ESP+20] = 0x001FEF18: 0x001FEFFC
      
info: Win32Emu.Emulator[0]
      [Import USER32.DLL!GetMessageA] Stack cleanup: ESP=0x001FEF04, retEIP=0x00411376, argBytes=16, new ESP=0x001FEF18
dbug: Win32Emu.Emulator[0]
      [RegisterValidation] After Import USER32.DLL!GetMessageA: EBX=0F000480 (saved=0F000480, preserved=True), ESI=0F0005F0 (saved=0F0005F0, preserved=True), EDI=0F000600 (saved=0F000600, preserved=True), EBP=0F000470 (saved=0F000470, preserved=True, valid=False, savedValid=False), ESP=001FEF18
dbug: Win32Emu.Emulator[0]
      [Import] Successfully invoked USER32.DLL!GetMessageA
info: Win32Emu.Emulator[0]
      [Import] Direct call to USER32.DLL!TranslateMessage at 0x0F000470
info: Win32Emu.Emulator[0]
      Dispatching USER32.DLL!TranslateMessage at EIP=0x0F000470 ESP=0x001FEF10 stack=81 13 41 00 28 EF 1F 00 FC EF 1F 00 00 00 00 00
info: Win32Emu.Emulator[0]
      [User32] TranslateMessage: HWND=0x00000000 MSG=0x0000 wParam=0x00000000 lParam=0x00000000
info: Win32Emu.Emulator[0]
      [Dispatcher] USER32.DLL!TranslateMessage returned 0x00000000, argBytes=4, convention=Stdcall
info: Win32Emu.Emulator[0]
      [Import USER32.DLL!TranslateMessage] Return address from stack: ESP=0x001FEF10, retEIP=0x00411381
info: Win32Emu.Emulator[0]
      [Import USER32.DLL!TranslateMessage] Stack state before cleanup:
        [ESP+00] = 0x001FEF10: 0x00411381 (return addr)
        [ESP+04] = 0x001FEF14: 0x001FEF28 (arg1)
        [ESP+08] = 0x001FEF18: 0x001FEFFC
        [ESP+12] = 0x001FEF1C: 0x00000000
        [ESP+16] = 0x001FEF20: 0x006E0018
        [ESP+20] = 0x001FEF24: 0x00000000
      
info: Win32Emu.Emulator[0]
      [Import USER32.DLL!TranslateMessage] Stack cleanup: ESP=0x001FEF10, retEIP=0x00411381, argBytes=4, new ESP=0x001FEF18
dbug: Win32Emu.Emulator[0]
      [RegisterValidation] After Import USER32.DLL!TranslateMessage: EBX=0F000480 (saved=0F000480, preserved=True), ESI=0F0005F0 (saved=0F0005F0, preserved=True), EDI=0F000600 (saved=0F000600, preserved=True), EBP=0F000470 (saved=0F000470, preserved=True, valid=False, savedValid=False), ESP=001FEF18
dbug: Win32Emu.Emulator[0]
      [Import] Successfully invoked USER32.DLL!TranslateMessage
info: Win32Emu.Emulator[0]
      [Import] Direct call to USER32.DLL!DispatchMessageA at 0x0F000480
info: Win32Emu.Emulator[0]
      Dispatching USER32.DLL!DispatchMessageA at EIP=0x0F000480 ESP=0x001FEF10 stack=88 13 41 00 28 EF 1F 00 FC EF 1F 00 00 00 00 00
info: Win32Emu.Emulator[0]
      [User32] DispatchMessageA: HWND=0x00000000 MSG=0x0000 wParam=0x00000000 lParam=0x00000000
info: Win32Emu.Emulator[0]
      [User32] DispatchMessageA: No WndProc found for HWND=0x00000000
info: Win32Emu.Emulator[0]
      [Dispatcher] USER32.DLL!DispatchMessageA returned 0x00000000, argBytes=4, convention=Stdcall
info: Win32Emu.Emulator[0]
      [Import USER32.DLL!DispatchMessageA] Return address from stack: ESP=0x001FEF10, retEIP=0x00411388
info: Win32Emu.Emulator[0]
      [Import USER32.DLL!DispatchMessageA] Stack state before cleanup:
        [ESP+00] = 0x001FEF10: 0x00411388 (return addr)
        [ESP+04] = 0x001FEF14: 0x001FEF28 (arg1)
        [ESP+08] = 0x001FEF18: 0x001FEFFC
        [ESP+12] = 0x001FEF1C: 0x00000000
        [ESP+16] = 0x001FEF20: 0x006E0018
        [ESP+20] = 0x001FEF24: 0x00000000
      
info: Win32Emu.Emulator[0]
      [Import USER32.DLL!DispatchMessageA] Stack cleanup: ESP=0x001FEF10, retEIP=0x00411388, argBytes=4, new ESP=0x001FEF18
dbug: Win32Emu.Emulator[0]
      [RegisterValidation] After Import USER32.DLL!DispatchMessageA: EBX=0F000480 (saved=0F000480, preserved=True), ESI=0F0005F0 (saved=0F0005F0, preserved=True), EDI=0F000600 (saved=0F000600, preserved=True), EBP=0F000470 (saved=0F000470, preserved=True, valid=False, savedValid=False), ESP=001FEF18
dbug: Win32Emu.Emulator[0]
      [Import] Successfully invoked USER32.DLL!DispatchMessageA
info: Win32Emu.Emulator[0]
      [Import] Direct call to USER32.DLL!GetMessageA at 0x0F000600
info: Win32Emu.Emulator[0]
      Dispatching USER32.DLL!GetMessageA at EIP=0x0F000600 ESP=0x001FEF04 stack=76 13 41 00 28 EF 1F 00 00 00 00 00 00 00 00 00
info: Win32Emu.Emulator[0]
      [Dispatcher] USER32.DLL!GetMessageA returned 0x00000001, argBytes=16, convention=Stdcall
info: Win32Emu.Emulator[0]
      [Import USER32.DLL!GetMessageA] Return address from stack: ESP=0x001FEF04, retEIP=0x00411376
info: Win32Emu.Emulator[0]
      [Import USER32.DLL!GetMessageA] Stack state before cleanup:
        [ESP+00] = 0x001FEF04: 0x00411376 (return addr)
        [ESP+04] = 0x001FEF08: 0x001FEF28 (arg1)
        [ESP+08] = 0x001FEF0C: 0x00000000 (arg2)
        [ESP+12] = 0x001FEF10: 0x00000000 (arg3)
        [ESP+16] = 0x001FEF14: 0x00000000 (arg4)
        [ESP+20] = 0x001FEF18: 0x001FEFFC
      
info: Win32Emu.Emulator[0]
      [Import USER32.DLL!GetMessageA] Stack cleanup: ESP=0x001FEF04, retEIP=0x00411376, argBytes=16, new ESP=0x001FEF18
dbug: Win32Emu.Emulator[0]
      [RegisterValidation] After Import USER32.DLL!GetMessageA: EBX=0F000480 (saved=0F000480, preserved=True), ESI=0F0005F0 (saved=0F0005F0, preserved=True), EDI=0F000600 (saved=0F000600, preserved=True), EBP=0F000470 (saved=0F000470, preserved=True, valid=False, savedValid=False), ESP=001FEF18
dbug: Win32Emu.Emulator[0]
      [Import] Successfully invoked USER32.DLL!GetMessageA
info: Win32Emu.Emulator[0]
      [Import] Direct call to USER32.DLL!TranslateMessage at 0x0F000470
info: Win32Emu.Emulator[0]
      Dispatching USER32.DLL!TranslateMessage at EIP=0x0F000470 ESP=0x001FEF10 stack=81 13 41 00 28 EF 1F 00 FC EF 1F 00 00 00 00 00
info: Win32Emu.Emulator[0]
      [User32] TranslateMessage: HWND=0x00000000 MSG=0x0000 wParam=0x00000000 lParam=0x00000000
info: Win32Emu.Emulator[0]
      [Dispatcher] USER32.DLL!TranslateMessage returned 0x00000000, argBytes=4, convention=Stdcall
info: Win32Emu.Emulator[0]
      [Import USER32.DLL!TranslateMessage] Return address from stack: ESP=0x001FEF10, retEIP=0x00411381
info: Win32Emu.Emulator[0]
      [Import USER32.DLL!TranslateMessage] Stack state before cleanup:
        [ESP+00] = 0x001FEF10: 0x00411381 (return addr)
        [ESP+04] = 0x001FEF14: 0x001FEF28 (arg1)
        [ESP+08] = 0x001FEF18: 0x001FEFFC
        [ESP+12] = 0x001FEF1C: 0x00000000
        [ESP+16] = 0x001FEF20: 0x006E0018
        [ESP+20] = 0x001FEF24: 0x00000000
      
info: Win32Emu.Emulator[0]
      [Import USER32.DLL!TranslateMessage] Stack cleanup: ESP=0x001FEF10, retEIP=0x00411381, argBytes=4, new ESP=0x001FEF18
dbug: Win32Emu.Emulator[0]
      [RegisterValidation] After Import USER32.DLL!TranslateMessage: EBX=0F000480 (saved=0F000480, preserved=True), ESI=0F0005F0 (saved=0F0005F0, preserved=True), EDI=0F000600 (saved=0F000600, preserved=True), EBP=0F000470 (saved=0F000470, preserved=True, valid=False, savedValid=False), ESP=001FEF18
dbug: Win32Emu.Emulator[0]
      [Import] Successfully invoked USER32.DLL!TranslateMessage
info: Win32Emu.Emulator[0]
      [Import] Direct call to USER32.DLL!DispatchMessageA at 0x0F000480
info: Win32Emu.Emulator[0]
      Dispatching USER32.DLL!DispatchMessageA at EIP=0x0F000480 ESP=0x001FEF10 stack=88 13 41 00 28 EF 1F 00 FC EF 1F 00 00 00 00 00
info: Win32Emu.Emulator[0]
      [User32] DispatchMessageA: HWND=0x00000000 MSG=0x0000 wParam=0x00000000 lParam=0x00000000
info: Win32Emu.Emulator[0]
      [User32] DispatchMessageA: No WndProc found for HWND=0x00000000
info: Win32Emu.Emulator[0]
      [Dispatcher] USER32.DLL!DispatchMessageA returned 0x00000000, argBytes=4, convention=Stdcall
info: Win32Emu.Emulator[0]
      [Import USER32.DLL!DispatchMessageA] Return address from stack: ESP=0x001FEF10, retEIP=0x00411388
info: Win32Emu.Emulator[0]
      [Import USER32.DLL!DispatchMessageA] Stack state before cleanup:
        [ESP+00] = 0x001FEF10: 0x00411388 (return addr)
        [ESP+04] = 0x001FEF14: 0x001FEF28 (arg1)
        [ESP+08] = 0x001FEF18: 0x001FEFFC
        [ESP+12] = 0x001FEF1C: 0x00000000
        [ESP+16] = 0x001FEF20: 0x006E0018
        [ESP+20] = 0x001FEF24: 0x00000000
      
info: Win32Emu.Emulator[0]
      [Import USER32.DLL!DispatchMessageA] Stack cleanup: ESP=0x001FEF10, retEIP=0x00411388, argBytes=4, new ESP=0x001FEF18
dbug: Win32Emu.Emulator[0]
      [RegisterValidation] After Import USER32.DLL!DispatchMessageA: EBX=0F000480 (saved=0F000480, preserved=True), ESI=0F0005F0 (saved=0F0005F0, preserved=True), EDI=0F000600 (saved=0F000600, preserved=True), EBP=0F000470 (saved=0F000470, preserved=True, valid=False, savedValid=False), ESP=001FEF18
dbug: Win32Emu.Emulator[0]
      [Import] Successfully invoked USER32.DLL!DispatchMessageA
info: Win32Emu.Emulator[0]
      [Import] Direct call to USER32.DLL!GetMessageA at 0x0F000600
info: Win32Emu.Emulator[0]
      Dispatching USER32.DLL!GetMessageA at EIP=0x0F000600 ESP=0x001FEF04 stack=76 13 41 00 28 EF 1F 00 00 00 00 00 00 00 00 00
info: Win32Emu.Emulator[0]
      [Dispatcher] USER32.DLL!GetMessageA returned 0x00000001, argBytes=16, convention=Stdcall
info: Win32Emu.Emulator[0]
      [Import USER32.DLL!GetMessageA] Return address from stack: ESP=0x001FEF04, retEIP=0x00411376
info: Win32Emu.Emulator[0]
      [Import USER32.DLL!GetMessageA] Stack state before cleanup:
        [ESP+00] = 0x001FEF04: 0x00411376 (return addr)
        [ESP+04] = 0x001FEF08: 0x001FEF28 (arg1)
        [ESP+08] = 0x001FEF0C: 0x00000000 (arg2)
        [ESP+12] = 0x001FEF10: 0x00000000 (arg3)
        [ESP+16] = 0x001FEF14: 0x00000000 (arg4)
        [ESP+20] = 0x001FEF18: 0x001FEFFC
      
info: Win32Emu.Emulator[0]
      [Import USER32.DLL!GetMessageA] Stack cleanup: ESP=0x001FEF04, retEIP=0x00411376, argBytes=16, new ESP=0x001FEF18
dbug: Win32Emu.Emulator[0]
      [RegisterValidation] After Import USER32.DLL!GetMessageA: EBX=0F000480 (saved=0F000480, preserved=True), ESI=0F0005F0 (saved=0F0005F0, preserved=True), EDI=0F000600 (saved=0F000600, preserved=True), EBP=0F000470 (saved=0F000470, preserved=True, valid=False, savedValid=False), ESP=001FEF18
dbug: Win32Emu.Emulator[0]
      [Import] Successfully invoked USER32.DLL!GetMessageA
info: Win32Emu.Emulator[0]
      [Import] Direct call to USER32.DLL!TranslateMessage at 0x0F000470
info: Win32Emu.Emulator[0]
      Dispatching USER32.DLL!TranslateMessage at EIP=0x0F000470 ESP=0x001FEF10 stack=81 13 41 00 28 EF 1F 00 FC EF 1F 00 00 00 00 00
info: Win32Emu.Emulator[0]
      [User32] TranslateMessage: HWND=0x00000000 MSG=0x0000 wParam=0x00000000 lParam=0x00000000
info: Win32Emu.Emulator[0]
      [Dispatcher] USER32.DLL!TranslateMessage returned 0x00000000, argBytes=4, convention=Stdcall
info: Win32Emu.Emulator[0]
      [Import USER32.DLL!TranslateMessage] Return address from stack: ESP=0x001FEF10, retEIP=0x00411381
info: Win32Emu.Emulator[0]
      [Import USER32.DLL!TranslateMessage] Stack state before cleanup:
        [ESP+00] = 0x001FEF10: 0x00411381 (return addr)
        [ESP+04] = 0x001FEF14: 0x001FEF28 (arg1)
        [ESP+08] = 0x001FEF18: 0x001FEFFC
        [ESP+12] = 0x001FEF1C: 0x00000000
        [ESP+16] = 0x001FEF20: 0x006E0018
        [ESP+20] = 0x001FEF24: 0x00000000
      
info: Win32Emu.Emulator[0]
      [Import USER32.DLL!TranslateMessage] Stack cleanup: ESP=0x001FEF10, retEIP=0x00411381, argBytes=4, new ESP=0x001FEF18
dbug: Win32Emu.Emulator[0]
      [RegisterValidation] After Import USER32.DLL!TranslateMessage: EBX=0F000480 (saved=0F000480, preserved=True), ESI=0F0005F0 (saved=0F0005F0, preserved=True), EDI=0F000600 (saved=0F000600, preserved=True), EBP=0F000470 (saved=0F000470, preserved=True, valid=False, savedValid=False), ESP=001FEF18
dbug: Win32Emu.Emulator[0]
      [Import] Successfully invoked USER32.DLL!TranslateMessage
info: Win32Emu.Emulator[0]
      [Import] Direct call to USER32.DLL!DispatchMessageA at 0x0F000480
info: Win32Emu.Emulator[0]
      Dispatching USER32.DLL!DispatchMessageA at EIP=0x0F000480 ESP=0x001FEF10 stack=88 13 41 00 28 EF 1F 00 FC EF 1F 00 00 00 00 00
info: Win32Emu.Emulator[0]
      [User32] DispatchMessageA: HWND=0x00000000 MSG=0x0000 wParam=0x00000000 lParam=0x00000000
info: Win32Emu.Emulator[0]
      [User32] DispatchMessageA: No WndProc found for HWND=0x00000000
info: Win32Emu.Emulator[0]
      [Dispatcher] USER32.DLL!DispatchMessageA returned 0x00000000, argBytes=4, convention=Stdcall
info: Win32Emu.Emulator[0]
      [Import USER32.DLL!DispatchMessageA] Return address from stack: ESP=0x001FEF10, retEIP=0x00411388
info: Win32Emu.Emulator[0]
      [Import USER32.DLL!DispatchMessageA] Stack state before cleanup:
        [ESP+00] = 0x001FEF10: 0x00411388 (return addr)
        [ESP+04] = 0x001FEF14: 0x001FEF28 (arg1)
        [ESP+08] = 0x001FEF18: 0x001FEFFC
        [ESP+12] = 0x001FEF1C: 0x00000000
        [ESP+16] = 0x001FEF20: 0x006E0018
        [ESP+20] = 0x001FEF24: 0x00000000
      
info: Win32Emu.Emulator[0]
      [Import USER32.DLL!DispatchMessageA] Stack cleanup: ESP=0x001FEF10, retEIP=0x00411388, argBytes=4, new ESP=0x001FEF18
dbug: Win32Emu.Emulator[0]
      [RegisterValidation] After Import USER32.DLL!DispatchMessageA: EBX=0F000480 (saved=0F000480, preserved=True), ESI=0F0005F0 (saved=0F0005F0, preserved=True), EDI=0F000600 (saved=0F000600, preserved=True), EBP=0F000470 (saved=0F000470, preserved=True, valid=False, savedValid=False), ESP=001FEF18
dbug: Win32Emu.Emulator[0]
      [Import] Successfully invoked USER32.DLL!DispatchMessageA
info: Win32Emu.Emulator[0]
      [Import] Direct call to USER32.DLL!GetMessageA at 0x0F000600
info: Win32Emu.Emulator[0]
      Dispatching USER32.DLL!GetMessageA at EIP=0x0F000600 ESP=0x001FEF04 stack=76 13 41 00 28 EF 1F 00 00 00 00 00 00 00 00 00
info: Win32Emu.Emulator[0]
      [Dispatcher] USER32.DLL!GetMessageA returned 0x00000001, argBytes=16, convention=Stdcall
info: Win32Emu.Emulator[0]
      [Import USER32.DLL!GetMessageA] Return address from stack: ESP=0x001FEF04, retEIP=0x00411376
info: Win32Emu.Emulator[0]
      [Import USER32.DLL!GetMessageA] Stack state before cleanup:
        [ESP+00] = 0x001FEF04: 0x00411376 (return addr)
        [ESP+04] = 0x001FEF08: 0x001FEF28 (arg1)
        [ESP+08] = 0x001FEF0C: 0x00000000 (arg2)
        [ESP+12] = 0x001FEF10: 0x00000000 (arg3)
        [ESP+16] = 0x001FEF14: 0x00000000 (arg4)
        [ESP+20] = 0x001FEF18: 0x001FEFFC
      
info: Win32Emu.Emulator[0]
      [Import USER32.DLL!GetMessageA] Stack cleanup: ESP=0x001FEF04, retEIP=0x00411376, argBytes=16, new ESP=0x001FEF18
dbug: Win32Emu.Emulator[0]
      [RegisterValidation] After Import USER32.DLL!GetMessageA: EBX=0F000480 (saved=0F000480, preserved=True), ESI=0F0005F0 (saved=0F0005F0, preserved=True), EDI=0F000600 (saved=0F000600, preserved=True), EBP=0F000470 (saved=0F000470, preserved=True, valid=False, savedValid=False), ESP=001FEF18
dbug: Win32Emu.Emulator[0]
      [Import] Successfully invoked USER32.DLL!GetMessageA
info: Win32Emu.Emulator[0]
      [Import] Direct call to USER32.DLL!TranslateMessage at 0x0F000470
info: Win32Emu.Emulator[0]
      Dispatching USER32.DLL!TranslateMessage at EIP=0x0F000470 ESP=0x001FEF10 stack=81 13 41 00 28 EF 1F 00 FC EF 1F 00 00 00 00 00
info: Win32Emu.Emulator[0]
      [User32] TranslateMessage: HWND=0x00000000 MSG=0x0000 wParam=0x00000000 lParam=0x00000000
info: Win32Emu.Emulator[0]
      [Dispatcher] USER32.DLL!TranslateMessage returned 0x00000000, argBytes=4, convention=Stdcall
info: Win32Emu.Emulator[0]
      [Import USER32.DLL!TranslateMessage] Return address from stack: ESP=0x001FEF10, retEIP=0x00411381
info: Win32Emu.Emulator[0]
      [Import USER32.DLL!TranslateMessage] Stack state before cleanup:
        [ESP+00] = 0x001FEF10: 0x00411381 (return addr)
        [ESP+04] = 0x001FEF14: 0x001FEF28 (arg1)
        [ESP+08] = 0x001FEF18: 0x001FEFFC
        [ESP+12] = 0x001FEF1C: 0x00000000
        [ESP+16] = 0x001FEF20: 0x006E0018
        [ESP+20] = 0x001FEF24: 0x00000000
      
info: Win32Emu.Emulator[0]
      [Import USER32.DLL!TranslateMessage] Stack cleanup: ESP=0x001FEF10, retEIP=0x00411381, argBytes=4, new ESP=0x001FEF18
dbug: Win32Emu.Emulator[0]
      [RegisterValidation] After Import USER32.DLL!TranslateMessage: EBX=0F000480 (saved=0F000480, preserved=True), ESI=0F0005F0 (saved=0F0005F0, preserved=True), EDI=0F000600 (saved=0F000600, preserved=True), EBP=0F000470 (saved=0F000470, preserved=True, valid=False, savedValid=False), ESP=001FEF18
dbug: Win32Emu.Emulator[0]
      [Import] Successfully invoked USER32.DLL!TranslateMessage
info: Win32Emu.Emulator[0]
      [Import] Direct call to USER32.DLL!DispatchMessageA at 0x0F000480
info: Win32Emu.Emulator[0]
      Dispatching USER32.DLL!DispatchMessageA at EIP=0x0F000480 ESP=0x001FEF10 stack=88 13 41 00 28 EF 1F 00 FC EF 1F 00 00 00 00 00
info: Win32Emu.Emulator[0]
      [User32] DispatchMessageA: HWND=0x00000000 MSG=0x0000 wParam=0x00000000 lParam=0x00000000
info: Win32Emu.Emulator[0]
      [User32] DispatchMessageA: No WndProc found for HWND=0x00000000
info: Win32Emu.Emulator[0]
      [Dispatcher] USER32.DLL!DispatchMessageA returned 0x00000000, argBytes=4, convention=Stdcall
info: Win32Emu.Emulator[0]
      [Import USER32.DLL!DispatchMessageA] Return address from stack: ESP=0x001FEF10, retEIP=0x00411388
info: Win32Emu.Emulator[0]
      [Import USER32.DLL!DispatchMessageA] Stack state before cleanup:
        [ESP+00] = 0x001FEF10: 0x00411388 (return addr)
        [ESP+04] = 0x001FEF14: 0x001FEF28 (arg1)
        [ESP+08] = 0x001FEF18: 0x001FEFFC
        [ESP+12] = 0x001FEF1C: 0x00000000
        [ESP+16] = 0x001FEF20: 0x006E0018
        [ESP+20] = 0x001FEF24: 0x00000000
      
info: Win32Emu.Emulator[0]
      [Import USER32.DLL!DispatchMessageA] Stack cleanup: ESP=0x001FEF10, retEIP=0x00411388, argBytes=4, new ESP=0x001FEF18
dbug: Win32Emu.Emulator[0]
      [RegisterValidation] After Import USER32.DLL!DispatchMessageA: EBX=0F000480 (saved=0F000480, preserved=True), ESI=0F0005F0 (saved=0F0005F0, preserved=True), EDI=0F000600 (saved=0F000600, preserved=True), EBP=0F000470 (saved=0F000470, preserved=True, valid=False, savedValid=False), ESP=001FEF18
dbug: Win32Emu.Emulator[0]
      [Import] Successfully invoked USER32.DLL!DispatchMessageA
info: Win32Emu.Emulator[0]
      [Import] Direct call to USER32.DLL!GetMessageA at 0x0F000600
info: Win32Emu.Emulator[0]
      Dispatching USER32.DLL!GetMessageA at EIP=0x0F000600 ESP=0x001FEF04 stack=76 13 41 00 28 EF 1F 00 00 00 00 00 00 00 00 00
info: Win32Emu.Emulator[0]
      [Dispatcher] USER32.DLL!GetMessageA returned 0x00000001, argBytes=16, convention=Stdcall
info: Win32Emu.Emulator[0]
      [Import USER32.DLL!GetMessageA] Return address from stack: ESP=0x001FEF04, retEIP=0x00411376
info: Win32Emu.Emulator[0]
      [Import USER32.DLL!GetMessageA] Stack state before cleanup:
        [ESP+00] = 0x001FEF04: 0x00411376 (return addr)
        [ESP+04] = 0x001FEF08: 0x001FEF28 (arg1)
        [ESP+08] = 0x001FEF0C: 0x00000000 (arg2)
        [ESP+12] = 0x001FEF10: 0x00000000 (arg3)
        [ESP+16] = 0x001FEF14: 0x00000000 (arg4)
        [ESP+20] = 0x001FEF18: 0x001FEFFC
      
info: Win32Emu.Emulator[0]
      [Import USER32.DLL!GetMessageA] Stack cleanup: ESP=0x001FEF04, retEIP=0x00411376, argBytes=16, new ESP=0x001FEF18
dbug: Win32Emu.Emulator[0]
      [RegisterValidation] After Import USER32.DLL!GetMessageA: EBX=0F000480 (saved=0F000480, preserved=True), ESI=0F0005F0 (saved=0F0005F0, preserved=True), EDI=0F000600 (saved=0F000600, preserved=True), EBP=0F000470 (saved=0F000470, preserved=True, valid=False, savedValid=False), ESP=001FEF18
dbug: Win32Emu.Emulator[0]
      [Import] Successfully invoked USER32.DLL!GetMessageA
info: Win32Emu.Emulator[0]
      [Import] Direct call to USER32.DLL!TranslateMessage at 0x0F000470
info: Win32Emu.Emulator[0]
      Dispatching USER32.DLL!TranslateMessage at EIP=0x0F000470 ESP=0x001FEF10 stack=81 13 41 00 28 EF 1F 00 FC EF 1F 00 00 00 00 00
info: Win32Emu.Emulator[0]
      [User32] TranslateMessage: HWND=0x00000000 MSG=0x0000 wParam=0x00000000 lParam=0x00000000
info: Win32Emu.Emulator[0]
      [Dispatcher] USER32.DLL!TranslateMessage returned 0x00000000, argBytes=4, convention=Stdcall
info: Win32Emu.Emulator[0]
      [Import USER32.DLL!TranslateMessage] Return address from stack: ESP=0x001FEF10, retEIP=0x00411381
info: Win32Emu.Emulator[0]
      [Import USER32.DLL!TranslateMessage] Stack state before cleanup:
        [ESP+00] = 0x001FEF10: 0x00411381 (return addr)
        [ESP+04] = 0x001FEF14: 0x001FEF28 (arg1)
        [ESP+08] = 0x001FEF18: 0x001FEFFC
        [ESP+12] = 0x001FEF1C: 0x00000000
        [ESP+16] = 0x001FEF20: 0x006E0018
        [ESP+20] = 0x001FEF24: 0x00000000
      
info: Win32Emu.Emulator[0]
      [Import USER32.DLL!TranslateMessage] Stack cleanup: ESP=0x001FEF10, retEIP=0x00411381, argBytes=4, new ESP=0x001FEF18
dbug: Win32Emu.Emulator[0]
      [RegisterValidation] After Import USER32.DLL!TranslateMessage: EBX=0F000480 (saved=0F000480, preserved=True), ESI=0F0005F0 (saved=0F0005F0, preserved=True), EDI=0F000600 (saved=0F000600, preserved=True), EBP=0F000470 (saved=0F000470, preserved=True, valid=False, savedValid=False), ESP=001FEF18
dbug: Win32Emu.Emulator[0]
      [Import] Successfully invoked USER32.DLL!TranslateMessage
info: Win32Emu.Emulator[0]
      [Import] Direct call to USER32.DLL!DispatchMessageA at 0x0F000480
info: Win32Emu.Emulator[0]
      Dispatching USER32.DLL!DispatchMessageA at EIP=0x0F000480 ESP=0x001FEF10 stack=88 13 41 00 28 EF 1F 00 FC EF 1F 00 00 00 00 00
info: Win32Emu.Emulator[0]
      [User32] DispatchMessageA: HWND=0x00000000 MSG=0x0000 wParam=0x00000000 lParam=0x00000000
info: Win32Emu.Emulator[0]
      [User32] DispatchMessageA: No WndProc found for HWND=0x00000000
info: Win32Emu.Emulator[0]
      [Dispatcher] USER32.DLL!DispatchMessageA returned 0x00000000, argBytes=4, convention=Stdcall
info: Win32Emu.Emulator[0]
      [Import USER32.DLL!DispatchMessageA] Return address from stack: ESP=0x001FEF10, retEIP=0x00411388
info: Win32Emu.Emulator[0]
      [Import USER32.DLL!DispatchMessageA] Stack state before cleanup:
        [ESP+00] = 0x001FEF10: 0x00411388 (return addr)
        [ESP+04] = 0x001FEF14: 0x001FEF28 (arg1)
        [ESP+08] = 0x001FEF18: 0x001FEFFC
        [ESP+12] = 0x001FEF1C: 0x00000000
        [ESP+16] = 0x001FEF20: 0x006E0018
        [ESP+20] = 0x001FEF24: 0x00000000
      
info: Win32Emu.Emulator[0]
      [Import USER32.DLL!DispatchMessageA] Stack cleanup: ESP=0x001FEF10, retEIP=0x00411388, argBytes=4, new ESP=0x001FEF18
dbug: Win32Emu.Emulator[0]
      [RegisterValidation] After Import USER32.DLL!DispatchMessageA: EBX=0F000480 (saved=0F000480, preserved=True), ESI=0F0005F0 (saved=0F0005F0, preserved=True), EDI=0F000600 (saved=0F000600, preserved=True), EBP=0F000470 (saved=0F000470, preserved=True, valid=False, savedValid=False), ESP=001FEF18
dbug: Win32Emu.Emulator[0]
      [Import] Successfully invoked USER32.DLL!DispatchMessageA
info: Win32Emu.Emulator[0]
      [Import] Direct call to USER32.DLL!GetMessageA at 0x0F000600
info: Win32Emu.Emulator[0]
      Dispatching USER32.DLL!GetMessageA at EIP=0x0F000600 ESP=0x001FEF04 stack=76 13 41 00 28 EF 1F 00 00 00 00 00 00 00 00 00
info: Win32Emu.Emulator[0]
      [Dispatcher] USER32.DLL!GetMessageA returned 0x00000001, argBytes=16, convention=Stdcall
info: Win32Emu.Emulator[0]
      [Import USER32.DLL!GetMessageA] Return address from stack: ESP=0x001FEF04, retEIP=0x00411376
info: Win32Emu.Emulator[0]
      [Import USER32.DLL!GetMessageA] Stack state before cleanup:
        [ESP+00] = 0x001FEF04: 0x00411376 (return addr)
        [ESP+04] = 0x001FEF08: 0x001FEF28 (arg1)
        [ESP+08] = 0x001FEF0C: 0x00000000 (arg2)
        [ESP+12] = 0x001FEF10: 0x00000000 (arg3)
        [ESP+16] = 0x001FEF14: 0x00000000 (arg4)
        [ESP+20] = 0x001FEF18: 0x001FEFFC
      
info: Win32Emu.Emulator[0]
      [Import USER32.DLL!GetMessageA] Stack cleanup: ESP=0x001FEF04, retEIP=0x00411376, argBytes=16, new ESP=0x001FEF18
dbug: Win32Emu.Emulator[0]
      [RegisterValidation] After Import USER32.DLL!GetMessageA: EBX=0F000480 (saved=0F000480, preserved=True), ESI=0F0005F0 (saved=0F0005F0, preserved=True), EDI=0F000600 (saved=0F000600, preserved=True), EBP=0F000470 (saved=0F000470, preserved=True, valid=False, savedValid=False), ESP=001FEF18
dbug: Win32Emu.Emulator[0]
      [Import] Successfully invoked USER32.DLL!GetMessageA
info: Win32Emu.Emulator[0]
      [Import] Direct call to USER32.DLL!TranslateMessage at 0x0F000470
info: Win32Emu.Emulator[0]
      Dispatching USER32.DLL!TranslateMessage at EIP=0x0F000470 ESP=0x001FEF10 stack=81 13 41 00 28 EF 1F 00 FC EF 1F 00 00 00 00 00
info: Win32Emu.Emulator[0]
      [User32] TranslateMessage: HWND=0x00000000 MSG=0x0000 wParam=0x00000000 lParam=0x00000000
info: Win32Emu.Emulator[0]
      [Dispatcher] USER32.DLL!TranslateMessage returned 0x00000000, argBytes=4, convention=Stdcall
info: Win32Emu.Emulator[0]
      [Import USER32.DLL!TranslateMessage] Return address from stack: ESP=0x001FEF10, retEIP=0x00411381
info: Win32Emu.Emulator[0]
      [Import USER32.DLL!TranslateMessage] Stack state before cleanup:
        [ESP+00] = 0x001FEF10: 0x00411381 (return addr)
        [ESP+04] = 0x001FEF14: 0x001FEF28 (arg1)
        [ESP+08] = 0x001FEF18: 0x001FEFFC
        [ESP+12] = 0x001FEF1C: 0x00000000
        [ESP+16] = 0x001FEF20: 0x006E0018
        [ESP+20] = 0x001FEF24: 0x00000000
      
info: Win32Emu.Emulator[0]
      [Import USER32.DLL!TranslateMessage] Stack cleanup: ESP=0x001FEF10, retEIP=0x00411381, argBytes=4, new ESP=0x001FEF18
dbug: Win32Emu.Emulator[0]
      [RegisterValidation] After Import USER32.DLL!TranslateMessage: EBX=0F000480 (saved=0F000480, preserved=True), ESI=0F0005F0 (saved=0F0005F0, preserved=True), EDI=0F000600 (saved=0F000600, preserved=True), EBP=0F000470 (saved=0F000470, preserved=True, valid=False, savedValid=False), ESP=001FEF18
dbug: Win32Emu.Emulator[0]
      [Import] Successfully invoked USER32.DLL!TranslateMessage
info: Win32Emu.Emulator[0]
      [Import] Direct call to USER32.DLL!DispatchMessageA at 0x0F000480
info: Win32Emu.Emulator[0]
      Dispatching USER32.DLL!DispatchMessageA at EIP=0x0F000480 ESP=0x001FEF10 stack=88 13 41 00 28 EF 1F 00 FC EF 1F 00 00 00 00 00
info: Win32Emu.Emulator[0]
      [User32] DispatchMessageA: HWND=0x00000000 MSG=0x0000 wParam=0x00000000 lParam=0x00000000
info: Win32Emu.Emulator[0]
      [User32] DispatchMessageA: No WndProc found for HWND=0x00000000
info: Win32Emu.Emulator[0]
      [Dispatcher] USER32.DLL!DispatchMessageA returned 0x00000000, argBytes=4, convention=Stdcall
info: Win32Emu.Emulator[0]
      [Import USER32.DLL!DispatchMessageA] Return address from stack: ESP=0x001FEF10, retEIP=0x00411388
info: Win32Emu.Emulator[0]
      [Import USER32.DLL!DispatchMessageA] Stack state before cleanup:
        [ESP+00] = 0x001FEF10: 0x00411388 (return addr)
        [ESP+04] = 0x001FEF14: 0x001FEF28 (arg1)
        [ESP+08] = 0x001FEF18: 0x001FEFFC
        [ESP+12] = 0x001FEF1C: 0x00000000
        [ESP+16] = 0x001FEF20: 0x006E0018
        [ESP+20] = 0x001FEF24: 0x00000000
      
info: Win32Emu.Emulator[0]
      [Import USER32.DLL!DispatchMessageA] Stack cleanup: ESP=0x001FEF10, retEIP=0x00411388, argBytes=4, new ESP=0x001FEF18
dbug: Win32Emu.Emulator[0]
      [RegisterValidation] After Import USER32.DLL!DispatchMessageA: EBX=0F000480 (saved=0F000480, preserved=True), ESI=0F0005F0 (saved=0F0005F0, preserved=True), EDI=0F000600 (saved=0F000600, preserved=True), EBP=0F000470 (saved=0F000470, preserved=True, valid=False, savedValid=False), ESP=001FEF18
dbug: Win32Emu.Emulator[0]
      [Import] Successfully invoked USER32.DLL!DispatchMessageA
info: Win32Emu.Emulator[0]
      [Import] Direct call to USER32.DLL!GetMessageA at 0x0F000600
info: Win32Emu.Emulator[0]
      Dispatching USER32.DLL!GetMessageA at EIP=0x0F000600 ESP=0x001FEF04 stack=76 13 41 00 28 EF 1F 00 00 00 00 00 00 00 00 00
info: Win32Emu.Emulator[0]
      [Dispatcher] USER32.DLL!GetMessageA returned 0x00000001, argBytes=16, convention=Stdcall
info: Win32Emu.Emulator[0]
      [Import USER32.DLL!GetMessageA] Return address from stack: ESP=0x001FEF04, retEIP=0x00411376
info: Win32Emu.Emulator[0]
      [Import USER32.DLL!GetMessageA] Stack state before cleanup:
        [ESP+00] = 0x001FEF04: 0x00411376 (return addr)
        [ESP+04] = 0x001FEF08: 0x001FEF28 (arg1)
        [ESP+08] = 0x001FEF0C: 0x00000000 (arg2)
        [ESP+12] = 0x001FEF10: 0x00000000 (arg3)
        [ESP+16] = 0x001FEF14: 0x00000000 (arg4)
        [ESP+20] = 0x001FEF18: 0x001FEFFC
      
info: Win32Emu.Emulator[0]
      [Import USER32.DLL!GetMessageA] Stack cleanup: ESP=0x001FEF04, retEIP=0x00411376, argBytes=16, new ESP=0x001FEF18
dbug: Win32Emu.Emulator[0]
      [RegisterValidation] After Import USER32.DLL!GetMessageA: EBX=0F000480 (saved=0F000480, preserved=True), ESI=0F0005F0 (saved=0F0005F0, preserved=True), EDI=0F000600 (saved=0F000600, preserved=True), EBP=0F000470 (saved=0F000470, preserved=True, valid=False, savedValid=False), ESP=001FEF18
dbug: Win32Emu.Emulator[0]
      [Import] Successfully invoked USER32.DLL!GetMessageA
info: Win32Emu.Emulator[0]
      [Import] Direct call to USER32.DLL!TranslateMessage at 0x0F000470
info: Win32Emu.Emulator[0]
      Dispatching USER32.DLL!TranslateMessage at EIP=0x0F000470 ESP=0x001FEF10 stack=81 13 41 00 28 EF 1F 00 FC EF 1F 00 00 00 00 00
info: Win32Emu.Emulator[0]
      [User32] TranslateMessage: HWND=0x00000000 MSG=0x0000 wParam=0x00000000 lParam=0x00000000
info: Win32Emu.Emulator[0]
      [Dispatcher] USER32.DLL!TranslateMessage returned 0x00000000, argBytes=4, convention=Stdcall
info: Win32Emu.Emulator[0]
      [Import USER32.DLL!TranslateMessage] Return address from stack: ESP=0x001FEF10, retEIP=0x00411381
info: Win32Emu.Emulator[0]
      [Import USER32.DLL!TranslateMessage] Stack state before cleanup:
        [ESP+00] = 0x001FEF10: 0x00411381 (return addr)
        [ESP+04] = 0x001FEF14: 0x001FEF28 (arg1)
        [ESP+08] = 0x001FEF18: 0x001FEFFC
        [ESP+12] = 0x001FEF1C: 0x00000000
        [ESP+16] = 0x001FEF20: 0x006E0018
        [ESP+20] = 0x001FEF24: 0x00000000
      
info: Win32Emu.Emulator[0]
      [Import USER32.DLL!TranslateMessage] Stack cleanup: ESP=0x001FEF10, retEIP=0x00411381, argBytes=4, new ESP=0x001FEF18
dbug: Win32Emu.Emulator[0]
      [RegisterValidation] After Import USER32.DLL!TranslateMessage: EBX=0F000480 (saved=0F000480, preserved=True), ESI=0F0005F0 (saved=0F0005F0, preserved=True), EDI=0F000600 (saved=0F000600, preserved=True), EBP=0F000470 (saved=0F000470, preserved=True, valid=False, savedValid=False), ESP=001FEF18
dbug: Win32Emu.Emulator[0]
      [Import] Successfully invoked USER32.DLL!TranslateMessage
info: Win32Emu.Emulator[0]
      [Import] Direct call to USER32.DLL!DispatchMessageA at 0x0F000480
info: Win32Emu.Emulator[0]
      Dispatching USER32.DLL!DispatchMessageA at EIP=0x0F000480 ESP=0x001FEF10 stack=88 13 41 00 28 EF 1F 00 FC EF 1F 00 00 00 00 00
info: Win32Emu.Emulator[0]
      [User32] DispatchMessageA: HWND=0x00000000 MSG=0x0000 wParam=0x00000000 lParam=0x00000000
info: Win32Emu.Emulator[0]
      [User32] DispatchMessageA: No WndProc found for HWND=0x00000000
info: Win32Emu.Emulator[0]
      [Dispatcher] USER32.DLL!DispatchMessageA returned 0x00000000, argBytes=4, convention=Stdcall
info: Win32Emu.Emulator[0]
      [Import USER32.DLL!DispatchMessageA] Return address from stack: ESP=0x001FEF10, retEIP=0x00411388
info: Win32Emu.Emulator[0]
      [Import USER32.DLL!DispatchMessageA] Stack state before cleanup:
        [ESP+00] = 0x001FEF10: 0x00411388 (return addr)
        [ESP+04] = 0x001FEF14: 0x001FEF28 (arg1)
        [ESP+08] = 0x001FEF18: 0x001FEFFC
        [ESP+12] = 0x001FEF1C: 0x00000000
        [ESP+16] = 0x001FEF20: 0x006E0018
        [ESP+20] = 0x001FEF24: 0x00000000
      
info: Win32Emu.Emulator[0]
      [Import USER32.DLL!DispatchMessageA] Stack cleanup: ESP=0x001FEF10, retEIP=0x00411388, argBytes=4, new ESP=0x001FEF18
dbug: Win32Emu.Emulator[0]
      [RegisterValidation] After Import USER32.DLL!DispatchMessageA: EBX=0F000480 (saved=0F000480, preserved=True), ESI=0F0005F0 (saved=0F0005F0, preserved=True), EDI=0F000600 (saved=0F000600, preserved=True), EBP=0F000470 (saved=0F000470, preserved=True, valid=False, savedValid=False), ESP=001FEF18
dbug: Win32Emu.Emulator[0]
      [Import] Successfully invoked USER32.DLL!DispatchMessageA
info: Win32Emu.Emulator[0]
      [Import] Direct call to USER32.DLL!GetMessageA at 0x0F000600
info: Win32Emu.Emulator[0]
      Dispatching USER32.DLL!GetMessageA at EIP=0x0F000600 ESP=0x001FEF04 stack=76 13 41 00 28 EF 1F 00 00 00 00 00 00 00 00 00
info: Win32Emu.Emulator[0]
      [Dispatcher] USER32.DLL!GetMessageA returned 0x00000001, argBytes=16, convention=Stdcall
info: Win32Emu.Emulator[0]
      [Import USER32.DLL!GetMessageA] Return address from stack: ESP=0x001FEF04, retEIP=0x00411376
info: Win32Emu.Emulator[0]
      [Import USER32.DLL!GetMessageA] Stack state before cleanup:
        [ESP+00] = 0x001FEF04: 0x00411376 (return addr)
        [ESP+04] = 0x001FEF08: 0x001FEF28 (arg1)
        [ESP+08] = 0x001FEF0C: 0x00000000 (arg2)
        [ESP+12] = 0x001FEF10: 0x00000000 (arg3)
        [ESP+16] = 0x001FEF14: 0x00000000 (arg4)
        [ESP+20] = 0x001FEF18: 0x001FEFFC
      
info: Win32Emu.Emulator[0]
      [Import USER32.DLL!GetMessageA] Stack cleanup: ESP=0x001FEF04, retEIP=0x00411376, argBytes=16, new ESP=0x001FEF18
dbug: Win32Emu.Emulator[0]
      [RegisterValidation] After Import USER32.DLL!GetMessageA: EBX=0F000480 (saved=0F000480, preserved=True), ESI=0F0005F0 (saved=0F0005F0, preserved=True), EDI=0F000600 (saved=0F000600, preserved=True), EBP=0F000470 (saved=0F000470, preserved=True, valid=False, savedValid=False), ESP=001FEF18
dbug: Win32Emu.Emulator[0]
      [Import] Successfully invoked USER32.DLL!GetMessageA
info: Win32Emu.Emulator[0]
      [Import] Direct call to USER32.DLL!TranslateMessage at 0x0F000470
info: Win32Emu.Emulator[0]
      Dispatching USER32.DLL!TranslateMessage at EIP=0x0F000470 ESP=0x001FEF10 stack=81 13 41 00 28 EF 1F 00 FC EF 1F 00 00 00 00 00
info: Win32Emu.Emulator[0]
      [User32] TranslateMessage: HWND=0x00000000 MSG=0x0000 wParam=0x00000000 lParam=0x00000000
info: Win32Emu.Emulator[0]
      [Dispatcher] USER32.DLL!TranslateMessage returned 0x00000000, argBytes=4, convention=Stdcall
info: Win32Emu.Emulator[0]
      [Import USER32.DLL!TranslateMessage] Return address from stack: ESP=0x001FEF10, retEIP=0x00411381
info: Win32Emu.Emulator[0]
      [Import USER32.DLL!TranslateMessage] Stack state before cleanup:
        [ESP+00] = 0x001FEF10: 0x00411381 (return addr)
        [ESP+04] = 0x001FEF14: 0x001FEF28 (arg1)
        [ESP+08] = 0x001FEF18: 0x001FEFFC
        [ESP+12] = 0x001FEF1C: 0x00000000
        [ESP+16] = 0x001FEF20: 0x006E0018
        [ESP+20] = 0x001FEF24: 0x00000000
      
info: Win32Emu.Emulator[0]
      [Import USER32.DLL!TranslateMessage] Stack cleanup: ESP=0x001FEF10, retEIP=0x00411381, argBytes=4, new ESP=0x001FEF18
dbug: Win32Emu.Emulator[0]
      [RegisterValidation] After Import USER32.DLL!TranslateMessage: EBX=0F000480 (saved=0F000480, preserved=True), ESI=0F0005F0 (saved=0F0005F0, preserved=True), EDI=0F000600 (saved=0F000600, preserved=True), EBP=0F000470 (saved=0F000470, preserved=True, valid=False, savedValid=False), ESP=001FEF18
dbug: Win32Emu.Emulator[0]
      [Import] Successfully invoked USER32.DLL!TranslateMessage
info: Win32Emu.Emulator[0]
      [Import] Direct call to USER32.DLL!DispatchMessageA at 0x0F000480
info: Win32Emu.Emulator[0]
      Dispatching USER32.DLL!DispatchMessageA at EIP=0x0F000480 ESP=0x001FEF10 stack=88 13 41 00 28 EF 1F 00 FC EF 1F 00 00 00 00 00
info: Win32Emu.Emulator[0]
      [User32] DispatchMessageA: HWND=0x00000000 MSG=0x0000 wParam=0x00000000 lParam=0x00000000
info: Win32Emu.Emulator[0]
      [User32] DispatchMessageA: No WndProc found for HWND=0x00000000
info: Win32Emu.Emulator[0]
      [Dispatcher] USER32.DLL!DispatchMessageA returned 0x00000000, argBytes=4, convention=Stdcall
info: Win32Emu.Emulator[0]
      [Import USER32.DLL!DispatchMessageA] Return address from stack: ESP=0x001FEF10, retEIP=0x00411388
info: Win32Emu.Emulator[0]
      [Import USER32.DLL!DispatchMessageA] Stack state before cleanup:
        [ESP+00] = 0x001FEF10: 0x00411388 (return addr)
        [ESP+04] = 0x001FEF14: 0x001FEF28 (arg1)
        [ESP+08] = 0x001FEF18: 0x001FEFFC
        [ESP+12] = 0x001FEF1C: 0x00000000
        [ESP+16] = 0x001FEF20: 0x006E0018
        [ESP+20] = 0x001FEF24: 0x00000000
      
info: Win32Emu.Emulator[0]
      [Import USER32.DLL!DispatchMessageA] Stack cleanup: ESP=0x001FEF10, retEIP=0x00411388, argBytes=4, new ESP=0x001FEF18
dbug: Win32Emu.Emulator[0]
      [RegisterValidation] After Import USER32.DLL!DispatchMessageA: EBX=0F000480 (saved=0F000480, preserved=True), ESI=0F0005F0 (saved=0F0005F0, preserved=True), EDI=0F000600 (saved=0F000600, preserved=True), EBP=0F000470 (saved=0F000470, preserved=True, valid=False, savedValid=False), ESP=001FEF18
dbug: Win32Emu.Emulator[0]
      [Import] Successfully invoked USER32.DLL!DispatchMessageA
info: Win32Emu.Emulator[0]
      [Import] Direct call to USER32.DLL!GetMessageA at 0x0F000600
info: Win32Emu.Emulator[0]
      Dispatching USER32.DLL!GetMessageA at EIP=0x0F000600 ESP=0x001FEF04 stack=76 13 41 00 28 EF 1F 00 00 00 00 00 00 00 00 00
info: Win32Emu.Emulator[0]
      [Dispatcher] USER32.DLL!GetMessageA returned 0x00000001, argBytes=16, convention=Stdcall
info: Win32Emu.Emulator[0]
      [Import USER32.DLL!GetMessageA] Return address from stack: ESP=0x001FEF04, retEIP=0x00411376
info: Win32Emu.Emulator[0]
      [Import USER32.DLL!GetMessageA] Stack state before cleanup:
        [ESP+00] = 0x001FEF04: 0x00411376 (return addr)
        [ESP+04] = 0x001FEF08: 0x001FEF28 (arg1)
        [ESP+08] = 0x001FEF0C: 0x00000000 (arg2)
        [ESP+12] = 0x001FEF10: 0x00000000 (arg3)
        [ESP+16] = 0x001FEF14: 0x00000000 (arg4)
        [ESP+20] = 0x001FEF18: 0x001FEFFC
      
info: Win32Emu.Emulator[0]
      [Import USER32.DLL!GetMessageA] Stack cleanup: ESP=0x001FEF04, retEIP=0x00411376, argBytes=16, new ESP=0x001FEF18
dbug: Win32Emu.Emulator[0]
      [RegisterValidation] After Import USER32.DLL!GetMessageA: EBX=0F000480 (saved=0F000480, preserved=True), ESI=0F0005F0 (saved=0F0005F0, preserved=True), EDI=0F000600 (saved=0F000600, preserved=True), EBP=0F000470 (saved=0F000470, preserved=True, valid=False, savedValid=False), ESP=001FEF18
dbug: Win32Emu.Emulator[0]
      [Import] Successfully invoked USER32.DLL!GetMessageA
info: Win32Emu.Emulator[0]
      [Import] Direct call to USER32.DLL!TranslateMessage at 0x0F000470
info: Win32Emu.Emulator[0]
      Dispatching USER32.DLL!TranslateMessage at EIP=0x0F000470 ESP=0x001FEF10 stack=81 13 41 00 28 EF 1F 00 FC EF 1F 00 00 00 00 00
info: Win32Emu.Emulator[0]
      [User32] TranslateMessage: HWND=0x00000000 MSG=0x0000 wParam=0x00000000 lParam=0x00000000
info: Win32Emu.Emulator[0]
      [Dispatcher] USER32.DLL!TranslateMessage returned 0x00000000, argBytes=4, convention=Stdcall
info: Win32Emu.Emulator[0]
      [Import USER32.DLL!TranslateMessage] Return address from stack: ESP=0x001FEF10, retEIP=0x00411381
info: Win32Emu.Emulator[0]
      [Import USER32.DLL!TranslateMessage] Stack state before cleanup:
        [ESP+00] = 0x001FEF10: 0x00411381 (return addr)
        [ESP+04] = 0x001FEF14: 0x001FEF28 (arg1)
        [ESP+08] = 0x001FEF18: 0x001FEFFC
        [ESP+12] = 0x001FEF1C: 0x00000000
        [ESP+16] = 0x001FEF20: 0x006E0018
        [ESP+20] = 0x001FEF24: 0x00000000
      
info: Win32Emu.Emulator[0]
      [Import USER32.DLL!TranslateMessage] Stack cleanup: ESP=0x001FEF10, retEIP=0x00411381, argBytes=4, new ESP=0x001FEF18
dbug: Win32Emu.Emulator[0]
      [RegisterValidation] After Import USER32.DLL!TranslateMessage: EBX=0F000480 (saved=0F000480, preserved=True), ESI=0F0005F0 (saved=0F0005F0, preserved=True), EDI=0F000600 (saved=0F000600, preserved=True), EBP=0F000470 (saved=0F000470, preserved=True, valid=False, savedValid=False), ESP=001FEF18
dbug: Win32Emu.Emulator[0]
      [Import] Successfully invoked USER32.DLL!TranslateMessage
info: Win32Emu.Emulator[0]
      [Import] Direct call to USER32.DLL!DispatchMessageA at 0x0F000480
info: Win32Emu.Emulator[0]
      Dispatching USER32.DLL!DispatchMessageA at EIP=0x0F000480 ESP=0x001FEF10 stack=88 13 41 00 28 EF 1F 00 FC EF 1F 00 00 00 00 00
info: Win32Emu.Emulator[0]
      [User32] DispatchMessageA: HWND=0x00000000 MSG=0x0000 wParam=0x00000000 lParam=0x00000000
info: Win32Emu.Emulator[0]
      [User32] DispatchMessageA: No WndProc found for HWND=0x00000000
info: Win32Emu.Emulator[0]
      [Dispatcher] USER32.DLL!DispatchMessageA returned 0x00000000, argBytes=4, convention=Stdcall
info: Win32Emu.Emulator[0]
      [Import USER32.DLL!DispatchMessageA] Return address from stack: ESP=0x001FEF10, retEIP=0x00411388
info: Win32Emu.Emulator[0]
      [Import USER32.DLL!DispatchMessageA] Stack state before cleanup:
        [ESP+00] = 0x001FEF10: 0x00411388 (return addr)
        [ESP+04] = 0x001FEF14: 0x001FEF28 (arg1)
        [ESP+08] = 0x001FEF18: 0x001FEFFC
        [ESP+12] = 0x001FEF1C: 0x00000000
        [ESP+16] = 0x001FEF20: 0x006E0018
        [ESP+20] = 0x001FEF24: 0x00000000
      
info: Win32Emu.Emulator[0]
      [Import USER32.DLL!DispatchMessageA] Stack cleanup: ESP=0x001FEF10, retEIP=0x00411388, argBytes=4, new ESP=0x001FEF18
dbug: Win32Emu.Emulator[0]
      [RegisterValidation] After Import USER32.DLL!DispatchMessageA: EBX=0F000480 (saved=0F000480, preserved=True), ESI=0F0005F0 (saved=0F0005F0, preserved=True), EDI=0F000600 (saved=0F000600, preserved=True), EBP=0F000470 (saved=0F000470, preserved=True, valid=False, savedValid=False), ESP=001FEF18
dbug: Win32Emu.Emulator[0]
      [Import] Successfully invoked USER32.DLL!DispatchMessageA
info: Win32Emu.Emulator[0]
      [Import] Direct call to USER32.DLL!GetMessageA at 0x0F000600
info: Win32Emu.Emulator[0]
      Dispatching USER32.DLL!GetMessageA at EIP=0x0F000600 ESP=0x001FEF04 stack=76 13 41 00 28 EF 1F 00 00 00 00 00 00 00 00 00
info: Win32Emu.Emulator[0]
      [Dispatcher] USER32.DLL!GetMessageA returned 0x00000001, argBytes=16, convention=Stdcall
info: Win32Emu.Emulator[0]
      [Import USER32.DLL!GetMessageA] Return address from stack: ESP=0x001FEF04, retEIP=0x00411376
info: Win32Emu.Emulator[0]
      [Import USER32.DLL!GetMessageA] Stack state before cleanup:
        [ESP+00] = 0x001FEF04: 0x00411376 (return addr)
        [ESP+04] = 0x001FEF08: 0x001FEF28 (arg1)
        [ESP+08] = 0x001FEF0C: 0x00000000 (arg2)
        [ESP+12] = 0x001FEF10: 0x00000000 (arg3)
        [ESP+16] = 0x001FEF14: 0x00000000 (arg4)
        [ESP+20] = 0x001FEF18: 0x001FEFFC
      
info: Win32Emu.Emulator[0]
      [Import USER32.DLL!GetMessageA] Stack cleanup: ESP=0x001FEF04, retEIP=0x00411376, argBytes=16, new ESP=0x001FEF18
dbug: Win32Emu.Emulator[0]
      [RegisterValidation] After Import USER32.DLL!GetMessageA: EBX=0F000480 (saved=0F000480, preserved=True), ESI=0F0005F0 (saved=0F0005F0, preserved=True), EDI=0F000600 (saved=0F000600, preserved=True), EBP=0F000470 (saved=0F000470, preserved=True, valid=False, savedValid=False), ESP=001FEF18
dbug: Win32Emu.Emulator[0]
      [Import] Successfully invoked USER32.DLL!GetMessageA
info: Win32Emu.Emulator[0]
      [Import] Direct call to USER32.DLL!TranslateMessage at 0x0F000470
info: Win32Emu.Emulator[0]
      Dispatching USER32.DLL!TranslateMessage at EIP=0x0F000470 ESP=0x001FEF10 stack=81 13 41 00 28 EF 1F 00 FC EF 1F 00 00 00 00 00
info: Win32Emu.Emulator[0]
      [User32] TranslateMessage: HWND=0x00000000 MSG=0x0000 wParam=0x00000000 lParam=0x00000000
info: Win32Emu.Emulator[0]
      [Dispatcher] USER32.DLL!TranslateMessage returned 0x00000000, argBytes=4, convention=Stdcall
info: Win32Emu.Emulator[0]
      [Import USER32.DLL!TranslateMessage] Return address from stack: ESP=0x001FEF10, retEIP=0x00411381
info: Win32Emu.Emulator[0]
      [Import USER32.DLL!TranslateMessage] Stack state before cleanup:
        [ESP+00] = 0x001FEF10: 0x00411381 (return addr)
        [ESP+04] = 0x001FEF14: 0x001FEF28 (arg1)
        [ESP+08] = 0x001FEF18: 0x001FEFFC
        [ESP+12] = 0x001FEF1C: 0x00000000
        [ESP+16] = 0x001FEF20: 0x006E0018
        [ESP+20] = 0x001FEF24: 0x00000000
      
info: Win32Emu.Emulator[0]
      [Import USER32.DLL!TranslateMessage] Stack cleanup: ESP=0x001FEF10, retEIP=0x00411381, argBytes=4, new ESP=0x001FEF18
dbug: Win32Emu.Emulator[0]
      [RegisterValidation] After Import USER32.DLL!TranslateMessage: EBX=0F000480 (saved=0F000480, preserved=True), ESI=0F0005F0 (saved=0F0005F0, preserved=True), EDI=0F000600 (saved=0F000600, preserved=True), EBP=0F000470 (saved=0F000470, preserved=True, valid=False, savedValid=False), ESP=001FEF18
dbug: Win32Emu.Emulator[0]
      [Import] Successfully invoked USER32.DLL!TranslateMessage
info: Win32Emu.Emulator[0]
      [Import] Direct call to USER32.DLL!DispatchMessageA at 0x0F000480
info: Win32Emu.Emulator[0]
      Dispatching USER32.DLL!DispatchMessageA at EIP=0x0F000480 ESP=0x001FEF10 stack=88 13 41 00 28 EF 1F 00 FC EF 1F 00 00 00 00 00
info: Win32Emu.Emulator[0]
      [User32] DispatchMessageA: HWND=0x00000000 MSG=0x0000 wParam=0x00000000 lParam=0x00000000
info: Win32Emu.Emulator[0]
      [User32] DispatchMessageA: No WndProc found for HWND=0x00000000
info: Win32Emu.Emulator[0]
      [Dispatcher] USER32.DLL!DispatchMessageA returned 0x00000000, argBytes=4, convention=Stdcall
info: Win32Emu.Emulator[0]
      [Import USER32.DLL!DispatchMessageA] Return address from stack: ESP=0x001FEF10, retEIP=0x00411388
info: Win32Emu.Emulator[0]
      [Import USER32.DLL!DispatchMessageA] Stack state before cleanup:
        [ESP+00] = 0x001FEF10: 0x00411388 (return addr)
        [ESP+04] = 0x001FEF14: 0x001FEF28 (arg1)
        [ESP+08] = 0x001FEF18: 0x001FEFFC
        [ESP+12] = 0x001FEF1C: 0x00000000
        [ESP+16] = 0x001FEF20: 0x006E0018
        [ESP+20] = 0x001FEF24: 0x00000000
      
info: Win32Emu.Emulator[0]
      [Import USER32.DLL!DispatchMessageA] Stack cleanup: ESP=0x001FEF10, retEIP=0x00411388, argBytes=4, new ESP=0x001FEF18
dbug: Win32Emu.Emulator[0]
      [RegisterValidation] After Import USER32.DLL!DispatchMessageA: EBX=0F000480 (saved=0F000480, preserved=True), ESI=0F0005F0 (saved=0F0005F0, preserved=True), EDI=0F000600 (saved=0F000600, preserved=True), EBP=0F000470 (saved=0F000470, preserved=True, valid=False, savedValid=False), ESP=001FEF18
dbug: Win32Emu.Emulator[0]
      [Import] Successfully invoked USER32.DLL!DispatchMessageA
info: Win32Emu.Emulator[0]
      [Import] Direct call to USER32.DLL!GetMessageA at 0x0F000600
info: Win32Emu.Emulator[0]
      Dispatching USER32.DLL!GetMessageA at EIP=0x0F000600 ESP=0x001FEF04 stack=76 13 41 00 28 EF 1F 00 00 00 00 00 00 00 00 00
info: Win32Emu.Emulator[0]
      [Dispatcher] USER32.DLL!GetMessageA returned 0x00000001, argBytes=16, convention=Stdcall
info: Win32Emu.Emulator[0]
      [Import USER32.DLL!GetMessageA] Return address from stack: ESP=0x001FEF04, retEIP=0x00411376
info: Win32Emu.Emulator[0]
      [Import USER32.DLL!GetMessageA] Stack state before cleanup:
        [ESP+00] = 0x001FEF04: 0x00411376 (return addr)
        [ESP+04] = 0x001FEF08: 0x001FEF28 (arg1)
        [ESP+08] = 0x001FEF0C: 0x00000000 (arg2)
        [ESP+12] = 0x001FEF10: 0x00000000 (arg3)
        [ESP+16] = 0x001FEF14: 0x00000000 (arg4)
        [ESP+20] = 0x001FEF18: 0x001FEFFC
      
info: Win32Emu.Emulator[0]
      [Import USER32.DLL!GetMessageA] Stack cleanup: ESP=0x001FEF04, retEIP=0x00411376, argBytes=16, new ESP=0x001FEF18
dbug: Win32Emu.Emulator[0]
      [RegisterValidation] After Import USER32.DLL!GetMessageA: EBX=0F000480 (saved=0F000480, preserved=True), ESI=0F0005F0 (saved=0F0005F0, preserved=True), EDI=0F000600 (saved=0F000600, preserved=True), EBP=0F000470 (saved=0F000470, preserved=True, valid=False, savedValid=False), ESP=001FEF18
dbug: Win32Emu.Emulator[0]
      [Import] Successfully invoked USER32.DLL!GetMessageA
info: Win32Emu.Emulator[0]
      [Import] Direct call to USER32.DLL!TranslateMessage at 0x0F000470
info: Win32Emu.Emulator[0]
      Dispatching USER32.DLL!TranslateMessage at EIP=0x0F000470 ESP=0x001FEF10 stack=81 13 41 00 28 EF 1F 00 FC EF 1F 00 00 00 00 00
info: Win32Emu.Emulator[0]
      [User32] TranslateMessage: HWND=0x00000000 MSG=0x0000 wParam=0x00000000 lParam=0x00000000
info: Win32Emu.Emulator[0]
      [Dispatcher] USER32.DLL!TranslateMessage returned 0x00000000, argBytes=4, convention=Stdcall
info: Win32Emu.Emulator[0]
      [Import USER32.DLL!TranslateMessage] Return address from stack: ESP=0x001FEF10, retEIP=0x00411381
info: Win32Emu.Emulator[0]
      [Import USER32.DLL!TranslateMessage] Stack state before cleanup:
        [ESP+00] = 0x001FEF10: 0x00411381 (return addr)
        [ESP+04] = 0x001FEF14: 0x001FEF28 (arg1)
        [ESP+08] = 0x001FEF18: 0x001FEFFC
        [ESP+12] = 0x001FEF1C: 0x00000000
        [ESP+16] = 0x001FEF20: 0x006E0018
        [ESP+20] = 0x001FEF24: 0x00000000
      
info: Win32Emu.Emulator[0]
      [Import USER32.DLL!TranslateMessage] Stack cleanup: ESP=0x001FEF10, retEIP=0x00411381, argBytes=4, new ESP=0x001FEF18
dbug: Win32Emu.Emulator[0]
      [RegisterValidation] After Import USER32.DLL!TranslateMessage: EBX=0F000480 (saved=0F000480, preserved=True), ESI=0F0005F0 (saved=0F0005F0, preserved=True), EDI=0F000600 (saved=0F000600, preserved=True), EBP=0F000470 (saved=0F000470, preserved=True, valid=False, savedValid=False), ESP=001FEF18
dbug: Win32Emu.Emulator[0]
      [Import] Successfully invoked USER32.DLL!TranslateMessage
info: Win32Emu.Emulator[0]
      [Import] Direct call to USER32.DLL!DispatchMessageA at 0x0F000480
info: Win32Emu.Emulator[0]
      Dispatching USER32.DLL!DispatchMessageA at EIP=0x0F000480 ESP=0x001FEF10 stack=88 13 41 00 28 EF 1F 00 FC EF 1F 00 00 00 00 00
info: Win32Emu.Emulator[0]
      [User32] DispatchMessageA: HWND=0x00000000 MSG=0x0000 wParam=0x00000000 lParam=0x00000000
info: Win32Emu.Emulator[0]
      [User32] DispatchMessageA: No WndProc found for HWND=0x00000000
info: Win32Emu.Emulator[0]
      [Dispatcher] USER32.DLL!DispatchMessageA returned 0x00000000, argBytes=4, convention=Stdcall
info: Win32Emu.Emulator[0]
      [Import USER32.DLL!DispatchMessageA] Return address from stack: ESP=0x001FEF10, retEIP=0x00411388
info: Win32Emu.Emulator[0]
      [Import USER32.DLL!DispatchMessageA] Stack state before cleanup:
        [ESP+00] = 0x001FEF10: 0x00411388 (return addr)
        [ESP+04] = 0x001FEF14: 0x001FEF28 (arg1)
        [ESP+08] = 0x001FEF18: 0x001FEFFC
        [ESP+12] = 0x001FEF1C: 0x00000000
        [ESP+16] = 0x001FEF20: 0x006E0018
        [ESP+20] = 0x001FEF24: 0x00000000
      
info: Win32Emu.Emulator[0]
      [Import USER32.DLL!DispatchMessageA] Stack cleanup: ESP=0x001FEF10, retEIP=0x00411388, argBytes=4, new ESP=0x001FEF18
dbug: Win32Emu.Emulator[0]
      [RegisterValidation] After Import USER32.DLL!DispatchMessageA: EBX=0F000480 (saved=0F000480, preserved=True), ESI=0F0005F0 (saved=0F0005F0, preserved=True), EDI=0F000600 (saved=0F000600, preserved=True), EBP=0F000470 (saved=0F000470, preserved=True, valid=False, savedValid=False), ESP=001FEF18
dbug: Win32Emu.Emulator[0]
      [Import] Successfully invoked USER32.DLL!DispatchMessageA
info: Win32Emu.Emulator[0]
      [Import] Direct call to USER32.DLL!GetMessageA at 0x0F000600
info: Win32Emu.Emulator[0]
      Dispatching USER32.DLL!GetMessageA at EIP=0x0F000600 ESP=0x001FEF04 stack=76 13 41 00 28 EF 1F 00 00 00 00 00 00 00 00 00
info: Win32Emu.Emulator[0]
      [Dispatcher] USER32.DLL!GetMessageA returned 0x00000001, argBytes=16, convention=Stdcall
info: Win32Emu.Emulator[0]
      [Import USER32.DLL!GetMessageA] Return address from stack: ESP=0x001FEF04, retEIP=0x00411376
info: Win32Emu.Emulator[0]
      [Import USER32.DLL!GetMessageA] Stack state before cleanup:
        [ESP+00] = 0x001FEF04: 0x00411376 (return addr)
        [ESP+04] = 0x001FEF08: 0x001FEF28 (arg1)
        [ESP+08] = 0x001FEF0C: 0x00000000 (arg2)
        [ESP+12] = 0x001FEF10: 0x00000000 (arg3)
        [ESP+16] = 0x001FEF14: 0x00000000 (arg4)
        [ESP+20] = 0x001FEF18: 0x001FEFFC
      
info: Win32Emu.Emulator[0]
      [Import USER32.DLL!GetMessageA] Stack cleanup: ESP=0x001FEF04, retEIP=0x00411376, argBytes=16, new ESP=0x001FEF18
dbug: Win32Emu.Emulator[0]
      [RegisterValidation] After Import USER32.DLL!GetMessageA: EBX=0F000480 (saved=0F000480, preserved=True), ESI=0F0005F0 (saved=0F0005F0, preserved=True), EDI=0F000600 (saved=0F000600, preserved=True), EBP=0F000470 (saved=0F000470, preserved=True, valid=False, savedValid=False), ESP=001FEF18
dbug: Win32Emu.Emulator[0]
      [Import] Successfully invoked USER32.DLL!GetMessageA
info: Win32Emu.Emulator[0]
      [Import] Direct call to USER32.DLL!TranslateMessage at 0x0F000470
info: Win32Emu.Emulator[0]
      Dispatching USER32.DLL!TranslateMessage at EIP=0x0F000470 ESP=0x001FEF10 stack=81 13 41 00 28 EF 1F 00 FC EF 1F 00 00 00 00 00
info: Win32Emu.Emulator[0]
      [User32] TranslateMessage: HWND=0x00000000 MSG=0x0000 wParam=0x00000000 lParam=0x00000000
info: Win32Emu.Emulator[0]
      [Dispatcher] USER32.DLL!TranslateMessage returned 0x00000000, argBytes=4, convention=Stdcall
info: Win32Emu.Emulator[0]
      [Import USER32.DLL!TranslateMessage] Return address from stack: ESP=0x001FEF10, retEIP=0x00411381
info: Win32Emu.Emulator[0]
      [Import USER32.DLL!TranslateMessage] Stack state before cleanup:
        [ESP+00] = 0x001FEF10: 0x00411381 (return addr)
        [ESP+04] = 0x001FEF14: 0x001FEF28 (arg1)
        [ESP+08] = 0x001FEF18: 0x001FEFFC
        [ESP+12] = 0x001FEF1C: 0x00000000
        [ESP+16] = 0x001FEF20: 0x006E0018
        [ESP+20] = 0x001FEF24: 0x00000000
      
info: Win32Emu.Emulator[0]
      [Import USER32.DLL!TranslateMessage] Stack cleanup: ESP=0x001FEF10, retEIP=0x00411381, argBytes=4, new ESP=0x001FEF18
dbug: Win32Emu.Emulator[0]
      [RegisterValidation] After Import USER32.DLL!TranslateMessage: EBX=0F000480 (saved=0F000480, preserved=True), ESI=0F0005F0 (saved=0F0005F0, preserved=True), EDI=0F000600 (saved=0F000600, preserved=True), EBP=0F000470 (saved=0F000470, preserved=True, valid=False, savedValid=False), ESP=001FEF18
dbug: Win32Emu.Emulator[0]
      [Import] Successfully invoked USER32.DLL!TranslateMessage
info: Win32Emu.Emulator[0]
      [Import] Direct call to USER32.DLL!DispatchMessageA at 0x0F000480
info: Win32Emu.Emulator[0]
      Dispatching USER32.DLL!DispatchMessageA at EIP=0x0F000480 ESP=0x001FEF10 stack=88 13 41 00 28 EF 1F 00 FC EF 1F 00 00 00 00 00
info: Win32Emu.Emulator[0]
      [User32] DispatchMessageA: HWND=0x00000000 MSG=0x0000 wParam=0x00000000 lParam=0x00000000
info: Win32Emu.Emulator[0]
      [User32] DispatchMessageA: No WndProc found for HWND=0x00000000
info: Win32Emu.Emulator[0]
      [Dispatcher] USER32.DLL!DispatchMessageA returned 0x00000000, argBytes=4, convention=Stdcall
info: Win32Emu.Emulator[0]
      [Import USER32.DLL!DispatchMessageA] Return address from stack: ESP=0x001FEF10, retEIP=0x00411388
info: Win32Emu.Emulator[0]
      [Import USER32.DLL!DispatchMessageA] Stack state before cleanup:
        [ESP+00] = 0x001FEF10: 0x00411388 (return addr)
        [ESP+04] = 0x001FEF14: 0x001FEF28 (arg1)
        [ESP+08] = 0x001FEF18: 0x001FEFFC
        [ESP+12] = 0x001FEF1C: 0x00000000
        [ESP+16] = 0x001FEF20: 0x006E0018
        [ESP+20] = 0x001FEF24: 0x00000000
      
info: Win32Emu.Emulator[0]
      [Import USER32.DLL!DispatchMessageA] Stack cleanup: ESP=0x001FEF10, retEIP=0x00411388, argBytes=4, new ESP=0x001FEF18
dbug: Win32Emu.Emulator[0]
      [RegisterValidation] After Import USER32.DLL!DispatchMessageA: EBX=0F000480 (saved=0F000480, preserved=True), ESI=0F0005F0 (saved=0F0005F0, preserved=True), EDI=0F000600 (saved=0F000600, preserved=True), EBP=0F000470 (saved=0F000470, preserved=True, valid=False, savedValid=False), ESP=001FEF18
dbug: Win32Emu.Emulator[0]
      [Import] Successfully invoked USER32.DLL!DispatchMessageA
info: Win32Emu.Emulator[0]
      [Import] Direct call to USER32.DLL!GetMessageA at 0x0F000600
info: Win32Emu.Emulator[0]
      Dispatching USER32.DLL!GetMessageA at EIP=0x0F000600 ESP=0x001FEF04 stack=76 13 41 00 28 EF 1F 00 00 00 00 00 00 00 00 00
info: Win32Emu.Emulator[0]
      [Dispatcher] USER32.DLL!GetMessageA returned 0x00000001, argBytes=16, convention=Stdcall
info: Win32Emu.Emulator[0]
      [Import USER32.DLL!GetMessageA] Return address from stack: ESP=0x001FEF04, retEIP=0x00411376
info: Win32Emu.Emulator[0]
      [Import USER32.DLL!GetMessageA] Stack state before cleanup:
        [ESP+00] = 0x001FEF04: 0x00411376 (return addr)
        [ESP+04] = 0x001FEF08: 0x001FEF28 (arg1)
        [ESP+08] = 0x001FEF0C: 0x00000000 (arg2)
        [ESP+12] = 0x001FEF10: 0x00000000 (arg3)
        [ESP+16] = 0x001FEF14: 0x00000000 (arg4)
        [ESP+20] = 0x001FEF18: 0x001FEFFC
      
info: Win32Emu.Emulator[0]
      [Import USER32.DLL!GetMessageA] Stack cleanup: ESP=0x001FEF04, retEIP=0x00411376, argBytes=16, new ESP=0x001FEF18
dbug: Win32Emu.Emulator[0]
      [RegisterValidation] After Import USER32.DLL!GetMessageA: EBX=0F000480 (saved=0F000480, preserved=True), ESI=0F0005F0 (saved=0F0005F0, preserved=True), EDI=0F000600 (saved=0F000600, preserved=True), EBP=0F000470 (saved=0F000470, preserved=True, valid=False, savedValid=False), ESP=001FEF18
dbug: Win32Emu.Emulator[0]
      [Import] Successfully invoked USER32.DLL!GetMessageA
info: Win32Emu.Emulator[0]
      [Import] Direct call to USER32.DLL!TranslateMessage at 0x0F000470
info: Win32Emu.Emulator[0]
      Dispatching USER32.DLL!TranslateMessage at EIP=0x0F000470 ESP=0x001FEF10 stack=81 13 41 00 28 EF 1F 00 FC EF 1F 00 00 00 00 00
info: Win32Emu.Emulator[0]
      [User32] TranslateMessage: HWND=0x00000000 MSG=0x0000 wParam=0x00000000 lParam=0x00000000
info: Win32Emu.Emulator[0]
      [Dispatcher] USER32.DLL!TranslateMessage returned 0x00000000, argBytes=4, convention=Stdcall
info: Win32Emu.Emulator[0]
      [Import USER32.DLL!TranslateMessage] Return address from stack: ESP=0x001FEF10, retEIP=0x00411381
info: Win32Emu.Emulator[0]
      [Import USER32.DLL!TranslateMessage] Stack state before cleanup:
        [ESP+00] = 0x001FEF10: 0x00411381 (return addr)
        [ESP+04] = 0x001FEF14: 0x001FEF28 (arg1)
        [ESP+08] = 0x001FEF18: 0x001FEFFC
        [ESP+12] = 0x001FEF1C: 0x00000000
        [ESP+16] = 0x001FEF20: 0x006E0018
        [ESP+20] = 0x001FEF24: 0x00000000
      
info: Win32Emu.Emulator[0]
      [Import USER32.DLL!TranslateMessage] Stack cleanup: ESP=0x001FEF10, retEIP=0x00411381, argBytes=4, new ESP=0x001FEF18
dbug: Win32Emu.Emulator[0]
      [RegisterValidation] After Import USER32.DLL!TranslateMessage: EBX=0F000480 (saved=0F000480, preserved=True), ESI=0F0005F0 (saved=0F0005F0, preserved=True), EDI=0F000600 (saved=0F000600, preserved=True), EBP=0F000470 (saved=0F000470, preserved=True, valid=False, savedValid=False), ESP=001FEF18
dbug: Win32Emu.Emulator[0]
      [Import] Successfully invoked USER32.DLL!TranslateMessage
info: Win32Emu.Emulator[0]
      [Import] Direct call to USER32.DLL!DispatchMessageA at 0x0F000480
info: Win32Emu.Emulator[0]
      Dispatching USER32.DLL!DispatchMessageA at EIP=0x0F000480 ESP=0x001FEF10 stack=88 13 41 00 28 EF 1F 00 FC EF 1F 00 00 00 00 00
info: Win32Emu.Emulator[0]
      [User32] DispatchMessageA: HWND=0x00000000 MSG=0x0000 wParam=0x00000000 lParam=0x00000000
info: Win32Emu.Emulator[0]
      [User32] DispatchMessageA: No WndProc found for HWND=0x00000000
info: Win32Emu.Emulator[0]
      [Dispatcher] USER32.DLL!DispatchMessageA returned 0x00000000, argBytes=4, convention=Stdcall
info: Win32Emu.Emulator[0]
      [Import USER32.DLL!DispatchMessageA] Return address from stack: ESP=0x001FEF10, retEIP=0x00411388
info: Win32Emu.Emulator[0]
      [Import USER32.DLL!DispatchMessageA] Stack state before cleanup:
        [ESP+00] = 0x001FEF10: 0x00411388 (return addr)
        [ESP+04] = 0x001FEF14: 0x001FEF28 (arg1)
        [ESP+08] = 0x001FEF18: 0x001FEFFC
        [ESP+12] = 0x001FEF1C: 0x00000000
        [ESP+16] = 0x001FEF20: 0x006E0018
        [ESP+20] = 0x001FEF24: 0x00000000
      
info: Win32Emu.Emulator[0]
      [Import USER32.DLL!DispatchMessageA] Stack cleanup: ESP=0x001FEF10, retEIP=0x00411388, argBytes=4, new ESP=0x001FEF18
dbug: Win32Emu.Emulator[0]
      [RegisterValidation] After Import USER32.DLL!DispatchMessageA: EBX=0F000480 (saved=0F000480, preserved=True), ESI=0F0005F0 (saved=0F0005F0, preserved=True), EDI=0F000600 (saved=0F000600, preserved=True), EBP=0F000470 (saved=0F000470, preserved=True, valid=False, savedValid=False), ESP=001FEF18
dbug: Win32Emu.Emulator[0]
      [Import] Successfully invoked USER32.DLL!DispatchMessageA
info: Win32Emu.Emulator[0]
      [Import] Direct call to USER32.DLL!GetMessageA at 0x0F000600
info: Win32Emu.Emulator[0]
      Dispatching USER32.DLL!GetMessageA at EIP=0x0F000600 ESP=0x001FEF04 stack=76 13 41 00 28 EF 1F 00 00 00 00 00 00 00 00 00
info: Win32Emu.Emulator[0]
      [Dispatcher] USER32.DLL!GetMessageA returned 0x00000001, argBytes=16, convention=Stdcall
info: Win32Emu.Emulator[0]
      [Import USER32.DLL!GetMessageA] Return address from stack: ESP=0x001FEF04, retEIP=0x00411376
info: Win32Emu.Emulator[0]
      [Import USER32.DLL!GetMessageA] Stack state before cleanup:
        [ESP+00] = 0x001FEF04: 0x00411376 (return addr)
        [ESP+04] = 0x001FEF08: 0x001FEF28 (arg1)
        [ESP+08] = 0x001FEF0C: 0x00000000 (arg2)
        [ESP+12] = 0x001FEF10: 0x00000000 (arg3)
        [ESP+16] = 0x001FEF14: 0x00000000 (arg4)
        [ESP+20] = 0x001FEF18: 0x001FEFFC
      
info: Win32Emu.Emulator[0]
      [Import USER32.DLL!GetMessageA] Stack cleanup: ESP=0x001FEF04, retEIP=0x00411376, argBytes=16, new ESP=0x001FEF18
dbug: Win32Emu.Emulator[0]
      [RegisterValidation] After Import USER32.DLL!GetMessageA: EBX=0F000480 (saved=0F000480, preserved=True), ESI=0F0005F0 (saved=0F0005F0, preserved=True), EDI=0F000600 (saved=0F000600, preserved=True), EBP=0F000470 (saved=0F000470, preserved=True, valid=False, savedValid=False), ESP=001FEF18
dbug: Win32Emu.Emulator[0]
      [Import] Successfully invoked USER32.DLL!GetMessageA
info: Win32Emu.Emulator[0]
      [Import] Direct call to USER32.DLL!TranslateMessage at 0x0F000470
info: Win32Emu.Emulator[0]
      Dispatching USER32.DLL!TranslateMessage at EIP=0x0F000470 ESP=0x001FEF10 stack=81 13 41 00 28 EF 1F 00 FC EF 1F 00 00 00 00 00
info: Win32Emu.Emulator[0]
      [User32] TranslateMessage: HWND=0x00000000 MSG=0x0000 wParam=0x00000000 lParam=0x00000000
info: Win32Emu.Emulator[0]
      [Dispatcher] USER32.DLL!TranslateMessage returned 0x00000000, argBytes=4, convention=Stdcall
info: Win32Emu.Emulator[0]
      [Import USER32.DLL!TranslateMessage] Return address from stack: ESP=0x001FEF10, retEIP=0x00411381
info: Win32Emu.Emulator[0]
      [Import USER32.DLL!TranslateMessage] Stack state before cleanup:
        [ESP+00] = 0x001FEF10: 0x00411381 (return addr)
        [ESP+04] = 0x001FEF14: 0x001FEF28 (arg1)
        [ESP+08] = 0x001FEF18: 0x001FEFFC
        [ESP+12] = 0x001FEF1C: 0x00000000
        [ESP+16] = 0x001FEF20: 0x006E0018
        [ESP+20] = 0x001FEF24: 0x00000000
      
info: Win32Emu.Emulator[0]
      [Import USER32.DLL!TranslateMessage] Stack cleanup: ESP=0x001FEF10, retEIP=0x00411381, argBytes=4, new ESP=0x001FEF18
dbug: Win32Emu.Emulator[0]
      [RegisterValidation] After Import USER32.DLL!TranslateMessage: EBX=0F000480 (saved=0F000480, preserved=True), ESI=0F0005F0 (saved=0F0005F0, preserved=True), EDI=0F000600 (saved=0F000600, preserved=True), EBP=0F000470 (saved=0F000470, preserved=True, valid=False, savedValid=False), ESP=001FEF18
dbug: Win32Emu.Emulator[0]
      [Import] Successfully invoked USER32.DLL!TranslateMessage
info: Win32Emu.Emulator[0]
      [Import] Direct call to USER32.DLL!DispatchMessageA at 0x0F000480
info: Win32Emu.Emulator[0]
      Dispatching USER32.DLL!DispatchMessageA at EIP=0x0F000480 ESP=0x001FEF10 stack=88 13 41 00 28 EF 1F 00 FC EF 1F 00 00 00 00 00
info: Win32Emu.Emulator[0]
      [User32] DispatchMessageA: HWND=0x00000000 MSG=0x0000 wParam=0x00000000 lParam=0x00000000
info: Win32Emu.Emulator[0]
      [User32] DispatchMessageA: No WndProc found for HWND=0x00000000
info: Win32Emu.Emulator[0]
      [Dispatcher] USER32.DLL!DispatchMessageA returned 0x00000000, argBytes=4, convention=Stdcall
info: Win32Emu.Emulator[0]
      [Import USER32.DLL!DispatchMessageA] Return address from stack: ESP=0x001FEF10, retEIP=0x00411388
info: Win32Emu.Emulator[0]
      [Import USER32.DLL!DispatchMessageA] Stack state before cleanup:
        [ESP+00] = 0x001FEF10: 0x00411388 (return addr)
        [ESP+04] = 0x001FEF14: 0x001FEF28 (arg1)
        [ESP+08] = 0x001FEF18: 0x001FEFFC
        [ESP+12] = 0x001FEF1C: 0x00000000
        [ESP+16] = 0x001FEF20: 0x006E0018
        [ESP+20] = 0x001FEF24: 0x00000000
      
info: Win32Emu.Emulator[0]
      [Import USER32.DLL!DispatchMessageA] Stack cleanup: ESP=0x001FEF10, retEIP=0x00411388, argBytes=4, new ESP=0x001FEF18
dbug: Win32Emu.Emulator[0]
      [RegisterValidation] After Import USER32.DLL!DispatchMessageA: EBX=0F000480 (saved=0F000480, preserved=True), ESI=0F0005F0 (saved=0F0005F0, preserved=True), EDI=0F000600 (saved=0F000600, preserved=True), EBP=0F000470 (saved=0F000470, preserved=True, valid=False, savedValid=False), ESP=001FEF18
dbug: Win32Emu.Emulator[0]
      [Import] Successfully invoked USER32.DLL!DispatchMessageA
info: Win32Emu.Emulator[0]
      [Import] Direct call to USER32.DLL!GetMessageA at 0x0F000600
info: Win32Emu.Emulator[0]
      Dispatching USER32.DLL!GetMessageA at EIP=0x0F000600 ESP=0x001FEF04 stack=76 13 41 00 28 EF 1F 00 00 00 00 00 00 00 00 00
info: Win32Emu.Emulator[0]
      [Dispatcher] USER32.DLL!GetMessageA returned 0x00000001, argBytes=16, convention=Stdcall
info: Win32Emu.Emulator[0]
      [Import USER32.DLL!GetMessageA] Return address from stack: ESP=0x001FEF04, retEIP=0x00411376
info: Win32Emu.Emulator[0]
      [Import USER32.DLL!GetMessageA] Stack state before cleanup:
        [ESP+00] = 0x001FEF04: 0x00411376 (return addr)
        [ESP+04] = 0x001FEF08: 0x001FEF28 (arg1)
        [ESP+08] = 0x001FEF0C: 0x00000000 (arg2)
        [ESP+12] = 0x001FEF10: 0x00000000 (arg3)
        [ESP+16] = 0x001FEF14: 0x00000000 (arg4)
        [ESP+20] = 0x001FEF18: 0x001FEFFC
      
info: Win32Emu.Emulator[0]
      [Import USER32.DLL!GetMessageA] Stack cleanup: ESP=0x001FEF04, retEIP=0x00411376, argBytes=16, new ESP=0x001FEF18
dbug: Win32Emu.Emulator[0]
      [RegisterValidation] After Import USER32.DLL!GetMessageA: EBX=0F000480 (saved=0F000480, preserved=True), ESI=0F0005F0 (saved=0F0005F0, preserved=True), EDI=0F000600 (saved=0F000600, preserved=True), EBP=0F000470 (saved=0F000470, preserved=True, valid=False, savedValid=False), ESP=001FEF18
dbug: Win32Emu.Emulator[0]
      [Import] Successfully invoked USER32.DLL!GetMessageA
info: Win32Emu.Emulator[0]
      [Import] Direct call to USER32.DLL!TranslateMessage at 0x0F000470
info: Win32Emu.Emulator[0]
      Dispatching USER32.DLL!TranslateMessage at EIP=0x0F000470 ESP=0x001FEF10 stack=81 13 41 00 28 EF 1F 00 FC EF 1F 00 00 00 00 00
info: Win32Emu.Emulator[0]
      [User32] TranslateMessage: HWND=0x00000000 MSG=0x0000 wParam=0x00000000 lParam=0x00000000
info: Win32Emu.Emulator[0]
      [Dispatcher] USER32.DLL!TranslateMessage returned 0x00000000, argBytes=4, convention=Stdcall
info: Win32Emu.Emulator[0]
      [Import USER32.DLL!TranslateMessage] Return address from stack: ESP=0x001FEF10, retEIP=0x00411381
info: Win32Emu.Emulator[0]
      [Import USER32.DLL!TranslateMessage] Stack state before cleanup:
        [ESP+00] = 0x001FEF10: 0x00411381 (return addr)
        [ESP+04] = 0x001FEF14: 0x001FEF28 (arg1)
        [ESP+08] = 0x001FEF18: 0x001FEFFC
        [ESP+12] = 0x001FEF1C: 0x00000000
        [ESP+16] = 0x001FEF20: 0x006E0018
        [ESP+20] = 0x001FEF24: 0x00000000
      
info: Win32Emu.Emulator[0]
      [Import USER32.DLL!TranslateMessage] Stack cleanup: ESP=0x001FEF10, retEIP=0x00411381, argBytes=4, new ESP=0x001FEF18
dbug: Win32Emu.Emulator[0]
      [RegisterValidation] After Import USER32.DLL!TranslateMessage: EBX=0F000480 (saved=0F000480, preserved=True), ESI=0F0005F0 (saved=0F0005F0, preserved=True), EDI=0F000600 (saved=0F000600, preserved=True), EBP=0F000470 (saved=0F000470, preserved=True, valid=False, savedValid=False), ESP=001FEF18
dbug: Win32Emu.Emulator[0]
      [Import] Successfully invoked USER32.DLL!TranslateMessage
info: Win32Emu.Emulator[0]
      [Import] Direct call to USER32.DLL!DispatchMessageA at 0x0F000480
info: Win32Emu.Emulator[0]
      Dispatching USER32.DLL!DispatchMessageA at EIP=0x0F000480 ESP=0x001FEF10 stack=88 13 41 00 28 EF 1F 00 FC EF 1F 00 00 00 00 00
info: Win32Emu.Emulator[0]
      [User32] DispatchMessageA: HWND=0x00000000 MSG=0x0000 wParam=0x00000000 lParam=0x00000000
info: Win32Emu.Emulator[0]
      [User32] DispatchMessageA: No WndProc found for HWND=0x00000000
info: Win32Emu.Emulator[0]
      [Dispatcher] USER32.DLL!DispatchMessageA returned 0x00000000, argBytes=4, convention=Stdcall
info: Win32Emu.Emulator[0]
      [Import USER32.DLL!DispatchMessageA] Return address from stack: ESP=0x001FEF10, retEIP=0x00411388
info: Win32Emu.Emulator[0]
      [Import USER32.DLL!DispatchMessageA] Stack state before cleanup:
        [ESP+00] = 0x001FEF10: 0x00411388 (return addr)
        [ESP+04] = 0x001FEF14: 0x001FEF28 (arg1)
        [ESP+08] = 0x001FEF18: 0x001FEFFC
        [ESP+12] = 0x001FEF1C: 0x00000000
        [ESP+16] = 0x001FEF20: 0x006E0018
        [ESP+20] = 0x001FEF24: 0x00000000
      
info: Win32Emu.Emulator[0]
      [Import USER32.DLL!DispatchMessageA] Stack cleanup: ESP=0x001FEF10, retEIP=0x00411388, argBytes=4, new ESP=0x001FEF18
dbug: Win32Emu.Emulator[0]
      [RegisterValidation] After Import USER32.DLL!DispatchMessageA: EBX=0F000480 (saved=0F000480, preserved=True), ESI=0F0005F0 (saved=0F0005F0, preserved=True), EDI=0F000600 (saved=0F000600, preserved=True), EBP=0F000470 (saved=0F000470, preserved=True, valid=False, savedValid=False), ESP=001FEF18
dbug: Win32Emu.Emulator[0]
      [Import] Successfully invoked USER32.DLL!DispatchMessageA
info: Win32Emu.Emulator[0]
      [Import] Direct call to USER32.DLL!GetMessageA at 0x0F000600
info: Win32Emu.Emulator[0]
      Dispatching USER32.DLL!GetMessageA at EIP=0x0F000600 ESP=0x001FEF04 stack=76 13 41 00 28 EF 1F 00 00 00 00 00 00 00 00 00
info: Win32Emu.Emulator[0]
      [Dispatcher] USER32.DLL!GetMessageA returned 0x00000001, argBytes=16, convention=Stdcall
info: Win32Emu.Emulator[0]
      [Import USER32.DLL!GetMessageA] Return address from stack: ESP=0x001FEF04, retEIP=0x00411376
info: Win32Emu.Emulator[0]
      [Import USER32.DLL!GetMessageA] Stack state before cleanup:
        [ESP+00] = 0x001FEF04: 0x00411376 (return addr)
        [ESP+04] = 0x001FEF08: 0x001FEF28 (arg1)
        [ESP+08] = 0x001FEF0C: 0x00000000 (arg2)
        [ESP+12] = 0x001FEF10: 0x00000000 (arg3)
        [ESP+16] = 0x001FEF14: 0x00000000 (arg4)
        [ESP+20] = 0x001FEF18: 0x001FEFFC
      
info: Win32Emu.Emulator[0]
      [Import USER32.DLL!GetMessageA] Stack cleanup: ESP=0x001FEF04, retEIP=0x00411376, argBytes=16, new ESP=0x001FEF18
dbug: Win32Emu.Emulator[0]
      [RegisterValidation] After Import USER32.DLL!GetMessageA: EBX=0F000480 (saved=0F000480, preserved=True), ESI=0F0005F0 (saved=0F0005F0, preserved=True), EDI=0F000600 (saved=0F000600, preserved=True), EBP=0F000470 (saved=0F000470, preserved=True, valid=False, savedValid=False), ESP=001FEF18
dbug: Win32Emu.Emulator[0]
      [Import] Successfully invoked USER32.DLL!GetMessageA
info: Win32Emu.Emulator[0]
      [Import] Direct call to USER32.DLL!TranslateMessage at 0x0F000470
info: Win32Emu.Emulator[0]
      Dispatching USER32.DLL!TranslateMessage at EIP=0x0F000470 ESP=0x001FEF10 stack=81 13 41 00 28 EF 1F 00 FC EF 1F 00 00 00 00 00
info: Win32Emu.Emulator[0]
      [User32] TranslateMessage: HWND=0x00000000 MSG=0x0000 wParam=0x00000000 lParam=0x00000000
info: Win32Emu.Emulator[0]
      [Dispatcher] USER32.DLL!TranslateMessage returned 0x00000000, argBytes=4, convention=Stdcall
info: Win32Emu.Emulator[0]
      [Import USER32.DLL!TranslateMessage] Return address from stack: ESP=0x001FEF10, retEIP=0x00411381
info: Win32Emu.Emulator[0]
      [Import USER32.DLL!TranslateMessage] Stack state before cleanup:
        [ESP+00] = 0x001FEF10: 0x00411381 (return addr)
        [ESP+04] = 0x001FEF14: 0x001FEF28 (arg1)
        [ESP+08] = 0x001FEF18: 0x001FEFFC
        [ESP+12] = 0x001FEF1C: 0x00000000
        [ESP+16] = 0x001FEF20: 0x006E0018
        [ESP+20] = 0x001FEF24: 0x00000000
      
info: Win32Emu.Emulator[0]
      [Import USER32.DLL!TranslateMessage] Stack cleanup: ESP=0x001FEF10, retEIP=0x00411381, argBytes=4, new ESP=0x001FEF18
dbug: Win32Emu.Emulator[0]
      [RegisterValidation] After Import USER32.DLL!TranslateMessage: EBX=0F000480 (saved=0F000480, preserved=True), ESI=0F0005F0 (saved=0F0005F0, preserved=True), EDI=0F000600 (saved=0F000600, preserved=True), EBP=0F000470 (saved=0F000470, preserved=True, valid=False, savedValid=False), ESP=001FEF18
dbug: Win32Emu.Emulator[0]
      [Import] Successfully invoked USER32.DLL!TranslateMessage
info: Win32Emu.Emulator[0]
      [Import] Direct call to USER32.DLL!DispatchMessageA at 0x0F000480
info: Win32Emu.Emulator[0]
      Dispatching USER32.DLL!DispatchMessageA at EIP=0x0F000480 ESP=0x001FEF10 stack=88 13 41 00 28 EF 1F 00 FC EF 1F 00 00 00 00 00
info: Win32Emu.Emulator[0]
      [User32] DispatchMessageA: HWND=0x00000000 MSG=0x0000 wParam=0x00000000 lParam=0x00000000
info: Win32Emu.Emulator[0]
      [User32] DispatchMessageA: No WndProc found for HWND=0x00000000
info: Win32Emu.Emulator[0]
      [Dispatcher] USER32.DLL!DispatchMessageA returned 0x00000000, argBytes=4, convention=Stdcall
info: Win32Emu.Emulator[0]
      [Import USER32.DLL!DispatchMessageA] Return address from stack: ESP=0x001FEF10, retEIP=0x00411388
info: Win32Emu.Emulator[0]
      [Import USER32.DLL!DispatchMessageA] Stack state before cleanup:
        [ESP+00] = 0x001FEF10: 0x00411388 (return addr)
        [ESP+04] = 0x001FEF14: 0x001FEF28 (arg1)
        [ESP+08] = 0x001FEF18: 0x001FEFFC
        [ESP+12] = 0x001FEF1C: 0x00000000
        [ESP+16] = 0x001FEF20: 0x006E0018
        [ESP+20] = 0x001FEF24: 0x00000000
      
info: Win32Emu.Emulator[0]
      [Import USER32.DLL!DispatchMessageA] Stack cleanup: ESP=0x001FEF10, retEIP=0x00411388, argBytes=4, new ESP=0x001FEF18
dbug: Win32Emu.Emulator[0]
      [RegisterValidation] After Import USER32.DLL!DispatchMessageA: EBX=0F000480 (saved=0F000480, preserved=True), ESI=0F0005F0 (saved=0F0005F0, preserved=True), EDI=0F000600 (saved=0F000600, preserved=True), EBP=0F000470 (saved=0F000470, preserved=True, valid=False, savedValid=False), ESP=001FEF18
dbug: Win32Emu.Emulator[0]
      [Import] Successfully invoked USER32.DLL!DispatchMessageA
info: Win32Emu.Emulator[0]
      [Import] Direct call to USER32.DLL!GetMessageA at 0x0F000600
info: Win32Emu.Emulator[0]
      Dispatching USER32.DLL!GetMessageA at EIP=0x0F000600 ESP=0x001FEF04 stack=76 13 41 00 28 EF 1F 00 00 00 00 00 00 00 00 00
info: Win32Emu.Emulator[0]
      [Dispatcher] USER32.DLL!GetMessageA returned 0x00000001, argBytes=16, convention=Stdcall
info: Win32Emu.Emulator[0]
      [Import USER32.DLL!GetMessageA] Return address from stack: ESP=0x001FEF04, retEIP=0x00411376
info: Win32Emu.Emulator[0]
      [Import USER32.DLL!GetMessageA] Stack state before cleanup:
        [ESP+00] = 0x001FEF04: 0x00411376 (return addr)
        [ESP+04] = 0x001FEF08: 0x001FEF28 (arg1)
        [ESP+08] = 0x001FEF0C: 0x00000000 (arg2)
        [ESP+12] = 0x001FEF10: 0x00000000 (arg3)
        [ESP+16] = 0x001FEF14: 0x00000000 (arg4)
        [ESP+20] = 0x001FEF18: 0x001FEFFC
      
info: Win32Emu.Emulator[0]
      [Import USER32.DLL!GetMessageA] Stack cleanup: ESP=0x001FEF04, retEIP=0x00411376, argBytes=16, new ESP=0x001FEF18
dbug: Win32Emu.Emulator[0]
      [RegisterValidation] After Import USER32.DLL!GetMessageA: EBX=0F000480 (saved=0F000480, preserved=True), ESI=0F0005F0 (saved=0F0005F0, preserved=True), EDI=0F000600 (saved=0F000600, preserved=True), EBP=0F000470 (saved=0F000470, preserved=True, valid=False, savedValid=False), ESP=001FEF18
dbug: Win32Emu.Emulator[0]
      [Import] Successfully invoked USER32.DLL!GetMessageA
info: Win32Emu.Emulator[0]
      [Import] Direct call to USER32.DLL!TranslateMessage at 0x0F000470
info: Win32Emu.Emulator[0]
      Dispatching USER32.DLL!TranslateMessage at EIP=0x0F000470 ESP=0x001FEF10 stack=81 13 41 00 28 EF 1F 00 FC EF 1F 00 00 00 00 00
info: Win32Emu.Emulator[0]
      [User32] TranslateMessage: HWND=0x00000000 MSG=0x0000 wParam=0x00000000 lParam=0x00000000
info: Win32Emu.Emulator[0]
      [Dispatcher] USER32.DLL!TranslateMessage returned 0x00000000, argBytes=4, convention=Stdcall
info: Win32Emu.Emulator[0]
      [Import USER32.DLL!TranslateMessage] Return address from stack: ESP=0x001FEF10, retEIP=0x00411381
info: Win32Emu.Emulator[0]
      [Import USER32.DLL!TranslateMessage] Stack state before cleanup:
        [ESP+00] = 0x001FEF10: 0x00411381 (return addr)
        [ESP+04] = 0x001FEF14: 0x001FEF28 (arg1)
        [ESP+08] = 0x001FEF18: 0x001FEFFC
        [ESP+12] = 0x001FEF1C: 0x00000000
        [ESP+16] = 0x001FEF20: 0x006E0018
        [ESP+20] = 0x001FEF24: 0x00000000
      
info: Win32Emu.Emulator[0]
      [Import USER32.DLL!TranslateMessage] Stack cleanup: ESP=0x001FEF10, retEIP=0x00411381, argBytes=4, new ESP=0x001FEF18
dbug: Win32Emu.Emulator[0]
      [RegisterValidation] After Import USER32.DLL!TranslateMessage: EBX=0F000480 (saved=0F000480, preserved=True), ESI=0F0005F0 (saved=0F0005F0, preserved=True), EDI=0F000600 (saved=0F000600, preserved=True), EBP=0F000470 (saved=0F000470, preserved=True, valid=False, savedValid=False), ESP=001FEF18
dbug: Win32Emu.Emulator[0]
      [Import] Successfully invoked USER32.DLL!TranslateMessage
info: Win32Emu.Emulator[0]
      [Import] Direct call to USER32.DLL!DispatchMessageA at 0x0F000480
info: Win32Emu.Emulator[0]
      Dispatching USER32.DLL!DispatchMessageA at EIP=0x0F000480 ESP=0x001FEF10 stack=88 13 41 00 28 EF 1F 00 FC EF 1F 00 00 00 00 00
info: Win32Emu.Emulator[0]
      [User32] DispatchMessageA: HWND=0x00000000 MSG=0x0000 wParam=0x00000000 lParam=0x00000000
info: Win32Emu.Emulator[0]
      [User32] DispatchMessageA: No WndProc found for HWND=0x00000000
info: Win32Emu.Emulator[0]
      [Dispatcher] USER32.DLL!DispatchMessageA returned 0x00000000, argBytes=4, convention=Stdcall
info: Win32Emu.Emulator[0]
      [Import USER32.DLL!DispatchMessageA] Return address from stack: ESP=0x001FEF10, retEIP=0x00411388
info: Win32Emu.Emulator[0]
      [Import USER32.DLL!DispatchMessageA] Stack state before cleanup:
        [ESP+00] = 0x001FEF10: 0x00411388 (return addr)
        [ESP+04] = 0x001FEF14: 0x001FEF28 (arg1)
        [ESP+08] = 0x001FEF18: 0x001FEFFC
        [ESP+12] = 0x001FEF1C: 0x00000000
        [ESP+16] = 0x001FEF20: 0x006E0018
        [ESP+20] = 0x001FEF24: 0x00000000
      
info: Win32Emu.Emulator[0]
      [Import USER32.DLL!DispatchMessageA] Stack cleanup: ESP=0x001FEF10, retEIP=0x00411388, argBytes=4, new ESP=0x001FEF18
dbug: Win32Emu.Emulator[0]
      [RegisterValidation] After Import USER32.DLL!DispatchMessageA: EBX=0F000480 (saved=0F000480, preserved=True), ESI=0F0005F0 (saved=0F0005F0, preserved=True), EDI=0F000600 (saved=0F000600, preserved=True), EBP=0F000470 (saved=0F000470, preserved=True, valid=False, savedValid=False), ESP=001FEF18
dbug: Win32Emu.Emulator[0]
      [Import] Successfully invoked USER32.DLL!DispatchMessageA
info: Win32Emu.Emulator[0]
      [Import] Direct call to USER32.DLL!GetMessageA at 0x0F000600
info: Win32Emu.Emulator[0]
      Dispatching USER32.DLL!GetMessageA at EIP=0x0F000600 ESP=0x001FEF04 stack=76 13 41 00 28 EF 1F 00 00 00 00 00 00 00 00 00
info: Win32Emu.Emulator[0]
      [Dispatcher] USER32.DLL!GetMessageA returned 0x00000001, argBytes=16, convention=Stdcall
info: Win32Emu.Emulator[0]
      [Import USER32.DLL!GetMessageA] Return address from stack: ESP=0x001FEF04, retEIP=0x00411376
info: Win32Emu.Emulator[0]
      [Import USER32.DLL!GetMessageA] Stack state before cleanup:
        [ESP+00] = 0x001FEF04: 0x00411376 (return addr)
        [ESP+04] = 0x001FEF08: 0x001FEF28 (arg1)
        [ESP+08] = 0x001FEF0C: 0x00000000 (arg2)
        [ESP+12] = 0x001FEF10: 0x00000000 (arg3)
        [ESP+16] = 0x001FEF14: 0x00000000 (arg4)
        [ESP+20] = 0x001FEF18: 0x001FEFFC
      
info: Win32Emu.Emulator[0]
      [Import USER32.DLL!GetMessageA] Stack cleanup: ESP=0x001FEF04, retEIP=0x00411376, argBytes=16, new ESP=0x001FEF18
dbug: Win32Emu.Emulator[0]
      [RegisterValidation] After Import USER32.DLL!GetMessageA: EBX=0F000480 (saved=0F000480, preserved=True), ESI=0F0005F0 (saved=0F0005F0, preserved=True), EDI=0F000600 (saved=0F000600, preserved=True), EBP=0F000470 (saved=0F000470, preserved=True, valid=False, savedValid=False), ESP=001FEF18
dbug: Win32Emu.Emulator[0]
      [Import] Successfully invoked USER32.DLL!GetMessageA
info: Win32Emu.Emulator[0]
      [Import] Direct call to USER32.DLL!TranslateMessage at 0x0F000470
info: Win32Emu.Emulator[0]
      Dispatching USER32.DLL!TranslateMessage at EIP=0x0F000470 ESP=0x001FEF10 stack=81 13 41 00 28 EF 1F 00 FC EF 1F 00 00 00 00 00
info: Win32Emu.Emulator[0]
      [User32] TranslateMessage: HWND=0x00000000 MSG=0x0000 wParam=0x00000000 lParam=0x00000000
info: Win32Emu.Emulator[0]
      [Dispatcher] USER32.DLL!TranslateMessage returned 0x00000000, argBytes=4, convention=Stdcall
info: Win32Emu.Emulator[0]
      [Import USER32.DLL!TranslateMessage] Return address from stack: ESP=0x001FEF10, retEIP=0x00411381
info: Win32Emu.Emulator[0]
      [Import USER32.DLL!TranslateMessage] Stack state before cleanup:
        [ESP+00] = 0x001FEF10: 0x00411381 (return addr)
        [ESP+04] = 0x001FEF14: 0x001FEF28 (arg1)
        [ESP+08] = 0x001FEF18: 0x001FEFFC
        [ESP+12] = 0x001FEF1C: 0x00000000
        [ESP+16] = 0x001FEF20: 0x006E0018
        [ESP+20] = 0x001FEF24: 0x00000000
      
info: Win32Emu.Emulator[0]
      [Import USER32.DLL!TranslateMessage] Stack cleanup: ESP=0x001FEF10, retEIP=0x00411381, argBytes=4, new ESP=0x001FEF18
dbug: Win32Emu.Emulator[0]
      [RegisterValidation] After Import USER32.DLL!TranslateMessage: EBX=0F000480 (saved=0F000480, preserved=True), ESI=0F0005F0 (saved=0F0005F0, preserved=True), EDI=0F000600 (saved=0F000600, preserved=True), EBP=0F000470 (saved=0F000470, preserved=True, valid=False, savedValid=False), ESP=001FEF18
dbug: Win32Emu.Emulator[0]
      [Import] Successfully invoked USER32.DLL!TranslateMessage
info: Win32Emu.Emulator[0]
      [Import] Direct call to USER32.DLL!DispatchMessageA at 0x0F000480
info: Win32Emu.Emulator[0]
      Dispatching USER32.DLL!DispatchMessageA at EIP=0x0F000480 ESP=0x001FEF10 stack=88 13 41 00 28 EF 1F 00 FC EF 1F 00 00 00 00 00
info: Win32Emu.Emulator[0]
      [User32] DispatchMessageA: HWND=0x00000000 MSG=0x0000 wParam=0x00000000 lParam=0x00000000
info: Win32Emu.Emulator[0]
      [User32] DispatchMessageA: No WndProc found for HWND=0x00000000
info: Win32Emu.Emulator[0]
      [Dispatcher] USER32.DLL!DispatchMessageA returned 0x00000000, argBytes=4, convention=Stdcall
info: Win32Emu.Emulator[0]
      [Import USER32.DLL!DispatchMessageA] Return address from stack: ESP=0x001FEF10, retEIP=0x00411388
info: Win32Emu.Emulator[0]
      [Import USER32.DLL!DispatchMessageA] Stack state before cleanup:
        [ESP+00] = 0x001FEF10: 0x00411388 (return addr)
        [ESP+04] = 0x001FEF14: 0x001FEF28 (arg1)
        [ESP+08] = 0x001FEF18: 0x001FEFFC
        [ESP+12] = 0x001FEF1C: 0x00000000
        [ESP+16] = 0x001FEF20: 0x006E0018
        [ESP+20] = 0x001FEF24: 0x00000000
      
info: Win32Emu.Emulator[0]
      [Import USER32.DLL!DispatchMessageA] Stack cleanup: ESP=0x001FEF10, retEIP=0x00411388, argBytes=4, new ESP=0x001FEF18
dbug: Win32Emu.Emulator[0]
      [RegisterValidation] After Import USER32.DLL!DispatchMessageA: EBX=0F000480 (saved=0F000480, preserved=True), ESI=0F0005F0 (saved=0F0005F0, preserved=True), EDI=0F000600 (saved=0F000600, preserved=True), EBP=0F000470 (saved=0F000470, preserved=True, valid=False, savedValid=False), ESP=001FEF18
dbug: Win32Emu.Emulator[0]
      [Import] Successfully invoked USER32.DLL!DispatchMessageA
info: Win32Emu.Emulator[0]
      [Import] Direct call to USER32.DLL!GetMessageA at 0x0F000600
info: Win32Emu.Emulator[0]
      Dispatching USER32.DLL!GetMessageA at EIP=0x0F000600 ESP=0x001FEF04 stack=76 13 41 00 28 EF 1F 00 00 00 00 00 00 00 00 00
info: Win32Emu.Emulator[0]
      [Dispatcher] USER32.DLL!GetMessageA returned 0x00000001, argBytes=16, convention=Stdcall
info: Win32Emu.Emulator[0]
      [Import USER32.DLL!GetMessageA] Return address from stack: ESP=0x001FEF04, retEIP=0x00411376
info: Win32Emu.Emulator[0]
      [Import USER32.DLL!GetMessageA] Stack state before cleanup:
        [ESP+00] = 0x001FEF04: 0x00411376 (return addr)
        [ESP+04] = 0x001FEF08: 0x001FEF28 (arg1)
        [ESP+08] = 0x001FEF0C: 0x00000000 (arg2)
        [ESP+12] = 0x001FEF10: 0x00000000 (arg3)
        [ESP+16] = 0x001FEF14: 0x00000000 (arg4)
        [ESP+20] = 0x001FEF18: 0x001FEFFC
      
info: Win32Emu.Emulator[0]
      [Import USER32.DLL!GetMessageA] Stack cleanup: ESP=0x001FEF04, retEIP=0x00411376, argBytes=16, new ESP=0x001FEF18
dbug: Win32Emu.Emulator[0]
      [RegisterValidation] After Import USER32.DLL!GetMessageA: EBX=0F000480 (saved=0F000480, preserved=True), ESI=0F0005F0 (saved=0F0005F0, preserved=True), EDI=0F000600 (saved=0F000600, preserved=True), EBP=0F000470 (saved=0F000470, preserved=True, valid=False, savedValid=False), ESP=001FEF18
dbug: Win32Emu.Emulator[0]
      [Import] Successfully invoked USER32.DLL!GetMessageA
info: Win32Emu.Emulator[0]
      [Import] Direct call to USER32.DLL!TranslateMessage at 0x0F000470
info: Win32Emu.Emulator[0]
      Dispatching USER32.DLL!TranslateMessage at EIP=0x0F000470 ESP=0x001FEF10 stack=81 13 41 00 28 EF 1F 00 FC EF 1F 00 00 00 00 00
info: Win32Emu.Emulator[0]
      [User32] TranslateMessage: HWND=0x00000000 MSG=0x0000 wParam=0x00000000 lParam=0x00000000
info: Win32Emu.Emulator[0]
      [Dispatcher] USER32.DLL!TranslateMessage returned 0x00000000, argBytes=4, convention=Stdcall
info: Win32Emu.Emulator[0]
      [Import USER32.DLL!TranslateMessage] Return address from stack: ESP=0x001FEF10, retEIP=0x00411381
info: Win32Emu.Emulator[0]
      [Import USER32.DLL!TranslateMessage] Stack state before cleanup:
        [ESP+00] = 0x001FEF10: 0x00411381 (return addr)
        [ESP+04] = 0x001FEF14: 0x001FEF28 (arg1)
        [ESP+08] = 0x001FEF18: 0x001FEFFC
        [ESP+12] = 0x001FEF1C: 0x00000000
        [ESP+16] = 0x001FEF20: 0x006E0018
        [ESP+20] = 0x001FEF24: 0x00000000
      
info: Win32Emu.Emulator[0]
      [Import USER32.DLL!TranslateMessage] Stack cleanup: ESP=0x001FEF10, retEIP=0x00411381, argBytes=4, new ESP=0x001FEF18
dbug: Win32Emu.Emulator[0]
      [RegisterValidation] After Import USER32.DLL!TranslateMessage: EBX=0F000480 (saved=0F000480, preserved=True), ESI=0F0005F0 (saved=0F0005F0, preserved=True), EDI=0F000600 (saved=0F000600, preserved=True), EBP=0F000470 (saved=0F000470, preserved=True, valid=False, savedValid=False), ESP=001FEF18
dbug: Win32Emu.Emulator[0]
      [Import] Successfully invoked USER32.DLL!TranslateMessage
info: Win32Emu.Emulator[0]
      [Import] Direct call to USER32.DLL!DispatchMessageA at 0x0F000480
info: Win32Emu.Emulator[0]
      Dispatching USER32.DLL!DispatchMessageA at EIP=0x0F000480 ESP=0x001FEF10 stack=88 13 41 00 28 EF 1F 00 FC EF 1F 00 00 00 00 00
info: Win32Emu.Emulator[0]
      [User32] DispatchMessageA: HWND=0x00000000 MSG=0x0000 wParam=0x00000000 lParam=0x00000000
info: Win32Emu.Emulator[0]
      [User32] DispatchMessageA: No WndProc found for HWND=0x00000000
info: Win32Emu.Emulator[0]
      [Dispatcher] USER32.DLL!DispatchMessageA returned 0x00000000, argBytes=4, convention=Stdcall
info: Win32Emu.Emulator[0]
      [Import USER32.DLL!DispatchMessageA] Return address from stack: ESP=0x001FEF10, retEIP=0x00411388
info: Win32Emu.Emulator[0]
      [Import USER32.DLL!DispatchMessageA] Stack state before cleanup:
        [ESP+00] = 0x001FEF10: 0x00411388 (return addr)
        [ESP+04] = 0x001FEF14: 0x001FEF28 (arg1)
        [ESP+08] = 0x001FEF18: 0x001FEFFC
        [ESP+12] = 0x001FEF1C: 0x00000000
        [ESP+16] = 0x001FEF20: 0x006E0018
        [ESP+20] = 0x001FEF24: 0x00000000
      
info: Win32Emu.Emulator[0]
      [Import USER32.DLL!DispatchMessageA] Stack cleanup: ESP=0x001FEF10, retEIP=0x00411388, argBytes=4, new ESP=0x001FEF18
dbug: Win32Emu.Emulator[0]
      [RegisterValidation] After Import USER32.DLL!DispatchMessageA: EBX=0F000480 (saved=0F000480, preserved=True), ESI=0F0005F0 (saved=0F0005F0, preserved=True), EDI=0F000600 (saved=0F000600, preserved=True), EBP=0F000470 (saved=0F000470, preserved=True, valid=False, savedValid=False), ESP=001FEF18
dbug: Win32Emu.Emulator[0]
      [Import] Successfully invoked USER32.DLL!DispatchMessageA
info: Win32Emu.Emulator[0]
      [Import] Direct call to USER32.DLL!GetMessageA at 0x0F000600
info: Win32Emu.Emulator[0]
      Dispatching USER32.DLL!GetMessageA at EIP=0x0F000600 ESP=0x001FEF04 stack=76 13 41 00 28 EF 1F 00 00 00 00 00 00 00 00 00
info: Win32Emu.Emulator[0]
      [Dispatcher] USER32.DLL!GetMessageA returned 0x00000001, argBytes=16, convention=Stdcall
info: Win32Emu.Emulator[0]
      [Import USER32.DLL!GetMessageA] Return address from stack: ESP=0x001FEF04, retEIP=0x00411376
info: Win32Emu.Emulator[0]
      [Import USER32.DLL!GetMessageA] Stack state before cleanup:
        [ESP+00] = 0x001FEF04: 0x00411376 (return addr)
        [ESP+04] = 0x001FEF08: 0x001FEF28 (arg1)
        [ESP+08] = 0x001FEF0C: 0x00000000 (arg2)
        [ESP+12] = 0x001FEF10: 0x00000000 (arg3)
        [ESP+16] = 0x001FEF14: 0x00000000 (arg4)
        [ESP+20] = 0x001FEF18: 0x001FEFFC
      
info: Win32Emu.Emulator[0]
      [Import USER32.DLL!GetMessageA] Stack cleanup: ESP=0x001FEF04, retEIP=0x00411376, argBytes=16, new ESP=0x001FEF18
dbug: Win32Emu.Emulator[0]
      [RegisterValidation] After Import USER32.DLL!GetMessageA: EBX=0F000480 (saved=0F000480, preserved=True), ESI=0F0005F0 (saved=0F0005F0, preserved=True), EDI=0F000600 (saved=0F000600, preserved=True), EBP=0F000470 (saved=0F000470, preserved=True, valid=False, savedValid=False), ESP=001FEF18
dbug: Win32Emu.Emulator[0]
      [Import] Successfully invoked USER32.DLL!GetMessageA
info: Win32Emu.Emulator[0]
      [Import] Direct call to USER32.DLL!TranslateMessage at 0x0F000470
info: Win32Emu.Emulator[0]
      Dispatching USER32.DLL!TranslateMessage at EIP=0x0F000470 ESP=0x001FEF10 stack=81 13 41 00 28 EF 1F 00 FC EF 1F 00 00 00 00 00
info: Win32Emu.Emulator[0]
      [User32] TranslateMessage: HWND=0x00000000 MSG=0x0000 wParam=0x00000000 lParam=0x00000000
info: Win32Emu.Emulator[0]
      [Dispatcher] USER32.DLL!TranslateMessage returned 0x00000000, argBytes=4, convention=Stdcall
info: Win32Emu.Emulator[0]
      [Import USER32.DLL!TranslateMessage] Return address from stack: ESP=0x001FEF10, retEIP=0x00411381
info: Win32Emu.Emulator[0]
      [Import USER32.DLL!TranslateMessage] Stack state before cleanup:
        [ESP+00] = 0x001FEF10: 0x00411381 (return addr)
        [ESP+04] = 0x001FEF14: 0x001FEF28 (arg1)
        [ESP+08] = 0x001FEF18: 0x001FEFFC
        [ESP+12] = 0x001FEF1C: 0x00000000
        [ESP+16] = 0x001FEF20: 0x006E0018
        [ESP+20] = 0x001FEF24: 0x00000000
      
info: Win32Emu.Emulator[0]
      [Import USER32.DLL!TranslateMessage] Stack cleanup: ESP=0x001FEF10, retEIP=0x00411381, argBytes=4, new ESP=0x001FEF18
dbug: Win32Emu.Emulator[0]
      [RegisterValidation] After Import USER32.DLL!TranslateMessage: EBX=0F000480 (saved=0F000480, preserved=True), ESI=0F0005F0 (saved=0F0005F0, preserved=True), EDI=0F000600 (saved=0F000600, preserved=True), EBP=0F000470 (saved=0F000470, preserved=True, valid=False, savedValid=False), ESP=001FEF18
dbug: Win32Emu.Emulator[0]
      [Import] Successfully invoked USER32.DLL!TranslateMessage
info: Win32Emu.Emulator[0]
      [Import] Direct call to USER32.DLL!DispatchMessageA at 0x0F000480
info: Win32Emu.Emulator[0]
      Dispatching USER32.DLL!DispatchMessageA at EIP=0x0F000480 ESP=0x001FEF10 stack=88 13 41 00 28 EF 1F 00 FC EF 1F 00 00 00 00 00
info: Win32Emu.Emulator[0]
      [User32] DispatchMessageA: HWND=0x00000000 MSG=0x0000 wParam=0x00000000 lParam=0x00000000
info: Win32Emu.Emulator[0]
      [User32] DispatchMessageA: No WndProc found for HWND=0x00000000
info: Win32Emu.Emulator[0]
      [Dispatcher] USER32.DLL!DispatchMessageA returned 0x00000000, argBytes=4, convention=Stdcall
info: Win32Emu.Emulator[0]
      [Import USER32.DLL!DispatchMessageA] Return address from stack: ESP=0x001FEF10, retEIP=0x00411388
info: Win32Emu.Emulator[0]
      [Import USER32.DLL!DispatchMessageA] Stack state before cleanup:
        [ESP+00] = 0x001FEF10: 0x00411388 (return addr)
        [ESP+04] = 0x001FEF14: 0x001FEF28 (arg1)
        [ESP+08] = 0x001FEF18: 0x001FEFFC
        [ESP+12] = 0x001FEF1C: 0x00000000
        [ESP+16] = 0x001FEF20: 0x006E0018
        [ESP+20] = 0x001FEF24: 0x00000000
      
info: Win32Emu.Emulator[0]
      [Import USER32.DLL!DispatchMessageA] Stack cleanup: ESP=0x001FEF10, retEIP=0x00411388, argBytes=4, new ESP=0x001FEF18
dbug: Win32Emu.Emulator[0]
      [RegisterValidation] After Import USER32.DLL!DispatchMessageA: EBX=0F000480 (saved=0F000480, preserved=True), ESI=0F0005F0 (saved=0F0005F0, preserved=True), EDI=0F000600 (saved=0F000600, preserved=True), EBP=0F000470 (saved=0F000470, preserved=True, valid=False, savedValid=False), ESP=001FEF18
dbug: Win32Emu.Emulator[0]
      [Import] Successfully invoked USER32.DLL!DispatchMessageA
info: Win32Emu.Emulator[0]
      [Import] Direct call to USER32.DLL!GetMessageA at 0x0F000600
info: Win32Emu.Emulator[0]
      Dispatching USER32.DLL!GetMessageA at EIP=0x0F000600 ESP=0x001FEF04 stack=76 13 41 00 28 EF 1F 00 00 00 00 00 00 00 00 00
info: Win32Emu.Emulator[0]
      [Dispatcher] USER32.DLL!GetMessageA returned 0x00000001, argBytes=16, convention=Stdcall
info: Win32Emu.Emulator[0]
      [Import USER32.DLL!GetMessageA] Return address from stack: ESP=0x001FEF04, retEIP=0x00411376
info: Win32Emu.Emulator[0]
      [Import USER32.DLL!GetMessageA] Stack state before cleanup:
        [ESP+00] = 0x001FEF04: 0x00411376 (return addr)
        [ESP+04] = 0x001FEF08: 0x001FEF28 (arg1)
        [ESP+08] = 0x001FEF0C: 0x00000000 (arg2)
        [ESP+12] = 0x001FEF10: 0x00000000 (arg3)
        [ESP+16] = 0x001FEF14: 0x00000000 (arg4)
        [ESP+20] = 0x001FEF18: 0x001FEFFC
      
info: Win32Emu.Emulator[0]
      [Import USER32.DLL!GetMessageA] Stack cleanup: ESP=0x001FEF04, retEIP=0x00411376, argBytes=16, new ESP=0x001FEF18
dbug: Win32Emu.Emulator[0]
      [RegisterValidation] After Import USER32.DLL!GetMessageA: EBX=0F000480 (saved=0F000480, preserved=True), ESI=0F0005F0 (saved=0F0005F0, preserved=True), EDI=0F000600 (saved=0F000600, preserved=True), EBP=0F000470 (saved=0F000470, preserved=True, valid=False, savedValid=False), ESP=001FEF18
dbug: Win32Emu.Emulator[0]
      [Import] Successfully invoked USER32.DLL!GetMessageA
info: Win32Emu.Emulator[0]
      [Import] Direct call to USER32.DLL!TranslateMessage at 0x0F000470
info: Win32Emu.Emulator[0]
      Dispatching USER32.DLL!TranslateMessage at EIP=0x0F000470 ESP=0x001FEF10 stack=81 13 41 00 28 EF 1F 00 FC EF 1F 00 00 00 00 00
info: Win32Emu.Emulator[0]
      [User32] TranslateMessage: HWND=0x00000000 MSG=0x0000 wParam=0x00000000 lParam=0x00000000
info: Win32Emu.Emulator[0]
      [Dispatcher] USER32.DLL!TranslateMessage returned 0x00000000, argBytes=4, convention=Stdcall
info: Win32Emu.Emulator[0]
      [Import USER32.DLL!TranslateMessage] Return address from stack: ESP=0x001FEF10, retEIP=0x00411381
info: Win32Emu.Emulator[0]
      [Import USER32.DLL!TranslateMessage] Stack state before cleanup:
        [ESP+00] = 0x001FEF10: 0x00411381 (return addr)
        [ESP+04] = 0x001FEF14: 0x001FEF28 (arg1)
        [ESP+08] = 0x001FEF18: 0x001FEFFC
        [ESP+12] = 0x001FEF1C: 0x00000000
        [ESP+16] = 0x001FEF20: 0x006E0018
        [ESP+20] = 0x001FEF24: 0x00000000
      
info: Win32Emu.Emulator[0]
      [Import USER32.DLL!TranslateMessage] Stack cleanup: ESP=0x001FEF10, retEIP=0x00411381, argBytes=4, new ESP=0x001FEF18
dbug: Win32Emu.Emulator[0]
      [RegisterValidation] After Import USER32.DLL!TranslateMessage: EBX=0F000480 (saved=0F000480, preserved=True), ESI=0F0005F0 (saved=0F0005F0, preserved=True), EDI=0F000600 (saved=0F000600, preserved=True), EBP=0F000470 (saved=0F000470, preserved=True, valid=False, savedValid=False), ESP=001FEF18
dbug: Win32Emu.Emulator[0]
      [Import] Successfully invoked USER32.DLL!TranslateMessage
info: Win32Emu.Emulator[0]
      [Import] Direct call to USER32.DLL!DispatchMessageA at 0x0F000480
info: Win32Emu.Emulator[0]
      Dispatching USER32.DLL!DispatchMessageA at EIP=0x0F000480 ESP=0x001FEF10 stack=88 13 41 00 28 EF 1F 00 FC EF 1F 00 00 00 00 00
info: Win32Emu.Emulator[0]
      [User32] DispatchMessageA: HWND=0x00000000 MSG=0x0000 wParam=0x00000000 lParam=0x00000000
info: Win32Emu.Emulator[0]
      [User32] DispatchMessageA: No WndProc found for HWND=0x00000000
info: Win32Emu.Emulator[0]
      [Dispatcher] USER32.DLL!DispatchMessageA returned 0x00000000, argBytes=4, convention=Stdcall
info: Win32Emu.Emulator[0]
      [Import USER32.DLL!DispatchMessageA] Return address from stack: ESP=0x001FEF10, retEIP=0x00411388
info: Win32Emu.Emulator[0]
      [Import USER32.DLL!DispatchMessageA] Stack state before cleanup:
        [ESP+00] = 0x001FEF10: 0x00411388 (return addr)
        [ESP+04] = 0x001FEF14: 0x001FEF28 (arg1)
        [ESP+08] = 0x001FEF18: 0x001FEFFC
        [ESP+12] = 0x001FEF1C: 0x00000000
        [ESP+16] = 0x001FEF20: 0x006E0018
        [ESP+20] = 0x001FEF24: 0x00000000
      
info: Win32Emu.Emulator[0]
      [Import USER32.DLL!DispatchMessageA] Stack cleanup: ESP=0x001FEF10, retEIP=0x00411388, argBytes=4, new ESP=0x001FEF18
dbug: Win32Emu.Emulator[0]
      [RegisterValidation] After Import USER32.DLL!DispatchMessageA: EBX=0F000480 (saved=0F000480, preserved=True), ESI=0F0005F0 (saved=0F0005F0, preserved=True), EDI=0F000600 (saved=0F000600, preserved=True), EBP=0F000470 (saved=0F000470, preserved=True, valid=False, savedValid=False), ESP=001FEF18
dbug: Win32Emu.Emulator[0]
      [Import] Successfully invoked USER32.DLL!DispatchMessageA
info: Win32Emu.Emulator[0]
      [Import] Direct call to USER32.DLL!GetMessageA at 0x0F000600
info: Win32Emu.Emulator[0]
      Dispatching USER32.DLL!GetMessageA at EIP=0x0F000600 ESP=0x001FEF04 stack=76 13 41 00 28 EF 1F 00 00 00 00 00 00 00 00 00
info: Win32Emu.Emulator[0]
      [Dispatcher] USER32.DLL!GetMessageA returned 0x00000001, argBytes=16, convention=Stdcall
info: Win32Emu.Emulator[0]
      [Import USER32.DLL!GetMessageA] Return address from stack: ESP=0x001FEF04, retEIP=0x00411376
info: Win32Emu.Emulator[0]
      [Import USER32.DLL!GetMessageA] Stack state before cleanup:
        [ESP+00] = 0x001FEF04: 0x00411376 (return addr)
        [ESP+04] = 0x001FEF08: 0x001FEF28 (arg1)
        [ESP+08] = 0x001FEF0C: 0x00000000 (arg2)
        [ESP+12] = 0x001FEF10: 0x00000000 (arg3)
        [ESP+16] = 0x001FEF14: 0x00000000 (arg4)
        [ESP+20] = 0x001FEF18: 0x001FEFFC
      
info: Win32Emu.Emulator[0]
      [Import USER32.DLL!GetMessageA] Stack cleanup: ESP=0x001FEF04, retEIP=0x00411376, argBytes=16, new ESP=0x001FEF18
dbug: Win32Emu.Emulator[0]
      [RegisterValidation] After Import USER32.DLL!GetMessageA: EBX=0F000480 (saved=0F000480, preserved=True), ESI=0F0005F0 (saved=0F0005F0, preserved=True), EDI=0F000600 (saved=0F000600, preserved=True), EBP=0F000470 (saved=0F000470, preserved=True, valid=False, savedValid=False), ESP=001FEF18
dbug: Win32Emu.Emulator[0]
      [Import] Successfully invoked USER32.DLL!GetMessageA
info: Win32Emu.Emulator[0]
      [Import] Direct call to USER32.DLL!TranslateMessage at 0x0F000470
info: Win32Emu.Emulator[0]
      Dispatching USER32.DLL!TranslateMessage at EIP=0x0F000470 ESP=0x001FEF10 stack=81 13 41 00 28 EF 1F 00 FC EF 1F 00 00 00 00 00
info: Win32Emu.Emulator[0]
      [User32] TranslateMessage: HWND=0x00000000 MSG=0x0000 wParam=0x00000000 lParam=0x00000000
info: Win32Emu.Emulator[0]
      [Dispatcher] USER32.DLL!TranslateMessage returned 0x00000000, argBytes=4, convention=Stdcall
info: Win32Emu.Emulator[0]
      [Import USER32.DLL!TranslateMessage] Return address from stack: ESP=0x001FEF10, retEIP=0x00411381
info: Win32Emu.Emulator[0]
      [Import USER32.DLL!TranslateMessage] Stack state before cleanup:
        [ESP+00] = 0x001FEF10: 0x00411381 (return addr)
        [ESP+04] = 0x001FEF14: 0x001FEF28 (arg1)
        [ESP+08] = 0x001FEF18: 0x001FEFFC
        [ESP+12] = 0x001FEF1C: 0x00000000
        [ESP+16] = 0x001FEF20: 0x006E0018
        [ESP+20] = 0x001FEF24: 0x00000000
      
info: Win32Emu.Emulator[0]
      [Import USER32.DLL!TranslateMessage] Stack cleanup: ESP=0x001FEF10, retEIP=0x00411381, argBytes=4, new ESP=0x001FEF18
dbug: Win32Emu.Emulator[0]
      [RegisterValidation] After Import USER32.DLL!TranslateMessage: EBX=0F000480 (saved=0F000480, preserved=True), ESI=0F0005F0 (saved=0F0005F0, preserved=True), EDI=0F000600 (saved=0F000600, preserved=True), EBP=0F000470 (saved=0F000470, preserved=True, valid=False, savedValid=False), ESP=001FEF18
dbug: Win32Emu.Emulator[0]
      [Import] Successfully invoked USER32.DLL!TranslateMessage
info: Win32Emu.Emulator[0]
      [Import] Direct call to USER32.DLL!DispatchMessageA at 0x0F000480
info: Win32Emu.Emulator[0]
      Dispatching USER32.DLL!DispatchMessageA at EIP=0x0F000480 ESP=0x001FEF10 stack=88 13 41 00 28 EF 1F 00 FC EF 1F 00 00 00 00 00
info: Win32Emu.Emulator[0]
      [User32] DispatchMessageA: HWND=0x00000000 MSG=0x0000 wParam=0x00000000 lParam=0x00000000
info: Win32Emu.Emulator[0]
      [User32] DispatchMessageA: No WndProc found for HWND=0x00000000
info: Win32Emu.Emulator[0]
      [Dispatcher] USER32.DLL!DispatchMessageA returned 0x00000000, argBytes=4, convention=Stdcall
info: Win32Emu.Emulator[0]
      [Import USER32.DLL!DispatchMessageA] Return address from stack: ESP=0x001FEF10, retEIP=0x00411388
info: Win32Emu.Emulator[0]
      [Import USER32.DLL!DispatchMessageA] Stack state before cleanup:
        [ESP+00] = 0x001FEF10: 0x00411388 (return addr)
        [ESP+04] = 0x001FEF14: 0x001FEF28 (arg1)
        [ESP+08] = 0x001FEF18: 0x001FEFFC
        [ESP+12] = 0x001FEF1C: 0x00000000
        [ESP+16] = 0x001FEF20: 0x006E0018
        [ESP+20] = 0x001FEF24: 0x00000000
      
info: Win32Emu.Emulator[0]
      [Import USER32.DLL!DispatchMessageA] Stack cleanup: ESP=0x001FEF10, retEIP=0x00411388, argBytes=4, new ESP=0x001FEF18
dbug: Win32Emu.Emulator[0]
      [RegisterValidation] After Import USER32.DLL!DispatchMessageA: EBX=0F000480 (saved=0F000480, preserved=True), ESI=0F0005F0 (saved=0F0005F0, preserved=True), EDI=0F000600 (saved=0F000600, preserved=True), EBP=0F000470 (saved=0F000470, preserved=True, valid=False, savedValid=False), ESP=001FEF18
dbug: Win32Emu.Emulator[0]
      [Import] Successfully invoked USER32.DLL!DispatchMessageA
info: Win32Emu.Emulator[0]
      [Import] Direct call to USER32.DLL!GetMessageA at 0x0F000600
info: Win32Emu.Emulator[0]
      Dispatching USER32.DLL!GetMessageA at EIP=0x0F000600 ESP=0x001FEF04 stack=76 13 41 00 28 EF 1F 00 00 00 00 00 00 00 00 00
info: Win32Emu.Emulator[0]
      [Dispatcher] USER32.DLL!GetMessageA returned 0x00000001, argBytes=16, convention=Stdcall
info: Win32Emu.Emulator[0]
      [Import USER32.DLL!GetMessageA] Return address from stack: ESP=0x001FEF04, retEIP=0x00411376
info: Win32Emu.Emulator[0]
      [Import USER32.DLL!GetMessageA] Stack state before cleanup:
        [ESP+00] = 0x001FEF04: 0x00411376 (return addr)
        [ESP+04] = 0x001FEF08: 0x001FEF28 (arg1)
        [ESP+08] = 0x001FEF0C: 0x00000000 (arg2)
        [ESP+12] = 0x001FEF10: 0x00000000 (arg3)
        [ESP+16] = 0x001FEF14: 0x00000000 (arg4)
        [ESP+20] = 0x001FEF18: 0x001FEFFC
      
info: Win32Emu.Emulator[0]
      [Import USER32.DLL!GetMessageA] Stack cleanup: ESP=0x001FEF04, retEIP=0x00411376, argBytes=16, new ESP=0x001FEF18
dbug: Win32Emu.Emulator[0]
      [RegisterValidation] After Import USER32.DLL!GetMessageA: EBX=0F000480 (saved=0F000480, preserved=True), ESI=0F0005F0 (saved=0F0005F0, preserved=True), EDI=0F000600 (saved=0F000600, preserved=True), EBP=0F000470 (saved=0F000470, preserved=True, valid=False, savedValid=False), ESP=001FEF18
dbug: Win32Emu.Emulator[0]
      [Import] Successfully invoked USER32.DLL!GetMessageA
info: Win32Emu.Emulator[0]
      [Import] Direct call to USER32.DLL!TranslateMessage at 0x0F000470
info: Win32Emu.Emulator[0]
      Dispatching USER32.DLL!TranslateMessage at EIP=0x0F000470 ESP=0x001FEF10 stack=81 13 41 00 28 EF 1F 00 FC EF 1F 00 00 00 00 00
info: Win32Emu.Emulator[0]
      [User32] TranslateMessage: HWND=0x00000000 MSG=0x0000 wParam=0x00000000 lParam=0x00000000
info: Win32Emu.Emulator[0]
      [Dispatcher] USER32.DLL!TranslateMessage returned 0x00000000, argBytes=4, convention=Stdcall
info: Win32Emu.Emulator[0]
      [Import USER32.DLL!TranslateMessage] Return address from stack: ESP=0x001FEF10, retEIP=0x00411381
info: Win32Emu.Emulator[0]
      [Import USER32.DLL!TranslateMessage] Stack state before cleanup:
        [ESP+00] = 0x001FEF10: 0x00411381 (return addr)
        [ESP+04] = 0x001FEF14: 0x001FEF28 (arg1)
        [ESP+08] = 0x001FEF18: 0x001FEFFC
        [ESP+12] = 0x001FEF1C: 0x00000000
        [ESP+16] = 0x001FEF20: 0x006E0018
        [ESP+20] = 0x001FEF24: 0x00000000
      
info: Win32Emu.Emulator[0]
      [Import USER32.DLL!TranslateMessage] Stack cleanup: ESP=0x001FEF10, retEIP=0x00411381, argBytes=4, new ESP=0x001FEF18
dbug: Win32Emu.Emulator[0]
      [RegisterValidation] After Import USER32.DLL!TranslateMessage: EBX=0F000480 (saved=0F000480, preserved=True), ESI=0F0005F0 (saved=0F0005F0, preserved=True), EDI=0F000600 (saved=0F000600, preserved=True), EBP=0F000470 (saved=0F000470, preserved=True, valid=False, savedValid=False), ESP=001FEF18
dbug: Win32Emu.Emulator[0]
      [Import] Successfully invoked USER32.DLL!TranslateMessage
info: Win32Emu.Emulator[0]
      [Import] Direct call to USER32.DLL!DispatchMessageA at 0x0F000480
info: Win32Emu.Emulator[0]
      Dispatching USER32.DLL!DispatchMessageA at EIP=0x0F000480 ESP=0x001FEF10 stack=88 13 41 00 28 EF 1F 00 FC EF 1F 00 00 00 00 00
info: Win32Emu.Emulator[0]
      [User32] DispatchMessageA: HWND=0x00000000 MSG=0x0000 wParam=0x00000000 lParam=0x00000000
info: Win32Emu.Emulator[0]
      [User32] DispatchMessageA: No WndProc found for HWND=0x00000000
info: Win32Emu.Emulator[0]
      [Dispatcher] USER32.DLL!DispatchMessageA returned 0x00000000, argBytes=4, convention=Stdcall
info: Win32Emu.Emulator[0]
      [Import USER32.DLL!DispatchMessageA] Return address from stack: ESP=0x001FEF10, retEIP=0x00411388
info: Win32Emu.Emulator[0]
      [Import USER32.DLL!DispatchMessageA] Stack state before cleanup:
        [ESP+00] = 0x001FEF10: 0x00411388 (return addr)
        [ESP+04] = 0x001FEF14: 0x001FEF28 (arg1)
        [ESP+08] = 0x001FEF18: 0x001FEFFC
        [ESP+12] = 0x001FEF1C: 0x00000000
        [ESP+16] = 0x001FEF20: 0x006E0018
        [ESP+20] = 0x001FEF24: 0x00000000
      
info: Win32Emu.Emulator[0]
      [Import USER32.DLL!DispatchMessageA] Stack cleanup: ESP=0x001FEF10, retEIP=0x00411388, argBytes=4, new ESP=0x001FEF18
dbug: Win32Emu.Emulator[0]
      [RegisterValidation] After Import USER32.DLL!DispatchMessageA: EBX=0F000480 (saved=0F000480, preserved=True), ESI=0F0005F0 (saved=0F0005F0, preserved=True), EDI=0F000600 (saved=0F000600, preserved=True), EBP=0F000470 (saved=0F000470, preserved=True, valid=False, savedValid=False), ESP=001FEF18
dbug: Win32Emu.Emulator[0]
      [Import] Successfully invoked USER32.DLL!DispatchMessageA
info: Win32Emu.Emulator[0]
      [Import] Direct call to USER32.DLL!GetMessageA at 0x0F000600
info: Win32Emu.Emulator[0]
      Dispatching USER32.DLL!GetMessageA at EIP=0x0F000600 ESP=0x001FEF04 stack=76 13 41 00 28 EF 1F 00 00 00 00 00 00 00 00 00
info: Win32Emu.Emulator[0]
      [Dispatcher] USER32.DLL!GetMessageA returned 0x00000001, argBytes=16, convention=Stdcall
info: Win32Emu.Emulator[0]
      [Import USER32.DLL!GetMessageA] Return address from stack: ESP=0x001FEF04, retEIP=0x00411376
info: Win32Emu.Emulator[0]
      [Import USER32.DLL!GetMessageA] Stack state before cleanup:
        [ESP+00] = 0x001FEF04: 0x00411376 (return addr)
        [ESP+04] = 0x001FEF08: 0x001FEF28 (arg1)
        [ESP+08] = 0x001FEF0C: 0x00000000 (arg2)
        [ESP+12] = 0x001FEF10: 0x00000000 (arg3)
        [ESP+16] = 0x001FEF14: 0x00000000 (arg4)
        [ESP+20] = 0x001FEF18: 0x001FEFFC
      
info: Win32Emu.Emulator[0]
      [Import USER32.DLL!GetMessageA] Stack cleanup: ESP=0x001FEF04, retEIP=0x00411376, argBytes=16, new ESP=0x001FEF18
dbug: Win32Emu.Emulator[0]
      [RegisterValidation] After Import USER32.DLL!GetMessageA: EBX=0F000480 (saved=0F000480, preserved=True), ESI=0F0005F0 (saved=0F0005F0, preserved=True), EDI=0F000600 (saved=0F000600, preserved=True), EBP=0F000470 (saved=0F000470, preserved=True, valid=False, savedValid=False), ESP=001FEF18
dbug: Win32Emu.Emulator[0]
      [Import] Successfully invoked USER32.DLL!GetMessageA
info: Win32Emu.Emulator[0]
      [Import] Direct call to USER32.DLL!TranslateMessage at 0x0F000470
info: Win32Emu.Emulator[0]
      Dispatching USER32.DLL!TranslateMessage at EIP=0x0F000470 ESP=0x001FEF10 stack=81 13 41 00 28 EF 1F 00 FC EF 1F 00 00 00 00 00
info: Win32Emu.Emulator[0]
      [User32] TranslateMessage: HWND=0x00000000 MSG=0x0000 wParam=0x00000000 lParam=0x00000000
info: Win32Emu.Emulator[0]
      [Dispatcher] USER32.DLL!TranslateMessage returned 0x00000000, argBytes=4, convention=Stdcall
info: Win32Emu.Emulator[0]
      [Import USER32.DLL!TranslateMessage] Return address from stack: ESP=0x001FEF10, retEIP=0x00411381
info: Win32Emu.Emulator[0]
      [Import USER32.DLL!TranslateMessage] Stack state before cleanup:
        [ESP+00] = 0x001FEF10: 0x00411381 (return addr)
        [ESP+04] = 0x001FEF14: 0x001FEF28 (arg1)
        [ESP+08] = 0x001FEF18: 0x001FEFFC
        [ESP+12] = 0x001FEF1C: 0x00000000
        [ESP+16] = 0x001FEF20: 0x006E0018
        [ESP+20] = 0x001FEF24: 0x00000000
      
info: Win32Emu.Emulator[0]
      [Import USER32.DLL!TranslateMessage] Stack cleanup: ESP=0x001FEF10, retEIP=0x00411381, argBytes=4, new ESP=0x001FEF18
dbug: Win32Emu.Emulator[0]
      [RegisterValidation] After Import USER32.DLL!TranslateMessage: EBX=0F000480 (saved=0F000480, preserved=True), ESI=0F0005F0 (saved=0F0005F0, preserved=True), EDI=0F000600 (saved=0F000600, preserved=True), EBP=0F000470 (saved=0F000470, preserved=True, valid=False, savedValid=False), ESP=001FEF18
dbug: Win32Emu.Emulator[0]
      [Import] Successfully invoked USER32.DLL!TranslateMessage
info: Win32Emu.Emulator[0]
      [Import] Direct call to USER32.DLL!DispatchMessageA at 0x0F000480
info: Win32Emu.Emulator[0]
      Dispatching USER32.DLL!DispatchMessageA at EIP=0x0F000480 ESP=0x001FEF10 stack=88 13 41 00 28 EF 1F 00 FC EF 1F 00 00 00 00 00
info: Win32Emu.Emulator[0]
      [User32] DispatchMessageA: HWND=0x00000000 MSG=0x0000 wParam=0x00000000 lParam=0x00000000
info: Win32Emu.Emulator[0]
      [User32] DispatchMessageA: No WndProc found for HWND=0x00000000
info: Win32Emu.Emulator[0]
      [Dispatcher] USER32.DLL!DispatchMessageA returned 0x00000000, argBytes=4, convention=Stdcall
info: Win32Emu.Emulator[0]
      [Import USER32.DLL!DispatchMessageA] Return address from stack: ESP=0x001FEF10, retEIP=0x00411388
info: Win32Emu.Emulator[0]
      [Import USER32.DLL!DispatchMessageA] Stack state before cleanup:
        [ESP+00] = 0x001FEF10: 0x00411388 (return addr)
        [ESP+04] = 0x001FEF14: 0x001FEF28 (arg1)
        [ESP+08] = 0x001FEF18: 0x001FEFFC
        [ESP+12] = 0x001FEF1C: 0x00000000
        [ESP+16] = 0x001FEF20: 0x006E0018
        [ESP+20] = 0x001FEF24: 0x00000000
      
info: Win32Emu.Emulator[0]
      [Import USER32.DLL!DispatchMessageA] Stack cleanup: ESP=0x001FEF10, retEIP=0x00411388, argBytes=4, new ESP=0x001FEF18
dbug: Win32Emu.Emulator[0]
      [RegisterValidation] After Import USER32.DLL!DispatchMessageA: EBX=0F000480 (saved=0F000480, preserved=True), ESI=0F0005F0 (saved=0F0005F0, preserved=True), EDI=0F000600 (saved=0F000600, preserved=True), EBP=0F000470 (saved=0F000470, preserved=True, valid=False, savedValid=False), ESP=001FEF18
dbug: Win32Emu.Emulator[0]
      [Import] Successfully invoked USER32.DLL!DispatchMessageA
info: Win32Emu.Emulator[0]
      [Import] Direct call to USER32.DLL!GetMessageA at 0x0F000600
info: Win32Emu.Emulator[0]
      Dispatching USER32.DLL!GetMessageA at EIP=0x0F000600 ESP=0x001FEF04 stack=76 13 41 00 28 EF 1F 00 00 00 00 00 00 00 00 00
info: Win32Emu.Emulator[0]
      [Dispatcher] USER32.DLL!GetMessageA returned 0x00000001, argBytes=16, convention=Stdcall
info: Win32Emu.Emulator[0]
      [Import USER32.DLL!GetMessageA] Return address from stack: ESP=0x001FEF04, retEIP=0x00411376
info: Win32Emu.Emulator[0]
      [Import USER32.DLL!GetMessageA] Stack state before cleanup:
        [ESP+00] = 0x001FEF04: 0x00411376 (return addr)
        [ESP+04] = 0x001FEF08: 0x001FEF28 (arg1)
        [ESP+08] = 0x001FEF0C: 0x00000000 (arg2)
        [ESP+12] = 0x001FEF10: 0x00000000 (arg3)
        [ESP+16] = 0x001FEF14: 0x00000000 (arg4)
        [ESP+20] = 0x001FEF18: 0x001FEFFC
      
info: Win32Emu.Emulator[0]
      [Import USER32.DLL!GetMessageA] Stack cleanup: ESP=0x001FEF04, retEIP=0x00411376, argBytes=16, new ESP=0x001FEF18
dbug: Win32Emu.Emulator[0]
      [RegisterValidation] After Import USER32.DLL!GetMessageA: EBX=0F000480 (saved=0F000480, preserved=True), ESI=0F0005F0 (saved=0F0005F0, preserved=True), EDI=0F000600 (saved=0F000600, preserved=True), EBP=0F000470 (saved=0F000470, preserved=True, valid=False, savedValid=False), ESP=001FEF18
dbug: Win32Emu.Emulator[0]
      [Import] Successfully invoked USER32.DLL!GetMessageA
info: Win32Emu.Emulator[0]
      [Import] Direct call to USER32.DLL!TranslateMessage at 0x0F000470
info: Win32Emu.Emulator[0]
      Dispatching USER32.DLL!TranslateMessage at EIP=0x0F000470 ESP=0x001FEF10 stack=81 13 41 00 28 EF 1F 00 FC EF 1F 00 00 00 00 00
info: Win32Emu.Emulator[0]
      [User32] TranslateMessage: HWND=0x00000000 MSG=0x0000 wParam=0x00000000 lParam=0x00000000
info: Win32Emu.Emulator[0]
      [Dispatcher] USER32.DLL!TranslateMessage returned 0x00000000, argBytes=4, convention=Stdcall
info: Win32Emu.Emulator[0]
      [Import USER32.DLL!TranslateMessage] Return address from stack: ESP=0x001FEF10, retEIP=0x00411381
info: Win32Emu.Emulator[0]
      [Import USER32.DLL!TranslateMessage] Stack state before cleanup:
        [ESP+00] = 0x001FEF10: 0x00411381 (return addr)
        [ESP+04] = 0x001FEF14: 0x001FEF28 (arg1)
        [ESP+08] = 0x001FEF18: 0x001FEFFC
        [ESP+12] = 0x001FEF1C: 0x00000000
        [ESP+16] = 0x001FEF20: 0x006E0018
        [ESP+20] = 0x001FEF24: 0x00000000
      
info: Win32Emu.Emulator[0]
      [Import USER32.DLL!TranslateMessage] Stack cleanup: ESP=0x001FEF10, retEIP=0x00411381, argBytes=4, new ESP=0x001FEF18
dbug: Win32Emu.Emulator[0]
      [RegisterValidation] After Import USER32.DLL!TranslateMessage: EBX=0F000480 (saved=0F000480, preserved=True), ESI=0F0005F0 (saved=0F0005F0, preserved=True), EDI=0F000600 (saved=0F000600, preserved=True), EBP=0F000470 (saved=0F000470, preserved=True, valid=False, savedValid=False), ESP=001FEF18
dbug: Win32Emu.Emulator[0]
      [Import] Successfully invoked USER32.DLL!TranslateMessage
info: Win32Emu.Emulator[0]
      [Import] Direct call to USER32.DLL!DispatchMessageA at 0x0F000480
info: Win32Emu.Emulator[0]
      Dispatching USER32.DLL!DispatchMessageA at EIP=0x0F000480 ESP=0x001FEF10 stack=88 13 41 00 28 EF 1F 00 FC EF 1F 00 00 00 00 00
info: Win32Emu.Emulator[0]
      [User32] DispatchMessageA: HWND=0x00000000 MSG=0x0000 wParam=0x00000000 lParam=0x00000000
info: Win32Emu.Emulator[0]
      [User32] DispatchMessageA: No WndProc found for HWND=0x00000000
info: Win32Emu.Emulator[0]
      [Dispatcher] USER32.DLL!DispatchMessageA returned 0x00000000, argBytes=4, convention=Stdcall
info: Win32Emu.Emulator[0]
      [Import USER32.DLL!DispatchMessageA] Return address from stack: ESP=0x001FEF10, retEIP=0x00411388
info: Win32Emu.Emulator[0]
      [Import USER32.DLL!DispatchMessageA] Stack state before cleanup:
        [ESP+00] = 0x001FEF10: 0x00411388 (return addr)
        [ESP+04] = 0x001FEF14: 0x001FEF28 (arg1)
        [ESP+08] = 0x001FEF18: 0x001FEFFC
        [ESP+12] = 0x001FEF1C: 0x00000000
        [ESP+16] = 0x001FEF20: 0x006E0018
        [ESP+20] = 0x001FEF24: 0x00000000
      
info: Win32Emu.Emulator[0]
      [Import USER32.DLL!DispatchMessageA] Stack cleanup: ESP=0x001FEF10, retEIP=0x00411388, argBytes=4, new ESP=0x001FEF18
dbug: Win32Emu.Emulator[0]
      [RegisterValidation] After Import USER32.DLL!DispatchMessageA: EBX=0F000480 (saved=0F000480, preserved=True), ESI=0F0005F0 (saved=0F0005F0, preserved=True), EDI=0F000600 (saved=0F000600, preserved=True), EBP=0F000470 (saved=0F000470, preserved=True, valid=False, savedValid=False), ESP=001FEF18
dbug: Win32Emu.Emulator[0]
      [Import] Successfully invoked USER32.DLL!DispatchMessageA
info: Win32Emu.Emulator[0]
      [Import] Direct call to USER32.DLL!GetMessageA at 0x0F000600
info: Win32Emu.Emulator[0]
      Dispatching USER32.DLL!GetMessageA at EIP=0x0F000600 ESP=0x001FEF04 stack=76 13 41 00 28 EF 1F 00 00 00 00 00 00 00 00 00
info: Win32Emu.Emulator[0]
      [Dispatcher] USER32.DLL!GetMessageA returned 0x00000001, argBytes=16, convention=Stdcall
info: Win32Emu.Emulator[0]
      [Import USER32.DLL!GetMessageA] Return address from stack: ESP=0x001FEF04, retEIP=0x00411376
info: Win32Emu.Emulator[0]
      [Import USER32.DLL!GetMessageA] Stack state before cleanup:
        [ESP+00] = 0x001FEF04: 0x00411376 (return addr)
        [ESP+04] = 0x001FEF08: 0x001FEF28 (arg1)
        [ESP+08] = 0x001FEF0C: 0x00000000 (arg2)
        [ESP+12] = 0x001FEF10: 0x00000000 (arg3)
        [ESP+16] = 0x001FEF14: 0x00000000 (arg4)
        [ESP+20] = 0x001FEF18: 0x001FEFFC
      
info: Win32Emu.Emulator[0]
      [Import USER32.DLL!GetMessageA] Stack cleanup: ESP=0x001FEF04, retEIP=0x00411376, argBytes=16, new ESP=0x001FEF18
dbug: Win32Emu.Emulator[0]
      [RegisterValidation] After Import USER32.DLL!GetMessageA: EBX=0F000480 (saved=0F000480, preserved=True), ESI=0F0005F0 (saved=0F0005F0, preserved=True), EDI=0F000600 (saved=0F000600, preserved=True), EBP=0F000470 (saved=0F000470, preserved=True, valid=False, savedValid=False), ESP=001FEF18
dbug: Win32Emu.Emulator[0]
      [Import] Successfully invoked USER32.DLL!GetMessageA
info: Win32Emu.Emulator[0]
      [Import] Direct call to USER32.DLL!TranslateMessage at 0x0F000470
info: Win32Emu.Emulator[0]
      Dispatching USER32.DLL!TranslateMessage at EIP=0x0F000470 ESP=0x001FEF10 stack=81 13 41 00 28 EF 1F 00 FC EF 1F 00 00 00 00 00
info: Win32Emu.Emulator[0]
      [User32] TranslateMessage: HWND=0x00000000 MSG=0x0000 wParam=0x00000000 lParam=0x00000000
info: Win32Emu.Emulator[0]
      [Dispatcher] USER32.DLL!TranslateMessage returned 0x00000000, argBytes=4, convention=Stdcall
info: Win32Emu.Emulator[0]
      [Import USER32.DLL!TranslateMessage] Return address from stack: ESP=0x001FEF10, retEIP=0x00411381
info: Win32Emu.Emulator[0]
      [Import USER32.DLL!TranslateMessage] Stack state before cleanup:
        [ESP+00] = 0x001FEF10: 0x00411381 (return addr)
        [ESP+04] = 0x001FEF14: 0x001FEF28 (arg1)
        [ESP+08] = 0x001FEF18: 0x001FEFFC
        [ESP+12] = 0x001FEF1C: 0x00000000
        [ESP+16] = 0x001FEF20: 0x006E0018
        [ESP+20] = 0x001FEF24: 0x00000000
      
info: Win32Emu.Emulator[0]
      [Import USER32.DLL!TranslateMessage] Stack cleanup: ESP=0x001FEF10, retEIP=0x00411381, argBytes=4, new ESP=0x001FEF18
dbug: Win32Emu.Emulator[0]
      [RegisterValidation] After Import USER32.DLL!TranslateMessage: EBX=0F000480 (saved=0F000480, preserved=True), ESI=0F0005F0 (saved=0F0005F0, preserved=True), EDI=0F000600 (saved=0F000600, preserved=True), EBP=0F000470 (saved=0F000470, preserved=True, valid=False, savedValid=False), ESP=001FEF18
dbug: Win32Emu.Emulator[0]
      [Import] Successfully invoked USER32.DLL!TranslateMessage
info: Win32Emu.Emulator[0]
      [Import] Direct call to USER32.DLL!DispatchMessageA at 0x0F000480
info: Win32Emu.Emulator[0]
      Dispatching USER32.DLL!DispatchMessageA at EIP=0x0F000480 ESP=0x001FEF10 stack=88 13 41 00 28 EF 1F 00 FC EF 1F 00 00 00 00 00
info: Win32Emu.Emulator[0]
      [User32] DispatchMessageA: HWND=0x00000000 MSG=0x0000 wParam=0x00000000 lParam=0x00000000
info: Win32Emu.Emulator[0]
      [User32] DispatchMessageA: No WndProc found for HWND=0x00000000
info: Win32Emu.Emulator[0]
      [Dispatcher] USER32.DLL!DispatchMessageA returned 0x00000000, argBytes=4, convention=Stdcall
info: Win32Emu.Emulator[0]
      [Import USER32.DLL!DispatchMessageA] Return address from stack: ESP=0x001FEF10, retEIP=0x00411388
info: Win32Emu.Emulator[0]
      [Import USER32.DLL!DispatchMessageA] Stack state before cleanup:
        [ESP+00] = 0x001FEF10: 0x00411388 (return addr)
        [ESP+04] = 0x001FEF14: 0x001FEF28 (arg1)
        [ESP+08] = 0x001FEF18: 0x001FEFFC
        [ESP+12] = 0x001FEF1C: 0x00000000
        [ESP+16] = 0x001FEF20: 0x006E0018
        [ESP+20] = 0x001FEF24: 0x00000000
      
info: Win32Emu.Emulator[0]
      [Import USER32.DLL!DispatchMessageA] Stack cleanup: ESP=0x001FEF10, retEIP=0x00411388, argBytes=4, new ESP=0x001FEF18
dbug: Win32Emu.Emulator[0]
      [RegisterValidation] After Import USER32.DLL!DispatchMessageA: EBX=0F000480 (saved=0F000480, preserved=True), ESI=0F0005F0 (saved=0F0005F0, preserved=True), EDI=0F000600 (saved=0F000600, preserved=True), EBP=0F000470 (saved=0F000470, preserved=True, valid=False, savedValid=False), ESP=001FEF18
dbug: Win32Emu.Emulator[0]
      [Import] Successfully invoked USER32.DLL!DispatchMessageA
info: Win32Emu.Emulator[0]
      [Import] Direct call to USER32.DLL!GetMessageA at 0x0F000600
info: Win32Emu.Emulator[0]
      Dispatching USER32.DLL!GetMessageA at EIP=0x0F000600 ESP=0x001FEF04 stack=76 13 41 00 28 EF 1F 00 00 00 00 00 00 00 00 00
info: Win32Emu.Emulator[0]
      [Dispatcher] USER32.DLL!GetMessageA returned 0x00000001, argBytes=16, convention=Stdcall
info: Win32Emu.Emulator[0]
      [Import USER32.DLL!GetMessageA] Return address from stack: ESP=0x001FEF04, retEIP=0x00411376
info: Win32Emu.Emulator[0]
      [Import USER32.DLL!GetMessageA] Stack state before cleanup:
        [ESP+00] = 0x001FEF04: 0x00411376 (return addr)
        [ESP+04] = 0x001FEF08: 0x001FEF28 (arg1)
        [ESP+08] = 0x001FEF0C: 0x00000000 (arg2)
        [ESP+12] = 0x001FEF10: 0x00000000 (arg3)
        [ESP+16] = 0x001FEF14: 0x00000000 (arg4)
        [ESP+20] = 0x001FEF18: 0x001FEFFC
      
info: Win32Emu.Emulator[0]
      [Import USER32.DLL!GetMessageA] Stack cleanup: ESP=0x001FEF04, retEIP=0x00411376, argBytes=16, new ESP=0x001FEF18
dbug: Win32Emu.Emulator[0]
      [RegisterValidation] After Import USER32.DLL!GetMessageA: EBX=0F000480 (saved=0F000480, preserved=True), ESI=0F0005F0 (saved=0F0005F0, preserved=True), EDI=0F000600 (saved=0F000600, preserved=True), EBP=0F000470 (saved=0F000470, preserved=True, valid=False, savedValid=False), ESP=001FEF18
dbug: Win32Emu.Emulator[0]
      [Import] Successfully invoked USER32.DLL!GetMessageA
info: Win32Emu.Emulator[0]
      [Import] Direct call to USER32.DLL!TranslateMessage at 0x0F000470
info: Win32Emu.Emulator[0]
      Dispatching USER32.DLL!TranslateMessage at EIP=0x0F000470 ESP=0x001FEF10 stack=81 13 41 00 28 EF 1F 00 FC EF 1F 00 00 00 00 00
info: Win32Emu.Emulator[0]
      [User32] TranslateMessage: HWND=0x00000000 MSG=0x0000 wParam=0x00000000 lParam=0x00000000
info: Win32Emu.Emulator[0]
      [Dispatcher] USER32.DLL!TranslateMessage returned 0x00000000, argBytes=4, convention=Stdcall
info: Win32Emu.Emulator[0]
      [Import USER32.DLL!TranslateMessage] Return address from stack: ESP=0x001FEF10, retEIP=0x00411381
info: Win32Emu.Emulator[0]
      [Import USER32.DLL!TranslateMessage] Stack state before cleanup:
        [ESP+00] = 0x001FEF10: 0x00411381 (return addr)
        [ESP+04] = 0x001FEF14: 0x001FEF28 (arg1)
        [ESP+08] = 0x001FEF18: 0x001FEFFC
        [ESP+12] = 0x001FEF1C: 0x00000000
        [ESP+16] = 0x001FEF20: 0x006E0018
        [ESP+20] = 0x001FEF24: 0x00000000
      
info: Win32Emu.Emulator[0]
      [Import USER32.DLL!TranslateMessage] Stack cleanup: ESP=0x001FEF10, retEIP=0x00411381, argBytes=4, new ESP=0x001FEF18
dbug: Win32Emu.Emulator[0]
      [RegisterValidation] After Import USER32.DLL!TranslateMessage: EBX=0F000480 (saved=0F000480, preserved=True), ESI=0F0005F0 (saved=0F0005F0, preserved=True), EDI=0F000600 (saved=0F000600, preserved=True), EBP=0F000470 (saved=0F000470, preserved=True, valid=False, savedValid=False), ESP=001FEF18
dbug: Win32Emu.Emulator[0]
      [Import] Successfully invoked USER32.DLL!TranslateMessage
info: Win32Emu.Emulator[0]
      [Import] Direct call to USER32.DLL!DispatchMessageA at 0x0F000480
info: Win32Emu.Emulator[0]
      Dispatching USER32.DLL!DispatchMessageA at EIP=0x0F000480 ESP=0x001FEF10 stack=88 13 41 00 28 EF 1F 00 FC EF 1F 00 00 00 00 00
info: Win32Emu.Emulator[0]
      [User32] DispatchMessageA: HWND=0x00000000 MSG=0x0000 wParam=0x00000000 lParam=0x00000000
info: Win32Emu.Emulator[0]
      [User32] DispatchMessageA: No WndProc found for HWND=0x00000000
info: Win32Emu.Emulator[0]
      [Dispatcher] USER32.DLL!DispatchMessageA returned 0x00000000, argBytes=4, convention=Stdcall
info: Win32Emu.Emulator[0]
      [Import USER32.DLL!DispatchMessageA] Return address from stack: ESP=0x001FEF10, retEIP=0x00411388
info: Win32Emu.Emulator[0]
      [Import USER32.DLL!DispatchMessageA] Stack state before cleanup:
        [ESP+00] = 0x001FEF10: 0x00411388 (return addr)
        [ESP+04] = 0x001FEF14: 0x001FEF28 (arg1)
        [ESP+08] = 0x001FEF18: 0x001FEFFC
        [ESP+12] = 0x001FEF1C: 0x00000000
        [ESP+16] = 0x001FEF20: 0x006E0018
        [ESP+20] = 0x001FEF24: 0x00000000
      
info: Win32Emu.Emulator[0]
      [Import USER32.DLL!DispatchMessageA] Stack cleanup: ESP=0x001FEF10, retEIP=0x00411388, argBytes=4, new ESP=0x001FEF18
dbug: Win32Emu.Emulator[0]
      [RegisterValidation] After Import USER32.DLL!DispatchMessageA: EBX=0F000480 (saved=0F000480, preserved=True), ESI=0F0005F0 (saved=0F0005F0, preserved=True), EDI=0F000600 (saved=0F000600, preserved=True), EBP=0F000470 (saved=0F000470, preserved=True, valid=False, savedValid=False), ESP=001FEF18
dbug: Win32Emu.Emulator[0]
      [Import] Successfully invoked USER32.DLL!DispatchMessageA
info: Win32Emu.Emulator[0]
      [Import] Direct call to USER32.DLL!GetMessageA at 0x0F000600
info: Win32Emu.Emulator[0]
      Dispatching USER32.DLL!GetMessageA at EIP=0x0F000600 ESP=0x001FEF04 stack=76 13 41 00 28 EF 1F 00 00 00 00 00 00 00 00 00
info: Win32Emu.Emulator[0]
      [Dispatcher] USER32.DLL!GetMessageA returned 0x00000001, argBytes=16, convention=Stdcall
info: Win32Emu.Emulator[0]
      [Import USER32.DLL!GetMessageA] Return address from stack: ESP=0x001FEF04, retEIP=0x00411376
info: Win32Emu.Emulator[0]
      [Import USER32.DLL!GetMessageA] Stack state before cleanup:
        [ESP+00] = 0x001FEF04: 0x00411376 (return addr)
        [ESP+04] = 0x001FEF08: 0x001FEF28 (arg1)
        [ESP+08] = 0x001FEF0C: 0x00000000 (arg2)
        [ESP+12] = 0x001FEF10: 0x00000000 (arg3)
        [ESP+16] = 0x001FEF14: 0x00000000 (arg4)
        [ESP+20] = 0x001FEF18: 0x001FEFFC
      
info: Win32Emu.Emulator[0]
      [Import USER32.DLL!GetMessageA] Stack cleanup: ESP=0x001FEF04, retEIP=0x00411376, argBytes=16, new ESP=0x001FEF18
dbug: Win32Emu.Emulator[0]
      [RegisterValidation] After Import USER32.DLL!GetMessageA: EBX=0F000480 (saved=0F000480, preserved=True), ESI=0F0005F0 (saved=0F0005F0, preserved=True), EDI=0F000600 (saved=0F000600, preserved=True), EBP=0F000470 (saved=0F000470, preserved=True, valid=False, savedValid=False), ESP=001FEF18
dbug: Win32Emu.Emulator[0]
      [Import] Successfully invoked USER32.DLL!GetMessageA
info: Win32Emu.Emulator[0]
      [Import] Direct call to USER32.DLL!TranslateMessage at 0x0F000470
info: Win32Emu.Emulator[0]
      Dispatching USER32.DLL!TranslateMessage at EIP=0x0F000470 ESP=0x001FEF10 stack=81 13 41 00 28 EF 1F 00 FC EF 1F 00 00 00 00 00
info: Win32Emu.Emulator[0]
      [User32] TranslateMessage: HWND=0x00000000 MSG=0x0000 wParam=0x00000000 lParam=0x00000000
info: Win32Emu.Emulator[0]
      [Dispatcher] USER32.DLL!TranslateMessage returned 0x00000000, argBytes=4, convention=Stdcall
info: Win32Emu.Emulator[0]
      [Import USER32.DLL!TranslateMessage] Return address from stack: ESP=0x001FEF10, retEIP=0x00411381
info: Win32Emu.Emulator[0]
      [Import USER32.DLL!TranslateMessage] Stack state before cleanup:
        [ESP+00] = 0x001FEF10: 0x00411381 (return addr)
        [ESP+04] = 0x001FEF14: 0x001FEF28 (arg1)
        [ESP+08] = 0x001FEF18: 0x001FEFFC
        [ESP+12] = 0x001FEF1C: 0x00000000
        [ESP+16] = 0x001FEF20: 0x006E0018
        [ESP+20] = 0x001FEF24: 0x00000000
      
info: Win32Emu.Emulator[0]
      [Import USER32.DLL!TranslateMessage] Stack cleanup: ESP=0x001FEF10, retEIP=0x00411381, argBytes=4, new ESP=0x001FEF18
dbug: Win32Emu.Emulator[0]
      [RegisterValidation] After Import USER32.DLL!TranslateMessage: EBX=0F000480 (saved=0F000480, preserved=True), ESI=0F0005F0 (saved=0F0005F0, preserved=True), EDI=0F000600 (saved=0F000600, preserved=True), EBP=0F000470 (saved=0F000470, preserved=True, valid=False, savedValid=False), ESP=001FEF18
dbug: Win32Emu.Emulator[0]
      [Import] Successfully invoked USER32.DLL!TranslateMessage
info: Win32Emu.Emulator[0]
      [Import] Direct call to USER32.DLL!DispatchMessageA at 0x0F000480
info: Win32Emu.Emulator[0]
      Dispatching USER32.DLL!DispatchMessageA at EIP=0x0F000480 ESP=0x001FEF10 stack=88 13 41 00 28 EF 1F 00 FC EF 1F 00 00 00 00 00
info: Win32Emu.Emulator[0]
      [User32] DispatchMessageA: HWND=0x00000000 MSG=0x0000 wParam=0x00000000 lParam=0x00000000
info: Win32Emu.Emulator[0]
      [User32] DispatchMessageA: No WndProc found for HWND=0x00000000
info: Win32Emu.Emulator[0]
      [Dispatcher] USER32.DLL!DispatchMessageA returned 0x00000000, argBytes=4, convention=Stdcall
info: Win32Emu.Emulator[0]
      [Import USER32.DLL!DispatchMessageA] Return address from stack: ESP=0x001FEF10, retEIP=0x00411388
info: Win32Emu.Emulator[0]
      [Import USER32.DLL!DispatchMessageA] Stack state before cleanup:
        [ESP+00] = 0x001FEF10: 0x00411388 (return addr)
        [ESP+04] = 0x001FEF14: 0x001FEF28 (arg1)
        [ESP+08] = 0x001FEF18: 0x001FEFFC
        [ESP+12] = 0x001FEF1C: 0x00000000
        [ESP+16] = 0x001FEF20: 0x006E0018
        [ESP+20] = 0x001FEF24: 0x00000000
      
info: Win32Emu.Emulator[0]
      [Import USER32.DLL!DispatchMessageA] Stack cleanup: ESP=0x001FEF10, retEIP=0x00411388, argBytes=4, new ESP=0x001FEF18
dbug: Win32Emu.Emulator[0]
      [RegisterValidation] After Import USER32.DLL!DispatchMessageA: EBX=0F000480 (saved=0F000480, preserved=True), ESI=0F0005F0 (saved=0F0005F0, preserved=True), EDI=0F000600 (saved=0F000600, preserved=True), EBP=0F000470 (saved=0F000470, preserved=True, valid=False, savedValid=False), ESP=001FEF18
dbug: Win32Emu.Emulator[0]
      [Import] Successfully invoked USER32.DLL!DispatchMessageA
info: Win32Emu.Emulator[0]
      [Import] Direct call to USER32.DLL!GetMessageA at 0x0F000600
info: Win32Emu.Emulator[0]
      Dispatching USER32.DLL!GetMessageA at EIP=0x0F000600 ESP=0x001FEF04 stack=76 13 41 00 28 EF 1F 00 00 00 00 00 00 00 00 00
