2026-01-08 13:44:17.898 [INFO] Win32Emu.Emulator: Logging to file: test_fix.log
2026-01-08 13:44:17.901 [INFO] Win32Emu.Emulator: Using existing virtual disk: /tmp/Win32Emu_VHDs/IGN_TEAS_6b3405f4a47c285e.vhd
2026-01-08 13:44:17.901 [INFO] Win32Emu.Emulator: Using virtual disk: /tmp/Win32Emu_VHDs/IGN_TEAS_6b3405f4a47c285e.vhd
2026-01-08 13:44:17.901 [INFO] Win32Emu.Emulator: Executable VFS path: C:\ign_teas\IGN_TEAS.EXE
2026-01-08 13:44:17.909 [INFO] Win32Emu.Emulator: [Loader] Extracting executable from virtual disk: C:\ign_teas\IGN_TEAS.EXE
2026-01-08 13:44:17.965 [INFO] Win32Emu.Emulator: [DiskVFS] Mounted VHD: /tmp/Win32Emu_VHDs/IGN_TEAS_6b3405f4a47c285e.vhd (Read-Write)
2026-01-08 13:44:17.973 [INFO] Win32Emu.Emulator: [DiskVFS] FindCaseInsensitivePath: Searching for '\ign_teas\IGN_TEAS.EXE'
2026-01-08 13:44:17.980 [INFO] Win32Emu.Emulator: [DiskVFS] FindCaseInsensitivePath: File exists as-is: '\ign_teas\IGN_TEAS.EXE'
2026-01-08 13:44:17.983 [INFO] Win32Emu.Emulator: [Loader] Extracted 290816 bytes from virtual disk
2026-01-08 13:44:17.991 [INFO] Win32Emu.Emulator: [DiskVFS] Disposed
2026-01-08 13:44:17.992 [INFO] Win32Emu.Emulator: [Loader] Host OS: Ubuntu 24.04.3 LTS
2026-01-08 13:44:17.992 [INFO] Win32Emu.Emulator: [Loader] Host OS Architecture: X64
2026-01-08 13:44:17.992 [INFO] Win32Emu.Emulator: [Loader] Host Process Architecture: X64
2026-01-08 13:44:17.992 [INFO] Win32Emu.Emulator: [Loader] Host Framework: .NET 10.0.1
2026-01-08 13:44:17.992 [INFO] Win32Emu.Emulator: [Loader] Host Runtime Identifier: linux-x64
2026-01-08 13:44:17.993 [INFO] Win32Emu.Emulator: [Memory] Configured size: 256 MB, Address space: 4096 MB (sparse, pages allocated on-demand)
2026-01-08 13:44:18.001 [INFO] Win32Emu.Emulator: [Loader] Detected format: PE32
2026-01-08 13:44:18.014 [INFO] Win32Emu.Emulator: [Loader] Created syscall dispatcher at 0x0E000000
2026-01-08 13:44:18.018 [INFO] Win32Emu.Emulator: [Loader] Processing imports from DLL: USER32.dll (30 symbols)
2026-01-08 13:44:18.021 [INFO] Win32Emu.Emulator: [Loader] Mapped import: USER32.DLL!ClientToScreen -> IAT VA 0x004552E0 = synthetic 0x0F000000
2026-01-08 13:44:18.022 [INFO] Win32Emu.Emulator: [Loader] Mapped import: USER32.DLL!DispatchMessageA -> IAT VA 0x004552E4 = synthetic 0x0F000010
2026-01-08 13:44:18.022 [INFO] Win32Emu.Emulator: [Loader] Mapped import: USER32.DLL!SetRect -> IAT VA 0x004552E8 = synthetic 0x0F000020
2026-01-08 13:44:18.023 [INFO] Win32Emu.Emulator: [Loader] Mapped import: USER32.DLL!GetMessageA -> IAT VA 0x004552EC = synthetic 0x0F000030
2026-01-08 13:44:18.023 [INFO] Win32Emu.Emulator: [Loader] Mapped import: USER32.DLL!PeekMessageA -> IAT VA 0x004552F0 = synthetic 0x0F000040
2026-01-08 13:44:18.023 [INFO] Win32Emu.Emulator: [Loader] Mapped import: USER32.DLL!RegisterClassA -> IAT VA 0x004552F4 = synthetic 0x0F000050
2026-01-08 13:44:18.023 [INFO] Win32Emu.Emulator: [Loader] Mapped import: USER32.DLL!LoadIconA -> IAT VA 0x004552F8 = synthetic 0x0F000060
2026-01-08 13:44:18.023 [INFO] Win32Emu.Emulator: [Loader] Mapped import: USER32.DLL!LoadCursorA -> IAT VA 0x004552FC = synthetic 0x0F000070
2026-01-08 13:44:18.023 [INFO] Win32Emu.Emulator: [Loader] Mapped import: USER32.DLL!DefWindowProcA -> IAT VA 0x00455300 = synthetic 0x0F000080
2026-01-08 13:44:18.023 [INFO] Win32Emu.Emulator: [Loader] Mapped import: USER32.DLL!DestroyWindow -> IAT VA 0x00455304 = synthetic 0x0F000090
2026-01-08 13:44:18.023 [INFO] Win32Emu.Emulator: [Loader] Mapped import: USER32.DLL!SetCursor -> IAT VA 0x00455308 = synthetic 0x0F0000A0
2026-01-08 13:44:18.023 [INFO] Win32Emu.Emulator: [Loader] Mapped import: USER32.DLL!PostMessageA -> IAT VA 0x0045530C = synthetic 0x0F0000B0
2026-01-08 13:44:18.023 [INFO] Win32Emu.Emulator: [Loader] Mapped import: USER32.DLL!PostQuitMessage -> IAT VA 0x00455310 = synthetic 0x0F0000C0
2026-01-08 13:44:18.023 [INFO] Win32Emu.Emulator: [Loader] Mapped import: USER32.DLL!GetSystemMetrics -> IAT VA 0x00455314 = synthetic 0x0F0000D0
2026-01-08 13:44:18.023 [INFO] Win32Emu.Emulator: [Loader] Mapped import: USER32.DLL!GetClientRect -> IAT VA 0x00455318 = synthetic 0x0F0000E0
2026-01-08 13:44:18.023 [INFO] Win32Emu.Emulator: [Loader] Mapped import: USER32.DLL!SetWindowPos -> IAT VA 0x0045531C = synthetic 0x0F0000F0
2026-01-08 13:44:18.023 [INFO] Win32Emu.Emulator: [Loader] Mapped import: USER32.DLL!AdjustWindowRectEx -> IAT VA 0x00455320 = synthetic 0x0F000100
2026-01-08 13:44:18.023 [INFO] Win32Emu.Emulator: [Loader] Mapped import: USER32.DLL!CreateWindowExA -> IAT VA 0x00455324 = synthetic 0x0F000110
2026-01-08 13:44:18.023 [INFO] Win32Emu.Emulator: [Loader] Mapped import: USER32.DLL!UpdateWindow -> IAT VA 0x00455328 = synthetic 0x0F000120
2026-01-08 13:44:18.023 [INFO] Win32Emu.Emulator: [Loader] Mapped import: USER32.DLL!TranslateMessage -> IAT VA 0x0045532C = synthetic 0x0F000130
2026-01-08 13:44:18.023 [INFO] Win32Emu.Emulator: [Loader] Mapped import: USER32.DLL!GetDC -> IAT VA 0x00455330 = synthetic 0x0F000140
2026-01-08 13:44:18.023 [INFO] Win32Emu.Emulator: [Loader] Mapped import: USER32.DLL!ShowWindow -> IAT VA 0x00455334 = synthetic 0x0F000150
2026-01-08 13:44:18.023 [INFO] Win32Emu.Emulator: [Loader] Mapped import: USER32.DLL!MessageBoxA -> IAT VA 0x00455338 = synthetic 0x0F000160
2026-01-08 13:44:18.023 [INFO] Win32Emu.Emulator: [Loader] Mapped import: USER32.DLL!GetWindowRect -> IAT VA 0x0045533C = synthetic 0x0F000170
2026-01-08 13:44:18.023 [INFO] Win32Emu.Emulator: [Loader] Mapped import: USER32.DLL!SystemParametersInfoA -> IAT VA 0x00455340 = synthetic 0x0F000180
2026-01-08 13:44:18.023 [INFO] Win32Emu.Emulator: [Loader] Mapped import: USER32.DLL!ReleaseDC -> IAT VA 0x00455344 = synthetic 0x0F000190
2026-01-08 13:44:18.023 [INFO] Win32Emu.Emulator: [Loader] Mapped import: USER32.DLL!SetFocus -> IAT VA 0x00455348 = synthetic 0x0F0001A0
2026-01-08 13:44:18.023 [INFO] Win32Emu.Emulator: [Loader] Mapped import: USER32.DLL!GetMenu -> IAT VA 0x0045534C = synthetic 0x0F0001B0
2026-01-08 13:44:18.023 [INFO] Win32Emu.Emulator: [Loader] Mapped import: USER32.DLL!SetWindowLongA -> IAT VA 0x00455350 = synthetic 0x0F0001C0
2026-01-08 13:44:18.023 [INFO] Win32Emu.Emulator: [Loader] Mapped import: USER32.DLL!GetWindowLongA -> IAT VA 0x00455354 = synthetic 0x0F0001D0
2026-01-08 13:44:18.023 [INFO] Win32Emu.Emulator: [Loader] Processing imports from DLL: GDI32.dll (2 symbols)
2026-01-08 13:44:18.023 [INFO] Win32Emu.Emulator: [Loader] Mapped import: GDI32.DLL!GetDeviceCaps -> IAT VA 0x00455220 = synthetic 0x0F0001E0
2026-01-08 13:44:18.023 [INFO] Win32Emu.Emulator: [Loader] Mapped import: GDI32.DLL!GetStockObject -> IAT VA 0x00455224 = synthetic 0x0F0001F0
2026-01-08 13:44:18.024 [INFO] Win32Emu.Emulator: [Loader] Processing imports from DLL: DDRAW.dll (1 symbols)
2026-01-08 13:44:18.024 [INFO] Win32Emu.Emulator: [Loader] Mapped import: DDRAW.DLL!DirectDrawCreate -> IAT VA 0x00455208 = synthetic 0x0F000200
2026-01-08 13:44:18.024 [INFO] Win32Emu.Emulator: [Loader] Processing imports from DLL: DSOUND.dll (1 symbols)
2026-01-08 13:44:18.024 [INFO] Win32Emu.Emulator: [Loader] Mapped import: DSOUND.DLL!DirectSoundCreate -> IAT VA 0x00455218 = synthetic 0x0F000210
2026-01-08 13:44:18.024 [INFO] Win32Emu.Emulator: [Loader] Processing imports from DLL: DINPUT.dll (1 symbols)
2026-01-08 13:44:18.024 [INFO] Win32Emu.Emulator: [Loader] Mapped import: DINPUT.DLL!DirectInputCreateA -> IAT VA 0x00455210 = synthetic 0x0F000220
2026-01-08 13:44:18.024 [INFO] Win32Emu.Emulator: [Loader] Processing imports from DLL: WINMM.dll (4 symbols)
2026-01-08 13:44:18.024 [INFO] Win32Emu.Emulator: [Loader] Mapped import: WINMM.DLL!timeGetTime -> IAT VA 0x0045535C = synthetic 0x0F000230
2026-01-08 13:44:18.024 [INFO] Win32Emu.Emulator: [Loader] Mapped import: WINMM.DLL!timeBeginPeriod -> IAT VA 0x00455360 = synthetic 0x0F000240
2026-01-08 13:44:18.024 [INFO] Win32Emu.Emulator: [Loader] Mapped import: WINMM.DLL!timeEndPeriod -> IAT VA 0x00455364 = synthetic 0x0F000250
2026-01-08 13:44:18.024 [INFO] Win32Emu.Emulator: [Loader] Mapped import: WINMM.DLL!timeKillEvent -> IAT VA 0x00455368 = synthetic 0x0F000260
2026-01-08 13:44:18.024 [INFO] Win32Emu.Emulator: [Loader] Processing imports from DLL: KERNEL32.dll (44 symbols)
2026-01-08 13:44:18.024 [INFO] Win32Emu.Emulator: [Loader] Mapped import: KERNEL32.DLL!GetModuleFileNameA -> IAT VA 0x0045522C = synthetic 0x0F000270
2026-01-08 13:44:18.024 [INFO] Win32Emu.Emulator: [Loader] Mapped import: KERNEL32.DLL!GetEnvironmentStringsW -> IAT VA 0x00455230 = synthetic 0x0F000280
2026-01-08 13:44:18.024 [INFO] Win32Emu.Emulator: [Loader] Mapped import: KERNEL32.DLL!WideCharToMultiByte -> IAT VA 0x00455234 = synthetic 0x0F000290
2026-01-08 13:44:18.024 [INFO] Win32Emu.Emulator: [Loader] Mapped import: KERNEL32.DLL!GetStringTypeA -> IAT VA 0x00455238 = synthetic 0x0F0002A0
2026-01-08 13:44:18.024 [INFO] Win32Emu.Emulator: [Loader] Mapped import: KERNEL32.DLL!CreateFileA -> IAT VA 0x0045523C = synthetic 0x0F0002B0
2026-01-08 13:44:18.024 [INFO] Win32Emu.Emulator: [Loader] Mapped import: KERNEL32.DLL!FlushFileBuffers -> IAT VA 0x00455240 = synthetic 0x0F0002C0
2026-01-08 13:44:18.024 [INFO] Win32Emu.Emulator: [Loader] Mapped import: KERNEL32.DLL!SetStdHandle -> IAT VA 0x00455244 = synthetic 0x0F0002D0
2026-01-08 13:44:18.024 [INFO] Win32Emu.Emulator: [Loader] Mapped import: KERNEL32.DLL!LoadLibraryA -> IAT VA 0x00455248 = synthetic 0x0F0002E0
2026-01-08 13:44:18.024 [INFO] Win32Emu.Emulator: [Loader] Mapped import: KERNEL32.DLL!SetFilePointer -> IAT VA 0x0045524C = synthetic 0x0F0002F0
2026-01-08 13:44:18.024 [INFO] Win32Emu.Emulator: [Loader] Mapped import: KERNEL32.DLL!ReadFile -> IAT VA 0x00455250 = synthetic 0x0F000300
2026-01-08 13:44:18.024 [INFO] Win32Emu.Emulator: [Loader] Mapped import: KERNEL32.DLL!CloseHandle -> IAT VA 0x00455254 = synthetic 0x0F000310
2026-01-08 13:44:18.024 [INFO] Win32Emu.Emulator: [Loader] Mapped import: KERNEL32.DLL!VirtualAlloc -> IAT VA 0x00455258 = synthetic 0x0F000320
2026-01-08 13:44:18.024 [INFO] Win32Emu.Emulator: [Loader] Mapped import: KERNEL32.DLL!WriteFile -> IAT VA 0x0045525C = synthetic 0x0F000330
2026-01-08 13:44:18.024 [INFO] Win32Emu.Emulator: [Loader] Mapped import: KERNEL32.DLL!VirtualFree -> IAT VA 0x00455260 = synthetic 0x0F000340
2026-01-08 13:44:18.024 [INFO] Win32Emu.Emulator: [Loader] Mapped import: KERNEL32.DLL!RaiseException -> IAT VA 0x00455264 = synthetic 0x0F000350
2026-01-08 13:44:18.024 [INFO] Win32Emu.Emulator: [Loader] Mapped import: KERNEL32.DLL!SetEndOfFile -> IAT VA 0x00455268 = synthetic 0x0F000360
2026-01-08 13:44:18.024 [INFO] Win32Emu.Emulator: [Loader] Mapped import: KERNEL32.DLL!LCMapStringW -> IAT VA 0x0045526C = synthetic 0x0F000370
2026-01-08 13:44:18.024 [INFO] Win32Emu.Emulator: [Loader] Mapped import: KERNEL32.DLL!LCMapStringA -> IAT VA 0x00455270 = synthetic 0x0F000380
2026-01-08 13:44:18.024 [INFO] Win32Emu.Emulator: [Loader] Mapped import: KERNEL32.DLL!GetStringTypeW -> IAT VA 0x00455274 = synthetic 0x0F000390
2026-01-08 13:44:18.024 [INFO] Win32Emu.Emulator: [Loader] Mapped import: KERNEL32.DLL!ExitProcess -> IAT VA 0x00455278 = synthetic 0x0F0003A0
2026-01-08 13:44:18.024 [INFO] Win32Emu.Emulator: [Loader] Mapped import: KERNEL32.DLL!TerminateProcess -> IAT VA 0x0045527C = synthetic 0x0F0003B0
2026-01-08 13:44:18.024 [INFO] Win32Emu.Emulator: [Loader] Mapped import: KERNEL32.DLL!GetCurrentProcess -> IAT VA 0x00455280 = synthetic 0x0F0003C0
2026-01-08 13:44:18.024 [INFO] Win32Emu.Emulator: [Loader] Mapped import: KERNEL32.DLL!GetModuleHandleA -> IAT VA 0x00455284 = synthetic 0x0F0003D0
2026-01-08 13:44:18.024 [INFO] Win32Emu.Emulator: [Loader] Mapped import: KERNEL32.DLL!GetStartupInfoA -> IAT VA 0x00455288 = synthetic 0x0F0003E0
2026-01-08 13:44:18.024 [INFO] Win32Emu.Emulator: [Loader] Mapped import: KERNEL32.DLL!GetCommandLineA -> IAT VA 0x0045528C = synthetic 0x0F0003F0
2026-01-08 13:44:18.024 [INFO] Win32Emu.Emulator: [Loader] Mapped import: KERNEL32.DLL!GetVersion -> IAT VA 0x00455290 = synthetic 0x0F000400
2026-01-08 13:44:18.024 [INFO] Win32Emu.Emulator: [Loader] Mapped import: KERNEL32.DLL!HeapAlloc -> IAT VA 0x00455294 = synthetic 0x0F000410
2026-01-08 13:44:18.024 [INFO] Win32Emu.Emulator: [Loader] Mapped import: KERNEL32.DLL!HeapFree -> IAT VA 0x00455298 = synthetic 0x0F000420
2026-01-08 13:44:18.024 [INFO] Win32Emu.Emulator: [Loader] Mapped import: KERNEL32.DLL!GetLastError -> IAT VA 0x0045529C = synthetic 0x0F000430
2026-01-08 13:44:18.024 [INFO] Win32Emu.Emulator: [Loader] Mapped import: KERNEL32.DLL!HeapDestroy -> IAT VA 0x004552A0 = synthetic 0x0F000440
2026-01-08 13:44:18.024 [INFO] Win32Emu.Emulator: [Loader] Mapped import: KERNEL32.DLL!HeapCreate -> IAT VA 0x004552A4 = synthetic 0x0F000450
2026-01-08 13:44:18.024 [INFO] Win32Emu.Emulator: [Loader] Mapped import: KERNEL32.DLL!GetProcAddress -> IAT VA 0x004552A8 = synthetic 0x0F000460
2026-01-08 13:44:18.024 [INFO] Win32Emu.Emulator: [Loader] Mapped import: KERNEL32.DLL!RtlUnwind -> IAT VA 0x004552AC = synthetic 0x0F000470
2026-01-08 13:44:18.024 [INFO] Win32Emu.Emulator: [Loader] Mapped import: KERNEL32.DLL!UnhandledExceptionFilter -> IAT VA 0x004552B0 = synthetic 0x0F000480
2026-01-08 13:44:18.024 [INFO] Win32Emu.Emulator: [Loader] Mapped import: KERNEL32.DLL!GetFileType -> IAT VA 0x004552B4 = synthetic 0x0F000490
2026-01-08 13:44:18.024 [INFO] Win32Emu.Emulator: [Loader] Mapped import: KERNEL32.DLL!FreeEnvironmentStringsA -> IAT VA 0x004552B8 = synthetic 0x0F0004A0
2026-01-08 13:44:18.024 [INFO] Win32Emu.Emulator: [Loader] Mapped import: KERNEL32.DLL!MultiByteToWideChar -> IAT VA 0x004552BC = synthetic 0x0F0004B0
2026-01-08 13:44:18.024 [INFO] Win32Emu.Emulator: [Loader] Mapped import: KERNEL32.DLL!GetEnvironmentStrings -> IAT VA 0x004552C0 = synthetic 0x0F0004C0
2026-01-08 13:44:18.024 [INFO] Win32Emu.Emulator: [Loader] Mapped import: KERNEL32.DLL!FreeEnvironmentStringsW -> IAT VA 0x004552C4 = synthetic 0x0F0004D0
2026-01-08 13:44:18.024 [INFO] Win32Emu.Emulator: [Loader] Mapped import: KERNEL32.DLL!SetHandleCount -> IAT VA 0x004552C8 = synthetic 0x0F0004E0
2026-01-08 13:44:18.024 [INFO] Win32Emu.Emulator: [Loader] Mapped import: KERNEL32.DLL!GetStdHandle -> IAT VA 0x004552CC = synthetic 0x0F0004F0
2026-01-08 13:44:18.024 [INFO] Win32Emu.Emulator: [Loader] Mapped import: KERNEL32.DLL!GetCPInfo -> IAT VA 0x004552D0 = synthetic 0x0F000500
2026-01-08 13:44:18.024 [INFO] Win32Emu.Emulator: [Loader] Mapped import: KERNEL32.DLL!GetACP -> IAT VA 0x004552D4 = synthetic 0x0F000510
2026-01-08 13:44:18.024 [INFO] Win32Emu.Emulator: [Loader] Mapped import: KERNEL32.DLL!GetOEMCP -> IAT VA 0x004552D8 = synthetic 0x0F000520
2026-01-08 13:44:18.024 [INFO] Win32Emu.Emulator: [Loader] Import mapping complete: 83 imports mapped to addresses 0x0F000000 - 0x0F000520
2026-01-08 13:44:18.024 [INFO] Win32Emu.Emulator: [Loader] IAT verification passed: all 83 entries are correct
2026-01-08 13:44:18.025 [INFO] Win32Emu.Emulator: [Loader] Registered 83 IAT entries for runtime protection
2026-01-08 13:44:18.029 [INFO] Win32Emu.Emulator: [Loader] Extracted 8 sections from PE file
2026-01-08 13:44:18.035 [INFO] Win32Emu.Emulator: [ProcessEnvironment] Console allocated - stdin=0x00000001, stdout=0x00000002, stderr=0x00000003
2026-01-08 13:44:18.067 [INFO] Win32Emu.Emulator: [RegistryHive] Created in-memory hive: SYSTEM
2026-01-08 13:44:18.067 [INFO] Win32Emu.Emulator: [RegistryHive] Created in-memory hive: SOFTWARE
2026-01-08 13:44:18.067 [INFO] Win32Emu.Emulator: [RegistryHive] Created in-memory hive: NTUSER.DAT
2026-01-08 13:44:18.067 [INFO] Win32Emu.Emulator: [RegistryHive] Initialized 3 registry hives
2026-01-08 13:44:18.076 [INFO] Win32Emu.Emulator: [RegistryHive] Initialized system environment variables
2026-01-08 13:44:18.076 [INFO] Win32Emu.Emulator: [RegistryHive] Initialized user environment variables
2026-01-08 13:44:18.076 [INFO] Win32Emu.Emulator: [ProcessEnv] Registry hive initialized
2026-01-08 13:44:18.081 [INFO] Win32Emu.Emulator: [ProcessEnv] Synced environment variables from registry
2026-01-08 13:44:18.082 [INFO] Win32Emu.Emulator: [ProcessEnv] Pre-registered standard control class: BUTTON with WndProc=0x0D000000
2026-01-08 13:44:18.082 [INFO] Win32Emu.Emulator: [ProcessEnv] Pre-registered standard control class: EDIT with WndProc=0x0D000001
2026-01-08 13:44:18.082 [INFO] Win32Emu.Emulator: [ProcessEnv] Pre-registered standard control class: STATIC with WndProc=0x0D000002
2026-01-08 13:44:18.082 [INFO] Win32Emu.Emulator: [ProcessEnv] Pre-registered standard control class: LISTBOX with WndProc=0x0D000003
2026-01-08 13:44:18.082 [INFO] Win32Emu.Emulator: [ProcessEnv] Pre-registered standard control class: COMBOBOX with WndProc=0x0D000004
2026-01-08 13:44:18.082 [INFO] Win32Emu.Emulator: [ProcessEnv] Pre-registered standard control class: SCROLLBAR with WndProc=0x0D000005
2026-01-08 13:44:18.082 [INFO] Win32Emu.Emulator: [ProcessEnv] Pre-registered standard control class: MDICLIENT with WndProc=0x0D000006
2026-01-08 13:44:18.082 [INFO] Win32Emu.Emulator: [ProcessEnv] Pre-registered standard control class: COMBOLBOX with WndProc=0x0D000007
2026-01-08 13:44:18.082 [INFO] Win32Emu.Emulator: [ProcessEnv] Pre-registered standard control class: DDEMLEVENT with WndProc=0x0D000008
2026-01-08 13:44:18.082 [INFO] Win32Emu.Emulator: [ProcessEnv] Pre-registered standard control class: MESSAGE with WndProc=0x0D000009
2026-01-08 13:44:18.082 [INFO] Win32Emu.Emulator: [ProcessEnv] Pre-registered standard control class: #32768 with WndProc=0x0D00000A
2026-01-08 13:44:18.082 [INFO] Win32Emu.Emulator: [ProcessEnv] Pre-registered standard control class: #32769 with WndProc=0x0D00000B
2026-01-08 13:44:18.082 [INFO] Win32Emu.Emulator: [ProcessEnv] Pre-registered standard control class: #32770 with WndProc=0x0D00000C
2026-01-08 13:44:18.082 [INFO] Win32Emu.Emulator: [ProcessEnv] Pre-registered standard control class: #32771 with WndProc=0x0D00000D
2026-01-08 13:44:18.082 [INFO] Win32Emu.Emulator: [ProcessEnv] Pre-registered standard control class: #32772 with WndProc=0x0D00000E
2026-01-08 13:44:18.082 [INFO] Win32Emu.Emulator: [Loader] Initializing virtual file system with disk: /tmp/Win32Emu_VHDs/IGN_TEAS_6b3405f4a47c285e.vhd
2026-01-08 13:44:18.084 [INFO] Win32Emu.Emulator: [DiskVFS] Mounted VHD: /tmp/Win32Emu_VHDs/IGN_TEAS_6b3405f4a47c285e.vhd (Read-Write)
2026-01-08 13:44:18.084 [INFO] Win32Emu.Emulator: [ProcessEnv] Virtual File System initialized with disk: /tmp/Win32Emu_VHDs/IGN_TEAS_6b3405f4a47c285e.vhd
2026-01-08 13:44:18.085 [INFO] Win32Emu.Emulator: [RegistryHive] Disposed registry hive manager
2026-01-08 13:44:18.085 [INFO] Win32Emu.Emulator: [DiskVFS] FindCaseInsensitivePath: Searching for '\Windows\System32\Config\SYSTEM'
2026-01-08 13:44:18.085 [INFO] Win32Emu.Emulator: [DiskVFS] FindCaseInsensitivePath: Checking directory='\Windows\System32\Config', filename='SYSTEM'
2026-01-08 13:44:18.085 [INFO] Win32Emu.Emulator: [DiskVFS] FindCaseInsensitivePath: Directory doesn't exist, recursing: '\Windows\System32\Config'
2026-01-08 13:44:18.085 [INFO] Win32Emu.Emulator: [DiskVFS] FindCaseInsensitivePath: Searching for '\Windows\System32\Config'
2026-01-08 13:44:18.085 [INFO] Win32Emu.Emulator: [DiskVFS] FindCaseInsensitivePath: Checking directory='\Windows\System32', filename='Config'
2026-01-08 13:44:18.085 [INFO] Win32Emu.Emulator: [DiskVFS] FindCaseInsensitivePath: Directory doesn't exist, recursing: '\Windows\System32'
2026-01-08 13:44:18.085 [INFO] Win32Emu.Emulator: [DiskVFS] FindCaseInsensitivePath: Searching for '\Windows\System32'
2026-01-08 13:44:18.085 [INFO] Win32Emu.Emulator: [DiskVFS] FindCaseInsensitivePath: Checking directory='\Windows', filename='System32'
2026-01-08 13:44:18.085 [INFO] Win32Emu.Emulator: [DiskVFS] FindCaseInsensitivePath: Directory doesn't exist, recursing: '\Windows'
2026-01-08 13:44:18.085 [INFO] Win32Emu.Emulator: [DiskVFS] FindCaseInsensitivePath: Searching for '\Windows'
2026-01-08 13:44:18.085 [INFO] Win32Emu.Emulator: [DiskVFS] FindCaseInsensitivePath: Invalid path (no separator): '\Windows'
2026-01-08 13:44:18.085 [INFO] Win32Emu.Emulator: [DiskVFS] FindCaseInsensitivePath: Directory still doesn't exist after recursion: '\Windows'
2026-01-08 13:44:18.085 [INFO] Win32Emu.Emulator: [DiskVFS] FindCaseInsensitivePath: Directory still doesn't exist after recursion: '\Windows\System32'
2026-01-08 13:44:18.085 [INFO] Win32Emu.Emulator: [DiskVFS] FindCaseInsensitivePath: Directory still doesn't exist after recursion: '\Windows\System32\Config'
2026-01-08 13:44:18.086 [INFO] Win32Emu.Emulator: [RegistryHive] Created in-memory hive: SYSTEM
2026-01-08 13:44:18.086 [INFO] Win32Emu.Emulator: [DiskVFS] FindCaseInsensitivePath: Searching for '\Windows\System32\Config\SOFTWARE'
2026-01-08 13:44:18.086 [INFO] Win32Emu.Emulator: [DiskVFS] FindCaseInsensitivePath: Checking directory='\Windows\System32\Config', filename='SOFTWARE'
2026-01-08 13:44:18.086 [INFO] Win32Emu.Emulator: [DiskVFS] FindCaseInsensitivePath: Directory doesn't exist, recursing: '\Windows\System32\Config'
2026-01-08 13:44:18.086 [INFO] Win32Emu.Emulator: [DiskVFS] FindCaseInsensitivePath: Searching for '\Windows\System32\Config'
2026-01-08 13:44:18.086 [INFO] Win32Emu.Emulator: [DiskVFS] FindCaseInsensitivePath: Checking directory='\Windows\System32', filename='Config'
2026-01-08 13:44:18.086 [INFO] Win32Emu.Emulator: [DiskVFS] FindCaseInsensitivePath: Directory doesn't exist, recursing: '\Windows\System32'
2026-01-08 13:44:18.086 [INFO] Win32Emu.Emulator: [DiskVFS] FindCaseInsensitivePath: Searching for '\Windows\System32'
2026-01-08 13:44:18.086 [INFO] Win32Emu.Emulator: [DiskVFS] FindCaseInsensitivePath: Checking directory='\Windows', filename='System32'
2026-01-08 13:44:18.086 [INFO] Win32Emu.Emulator: [DiskVFS] FindCaseInsensitivePath: Directory doesn't exist, recursing: '\Windows'
2026-01-08 13:44:18.086 [INFO] Win32Emu.Emulator: [DiskVFS] FindCaseInsensitivePath: Searching for '\Windows'
2026-01-08 13:44:18.086 [INFO] Win32Emu.Emulator: [DiskVFS] FindCaseInsensitivePath: Invalid path (no separator): '\Windows'
2026-01-08 13:44:18.086 [INFO] Win32Emu.Emulator: [DiskVFS] FindCaseInsensitivePath: Directory still doesn't exist after recursion: '\Windows'
2026-01-08 13:44:18.086 [INFO] Win32Emu.Emulator: [DiskVFS] FindCaseInsensitivePath: Directory still doesn't exist after recursion: '\Windows\System32'
2026-01-08 13:44:18.086 [INFO] Win32Emu.Emulator: [DiskVFS] FindCaseInsensitivePath: Directory still doesn't exist after recursion: '\Windows\System32\Config'
2026-01-08 13:44:18.086 [INFO] Win32Emu.Emulator: [RegistryHive] Created in-memory hive: SOFTWARE
2026-01-08 13:44:18.086 [INFO] Win32Emu.Emulator: [DiskVFS] FindCaseInsensitivePath: Searching for '\Users\User\NTUSER.DAT'
2026-01-08 13:44:18.086 [INFO] Win32Emu.Emulator: [DiskVFS] FindCaseInsensitivePath: Checking directory='\Users\User', filename='NTUSER.DAT'
2026-01-08 13:44:18.086 [INFO] Win32Emu.Emulator: [DiskVFS] FindCaseInsensitivePath: Directory doesn't exist, recursing: '\Users\User'
2026-01-08 13:44:18.086 [INFO] Win32Emu.Emulator: [DiskVFS] FindCaseInsensitivePath: Searching for '\Users\User'
2026-01-08 13:44:18.086 [INFO] Win32Emu.Emulator: [DiskVFS] FindCaseInsensitivePath: Checking directory='\Users', filename='User'
2026-01-08 13:44:18.086 [INFO] Win32Emu.Emulator: [DiskVFS] FindCaseInsensitivePath: Directory doesn't exist, recursing: '\Users'
2026-01-08 13:44:18.086 [INFO] Win32Emu.Emulator: [DiskVFS] FindCaseInsensitivePath: Searching for '\Users'
2026-01-08 13:44:18.086 [INFO] Win32Emu.Emulator: [DiskVFS] FindCaseInsensitivePath: Invalid path (no separator): '\Users'
2026-01-08 13:44:18.086 [INFO] Win32Emu.Emulator: [DiskVFS] FindCaseInsensitivePath: Directory still doesn't exist after recursion: '\Users'
2026-01-08 13:44:18.086 [INFO] Win32Emu.Emulator: [DiskVFS] FindCaseInsensitivePath: Directory still doesn't exist after recursion: '\Users\User'
2026-01-08 13:44:18.086 [INFO] Win32Emu.Emulator: [RegistryHive] Created in-memory hive: NTUSER.DAT
2026-01-08 13:44:18.086 [INFO] Win32Emu.Emulator: [RegistryHive] Initialized 3 registry hives
2026-01-08 13:44:18.087 [INFO] Win32Emu.Emulator: [RegistryHive] Initialized system environment variables
2026-01-08 13:44:18.087 [INFO] Win32Emu.Emulator: [RegistryHive] Initialized user environment variables
2026-01-08 13:44:18.087 [INFO] Win32Emu.Emulator: [ProcessEnv] Registry hive initialized
2026-01-08 13:44:18.088 [INFO] Win32Emu.Emulator: [ProcessEnv] Synced environment variables from registry
2026-01-08 13:44:18.088 [INFO] Win32Emu.Emulator: [Loader] Virtual file system initialized successfully (disk)
2026-01-08 13:44:18.088 [INFO] Win32Emu.Emulator: [ProcessEnv] Registered main executable: C:\ign_teas\IGN_TEAS.EXE at 0x00400000
2026-01-08 13:44:18.089 [INFO] Win32Emu.Emulator: [ProcessEnv] Set current directory to: C:\ign_teas
2026-01-08 13:44:18.091 [INFO] Win32Emu.Emulator: [ProcessEnv] TEB allocated at 0x00470040
2026-01-08 13:44:18.092 [INFO] Win32Emu.Emulator: [ProcessEnv] PEB allocated at 0x00471040
2026-01-08 13:44:18.092 [INFO] Win32Emu.Emulator: [ProcessEnvironment] Detected GUI subsystem, no console allocated
2026-01-08 13:44:18.119 [INFO] Win32Emu.Emulator: [RtlJitCache] Initialized RTL-based JIT cache at /tmp/Win32Emu/RtlJitCache
2026-01-08 13:44:18.119 [INFO] Win32Emu.Emulator: [RtlJitCache] C# source code will be saved to /tmp/Win32Emu/RtlJitCache/Source
2026-01-08 13:44:18.119 [INFO] Win32Emu.Emulator: [JitCpu] Initialized RTL-based JIT CPU backend with readable C# code generation
2026-01-08 13:44:18.120 [INFO] Win32Emu.Emulator: [JitCache] Initialized with cache directory: /tmp/Win32Emu/JitCache
2026-01-08 13:44:18.120 [INFO] Win32Emu.Emulator: [JitCpu] Metadata cache initialized for block analysis metadata persistence
2026-01-08 13:44:18.120 [INFO] Win32Emu.Emulator: [Loader] Unified JitCpu backend enabled (JIT compilation: True, Interpreter mode: False)
2026-01-08 13:44:18.120 [INFO] Win32Emu.Emulator: [JitCpu] Set executable path: C:\ign_teas\IGN_TEAS.EXE
2026-01-08 13:44:18.120 [INFO] Win32Emu.Emulator: [Loader] JIT cache: Set executable path to C:\ign_teas\IGN_TEAS.EXE
2026-01-08 13:44:18.123 [INFO] Win32Emu.Emulator: [RtlJitCache] No cache metadata found for C:\ign_teas\IGN_TEAS.EXE
2026-01-08 13:44:18.124 [INFO] Win32Emu.Emulator: [JitCpu] RTL cache loaded: 0 blocks from /tmp/Win32Emu/RtlJitCache/Source
2026-01-08 13:44:18.124 [INFO] Win32Emu.Emulator: [JitCache] No cache file found for C:\ign_teas\IGN_TEAS.EXE
2026-01-08 13:44:18.127 [INFO] Win32Emu.Emulator: [JitCpu] Metadata cache loaded: 0 blocks, 0 instructions
2026-01-08 13:44:18.127 [INFO] Win32Emu.Emulator: [Loader] Selected CPU Emulator: JitCpu
2026-01-08 13:44:18.129 [INFO] Win32Emu.Emulator: [Loader] Stack initialized: Base=0x00200000 Limit=0x00100000 ESP=0x001FF000 Reserve=0x100000 Commit=0x1000
2026-01-08 13:44:18.129 [INFO] Win32Emu.Emulator: [Loader] Heap base: 0x00470000
2026-01-08 13:44:18.137 [INFO] Win32Emu.Emulator: [ProcessEnv] VirtualAlloc(lp=0x00000000, size=0x00000004, alloc=0x00001000, prot=0x00000004)
2026-01-08 13:44:18.138 [INFO] Win32Emu.Emulator: [ProcessEnv] VirtualAlloc: allocated at 0x00473000, size=0x00001000, reserve=False, commit=True, topDown=False
2026-01-08 13:44:18.138 [INFO] Win32Emu.Emulator: [ProcessEnv] VirtualAlloc(lp=0x00000000, size=0x00000004, alloc=0x00001000, prot=0x00000004)
2026-01-08 13:44:18.138 [INFO] Win32Emu.Emulator: [ProcessEnv] VirtualAlloc: allocated at 0x00474000, size=0x00001000, reserve=False, commit=True, topDown=False
2026-01-08 13:44:18.138 [INFO] Win32Emu.Emulator: [ProcessEnv] VirtualAlloc(lp=0x00000000, size=0x00000004, alloc=0x00001000, prot=0x00000004)
2026-01-08 13:44:18.138 [INFO] Win32Emu.Emulator: [ProcessEnv] VirtualAlloc: allocated at 0x00475000, size=0x00001000, reserve=False, commit=True, topDown=False
2026-01-08 13:44:18.141 [INFO] Win32Emu.Emulator: [ThreadScheduler] Initialized main thread 1 (handle=0x00001000)
2026-01-08 13:44:18.141 [INFO] Win32Emu.Emulator: [ProcessEnv] Main thread initialized with ID=1
2026-01-08 13:44:18.143 [INFO] Win32Emu.Emulator: [Emulator] Checking for executable-specific workarounds
2026-01-08 13:44:18.144 [INFO] Win32Emu.Emulator: [Emulator] IGN_TEAS.EXE detected - enabled IGN_TEAS_DEBUG environment variable
2026-01-08 13:44:18.163 [INFO] Win32Emu.Emulator: [Syscall] KERNEL32.DLL!GetVersion from stub at 0x0F000400
2026-01-08 13:44:18.163 [INFO] Win32Emu.Emulator: [Syscall] BEFORE API: Return address at 0x001FEF7C = 0x00410FFC
2026-01-08 13:44:18.165 [INFO] Win32Emu.Emulator: Dispatching async KERNEL32.DLL!GetVersion at EIP=0x0E000002 ESP=0x001FEF7C stack=FC 0F 41 00 00 00 00 00 00 00 00 00 00 00 00 00
2026-01-08 13:44:18.168 [INFO] Win32Emu.Emulator: Dispatching KERNEL32.DLL!GetVersion at EIP=0x0E000002 ESP=0x001FEF7C stack=FC 0F 41 00 00 00 00 00 00 00 00 00 00 00 00 00
2026-01-08 13:44:18.196 [INFO] Win32Emu.Emulator: [Dispatcher] KERNEL32.DLL!GetVersion returned 0x040003B6, argBytes=0
2026-01-08 13:44:18.196 [INFO] Win32Emu.Emulator: [Syscall] AFTER API: Return address at 0x001FEF7C = 0x00410FFC
2026-01-08 13:44:18.199 [INFO] Win32Emu.Emulator: [Syscall] KERNEL32.DLL!HeapCreate from stub at 0x0F000450
2026-01-08 13:44:18.199 [INFO] Win32Emu.Emulator: [Syscall] BEFORE API: Return address at 0x001FEF6C = 0x00412C6F
2026-01-08 13:44:18.199 [INFO] Win32Emu.Emulator: Dispatching async KERNEL32.DLL!HeapCreate at EIP=0x0E000002 ESP=0x001FEF6C stack=6F 2C 41 00 01 00 00 00 00 10 00 00 00 00 00 00
2026-01-08 13:44:18.199 [INFO] Win32Emu.Emulator: Dispatching KERNEL32.DLL!HeapCreate at EIP=0x0E000002 ESP=0x001FEF6C stack=6F 2C 41 00 01 00 00 00 00 10 00 00 00 00 00 00
2026-01-08 13:44:18.200 [INFO] Win32Emu.Emulator: [Dispatcher] KERNEL32.DLL!HeapCreate returned 0x00476000, argBytes=12
2026-01-08 13:44:18.200 [INFO] Win32Emu.Emulator: [Syscall] AFTER API: Return address at 0x001FEF6C = 0x00412C6F
2026-01-08 13:44:18.200 [INFO] Win32Emu.Emulator: [Syscall] KERNEL32.DLL!VirtualAlloc from stub at 0x0F000320
2026-01-08 13:44:18.200 [INFO] Win32Emu.Emulator: [Syscall] BEFORE API: Return address at 0x001FEF54 = 0x00413018
2026-01-08 13:44:18.200 [INFO] Win32Emu.Emulator: Dispatching async KERNEL32.DLL!VirtualAlloc at EIP=0x0E000002 ESP=0x001FEF54 stack=18 30 41 00 00 00 00 00 00 00 40 00 00 20 00 00
2026-01-08 13:44:18.200 [INFO] Win32Emu.Emulator: Dispatching KERNEL32.DLL!VirtualAlloc at EIP=0x0E000002 ESP=0x001FEF54 stack=18 30 41 00 00 00 00 00 00 00 40 00 00 20 00 00
2026-01-08 13:44:18.201 [INFO] Win32Emu.Emulator: [Kernel32] VirtualAlloc(lpAddress=0x00000000, dwSize=0x00400000, alloc=0x00002000, protect=0x00000004)
2026-01-08 13:44:18.201 [INFO] Win32Emu.Emulator: [ProcessEnv] VirtualAlloc(lp=0x00000000, size=0x00400000, alloc=0x00002000, prot=0x00000004)
2026-01-08 13:44:18.201 [INFO] Win32Emu.Emulator: [ProcessEnv] VirtualAlloc: allocated at 0x00480000, size=0x00400000, reserve=True, commit=False, topDown=False
2026-01-08 13:44:18.201 [INFO] Win32Emu.Emulator: [Kernel32] VirtualAlloc -> 0x00480000
2026-01-08 13:44:18.201 [INFO] Win32Emu.Emulator: [Dispatcher] KERNEL32.DLL!VirtualAlloc returned 0x00480000, argBytes=16
2026-01-08 13:44:18.201 [INFO] Win32Emu.Emulator: [Syscall] AFTER API: Return address at 0x001FEF54 = 0x00413018
2026-01-08 13:44:18.201 [INFO] Win32Emu.Emulator: [Syscall] KERNEL32.DLL!VirtualAlloc from stub at 0x0F000320
2026-01-08 13:44:18.201 [INFO] Win32Emu.Emulator: [Syscall] BEFORE API: Return address at 0x001FEF54 = 0x00413031
2026-01-08 13:44:18.201 [INFO] Win32Emu.Emulator: Dispatching async KERNEL32.DLL!VirtualAlloc at EIP=0x0E000002 ESP=0x001FEF54 stack=31 30 41 00 00 00 48 00 00 00 01 00 00 10 00 00
2026-01-08 13:44:18.201 [INFO] Win32Emu.Emulator: Dispatching KERNEL32.DLL!VirtualAlloc at EIP=0x0E000002 ESP=0x001FEF54 stack=31 30 41 00 00 00 48 00 00 00 01 00 00 10 00 00
2026-01-08 13:44:18.201 [INFO] Win32Emu.Emulator: [Kernel32] VirtualAlloc(lpAddress=0x00480000, dwSize=0x00010000, alloc=0x00001000, protect=0x00000004)
2026-01-08 13:44:18.201 [INFO] Win32Emu.Emulator: [ProcessEnv] VirtualAlloc(lp=0x00480000, size=0x00010000, alloc=0x00001000, prot=0x00000004)
2026-01-08 13:44:18.202 [INFO] Win32Emu.Emulator: [ProcessEnv] VirtualAlloc: Re-committing already allocated region at 0x00480000
2026-01-08 13:44:18.202 [INFO] Win32Emu.Emulator: [ProcessEnv] VirtualAlloc: Allocated 0x10000 bytes at specific address 0x00480000 (reserve=False, commit=True)
2026-01-08 13:44:18.202 [INFO] Win32Emu.Emulator: [Kernel32] VirtualAlloc -> 0x00480000
2026-01-08 13:44:18.202 [INFO] Win32Emu.Emulator: [Dispatcher] KERNEL32.DLL!VirtualAlloc returned 0x00480000, argBytes=16
2026-01-08 13:44:18.202 [INFO] Win32Emu.Emulator: [Syscall] AFTER API: Return address at 0x001FEF54 = 0x00413031
2026-01-08 13:44:18.226 [INFO] Win32Emu.Emulator: [Syscall] KERNEL32.DLL!GetStartupInfoA from stub at 0x0F0003E0
2026-01-08 13:44:18.226 [INFO] Win32Emu.Emulator: [Syscall] BEFORE API: Return address at 0x001FEF20 = 0x00412AEE
2026-01-08 13:44:18.226 [INFO] Win32Emu.Emulator: Dispatching async KERNEL32.DLL!GetStartupInfoA at EIP=0x0E000002 ESP=0x001FEF20 stack=EE 2A 41 00 38 EF 1F 00 FC EF 1F 00 00 00 00 00
2026-01-08 13:44:18.226 [INFO] Win32Emu.Emulator: Dispatching KERNEL32.DLL!GetStartupInfoA at EIP=0x0E000002 ESP=0x001FEF20 stack=EE 2A 41 00 38 EF 1F 00 FC EF 1F 00 00 00 00 00
2026-01-08 13:44:18.226 [INFO] Win32Emu.Emulator: [Dispatcher] KERNEL32.DLL!GetStartupInfoA returned 0x00000000, argBytes=4
2026-01-08 13:44:18.226 [INFO] Win32Emu.Emulator: [Syscall] AFTER API: Return address at 0x001FEF20 = 0x00412AEE
2026-01-08 13:44:18.227 [INFO] Win32Emu.Emulator: [Syscall] KERNEL32.DLL!GetStdHandle from stub at 0x0F0004F0
2026-01-08 13:44:18.227 [INFO] Win32Emu.Emulator: [Syscall] BEFORE API: Return address at 0x001FEF20 = 0x00412C05
2026-01-08 13:44:18.227 [INFO] Win32Emu.Emulator: Dispatching async KERNEL32.DLL!GetStdHandle at EIP=0x0E000002 ESP=0x001FEF20 stack=05 2C 41 00 F6 FF FF FF FC EF 1F 00 00 00 00 00
2026-01-08 13:44:18.227 [INFO] Win32Emu.Emulator: Dispatching KERNEL32.DLL!GetStdHandle at EIP=0x0E000002 ESP=0x001FEF20 stack=05 2C 41 00 F6 FF FF FF FC EF 1F 00 00 00 00 00
2026-01-08 13:44:18.227 [INFO] Win32Emu.Emulator: [Dispatcher] KERNEL32.DLL!GetStdHandle returned 0x00000001, argBytes=4
2026-01-08 13:44:18.227 [INFO] Win32Emu.Emulator: [Syscall] AFTER API: Return address at 0x001FEF20 = 0x00412C05
2026-01-08 13:44:18.227 [INFO] Win32Emu.Emulator: [Syscall] KERNEL32.DLL!GetFileType from stub at 0x0F000490
2026-01-08 13:44:18.227 [INFO] Win32Emu.Emulator: [Syscall] BEFORE API: Return address at 0x001FEF20 = 0x00412C13
2026-01-08 13:44:18.227 [INFO] Win32Emu.Emulator: Dispatching async KERNEL32.DLL!GetFileType at EIP=0x0E000002 ESP=0x001FEF20 stack=13 2C 41 00 01 00 00 00 FC EF 1F 00 00 00 00 00
2026-01-08 13:44:18.227 [INFO] Win32Emu.Emulator: Dispatching KERNEL32.DLL!GetFileType at EIP=0x0E000002 ESP=0x001FEF20 stack=13 2C 41 00 01 00 00 00 FC EF 1F 00 00 00 00 00
2026-01-08 13:44:18.227 [INFO] Win32Emu.Emulator: [Dispatcher] KERNEL32.DLL!GetFileType returned 0x00000002, argBytes=4
2026-01-08 13:44:18.227 [INFO] Win32Emu.Emulator: [Syscall] AFTER API: Return address at 0x001FEF20 = 0x00412C13
2026-01-08 13:44:18.228 [INFO] Win32Emu.Emulator: [Syscall] KERNEL32.DLL!GetStdHandle from stub at 0x0F0004F0
2026-01-08 13:44:18.228 [INFO] Win32Emu.Emulator: [Syscall] BEFORE API: Return address at 0x001FEF20 = 0x00412C05
2026-01-08 13:44:18.228 [INFO] Win32Emu.Emulator: Dispatching async KERNEL32.DLL!GetStdHandle at EIP=0x0E000002 ESP=0x001FEF20 stack=05 2C 41 00 F5 FF FF FF FC EF 1F 00 00 00 00 00
2026-01-08 13:44:18.228 [INFO] Win32Emu.Emulator: Dispatching KERNEL32.DLL!GetStdHandle at EIP=0x0E000002 ESP=0x001FEF20 stack=05 2C 41 00 F5 FF FF FF FC EF 1F 00 00 00 00 00
2026-01-08 13:44:18.228 [INFO] Win32Emu.Emulator: [Dispatcher] KERNEL32.DLL!GetStdHandle returned 0x00000002, argBytes=4
2026-01-08 13:44:18.228 [INFO] Win32Emu.Emulator: [Syscall] AFTER API: Return address at 0x001FEF20 = 0x00412C05
2026-01-08 13:44:18.228 [INFO] Win32Emu.Emulator: [Syscall] KERNEL32.DLL!GetFileType from stub at 0x0F000490
2026-01-08 13:44:18.228 [INFO] Win32Emu.Emulator: [Syscall] BEFORE API: Return address at 0x001FEF20 = 0x00412C13
2026-01-08 13:44:18.228 [INFO] Win32Emu.Emulator: Dispatching async KERNEL32.DLL!GetFileType at EIP=0x0E000002 ESP=0x001FEF20 stack=13 2C 41 00 02 00 00 00 FC EF 1F 00 00 00 00 00
2026-01-08 13:44:18.228 [INFO] Win32Emu.Emulator: Dispatching KERNEL32.DLL!GetFileType at EIP=0x0E000002 ESP=0x001FEF20 stack=13 2C 41 00 02 00 00 00 FC EF 1F 00 00 00 00 00
2026-01-08 13:44:18.228 [INFO] Win32Emu.Emulator: [Dispatcher] KERNEL32.DLL!GetFileType returned 0x00000002, argBytes=4
2026-01-08 13:44:18.228 [INFO] Win32Emu.Emulator: [Syscall] AFTER API: Return address at 0x001FEF20 = 0x00412C13
2026-01-08 13:44:18.228 [INFO] Win32Emu.Emulator: [Syscall] KERNEL32.DLL!GetStdHandle from stub at 0x0F0004F0
2026-01-08 13:44:18.228 [INFO] Win32Emu.Emulator: [Syscall] BEFORE API: Return address at 0x001FEF20 = 0x00412C05
2026-01-08 13:44:18.228 [INFO] Win32Emu.Emulator: Dispatching async KERNEL32.DLL!GetStdHandle at EIP=0x0E000002 ESP=0x001FEF20 stack=05 2C 41 00 F4 FF FF FF FC EF 1F 00 00 00 00 00
2026-01-08 13:44:18.228 [INFO] Win32Emu.Emulator: Dispatching KERNEL32.DLL!GetStdHandle at EIP=0x0E000002 ESP=0x001FEF20 stack=05 2C 41 00 F4 FF FF FF FC EF 1F 00 00 00 00 00
2026-01-08 13:44:18.228 [INFO] Win32Emu.Emulator: [Dispatcher] KERNEL32.DLL!GetStdHandle returned 0x00000003, argBytes=4
2026-01-08 13:44:18.228 [INFO] Win32Emu.Emulator: [Syscall] AFTER API: Return address at 0x001FEF20 = 0x00412C05
2026-01-08 13:44:18.228 [INFO] Win32Emu.Emulator: [Syscall] KERNEL32.DLL!GetFileType from stub at 0x0F000490
2026-01-08 13:44:18.228 [INFO] Win32Emu.Emulator: [Syscall] BEFORE API: Return address at 0x001FEF20 = 0x00412C13
2026-01-08 13:44:18.228 [INFO] Win32Emu.Emulator: Dispatching async KERNEL32.DLL!GetFileType at EIP=0x0E000002 ESP=0x001FEF20 stack=13 2C 41 00 03 00 00 00 FC EF 1F 00 00 00 00 00
2026-01-08 13:44:18.228 [INFO] Win32Emu.Emulator: Dispatching KERNEL32.DLL!GetFileType at EIP=0x0E000002 ESP=0x001FEF20 stack=13 2C 41 00 03 00 00 00 FC EF 1F 00 00 00 00 00
2026-01-08 13:44:18.228 [INFO] Win32Emu.Emulator: [Dispatcher] KERNEL32.DLL!GetFileType returned 0x00000002, argBytes=4
2026-01-08 13:44:18.228 [INFO] Win32Emu.Emulator: [Syscall] AFTER API: Return address at 0x001FEF20 = 0x00412C13
2026-01-08 13:44:18.228 [INFO] Win32Emu.Emulator: [Syscall] KERNEL32.DLL!SetHandleCount from stub at 0x0F0004E0
2026-01-08 13:44:18.228 [INFO] Win32Emu.Emulator: [Syscall] BEFORE API: Return address at 0x001FEF20 = 0x00412C50
2026-01-08 13:44:18.228 [INFO] Win32Emu.Emulator: Dispatching async KERNEL32.DLL!SetHandleCount at EIP=0x0E000002 ESP=0x001FEF20 stack=50 2C 41 00 20 00 00 00 FC EF 1F 00 00 00 00 00
2026-01-08 13:44:18.228 [INFO] Win32Emu.Emulator: Dispatching KERNEL32.DLL!SetHandleCount at EIP=0x0E000002 ESP=0x001FEF20 stack=50 2C 41 00 20 00 00 00 FC EF 1F 00 00 00 00 00
2026-01-08 13:44:18.229 [INFO] Win32Emu.Emulator: [Dispatcher] KERNEL32.DLL!SetHandleCount returned 0x00000020, argBytes=4
2026-01-08 13:44:18.229 [INFO] Win32Emu.Emulator: [Syscall] AFTER API: Return address at 0x001FEF20 = 0x00412C50
2026-01-08 13:44:18.229 [INFO] Win32Emu.Emulator: [Syscall] KERNEL32.DLL!GetACP from stub at 0x0F000510
2026-01-08 13:44:18.229 [INFO] Win32Emu.Emulator: [Syscall] BEFORE API: Return address at 0x001FEF44 = 0x004127C1
2026-01-08 13:44:18.229 [INFO] Win32Emu.Emulator: Dispatching async KERNEL32.DLL!GetACP at EIP=0x0E000002 ESP=0x001FEF44 stack=C1 27 41 00 FD FF FF FF FC EF 1F 00 00 00 00 00
2026-01-08 13:44:18.229 [INFO] Win32Emu.Emulator: Dispatching KERNEL32.DLL!GetACP at EIP=0x0E000002 ESP=0x001FEF44 stack=C1 27 41 00 FD FF FF FF FC EF 1F 00 00 00 00 00
2026-01-08 13:44:18.229 [INFO] Win32Emu.Emulator: [Dispatcher] KERNEL32.DLL!GetACP returned 0x0000FDE9, argBytes=0
2026-01-08 13:44:18.229 [INFO] Win32Emu.Emulator: [Syscall] AFTER API: Return address at 0x001FEF44 = 0x004127C1
2026-01-08 13:44:18.229 [INFO] Win32Emu.Emulator: [Syscall] KERNEL32.DLL!GetCPInfo from stub at 0x0F000500
2026-01-08 13:44:18.229 [INFO] Win32Emu.Emulator: [Syscall] BEFORE API: Return address at 0x001FEF40 = 0x0041281A
2026-01-08 13:44:18.229 [INFO] Win32Emu.Emulator: Dispatching async KERNEL32.DLL!GetCPInfo at EIP=0x0E000002 ESP=0x001FEF40 stack=1A 28 41 00 E9 FD 00 00 60 EF 1F 00 FC EF 1F 00
2026-01-08 13:44:18.229 [INFO] Win32Emu.Emulator: Dispatching KERNEL32.DLL!GetCPInfo at EIP=0x0E000002 ESP=0x001FEF40 stack=1A 28 41 00 E9 FD 00 00 60 EF 1F 00 FC EF 1F 00
2026-01-08 13:44:18.230 [INFO] Win32Emu.Emulator: [Kernel32] GetCPInfo called: codePage=Utf8 lpCpInfo=0x001FEF60
2026-01-08 13:44:18.230 [INFO] Win32Emu.Emulator: [Kernel32] GetCPInfo: actualCodePage=Utf8
2026-01-08 13:44:18.230 [INFO] Win32Emu.Emulator: [Dispatcher] KERNEL32.DLL!GetCPInfo returned 0x00000001, argBytes=8
2026-01-08 13:44:18.230 [INFO] Win32Emu.Emulator: [Syscall] AFTER API: Return address at 0x001FEF40 = 0x0041281A
2026-01-08 13:44:18.251 [INFO] Win32Emu.Emulator: [Syscall] KERNEL32.DLL!GetCommandLineA from stub at 0x0F0003F0
2026-01-08 13:44:18.251 [INFO] Win32Emu.Emulator: [Syscall] BEFORE API: Return address at 0x001FEF7C = 0x0041105B
2026-01-08 13:44:18.251 [INFO] Win32Emu.Emulator: Dispatching async KERNEL32.DLL!GetCommandLineA at EIP=0x0E000002 ESP=0x001FEF7C stack=5B 10 41 00 00 00 00 00 00 00 00 00 00 00 00 00
2026-01-08 13:44:18.251 [INFO] Win32Emu.Emulator: Dispatching KERNEL32.DLL!GetCommandLineA at EIP=0x0E000002 ESP=0x001FEF7C stack=5B 10 41 00 00 00 00 00 00 00 00 00 00 00 00 00
2026-01-08 13:44:18.254 [INFO] Win32Emu.Emulator: [Kernel32] GetCommandLineA returning 0x00470000: ""C:\ign_teas\IGN_TEAS.EXE""
2026-01-08 13:44:18.254 [INFO] Win32Emu.Emulator: [Dispatcher] KERNEL32.DLL!GetCommandLineA returned 0x00470000, argBytes=0
2026-01-08 13:44:18.254 [INFO] Win32Emu.Emulator: [Syscall] AFTER API: Return address at 0x001FEF7C = 0x0041105B
2026-01-08 13:44:18.254 [INFO] Win32Emu.Emulator: [IGN_TEAS Loop] Iteration 10109: EIP 0x00411060→0x00412620, ESP=0x001FEF7C, EBP=0x001FEFFC, EAX=0x00470000, EBX=0x00000000, ECX=0x0043ACA0, EDX=0x0000000A, ESI=0x00000000, EDI=0x00000000
2026-01-08 13:44:18.254 [INFO] Win32Emu.Emulator: [IGN_TEAS Loop] Iteration 10110: EIP 0x00412620→0x00412623, ESP=0x001FEF78, EBP=0x001FEFFC, EAX=0x00470000, EBX=0x00000000, ECX=0x0043ACA0, EDX=0x0000000A, ESI=0x00000000, EDI=0x00000000
2026-01-08 13:44:18.254 [INFO] Win32Emu.Emulator: [IGN_TEAS Loop] Iteration 10111: EIP 0x00412623→0x00412624, ESP=0x001FEF74, EBP=0x001FEFFC, EAX=0x00470000, EBX=0x00000000, ECX=0x0043ACA0, EDX=0x0000000A, ESI=0x00000000, EDI=0x00000000
2026-01-08 13:44:18.254 [INFO] Win32Emu.Emulator: [IGN_TEAS Loop] Iteration 10112: EIP 0x00412624→0x00412625, ESP=0x001FEF70, EBP=0x001FEFFC, EAX=0x00470000, EBX=0x00000000, ECX=0x0043ACA0, EDX=0x0000000A, ESI=0x00000000, EDI=0x00000000
2026-01-08 13:44:18.254 [INFO] Win32Emu.Emulator: [IGN_TEAS Loop] Iteration 10113: EIP 0x00412625→0x00412626, ESP=0x001FEF6C, EBP=0x001FEFFC, EAX=0x00470000, EBX=0x00000000, ECX=0x0043ACA0, EDX=0x0000000A, ESI=0x00000000, EDI=0x00000000
2026-01-08 13:44:18.254 [INFO] Win32Emu.Emulator: [IGN_TEAS Loop] Iteration 10114: EIP 0x00412626→0x00412628, ESP=0x001FEF6C, EBP=0x001FEFFC, EAX=0x00470000, EBX=0x00000000, ECX=0x0043ACA0, EDX=0x0000000A, ESI=0x00000000, EDI=0x00000000
2026-01-08 13:44:18.254 [INFO] Win32Emu.Emulator: [IGN_TEAS Loop] Iteration 10115: EIP 0x00412628→0x00412629, ESP=0x001FEF68, EBP=0x001FEFFC, EAX=0x00470000, EBX=0x00000000, ECX=0x0043ACA0, EDX=0x0000000A, ESI=0x00000000, EDI=0x00000000
2026-01-08 13:44:18.254 [INFO] Win32Emu.Emulator: [IGN_TEAS Loop] Iteration 10116: EIP 0x00412629→0x0041262B, ESP=0x001FEF68, EBP=0x001FEFFC, EAX=0x00470000, EBX=0x00000000, ECX=0x0043ACA0, EDX=0x0000000A, ESI=0x00000000, EDI=0x00000000
2026-01-08 13:44:18.254 [INFO] Win32Emu.Emulator: [IGN_TEAS Loop] Iteration 10117: EIP 0x0041262B→0x00412631, ESP=0x001FEF68, EBP=0x001FEFFC, EAX=0x00470000, EBX=0x00000000, ECX=0x0043ACA0, EDX=0x0000000A, ESI=0x0F000280, EDI=0x00000000
2026-01-08 13:44:18.254 [INFO] Win32Emu.Emulator: [IGN_TEAS Loop] Iteration 10118: EIP 0x00412631→0x00412637, ESP=0x001FEF68, EBP=0x001FEFFC, EAX=0x00470000, EBX=0x00000000, ECX=0x0043ACA0, EDX=0x0000000A, ESI=0x0F000280, EDI=0x00000000
2026-01-08 13:44:18.254 [INFO] Win32Emu.Emulator: [IGN_TEAS Loop] Iteration 10119: EIP 0x00412637→0x00412639, ESP=0x001FEF68, EBP=0x001FEFFC, EAX=0x00470000, EBX=0x00000000, ECX=0x0043ACA0, EDX=0x0000000A, ESI=0x0F000280, EDI=0x00000000
2026-01-08 13:44:18.254 [INFO] Win32Emu.Emulator: [Syscall] KERNEL32.DLL!GetEnvironmentStringsW from stub at 0x0F000280
2026-01-08 13:44:18.254 [INFO] Win32Emu.Emulator: [Syscall] BEFORE API: Return address at 0x001FEF64 = 0x0041263B
2026-01-08 13:44:18.254 [INFO] Win32Emu.Emulator: Dispatching async KERNEL32.DLL!GetEnvironmentStringsW at EIP=0x0E000002 ESP=0x001FEF64 stack=3B 26 41 00 FC EF 1F 00 00 00 00 00 00 00 00 00
2026-01-08 13:44:18.254 [INFO] Win32Emu.Emulator: Dispatching KERNEL32.DLL!GetEnvironmentStringsW at EIP=0x0E000002 ESP=0x001FEF64 stack=3B 26 41 00 FC EF 1F 00 00 00 00 00 00 00 00 00
2026-01-08 13:44:18.260 [INFO] Win32Emu.Emulator: [Dispatcher] KERNEL32.DLL!GetEnvironmentStringsW returned 0x00880000, argBytes=0
2026-01-08 13:44:18.260 [INFO] Win32Emu.Emulator: [Syscall] AFTER API: Return address at 0x001FEF64 = 0x0041263B
2026-01-08 13:44:18.260 [INFO] Win32Emu.Emulator: [IGN_TEAS Loop] Iteration 10124: EIP 0x0F000285→0x0041263B, ESP=0x001FEF68, EBP=0x001FEFFC, EAX=0x00880000, EBX=0x00000000, ECX=0x0043ACA0, EDX=0x0000000A, ESI=0x0F000280, EDI=0x00000000
2026-01-08 13:44:18.260 [INFO] Win32Emu.Emulator: [IGN_TEAS Loop] Iteration 10125: EIP 0x0041263B→0x0041263D, ESP=0x001FEF68, EBP=0x001FEFFC, EAX=0x00880000, EBX=0x00000000, ECX=0x0043ACA0, EDX=0x0000000A, ESI=0x0F000280, EDI=0x00000000
2026-01-08 13:44:18.260 [INFO] Win32Emu.Emulator: [IGN_TEAS Loop] Iteration 10126: EIP 0x0041263D→0x0041263F, ESP=0x001FEF68, EBP=0x001FEFFC, EAX=0x00880000, EBX=0x00000000, ECX=0x0043ACA0, EDX=0x0000000A, ESI=0x0F000280, EDI=0x00880000
2026-01-08 13:44:18.260 [INFO] Win32Emu.Emulator: [IGN_TEAS Loop] Iteration 10127: EIP 0x0041263F→0x00412641, ESP=0x001FEF68, EBP=0x001FEFFC, EAX=0x00880000, EBX=0x00000000, ECX=0x0043ACA0, EDX=0x0000000A, ESI=0x0F000280, EDI=0x00880000
2026-01-08 13:44:18.260 [INFO] Win32Emu.Emulator: [IGN_TEAS Loop] Iteration 10128: EIP 0x00412641→0x0041264B, ESP=0x001FEF68, EBP=0x001FEFFC, EAX=0x00880000, EBX=0x00000000, ECX=0x0043ACA0, EDX=0x0000000A, ESI=0x0F000280, EDI=0x00880000
2026-01-08 13:44:18.260 [INFO] Win32Emu.Emulator: [IGN_TEAS Loop] Iteration 10129: EIP 0x0041264B→0x0041266F, ESP=0x001FEF68, EBP=0x001FEFFC, EAX=0x00880000, EBX=0x00000000, ECX=0x0043ACA0, EDX=0x0000000A, ESI=0x0F000280, EDI=0x00880000
2026-01-08 13:44:18.260 [INFO] Win32Emu.Emulator: [IGN_TEAS Loop] Iteration 10130: EIP 0x0041266F→0x00412676, ESP=0x001FEF68, EBP=0x001FEFFC, EAX=0x00880000, EBX=0x00000000, ECX=0x0043ACA0, EDX=0x0000000A, ESI=0x0F000280, EDI=0x00880000
2026-01-08 13:44:18.260 [INFO] Win32Emu.Emulator: [IGN_TEAS Loop] Iteration 10131: EIP 0x00412676→0x0041267C, ESP=0x001FEF68, EBP=0x001FEFFC, EAX=0x00880000, EBX=0x00000000, ECX=0x0043ACA0, EDX=0x0000000A, ESI=0x0F000280, EDI=0x00880000
2026-01-08 13:44:18.260 [INFO] Win32Emu.Emulator: [IGN_TEAS Loop] Iteration 10132: EIP 0x0041267C→0x0041267E, ESP=0x001FEF68, EBP=0x001FEFFC, EAX=0x00880000, EBX=0x00000000, ECX=0x0043ACA0, EDX=0x0000000A, ESI=0x0F000280, EDI=0x00880000
2026-01-08 13:44:18.260 [INFO] Win32Emu.Emulator: [IGN_TEAS Loop] Iteration 10133: EIP 0x0041267E→0x00412692, ESP=0x001FEF68, EBP=0x001FEFFC, EAX=0x00880000, EBX=0x00000000, ECX=0x0043ACA0, EDX=0x0000000A, ESI=0x0F000280, EDI=0x00880000
2026-01-08 13:44:18.260 [INFO] Win32Emu.Emulator: [IGN_TEAS Loop] Iteration 10134: EIP 0x00412692→0x00412696, ESP=0x001FEF68, EBP=0x001FEFFC, EAX=0x00880000, EBX=0x00000000, ECX=0x0043ACA0, EDX=0x0000000A, ESI=0x0F000280, EDI=0x00880000
2026-01-08 13:44:18.260 [INFO] Win32Emu.Emulator: [IGN_TEAS Loop] Iteration 10135: EIP 0x00412696→0x00412698, ESP=0x001FEF68, EBP=0x001FEFFC, EAX=0x00880000, EBX=0x00000000, ECX=0x0043ACA0, EDX=0x0000000A, ESI=0x00880000, EDI=0x00880000
2026-01-08 13:44:18.260 [INFO] Win32Emu.Emulator: [IGN_TEAS Loop] Iteration 10136: EIP 0x00412698→0x0041269A, ESP=0x001FEF68, EBP=0x001FEFFC, EAX=0x00880000, EBX=0x00000000, ECX=0x0043ACA0, EDX=0x0000000A, ESI=0x00880000, EDI=0x00880000
2026-01-08 13:44:18.260 [INFO] Win32Emu.Emulator: [IGN_TEAS Loop] Iteration 10137: EIP 0x0041269A→0x0041269D, ESP=0x001FEF68, EBP=0x001FEFFC, EAX=0x00880000, EBX=0x00000000, ECX=0x0043ACA0, EDX=0x0000000A, ESI=0x00880002, EDI=0x00880000
2026-01-08 13:44:18.260 [INFO] Win32Emu.Emulator: [IGN_TEAS Loop] Iteration 10138: EIP 0x0041269D→0x004126A1, ESP=0x001FEF68, EBP=0x001FEFFC, EAX=0x00880000, EBX=0x00000000, ECX=0x0043ACA0, EDX=0x0000000A, ESI=0x00880002, EDI=0x00880000
2026-01-08 13:44:18.260 [INFO] Win32Emu.Emulator: [IGN_TEAS Loop] Iteration 10139: EIP 0x004126A1→0x0041269A, ESP=0x001FEF68, EBP=0x001FEFFC, EAX=0x00880000, EBX=0x00000000, ECX=0x0043ACA0, EDX=0x0000000A, ESI=0x00880002, EDI=0x00880000
2026-01-08 13:44:18.260 [INFO] Win32Emu.Emulator: [IGN_TEAS Loop] Iteration 10140: EIP 0x0041269A→0x0041269D, ESP=0x001FEF68, EBP=0x001FEFFC, EAX=0x00880000, EBX=0x00000000, ECX=0x0043ACA0, EDX=0x0000000A, ESI=0x00880004, EDI=0x00880000
2026-01-08 13:44:18.260 [INFO] Win32Emu.Emulator: [IGN_TEAS Loop] Iteration 10141: EIP 0x0041269D→0x004126A1, ESP=0x001FEF68, EBP=0x001FEFFC, EAX=0x00880000, EBX=0x00000000, ECX=0x0043ACA0, EDX=0x0000000A, ESI=0x00880004, EDI=0x00880000
2026-01-08 13:44:18.260 [INFO] Win32Emu.Emulator: [IGN_TEAS Loop] Iteration 10142: EIP 0x004126A1→0x0041269A, ESP=0x001FEF68, EBP=0x001FEFFC, EAX=0x00880000, EBX=0x00000000, ECX=0x0043ACA0, EDX=0x0000000A, ESI=0x00880004, EDI=0x00880000
2026-01-08 13:44:18.261 [INFO] Win32Emu.Emulator: [IGN_TEAS Loop] Iteration 10143: EIP 0x0041269A→0x0041269D, ESP=0x001FEF68, EBP=0x001FEFFC, EAX=0x00880000, EBX=0x00000000, ECX=0x0043ACA0, EDX=0x0000000A, ESI=0x00880006, EDI=0x00880000
2026-01-08 13:44:18.261 [INFO] Win32Emu.Emulator: [IGN_TEAS Loop] Iteration 10144: EIP 0x0041269D→0x004126A1, ESP=0x001FEF68, EBP=0x001FEFFC, EAX=0x00880000, EBX=0x00000000, ECX=0x0043ACA0, EDX=0x0000000A, ESI=0x00880006, EDI=0x00880000
2026-01-08 13:44:18.261 [INFO] Win32Emu.Emulator: [IGN_TEAS Loop] Iteration 10145: EIP 0x004126A1→0x0041269A, ESP=0x001FEF68, EBP=0x001FEFFC, EAX=0x00880000, EBX=0x00000000, ECX=0x0043ACA0, EDX=0x0000000A, ESI=0x00880006, EDI=0x00880000
2026-01-08 13:44:18.261 [INFO] Win32Emu.Emulator: [IGN_TEAS Loop] Iteration 10146: EIP 0x0041269A→0x0041269D, ESP=0x001FEF68, EBP=0x001FEFFC, EAX=0x00880000, EBX=0x00000000, ECX=0x0043ACA0, EDX=0x0000000A, ESI=0x00880008, EDI=0x00880000
2026-01-08 13:44:18.261 [INFO] Win32Emu.Emulator: [IGN_TEAS Loop] Iteration 10147: EIP 0x0041269D→0x004126A1, ESP=0x001FEF68, EBP=0x001FEFFC, EAX=0x00880000, EBX=0x00000000, ECX=0x0043ACA0, EDX=0x0000000A, ESI=0x00880008, EDI=0x00880000
2026-01-08 13:44:18.261 [INFO] Win32Emu.Emulator: [IGN_TEAS Loop] Iteration 10148: EIP 0x004126A1→0x0041269A, ESP=0x001FEF68, EBP=0x001FEFFC, EAX=0x00880000, EBX=0x00000000, ECX=0x0043ACA0, EDX=0x0000000A, ESI=0x00880008, EDI=0x00880000
2026-01-08 13:44:18.261 [INFO] Win32Emu.Emulator: [IGN_TEAS Loop] Iteration 10149: EIP 0x0041269A→0x0041269D, ESP=0x001FEF68, EBP=0x001FEFFC, EAX=0x00880000, EBX=0x00000000, ECX=0x0043ACA0, EDX=0x0000000A, ESI=0x0088000A, EDI=0x00880000
2026-01-08 13:44:18.261 [INFO] Win32Emu.Emulator: [IGN_TEAS Loop] Iteration 10150: EIP 0x0041269D→0x004126A1, ESP=0x001FEF68, EBP=0x001FEFFC, EAX=0x00880000, EBX=0x00000000, ECX=0x0043ACA0, EDX=0x0000000A, ESI=0x0088000A, EDI=0x00880000
2026-01-08 13:44:18.261 [INFO] Win32Emu.Emulator: [IGN_TEAS Loop] Iteration 10151: EIP 0x004126A1→0x0041269A, ESP=0x001FEF68, EBP=0x001FEFFC, EAX=0x00880000, EBX=0x00000000, ECX=0x0043ACA0, EDX=0x0000000A, ESI=0x0088000A, EDI=0x00880000
2026-01-08 13:44:18.261 [INFO] Win32Emu.Emulator: [IGN_TEAS Loop] Iteration 10152: EIP 0x0041269A→0x0041269D, ESP=0x001FEF68, EBP=0x001FEFFC, EAX=0x00880000, EBX=0x00000000, ECX=0x0043ACA0, EDX=0x0000000A, ESI=0x0088000C, EDI=0x00880000
2026-01-08 13:44:18.261 [INFO] Win32Emu.Emulator: [IGN_TEAS Loop] Iteration 10153: EIP 0x0041269D→0x004126A1, ESP=0x001FEF68, EBP=0x001FEFFC, EAX=0x00880000, EBX=0x00000000, ECX=0x0043ACA0, EDX=0x0000000A, ESI=0x0088000C, EDI=0x00880000
2026-01-08 13:44:18.261 [INFO] Win32Emu.Emulator: [IGN_TEAS Loop] Iteration 10154: EIP 0x004126A1→0x0041269A, ESP=0x001FEF68, EBP=0x001FEFFC, EAX=0x00880000, EBX=0x00000000, ECX=0x0043ACA0, EDX=0x0000000A, ESI=0x0088000C, EDI=0x00880000
2026-01-08 13:44:18.261 [INFO] Win32Emu.Emulator: [IGN_TEAS Loop] Iteration 10155: EIP 0x0041269A→0x0041269D, ESP=0x001FEF68, EBP=0x001FEFFC, EAX=0x00880000, EBX=0x00000000, ECX=0x0043ACA0, EDX=0x0000000A, ESI=0x0088000E, EDI=0x00880000
2026-01-08 13:44:18.261 [INFO] Win32Emu.Emulator: [IGN_TEAS Loop] Iteration 10156: EIP 0x0041269D→0x004126A1, ESP=0x001FEF68, EBP=0x001FEFFC, EAX=0x00880000, EBX=0x00000000, ECX=0x0043ACA0, EDX=0x0000000A, ESI=0x0088000E, EDI=0x00880000
2026-01-08 13:44:18.261 [INFO] Win32Emu.Emulator: [IGN_TEAS Loop] Iteration 10157: EIP 0x004126A1→0x0041269A, ESP=0x001FEF68, EBP=0x001FEFFC, EAX=0x00880000, EBX=0x00000000, ECX=0x0043ACA0, EDX=0x0000000A, ESI=0x0088000E, EDI=0x00880000
2026-01-08 13:44:18.261 [INFO] Win32Emu.Emulator: [IGN_TEAS Loop] Iteration 10158: EIP 0x0041269A→0x0041269D, ESP=0x001FEF68, EBP=0x001FEFFC, EAX=0x00880000, EBX=0x00000000, ECX=0x0043ACA0, EDX=0x0000000A, ESI=0x00880010, EDI=0x00880000
2026-01-08 13:44:18.261 [INFO] Win32Emu.Emulator: [IGN_TEAS Loop] Iteration 10159: EIP 0x0041269D→0x004126A1, ESP=0x001FEF68, EBP=0x001FEFFC, EAX=0x00880000, EBX=0x00000000, ECX=0x0043ACA0, EDX=0x0000000A, ESI=0x00880010, EDI=0x00880000
2026-01-08 13:44:18.261 [INFO] Win32Emu.Emulator: [IGN_TEAS Loop] Iteration 10160: EIP 0x004126A1→0x0041269A, ESP=0x001FEF68, EBP=0x001FEFFC, EAX=0x00880000, EBX=0x00000000, ECX=0x0043ACA0, EDX=0x0000000A, ESI=0x00880010, EDI=0x00880000
2026-01-08 13:44:18.261 [INFO] Win32Emu.Emulator: [IGN_TEAS Loop] Iteration 10161: EIP 0x0041269A→0x0041269D, ESP=0x001FEF68, EBP=0x001FEFFC, EAX=0x00880000, EBX=0x00000000, ECX=0x0043ACA0, EDX=0x0000000A, ESI=0x00880012, EDI=0x00880000
2026-01-08 13:44:18.261 [INFO] Win32Emu.Emulator: [IGN_TEAS Loop] Iteration 10162: EIP 0x0041269D→0x004126A1, ESP=0x001FEF68, EBP=0x001FEFFC, EAX=0x00880000, EBX=0x00000000, ECX=0x0043ACA0, EDX=0x0000000A, ESI=0x00880012, EDI=0x00880000
2026-01-08 13:44:18.261 [INFO] Win32Emu.Emulator: [IGN_TEAS Loop] Iteration 10163: EIP 0x004126A1→0x0041269A, ESP=0x001FEF68, EBP=0x001FEFFC, EAX=0x00880000, EBX=0x00000000, ECX=0x0043ACA0, EDX=0x0000000A, ESI=0x00880012, EDI=0x00880000
2026-01-08 13:44:18.261 [INFO] Win32Emu.Emulator: [IGN_TEAS Loop] Iteration 10164: EIP 0x0041269A→0x0041269D, ESP=0x001FEF68, EBP=0x001FEFFC, EAX=0x00880000, EBX=0x00000000, ECX=0x0043ACA0, EDX=0x0000000A, ESI=0x00880014, EDI=0x00880000
2026-01-08 13:44:18.261 [INFO] Win32Emu.Emulator: [IGN_TEAS Loop] Iteration 10165: EIP 0x0041269D→0x004126A1, ESP=0x001FEF68, EBP=0x001FEFFC, EAX=0x00880000, EBX=0x00000000, ECX=0x0043ACA0, EDX=0x0000000A, ESI=0x00880014, EDI=0x00880000
2026-01-08 13:44:18.261 [INFO] Win32Emu.Emulator: [IGN_TEAS Loop] Iteration 10166: EIP 0x004126A1→0x0041269A, ESP=0x001FEF68, EBP=0x001FEFFC, EAX=0x00880000, EBX=0x00000000, ECX=0x0043ACA0, EDX=0x0000000A, ESI=0x00880014, EDI=0x00880000
2026-01-08 13:44:18.261 [INFO] Win32Emu.Emulator: [IGN_TEAS Loop] Iteration 10167: EIP 0x0041269A→0x0041269D, ESP=0x001FEF68, EBP=0x001FEFFC, EAX=0x00880000, EBX=0x00000000, ECX=0x0043ACA0, EDX=0x0000000A, ESI=0x00880016, EDI=0x00880000
2026-01-08 13:44:18.261 [INFO] Win32Emu.Emulator: [IGN_TEAS Loop] Iteration 10168: EIP 0x0041269D→0x004126A1, ESP=0x001FEF68, EBP=0x001FEFFC, EAX=0x00880000, EBX=0x00000000, ECX=0x0043ACA0, EDX=0x0000000A, ESI=0x00880016, EDI=0x00880000
2026-01-08 13:44:18.261 [INFO] Win32Emu.Emulator: [IGN_TEAS Loop] Iteration 10169: EIP 0x004126A1→0x0041269A, ESP=0x001FEF68, EBP=0x001FEFFC, EAX=0x00880000, EBX=0x00000000, ECX=0x0043ACA0, EDX=0x0000000A, ESI=0x00880016, EDI=0x00880000
2026-01-08 13:44:18.261 [INFO] Win32Emu.Emulator: [IGN_TEAS Loop] Iteration 10170: EIP 0x0041269A→0x0041269D, ESP=0x001FEF68, EBP=0x001FEFFC, EAX=0x00880000, EBX=0x00000000, ECX=0x0043ACA0, EDX=0x0000000A, ESI=0x00880018, EDI=0x00880000
2026-01-08 13:44:18.261 [INFO] Win32Emu.Emulator: [IGN_TEAS Loop] Iteration 10171: EIP 0x0041269D→0x004126A1, ESP=0x001FEF68, EBP=0x001FEFFC, EAX=0x00880000, EBX=0x00000000, ECX=0x0043ACA0, EDX=0x0000000A, ESI=0x00880018, EDI=0x00880000
2026-01-08 13:44:18.261 [INFO] Win32Emu.Emulator: [IGN_TEAS Loop] Iteration 10172: EIP 0x004126A1→0x0041269A, ESP=0x001FEF68, EBP=0x001FEFFC, EAX=0x00880000, EBX=0x00000000, ECX=0x0043ACA0, EDX=0x0000000A, ESI=0x00880018, EDI=0x00880000
2026-01-08 13:44:18.261 [INFO] Win32Emu.Emulator: [IGN_TEAS Loop] Iteration 10173: EIP 0x0041269A→0x0041269D, ESP=0x001FEF68, EBP=0x001FEFFC, EAX=0x00880000, EBX=0x00000000, ECX=0x0043ACA0, EDX=0x0000000A, ESI=0x0088001A, EDI=0x00880000
2026-01-08 13:44:18.261 [INFO] Win32Emu.Emulator: [IGN_TEAS Loop] Iteration 10174: EIP 0x0041269D→0x004126A1, ESP=0x001FEF68, EBP=0x001FEFFC, EAX=0x00880000, EBX=0x00000000, ECX=0x0043ACA0, EDX=0x0000000A, ESI=0x0088001A, EDI=0x00880000
2026-01-08 13:44:18.261 [INFO] Win32Emu.Emulator: [IGN_TEAS Loop] Iteration 10175: EIP 0x004126A1→0x0041269A, ESP=0x001FEF68, EBP=0x001FEFFC, EAX=0x00880000, EBX=0x00000000, ECX=0x0043ACA0, EDX=0x0000000A, ESI=0x0088001A, EDI=0x00880000
2026-01-08 13:44:18.261 [INFO] Win32Emu.Emulator: [IGN_TEAS Loop] Iteration 10176: EIP 0x0041269A→0x0041269D, ESP=0x001FEF68, EBP=0x001FEFFC, EAX=0x00880000, EBX=0x00000000, ECX=0x0043ACA0, EDX=0x0000000A, ESI=0x0088001C, EDI=0x00880000
2026-01-08 13:44:18.262 [INFO] Win32Emu.Emulator: [IGN_TEAS Loop] Iteration 10177: EIP 0x0041269D→0x004126A1, ESP=0x001FEF68, EBP=0x001FEFFC, EAX=0x00880000, EBX=0x00000000, ECX=0x0043ACA0, EDX=0x0000000A, ESI=0x0088001C, EDI=0x00880000
2026-01-08 13:44:18.262 [INFO] Win32Emu.Emulator: [IGN_TEAS Loop] Iteration 10178: EIP 0x004126A1→0x0041269A, ESP=0x001FEF68, EBP=0x001FEFFC, EAX=0x00880000, EBX=0x00000000, ECX=0x0043ACA0, EDX=0x0000000A, ESI=0x0088001C, EDI=0x00880000
2026-01-08 13:44:18.262 [INFO] Win32Emu.Emulator: [IGN_TEAS Loop] Iteration 10179: EIP 0x0041269A→0x0041269D, ESP=0x001FEF68, EBP=0x001FEFFC, EAX=0x00880000, EBX=0x00000000, ECX=0x0043ACA0, EDX=0x0000000A, ESI=0x0088001E, EDI=0x00880000
2026-01-08 13:44:18.262 [INFO] Win32Emu.Emulator: [IGN_TEAS Loop] Iteration 10180: EIP 0x0041269D→0x004126A1, ESP=0x001FEF68, EBP=0x001FEFFC, EAX=0x00880000, EBX=0x00000000, ECX=0x0043ACA0, EDX=0x0000000A, ESI=0x0088001E, EDI=0x00880000
2026-01-08 13:44:18.262 [INFO] Win32Emu.Emulator: [IGN_TEAS Loop] Iteration 10181: EIP 0x004126A1→0x0041269A, ESP=0x001FEF68, EBP=0x001FEFFC, EAX=0x00880000, EBX=0x00000000, ECX=0x0043ACA0, EDX=0x0000000A, ESI=0x0088001E, EDI=0x00880000
2026-01-08 13:44:18.262 [INFO] Win32Emu.Emulator: [IGN_TEAS Loop] Iteration 10182: EIP 0x0041269A→0x0041269D, ESP=0x001FEF68, EBP=0x001FEFFC, EAX=0x00880000, EBX=0x00000000, ECX=0x0043ACA0, EDX=0x0000000A, ESI=0x00880020, EDI=0x00880000
2026-01-08 13:44:18.262 [INFO] Win32Emu.Emulator: [IGN_TEAS Loop] Iteration 10183: EIP 0x0041269D→0x004126A1, ESP=0x001FEF68, EBP=0x001FEFFC, EAX=0x00880000, EBX=0x00000000, ECX=0x0043ACA0, EDX=0x0000000A, ESI=0x00880020, EDI=0x00880000
2026-01-08 13:44:18.262 [INFO] Win32Emu.Emulator: [IGN_TEAS Loop] Iteration 10184: EIP 0x004126A1→0x0041269A, ESP=0x001FEF68, EBP=0x001FEFFC, EAX=0x00880000, EBX=0x00000000, ECX=0x0043ACA0, EDX=0x0000000A, ESI=0x00880020, EDI=0x00880000
2026-01-08 13:44:18.262 [INFO] Win32Emu.Emulator: [IGN_TEAS Loop] Iteration 10185: EIP 0x0041269A→0x0041269D, ESP=0x001FEF68, EBP=0x001FEFFC, EAX=0x00880000, EBX=0x00000000, ECX=0x0043ACA0, EDX=0x0000000A, ESI=0x00880022, EDI=0x00880000
2026-01-08 13:44:18.262 [INFO] Win32Emu.Emulator: [IGN_TEAS Loop] Iteration 10186: EIP 0x0041269D→0x004126A1, ESP=0x001FEF68, EBP=0x001FEFFC, EAX=0x00880000, EBX=0x00000000, ECX=0x0043ACA0, EDX=0x0000000A, ESI=0x00880022, EDI=0x00880000
2026-01-08 13:44:18.262 [INFO] Win32Emu.Emulator: [IGN_TEAS Loop] Iteration 10187: EIP 0x004126A1→0x0041269A, ESP=0x001FEF68, EBP=0x001FEFFC, EAX=0x00880000, EBX=0x00000000, ECX=0x0043ACA0, EDX=0x0000000A, ESI=0x00880022, EDI=0x00880000
2026-01-08 13:44:18.262 [INFO] Win32Emu.Emulator: [IGN_TEAS Loop] Iteration 10188: EIP 0x0041269A→0x0041269D, ESP=0x001FEF68, EBP=0x001FEFFC, EAX=0x00880000, EBX=0x00000000, ECX=0x0043ACA0, EDX=0x0000000A, ESI=0x00880024, EDI=0x00880000
2026-01-08 13:44:18.262 [INFO] Win32Emu.Emulator: [IGN_TEAS Loop] Iteration 10189: EIP 0x0041269D→0x004126A1, ESP=0x001FEF68, EBP=0x001FEFFC, EAX=0x00880000, EBX=0x00000000, ECX=0x0043ACA0, EDX=0x0000000A, ESI=0x00880024, EDI=0x00880000
2026-01-08 13:44:18.262 [INFO] Win32Emu.Emulator: [IGN_TEAS Loop] Iteration 10190: EIP 0x004126A1→0x0041269A, ESP=0x001FEF68, EBP=0x001FEFFC, EAX=0x00880000, EBX=0x00000000, ECX=0x0043ACA0, EDX=0x0000000A, ESI=0x00880024, EDI=0x00880000
2026-01-08 13:44:18.262 [INFO] Win32Emu.Emulator: [IGN_TEAS Loop] Iteration 10191: EIP 0x0041269A→0x0041269D, ESP=0x001FEF68, EBP=0x001FEFFC, EAX=0x00880000, EBX=0x00000000, ECX=0x0043ACA0, EDX=0x0000000A, ESI=0x00880026, EDI=0x00880000
2026-01-08 13:44:18.262 [INFO] Win32Emu.Emulator: [IGN_TEAS Loop] Iteration 10192: EIP 0x0041269D→0x004126A1, ESP=0x001FEF68, EBP=0x001FEFFC, EAX=0x00880000, EBX=0x00000000, ECX=0x0043ACA0, EDX=0x0000000A, ESI=0x00880026, EDI=0x00880000
2026-01-08 13:44:18.262 [INFO] Win32Emu.Emulator: [IGN_TEAS Loop] Iteration 10193: EIP 0x004126A1→0x0041269A, ESP=0x001FEF68, EBP=0x001FEFFC, EAX=0x00880000, EBX=0x00000000, ECX=0x0043ACA0, EDX=0x0000000A, ESI=0x00880026, EDI=0x00880000
2026-01-08 13:44:18.262 [INFO] Win32Emu.Emulator: [IGN_TEAS Loop] Iteration 10194: EIP 0x0041269A→0x0041269D, ESP=0x001FEF68, EBP=0x001FEFFC, EAX=0x00880000, EBX=0x00000000, ECX=0x0043ACA0, EDX=0x0000000A, ESI=0x00880028, EDI=0x00880000
2026-01-08 13:44:18.262 [INFO] Win32Emu.Emulator: [IGN_TEAS Loop] Iteration 10195: EIP 0x0041269D→0x004126A1, ESP=0x001FEF68, EBP=0x001FEFFC, EAX=0x00880000, EBX=0x00000000, ECX=0x0043ACA0, EDX=0x0000000A, ESI=0x00880028, EDI=0x00880000
2026-01-08 13:44:18.262 [INFO] Win32Emu.Emulator: [IGN_TEAS Loop] Iteration 10196: EIP 0x004126A1→0x0041269A, ESP=0x001FEF68, EBP=0x001FEFFC, EAX=0x00880000, EBX=0x00000000, ECX=0x0043ACA0, EDX=0x0000000A, ESI=0x00880028, EDI=0x00880000
2026-01-08 13:44:18.262 [INFO] Win32Emu.Emulator: [IGN_TEAS Loop] Iteration 10197: EIP 0x0041269A→0x0041269D, ESP=0x001FEF68, EBP=0x001FEFFC, EAX=0x00880000, EBX=0x00000000, ECX=0x0043ACA0, EDX=0x0000000A, ESI=0x0088002A, EDI=0x00880000
2026-01-08 13:44:18.262 [INFO] Win32Emu.Emulator: [IGN_TEAS Loop] Iteration 10198: EIP 0x0041269D→0x004126A1, ESP=0x001FEF68, EBP=0x001FEFFC, EAX=0x00880000, EBX=0x00000000, ECX=0x0043ACA0, EDX=0x0000000A, ESI=0x0088002A, EDI=0x00880000
2026-01-08 13:44:18.262 [INFO] Win32Emu.Emulator: [IGN_TEAS Loop] Iteration 10199: EIP 0x004126A1→0x004126A3, ESP=0x001FEF68, EBP=0x001FEFFC, EAX=0x00880000, EBX=0x00000000, ECX=0x0043ACA0, EDX=0x0000000A, ESI=0x0088002A, EDI=0x00880000
2026-01-08 13:44:18.262 [INFO] Win32Emu.Emulator: [IGN_TEAS Loop] Iteration 10200: EIP 0x004126A3→0x004126A6, ESP=0x001FEF68, EBP=0x001FEFFC, EAX=0x00880000, EBX=0x00000000, ECX=0x0043ACA0, EDX=0x0000000A, ESI=0x0088002C, EDI=0x00880000
2026-01-08 13:44:18.262 [INFO] Win32Emu.Emulator: [IGN_TEAS Loop] Iteration 10201: EIP 0x004126A6→0x004126AA, ESP=0x001FEF68, EBP=0x001FEFFC, EAX=0x00880000, EBX=0x00000000, ECX=0x0043ACA0, EDX=0x0000000A, ESI=0x0088002C, EDI=0x00880000
2026-01-08 13:44:18.262 [INFO] Win32Emu.Emulator: [IGN_TEAS Loop] Iteration 10202: EIP 0x004126AA→0x0041269A, ESP=0x001FEF68, EBP=0x001FEFFC, EAX=0x00880000, EBX=0x00000000, ECX=0x0043ACA0, EDX=0x0000000A, ESI=0x0088002C, EDI=0x00880000
2026-01-08 13:44:18.262 [INFO] Win32Emu.Emulator: [IGN_TEAS Loop] Iteration 10203: EIP 0x0041269A→0x0041269D, ESP=0x001FEF68, EBP=0x001FEFFC, EAX=0x00880000, EBX=0x00000000, ECX=0x0043ACA0, EDX=0x0000000A, ESI=0x0088002E, EDI=0x00880000
2026-01-08 13:44:18.262 [INFO] Win32Emu.Emulator: [IGN_TEAS Loop] Iteration 10204: EIP 0x0041269D→0x004126A1, ESP=0x001FEF68, EBP=0x001FEFFC, EAX=0x00880000, EBX=0x00000000, ECX=0x0043ACA0, EDX=0x0000000A, ESI=0x0088002E, EDI=0x00880000
2026-01-08 13:44:18.262 [INFO] Win32Emu.Emulator: [IGN_TEAS Loop] Iteration 10205: EIP 0x004126A1→0x0041269A, ESP=0x001FEF68, EBP=0x001FEFFC, EAX=0x00880000, EBX=0x00000000, ECX=0x0043ACA0, EDX=0x0000000A, ESI=0x0088002E, EDI=0x00880000
2026-01-08 13:44:18.262 [INFO] Win32Emu.Emulator: [IGN_TEAS Loop] Iteration 10206: EIP 0x0041269A→0x0041269D, ESP=0x001FEF68, EBP=0x001FEFFC, EAX=0x00880000, EBX=0x00000000, ECX=0x0043ACA0, EDX=0x0000000A, ESI=0x00880030, EDI=0x00880000
2026-01-08 13:44:18.262 [INFO] Win32Emu.Emulator: [IGN_TEAS Loop] Iteration 10207: EIP 0x0041269D→0x004126A1, ESP=0x001FEF68, EBP=0x001FEFFC, EAX=0x00880000, EBX=0x00000000, ECX=0x0043ACA0, EDX=0x0000000A, ESI=0x00880030, EDI=0x00880000
2026-01-08 13:44:18.262 [INFO] Win32Emu.Emulator: [IGN_TEAS Loop] Iteration 10208: EIP 0x004126A1→0x0041269A, ESP=0x001FEF68, EBP=0x001FEFFC, EAX=0x00880000, EBX=0x00000000, ECX=0x0043ACA0, EDX=0x0000000A, ESI=0x00880030, EDI=0x00880000
2026-01-08 13:44:18.262 [INFO] Win32Emu.Emulator: [IGN_TEAS Loop] Iteration 10209: EIP 0x0041269A→0x0041269D, ESP=0x001FEF68, EBP=0x001FEFFC, EAX=0x00880000, EBX=0x00000000, ECX=0x0043ACA0, EDX=0x0000000A, ESI=0x00880032, EDI=0x00880000
2026-01-08 13:44:18.263 [INFO] Win32Emu.Emulator: [IGN_TEAS Loop] Iteration 10210: EIP 0x0041269D→0x004126A1, ESP=0x001FEF68, EBP=0x001FEFFC, EAX=0x00880000, EBX=0x00000000, ECX=0x0043ACA0, EDX=0x0000000A, ESI=0x00880032, EDI=0x00880000
2026-01-08 13:44:18.263 [INFO] Win32Emu.Emulator: [IGN_TEAS Loop] Iteration 10211: EIP 0x004126A1→0x0041269A, ESP=0x001FEF68, EBP=0x001FEFFC, EAX=0x00880000, EBX=0x00000000, ECX=0x0043ACA0, EDX=0x0000000A, ESI=0x00880032, EDI=0x00880000
2026-01-08 13:44:18.263 [INFO] Win32Emu.Emulator: [IGN_TEAS Loop] Iteration 10212: EIP 0x0041269A→0x0041269D, ESP=0x001FEF68, EBP=0x001FEFFC, EAX=0x00880000, EBX=0x00000000, ECX=0x0043ACA0, EDX=0x0000000A, ESI=0x00880034, EDI=0x00880000
2026-01-08 13:44:18.263 [INFO] Win32Emu.Emulator: [IGN_TEAS Loop] Iteration 10213: EIP 0x0041269D→0x004126A1, ESP=0x001FEF68, EBP=0x001FEFFC, EAX=0x00880000, EBX=0x00000000, ECX=0x0043ACA0, EDX=0x0000000A, ESI=0x00880034, EDI=0x00880000
2026-01-08 13:44:18.263 [INFO] Win32Emu.Emulator: [IGN_TEAS Loop] Iteration 10214: EIP 0x004126A1→0x0041269A, ESP=0x001FEF68, EBP=0x001FEFFC, EAX=0x00880000, EBX=0x00000000, ECX=0x0043ACA0, EDX=0x0000000A, ESI=0x00880034, EDI=0x00880000
2026-01-08 13:44:18.263 [INFO] Win32Emu.Emulator: [IGN_TEAS Loop] Iteration 10215: EIP 0x0041269A→0x0041269D, ESP=0x001FEF68, EBP=0x001FEFFC, EAX=0x00880000, EBX=0x00000000, ECX=0x0043ACA0, EDX=0x0000000A, ESI=0x00880036, EDI=0x00880000
2026-01-08 13:44:18.263 [INFO] Win32Emu.Emulator: [IGN_TEAS Loop] Iteration 10216: EIP 0x0041269D→0x004126A1, ESP=0x001FEF68, EBP=0x001FEFFC, EAX=0x00880000, EBX=0x00000000, ECX=0x0043ACA0, EDX=0x0000000A, ESI=0x00880036, EDI=0x00880000
2026-01-08 13:44:18.263 [INFO] Win32Emu.Emulator: [IGN_TEAS Loop] Iteration 10217: EIP 0x004126A1→0x0041269A, ESP=0x001FEF68, EBP=0x001FEFFC, EAX=0x00880000, EBX=0x00000000, ECX=0x0043ACA0, EDX=0x0000000A, ESI=0x00880036, EDI=0x00880000
2026-01-08 13:44:18.263 [INFO] Win32Emu.Emulator: [IGN_TEAS Loop] Iteration 10218: EIP 0x0041269A→0x0041269D, ESP=0x001FEF68, EBP=0x001FEFFC, EAX=0x00880000, EBX=0x00000000, ECX=0x0043ACA0, EDX=0x0000000A, ESI=0x00880038, EDI=0x00880000
2026-01-08 13:44:18.263 [INFO] Win32Emu.Emulator: [IGN_TEAS Loop] Iteration 10219: EIP 0x0041269D→0x004126A1, ESP=0x001FEF68, EBP=0x001FEFFC, EAX=0x00880000, EBX=0x00000000, ECX=0x0043ACA0, EDX=0x0000000A, ESI=0x00880038, EDI=0x00880000
2026-01-08 13:44:18.263 [INFO] Win32Emu.Emulator: [IGN_TEAS Loop] Iteration 10220: EIP 0x004126A1→0x0041269A, ESP=0x001FEF68, EBP=0x001FEFFC, EAX=0x00880000, EBX=0x00000000, ECX=0x0043ACA0, EDX=0x0000000A, ESI=0x00880038, EDI=0x00880000
2026-01-08 13:44:18.263 [INFO] Win32Emu.Emulator: [IGN_TEAS Loop] Iteration 10221: EIP 0x0041269A→0x0041269D, ESP=0x001FEF68, EBP=0x001FEFFC, EAX=0x00880000, EBX=0x00000000, ECX=0x0043ACA0, EDX=0x0000000A, ESI=0x0088003A, EDI=0x00880000
2026-01-08 13:44:18.263 [INFO] Win32Emu.Emulator: [IGN_TEAS Loop] Iteration 10222: EIP 0x0041269D→0x004126A1, ESP=0x001FEF68, EBP=0x001FEFFC, EAX=0x00880000, EBX=0x00000000, ECX=0x0043ACA0, EDX=0x0000000A, ESI=0x0088003A, EDI=0x00880000
2026-01-08 13:44:18.263 [INFO] Win32Emu.Emulator: [IGN_TEAS Loop] Iteration 10223: EIP 0x004126A1→0x0041269A, ESP=0x001FEF68, EBP=0x001FEFFC, EAX=0x00880000, EBX=0x00000000, ECX=0x0043ACA0, EDX=0x0000000A, ESI=0x0088003A, EDI=0x00880000
2026-01-08 13:44:18.263 [INFO] Win32Emu.Emulator: [IGN_TEAS Loop] Iteration 10224: EIP 0x0041269A→0x0041269D, ESP=0x001FEF68, EBP=0x001FEFFC, EAX=0x00880000, EBX=0x00000000, ECX=0x0043ACA0, EDX=0x0000000A, ESI=0x0088003C, EDI=0x00880000
2026-01-08 13:44:18.263 [INFO] Win32Emu.Emulator: [IGN_TEAS Loop] Iteration 10225: EIP 0x0041269D→0x004126A1, ESP=0x001FEF68, EBP=0x001FEFFC, EAX=0x00880000, EBX=0x00000000, ECX=0x0043ACA0, EDX=0x0000000A, ESI=0x0088003C, EDI=0x00880000
2026-01-08 13:44:18.263 [INFO] Win32Emu.Emulator: [IGN_TEAS Loop] Iteration 10226: EIP 0x004126A1→0x0041269A, ESP=0x001FEF68, EBP=0x001FEFFC, EAX=0x00880000, EBX=0x00000000, ECX=0x0043ACA0, EDX=0x0000000A, ESI=0x0088003C, EDI=0x00880000
2026-01-08 13:44:18.263 [INFO] Win32Emu.Emulator: [IGN_TEAS Loop] Iteration 10227: EIP 0x0041269A→0x0041269D, ESP=0x001FEF68, EBP=0x001FEFFC, EAX=0x00880000, EBX=0x00000000, ECX=0x0043ACA0, EDX=0x0000000A, ESI=0x0088003E, EDI=0x00880000
2026-01-08 13:44:18.263 [INFO] Win32Emu.Emulator: [IGN_TEAS Loop] Iteration 10228: EIP 0x0041269D→0x004126A1, ESP=0x001FEF68, EBP=0x001FEFFC, EAX=0x00880000, EBX=0x00000000, ECX=0x0043ACA0, EDX=0x0000000A, ESI=0x0088003E, EDI=0x00880000
2026-01-08 13:44:18.263 [INFO] Win32Emu.Emulator: [IGN_TEAS Loop] Iteration 10229: EIP 0x004126A1→0x0041269A, ESP=0x001FEF68, EBP=0x001FEFFC, EAX=0x00880000, EBX=0x00000000, ECX=0x0043ACA0, EDX=0x0000000A, ESI=0x0088003E, EDI=0x00880000
2026-01-08 13:44:18.263 [INFO] Win32Emu.Emulator: [IGN_TEAS Loop] Iteration 10230: EIP 0x0041269A→0x0041269D, ESP=0x001FEF68, EBP=0x001FEFFC, EAX=0x00880000, EBX=0x00000000, ECX=0x0043ACA0, EDX=0x0000000A, ESI=0x00880040, EDI=0x00880000
2026-01-08 13:44:18.263 [INFO] Win32Emu.Emulator: [IGN_TEAS Loop] Iteration 10231: EIP 0x0041269D→0x004126A1, ESP=0x001FEF68, EBP=0x001FEFFC, EAX=0x00880000, EBX=0x00000000, ECX=0x0043ACA0, EDX=0x0000000A, ESI=0x00880040, EDI=0x00880000
2026-01-08 13:44:18.263 [INFO] Win32Emu.Emulator: [IGN_TEAS Loop] Iteration 10232: EIP 0x004126A1→0x0041269A, ESP=0x001FEF68, EBP=0x001FEFFC, EAX=0x00880000, EBX=0x00000000, ECX=0x0043ACA0, EDX=0x0000000A, ESI=0x00880040, EDI=0x00880000
2026-01-08 13:44:18.263 [INFO] Win32Emu.Emulator: [IGN_TEAS Loop] Iteration 10233: EIP 0x0041269A→0x0041269D, ESP=0x001FEF68, EBP=0x001FEFFC, EAX=0x00880000, EBX=0x00000000, ECX=0x0043ACA0, EDX=0x0000000A, ESI=0x00880042, EDI=0x00880000
2026-01-08 13:44:18.263 [INFO] Win32Emu.Emulator: [IGN_TEAS Loop] Iteration 10234: EIP 0x0041269D→0x004126A1, ESP=0x001FEF68, EBP=0x001FEFFC, EAX=0x00880000, EBX=0x00000000, ECX=0x0043ACA0, EDX=0x0000000A, ESI=0x00880042, EDI=0x00880000
2026-01-08 13:44:18.263 [INFO] Win32Emu.Emulator: [IGN_TEAS Loop] Iteration 10235: EIP 0x004126A1→0x0041269A, ESP=0x001FEF68, EBP=0x001FEFFC, EAX=0x00880000, EBX=0x00000000, ECX=0x0043ACA0, EDX=0x0000000A, ESI=0x00880042, EDI=0x00880000
2026-01-08 13:44:18.263 [INFO] Win32Emu.Emulator: [IGN_TEAS Loop] Iteration 10236: EIP 0x0041269A→0x0041269D, ESP=0x001FEF68, EBP=0x001FEFFC, EAX=0x00880000, EBX=0x00000000, ECX=0x0043ACA0, EDX=0x0000000A, ESI=0x00880044, EDI=0x00880000
2026-01-08 13:44:18.263 [INFO] Win32Emu.Emulator: [IGN_TEAS Loop] Iteration 10237: EIP 0x0041269D→0x004126A1, ESP=0x001FEF68, EBP=0x001FEFFC, EAX=0x00880000, EBX=0x00000000, ECX=0x0043ACA0, EDX=0x0000000A, ESI=0x00880044, EDI=0x00880000
2026-01-08 13:44:18.263 [INFO] Win32Emu.Emulator: [IGN_TEAS Loop] Iteration 10238: EIP 0x004126A1→0x0041269A, ESP=0x001FEF68, EBP=0x001FEFFC, EAX=0x00880000, EBX=0x00000000, ECX=0x0043ACA0, EDX=0x0000000A, ESI=0x00880044, EDI=0x00880000
2026-01-08 13:44:18.263 [INFO] Win32Emu.Emulator: [IGN_TEAS Loop] Iteration 10239: EIP 0x0041269A→0x0041269D, ESP=0x001FEF68, EBP=0x001FEFFC, EAX=0x00880000, EBX=0x00000000, ECX=0x0043ACA0, EDX=0x0000000A, ESI=0x00880046, EDI=0x00880000
2026-01-08 13:44:18.263 [INFO] Win32Emu.Emulator: [IGN_TEAS Loop] Iteration 10240: EIP 0x0041269D→0x004126A1, ESP=0x001FEF68, EBP=0x001FEFFC, EAX=0x00880000, EBX=0x00000000, ECX=0x0043ACA0, EDX=0x0000000A, ESI=0x00880046, EDI=0x00880000
2026-01-08 13:44:18.264 [INFO] Win32Emu.Emulator: [IGN_TEAS Loop] Iteration 10241: EIP 0x004126A1→0x0041269A, ESP=0x001FEF68, EBP=0x001FEFFC, EAX=0x00880000, EBX=0x00000000, ECX=0x0043ACA0, EDX=0x0000000A, ESI=0x00880046, EDI=0x00880000
2026-01-08 13:44:18.264 [INFO] Win32Emu.Emulator: [IGN_TEAS Loop] Iteration 10242: EIP 0x0041269A→0x0041269D, ESP=0x001FEF68, EBP=0x001FEFFC, EAX=0x00880000, EBX=0x00000000, ECX=0x0043ACA0, EDX=0x0000000A, ESI=0x00880048, EDI=0x00880000
2026-01-08 13:44:18.264 [INFO] Win32Emu.Emulator: [IGN_TEAS Loop] Iteration 10243: EIP 0x0041269D→0x004126A1, ESP=0x001FEF68, EBP=0x001FEFFC, EAX=0x00880000, EBX=0x00000000, ECX=0x0043ACA0, EDX=0x0000000A, ESI=0x00880048, EDI=0x00880000
2026-01-08 13:44:18.264 [INFO] Win32Emu.Emulator: [IGN_TEAS Loop] Iteration 10244: EIP 0x004126A1→0x0041269A, ESP=0x001FEF68, EBP=0x001FEFFC, EAX=0x00880000, EBX=0x00000000, ECX=0x0043ACA0, EDX=0x0000000A, ESI=0x00880048, EDI=0x00880000
2026-01-08 13:44:18.264 [INFO] Win32Emu.Emulator: [IGN_TEAS Loop] Iteration 10245: EIP 0x0041269A→0x0041269D, ESP=0x001FEF68, EBP=0x001FEFFC, EAX=0x00880000, EBX=0x00000000, ECX=0x0043ACA0, EDX=0x0000000A, ESI=0x0088004A, EDI=0x00880000
2026-01-08 13:44:18.264 [INFO] Win32Emu.Emulator: [IGN_TEAS Loop] Iteration 10246: EIP 0x0041269D→0x004126A1, ESP=0x001FEF68, EBP=0x001FEFFC, EAX=0x00880000, EBX=0x00000000, ECX=0x0043ACA0, EDX=0x0000000A, ESI=0x0088004A, EDI=0x00880000
2026-01-08 13:44:18.264 [INFO] Win32Emu.Emulator: [IGN_TEAS Loop] Iteration 10247: EIP 0x004126A1→0x0041269A, ESP=0x001FEF68, EBP=0x001FEFFC, EAX=0x00880000, EBX=0x00000000, ECX=0x0043ACA0, EDX=0x0000000A, ESI=0x0088004A, EDI=0x00880000
2026-01-08 13:44:18.264 [INFO] Win32Emu.Emulator: [IGN_TEAS Loop] Iteration 10248: EIP 0x0041269A→0x0041269D, ESP=0x001FEF68, EBP=0x001FEFFC, EAX=0x00880000, EBX=0x00000000, ECX=0x0043ACA0, EDX=0x0000000A, ESI=0x0088004C, EDI=0x00880000
2026-01-08 13:44:18.264 [INFO] Win32Emu.Emulator: [IGN_TEAS Loop] Iteration 10249: EIP 0x0041269D→0x004126A1, ESP=0x001FEF68, EBP=0x001FEFFC, EAX=0x00880000, EBX=0x00000000, ECX=0x0043ACA0, EDX=0x0000000A, ESI=0x0088004C, EDI=0x00880000
2026-01-08 13:44:18.264 [INFO] Win32Emu.Emulator: [IGN_TEAS Loop] Iteration 10250: EIP 0x004126A1→0x0041269A, ESP=0x001FEF68, EBP=0x001FEFFC, EAX=0x00880000, EBX=0x00000000, ECX=0x0043ACA0, EDX=0x0000000A, ESI=0x0088004C, EDI=0x00880000
2026-01-08 13:44:18.264 [INFO] Win32Emu.Emulator: [IGN_TEAS Loop] Iteration 10251: EIP 0x0041269A→0x0041269D, ESP=0x001FEF68, EBP=0x001FEFFC, EAX=0x00880000, EBX=0x00000000, ECX=0x0043ACA0, EDX=0x0000000A, ESI=0x0088004E, EDI=0x00880000
2026-01-08 13:44:18.264 [INFO] Win32Emu.Emulator: [IGN_TEAS Loop] Iteration 10252: EIP 0x0041269D→0x004126A1, ESP=0x001FEF68, EBP=0x001FEFFC, EAX=0x00880000, EBX=0x00000000, ECX=0x0043ACA0, EDX=0x0000000A, ESI=0x0088004E, EDI=0x00880000
2026-01-08 13:44:18.264 [INFO] Win32Emu.Emulator: [IGN_TEAS Loop] Iteration 10253: EIP 0x004126A1→0x0041269A, ESP=0x001FEF68, EBP=0x001FEFFC, EAX=0x00880000, EBX=0x00000000, ECX=0x0043ACA0, EDX=0x0000000A, ESI=0x0088004E, EDI=0x00880000
2026-01-08 13:44:18.264 [INFO] Win32Emu.Emulator: [IGN_TEAS Loop] Iteration 10254: EIP 0x0041269A→0x0041269D, ESP=0x001FEF68, EBP=0x001FEFFC, EAX=0x00880000, EBX=0x00000000, ECX=0x0043ACA0, EDX=0x0000000A, ESI=0x00880050, EDI=0x00880000
2026-01-08 13:44:18.264 [INFO] Win32Emu.Emulator: [IGN_TEAS Loop] Iteration 10255: EIP 0x0041269D→0x004126A1, ESP=0x001FEF68, EBP=0x001FEFFC, EAX=0x00880000, EBX=0x00000000, ECX=0x0043ACA0, EDX=0x0000000A, ESI=0x00880050, EDI=0x00880000
2026-01-08 13:44:18.264 [INFO] Win32Emu.Emulator: [IGN_TEAS Loop] Iteration 10256: EIP 0x004126A1→0x0041269A, ESP=0x001FEF68, EBP=0x001FEFFC, EAX=0x00880000, EBX=0x00000000, ECX=0x0043ACA0, EDX=0x0000000A, ESI=0x00880050, EDI=0x00880000
2026-01-08 13:44:18.264 [INFO] Win32Emu.Emulator: [IGN_TEAS Loop] Iteration 10257: EIP 0x0041269A→0x0041269D, ESP=0x001FEF68, EBP=0x001FEFFC, EAX=0x00880000, EBX=0x00000000, ECX=0x0043ACA0, EDX=0x0000000A, ESI=0x00880052, EDI=0x00880000
2026-01-08 13:44:18.264 [INFO] Win32Emu.Emulator: [IGN_TEAS Loop] Iteration 10258: EIP 0x0041269D→0x004126A1, ESP=0x001FEF68, EBP=0x001FEFFC, EAX=0x00880000, EBX=0x00000000, ECX=0x0043ACA0, EDX=0x0000000A, ESI=0x00880052, EDI=0x00880000
2026-01-08 13:44:18.264 [INFO] Win32Emu.Emulator: [IGN_TEAS Loop] Iteration 10259: EIP 0x004126A1→0x0041269A, ESP=0x001FEF68, EBP=0x001FEFFC, EAX=0x00880000, EBX=0x00000000, ECX=0x0043ACA0, EDX=0x0000000A, ESI=0x00880052, EDI=0x00880000
2026-01-08 13:44:18.264 [INFO] Win32Emu.Emulator: [IGN_TEAS Loop] Iteration 10260: EIP 0x0041269A→0x0041269D, ESP=0x001FEF68, EBP=0x001FEFFC, EAX=0x00880000, EBX=0x00000000, ECX=0x0043ACA0, EDX=0x0000000A, ESI=0x00880054, EDI=0x00880000
2026-01-08 13:44:18.264 [INFO] Win32Emu.Emulator: [IGN_TEAS Loop] Iteration 10261: EIP 0x0041269D→0x004126A1, ESP=0x001FEF68, EBP=0x001FEFFC, EAX=0x00880000, EBX=0x00000000, ECX=0x0043ACA0, EDX=0x0000000A, ESI=0x00880054, EDI=0x00880000
2026-01-08 13:44:18.264 [INFO] Win32Emu.Emulator: [IGN_TEAS Loop] Iteration 10262: EIP 0x004126A1→0x0041269A, ESP=0x001FEF68, EBP=0x001FEFFC, EAX=0x00880000, EBX=0x00000000, ECX=0x0043ACA0, EDX=0x0000000A, ESI=0x00880054, EDI=0x00880000
2026-01-08 13:44:18.264 [INFO] Win32Emu.Emulator: [IGN_TEAS Loop] Iteration 10263: EIP 0x0041269A→0x0041269D, ESP=0x001FEF68, EBP=0x001FEFFC, EAX=0x00880000, EBX=0x00000000, ECX=0x0043ACA0, EDX=0x0000000A, ESI=0x00880056, EDI=0x00880000
2026-01-08 13:44:18.264 [INFO] Win32Emu.Emulator: [IGN_TEAS Loop] Iteration 10264: EIP 0x0041269D→0x004126A1, ESP=0x001FEF68, EBP=0x001FEFFC, EAX=0x00880000, EBX=0x00000000, ECX=0x0043ACA0, EDX=0x0000000A, ESI=0x00880056, EDI=0x00880000
2026-01-08 13:44:18.264 [INFO] Win32Emu.Emulator: [IGN_TEAS Loop] Iteration 10265: EIP 0x004126A1→0x0041269A, ESP=0x001FEF68, EBP=0x001FEFFC, EAX=0x00880000, EBX=0x00000000, ECX=0x0043ACA0, EDX=0x0000000A, ESI=0x00880056, EDI=0x00880000
2026-01-08 13:44:18.264 [INFO] Win32Emu.Emulator: [IGN_TEAS Loop] Iteration 10266: EIP 0x0041269A→0x0041269D, ESP=0x001FEF68, EBP=0x001FEFFC, EAX=0x00880000, EBX=0x00000000, ECX=0x0043ACA0, EDX=0x0000000A, ESI=0x00880058, EDI=0x00880000
2026-01-08 13:44:18.264 [INFO] Win32Emu.Emulator: [IGN_TEAS Loop] Iteration 10267: EIP 0x0041269D→0x004126A1, ESP=0x001FEF68, EBP=0x001FEFFC, EAX=0x00880000, EBX=0x00000000, ECX=0x0043ACA0, EDX=0x0000000A, ESI=0x00880058, EDI=0x00880000
2026-01-08 13:44:18.264 [INFO] Win32Emu.Emulator: [IGN_TEAS Loop] Iteration 10268: EIP 0x004126A1→0x0041269A, ESP=0x001FEF68, EBP=0x001FEFFC, EAX=0x00880000, EBX=0x00000000, ECX=0x0043ACA0, EDX=0x0000000A, ESI=0x00880058, EDI=0x00880000
2026-01-08 13:44:18.264 [INFO] Win32Emu.Emulator: [IGN_TEAS Loop] Iteration 10269: EIP 0x0041269A→0x0041269D, ESP=0x001FEF68, EBP=0x001FEFFC, EAX=0x00880000, EBX=0x00000000, ECX=0x0043ACA0, EDX=0x0000000A, ESI=0x0088005A, EDI=0x00880000
2026-01-08 13:44:18.264 [INFO] Win32Emu.Emulator: [IGN_TEAS Loop] Iteration 10270: EIP 0x0041269D→0x004126A1, ESP=0x001FEF68, EBP=0x001FEFFC, EAX=0x00880000, EBX=0x00000000, ECX=0x0043ACA0, EDX=0x0000000A, ESI=0x0088005A, EDI=0x00880000
2026-01-08 13:44:18.264 [INFO] Win32Emu.Emulator: [IGN_TEAS Loop] Iteration 10271: EIP 0x004126A1→0x0041269A, ESP=0x001FEF68, EBP=0x001FEFFC, EAX=0x00880000, EBX=0x00000000, ECX=0x0043ACA0, EDX=0x0000000A, ESI=0x0088005A, EDI=0x00880000
2026-01-08 13:44:18.265 [INFO] Win32Emu.Emulator: [IGN_TEAS Loop] Iteration 10272: EIP 0x0041269A→0x0041269D, ESP=0x001FEF68, EBP=0x001FEFFC, EAX=0x00880000, EBX=0x00000000, ECX=0x0043ACA0, EDX=0x0000000A, ESI=0x0088005C, EDI=0x00880000
2026-01-08 13:44:18.265 [INFO] Win32Emu.Emulator: [IGN_TEAS Loop] Iteration 10273: EIP 0x0041269D→0x004126A1, ESP=0x001FEF68, EBP=0x001FEFFC, EAX=0x00880000, EBX=0x00000000, ECX=0x0043ACA0, EDX=0x0000000A, ESI=0x0088005C, EDI=0x00880000
2026-01-08 13:44:18.265 [INFO] Win32Emu.Emulator: [IGN_TEAS Loop] Iteration 10274: EIP 0x004126A1→0x0041269A, ESP=0x001FEF68, EBP=0x001FEFFC, EAX=0x00880000, EBX=0x00000000, ECX=0x0043ACA0, EDX=0x0000000A, ESI=0x0088005C, EDI=0x00880000
2026-01-08 13:44:18.265 [INFO] Win32Emu.Emulator: [IGN_TEAS Loop] Iteration 10275: EIP 0x0041269A→0x0041269D, ESP=0x001FEF68, EBP=0x001FEFFC, EAX=0x00880000, EBX=0x00000000, ECX=0x0043ACA0, EDX=0x0000000A, ESI=0x0088005E, EDI=0x00880000
2026-01-08 13:44:18.265 [INFO] Win32Emu.Emulator: [IGN_TEAS Loop] Iteration 10276: EIP 0x0041269D→0x004126A1, ESP=0x001FEF68, EBP=0x001FEFFC, EAX=0x00880000, EBX=0x00000000, ECX=0x0043ACA0, EDX=0x0000000A, ESI=0x0088005E, EDI=0x00880000
2026-01-08 13:44:18.265 [INFO] Win32Emu.Emulator: [IGN_TEAS Loop] Iteration 10277: EIP 0x004126A1→0x0041269A, ESP=0x001FEF68, EBP=0x001FEFFC, EAX=0x00880000, EBX=0x00000000, ECX=0x0043ACA0, EDX=0x0000000A, ESI=0x0088005E, EDI=0x00880000
2026-01-08 13:44:18.265 [INFO] Win32Emu.Emulator: [IGN_TEAS Loop] Iteration 10278: EIP 0x0041269A→0x0041269D, ESP=0x001FEF68, EBP=0x001FEFFC, EAX=0x00880000, EBX=0x00000000, ECX=0x0043ACA0, EDX=0x0000000A, ESI=0x00880060, EDI=0x00880000
2026-01-08 13:44:18.265 [INFO] Win32Emu.Emulator: [IGN_TEAS Loop] Iteration 10279: EIP 0x0041269D→0x004126A1, ESP=0x001FEF68, EBP=0x001FEFFC, EAX=0x00880000, EBX=0x00000000, ECX=0x0043ACA0, EDX=0x0000000A, ESI=0x00880060, EDI=0x00880000
2026-01-08 13:44:18.265 [INFO] Win32Emu.Emulator: [IGN_TEAS Loop] Iteration 10280: EIP 0x004126A1→0x0041269A, ESP=0x001FEF68, EBP=0x001FEFFC, EAX=0x00880000, EBX=0x00000000, ECX=0x0043ACA0, EDX=0x0000000A, ESI=0x00880060, EDI=0x00880000
2026-01-08 13:44:18.265 [INFO] Win32Emu.Emulator: [IGN_TEAS Loop] Iteration 10281: EIP 0x0041269A→0x0041269D, ESP=0x001FEF68, EBP=0x001FEFFC, EAX=0x00880000, EBX=0x00000000, ECX=0x0043ACA0, EDX=0x0000000A, ESI=0x00880062, EDI=0x00880000
2026-01-08 13:44:18.265 [INFO] Win32Emu.Emulator: [IGN_TEAS Loop] Iteration 10282: EIP 0x0041269D→0x004126A1, ESP=0x001FEF68, EBP=0x001FEFFC, EAX=0x00880000, EBX=0x00000000, ECX=0x0043ACA0, EDX=0x0000000A, ESI=0x00880062, EDI=0x00880000
2026-01-08 13:44:18.265 [INFO] Win32Emu.Emulator: [IGN_TEAS Loop] Iteration 10283: EIP 0x004126A1→0x0041269A, ESP=0x001FEF68, EBP=0x001FEFFC, EAX=0x00880000, EBX=0x00000000, ECX=0x0043ACA0, EDX=0x0000000A, ESI=0x00880062, EDI=0x00880000
2026-01-08 13:44:18.265 [INFO] Win32Emu.Emulator: [IGN_TEAS Loop] Iteration 10284: EIP 0x0041269A→0x0041269D, ESP=0x001FEF68, EBP=0x001FEFFC, EAX=0x00880000, EBX=0x00000000, ECX=0x0043ACA0, EDX=0x0000000A, ESI=0x00880064, EDI=0x00880000
2026-01-08 13:44:18.265 [INFO] Win32Emu.Emulator: [IGN_TEAS Loop] Iteration 10285: EIP 0x0041269D→0x004126A1, ESP=0x001FEF68, EBP=0x001FEFFC, EAX=0x00880000, EBX=0x00000000, ECX=0x0043ACA0, EDX=0x0000000A, ESI=0x00880064, EDI=0x00880000
2026-01-08 13:44:18.265 [INFO] Win32Emu.Emulator: [IGN_TEAS Loop] Iteration 10286: EIP 0x004126A1→0x0041269A, ESP=0x001FEF68, EBP=0x001FEFFC, EAX=0x00880000, EBX=0x00000000, ECX=0x0043ACA0, EDX=0x0000000A, ESI=0x00880064, EDI=0x00880000
2026-01-08 13:44:18.265 [INFO] Win32Emu.Emulator: [IGN_TEAS Loop] Iteration 10287: EIP 0x0041269A→0x0041269D, ESP=0x001FEF68, EBP=0x001FEFFC, EAX=0x00880000, EBX=0x00000000, ECX=0x0043ACA0, EDX=0x0000000A, ESI=0x00880066, EDI=0x00880000
2026-01-08 13:44:18.265 [INFO] Win32Emu.Emulator: [IGN_TEAS Loop] Iteration 10288: EIP 0x0041269D→0x004126A1, ESP=0x001FEF68, EBP=0x001FEFFC, EAX=0x00880000, EBX=0x00000000, ECX=0x0043ACA0, EDX=0x0000000A, ESI=0x00880066, EDI=0x00880000
2026-01-08 13:44:18.265 [INFO] Win32Emu.Emulator: [IGN_TEAS Loop] Iteration 10289: EIP 0x004126A1→0x0041269A, ESP=0x001FEF68, EBP=0x001FEFFC, EAX=0x00880000, EBX=0x00000000, ECX=0x0043ACA0, EDX=0x0000000A, ESI=0x00880066, EDI=0x00880000
2026-01-08 13:44:18.265 [INFO] Win32Emu.Emulator: [IGN_TEAS Loop] Iteration 10290: EIP 0x0041269A→0x0041269D, ESP=0x001FEF68, EBP=0x001FEFFC, EAX=0x00880000, EBX=0x00000000, ECX=0x0043ACA0, EDX=0x0000000A, ESI=0x00880068, EDI=0x00880000
2026-01-08 13:44:18.265 [INFO] Win32Emu.Emulator: [IGN_TEAS Loop] Iteration 10291: EIP 0x0041269D→0x004126A1, ESP=0x001FEF68, EBP=0x001FEFFC, EAX=0x00880000, EBX=0x00000000, ECX=0x0043ACA0, EDX=0x0000000A, ESI=0x00880068, EDI=0x00880000
2026-01-08 13:44:18.265 [INFO] Win32Emu.Emulator: [IGN_TEAS Loop] Iteration 10292: EIP 0x004126A1→0x0041269A, ESP=0x001FEF68, EBP=0x001FEFFC, EAX=0x00880000, EBX=0x00000000, ECX=0x0043ACA0, EDX=0x0000000A, ESI=0x00880068, EDI=0x00880000
2026-01-08 13:44:18.265 [INFO] Win32Emu.Emulator: [IGN_TEAS Loop] Iteration 10293: EIP 0x0041269A→0x0041269D, ESP=0x001FEF68, EBP=0x001FEFFC, EAX=0x00880000, EBX=0x00000000, ECX=0x0043ACA0, EDX=0x0000000A, ESI=0x0088006A, EDI=0x00880000
2026-01-08 13:44:18.265 [INFO] Win32Emu.Emulator: [IGN_TEAS Loop] Iteration 10294: EIP 0x0041269D→0x004126A1, ESP=0x001FEF68, EBP=0x001FEFFC, EAX=0x00880000, EBX=0x00000000, ECX=0x0043ACA0, EDX=0x0000000A, ESI=0x0088006A, EDI=0x00880000
2026-01-08 13:44:18.265 [INFO] Win32Emu.Emulator: [IGN_TEAS Loop] Iteration 10295: EIP 0x004126A1→0x0041269A, ESP=0x001FEF68, EBP=0x001FEFFC, EAX=0x00880000, EBX=0x00000000, ECX=0x0043ACA0, EDX=0x0000000A, ESI=0x0088006A, EDI=0x00880000
2026-01-08 13:44:18.265 [INFO] Win32Emu.Emulator: [IGN_TEAS Loop] Iteration 10296: EIP 0x0041269A→0x0041269D, ESP=0x001FEF68, EBP=0x001FEFFC, EAX=0x00880000, EBX=0x00000000, ECX=0x0043ACA0, EDX=0x0000000A, ESI=0x0088006C, EDI=0x00880000
2026-01-08 13:44:18.265 [INFO] Win32Emu.Emulator: [IGN_TEAS Loop] Iteration 10297: EIP 0x0041269D→0x004126A1, ESP=0x001FEF68, EBP=0x001FEFFC, EAX=0x00880000, EBX=0x00000000, ECX=0x0043ACA0, EDX=0x0000000A, ESI=0x0088006C, EDI=0x00880000
2026-01-08 13:44:18.265 [INFO] Win32Emu.Emulator: [IGN_TEAS Loop] Iteration 10298: EIP 0x004126A1→0x0041269A, ESP=0x001FEF68, EBP=0x001FEFFC, EAX=0x00880000, EBX=0x00000000, ECX=0x0043ACA0, EDX=0x0000000A, ESI=0x0088006C, EDI=0x00880000
2026-01-08 13:44:18.265 [INFO] Win32Emu.Emulator: [IGN_TEAS Loop] Iteration 10299: EIP 0x0041269A→0x0041269D, ESP=0x001FEF68, EBP=0x001FEFFC, EAX=0x00880000, EBX=0x00000000, ECX=0x0043ACA0, EDX=0x0000000A, ESI=0x0088006E, EDI=0x00880000
2026-01-08 13:44:18.265 [INFO] Win32Emu.Emulator: [IGN_TEAS Loop] Iteration 10300: EIP 0x0041269D→0x004126A1, ESP=0x001FEF68, EBP=0x001FEFFC, EAX=0x00880000, EBX=0x00000000, ECX=0x0043ACA0, EDX=0x0000000A, ESI=0x0088006E, EDI=0x00880000
2026-01-08 13:44:18.265 [INFO] Win32Emu.Emulator: [IGN_TEAS Loop] Iteration 10301: EIP 0x004126A1→0x0041269A, ESP=0x001FEF68, EBP=0x001FEFFC, EAX=0x00880000, EBX=0x00000000, ECX=0x0043ACA0, EDX=0x0000000A, ESI=0x0088006E, EDI=0x00880000
2026-01-08 13:44:18.265 [INFO] Win32Emu.Emulator: [IGN_TEAS Loop] Iteration 10302: EIP 0x0041269A→0x0041269D, ESP=0x001FEF68, EBP=0x001FEFFC, EAX=0x00880000, EBX=0x00000000, ECX=0x0043ACA0, EDX=0x0000000A, ESI=0x00880070, EDI=0x00880000
2026-01-08 13:44:18.266 [INFO] Win32Emu.Emulator: [IGN_TEAS Loop] Iteration 10303: EIP 0x0041269D→0x004126A1, ESP=0x001FEF68, EBP=0x001FEFFC, EAX=0x00880000, EBX=0x00000000, ECX=0x0043ACA0, EDX=0x0000000A, ESI=0x00880070, EDI=0x00880000
2026-01-08 13:44:18.266 [INFO] Win32Emu.Emulator: [IGN_TEAS Loop] Iteration 10304: EIP 0x004126A1→0x0041269A, ESP=0x001FEF68, EBP=0x001FEFFC, EAX=0x00880000, EBX=0x00000000, ECX=0x0043ACA0, EDX=0x0000000A, ESI=0x00880070, EDI=0x00880000
2026-01-08 13:44:18.266 [INFO] Win32Emu.Emulator: [IGN_TEAS Loop] Iteration 10305: EIP 0x0041269A→0x0041269D, ESP=0x001FEF68, EBP=0x001FEFFC, EAX=0x00880000, EBX=0x00000000, ECX=0x0043ACA0, EDX=0x0000000A, ESI=0x00880072, EDI=0x00880000
2026-01-08 13:44:18.266 [INFO] Win32Emu.Emulator: [IGN_TEAS Loop] Iteration 10306: EIP 0x0041269D→0x004126A1, ESP=0x001FEF68, EBP=0x001FEFFC, EAX=0x00880000, EBX=0x00000000, ECX=0x0043ACA0, EDX=0x0000000A, ESI=0x00880072, EDI=0x00880000
2026-01-08 13:44:18.266 [INFO] Win32Emu.Emulator: [IGN_TEAS Loop] Iteration 10307: EIP 0x004126A1→0x004126A3, ESP=0x001FEF68, EBP=0x001FEFFC, EAX=0x00880000, EBX=0x00000000, ECX=0x0043ACA0, EDX=0x0000000A, ESI=0x00880072, EDI=0x00880000
2026-01-08 13:44:18.266 [INFO] Win32Emu.Emulator: [IGN_TEAS Loop] Iteration 10308: EIP 0x004126A3→0x004126A6, ESP=0x001FEF68, EBP=0x001FEFFC, EAX=0x00880000, EBX=0x00000000, ECX=0x0043ACA0, EDX=0x0000000A, ESI=0x00880074, EDI=0x00880000
2026-01-08 13:44:18.266 [INFO] Win32Emu.Emulator: [IGN_TEAS Loop] Iteration 10309: EIP 0x004126A6→0x004126AA, ESP=0x001FEF68, EBP=0x001FEFFC, EAX=0x00880000, EBX=0x00000000, ECX=0x0043ACA0, EDX=0x0000000A, ESI=0x00880074, EDI=0x00880000
2026-01-08 13:44:18.266 [INFO] Win32Emu.Emulator: [IGN_TEAS Loop] Iteration 10310: EIP 0x004126AA→0x0041269A, ESP=0x001FEF68, EBP=0x001FEFFC, EAX=0x00880000, EBX=0x00000000, ECX=0x0043ACA0, EDX=0x0000000A, ESI=0x00880074, EDI=0x00880000
2026-01-08 13:44:18.266 [INFO] Win32Emu.Emulator: [IGN_TEAS Loop] Iteration 10311: EIP 0x0041269A→0x0041269D, ESP=0x001FEF68, EBP=0x001FEFFC, EAX=0x00880000, EBX=0x00000000, ECX=0x0043ACA0, EDX=0x0000000A, ESI=0x00880076, EDI=0x00880000
2026-01-08 13:44:18.266 [INFO] Win32Emu.Emulator: [IGN_TEAS Loop] Iteration 10312: EIP 0x0041269D→0x004126A1, ESP=0x001FEF68, EBP=0x001FEFFC, EAX=0x00880000, EBX=0x00000000, ECX=0x0043ACA0, EDX=0x0000000A, ESI=0x00880076, EDI=0x00880000
2026-01-08 13:44:18.266 [INFO] Win32Emu.Emulator: [IGN_TEAS Loop] Iteration 10313: EIP 0x004126A1→0x0041269A, ESP=0x001FEF68, EBP=0x001FEFFC, EAX=0x00880000, EBX=0x00000000, ECX=0x0043ACA0, EDX=0x0000000A, ESI=0x00880076, EDI=0x00880000
2026-01-08 13:44:18.266 [INFO] Win32Emu.Emulator: [IGN_TEAS Loop] Iteration 10314: EIP 0x0041269A→0x0041269D, ESP=0x001FEF68, EBP=0x001FEFFC, EAX=0x00880000, EBX=0x00000000, ECX=0x0043ACA0, EDX=0x0000000A, ESI=0x00880078, EDI=0x00880000
2026-01-08 13:44:18.266 [INFO] Win32Emu.Emulator: [IGN_TEAS Loop] Iteration 10315: EIP 0x0041269D→0x004126A1, ESP=0x001FEF68, EBP=0x001FEFFC, EAX=0x00880000, EBX=0x00000000, ECX=0x0043ACA0, EDX=0x0000000A, ESI=0x00880078, EDI=0x00880000
2026-01-08 13:44:18.266 [INFO] Win32Emu.Emulator: [IGN_TEAS Loop] Iteration 10316: EIP 0x004126A1→0x0041269A, ESP=0x001FEF68, EBP=0x001FEFFC, EAX=0x00880000, EBX=0x00000000, ECX=0x0043ACA0, EDX=0x0000000A, ESI=0x00880078, EDI=0x00880000
2026-01-08 13:44:18.266 [INFO] Win32Emu.Emulator: [IGN_TEAS Loop] Iteration 10317: EIP 0x0041269A→0x0041269D, ESP=0x001FEF68, EBP=0x001FEFFC, EAX=0x00880000, EBX=0x00000000, ECX=0x0043ACA0, EDX=0x0000000A, ESI=0x0088007A, EDI=0x00880000
2026-01-08 13:44:18.266 [INFO] Win32Emu.Emulator: [IGN_TEAS Loop] Iteration 10318: EIP 0x0041269D→0x004126A1, ESP=0x001FEF68, EBP=0x001FEFFC, EAX=0x00880000, EBX=0x00000000, ECX=0x0043ACA0, EDX=0x0000000A, ESI=0x0088007A, EDI=0x00880000
2026-01-08 13:44:18.266 [INFO] Win32Emu.Emulator: [IGN_TEAS Loop] Iteration 10319: EIP 0x004126A1→0x0041269A, ESP=0x001FEF68, EBP=0x001FEFFC, EAX=0x00880000, EBX=0x00000000, ECX=0x0043ACA0, EDX=0x0000000A, ESI=0x0088007A, EDI=0x00880000
2026-01-08 13:44:18.266 [INFO] Win32Emu.Emulator: [IGN_TEAS Loop] Iteration 10320: EIP 0x0041269A→0x0041269D, ESP=0x001FEF68, EBP=0x001FEFFC, EAX=0x00880000, EBX=0x00000000, ECX=0x0043ACA0, EDX=0x0000000A, ESI=0x0088007C, EDI=0x00880000
2026-01-08 13:44:18.266 [INFO] Win32Emu.Emulator: [IGN_TEAS Loop] Iteration 10321: EIP 0x0041269D→0x004126A1, ESP=0x001FEF68, EBP=0x001FEFFC, EAX=0x00880000, EBX=0x00000000, ECX=0x0043ACA0, EDX=0x0000000A, ESI=0x0088007C, EDI=0x00880000
2026-01-08 13:44:18.266 [INFO] Win32Emu.Emulator: [IGN_TEAS Loop] Iteration 10322: EIP 0x004126A1→0x0041269A, ESP=0x001FEF68, EBP=0x001FEFFC, EAX=0x00880000, EBX=0x00000000, ECX=0x0043ACA0, EDX=0x0000000A, ESI=0x0088007C, EDI=0x00880000
2026-01-08 13:44:18.266 [INFO] Win32Emu.Emulator: [IGN_TEAS Loop] Iteration 10323: EIP 0x0041269A→0x0041269D, ESP=0x001FEF68, EBP=0x001FEFFC, EAX=0x00880000, EBX=0x00000000, ECX=0x0043ACA0, EDX=0x0000000A, ESI=0x0088007E, EDI=0x00880000
2026-01-08 13:44:18.266 [INFO] Win32Emu.Emulator: [IGN_TEAS Loop] Iteration 10324: EIP 0x0041269D→0x004126A1, ESP=0x001FEF68, EBP=0x001FEFFC, EAX=0x00880000, EBX=0x00000000, ECX=0x0043ACA0, EDX=0x0000000A, ESI=0x0088007E, EDI=0x00880000
2026-01-08 13:44:18.266 [INFO] Win32Emu.Emulator: [IGN_TEAS Loop] Iteration 10325: EIP 0x004126A1→0x0041269A, ESP=0x001FEF68, EBP=0x001FEFFC, EAX=0x00880000, EBX=0x00000000, ECX=0x0043ACA0, EDX=0x0000000A, ESI=0x0088007E, EDI=0x00880000
2026-01-08 13:44:18.266 [INFO] Win32Emu.Emulator: [IGN_TEAS Loop] Iteration 10326: EIP 0x0041269A→0x0041269D, ESP=0x001FEF68, EBP=0x001FEFFC, EAX=0x00880000, EBX=0x00000000, ECX=0x0043ACA0, EDX=0x0000000A, ESI=0x00880080, EDI=0x00880000
2026-01-08 13:44:18.266 [INFO] Win32Emu.Emulator: [IGN_TEAS Loop] Iteration 10327: EIP 0x0041269D→0x004126A1, ESP=0x001FEF68, EBP=0x001FEFFC, EAX=0x00880000, EBX=0x00000000, ECX=0x0043ACA0, EDX=0x0000000A, ESI=0x00880080, EDI=0x00880000
2026-01-08 13:44:18.266 [INFO] Win32Emu.Emulator: [IGN_TEAS Loop] Iteration 10328: EIP 0x004126A1→0x0041269A, ESP=0x001FEF68, EBP=0x001FEFFC, EAX=0x00880000, EBX=0x00000000, ECX=0x0043ACA0, EDX=0x0000000A, ESI=0x00880080, EDI=0x00880000
2026-01-08 13:44:18.266 [INFO] Win32Emu.Emulator: [IGN_TEAS Loop] Iteration 10329: EIP 0x0041269A→0x0041269D, ESP=0x001FEF68, EBP=0x001FEFFC, EAX=0x00880000, EBX=0x00000000, ECX=0x0043ACA0, EDX=0x0000000A, ESI=0x00880082, EDI=0x00880000
2026-01-08 13:44:18.266 [INFO] Win32Emu.Emulator: [IGN_TEAS Loop] Iteration 10330: EIP 0x0041269D→0x004126A1, ESP=0x001FEF68, EBP=0x001FEFFC, EAX=0x00880000, EBX=0x00000000, ECX=0x0043ACA0, EDX=0x0000000A, ESI=0x00880082, EDI=0x00880000
2026-01-08 13:44:18.266 [INFO] Win32Emu.Emulator: [IGN_TEAS Loop] Iteration 10331: EIP 0x004126A1→0x0041269A, ESP=0x001FEF68, EBP=0x001FEFFC, EAX=0x00880000, EBX=0x00000000, ECX=0x0043ACA0, EDX=0x0000000A, ESI=0x00880082, EDI=0x00880000
2026-01-08 13:44:18.266 [INFO] Win32Emu.Emulator: [IGN_TEAS Loop] Iteration 10332: EIP 0x0041269A→0x0041269D, ESP=0x001FEF68, EBP=0x001FEFFC, EAX=0x00880000, EBX=0x00000000, ECX=0x0043ACA0, EDX=0x0000000A, ESI=0x00880084, EDI=0x00880000
2026-01-08 13:44:18.266 [INFO] Win32Emu.Emulator: [IGN_TEAS Loop] Iteration 10333: EIP 0x0041269D→0x004126A1, ESP=0x001FEF68, EBP=0x001FEFFC, EAX=0x00880000, EBX=0x00000000, ECX=0x0043ACA0, EDX=0x0000000A, ESI=0x00880084, EDI=0x00880000
2026-01-08 13:44:18.267 [INFO] Win32Emu.Emulator: [IGN_TEAS Loop] Iteration 10334: EIP 0x004126A1→0x0041269A, ESP=0x001FEF68, EBP=0x001FEFFC, EAX=0x00880000, EBX=0x00000000, ECX=0x0043ACA0, EDX=0x0000000A, ESI=0x00880084, EDI=0x00880000
2026-01-08 13:44:18.267 [INFO] Win32Emu.Emulator: [IGN_TEAS Loop] Iteration 10335: EIP 0x0041269A→0x0041269D, ESP=0x001FEF68, EBP=0x001FEFFC, EAX=0x00880000, EBX=0x00000000, ECX=0x0043ACA0, EDX=0x0000000A, ESI=0x00880086, EDI=0x00880000
2026-01-08 13:44:18.267 [INFO] Win32Emu.Emulator: [IGN_TEAS Loop] Iteration 10336: EIP 0x0041269D→0x004126A1, ESP=0x001FEF68, EBP=0x001FEFFC, EAX=0x00880000, EBX=0x00000000, ECX=0x0043ACA0, EDX=0x0000000A, ESI=0x00880086, EDI=0x00880000
2026-01-08 13:44:18.267 [INFO] Win32Emu.Emulator: [IGN_TEAS Loop] Iteration 10337: EIP 0x004126A1→0x0041269A, ESP=0x001FEF68, EBP=0x001FEFFC, EAX=0x00880000, EBX=0x00000000, ECX=0x0043ACA0, EDX=0x0000000A, ESI=0x00880086, EDI=0x00880000
2026-01-08 13:44:18.267 [INFO] Win32Emu.Emulator: [IGN_TEAS Loop] Iteration 10338: EIP 0x0041269A→0x0041269D, ESP=0x001FEF68, EBP=0x001FEFFC, EAX=0x00880000, EBX=0x00000000, ECX=0x0043ACA0, EDX=0x0000000A, ESI=0x00880088, EDI=0x00880000
2026-01-08 13:44:18.267 [INFO] Win32Emu.Emulator: [IGN_TEAS Loop] Iteration 10339: EIP 0x0041269D→0x004126A1, ESP=0x001FEF68, EBP=0x001FEFFC, EAX=0x00880000, EBX=0x00000000, ECX=0x0043ACA0, EDX=0x0000000A, ESI=0x00880088, EDI=0x00880000
2026-01-08 13:44:18.267 [INFO] Win32Emu.Emulator: [IGN_TEAS Loop] Iteration 10340: EIP 0x004126A1→0x0041269A, ESP=0x001FEF68, EBP=0x001FEFFC, EAX=0x00880000, EBX=0x00000000, ECX=0x0043ACA0, EDX=0x0000000A, ESI=0x00880088, EDI=0x00880000
2026-01-08 13:44:18.267 [INFO] Win32Emu.Emulator: [IGN_TEAS Loop] Iteration 10341: EIP 0x0041269A→0x0041269D, ESP=0x001FEF68, EBP=0x001FEFFC, EAX=0x00880000, EBX=0x00000000, ECX=0x0043ACA0, EDX=0x0000000A, ESI=0x0088008A, EDI=0x00880000
2026-01-08 13:44:18.267 [INFO] Win32Emu.Emulator: [IGN_TEAS Loop] Iteration 10342: EIP 0x0041269D→0x004126A1, ESP=0x001FEF68, EBP=0x001FEFFC, EAX=0x00880000, EBX=0x00000000, ECX=0x0043ACA0, EDX=0x0000000A, ESI=0x0088008A, EDI=0x00880000
2026-01-08 13:44:18.267 [INFO] Win32Emu.Emulator: [IGN_TEAS Loop] Iteration 10343: EIP 0x004126A1→0x0041269A, ESP=0x001FEF68, EBP=0x001FEFFC, EAX=0x00880000, EBX=0x00000000, ECX=0x0043ACA0, EDX=0x0000000A, ESI=0x0088008A, EDI=0x00880000
2026-01-08 13:44:18.267 [INFO] Win32Emu.Emulator: [IGN_TEAS Loop] Iteration 10344: EIP 0x0041269A→0x0041269D, ESP=0x001FEF68, EBP=0x001FEFFC, EAX=0x00880000, EBX=0x00000000, ECX=0x0043ACA0, EDX=0x0000000A, ESI=0x0088008C, EDI=0x00880000
2026-01-08 13:44:18.267 [INFO] Win32Emu.Emulator: [IGN_TEAS Loop] Iteration 10345: EIP 0x0041269D→0x004126A1, ESP=0x001FEF68, EBP=0x001FEFFC, EAX=0x00880000, EBX=0x00000000, ECX=0x0043ACA0, EDX=0x0000000A, ESI=0x0088008C, EDI=0x00880000
2026-01-08 13:44:18.267 [INFO] Win32Emu.Emulator: [IGN_TEAS Loop] Iteration 10346: EIP 0x004126A1→0x0041269A, ESP=0x001FEF68, EBP=0x001FEFFC, EAX=0x00880000, EBX=0x00000000, ECX=0x0043ACA0, EDX=0x0000000A, ESI=0x0088008C, EDI=0x00880000
2026-01-08 13:44:18.267 [INFO] Win32Emu.Emulator: [IGN_TEAS Loop] Iteration 10347: EIP 0x0041269A→0x0041269D, ESP=0x001FEF68, EBP=0x001FEFFC, EAX=0x00880000, EBX=0x00000000, ECX=0x0043ACA0, EDX=0x0000000A, ESI=0x0088008E, EDI=0x00880000
2026-01-08 13:44:18.267 [INFO] Win32Emu.Emulator: [IGN_TEAS Loop] Iteration 10348: EIP 0x0041269D→0x004126A1, ESP=0x001FEF68, EBP=0x001FEFFC, EAX=0x00880000, EBX=0x00000000, ECX=0x0043ACA0, EDX=0x0000000A, ESI=0x0088008E, EDI=0x00880000
2026-01-08 13:44:18.267 [INFO] Win32Emu.Emulator: [IGN_TEAS Loop] Iteration 10349: EIP 0x004126A1→0x0041269A, ESP=0x001FEF68, EBP=0x001FEFFC, EAX=0x00880000, EBX=0x00000000, ECX=0x0043ACA0, EDX=0x0000000A, ESI=0x0088008E, EDI=0x00880000
2026-01-08 13:44:18.267 [INFO] Win32Emu.Emulator: [IGN_TEAS Loop] Iteration 10350: EIP 0x0041269A→0x0041269D, ESP=0x001FEF68, EBP=0x001FEFFC, EAX=0x00880000, EBX=0x00000000, ECX=0x0043ACA0, EDX=0x0000000A, ESI=0x00880090, EDI=0x00880000
2026-01-08 13:44:18.267 [INFO] Win32Emu.Emulator: [IGN_TEAS Loop] Iteration 10351: EIP 0x0041269D→0x004126A1, ESP=0x001FEF68, EBP=0x001FEFFC, EAX=0x00880000, EBX=0x00000000, ECX=0x0043ACA0, EDX=0x0000000A, ESI=0x00880090, EDI=0x00880000
2026-01-08 13:44:18.267 [INFO] Win32Emu.Emulator: [IGN_TEAS Loop] Iteration 10352: EIP 0x004126A1→0x0041269A, ESP=0x001FEF68, EBP=0x001FEFFC, EAX=0x00880000, EBX=0x00000000, ECX=0x0043ACA0, EDX=0x0000000A, ESI=0x00880090, EDI=0x00880000
2026-01-08 13:44:18.267 [INFO] Win32Emu.Emulator: [IGN_TEAS Loop] Iteration 10353: EIP 0x0041269A→0x0041269D, ESP=0x001FEF68, EBP=0x001FEFFC, EAX=0x00880000, EBX=0x00000000, ECX=0x0043ACA0, EDX=0x0000000A, ESI=0x00880092, EDI=0x00880000
2026-01-08 13:44:18.267 [INFO] Win32Emu.Emulator: [IGN_TEAS Loop] Iteration 10354: EIP 0x0041269D→0x004126A1, ESP=0x001FEF68, EBP=0x001FEFFC, EAX=0x00880000, EBX=0x00000000, ECX=0x0043ACA0, EDX=0x0000000A, ESI=0x00880092, EDI=0x00880000
2026-01-08 13:44:18.267 [INFO] Win32Emu.Emulator: [IGN_TEAS Loop] Iteration 10355: EIP 0x004126A1→0x0041269A, ESP=0x001FEF68, EBP=0x001FEFFC, EAX=0x00880000, EBX=0x00000000, ECX=0x0043ACA0, EDX=0x0000000A, ESI=0x00880092, EDI=0x00880000
2026-01-08 13:44:18.267 [INFO] Win32Emu.Emulator: [IGN_TEAS Loop] Iteration 10356: EIP 0x0041269A→0x0041269D, ESP=0x001FEF68, EBP=0x001FEFFC, EAX=0x00880000, EBX=0x00000000, ECX=0x0043ACA0, EDX=0x0000000A, ESI=0x00880094, EDI=0x00880000
2026-01-08 13:44:18.267 [INFO] Win32Emu.Emulator: [IGN_TEAS Loop] Iteration 10357: EIP 0x0041269D→0x004126A1, ESP=0x001FEF68, EBP=0x001FEFFC, EAX=0x00880000, EBX=0x00000000, ECX=0x0043ACA0, EDX=0x0000000A, ESI=0x00880094, EDI=0x00880000
2026-01-08 13:44:18.267 [INFO] Win32Emu.Emulator: [IGN_TEAS Loop] Iteration 10358: EIP 0x004126A1→0x004126A3, ESP=0x001FEF68, EBP=0x001FEFFC, EAX=0x00880000, EBX=0x00000000, ECX=0x0043ACA0, EDX=0x0000000A, ESI=0x00880094, EDI=0x00880000
2026-01-08 13:44:18.267 [INFO] Win32Emu.Emulator: [IGN_TEAS Loop] Iteration 10359: EIP 0x004126A3→0x004126A6, ESP=0x001FEF68, EBP=0x001FEFFC, EAX=0x00880000, EBX=0x00000000, ECX=0x0043ACA0, EDX=0x0000000A, ESI=0x00880096, EDI=0x00880000
2026-01-08 13:44:18.267 [INFO] Win32Emu.Emulator: [IGN_TEAS Loop] Iteration 10360: EIP 0x004126A6→0x004126AA, ESP=0x001FEF68, EBP=0x001FEFFC, EAX=0x00880000, EBX=0x00000000, ECX=0x0043ACA0, EDX=0x0000000A, ESI=0x00880096, EDI=0x00880000
2026-01-08 13:44:18.267 [INFO] Win32Emu.Emulator: [IGN_TEAS Loop] Iteration 10361: EIP 0x004126AA→0x0041269A, ESP=0x001FEF68, EBP=0x001FEFFC, EAX=0x00880000, EBX=0x00000000, ECX=0x0043ACA0, EDX=0x0000000A, ESI=0x00880096, EDI=0x00880000
2026-01-08 13:44:18.267 [INFO] Win32Emu.Emulator: [IGN_TEAS Loop] Iteration 10362: EIP 0x0041269A→0x0041269D, ESP=0x001FEF68, EBP=0x001FEFFC, EAX=0x00880000, EBX=0x00000000, ECX=0x0043ACA0, EDX=0x0000000A, ESI=0x00880098, EDI=0x00880000
2026-01-08 13:44:18.267 [INFO] Win32Emu.Emulator: [IGN_TEAS Loop] Iteration 10363: EIP 0x0041269D→0x004126A1, ESP=0x001FEF68, EBP=0x001FEFFC, EAX=0x00880000, EBX=0x00000000, ECX=0x0043ACA0, EDX=0x0000000A, ESI=0x00880098, EDI=0x00880000
2026-01-08 13:44:18.267 [INFO] Win32Emu.Emulator: [IGN_TEAS Loop] Iteration 10364: EIP 0x004126A1→0x0041269A, ESP=0x001FEF68, EBP=0x001FEFFC, EAX=0x00880000, EBX=0x00000000, ECX=0x0043ACA0, EDX=0x0000000A, ESI=0x00880098, EDI=0x00880000
2026-01-08 13:44:18.267 [INFO] Win32Emu.Emulator: [IGN_TEAS Loop] Iteration 10365: EIP 0x0041269A→0x0041269D, ESP=0x001FEF68, EBP=0x001FEFFC, EAX=0x00880000, EBX=0x00000000, ECX=0x0043ACA0, EDX=0x0000000A, ESI=0x0088009A, EDI=0x00880000
2026-01-08 13:44:18.268 [INFO] Win32Emu.Emulator: [IGN_TEAS Loop] Iteration 10366: EIP 0x0041269D→0x004126A1, ESP=0x001FEF68, EBP=0x001FEFFC, EAX=0x00880000, EBX=0x00000000, ECX=0x0043ACA0, EDX=0x0000000A, ESI=0x0088009A, EDI=0x00880000
2026-01-08 13:44:18.268 [INFO] Win32Emu.Emulator: [IGN_TEAS Loop] Iteration 10367: EIP 0x004126A1→0x0041269A, ESP=0x001FEF68, EBP=0x001FEFFC, EAX=0x00880000, EBX=0x00000000, ECX=0x0043ACA0, EDX=0x0000000A, ESI=0x0088009A, EDI=0x00880000
2026-01-08 13:44:18.268 [INFO] Win32Emu.Emulator: [IGN_TEAS Loop] Iteration 10368: EIP 0x0041269A→0x0041269D, ESP=0x001FEF68, EBP=0x001FEFFC, EAX=0x00880000, EBX=0x00000000, ECX=0x0043ACA0, EDX=0x0000000A, ESI=0x0088009C, EDI=0x00880000
2026-01-08 13:44:18.268 [INFO] Win32Emu.Emulator: [IGN_TEAS Loop] Iteration 10369: EIP 0x0041269D→0x004126A1, ESP=0x001FEF68, EBP=0x001FEFFC, EAX=0x00880000, EBX=0x00000000, ECX=0x0043ACA0, EDX=0x0000000A, ESI=0x0088009C, EDI=0x00880000
2026-01-08 13:44:18.268 [INFO] Win32Emu.Emulator: [IGN_TEAS Loop] Iteration 10370: EIP 0x004126A1→0x0041269A, ESP=0x001FEF68, EBP=0x001FEFFC, EAX=0x00880000, EBX=0x00000000, ECX=0x0043ACA0, EDX=0x0000000A, ESI=0x0088009C, EDI=0x00880000
2026-01-08 13:44:18.268 [INFO] Win32Emu.Emulator: [IGN_TEAS Loop] Iteration 10371: EIP 0x0041269A→0x0041269D, ESP=0x001FEF68, EBP=0x001FEFFC, EAX=0x00880000, EBX=0x00000000, ECX=0x0043ACA0, EDX=0x0000000A, ESI=0x0088009E, EDI=0x00880000
2026-01-08 13:44:18.268 [INFO] Win32Emu.Emulator: [IGN_TEAS Loop] Iteration 10372: EIP 0x0041269D→0x004126A1, ESP=0x001FEF68, EBP=0x001FEFFC, EAX=0x00880000, EBX=0x00000000, ECX=0x0043ACA0, EDX=0x0000000A, ESI=0x0088009E, EDI=0x00880000
2026-01-08 13:44:18.268 [INFO] Win32Emu.Emulator: [IGN_TEAS Loop] Iteration 10373: EIP 0x004126A1→0x0041269A, ESP=0x001FEF68, EBP=0x001FEFFC, EAX=0x00880000, EBX=0x00000000, ECX=0x0043ACA0, EDX=0x0000000A, ESI=0x0088009E, EDI=0x00880000
2026-01-08 13:44:18.268 [INFO] Win32Emu.Emulator: [IGN_TEAS Loop] Iteration 10374: EIP 0x0041269A→0x0041269D, ESP=0x001FEF68, EBP=0x001FEFFC, EAX=0x00880000, EBX=0x00000000, ECX=0x0043ACA0, EDX=0x0000000A, ESI=0x008800A0, EDI=0x00880000
2026-01-08 13:44:18.268 [INFO] Win32Emu.Emulator: [IGN_TEAS Loop] Iteration 10375: EIP 0x0041269D→0x004126A1, ESP=0x001FEF68, EBP=0x001FEFFC, EAX=0x00880000, EBX=0x00000000, ECX=0x0043ACA0, EDX=0x0000000A, ESI=0x008800A0, EDI=0x00880000
2026-01-08 13:44:18.268 [INFO] Win32Emu.Emulator: [IGN_TEAS Loop] Iteration 10376: EIP 0x004126A1→0x0041269A, ESP=0x001FEF68, EBP=0x001FEFFC, EAX=0x00880000, EBX=0x00000000, ECX=0x0043ACA0, EDX=0x0000000A, ESI=0x008800A0, EDI=0x00880000
2026-01-08 13:44:18.268 [INFO] Win32Emu.Emulator: [IGN_TEAS Loop] Iteration 10377: EIP 0x0041269A→0x0041269D, ESP=0x001FEF68, EBP=0x001FEFFC, EAX=0x00880000, EBX=0x00000000, ECX=0x0043ACA0, EDX=0x0000000A, ESI=0x008800A2, EDI=0x00880000
2026-01-08 13:44:18.268 [INFO] Win32Emu.Emulator: [IGN_TEAS Loop] Iteration 10378: EIP 0x0041269D→0x004126A1, ESP=0x001FEF68, EBP=0x001FEFFC, EAX=0x00880000, EBX=0x00000000, ECX=0x0043ACA0, EDX=0x0000000A, ESI=0x008800A2, EDI=0x00880000
2026-01-08 13:44:18.268 [INFO] Win32Emu.Emulator: [IGN_TEAS Loop] Iteration 10379: EIP 0x004126A1→0x0041269A, ESP=0x001FEF68, EBP=0x001FEFFC, EAX=0x00880000, EBX=0x00000000, ECX=0x0043ACA0, EDX=0x0000000A, ESI=0x008800A2, EDI=0x00880000
2026-01-08 13:44:18.268 [INFO] Win32Emu.Emulator: [IGN_TEAS Loop] Iteration 10380: EIP 0x0041269A→0x0041269D, ESP=0x001FEF68, EBP=0x001FEFFC, EAX=0x00880000, EBX=0x00000000, ECX=0x0043ACA0, EDX=0x0000000A, ESI=0x008800A4, EDI=0x00880000
2026-01-08 13:44:18.268 [INFO] Win32Emu.Emulator: [IGN_TEAS Loop] Iteration 10381: EIP 0x0041269D→0x004126A1, ESP=0x001FEF68, EBP=0x001FEFFC, EAX=0x00880000, EBX=0x00000000, ECX=0x0043ACA0, EDX=0x0000000A, ESI=0x008800A4, EDI=0x00880000
2026-01-08 13:44:18.268 [INFO] Win32Emu.Emulator: [IGN_TEAS Loop] Iteration 10382: EIP 0x004126A1→0x0041269A, ESP=0x001FEF68, EBP=0x001FEFFC, EAX=0x00880000, EBX=0x00000000, ECX=0x0043ACA0, EDX=0x0000000A, ESI=0x008800A4, EDI=0x00880000
2026-01-08 13:44:18.268 [INFO] Win32Emu.Emulator: [IGN_TEAS Loop] Iteration 10383: EIP 0x0041269A→0x0041269D, ESP=0x001FEF68, EBP=0x001FEFFC, EAX=0x00880000, EBX=0x00000000, ECX=0x0043ACA0, EDX=0x0000000A, ESI=0x008800A6, EDI=0x00880000
2026-01-08 13:44:18.268 [INFO] Win32Emu.Emulator: [IGN_TEAS Loop] Iteration 10384: EIP 0x0041269D→0x004126A1, ESP=0x001FEF68, EBP=0x001FEFFC, EAX=0x00880000, EBX=0x00000000, ECX=0x0043ACA0, EDX=0x0000000A, ESI=0x008800A6, EDI=0x00880000
2026-01-08 13:44:18.268 [INFO] Win32Emu.Emulator: [IGN_TEAS Loop] Iteration 10385: EIP 0x004126A1→0x0041269A, ESP=0x001FEF68, EBP=0x001FEFFC, EAX=0x00880000, EBX=0x00000000, ECX=0x0043ACA0, EDX=0x0000000A, ESI=0x008800A6, EDI=0x00880000
2026-01-08 13:44:18.268 [INFO] Win32Emu.Emulator: [IGN_TEAS Loop] Iteration 10386: EIP 0x0041269A→0x0041269D, ESP=0x001FEF68, EBP=0x001FEFFC, EAX=0x00880000, EBX=0x00000000, ECX=0x0043ACA0, EDX=0x0000000A, ESI=0x008800A8, EDI=0x00880000
2026-01-08 13:44:18.268 [INFO] Win32Emu.Emulator: [IGN_TEAS Loop] Iteration 10387: EIP 0x0041269D→0x004126A1, ESP=0x001FEF68, EBP=0x001FEFFC, EAX=0x00880000, EBX=0x00000000, ECX=0x0043ACA0, EDX=0x0000000A, ESI=0x008800A8, EDI=0x00880000
2026-01-08 13:44:18.268 [INFO] Win32Emu.Emulator: [IGN_TEAS Loop] Iteration 10388: EIP 0x004126A1→0x0041269A, ESP=0x001FEF68, EBP=0x001FEFFC, EAX=0x00880000, EBX=0x00000000, ECX=0x0043ACA0, EDX=0x0000000A, ESI=0x008800A8, EDI=0x00880000
2026-01-08 13:44:18.268 [INFO] Win32Emu.Emulator: [IGN_TEAS Loop] Iteration 10389: EIP 0x0041269A→0x0041269D, ESP=0x001FEF68, EBP=0x001FEFFC, EAX=0x00880000, EBX=0x00000000, ECX=0x0043ACA0, EDX=0x0000000A, ESI=0x008800AA, EDI=0x00880000
2026-01-08 13:44:18.268 [INFO] Win32Emu.Emulator: [IGN_TEAS Loop] Iteration 10390: EIP 0x0041269D→0x004126A1, ESP=0x001FEF68, EBP=0x001FEFFC, EAX=0x00880000, EBX=0x00000000, ECX=0x0043ACA0, EDX=0x0000000A, ESI=0x008800AA, EDI=0x00880000
2026-01-08 13:44:18.268 [INFO] Win32Emu.Emulator: [IGN_TEAS Loop] Iteration 10391: EIP 0x004126A1→0x0041269A, ESP=0x001FEF68, EBP=0x001FEFFC, EAX=0x00880000, EBX=0x00000000, ECX=0x0043ACA0, EDX=0x0000000A, ESI=0x008800AA, EDI=0x00880000
2026-01-08 13:44:18.268 [INFO] Win32Emu.Emulator: [IGN_TEAS Loop] Iteration 10392: EIP 0x0041269A→0x0041269D, ESP=0x001FEF68, EBP=0x001FEFFC, EAX=0x00880000, EBX=0x00000000, ECX=0x0043ACA0, EDX=0x0000000A, ESI=0x008800AC, EDI=0x00880000
2026-01-08 13:44:18.268 [INFO] Win32Emu.Emulator: [IGN_TEAS Loop] Iteration 10393: EIP 0x0041269D→0x004126A1, ESP=0x001FEF68, EBP=0x001FEFFC, EAX=0x00880000, EBX=0x00000000, ECX=0x0043ACA0, EDX=0x0000000A, ESI=0x008800AC, EDI=0x00880000
2026-01-08 13:44:18.268 [INFO] Win32Emu.Emulator: [IGN_TEAS Loop] Iteration 10394: EIP 0x004126A1→0x0041269A, ESP=0x001FEF68, EBP=0x001FEFFC, EAX=0x00880000, EBX=0x00000000, ECX=0x0043ACA0, EDX=0x0000000A, ESI=0x008800AC, EDI=0x00880000
2026-01-08 13:44:18.268 [INFO] Win32Emu.Emulator: [IGN_TEAS Loop] Iteration 10395: EIP 0x0041269A→0x0041269D, ESP=0x001FEF68, EBP=0x001FEFFC, EAX=0x00880000, EBX=0x00000000, ECX=0x0043ACA0, EDX=0x0000000A, ESI=0x008800AE, EDI=0x00880000
2026-01-08 13:44:18.268 [INFO] Win32Emu.Emulator: [IGN_TEAS Loop] Iteration 10396: EIP 0x0041269D→0x004126A1, ESP=0x001FEF68, EBP=0x001FEFFC, EAX=0x00880000, EBX=0x00000000, ECX=0x0043ACA0, EDX=0x0000000A, ESI=0x008800AE, EDI=0x00880000
2026-01-08 13:44:18.269 [INFO] Win32Emu.Emulator: [IGN_TEAS Loop] Iteration 10397: EIP 0x004126A1→0x0041269A, ESP=0x001FEF68, EBP=0x001FEFFC, EAX=0x00880000, EBX=0x00000000, ECX=0x0043ACA0, EDX=0x0000000A, ESI=0x008800AE, EDI=0x00880000
2026-01-08 13:44:18.269 [INFO] Win32Emu.Emulator: [IGN_TEAS Loop] Iteration 10398: EIP 0x0041269A→0x0041269D, ESP=0x001FEF68, EBP=0x001FEFFC, EAX=0x00880000, EBX=0x00000000, ECX=0x0043ACA0, EDX=0x0000000A, ESI=0x008800B0, EDI=0x00880000
2026-01-08 13:44:18.269 [INFO] Win32Emu.Emulator: [IGN_TEAS Loop] Iteration 10399: EIP 0x0041269D→0x004126A1, ESP=0x001FEF68, EBP=0x001FEFFC, EAX=0x00880000, EBX=0x00000000, ECX=0x0043ACA0, EDX=0x0000000A, ESI=0x008800B0, EDI=0x00880000
2026-01-08 13:44:18.269 [INFO] Win32Emu.Emulator: [IGN_TEAS Loop] Iteration 10400: EIP 0x004126A1→0x004126A3, ESP=0x001FEF68, EBP=0x001FEFFC, EAX=0x00880000, EBX=0x00000000, ECX=0x0043ACA0, EDX=0x0000000A, ESI=0x008800B0, EDI=0x00880000
2026-01-08 13:44:18.269 [INFO] Win32Emu.Emulator: [IGN_TEAS Loop] Iteration 10401: EIP 0x004126A3→0x004126A6, ESP=0x001FEF68, EBP=0x001FEFFC, EAX=0x00880000, EBX=0x00000000, ECX=0x0043ACA0, EDX=0x0000000A, ESI=0x008800B2, EDI=0x00880000
2026-01-08 13:44:18.269 [INFO] Win32Emu.Emulator: [IGN_TEAS Loop] Iteration 10402: EIP 0x004126A6→0x004126AA, ESP=0x001FEF68, EBP=0x001FEFFC, EAX=0x00880000, EBX=0x00000000, ECX=0x0043ACA0, EDX=0x0000000A, ESI=0x008800B2, EDI=0x00880000
2026-01-08 13:44:18.269 [INFO] Win32Emu.Emulator: [IGN_TEAS Loop] Iteration 10403: EIP 0x004126AA→0x0041269A, ESP=0x001FEF68, EBP=0x001FEFFC, EAX=0x00880000, EBX=0x00000000, ECX=0x0043ACA0, EDX=0x0000000A, ESI=0x008800B2, EDI=0x00880000
2026-01-08 13:44:18.269 [INFO] Win32Emu.Emulator: [IGN_TEAS Loop] Iteration 10404: EIP 0x0041269A→0x0041269D, ESP=0x001FEF68, EBP=0x001FEFFC, EAX=0x00880000, EBX=0x00000000, ECX=0x0043ACA0, EDX=0x0000000A, ESI=0x008800B4, EDI=0x00880000
2026-01-08 13:44:18.269 [INFO] Win32Emu.Emulator: [IGN_TEAS Loop] Iteration 10405: EIP 0x0041269D→0x004126A1, ESP=0x001FEF68, EBP=0x001FEFFC, EAX=0x00880000, EBX=0x00000000, ECX=0x0043ACA0, EDX=0x0000000A, ESI=0x008800B4, EDI=0x00880000
2026-01-08 13:44:18.269 [INFO] Win32Emu.Emulator: [IGN_TEAS Loop] Iteration 10406: EIP 0x004126A1→0x0041269A, ESP=0x001FEF68, EBP=0x001FEFFC, EAX=0x00880000, EBX=0x00000000, ECX=0x0043ACA0, EDX=0x0000000A, ESI=0x008800B4, EDI=0x00880000
2026-01-08 13:44:18.269 [INFO] Win32Emu.Emulator: [IGN_TEAS Loop] Iteration 10407: EIP 0x0041269A→0x0041269D, ESP=0x001FEF68, EBP=0x001FEFFC, EAX=0x00880000, EBX=0x00000000, ECX=0x0043ACA0, EDX=0x0000000A, ESI=0x008800B6, EDI=0x00880000
2026-01-08 13:44:18.269 [INFO] Win32Emu.Emulator: [IGN_TEAS Loop] Iteration 10408: EIP 0x0041269D→0x004126A1, ESP=0x001FEF68, EBP=0x001FEFFC, EAX=0x00880000, EBX=0x00000000, ECX=0x0043ACA0, EDX=0x0000000A, ESI=0x008800B6, EDI=0x00880000
2026-01-08 13:44:18.269 [INFO] Win32Emu.Emulator: [IGN_TEAS Loop] Iteration 10409: EIP 0x004126A1→0x0041269A, ESP=0x001FEF68, EBP=0x001FEFFC, EAX=0x00880000, EBX=0x00000000, ECX=0x0043ACA0, EDX=0x0000000A, ESI=0x008800B6, EDI=0x00880000
2026-01-08 13:44:18.269 [INFO] Win32Emu.Emulator: [IGN_TEAS Loop] Iteration 10410: EIP 0x0041269A→0x0041269D, ESP=0x001FEF68, EBP=0x001FEFFC, EAX=0x00880000, EBX=0x00000000, ECX=0x0043ACA0, EDX=0x0000000A, ESI=0x008800B8, EDI=0x00880000
2026-01-08 13:44:18.269 [INFO] Win32Emu.Emulator: [IGN_TEAS Loop] Iteration 10411: EIP 0x0041269D→0x004126A1, ESP=0x001FEF68, EBP=0x001FEFFC, EAX=0x00880000, EBX=0x00000000, ECX=0x0043ACA0, EDX=0x0000000A, ESI=0x008800B8, EDI=0x00880000
2026-01-08 13:44:18.269 [INFO] Win32Emu.Emulator: [IGN_TEAS Loop] Iteration 10412: EIP 0x004126A1→0x0041269A, ESP=0x001FEF68, EBP=0x001FEFFC, EAX=0x00880000, EBX=0x00000000, ECX=0x0043ACA0, EDX=0x0000000A, ESI=0x008800B8, EDI=0x00880000
2026-01-08 13:44:18.269 [INFO] Win32Emu.Emulator: [IGN_TEAS Loop] Iteration 10413: EIP 0x0041269A→0x0041269D, ESP=0x001FEF68, EBP=0x001FEFFC, EAX=0x00880000, EBX=0x00000000, ECX=0x0043ACA0, EDX=0x0000000A, ESI=0x008800BA, EDI=0x00880000
2026-01-08 13:44:18.269 [INFO] Win32Emu.Emulator: [IGN_TEAS Loop] Iteration 10414: EIP 0x0041269D→0x004126A1, ESP=0x001FEF68, EBP=0x001FEFFC, EAX=0x00880000, EBX=0x00000000, ECX=0x0043ACA0, EDX=0x0000000A, ESI=0x008800BA, EDI=0x00880000
2026-01-08 13:44:18.269 [INFO] Win32Emu.Emulator: [IGN_TEAS Loop] Iteration 10415: EIP 0x004126A1→0x0041269A, ESP=0x001FEF68, EBP=0x001FEFFC, EAX=0x00880000, EBX=0x00000000, ECX=0x0043ACA0, EDX=0x0000000A, ESI=0x008800BA, EDI=0x00880000
2026-01-08 13:44:18.269 [INFO] Win32Emu.Emulator: [IGN_TEAS Loop] Iteration 10416: EIP 0x0041269A→0x0041269D, ESP=0x001FEF68, EBP=0x001FEFFC, EAX=0x00880000, EBX=0x00000000, ECX=0x0043ACA0, EDX=0x0000000A, ESI=0x008800BC, EDI=0x00880000
2026-01-08 13:44:18.269 [INFO] Win32Emu.Emulator: [IGN_TEAS Loop] Iteration 10417: EIP 0x0041269D→0x004126A1, ESP=0x001FEF68, EBP=0x001FEFFC, EAX=0x00880000, EBX=0x00000000, ECX=0x0043ACA0, EDX=0x0000000A, ESI=0x008800BC, EDI=0x00880000
2026-01-08 13:44:18.269 [INFO] Win32Emu.Emulator: [IGN_TEAS Loop] Iteration 10418: EIP 0x004126A1→0x0041269A, ESP=0x001FEF68, EBP=0x001FEFFC, EAX=0x00880000, EBX=0x00000000, ECX=0x0043ACA0, EDX=0x0000000A, ESI=0x008800BC, EDI=0x00880000
2026-01-08 13:44:18.269 [INFO] Win32Emu.Emulator: [IGN_TEAS Loop] Iteration 10419: EIP 0x0041269A→0x0041269D, ESP=0x001FEF68, EBP=0x001FEFFC, EAX=0x00880000, EBX=0x00000000, ECX=0x0043ACA0, EDX=0x0000000A, ESI=0x008800BE, EDI=0x00880000
2026-01-08 13:44:18.269 [INFO] Win32Emu.Emulator: [IGN_TEAS Loop] Iteration 10420: EIP 0x0041269D→0x004126A1, ESP=0x001FEF68, EBP=0x001FEFFC, EAX=0x00880000, EBX=0x00000000, ECX=0x0043ACA0, EDX=0x0000000A, ESI=0x008800BE, EDI=0x00880000
2026-01-08 13:44:18.269 [INFO] Win32Emu.Emulator: [IGN_TEAS Loop] Iteration 10421: EIP 0x004126A1→0x0041269A, ESP=0x001FEF68, EBP=0x001FEFFC, EAX=0x00880000, EBX=0x00000000, ECX=0x0043ACA0, EDX=0x0000000A, ESI=0x008800BE, EDI=0x00880000
2026-01-08 13:44:18.269 [INFO] Win32Emu.Emulator: [IGN_TEAS Loop] Iteration 10422: EIP 0x0041269A→0x0041269D, ESP=0x001FEF68, EBP=0x001FEFFC, EAX=0x00880000, EBX=0x00000000, ECX=0x0043ACA0, EDX=0x0000000A, ESI=0x008800C0, EDI=0x00880000
2026-01-08 13:44:18.269 [INFO] Win32Emu.Emulator: [IGN_TEAS Loop] Iteration 10423: EIP 0x0041269D→0x004126A1, ESP=0x001FEF68, EBP=0x001FEFFC, EAX=0x00880000, EBX=0x00000000, ECX=0x0043ACA0, EDX=0x0000000A, ESI=0x008800C0, EDI=0x00880000
2026-01-08 13:44:18.269 [INFO] Win32Emu.Emulator: [IGN_TEAS Loop] Iteration 10424: EIP 0x004126A1→0x0041269A, ESP=0x001FEF68, EBP=0x001FEFFC, EAX=0x00880000, EBX=0x00000000, ECX=0x0043ACA0, EDX=0x0000000A, ESI=0x008800C0, EDI=0x00880000
2026-01-08 13:44:18.269 [INFO] Win32Emu.Emulator: [IGN_TEAS Loop] Iteration 10425: EIP 0x0041269A→0x0041269D, ESP=0x001FEF68, EBP=0x001FEFFC, EAX=0x00880000, EBX=0x00000000, ECX=0x0043ACA0, EDX=0x0000000A, ESI=0x008800C2, EDI=0x00880000
2026-01-08 13:44:18.269 [INFO] Win32Emu.Emulator: [IGN_TEAS Loop] Iteration 10426: EIP 0x0041269D→0x004126A1, ESP=0x001FEF68, EBP=0x001FEFFC, EAX=0x00880000, EBX=0x00000000, ECX=0x0043ACA0, EDX=0x0000000A, ESI=0x008800C2, EDI=0x00880000
2026-01-08 13:44:18.270 [INFO] Win32Emu.Emulator: [IGN_TEAS Loop] Iteration 10427: EIP 0x004126A1→0x0041269A, ESP=0x001FEF68, EBP=0x001FEFFC, EAX=0x00880000, EBX=0x00000000, ECX=0x0043ACA0, EDX=0x0000000A, ESI=0x008800C2, EDI=0x00880000
2026-01-08 13:44:18.270 [INFO] Win32Emu.Emulator: [IGN_TEAS Loop] Iteration 10428: EIP 0x0041269A→0x0041269D, ESP=0x001FEF68, EBP=0x001FEFFC, EAX=0x00880000, EBX=0x00000000, ECX=0x0043ACA0, EDX=0x0000000A, ESI=0x008800C4, EDI=0x00880000
2026-01-08 13:44:18.270 [INFO] Win32Emu.Emulator: [IGN_TEAS Loop] Iteration 10429: EIP 0x0041269D→0x004126A1, ESP=0x001FEF68, EBP=0x001FEFFC, EAX=0x00880000, EBX=0x00000000, ECX=0x0043ACA0, EDX=0x0000000A, ESI=0x008800C4, EDI=0x00880000
2026-01-08 13:44:18.270 [INFO] Win32Emu.Emulator: [IGN_TEAS Loop] Iteration 10430: EIP 0x004126A1→0x0041269A, ESP=0x001FEF68, EBP=0x001FEFFC, EAX=0x00880000, EBX=0x00000000, ECX=0x0043ACA0, EDX=0x0000000A, ESI=0x008800C4, EDI=0x00880000
2026-01-08 13:44:18.270 [INFO] Win32Emu.Emulator: [IGN_TEAS Loop] Iteration 10431: EIP 0x0041269A→0x0041269D, ESP=0x001FEF68, EBP=0x001FEFFC, EAX=0x00880000, EBX=0x00000000, ECX=0x0043ACA0, EDX=0x0000000A, ESI=0x008800C6, EDI=0x00880000
2026-01-08 13:44:18.270 [INFO] Win32Emu.Emulator: [IGN_TEAS Loop] Iteration 10432: EIP 0x0041269D→0x004126A1, ESP=0x001FEF68, EBP=0x001FEFFC, EAX=0x00880000, EBX=0x00000000, ECX=0x0043ACA0, EDX=0x0000000A, ESI=0x008800C6, EDI=0x00880000
2026-01-08 13:44:18.270 [INFO] Win32Emu.Emulator: [IGN_TEAS Loop] Iteration 10433: EIP 0x004126A1→0x0041269A, ESP=0x001FEF68, EBP=0x001FEFFC, EAX=0x00880000, EBX=0x00000000, ECX=0x0043ACA0, EDX=0x0000000A, ESI=0x008800C6, EDI=0x00880000
2026-01-08 13:44:18.270 [INFO] Win32Emu.Emulator: [IGN_TEAS Loop] Iteration 10434: EIP 0x0041269A→0x0041269D, ESP=0x001FEF68, EBP=0x001FEFFC, EAX=0x00880000, EBX=0x00000000, ECX=0x0043ACA0, EDX=0x0000000A, ESI=0x008800C8, EDI=0x00880000
2026-01-08 13:44:18.270 [INFO] Win32Emu.Emulator: [IGN_TEAS Loop] Iteration 10435: EIP 0x0041269D→0x004126A1, ESP=0x001FEF68, EBP=0x001FEFFC, EAX=0x00880000, EBX=0x00000000, ECX=0x0043ACA0, EDX=0x0000000A, ESI=0x008800C8, EDI=0x00880000
2026-01-08 13:44:18.270 [INFO] Win32Emu.Emulator: [IGN_TEAS Loop] Iteration 10436: EIP 0x004126A1→0x0041269A, ESP=0x001FEF68, EBP=0x001FEFFC, EAX=0x00880000, EBX=0x00000000, ECX=0x0043ACA0, EDX=0x0000000A, ESI=0x008800C8, EDI=0x00880000
2026-01-08 13:44:18.270 [INFO] Win32Emu.Emulator: [IGN_TEAS Loop] Iteration 10437: EIP 0x0041269A→0x0041269D, ESP=0x001FEF68, EBP=0x001FEFFC, EAX=0x00880000, EBX=0x00000000, ECX=0x0043ACA0, EDX=0x0000000A, ESI=0x008800CA, EDI=0x00880000
2026-01-08 13:44:18.270 [INFO] Win32Emu.Emulator: [IGN_TEAS Loop] Iteration 10438: EIP 0x0041269D→0x004126A1, ESP=0x001FEF68, EBP=0x001FEFFC, EAX=0x00880000, EBX=0x00000000, ECX=0x0043ACA0, EDX=0x0000000A, ESI=0x008800CA, EDI=0x00880000
2026-01-08 13:44:18.270 [INFO] Win32Emu.Emulator: [IGN_TEAS Loop] Iteration 10439: EIP 0x004126A1→0x0041269A, ESP=0x001FEF68, EBP=0x001FEFFC, EAX=0x00880000, EBX=0x00000000, ECX=0x0043ACA0, EDX=0x0000000A, ESI=0x008800CA, EDI=0x00880000
2026-01-08 13:44:18.270 [INFO] Win32Emu.Emulator: [IGN_TEAS Loop] Iteration 10440: EIP 0x0041269A→0x0041269D, ESP=0x001FEF68, EBP=0x001FEFFC, EAX=0x00880000, EBX=0x00000000, ECX=0x0043ACA0, EDX=0x0000000A, ESI=0x008800CC, EDI=0x00880000
2026-01-08 13:44:18.270 [INFO] Win32Emu.Emulator: [IGN_TEAS Loop] Iteration 10441: EIP 0x0041269D→0x004126A1, ESP=0x001FEF68, EBP=0x001FEFFC, EAX=0x00880000, EBX=0x00000000, ECX=0x0043ACA0, EDX=0x0000000A, ESI=0x008800CC, EDI=0x00880000
2026-01-08 13:44:18.270 [INFO] Win32Emu.Emulator: [IGN_TEAS Loop] Iteration 10442: EIP 0x004126A1→0x0041269A, ESP=0x001FEF68, EBP=0x001FEFFC, EAX=0x00880000, EBX=0x00000000, ECX=0x0043ACA0, EDX=0x0000000A, ESI=0x008800CC, EDI=0x00880000
2026-01-08 13:44:18.270 [INFO] Win32Emu.Emulator: [IGN_TEAS Loop] Iteration 10443: EIP 0x0041269A→0x0041269D, ESP=0x001FEF68, EBP=0x001FEFFC, EAX=0x00880000, EBX=0x00000000, ECX=0x0043ACA0, EDX=0x0000000A, ESI=0x008800CE, EDI=0x00880000
2026-01-08 13:44:18.270 [INFO] Win32Emu.Emulator: [IGN_TEAS Loop] Iteration 10444: EIP 0x0041269D→0x004126A1, ESP=0x001FEF68, EBP=0x001FEFFC, EAX=0x00880000, EBX=0x00000000, ECX=0x0043ACA0, EDX=0x0000000A, ESI=0x008800CE, EDI=0x00880000
2026-01-08 13:44:18.270 [INFO] Win32Emu.Emulator: [IGN_TEAS Loop] Iteration 10445: EIP 0x004126A1→0x0041269A, ESP=0x001FEF68, EBP=0x001FEFFC, EAX=0x00880000, EBX=0x00000000, ECX=0x0043ACA0, EDX=0x0000000A, ESI=0x008800CE, EDI=0x00880000
2026-01-08 13:44:18.270 [INFO] Win32Emu.Emulator: [IGN_TEAS Loop] Iteration 10446: EIP 0x0041269A→0x0041269D, ESP=0x001FEF68, EBP=0x001FEFFC, EAX=0x00880000, EBX=0x00000000, ECX=0x0043ACA0, EDX=0x0000000A, ESI=0x008800D0, EDI=0x00880000
2026-01-08 13:44:18.270 [INFO] Win32Emu.Emulator: [IGN_TEAS Loop] Iteration 10447: EIP 0x0041269D→0x004126A1, ESP=0x001FEF68, EBP=0x001FEFFC, EAX=0x00880000, EBX=0x00000000, ECX=0x0043ACA0, EDX=0x0000000A, ESI=0x008800D0, EDI=0x00880000
2026-01-08 13:44:18.270 [INFO] Win32Emu.Emulator: [IGN_TEAS Loop] Iteration 10448: EIP 0x004126A1→0x0041269A, ESP=0x001FEF68, EBP=0x001FEFFC, EAX=0x00880000, EBX=0x00000000, ECX=0x0043ACA0, EDX=0x0000000A, ESI=0x008800D0, EDI=0x00880000
2026-01-08 13:44:18.270 [INFO] Win32Emu.Emulator: [IGN_TEAS Loop] Iteration 10449: EIP 0x0041269A→0x0041269D, ESP=0x001FEF68, EBP=0x001FEFFC, EAX=0x00880000, EBX=0x00000000, ECX=0x0043ACA0, EDX=0x0000000A, ESI=0x008800D2, EDI=0x00880000
2026-01-08 13:44:18.270 [INFO] Win32Emu.Emulator: [IGN_TEAS Loop] Iteration 10450: EIP 0x0041269D→0x004126A1, ESP=0x001FEF68, EBP=0x001FEFFC, EAX=0x00880000, EBX=0x00000000, ECX=0x0043ACA0, EDX=0x0000000A, ESI=0x008800D2, EDI=0x00880000
2026-01-08 13:44:18.270 [INFO] Win32Emu.Emulator: [IGN_TEAS Loop] Iteration 10451: EIP 0x004126A1→0x0041269A, ESP=0x001FEF68, EBP=0x001FEFFC, EAX=0x00880000, EBX=0x00000000, ECX=0x0043ACA0, EDX=0x0000000A, ESI=0x008800D2, EDI=0x00880000
2026-01-08 13:44:18.270 [INFO] Win32Emu.Emulator: [IGN_TEAS Loop] Iteration 10452: EIP 0x0041269A→0x0041269D, ESP=0x001FEF68, EBP=0x001FEFFC, EAX=0x00880000, EBX=0x00000000, ECX=0x0043ACA0, EDX=0x0000000A, ESI=0x008800D4, EDI=0x00880000
2026-01-08 13:44:18.270 [INFO] Win32Emu.Emulator: [IGN_TEAS Loop] Iteration 10453: EIP 0x0041269D→0x004126A1, ESP=0x001FEF68, EBP=0x001FEFFC, EAX=0x00880000, EBX=0x00000000, ECX=0x0043ACA0, EDX=0x0000000A, ESI=0x008800D4, EDI=0x00880000
2026-01-08 13:44:18.270 [INFO] Win32Emu.Emulator: [IGN_TEAS Loop] Iteration 10454: EIP 0x004126A1→0x0041269A, ESP=0x001FEF68, EBP=0x001FEFFC, EAX=0x00880000, EBX=0x00000000, ECX=0x0043ACA0, EDX=0x0000000A, ESI=0x008800D4, EDI=0x00880000
2026-01-08 13:44:18.270 [INFO] Win32Emu.Emulator: [IGN_TEAS Loop] Iteration 10455: EIP 0x0041269A→0x0041269D, ESP=0x001FEF68, EBP=0x001FEFFC, EAX=0x00880000, EBX=0x00000000, ECX=0x0043ACA0, EDX=0x0000000A, ESI=0x008800D6, EDI=0x00880000
2026-01-08 13:44:18.270 [INFO] Win32Emu.Emulator: [IGN_TEAS Loop] Iteration 10456: EIP 0x0041269D→0x004126A1, ESP=0x001FEF68, EBP=0x001FEFFC, EAX=0x00880000, EBX=0x00000000, ECX=0x0043ACA0, EDX=0x0000000A, ESI=0x008800D6, EDI=0x00880000
2026-01-08 13:44:18.270 [INFO] Win32Emu.Emulator: [IGN_TEAS Loop] Iteration 10457: EIP 0x004126A1→0x0041269A, ESP=0x001FEF68, EBP=0x001FEFFC, EAX=0x00880000, EBX=0x00000000, ECX=0x0043ACA0, EDX=0x0000000A, ESI=0x008800D6, EDI=0x00880000
2026-01-08 13:44:18.271 [INFO] Win32Emu.Emulator: [IGN_TEAS Loop] Iteration 10458: EIP 0x0041269A→0x0041269D, ESP=0x001FEF68, EBP=0x001FEFFC, EAX=0x00880000, EBX=0x00000000, ECX=0x0043ACA0, EDX=0x0000000A, ESI=0x008800D8, EDI=0x00880000
2026-01-08 13:44:18.271 [INFO] Win32Emu.Emulator: [IGN_TEAS Loop] Iteration 10459: EIP 0x0041269D→0x004126A1, ESP=0x001FEF68, EBP=0x001FEFFC, EAX=0x00880000, EBX=0x00000000, ECX=0x0043ACA0, EDX=0x0000000A, ESI=0x008800D8, EDI=0x00880000
2026-01-08 13:44:18.271 [INFO] Win32Emu.Emulator: [IGN_TEAS Loop] Iteration 10460: EIP 0x004126A1→0x0041269A, ESP=0x001FEF68, EBP=0x001FEFFC, EAX=0x00880000, EBX=0x00000000, ECX=0x0043ACA0, EDX=0x0000000A, ESI=0x008800D8, EDI=0x00880000
2026-01-08 13:44:18.271 [INFO] Win32Emu.Emulator: [IGN_TEAS Loop] Iteration 10461: EIP 0x0041269A→0x0041269D, ESP=0x001FEF68, EBP=0x001FEFFC, EAX=0x00880000, EBX=0x00000000, ECX=0x0043ACA0, EDX=0x0000000A, ESI=0x008800DA, EDI=0x00880000
2026-01-08 13:44:18.271 [INFO] Win32Emu.Emulator: [IGN_TEAS Loop] Iteration 10462: EIP 0x0041269D→0x004126A1, ESP=0x001FEF68, EBP=0x001FEFFC, EAX=0x00880000, EBX=0x00000000, ECX=0x0043ACA0, EDX=0x0000000A, ESI=0x008800DA, EDI=0x00880000
2026-01-08 13:44:18.271 [INFO] Win32Emu.Emulator: [IGN_TEAS Loop] Iteration 10463: EIP 0x004126A1→0x0041269A, ESP=0x001FEF68, EBP=0x001FEFFC, EAX=0x00880000, EBX=0x00000000, ECX=0x0043ACA0, EDX=0x0000000A, ESI=0x008800DA, EDI=0x00880000
2026-01-08 13:44:18.271 [INFO] Win32Emu.Emulator: [IGN_TEAS Loop] Iteration 10464: EIP 0x0041269A→0x0041269D, ESP=0x001FEF68, EBP=0x001FEFFC, EAX=0x00880000, EBX=0x00000000, ECX=0x0043ACA0, EDX=0x0000000A, ESI=0x008800DC, EDI=0x00880000
2026-01-08 13:44:18.271 [INFO] Win32Emu.Emulator: [IGN_TEAS Loop] Iteration 10465: EIP 0x0041269D→0x004126A1, ESP=0x001FEF68, EBP=0x001FEFFC, EAX=0x00880000, EBX=0x00000000, ECX=0x0043ACA0, EDX=0x0000000A, ESI=0x008800DC, EDI=0x00880000
2026-01-08 13:44:18.271 [INFO] Win32Emu.Emulator: [IGN_TEAS Loop] Iteration 10466: EIP 0x004126A1→0x0041269A, ESP=0x001FEF68, EBP=0x001FEFFC, EAX=0x00880000, EBX=0x00000000, ECX=0x0043ACA0, EDX=0x0000000A, ESI=0x008800DC, EDI=0x00880000
2026-01-08 13:44:18.271 [INFO] Win32Emu.Emulator: [IGN_TEAS Loop] Iteration 10467: EIP 0x0041269A→0x0041269D, ESP=0x001FEF68, EBP=0x001FEFFC, EAX=0x00880000, EBX=0x00000000, ECX=0x0043ACA0, EDX=0x0000000A, ESI=0x008800DE, EDI=0x00880000
2026-01-08 13:44:18.271 [INFO] Win32Emu.Emulator: [IGN_TEAS Loop] Iteration 10468: EIP 0x0041269D→0x004126A1, ESP=0x001FEF68, EBP=0x001FEFFC, EAX=0x00880000, EBX=0x00000000, ECX=0x0043ACA0, EDX=0x0000000A, ESI=0x008800DE, EDI=0x00880000
2026-01-08 13:44:18.271 [INFO] Win32Emu.Emulator: [IGN_TEAS Loop] Iteration 10469: EIP 0x004126A1→0x0041269A, ESP=0x001FEF68, EBP=0x001FEFFC, EAX=0x00880000, EBX=0x00000000, ECX=0x0043ACA0, EDX=0x0000000A, ESI=0x008800DE, EDI=0x00880000
2026-01-08 13:44:18.271 [INFO] Win32Emu.Emulator: [IGN_TEAS Loop] Iteration 10470: EIP 0x0041269A→0x0041269D, ESP=0x001FEF68, EBP=0x001FEFFC, EAX=0x00880000, EBX=0x00000000, ECX=0x0043ACA0, EDX=0x0000000A, ESI=0x008800E0, EDI=0x00880000
2026-01-08 13:44:18.271 [INFO] Win32Emu.Emulator: [IGN_TEAS Loop] Iteration 10471: EIP 0x0041269D→0x004126A1, ESP=0x001FEF68, EBP=0x001FEFFC, EAX=0x00880000, EBX=0x00000000, ECX=0x0043ACA0, EDX=0x0000000A, ESI=0x008800E0, EDI=0x00880000
2026-01-08 13:44:18.271 [INFO] Win32Emu.Emulator: [IGN_TEAS Loop] Iteration 10472: EIP 0x004126A1→0x0041269A, ESP=0x001FEF68, EBP=0x001FEFFC, EAX=0x00880000, EBX=0x00000000, ECX=0x0043ACA0, EDX=0x0000000A, ESI=0x008800E0, EDI=0x00880000
2026-01-08 13:44:18.271 [INFO] Win32Emu.Emulator: [IGN_TEAS Loop] Iteration 10473: EIP 0x0041269A→0x0041269D, ESP=0x001FEF68, EBP=0x001FEFFC, EAX=0x00880000, EBX=0x00000000, ECX=0x0043ACA0, EDX=0x0000000A, ESI=0x008800E2, EDI=0x00880000
2026-01-08 13:44:18.271 [INFO] Win32Emu.Emulator: [IGN_TEAS Loop] Iteration 10474: EIP 0x0041269D→0x004126A1, ESP=0x001FEF68, EBP=0x001FEFFC, EAX=0x00880000, EBX=0x00000000, ECX=0x0043ACA0, EDX=0x0000000A, ESI=0x008800E2, EDI=0x00880000
2026-01-08 13:44:18.271 [INFO] Win32Emu.Emulator: [IGN_TEAS Loop] Iteration 10475: EIP 0x004126A1→0x0041269A, ESP=0x001FEF68, EBP=0x001FEFFC, EAX=0x00880000, EBX=0x00000000, ECX=0x0043ACA0, EDX=0x0000000A, ESI=0x008800E2, EDI=0x00880000
2026-01-08 13:44:18.271 [INFO] Win32Emu.Emulator: [IGN_TEAS Loop] Iteration 10476: EIP 0x0041269A→0x0041269D, ESP=0x001FEF68, EBP=0x001FEFFC, EAX=0x00880000, EBX=0x00000000, ECX=0x0043ACA0, EDX=0x0000000A, ESI=0x008800E4, EDI=0x00880000
2026-01-08 13:44:18.271 [INFO] Win32Emu.Emulator: [IGN_TEAS Loop] Iteration 10477: EIP 0x0041269D→0x004126A1, ESP=0x001FEF68, EBP=0x001FEFFC, EAX=0x00880000, EBX=0x00000000, ECX=0x0043ACA0, EDX=0x0000000A, ESI=0x008800E4, EDI=0x00880000
2026-01-08 13:44:18.271 [INFO] Win32Emu.Emulator: [IGN_TEAS Loop] Iteration 10478: EIP 0x004126A1→0x0041269A, ESP=0x001FEF68, EBP=0x001FEFFC, EAX=0x00880000, EBX=0x00000000, ECX=0x0043ACA0, EDX=0x0000000A, ESI=0x008800E4, EDI=0x00880000
2026-01-08 13:44:18.271 [INFO] Win32Emu.Emulator: [IGN_TEAS Loop] Iteration 10479: EIP 0x0041269A→0x0041269D, ESP=0x001FEF68, EBP=0x001FEFFC, EAX=0x00880000, EBX=0x00000000, ECX=0x0043ACA0, EDX=0x0000000A, ESI=0x008800E6, EDI=0x00880000
2026-01-08 13:44:18.271 [INFO] Win32Emu.Emulator: [IGN_TEAS Loop] Iteration 10480: EIP 0x0041269D→0x004126A1, ESP=0x001FEF68, EBP=0x001FEFFC, EAX=0x00880000, EBX=0x00000000, ECX=0x0043ACA0, EDX=0x0000000A, ESI=0x008800E6, EDI=0x00880000
2026-01-08 13:44:18.271 [INFO] Win32Emu.Emulator: [IGN_TEAS Loop] Iteration 10481: EIP 0x004126A1→0x0041269A, ESP=0x001FEF68, EBP=0x001FEFFC, EAX=0x00880000, EBX=0x00000000, ECX=0x0043ACA0, EDX=0x0000000A, ESI=0x008800E6, EDI=0x00880000
2026-01-08 13:44:18.271 [INFO] Win32Emu.Emulator: [IGN_TEAS Loop] Iteration 10482: EIP 0x0041269A→0x0041269D, ESP=0x001FEF68, EBP=0x001FEFFC, EAX=0x00880000, EBX=0x00000000, ECX=0x0043ACA0, EDX=0x0000000A, ESI=0x008800E8, EDI=0x00880000
2026-01-08 13:44:18.271 [INFO] Win32Emu.Emulator: [IGN_TEAS Loop] Iteration 10483: EIP 0x0041269D→0x004126A1, ESP=0x001FEF68, EBP=0x001FEFFC, EAX=0x00880000, EBX=0x00000000, ECX=0x0043ACA0, EDX=0x0000000A, ESI=0x008800E8, EDI=0x00880000
2026-01-08 13:44:18.271 [INFO] Win32Emu.Emulator: [IGN_TEAS Loop] Iteration 10484: EIP 0x004126A1→0x0041269A, ESP=0x001FEF68, EBP=0x001FEFFC, EAX=0x00880000, EBX=0x00000000, ECX=0x0043ACA0, EDX=0x0000000A, ESI=0x008800E8, EDI=0x00880000
2026-01-08 13:44:18.271 [INFO] Win32Emu.Emulator: [IGN_TEAS Loop] Iteration 10485: EIP 0x0041269A→0x0041269D, ESP=0x001FEF68, EBP=0x001FEFFC, EAX=0x00880000, EBX=0x00000000, ECX=0x0043ACA0, EDX=0x0000000A, ESI=0x008800EA, EDI=0x00880000
2026-01-08 13:44:18.271 [INFO] Win32Emu.Emulator: [IGN_TEAS Loop] Iteration 10486: EIP 0x0041269D→0x004126A1, ESP=0x001FEF68, EBP=0x001FEFFC, EAX=0x00880000, EBX=0x00000000, ECX=0x0043ACA0, EDX=0x0000000A, ESI=0x008800EA, EDI=0x00880000
2026-01-08 13:44:18.271 [INFO] Win32Emu.Emulator: [IGN_TEAS Loop] Iteration 10487: EIP 0x004126A1→0x0041269A, ESP=0x001FEF68, EBP=0x001FEFFC, EAX=0x00880000, EBX=0x00000000, ECX=0x0043ACA0, EDX=0x0000000A, ESI=0x008800EA, EDI=0x00880000
2026-01-08 13:44:18.271 [INFO] Win32Emu.Emulator: [IGN_TEAS Loop] Iteration 10488: EIP 0x0041269A→0x0041269D, ESP=0x001FEF68, EBP=0x001FEFFC, EAX=0x00880000, EBX=0x00000000, ECX=0x0043ACA0, EDX=0x0000000A, ESI=0x008800EC, EDI=0x00880000
2026-01-08 13:44:18.272 [INFO] Win32Emu.Emulator: [IGN_TEAS Loop] Iteration 10489: EIP 0x0041269D→0x004126A1, ESP=0x001FEF68, EBP=0x001FEFFC, EAX=0x00880000, EBX=0x00000000, ECX=0x0043ACA0, EDX=0x0000000A, ESI=0x008800EC, EDI=0x00880000
2026-01-08 13:44:18.272 [INFO] Win32Emu.Emulator: [IGN_TEAS Loop] Iteration 10490: EIP 0x004126A1→0x0041269A, ESP=0x001FEF68, EBP=0x001FEFFC, EAX=0x00880000, EBX=0x00000000, ECX=0x0043ACA0, EDX=0x0000000A, ESI=0x008800EC, EDI=0x00880000
2026-01-08 13:44:18.272 [INFO] Win32Emu.Emulator: [IGN_TEAS Loop] Iteration 10491: EIP 0x0041269A→0x0041269D, ESP=0x001FEF68, EBP=0x001FEFFC, EAX=0x00880000, EBX=0x00000000, ECX=0x0043ACA0, EDX=0x0000000A, ESI=0x008800EE, EDI=0x00880000
2026-01-08 13:44:18.272 [INFO] Win32Emu.Emulator: [IGN_TEAS Loop] Iteration 10492: EIP 0x0041269D→0x004126A1, ESP=0x001FEF68, EBP=0x001FEFFC, EAX=0x00880000, EBX=0x00000000, ECX=0x0043ACA0, EDX=0x0000000A, ESI=0x008800EE, EDI=0x00880000
2026-01-08 13:44:18.272 [INFO] Win32Emu.Emulator: [IGN_TEAS Loop] Iteration 10493: EIP 0x004126A1→0x0041269A, ESP=0x001FEF68, EBP=0x001FEFFC, EAX=0x00880000, EBX=0x00000000, ECX=0x0043ACA0, EDX=0x0000000A, ESI=0x008800EE, EDI=0x00880000
2026-01-08 13:44:18.272 [INFO] Win32Emu.Emulator: [IGN_TEAS Loop] Iteration 10494: EIP 0x0041269A→0x0041269D, ESP=0x001FEF68, EBP=0x001FEFFC, EAX=0x00880000, EBX=0x00000000, ECX=0x0043ACA0, EDX=0x0000000A, ESI=0x008800F0, EDI=0x00880000
2026-01-08 13:44:18.272 [INFO] Win32Emu.Emulator: [IGN_TEAS Loop] Iteration 10495: EIP 0x0041269D→0x004126A1, ESP=0x001FEF68, EBP=0x001FEFFC, EAX=0x00880000, EBX=0x00000000, ECX=0x0043ACA0, EDX=0x0000000A, ESI=0x008800F0, EDI=0x00880000
2026-01-08 13:44:18.272 [INFO] Win32Emu.Emulator: [IGN_TEAS Loop] Iteration 10496: EIP 0x004126A1→0x0041269A, ESP=0x001FEF68, EBP=0x001FEFFC, EAX=0x00880000, EBX=0x00000000, ECX=0x0043ACA0, EDX=0x0000000A, ESI=0x008800F0, EDI=0x00880000
2026-01-08 13:44:18.272 [INFO] Win32Emu.Emulator: [IGN_TEAS Loop] Iteration 10497: EIP 0x0041269A→0x0041269D, ESP=0x001FEF68, EBP=0x001FEFFC, EAX=0x00880000, EBX=0x00000000, ECX=0x0043ACA0, EDX=0x0000000A, ESI=0x008800F2, EDI=0x00880000
2026-01-08 13:44:18.272 [INFO] Win32Emu.Emulator: [IGN_TEAS Loop] Iteration 10498: EIP 0x0041269D→0x004126A1, ESP=0x001FEF68, EBP=0x001FEFFC, EAX=0x00880000, EBX=0x00000000, ECX=0x0043ACA0, EDX=0x0000000A, ESI=0x008800F2, EDI=0x00880000
2026-01-08 13:44:18.272 [INFO] Win32Emu.Emulator: [IGN_TEAS Loop] Iteration 10499: EIP 0x004126A1→0x0041269A, ESP=0x001FEF68, EBP=0x001FEFFC, EAX=0x00880000, EBX=0x00000000, ECX=0x0043ACA0, EDX=0x0000000A, ESI=0x008800F2, EDI=0x00880000
2026-01-08 13:44:18.272 [INFO] Win32Emu.Emulator: [IGN_TEAS Loop] Iteration 10500: EIP 0x0041269A→0x0041269D, ESP=0x001FEF68, EBP=0x001FEFFC, EAX=0x00880000, EBX=0x00000000, ECX=0x0043ACA0, EDX=0x0000000A, ESI=0x008800F4, EDI=0x00880000
2026-01-08 13:44:18.272 [INFO] Win32Emu.Emulator: [IGN_TEAS Loop] Iteration 10501: EIP 0x0041269D→0x004126A1, ESP=0x001FEF68, EBP=0x001FEFFC, EAX=0x00880000, EBX=0x00000000, ECX=0x0043ACA0, EDX=0x0000000A, ESI=0x008800F4, EDI=0x00880000
2026-01-08 13:44:18.272 [INFO] Win32Emu.Emulator: [IGN_TEAS Loop] Iteration 10502: EIP 0x004126A1→0x0041269A, ESP=0x001FEF68, EBP=0x001FEFFC, EAX=0x00880000, EBX=0x00000000, ECX=0x0043ACA0, EDX=0x0000000A, ESI=0x008800F4, EDI=0x00880000
2026-01-08 13:44:18.272 [INFO] Win32Emu.Emulator: [IGN_TEAS Loop] Iteration 10503: EIP 0x0041269A→0x0041269D, ESP=0x001FEF68, EBP=0x001FEFFC, EAX=0x00880000, EBX=0x00000000, ECX=0x0043ACA0, EDX=0x0000000A, ESI=0x008800F6, EDI=0x00880000
2026-01-08 13:44:18.272 [INFO] Win32Emu.Emulator: [IGN_TEAS Loop] Iteration 10504: EIP 0x0041269D→0x004126A1, ESP=0x001FEF68, EBP=0x001FEFFC, EAX=0x00880000, EBX=0x00000000, ECX=0x0043ACA0, EDX=0x0000000A, ESI=0x008800F6, EDI=0x00880000
2026-01-08 13:44:18.272 [INFO] Win32Emu.Emulator: [IGN_TEAS Loop] Iteration 10505: EIP 0x004126A1→0x0041269A, ESP=0x001FEF68, EBP=0x001FEFFC, EAX=0x00880000, EBX=0x00000000, ECX=0x0043ACA0, EDX=0x0000000A, ESI=0x008800F6, EDI=0x00880000
2026-01-08 13:44:18.272 [INFO] Win32Emu.Emulator: [IGN_TEAS Loop] Iteration 10506: EIP 0x0041269A→0x0041269D, ESP=0x001FEF68, EBP=0x001FEFFC, EAX=0x00880000, EBX=0x00000000, ECX=0x0043ACA0, EDX=0x0000000A, ESI=0x008800F8, EDI=0x00880000
2026-01-08 13:44:18.272 [INFO] Win32Emu.Emulator: [IGN_TEAS Loop] Iteration 10507: EIP 0x0041269D→0x004126A1, ESP=0x001FEF68, EBP=0x001FEFFC, EAX=0x00880000, EBX=0x00000000, ECX=0x0043ACA0, EDX=0x0000000A, ESI=0x008800F8, EDI=0x00880000
2026-01-08 13:44:18.272 [INFO] Win32Emu.Emulator: [IGN_TEAS Loop] Iteration 10508: EIP 0x004126A1→0x0041269A, ESP=0x001FEF68, EBP=0x001FEFFC, EAX=0x00880000, EBX=0x00000000, ECX=0x0043ACA0, EDX=0x0000000A, ESI=0x008800F8, EDI=0x00880000
2026-01-08 13:44:18.272 [INFO] Win32Emu.Emulator: [IGN_TEAS Loop] Iteration 10509: EIP 0x0041269A→0x0041269D, ESP=0x001FEF68, EBP=0x001FEFFC, EAX=0x00880000, EBX=0x00000000, ECX=0x0043ACA0, EDX=0x0000000A, ESI=0x008800FA, EDI=0x00880000
2026-01-08 13:44:18.272 [INFO] Win32Emu.Emulator: [IGN_TEAS Loop] Iteration 10510: EIP 0x0041269D→0x004126A1, ESP=0x001FEF68, EBP=0x001FEFFC, EAX=0x00880000, EBX=0x00000000, ECX=0x0043ACA0, EDX=0x0000000A, ESI=0x008800FA, EDI=0x00880000
2026-01-08 13:44:18.272 [INFO] Win32Emu.Emulator: [IGN_TEAS Loop] Iteration 10511: EIP 0x004126A1→0x0041269A, ESP=0x001FEF68, EBP=0x001FEFFC, EAX=0x00880000, EBX=0x00000000, ECX=0x0043ACA0, EDX=0x0000000A, ESI=0x008800FA, EDI=0x00880000
2026-01-08 13:44:18.272 [INFO] Win32Emu.Emulator: [IGN_TEAS Loop] Iteration 10512: EIP 0x0041269A→0x0041269D, ESP=0x001FEF68, EBP=0x001FEFFC, EAX=0x00880000, EBX=0x00000000, ECX=0x0043ACA0, EDX=0x0000000A, ESI=0x008800FC, EDI=0x00880000
2026-01-08 13:44:18.272 [INFO] Win32Emu.Emulator: [IGN_TEAS Loop] Iteration 10513: EIP 0x0041269D→0x004126A1, ESP=0x001FEF68, EBP=0x001FEFFC, EAX=0x00880000, EBX=0x00000000, ECX=0x0043ACA0, EDX=0x0000000A, ESI=0x008800FC, EDI=0x00880000
2026-01-08 13:44:18.272 [INFO] Win32Emu.Emulator: [IGN_TEAS Loop] Iteration 10514: EIP 0x004126A1→0x0041269A, ESP=0x001FEF68, EBP=0x001FEFFC, EAX=0x00880000, EBX=0x00000000, ECX=0x0043ACA0, EDX=0x0000000A, ESI=0x008800FC, EDI=0x00880000
2026-01-08 13:44:18.272 [INFO] Win32Emu.Emulator: [IGN_TEAS Loop] Iteration 10515: EIP 0x0041269A→0x0041269D, ESP=0x001FEF68, EBP=0x001FEFFC, EAX=0x00880000, EBX=0x00000000, ECX=0x0043ACA0, EDX=0x0000000A, ESI=0x008800FE, EDI=0x00880000
2026-01-08 13:44:18.272 [INFO] Win32Emu.Emulator: [IGN_TEAS Loop] Iteration 10516: EIP 0x0041269D→0x004126A1, ESP=0x001FEF68, EBP=0x001FEFFC, EAX=0x00880000, EBX=0x00000000, ECX=0x0043ACA0, EDX=0x0000000A, ESI=0x008800FE, EDI=0x00880000
2026-01-08 13:44:18.272 [INFO] Win32Emu.Emulator: [IGN_TEAS Loop] Iteration 10517: EIP 0x004126A1→0x0041269A, ESP=0x001FEF68, EBP=0x001FEFFC, EAX=0x00880000, EBX=0x00000000, ECX=0x0043ACA0, EDX=0x0000000A, ESI=0x008800FE, EDI=0x00880000
2026-01-08 13:44:18.272 [INFO] Win32Emu.Emulator: [IGN_TEAS Loop] Iteration 10518: EIP 0x0041269A→0x0041269D, ESP=0x001FEF68, EBP=0x001FEFFC, EAX=0x00880000, EBX=0x00000000, ECX=0x0043ACA0, EDX=0x0000000A, ESI=0x00880100, EDI=0x00880000
2026-01-08 13:44:18.272 [INFO] Win32Emu.Emulator: [IGN_TEAS Loop] Iteration 10519: EIP 0x0041269D→0x004126A1, ESP=0x001FEF68, EBP=0x001FEFFC, EAX=0x00880000, EBX=0x00000000, ECX=0x0043ACA0, EDX=0x0000000A, ESI=0x00880100, EDI=0x00880000
2026-01-08 13:44:18.273 [INFO] Win32Emu.Emulator: [IGN_TEAS Loop] Iteration 10520: EIP 0x004126A1→0x0041269A, ESP=0x001FEF68, EBP=0x001FEFFC, EAX=0x00880000, EBX=0x00000000, ECX=0x0043ACA0, EDX=0x0000000A, ESI=0x00880100, EDI=0x00880000
2026-01-08 13:44:18.273 [INFO] Win32Emu.Emulator: [IGN_TEAS Loop] Iteration 10521: EIP 0x0041269A→0x0041269D, ESP=0x001FEF68, EBP=0x001FEFFC, EAX=0x00880000, EBX=0x00000000, ECX=0x0043ACA0, EDX=0x0000000A, ESI=0x00880102, EDI=0x00880000
2026-01-08 13:44:18.273 [INFO] Win32Emu.Emulator: [IGN_TEAS Loop] Iteration 10522: EIP 0x0041269D→0x004126A1, ESP=0x001FEF68, EBP=0x001FEFFC, EAX=0x00880000, EBX=0x00000000, ECX=0x0043ACA0, EDX=0x0000000A, ESI=0x00880102, EDI=0x00880000
2026-01-08 13:44:18.273 [INFO] Win32Emu.Emulator: [IGN_TEAS Loop] Iteration 10523: EIP 0x004126A1→0x0041269A, ESP=0x001FEF68, EBP=0x001FEFFC, EAX=0x00880000, EBX=0x00000000, ECX=0x0043ACA0, EDX=0x0000000A, ESI=0x00880102, EDI=0x00880000
2026-01-08 13:44:18.273 [INFO] Win32Emu.Emulator: [IGN_TEAS Loop] Iteration 10524: EIP 0x0041269A→0x0041269D, ESP=0x001FEF68, EBP=0x001FEFFC, EAX=0x00880000, EBX=0x00000000, ECX=0x0043ACA0, EDX=0x0000000A, ESI=0x00880104, EDI=0x00880000
2026-01-08 13:44:18.273 [INFO] Win32Emu.Emulator: [IGN_TEAS Loop] Iteration 10525: EIP 0x0041269D→0x004126A1, ESP=0x001FEF68, EBP=0x001FEFFC, EAX=0x00880000, EBX=0x00000000, ECX=0x0043ACA0, EDX=0x0000000A, ESI=0x00880104, EDI=0x00880000
2026-01-08 13:44:18.273 [INFO] Win32Emu.Emulator: [IGN_TEAS Loop] Iteration 10526: EIP 0x004126A1→0x0041269A, ESP=0x001FEF68, EBP=0x001FEFFC, EAX=0x00880000, EBX=0x00000000, ECX=0x0043ACA0, EDX=0x0000000A, ESI=0x00880104, EDI=0x00880000
2026-01-08 13:44:18.273 [INFO] Win32Emu.Emulator: [IGN_TEAS Loop] Iteration 10527: EIP 0x0041269A→0x0041269D, ESP=0x001FEF68, EBP=0x001FEFFC, EAX=0x00880000, EBX=0x00000000, ECX=0x0043ACA0, EDX=0x0000000A, ESI=0x00880106, EDI=0x00880000
2026-01-08 13:44:18.273 [INFO] Win32Emu.Emulator: [IGN_TEAS Loop] Iteration 10528: EIP 0x0041269D→0x004126A1, ESP=0x001FEF68, EBP=0x001FEFFC, EAX=0x00880000, EBX=0x00000000, ECX=0x0043ACA0, EDX=0x0000000A, ESI=0x00880106, EDI=0x00880000
2026-01-08 13:44:18.273 [INFO] Win32Emu.Emulator: [IGN_TEAS Loop] Iteration 10529: EIP 0x004126A1→0x0041269A, ESP=0x001FEF68, EBP=0x001FEFFC, EAX=0x00880000, EBX=0x00000000, ECX=0x0043ACA0, EDX=0x0000000A, ESI=0x00880106, EDI=0x00880000
2026-01-08 13:44:18.273 [INFO] Win32Emu.Emulator: [IGN_TEAS Loop] Iteration 10530: EIP 0x0041269A→0x0041269D, ESP=0x001FEF68, EBP=0x001FEFFC, EAX=0x00880000, EBX=0x00000000, ECX=0x0043ACA0, EDX=0x0000000A, ESI=0x00880108, EDI=0x00880000
2026-01-08 13:44:18.273 [INFO] Win32Emu.Emulator: [IGN_TEAS Loop] Iteration 10531: EIP 0x0041269D→0x004126A1, ESP=0x001FEF68, EBP=0x001FEFFC, EAX=0x00880000, EBX=0x00000000, ECX=0x0043ACA0, EDX=0x0000000A, ESI=0x00880108, EDI=0x00880000
2026-01-08 13:44:18.273 [INFO] Win32Emu.Emulator: [IGN_TEAS Loop] Iteration 10532: EIP 0x004126A1→0x0041269A, ESP=0x001FEF68, EBP=0x001FEFFC, EAX=0x00880000, EBX=0x00000000, ECX=0x0043ACA0, EDX=0x0000000A, ESI=0x00880108, EDI=0x00880000
2026-01-08 13:44:18.273 [INFO] Win32Emu.Emulator: [IGN_TEAS Loop] Iteration 10533: EIP 0x0041269A→0x0041269D, ESP=0x001FEF68, EBP=0x001FEFFC, EAX=0x00880000, EBX=0x00000000, ECX=0x0043ACA0, EDX=0x0000000A, ESI=0x0088010A, EDI=0x00880000
2026-01-08 13:44:18.273 [INFO] Win32Emu.Emulator: [IGN_TEAS Loop] Iteration 10534: EIP 0x0041269D→0x004126A1, ESP=0x001FEF68, EBP=0x001FEFFC, EAX=0x00880000, EBX=0x00000000, ECX=0x0043ACA0, EDX=0x0000000A, ESI=0x0088010A, EDI=0x00880000
2026-01-08 13:44:18.273 [INFO] Win32Emu.Emulator: [IGN_TEAS Loop] Iteration 10535: EIP 0x004126A1→0x0041269A, ESP=0x001FEF68, EBP=0x001FEFFC, EAX=0x00880000, EBX=0x00000000, ECX=0x0043ACA0, EDX=0x0000000A, ESI=0x0088010A, EDI=0x00880000
2026-01-08 13:44:18.273 [INFO] Win32Emu.Emulator: [IGN_TEAS Loop] Iteration 10536: EIP 0x0041269A→0x0041269D, ESP=0x001FEF68, EBP=0x001FEFFC, EAX=0x00880000, EBX=0x00000000, ECX=0x0043ACA0, EDX=0x0000000A, ESI=0x0088010C, EDI=0x00880000
2026-01-08 13:44:18.273 [INFO] Win32Emu.Emulator: [IGN_TEAS Loop] Iteration 10537: EIP 0x0041269D→0x004126A1, ESP=0x001FEF68, EBP=0x001FEFFC, EAX=0x00880000, EBX=0x00000000, ECX=0x0043ACA0, EDX=0x0000000A, ESI=0x0088010C, EDI=0x00880000
2026-01-08 13:44:18.273 [INFO] Win32Emu.Emulator: [IGN_TEAS Loop] Iteration 10538: EIP 0x004126A1→0x0041269A, ESP=0x001FEF68, EBP=0x001FEFFC, EAX=0x00880000, EBX=0x00000000, ECX=0x0043ACA0, EDX=0x0000000A, ESI=0x0088010C, EDI=0x00880000
2026-01-08 13:44:18.273 [INFO] Win32Emu.Emulator: [IGN_TEAS Loop] Iteration 10539: EIP 0x0041269A→0x0041269D, ESP=0x001FEF68, EBP=0x001FEFFC, EAX=0x00880000, EBX=0x00000000, ECX=0x0043ACA0, EDX=0x0000000A, ESI=0x0088010E, EDI=0x00880000
2026-01-08 13:44:18.273 [INFO] Win32Emu.Emulator: [IGN_TEAS Loop] Iteration 10540: EIP 0x0041269D→0x004126A1, ESP=0x001FEF68, EBP=0x001FEFFC, EAX=0x00880000, EBX=0x00000000, ECX=0x0043ACA0, EDX=0x0000000A, ESI=0x0088010E, EDI=0x00880000
2026-01-08 13:44:18.273 [INFO] Win32Emu.Emulator: [IGN_TEAS Loop] Iteration 10541: EIP 0x004126A1→0x0041269A, ESP=0x001FEF68, EBP=0x001FEFFC, EAX=0x00880000, EBX=0x00000000, ECX=0x0043ACA0, EDX=0x0000000A, ESI=0x0088010E, EDI=0x00880000
2026-01-08 13:44:18.273 [INFO] Win32Emu.Emulator: [IGN_TEAS Loop] Iteration 10542: EIP 0x0041269A→0x0041269D, ESP=0x001FEF68, EBP=0x001FEFFC, EAX=0x00880000, EBX=0x00000000, ECX=0x0043ACA0, EDX=0x0000000A, ESI=0x00880110, EDI=0x00880000
2026-01-08 13:44:18.273 [INFO] Win32Emu.Emulator: [IGN_TEAS Loop] Iteration 10543: EIP 0x0041269D→0x004126A1, ESP=0x001FEF68, EBP=0x001FEFFC, EAX=0x00880000, EBX=0x00000000, ECX=0x0043ACA0, EDX=0x0000000A, ESI=0x00880110, EDI=0x00880000
2026-01-08 13:44:18.273 [INFO] Win32Emu.Emulator: [IGN_TEAS Loop] Iteration 10544: EIP 0x004126A1→0x0041269A, ESP=0x001FEF68, EBP=0x001FEFFC, EAX=0x00880000, EBX=0x00000000, ECX=0x0043ACA0, EDX=0x0000000A, ESI=0x00880110, EDI=0x00880000
2026-01-08 13:44:18.273 [INFO] Win32Emu.Emulator: [IGN_TEAS Loop] Iteration 10545: EIP 0x0041269A→0x0041269D, ESP=0x001FEF68, EBP=0x001FEFFC, EAX=0x00880000, EBX=0x00000000, ECX=0x0043ACA0, EDX=0x0000000A, ESI=0x00880112, EDI=0x00880000
2026-01-08 13:44:18.273 [INFO] Win32Emu.Emulator: [IGN_TEAS Loop] Iteration 10546: EIP 0x0041269D→0x004126A1, ESP=0x001FEF68, EBP=0x001FEFFC, EAX=0x00880000, EBX=0x00000000, ECX=0x0043ACA0, EDX=0x0000000A, ESI=0x00880112, EDI=0x00880000
2026-01-08 13:44:18.273 [INFO] Win32Emu.Emulator: [IGN_TEAS Loop] Iteration 10547: EIP 0x004126A1→0x0041269A, ESP=0x001FEF68, EBP=0x001FEFFC, EAX=0x00880000, EBX=0x00000000, ECX=0x0043ACA0, EDX=0x0000000A, ESI=0x00880112, EDI=0x00880000
2026-01-08 13:44:18.273 [INFO] Win32Emu.Emulator: [IGN_TEAS Loop] Iteration 10548: EIP 0x0041269A→0x0041269D, ESP=0x001FEF68, EBP=0x001FEFFC, EAX=0x00880000, EBX=0x00000000, ECX=0x0043ACA0, EDX=0x0000000A, ESI=0x00880114, EDI=0x00880000
2026-01-08 13:44:18.273 [INFO] Win32Emu.Emulator: [IGN_TEAS Loop] Iteration 10549: EIP 0x0041269D→0x004126A1, ESP=0x001FEF68, EBP=0x001FEFFC, EAX=0x00880000, EBX=0x00000000, ECX=0x0043ACA0, EDX=0x0000000A, ESI=0x00880114, EDI=0x00880000
2026-01-08 13:44:18.274 [INFO] Win32Emu.Emulator: [IGN_TEAS Loop] Iteration 10550: EIP 0x004126A1→0x0041269A, ESP=0x001FEF68, EBP=0x001FEFFC, EAX=0x00880000, EBX=0x00000000, ECX=0x0043ACA0, EDX=0x0000000A, ESI=0x00880114, EDI=0x00880000
2026-01-08 13:44:18.274 [INFO] Win32Emu.Emulator: [IGN_TEAS Loop] Iteration 10551: EIP 0x0041269A→0x0041269D, ESP=0x001FEF68, EBP=0x001FEFFC, EAX=0x00880000, EBX=0x00000000, ECX=0x0043ACA0, EDX=0x0000000A, ESI=0x00880116, EDI=0x00880000
2026-01-08 13:44:18.274 [INFO] Win32Emu.Emulator: [IGN_TEAS Loop] Iteration 10552: EIP 0x0041269D→0x004126A1, ESP=0x001FEF68, EBP=0x001FEFFC, EAX=0x00880000, EBX=0x00000000, ECX=0x0043ACA0, EDX=0x0000000A, ESI=0x00880116, EDI=0x00880000
2026-01-08 13:44:18.274 [INFO] Win32Emu.Emulator: [IGN_TEAS Loop] Iteration 10553: EIP 0x004126A1→0x0041269A, ESP=0x001FEF68, EBP=0x001FEFFC, EAX=0x00880000, EBX=0x00000000, ECX=0x0043ACA0, EDX=0x0000000A, ESI=0x00880116, EDI=0x00880000
2026-01-08 13:44:18.274 [INFO] Win32Emu.Emulator: [IGN_TEAS Loop] Iteration 10554: EIP 0x0041269A→0x0041269D, ESP=0x001FEF68, EBP=0x001FEFFC, EAX=0x00880000, EBX=0x00000000, ECX=0x0043ACA0, EDX=0x0000000A, ESI=0x00880118, EDI=0x00880000
2026-01-08 13:44:18.274 [INFO] Win32Emu.Emulator: [IGN_TEAS Loop] Iteration 10555: EIP 0x0041269D→0x004126A1, ESP=0x001FEF68, EBP=0x001FEFFC, EAX=0x00880000, EBX=0x00000000, ECX=0x0043ACA0, EDX=0x0000000A, ESI=0x00880118, EDI=0x00880000
2026-01-08 13:44:18.274 [INFO] Win32Emu.Emulator: [IGN_TEAS Loop] Iteration 10556: EIP 0x004126A1→0x0041269A, ESP=0x001FEF68, EBP=0x001FEFFC, EAX=0x00880000, EBX=0x00000000, ECX=0x0043ACA0, EDX=0x0000000A, ESI=0x00880118, EDI=0x00880000
2026-01-08 13:44:18.274 [INFO] Win32Emu.Emulator: [IGN_TEAS Loop] Iteration 10557: EIP 0x0041269A→0x0041269D, ESP=0x001FEF68, EBP=0x001FEFFC, EAX=0x00880000, EBX=0x00000000, ECX=0x0043ACA0, EDX=0x0000000A, ESI=0x0088011A, EDI=0x00880000
2026-01-08 13:44:18.274 [INFO] Win32Emu.Emulator: [IGN_TEAS Loop] Iteration 10558: EIP 0x0041269D→0x004126A1, ESP=0x001FEF68, EBP=0x001FEFFC, EAX=0x00880000, EBX=0x00000000, ECX=0x0043ACA0, EDX=0x0000000A, ESI=0x0088011A, EDI=0x00880000
2026-01-08 13:44:18.274 [INFO] Win32Emu.Emulator: [IGN_TEAS Loop] Iteration 10559: EIP 0x004126A1→0x0041269A, ESP=0x001FEF68, EBP=0x001FEFFC, EAX=0x00880000, EBX=0x00000000, ECX=0x0043ACA0, EDX=0x0000000A, ESI=0x0088011A, EDI=0x00880000
2026-01-08 13:44:18.274 [INFO] Win32Emu.Emulator: [IGN_TEAS Loop] Iteration 10560: EIP 0x0041269A→0x0041269D, ESP=0x001FEF68, EBP=0x001FEFFC, EAX=0x00880000, EBX=0x00000000, ECX=0x0043ACA0, EDX=0x0000000A, ESI=0x0088011C, EDI=0x00880000
2026-01-08 13:44:18.274 [INFO] Win32Emu.Emulator: [IGN_TEAS Loop] Iteration 10561: EIP 0x0041269D→0x004126A1, ESP=0x001FEF68, EBP=0x001FEFFC, EAX=0x00880000, EBX=0x00000000, ECX=0x0043ACA0, EDX=0x0000000A, ESI=0x0088011C, EDI=0x00880000
2026-01-08 13:44:18.274 [INFO] Win32Emu.Emulator: [IGN_TEAS Loop] Iteration 10562: EIP 0x004126A1→0x0041269A, ESP=0x001FEF68, EBP=0x001FEFFC, EAX=0x00880000, EBX=0x00000000, ECX=0x0043ACA0, EDX=0x0000000A, ESI=0x0088011C, EDI=0x00880000
2026-01-08 13:44:18.274 [INFO] Win32Emu.Emulator: [IGN_TEAS Loop] Iteration 10563: EIP 0x0041269A→0x0041269D, ESP=0x001FEF68, EBP=0x001FEFFC, EAX=0x00880000, EBX=0x00000000, ECX=0x0043ACA0, EDX=0x0000000A, ESI=0x0088011E, EDI=0x00880000
2026-01-08 13:44:18.274 [INFO] Win32Emu.Emulator: [IGN_TEAS Loop] Iteration 10564: EIP 0x0041269D→0x004126A1, ESP=0x001FEF68, EBP=0x001FEFFC, EAX=0x00880000, EBX=0x00000000, ECX=0x0043ACA0, EDX=0x0000000A, ESI=0x0088011E, EDI=0x00880000
2026-01-08 13:44:18.274 [INFO] Win32Emu.Emulator: [IGN_TEAS Loop] Iteration 10565: EIP 0x004126A1→0x0041269A, ESP=0x001FEF68, EBP=0x001FEFFC, EAX=0x00880000, EBX=0x00000000, ECX=0x0043ACA0, EDX=0x0000000A, ESI=0x0088011E, EDI=0x00880000
2026-01-08 13:44:18.274 [INFO] Win32Emu.Emulator: [IGN_TEAS Loop] Iteration 10566: EIP 0x0041269A→0x0041269D, ESP=0x001FEF68, EBP=0x001FEFFC, EAX=0x00880000, EBX=0x00000000, ECX=0x0043ACA0, EDX=0x0000000A, ESI=0x00880120, EDI=0x00880000
2026-01-08 13:44:18.274 [INFO] Win32Emu.Emulator: [IGN_TEAS Loop] Iteration 10567: EIP 0x0041269D→0x004126A1, ESP=0x001FEF68, EBP=0x001FEFFC, EAX=0x00880000, EBX=0x00000000, ECX=0x0043ACA0, EDX=0x0000000A, ESI=0x00880120, EDI=0x00880000
2026-01-08 13:44:18.274 [INFO] Win32Emu.Emulator: [IGN_TEAS Loop] Iteration 10568: EIP 0x004126A1→0x0041269A, ESP=0x001FEF68, EBP=0x001FEFFC, EAX=0x00880000, EBX=0x00000000, ECX=0x0043ACA0, EDX=0x0000000A, ESI=0x00880120, EDI=0x00880000
2026-01-08 13:44:18.274 [INFO] Win32Emu.Emulator: [IGN_TEAS Loop] Iteration 10569: EIP 0x0041269A→0x0041269D, ESP=0x001FEF68, EBP=0x001FEFFC, EAX=0x00880000, EBX=0x00000000, ECX=0x0043ACA0, EDX=0x0000000A, ESI=0x00880122, EDI=0x00880000
2026-01-08 13:44:18.274 [INFO] Win32Emu.Emulator: [IGN_TEAS Loop] Iteration 10570: EIP 0x0041269D→0x004126A1, ESP=0x001FEF68, EBP=0x001FEFFC, EAX=0x00880000, EBX=0x00000000, ECX=0x0043ACA0, EDX=0x0000000A, ESI=0x00880122, EDI=0x00880000
2026-01-08 13:44:18.274 [INFO] Win32Emu.Emulator: [IGN_TEAS Loop] Iteration 10571: EIP 0x004126A1→0x0041269A, ESP=0x001FEF68, EBP=0x001FEFFC, EAX=0x00880000, EBX=0x00000000, ECX=0x0043ACA0, EDX=0x0000000A, ESI=0x00880122, EDI=0x00880000
2026-01-08 13:44:18.274 [INFO] Win32Emu.Emulator: [IGN_TEAS Loop] Iteration 10572: EIP 0x0041269A→0x0041269D, ESP=0x001FEF68, EBP=0x001FEFFC, EAX=0x00880000, EBX=0x00000000, ECX=0x0043ACA0, EDX=0x0000000A, ESI=0x00880124, EDI=0x00880000
2026-01-08 13:44:18.274 [INFO] Win32Emu.Emulator: [IGN_TEAS Loop] Iteration 10573: EIP 0x0041269D→0x004126A1, ESP=0x001FEF68, EBP=0x001FEFFC, EAX=0x00880000, EBX=0x00000000, ECX=0x0043ACA0, EDX=0x0000000A, ESI=0x00880124, EDI=0x00880000
2026-01-08 13:44:18.274 [INFO] Win32Emu.Emulator: [IGN_TEAS Loop] Iteration 10574: EIP 0x004126A1→0x0041269A, ESP=0x001FEF68, EBP=0x001FEFFC, EAX=0x00880000, EBX=0x00000000, ECX=0x0043ACA0, EDX=0x0000000A, ESI=0x00880124, EDI=0x00880000
2026-01-08 13:44:18.274 [INFO] Win32Emu.Emulator: [IGN_TEAS Loop] Iteration 10575: EIP 0x0041269A→0x0041269D, ESP=0x001FEF68, EBP=0x001FEFFC, EAX=0x00880000, EBX=0x00000000, ECX=0x0043ACA0, EDX=0x0000000A, ESI=0x00880126, EDI=0x00880000
2026-01-08 13:44:18.274 [INFO] Win32Emu.Emulator: [IGN_TEAS Loop] Iteration 10576: EIP 0x0041269D→0x004126A1, ESP=0x001FEF68, EBP=0x001FEFFC, EAX=0x00880000, EBX=0x00000000, ECX=0x0043ACA0, EDX=0x0000000A, ESI=0x00880126, EDI=0x00880000
2026-01-08 13:44:18.274 [INFO] Win32Emu.Emulator: [IGN_TEAS Loop] Iteration 10577: EIP 0x004126A1→0x0041269A, ESP=0x001FEF68, EBP=0x001FEFFC, EAX=0x00880000, EBX=0x00000000, ECX=0x0043ACA0, EDX=0x0000000A, ESI=0x00880126, EDI=0x00880000
2026-01-08 13:44:18.274 [INFO] Win32Emu.Emulator: [IGN_TEAS Loop] Iteration 10578: EIP 0x0041269A→0x0041269D, ESP=0x001FEF68, EBP=0x001FEFFC, EAX=0x00880000, EBX=0x00000000, ECX=0x0043ACA0, EDX=0x0000000A, ESI=0x00880128, EDI=0x00880000
2026-01-08 13:44:18.275 [INFO] Win32Emu.Emulator: [IGN_TEAS Loop] Iteration 10579: EIP 0x0041269D→0x004126A1, ESP=0x001FEF68, EBP=0x001FEFFC, EAX=0x00880000, EBX=0x00000000, ECX=0x0043ACA0, EDX=0x0000000A, ESI=0x00880128, EDI=0x00880000
2026-01-08 13:44:18.275 [INFO] Win32Emu.Emulator: [IGN_TEAS Loop] Iteration 10580: EIP 0x004126A1→0x0041269A, ESP=0x001FEF68, EBP=0x001FEFFC, EAX=0x00880000, EBX=0x00000000, ECX=0x0043ACA0, EDX=0x0000000A, ESI=0x00880128, EDI=0x00880000
2026-01-08 13:44:18.275 [INFO] Win32Emu.Emulator: [IGN_TEAS Loop] Iteration 10581: EIP 0x0041269A→0x0041269D, ESP=0x001FEF68, EBP=0x001FEFFC, EAX=0x00880000, EBX=0x00000000, ECX=0x0043ACA0, EDX=0x0000000A, ESI=0x0088012A, EDI=0x00880000
2026-01-08 13:44:18.275 [INFO] Win32Emu.Emulator: [IGN_TEAS Loop] Iteration 10582: EIP 0x0041269D→0x004126A1, ESP=0x001FEF68, EBP=0x001FEFFC, EAX=0x00880000, EBX=0x00000000, ECX=0x0043ACA0, EDX=0x0000000A, ESI=0x0088012A, EDI=0x00880000
2026-01-08 13:44:18.275 [INFO] Win32Emu.Emulator: [IGN_TEAS Loop] Iteration 10583: EIP 0x004126A1→0x004126A3, ESP=0x001FEF68, EBP=0x001FEFFC, EAX=0x00880000, EBX=0x00000000, ECX=0x0043ACA0, EDX=0x0000000A, ESI=0x0088012A, EDI=0x00880000
2026-01-08 13:44:18.275 [INFO] Win32Emu.Emulator: [IGN_TEAS Loop] Iteration 10584: EIP 0x004126A3→0x004126A6, ESP=0x001FEF68, EBP=0x001FEFFC, EAX=0x00880000, EBX=0x00000000, ECX=0x0043ACA0, EDX=0x0000000A, ESI=0x0088012C, EDI=0x00880000
2026-01-08 13:44:18.275 [INFO] Win32Emu.Emulator: [IGN_TEAS Loop] Iteration 10585: EIP 0x004126A6→0x004126AA, ESP=0x001FEF68, EBP=0x001FEFFC, EAX=0x00880000, EBX=0x00000000, ECX=0x0043ACA0, EDX=0x0000000A, ESI=0x0088012C, EDI=0x00880000
2026-01-08 13:44:18.275 [INFO] Win32Emu.Emulator: [IGN_TEAS Loop] Iteration 10586: EIP 0x004126AA→0x0041269A, ESP=0x001FEF68, EBP=0x001FEFFC, EAX=0x00880000, EBX=0x00000000, ECX=0x0043ACA0, EDX=0x0000000A, ESI=0x0088012C, EDI=0x00880000
2026-01-08 13:44:18.275 [INFO] Win32Emu.Emulator: [IGN_TEAS Loop] Iteration 10587: EIP 0x0041269A→0x0041269D, ESP=0x001FEF68, EBP=0x001FEFFC, EAX=0x00880000, EBX=0x00000000, ECX=0x0043ACA0, EDX=0x0000000A, ESI=0x0088012E, EDI=0x00880000
2026-01-08 13:44:18.275 [INFO] Win32Emu.Emulator: [IGN_TEAS Loop] Iteration 10588: EIP 0x0041269D→0x004126A1, ESP=0x001FEF68, EBP=0x001FEFFC, EAX=0x00880000, EBX=0x00000000, ECX=0x0043ACA0, EDX=0x0000000A, ESI=0x0088012E, EDI=0x00880000
2026-01-08 13:44:18.275 [INFO] Win32Emu.Emulator: [IGN_TEAS Loop] Iteration 10589: EIP 0x004126A1→0x0041269A, ESP=0x001FEF68, EBP=0x001FEFFC, EAX=0x00880000, EBX=0x00000000, ECX=0x0043ACA0, EDX=0x0000000A, ESI=0x0088012E, EDI=0x00880000
2026-01-08 13:44:18.275 [INFO] Win32Emu.Emulator: [IGN_TEAS Loop] Iteration 10590: EIP 0x0041269A→0x0041269D, ESP=0x001FEF68, EBP=0x001FEFFC, EAX=0x00880000, EBX=0x00000000, ECX=0x0043ACA0, EDX=0x0000000A, ESI=0x00880130, EDI=0x00880000
2026-01-08 13:44:18.275 [INFO] Win32Emu.Emulator: [IGN_TEAS Loop] Iteration 10591: EIP 0x0041269D→0x004126A1, ESP=0x001FEF68, EBP=0x001FEFFC, EAX=0x00880000, EBX=0x00000000, ECX=0x0043ACA0, EDX=0x0000000A, ESI=0x00880130, EDI=0x00880000
2026-01-08 13:44:18.275 [INFO] Win32Emu.Emulator: [IGN_TEAS Loop] Iteration 10592: EIP 0x004126A1→0x0041269A, ESP=0x001FEF68, EBP=0x001FEFFC, EAX=0x00880000, EBX=0x00000000, ECX=0x0043ACA0, EDX=0x0000000A, ESI=0x00880130, EDI=0x00880000
2026-01-08 13:44:18.275 [INFO] Win32Emu.Emulator: [IGN_TEAS Loop] Iteration 10593: EIP 0x0041269A→0x0041269D, ESP=0x001FEF68, EBP=0x001FEFFC, EAX=0x00880000, EBX=0x00000000, ECX=0x0043ACA0, EDX=0x0000000A, ESI=0x00880132, EDI=0x00880000
2026-01-08 13:44:18.275 [INFO] Win32Emu.Emulator: [IGN_TEAS Loop] Iteration 10594: EIP 0x0041269D→0x004126A1, ESP=0x001FEF68, EBP=0x001FEFFC, EAX=0x00880000, EBX=0x00000000, ECX=0x0043ACA0, EDX=0x0000000A, ESI=0x00880132, EDI=0x00880000
2026-01-08 13:44:18.275 [INFO] Win32Emu.Emulator: [IGN_TEAS Loop] Iteration 10595: EIP 0x004126A1→0x0041269A, ESP=0x001FEF68, EBP=0x001FEFFC, EAX=0x00880000, EBX=0x00000000, ECX=0x0043ACA0, EDX=0x0000000A, ESI=0x00880132, EDI=0x00880000
2026-01-08 13:44:18.275 [INFO] Win32Emu.Emulator: [IGN_TEAS Loop] Iteration 10596: EIP 0x0041269A→0x0041269D, ESP=0x001FEF68, EBP=0x001FEFFC, EAX=0x00880000, EBX=0x00000000, ECX=0x0043ACA0, EDX=0x0000000A, ESI=0x00880134, EDI=0x00880000
2026-01-08 13:44:18.275 [INFO] Win32Emu.Emulator: [IGN_TEAS Loop] Iteration 10597: EIP 0x0041269D→0x004126A1, ESP=0x001FEF68, EBP=0x001FEFFC, EAX=0x00880000, EBX=0x00000000, ECX=0x0043ACA0, EDX=0x0000000A, ESI=0x00880134, EDI=0x00880000
2026-01-08 13:44:18.275 [INFO] Win32Emu.Emulator: [IGN_TEAS Loop] Iteration 10598: EIP 0x004126A1→0x0041269A, ESP=0x001FEF68, EBP=0x001FEFFC, EAX=0x00880000, EBX=0x00000000, ECX=0x0043ACA0, EDX=0x0000000A, ESI=0x00880134, EDI=0x00880000
2026-01-08 13:44:18.275 [INFO] Win32Emu.Emulator: [IGN_TEAS Loop] Iteration 10599: EIP 0x0041269A→0x0041269D, ESP=0x001FEF68, EBP=0x001FEFFC, EAX=0x00880000, EBX=0x00000000, ECX=0x0043ACA0, EDX=0x0000000A, ESI=0x00880136, EDI=0x00880000
2026-01-08 13:44:18.275 [INFO] Win32Emu.Emulator: [IGN_TEAS Loop] Iteration 10600: EIP 0x0041269D→0x004126A1, ESP=0x001FEF68, EBP=0x001FEFFC, EAX=0x00880000, EBX=0x00000000, ECX=0x0043ACA0, EDX=0x0000000A, ESI=0x00880136, EDI=0x00880000
2026-01-08 13:44:18.275 [INFO] Win32Emu.Emulator: [IGN_TEAS Loop] Iteration 10601: EIP 0x004126A1→0x0041269A, ESP=0x001FEF68, EBP=0x001FEFFC, EAX=0x00880000, EBX=0x00000000, ECX=0x0043ACA0, EDX=0x0000000A, ESI=0x00880136, EDI=0x00880000
2026-01-08 13:44:18.275 [INFO] Win32Emu.Emulator: [IGN_TEAS Loop] Iteration 10602: EIP 0x0041269A→0x0041269D, ESP=0x001FEF68, EBP=0x001FEFFC, EAX=0x00880000, EBX=0x00000000, ECX=0x0043ACA0, EDX=0x0000000A, ESI=0x00880138, EDI=0x00880000
2026-01-08 13:44:18.275 [INFO] Win32Emu.Emulator: [IGN_TEAS Loop] Iteration 10603: EIP 0x0041269D→0x004126A1, ESP=0x001FEF68, EBP=0x001FEFFC, EAX=0x00880000, EBX=0x00000000, ECX=0x0043ACA0, EDX=0x0000000A, ESI=0x00880138, EDI=0x00880000
2026-01-08 13:44:18.275 [INFO] Win32Emu.Emulator: [IGN_TEAS Loop] Iteration 10604: EIP 0x004126A1→0x0041269A, ESP=0x001FEF68, EBP=0x001FEFFC, EAX=0x00880000, EBX=0x00000000, ECX=0x0043ACA0, EDX=0x0000000A, ESI=0x00880138, EDI=0x00880000
2026-01-08 13:44:18.275 [INFO] Win32Emu.Emulator: [IGN_TEAS Loop] Iteration 10605: EIP 0x0041269A→0x0041269D, ESP=0x001FEF68, EBP=0x001FEFFC, EAX=0x00880000, EBX=0x00000000, ECX=0x0043ACA0, EDX=0x0000000A, ESI=0x0088013A, EDI=0x00880000
2026-01-08 13:44:18.275 [INFO] Win32Emu.Emulator: [IGN_TEAS Loop] Iteration 10606: EIP 0x0041269D→0x004126A1, ESP=0x001FEF68, EBP=0x001FEFFC, EAX=0x00880000, EBX=0x00000000, ECX=0x0043ACA0, EDX=0x0000000A, ESI=0x0088013A, EDI=0x00880000
2026-01-08 13:44:18.275 [INFO] Win32Emu.Emulator: [IGN_TEAS Loop] Iteration 10607: EIP 0x004126A1→0x0041269A, ESP=0x001FEF68, EBP=0x001FEFFC, EAX=0x00880000, EBX=0x00000000, ECX=0x0043ACA0, EDX=0x0000000A, ESI=0x0088013A, EDI=0x00880000
2026-01-08 13:44:18.275 [INFO] Win32Emu.Emulator: [IGN_TEAS Loop] Iteration 10608: EIP 0x0041269A→0x0041269D, ESP=0x001FEF68, EBP=0x001FEFFC, EAX=0x00880000, EBX=0x00000000, ECX=0x0043ACA0, EDX=0x0000000A, ESI=0x0088013C, EDI=0x00880000
2026-01-08 13:44:18.275 [INFO] Win32Emu.Emulator: [IGN_TEAS Loop] Iteration 10609: EIP 0x0041269D→0x004126A1, ESP=0x001FEF68, EBP=0x001FEFFC, EAX=0x00880000, EBX=0x00000000, ECX=0x0043ACA0, EDX=0x0000000A, ESI=0x0088013C, EDI=0x00880000
2026-01-08 13:44:18.275 [INFO] Win32Emu.Emulator: [IGN_TEAS Loop] Iteration 10610: EIP 0x004126A1→0x0041269A, ESP=0x001FEF68, EBP=0x001FEFFC, EAX=0x00880000, EBX=0x00000000, ECX=0x0043ACA0, EDX=0x0000000A, ESI=0x0088013C, EDI=0x00880000
2026-01-08 13:44:18.276 [INFO] Win32Emu.Emulator: [IGN_TEAS Loop] Iteration 10611: EIP 0x0041269A→0x0041269D, ESP=0x001FEF68, EBP=0x001FEFFC, EAX=0x00880000, EBX=0x00000000, ECX=0x0043ACA0, EDX=0x0000000A, ESI=0x0088013E, EDI=0x00880000
2026-01-08 13:44:18.276 [INFO] Win32Emu.Emulator: [IGN_TEAS Loop] Iteration 10612: EIP 0x0041269D→0x004126A1, ESP=0x001FEF68, EBP=0x001FEFFC, EAX=0x00880000, EBX=0x00000000, ECX=0x0043ACA0, EDX=0x0000000A, ESI=0x0088013E, EDI=0x00880000
2026-01-08 13:44:18.276 [INFO] Win32Emu.Emulator: [IGN_TEAS Loop] Iteration 10613: EIP 0x004126A1→0x0041269A, ESP=0x001FEF68, EBP=0x001FEFFC, EAX=0x00880000, EBX=0x00000000, ECX=0x0043ACA0, EDX=0x0000000A, ESI=0x0088013E, EDI=0x00880000
2026-01-08 13:44:18.276 [INFO] Win32Emu.Emulator: [IGN_TEAS Loop] Iteration 10614: EIP 0x0041269A→0x0041269D, ESP=0x001FEF68, EBP=0x001FEFFC, EAX=0x00880000, EBX=0x00000000, ECX=0x0043ACA0, EDX=0x0000000A, ESI=0x00880140, EDI=0x00880000
2026-01-08 13:44:18.276 [INFO] Win32Emu.Emulator: [IGN_TEAS Loop] Iteration 10615: EIP 0x0041269D→0x004126A1, ESP=0x001FEF68, EBP=0x001FEFFC, EAX=0x00880000, EBX=0x00000000, ECX=0x0043ACA0, EDX=0x0000000A, ESI=0x00880140, EDI=0x00880000
2026-01-08 13:44:18.276 [INFO] Win32Emu.Emulator: [IGN_TEAS Loop] Iteration 10616: EIP 0x004126A1→0x0041269A, ESP=0x001FEF68, EBP=0x001FEFFC, EAX=0x00880000, EBX=0x00000000, ECX=0x0043ACA0, EDX=0x0000000A, ESI=0x00880140, EDI=0x00880000
2026-01-08 13:44:18.276 [INFO] Win32Emu.Emulator: [IGN_TEAS Loop] Iteration 10617: EIP 0x0041269A→0x0041269D, ESP=0x001FEF68, EBP=0x001FEFFC, EAX=0x00880000, EBX=0x00000000, ECX=0x0043ACA0, EDX=0x0000000A, ESI=0x00880142, EDI=0x00880000
2026-01-08 13:44:18.276 [INFO] Win32Emu.Emulator: [IGN_TEAS Loop] Iteration 10618: EIP 0x0041269D→0x004126A1, ESP=0x001FEF68, EBP=0x001FEFFC, EAX=0x00880000, EBX=0x00000000, ECX=0x0043ACA0, EDX=0x0000000A, ESI=0x00880142, EDI=0x00880000
2026-01-08 13:44:18.276 [INFO] Win32Emu.Emulator: [IGN_TEAS Loop] Iteration 10619: EIP 0x004126A1→0x0041269A, ESP=0x001FEF68, EBP=0x001FEFFC, EAX=0x00880000, EBX=0x00000000, ECX=0x0043ACA0, EDX=0x0000000A, ESI=0x00880142, EDI=0x00880000
2026-01-08 13:44:18.276 [INFO] Win32Emu.Emulator: [IGN_TEAS Loop] Iteration 10620: EIP 0x0041269A→0x0041269D, ESP=0x001FEF68, EBP=0x001FEFFC, EAX=0x00880000, EBX=0x00000000, ECX=0x0043ACA0, EDX=0x0000000A, ESI=0x00880144, EDI=0x00880000
2026-01-08 13:44:18.276 [INFO] Win32Emu.Emulator: [IGN_TEAS Loop] Iteration 10621: EIP 0x0041269D→0x004126A1, ESP=0x001FEF68, EBP=0x001FEFFC, EAX=0x00880000, EBX=0x00000000, ECX=0x0043ACA0, EDX=0x0000000A, ESI=0x00880144, EDI=0x00880000
2026-01-08 13:44:18.276 [INFO] Win32Emu.Emulator: [IGN_TEAS Loop] Iteration 10622: EIP 0x004126A1→0x0041269A, ESP=0x001FEF68, EBP=0x001FEFFC, EAX=0x00880000, EBX=0x00000000, ECX=0x0043ACA0, EDX=0x0000000A, ESI=0x00880144, EDI=0x00880000
2026-01-08 13:44:18.276 [INFO] Win32Emu.Emulator: [IGN_TEAS Loop] Iteration 10623: EIP 0x0041269A→0x0041269D, ESP=0x001FEF68, EBP=0x001FEFFC, EAX=0x00880000, EBX=0x00000000, ECX=0x0043ACA0, EDX=0x0000000A, ESI=0x00880146, EDI=0x00880000
2026-01-08 13:44:18.276 [INFO] Win32Emu.Emulator: [IGN_TEAS Loop] Iteration 10624: EIP 0x0041269D→0x004126A1, ESP=0x001FEF68, EBP=0x001FEFFC, EAX=0x00880000, EBX=0x00000000, ECX=0x0043ACA0, EDX=0x0000000A, ESI=0x00880146, EDI=0x00880000
2026-01-08 13:44:18.276 [INFO] Win32Emu.Emulator: [IGN_TEAS Loop] Iteration 10625: EIP 0x004126A1→0x0041269A, ESP=0x001FEF68, EBP=0x001FEFFC, EAX=0x00880000, EBX=0x00000000, ECX=0x0043ACA0, EDX=0x0000000A, ESI=0x00880146, EDI=0x00880000
2026-01-08 13:44:18.276 [INFO] Win32Emu.Emulator: [IGN_TEAS Loop] Iteration 10626: EIP 0x0041269A→0x0041269D, ESP=0x001FEF68, EBP=0x001FEFFC, EAX=0x00880000, EBX=0x00000000, ECX=0x0043ACA0, EDX=0x0000000A, ESI=0x00880148, EDI=0x00880000
2026-01-08 13:44:18.276 [INFO] Win32Emu.Emulator: [IGN_TEAS Loop] Iteration 10627: EIP 0x0041269D→0x004126A1, ESP=0x001FEF68, EBP=0x001FEFFC, EAX=0x00880000, EBX=0x00000000, ECX=0x0043ACA0, EDX=0x0000000A, ESI=0x00880148, EDI=0x00880000
2026-01-08 13:44:18.276 [INFO] Win32Emu.Emulator: [IGN_TEAS Loop] Iteration 10628: EIP 0x004126A1→0x0041269A, ESP=0x001FEF68, EBP=0x001FEFFC, EAX=0x00880000, EBX=0x00000000, ECX=0x0043ACA0, EDX=0x0000000A, ESI=0x00880148, EDI=0x00880000
2026-01-08 13:44:18.276 [INFO] Win32Emu.Emulator: [IGN_TEAS Loop] Iteration 10629: EIP 0x0041269A→0x0041269D, ESP=0x001FEF68, EBP=0x001FEFFC, EAX=0x00880000, EBX=0x00000000, ECX=0x0043ACA0, EDX=0x0000000A, ESI=0x0088014A, EDI=0x00880000
2026-01-08 13:44:18.276 [INFO] Win32Emu.Emulator: [IGN_TEAS Loop] Iteration 10630: EIP 0x0041269D→0x004126A1, ESP=0x001FEF68, EBP=0x001FEFFC, EAX=0x00880000, EBX=0x00000000, ECX=0x0043ACA0, EDX=0x0000000A, ESI=0x0088014A, EDI=0x00880000
2026-01-08 13:44:18.276 [INFO] Win32Emu.Emulator: [IGN_TEAS Loop] Iteration 10631: EIP 0x004126A1→0x0041269A, ESP=0x001FEF68, EBP=0x001FEFFC, EAX=0x00880000, EBX=0x00000000, ECX=0x0043ACA0, EDX=0x0000000A, ESI=0x0088014A, EDI=0x00880000
2026-01-08 13:44:18.276 [INFO] Win32Emu.Emulator: [IGN_TEAS Loop] Iteration 10632: EIP 0x0041269A→0x0041269D, ESP=0x001FEF68, EBP=0x001FEFFC, EAX=0x00880000, EBX=0x00000000, ECX=0x0043ACA0, EDX=0x0000000A, ESI=0x0088014C, EDI=0x00880000
2026-01-08 13:44:18.276 [INFO] Win32Emu.Emulator: [IGN_TEAS Loop] Iteration 10633: EIP 0x0041269D→0x004126A1, ESP=0x001FEF68, EBP=0x001FEFFC, EAX=0x00880000, EBX=0x00000000, ECX=0x0043ACA0, EDX=0x0000000A, ESI=0x0088014C, EDI=0x00880000
2026-01-08 13:44:18.276 [INFO] Win32Emu.Emulator: [IGN_TEAS Loop] Iteration 10634: EIP 0x004126A1→0x0041269A, ESP=0x001FEF68, EBP=0x001FEFFC, EAX=0x00880000, EBX=0x00000000, ECX=0x0043ACA0, EDX=0x0000000A, ESI=0x0088014C, EDI=0x00880000
2026-01-08 13:44:18.276 [INFO] Win32Emu.Emulator: [IGN_TEAS Loop] Iteration 10635: EIP 0x0041269A→0x0041269D, ESP=0x001FEF68, EBP=0x001FEFFC, EAX=0x00880000, EBX=0x00000000, ECX=0x0043ACA0, EDX=0x0000000A, ESI=0x0088014E, EDI=0x00880000
2026-01-08 13:44:18.276 [INFO] Win32Emu.Emulator: [IGN_TEAS Loop] Iteration 10636: EIP 0x0041269D→0x004126A1, ESP=0x001FEF68, EBP=0x001FEFFC, EAX=0x00880000, EBX=0x00000000, ECX=0x0043ACA0, EDX=0x0000000A, ESI=0x0088014E, EDI=0x00880000
2026-01-08 13:44:18.276 [INFO] Win32Emu.Emulator: [IGN_TEAS Loop] Iteration 10637: EIP 0x004126A1→0x0041269A, ESP=0x001FEF68, EBP=0x001FEFFC, EAX=0x00880000, EBX=0x00000000, ECX=0x0043ACA0, EDX=0x0000000A, ESI=0x0088014E, EDI=0x00880000
2026-01-08 13:44:18.276 [INFO] Win32Emu.Emulator: [IGN_TEAS Loop] Iteration 10638: EIP 0x0041269A→0x0041269D, ESP=0x001FEF68, EBP=0x001FEFFC, EAX=0x00880000, EBX=0x00000000, ECX=0x0043ACA0, EDX=0x0000000A, ESI=0x00880150, EDI=0x00880000
2026-01-08 13:44:18.276 [INFO] Win32Emu.Emulator: [IGN_TEAS Loop] Iteration 10639: EIP 0x0041269D→0x004126A1, ESP=0x001FEF68, EBP=0x001FEFFC, EAX=0x00880000, EBX=0x00000000, ECX=0x0043ACA0, EDX=0x0000000A, ESI=0x00880150, EDI=0x00880000
2026-01-08 13:44:18.276 [INFO] Win32Emu.Emulator: [IGN_TEAS Loop] Iteration 10640: EIP 0x004126A1→0x0041269A, ESP=0x001FEF68, EBP=0x001FEFFC, EAX=0x00880000, EBX=0x00000000, ECX=0x0043ACA0, EDX=0x0000000A, ESI=0x00880150, EDI=0x00880000
2026-01-08 13:44:18.276 [INFO] Win32Emu.Emulator: [IGN_TEAS Loop] Iteration 10641: EIP 0x0041269A→0x0041269D, ESP=0x001FEF68, EBP=0x001FEFFC, EAX=0x00880000, EBX=0x00000000, ECX=0x0043ACA0, EDX=0x0000000A, ESI=0x00880152, EDI=0x00880000
2026-01-08 13:44:18.277 [INFO] Win32Emu.Emulator: [IGN_TEAS Loop] Iteration 10642: EIP 0x0041269D→0x004126A1, ESP=0x001FEF68, EBP=0x001FEFFC, EAX=0x00880000, EBX=0x00000000, ECX=0x0043ACA0, EDX=0x0000000A, ESI=0x00880152, EDI=0x00880000
2026-01-08 13:44:18.277 [INFO] Win32Emu.Emulator: [IGN_TEAS Loop] Iteration 10643: EIP 0x004126A1→0x0041269A, ESP=0x001FEF68, EBP=0x001FEFFC, EAX=0x00880000, EBX=0x00000000, ECX=0x0043ACA0, EDX=0x0000000A, ESI=0x00880152, EDI=0x00880000
2026-01-08 13:44:18.277 [INFO] Win32Emu.Emulator: [IGN_TEAS Loop] Iteration 10644: EIP 0x0041269A→0x0041269D, ESP=0x001FEF68, EBP=0x001FEFFC, EAX=0x00880000, EBX=0x00000000, ECX=0x0043ACA0, EDX=0x0000000A, ESI=0x00880154, EDI=0x00880000
2026-01-08 13:44:18.277 [INFO] Win32Emu.Emulator: [IGN_TEAS Loop] Iteration 10645: EIP 0x0041269D→0x004126A1, ESP=0x001FEF68, EBP=0x001FEFFC, EAX=0x00880000, EBX=0x00000000, ECX=0x0043ACA0, EDX=0x0000000A, ESI=0x00880154, EDI=0x00880000
2026-01-08 13:44:18.277 [INFO] Win32Emu.Emulator: [IGN_TEAS Loop] Iteration 10646: EIP 0x004126A1→0x0041269A, ESP=0x001FEF68, EBP=0x001FEFFC, EAX=0x00880000, EBX=0x00000000, ECX=0x0043ACA0, EDX=0x0000000A, ESI=0x00880154, EDI=0x00880000
2026-01-08 13:44:18.277 [INFO] Win32Emu.Emulator: [IGN_TEAS Loop] Iteration 10647: EIP 0x0041269A→0x0041269D, ESP=0x001FEF68, EBP=0x001FEFFC, EAX=0x00880000, EBX=0x00000000, ECX=0x0043ACA0, EDX=0x0000000A, ESI=0x00880156, EDI=0x00880000
2026-01-08 13:44:18.277 [INFO] Win32Emu.Emulator: [IGN_TEAS Loop] Iteration 10648: EIP 0x0041269D→0x004126A1, ESP=0x001FEF68, EBP=0x001FEFFC, EAX=0x00880000, EBX=0x00000000, ECX=0x0043ACA0, EDX=0x0000000A, ESI=0x00880156, EDI=0x00880000
2026-01-08 13:44:18.277 [INFO] Win32Emu.Emulator: [IGN_TEAS Loop] Iteration 10649: EIP 0x004126A1→0x0041269A, ESP=0x001FEF68, EBP=0x001FEFFC, EAX=0x00880000, EBX=0x00000000, ECX=0x0043ACA0, EDX=0x0000000A, ESI=0x00880156, EDI=0x00880000
2026-01-08 13:44:18.277 [INFO] Win32Emu.Emulator: [IGN_TEAS Loop] Iteration 10650: EIP 0x0041269A→0x0041269D, ESP=0x001FEF68, EBP=0x001FEFFC, EAX=0x00880000, EBX=0x00000000, ECX=0x0043ACA0, EDX=0x0000000A, ESI=0x00880158, EDI=0x00880000
2026-01-08 13:44:18.277 [INFO] Win32Emu.Emulator: [IGN_TEAS Loop] Iteration 10651: EIP 0x0041269D→0x004126A1, ESP=0x001FEF68, EBP=0x001FEFFC, EAX=0x00880000, EBX=0x00000000, ECX=0x0043ACA0, EDX=0x0000000A, ESI=0x00880158, EDI=0x00880000
2026-01-08 13:44:18.277 [INFO] Win32Emu.Emulator: [IGN_TEAS Loop] Iteration 10652: EIP 0x004126A1→0x0041269A, ESP=0x001FEF68, EBP=0x001FEFFC, EAX=0x00880000, EBX=0x00000000, ECX=0x0043ACA0, EDX=0x0000000A, ESI=0x00880158, EDI=0x00880000
2026-01-08 13:44:18.277 [INFO] Win32Emu.Emulator: [IGN_TEAS Loop] Iteration 10653: EIP 0x0041269A→0x0041269D, ESP=0x001FEF68, EBP=0x001FEFFC, EAX=0x00880000, EBX=0x00000000, ECX=0x0043ACA0, EDX=0x0000000A, ESI=0x0088015A, EDI=0x00880000
2026-01-08 13:44:18.277 [INFO] Win32Emu.Emulator: [IGN_TEAS Loop] Iteration 10654: EIP 0x0041269D→0x004126A1, ESP=0x001FEF68, EBP=0x001FEFFC, EAX=0x00880000, EBX=0x00000000, ECX=0x0043ACA0, EDX=0x0000000A, ESI=0x0088015A, EDI=0x00880000
2026-01-08 13:44:18.277 [INFO] Win32Emu.Emulator: [IGN_TEAS Loop] Iteration 10655: EIP 0x004126A1→0x0041269A, ESP=0x001FEF68, EBP=0x001FEFFC, EAX=0x00880000, EBX=0x00000000, ECX=0x0043ACA0, EDX=0x0000000A, ESI=0x0088015A, EDI=0x00880000
2026-01-08 13:44:18.277 [INFO] Win32Emu.Emulator: [IGN_TEAS Loop] Iteration 10656: EIP 0x0041269A→0x0041269D, ESP=0x001FEF68, EBP=0x001FEFFC, EAX=0x00880000, EBX=0x00000000, ECX=0x0043ACA0, EDX=0x0000000A, ESI=0x0088015C, EDI=0x00880000
2026-01-08 13:44:18.277 [INFO] Win32Emu.Emulator: [IGN_TEAS Loop] Iteration 10657: EIP 0x0041269D→0x004126A1, ESP=0x001FEF68, EBP=0x001FEFFC, EAX=0x00880000, EBX=0x00000000, ECX=0x0043ACA0, EDX=0x0000000A, ESI=0x0088015C, EDI=0x00880000
2026-01-08 13:44:18.277 [INFO] Win32Emu.Emulator: [IGN_TEAS Loop] Iteration 10658: EIP 0x004126A1→0x0041269A, ESP=0x001FEF68, EBP=0x001FEFFC, EAX=0x00880000, EBX=0x00000000, ECX=0x0043ACA0, EDX=0x0000000A, ESI=0x0088015C, EDI=0x00880000
2026-01-08 13:44:18.277 [INFO] Win32Emu.Emulator: [IGN_TEAS Loop] Iteration 10659: EIP 0x0041269A→0x0041269D, ESP=0x001FEF68, EBP=0x001FEFFC, EAX=0x00880000, EBX=0x00000000, ECX=0x0043ACA0, EDX=0x0000000A, ESI=0x0088015E, EDI=0x00880000
2026-01-08 13:44:18.277 [INFO] Win32Emu.Emulator: [IGN_TEAS Loop] Iteration 10660: EIP 0x0041269D→0x004126A1, ESP=0x001FEF68, EBP=0x001FEFFC, EAX=0x00880000, EBX=0x00000000, ECX=0x0043ACA0, EDX=0x0000000A, ESI=0x0088015E, EDI=0x00880000
2026-01-08 13:44:18.277 [INFO] Win32Emu.Emulator: [IGN_TEAS Loop] Iteration 10661: EIP 0x004126A1→0x0041269A, ESP=0x001FEF68, EBP=0x001FEFFC, EAX=0x00880000, EBX=0x00000000, ECX=0x0043ACA0, EDX=0x0000000A, ESI=0x0088015E, EDI=0x00880000
2026-01-08 13:44:18.277 [INFO] Win32Emu.Emulator: [IGN_TEAS Loop] Iteration 10662: EIP 0x0041269A→0x0041269D, ESP=0x001FEF68, EBP=0x001FEFFC, EAX=0x00880000, EBX=0x00000000, ECX=0x0043ACA0, EDX=0x0000000A, ESI=0x00880160, EDI=0x00880000
2026-01-08 13:44:18.277 [INFO] Win32Emu.Emulator: [IGN_TEAS Loop] Iteration 10663: EIP 0x0041269D→0x004126A1, ESP=0x001FEF68, EBP=0x001FEFFC, EAX=0x00880000, EBX=0x00000000, ECX=0x0043ACA0, EDX=0x0000000A, ESI=0x00880160, EDI=0x00880000
2026-01-08 13:44:18.277 [INFO] Win32Emu.Emulator: [IGN_TEAS Loop] Iteration 10664: EIP 0x004126A1→0x0041269A, ESP=0x001FEF68, EBP=0x001FEFFC, EAX=0x00880000, EBX=0x00000000, ECX=0x0043ACA0, EDX=0x0000000A, ESI=0x00880160, EDI=0x00880000
2026-01-08 13:44:18.277 [INFO] Win32Emu.Emulator: [IGN_TEAS Loop] Iteration 10665: EIP 0x0041269A→0x0041269D, ESP=0x001FEF68, EBP=0x001FEFFC, EAX=0x00880000, EBX=0x00000000, ECX=0x0043ACA0, EDX=0x0000000A, ESI=0x00880162, EDI=0x00880000
2026-01-08 13:44:18.277 [INFO] Win32Emu.Emulator: [IGN_TEAS Loop] Iteration 10666: EIP 0x0041269D→0x004126A1, ESP=0x001FEF68, EBP=0x001FEFFC, EAX=0x00880000, EBX=0x00000000, ECX=0x0043ACA0, EDX=0x0000000A, ESI=0x00880162, EDI=0x00880000
2026-01-08 13:44:18.277 [INFO] Win32Emu.Emulator: [IGN_TEAS Loop] Iteration 10667: EIP 0x004126A1→0x0041269A, ESP=0x001FEF68, EBP=0x001FEFFC, EAX=0x00880000, EBX=0x00000000, ECX=0x0043ACA0, EDX=0x0000000A, ESI=0x00880162, EDI=0x00880000
2026-01-08 13:44:18.277 [INFO] Win32Emu.Emulator: [IGN_TEAS Loop] Iteration 10668: EIP 0x0041269A→0x0041269D, ESP=0x001FEF68, EBP=0x001FEFFC, EAX=0x00880000, EBX=0x00000000, ECX=0x0043ACA0, EDX=0x0000000A, ESI=0x00880164, EDI=0x00880000
2026-01-08 13:44:18.277 [INFO] Win32Emu.Emulator: [IGN_TEAS Loop] Iteration 10669: EIP 0x0041269D→0x004126A1, ESP=0x001FEF68, EBP=0x001FEFFC, EAX=0x00880000, EBX=0x00000000, ECX=0x0043ACA0, EDX=0x0000000A, ESI=0x00880164, EDI=0x00880000
2026-01-08 13:44:18.277 [INFO] Win32Emu.Emulator: [IGN_TEAS Loop] Iteration 10670: EIP 0x004126A1→0x0041269A, ESP=0x001FEF68, EBP=0x001FEFFC, EAX=0x00880000, EBX=0x00000000, ECX=0x0043ACA0, EDX=0x0000000A, ESI=0x00880164, EDI=0x00880000
2026-01-08 13:44:18.277 [INFO] Win32Emu.Emulator: [IGN_TEAS Loop] Iteration 10671: EIP 0x0041269A→0x0041269D, ESP=0x001FEF68, EBP=0x001FEFFC, EAX=0x00880000, EBX=0x00000000, ECX=0x0043ACA0, EDX=0x0000000A, ESI=0x00880166, EDI=0x00880000
2026-01-08 13:44:18.277 [INFO] Win32Emu.Emulator: [IGN_TEAS Loop] Iteration 10672: EIP 0x0041269D→0x004126A1, ESP=0x001FEF68, EBP=0x001FEFFC, EAX=0x00880000, EBX=0x00000000, ECX=0x0043ACA0, EDX=0x0000000A, ESI=0x00880166, EDI=0x00880000
2026-01-08 13:44:18.278 [INFO] Win32Emu.Emulator: [IGN_TEAS Loop] Iteration 10673: EIP 0x004126A1→0x0041269A, ESP=0x001FEF68, EBP=0x001FEFFC, EAX=0x00880000, EBX=0x00000000, ECX=0x0043ACA0, EDX=0x0000000A, ESI=0x00880166, EDI=0x00880000
2026-01-08 13:44:18.278 [INFO] Win32Emu.Emulator: [IGN_TEAS Loop] Iteration 10674: EIP 0x0041269A→0x0041269D, ESP=0x001FEF68, EBP=0x001FEFFC, EAX=0x00880000, EBX=0x00000000, ECX=0x0043ACA0, EDX=0x0000000A, ESI=0x00880168, EDI=0x00880000
2026-01-08 13:44:18.278 [INFO] Win32Emu.Emulator: [IGN_TEAS Loop] Iteration 10675: EIP 0x0041269D→0x004126A1, ESP=0x001FEF68, EBP=0x001FEFFC, EAX=0x00880000, EBX=0x00000000, ECX=0x0043ACA0, EDX=0x0000000A, ESI=0x00880168, EDI=0x00880000
2026-01-08 13:44:18.278 [INFO] Win32Emu.Emulator: [IGN_TEAS Loop] Iteration 10676: EIP 0x004126A1→0x0041269A, ESP=0x001FEF68, EBP=0x001FEFFC, EAX=0x00880000, EBX=0x00000000, ECX=0x0043ACA0, EDX=0x0000000A, ESI=0x00880168, EDI=0x00880000
2026-01-08 13:44:18.278 [INFO] Win32Emu.Emulator: [IGN_TEAS Loop] Iteration 10677: EIP 0x0041269A→0x0041269D, ESP=0x001FEF68, EBP=0x001FEFFC, EAX=0x00880000, EBX=0x00000000, ECX=0x0043ACA0, EDX=0x0000000A, ESI=0x0088016A, EDI=0x00880000
2026-01-08 13:44:18.278 [INFO] Win32Emu.Emulator: [IGN_TEAS Loop] Iteration 10678: EIP 0x0041269D→0x004126A1, ESP=0x001FEF68, EBP=0x001FEFFC, EAX=0x00880000, EBX=0x00000000, ECX=0x0043ACA0, EDX=0x0000000A, ESI=0x0088016A, EDI=0x00880000
2026-01-08 13:44:18.278 [INFO] Win32Emu.Emulator: [IGN_TEAS Loop] Iteration 10679: EIP 0x004126A1→0x0041269A, ESP=0x001FEF68, EBP=0x001FEFFC, EAX=0x00880000, EBX=0x00000000, ECX=0x0043ACA0, EDX=0x0000000A, ESI=0x0088016A, EDI=0x00880000
2026-01-08 13:44:18.278 [INFO] Win32Emu.Emulator: [IGN_TEAS Loop] Iteration 10680: EIP 0x0041269A→0x0041269D, ESP=0x001FEF68, EBP=0x001FEFFC, EAX=0x00880000, EBX=0x00000000, ECX=0x0043ACA0, EDX=0x0000000A, ESI=0x0088016C, EDI=0x00880000
2026-01-08 13:44:18.278 [INFO] Win32Emu.Emulator: [IGN_TEAS Loop] Iteration 10681: EIP 0x0041269D→0x004126A1, ESP=0x001FEF68, EBP=0x001FEFFC, EAX=0x00880000, EBX=0x00000000, ECX=0x0043ACA0, EDX=0x0000000A, ESI=0x0088016C, EDI=0x00880000
2026-01-08 13:44:18.278 [INFO] Win32Emu.Emulator: [IGN_TEAS Loop] Iteration 10682: EIP 0x004126A1→0x0041269A, ESP=0x001FEF68, EBP=0x001FEFFC, EAX=0x00880000, EBX=0x00000000, ECX=0x0043ACA0, EDX=0x0000000A, ESI=0x0088016C, EDI=0x00880000
2026-01-08 13:44:18.278 [INFO] Win32Emu.Emulator: [IGN_TEAS Loop] Iteration 10683: EIP 0x0041269A→0x0041269D, ESP=0x001FEF68, EBP=0x001FEFFC, EAX=0x00880000, EBX=0x00000000, ECX=0x0043ACA0, EDX=0x0000000A, ESI=0x0088016E, EDI=0x00880000
2026-01-08 13:44:18.278 [INFO] Win32Emu.Emulator: [IGN_TEAS Loop] Iteration 10684: EIP 0x0041269D→0x004126A1, ESP=0x001FEF68, EBP=0x001FEFFC, EAX=0x00880000, EBX=0x00000000, ECX=0x0043ACA0, EDX=0x0000000A, ESI=0x0088016E, EDI=0x00880000
2026-01-08 13:44:18.278 [INFO] Win32Emu.Emulator: [IGN_TEAS Loop] Iteration 10685: EIP 0x004126A1→0x0041269A, ESP=0x001FEF68, EBP=0x001FEFFC, EAX=0x00880000, EBX=0x00000000, ECX=0x0043ACA0, EDX=0x0000000A, ESI=0x0088016E, EDI=0x00880000
2026-01-08 13:44:18.278 [INFO] Win32Emu.Emulator: [IGN_TEAS Loop] Iteration 10686: EIP 0x0041269A→0x0041269D, ESP=0x001FEF68, EBP=0x001FEFFC, EAX=0x00880000, EBX=0x00000000, ECX=0x0043ACA0, EDX=0x0000000A, ESI=0x00880170, EDI=0x00880000
2026-01-08 13:44:18.278 [INFO] Win32Emu.Emulator: [IGN_TEAS Loop] Iteration 10687: EIP 0x0041269D→0x004126A1, ESP=0x001FEF68, EBP=0x001FEFFC, EAX=0x00880000, EBX=0x00000000, ECX=0x0043ACA0, EDX=0x0000000A, ESI=0x00880170, EDI=0x00880000
2026-01-08 13:44:18.278 [INFO] Win32Emu.Emulator: [IGN_TEAS Loop] Iteration 10688: EIP 0x004126A1→0x0041269A, ESP=0x001FEF68, EBP=0x001FEFFC, EAX=0x00880000, EBX=0x00000000, ECX=0x0043ACA0, EDX=0x0000000A, ESI=0x00880170, EDI=0x00880000
2026-01-08 13:44:18.278 [INFO] Win32Emu.Emulator: [IGN_TEAS Loop] Iteration 10689: EIP 0x0041269A→0x0041269D, ESP=0x001FEF68, EBP=0x001FEFFC, EAX=0x00880000, EBX=0x00000000, ECX=0x0043ACA0, EDX=0x0000000A, ESI=0x00880172, EDI=0x00880000
2026-01-08 13:44:18.278 [INFO] Win32Emu.Emulator: [IGN_TEAS Loop] Iteration 10690: EIP 0x0041269D→0x004126A1, ESP=0x001FEF68, EBP=0x001FEFFC, EAX=0x00880000, EBX=0x00000000, ECX=0x0043ACA0, EDX=0x0000000A, ESI=0x00880172, EDI=0x00880000
2026-01-08 13:44:18.278 [INFO] Win32Emu.Emulator: [IGN_TEAS Loop] Iteration 10691: EIP 0x004126A1→0x0041269A, ESP=0x001FEF68, EBP=0x001FEFFC, EAX=0x00880000, EBX=0x00000000, ECX=0x0043ACA0, EDX=0x0000000A, ESI=0x00880172, EDI=0x00880000
2026-01-08 13:44:18.278 [INFO] Win32Emu.Emulator: [IGN_TEAS Loop] Iteration 10692: EIP 0x0041269A→0x0041269D, ESP=0x001FEF68, EBP=0x001FEFFC, EAX=0x00880000, EBX=0x00000000, ECX=0x0043ACA0, EDX=0x0000000A, ESI=0x00880174, EDI=0x00880000
2026-01-08 13:44:18.278 [INFO] Win32Emu.Emulator: [IGN_TEAS Loop] Iteration 10693: EIP 0x0041269D→0x004126A1, ESP=0x001FEF68, EBP=0x001FEFFC, EAX=0x00880000, EBX=0x00000000, ECX=0x0043ACA0, EDX=0x0000000A, ESI=0x00880174, EDI=0x00880000
2026-01-08 13:44:18.278 [INFO] Win32Emu.Emulator: [IGN_TEAS Loop] Iteration 10694: EIP 0x004126A1→0x0041269A, ESP=0x001FEF68, EBP=0x001FEFFC, EAX=0x00880000, EBX=0x00000000, ECX=0x0043ACA0, EDX=0x0000000A, ESI=0x00880174, EDI=0x00880000
2026-01-08 13:44:18.278 [INFO] Win32Emu.Emulator: [IGN_TEAS Loop] Iteration 10695: EIP 0x0041269A→0x0041269D, ESP=0x001FEF68, EBP=0x001FEFFC, EAX=0x00880000, EBX=0x00000000, ECX=0x0043ACA0, EDX=0x0000000A, ESI=0x00880176, EDI=0x00880000
2026-01-08 13:44:18.278 [INFO] Win32Emu.Emulator: [IGN_TEAS Loop] Iteration 10696: EIP 0x0041269D→0x004126A1, ESP=0x001FEF68, EBP=0x001FEFFC, EAX=0x00880000, EBX=0x00000000, ECX=0x0043ACA0, EDX=0x0000000A, ESI=0x00880176, EDI=0x00880000
2026-01-08 13:44:18.278 [INFO] Win32Emu.Emulator: [IGN_TEAS Loop] Iteration 10697: EIP 0x004126A1→0x0041269A, ESP=0x001FEF68, EBP=0x001FEFFC, EAX=0x00880000, EBX=0x00000000, ECX=0x0043ACA0, EDX=0x0000000A, ESI=0x00880176, EDI=0x00880000
2026-01-08 13:44:18.278 [INFO] Win32Emu.Emulator: [IGN_TEAS Loop] Iteration 10698: EIP 0x0041269A→0x0041269D, ESP=0x001FEF68, EBP=0x001FEFFC, EAX=0x00880000, EBX=0x00000000, ECX=0x0043ACA0, EDX=0x0000000A, ESI=0x00880178, EDI=0x00880000
2026-01-08 13:44:18.278 [INFO] Win32Emu.Emulator: [IGN_TEAS Loop] Iteration 10699: EIP 0x0041269D→0x004126A1, ESP=0x001FEF68, EBP=0x001FEFFC, EAX=0x00880000, EBX=0x00000000, ECX=0x0043ACA0, EDX=0x0000000A, ESI=0x00880178, EDI=0x00880000
2026-01-08 13:44:18.278 [INFO] Win32Emu.Emulator: [IGN_TEAS Loop] Iteration 10700: EIP 0x004126A1→0x0041269A, ESP=0x001FEF68, EBP=0x001FEFFC, EAX=0x00880000, EBX=0x00000000, ECX=0x0043ACA0, EDX=0x0000000A, ESI=0x00880178, EDI=0x00880000
2026-01-08 13:44:18.278 [INFO] Win32Emu.Emulator: [IGN_TEAS Loop] Iteration 10701: EIP 0x0041269A→0x0041269D, ESP=0x001FEF68, EBP=0x001FEFFC, EAX=0x00880000, EBX=0x00000000, ECX=0x0043ACA0, EDX=0x0000000A, ESI=0x0088017A, EDI=0x00880000
2026-01-08 13:44:18.278 [INFO] Win32Emu.Emulator: [IGN_TEAS Loop] Iteration 10702: EIP 0x0041269D→0x004126A1, ESP=0x001FEF68, EBP=0x001FEFFC, EAX=0x00880000, EBX=0x00000000, ECX=0x0043ACA0, EDX=0x0000000A, ESI=0x0088017A, EDI=0x00880000
2026-01-08 13:44:18.278 [INFO] Win32Emu.Emulator: [IGN_TEAS Loop] Iteration 10703: EIP 0x004126A1→0x0041269A, ESP=0x001FEF68, EBP=0x001FEFFC, EAX=0x00880000, EBX=0x00000000, ECX=0x0043ACA0, EDX=0x0000000A, ESI=0x0088017A, EDI=0x00880000
2026-01-08 13:44:18.279 [INFO] Win32Emu.Emulator: [IGN_TEAS Loop] Iteration 10704: EIP 0x0041269A→0x0041269D, ESP=0x001FEF68, EBP=0x001FEFFC, EAX=0x00880000, EBX=0x00000000, ECX=0x0043ACA0, EDX=0x0000000A, ESI=0x0088017C, EDI=0x00880000
2026-01-08 13:44:18.279 [INFO] Win32Emu.Emulator: [IGN_TEAS Loop] Iteration 10705: EIP 0x0041269D→0x004126A1, ESP=0x001FEF68, EBP=0x001FEFFC, EAX=0x00880000, EBX=0x00000000, ECX=0x0043ACA0, EDX=0x0000000A, ESI=0x0088017C, EDI=0x00880000
2026-01-08 13:44:18.279 [INFO] Win32Emu.Emulator: [IGN_TEAS Loop] Iteration 10706: EIP 0x004126A1→0x0041269A, ESP=0x001FEF68, EBP=0x001FEFFC, EAX=0x00880000, EBX=0x00000000, ECX=0x0043ACA0, EDX=0x0000000A, ESI=0x0088017C, EDI=0x00880000
2026-01-08 13:44:18.279 [INFO] Win32Emu.Emulator: [IGN_TEAS Loop] Iteration 10707: EIP 0x0041269A→0x0041269D, ESP=0x001FEF68, EBP=0x001FEFFC, EAX=0x00880000, EBX=0x00000000, ECX=0x0043ACA0, EDX=0x0000000A, ESI=0x0088017E, EDI=0x00880000
2026-01-08 13:44:18.279 [INFO] Win32Emu.Emulator: [IGN_TEAS Loop] Iteration 10708: EIP 0x0041269D→0x004126A1, ESP=0x001FEF68, EBP=0x001FEFFC, EAX=0x00880000, EBX=0x00000000, ECX=0x0043ACA0, EDX=0x0000000A, ESI=0x0088017E, EDI=0x00880000
2026-01-08 13:44:18.279 [INFO] Win32Emu.Emulator: [IGN_TEAS Loop] Iteration 10709: EIP 0x004126A1→0x0041269A, ESP=0x001FEF68, EBP=0x001FEFFC, EAX=0x00880000, EBX=0x00000000, ECX=0x0043ACA0, EDX=0x0000000A, ESI=0x0088017E, EDI=0x00880000
2026-01-08 13:44:18.279 [INFO] Win32Emu.Emulator: [IGN_TEAS Loop] Iteration 10710: EIP 0x0041269A→0x0041269D, ESP=0x001FEF68, EBP=0x001FEFFC, EAX=0x00880000, EBX=0x00000000, ECX=0x0043ACA0, EDX=0x0000000A, ESI=0x00880180, EDI=0x00880000
2026-01-08 13:44:18.279 [INFO] Win32Emu.Emulator: [IGN_TEAS Loop] Iteration 10711: EIP 0x0041269D→0x004126A1, ESP=0x001FEF68, EBP=0x001FEFFC, EAX=0x00880000, EBX=0x00000000, ECX=0x0043ACA0, EDX=0x0000000A, ESI=0x00880180, EDI=0x00880000
2026-01-08 13:44:18.279 [INFO] Win32Emu.Emulator: [IGN_TEAS Loop] Iteration 10712: EIP 0x004126A1→0x0041269A, ESP=0x001FEF68, EBP=0x001FEFFC, EAX=0x00880000, EBX=0x00000000, ECX=0x0043ACA0, EDX=0x0000000A, ESI=0x00880180, EDI=0x00880000
2026-01-08 13:44:18.279 [INFO] Win32Emu.Emulator: [IGN_TEAS Loop] Iteration 10713: EIP 0x0041269A→0x0041269D, ESP=0x001FEF68, EBP=0x001FEFFC, EAX=0x00880000, EBX=0x00000000, ECX=0x0043ACA0, EDX=0x0000000A, ESI=0x00880182, EDI=0x00880000
2026-01-08 13:44:18.279 [INFO] Win32Emu.Emulator: [IGN_TEAS Loop] Iteration 10714: EIP 0x0041269D→0x004126A1, ESP=0x001FEF68, EBP=0x001FEFFC, EAX=0x00880000, EBX=0x00000000, ECX=0x0043ACA0, EDX=0x0000000A, ESI=0x00880182, EDI=0x00880000
2026-01-08 13:44:18.279 [INFO] Win32Emu.Emulator: [IGN_TEAS Loop] Iteration 10715: EIP 0x004126A1→0x0041269A, ESP=0x001FEF68, EBP=0x001FEFFC, EAX=0x00880000, EBX=0x00000000, ECX=0x0043ACA0, EDX=0x0000000A, ESI=0x00880182, EDI=0x00880000
2026-01-08 13:44:18.279 [INFO] Win32Emu.Emulator: [IGN_TEAS Loop] Iteration 10716: EIP 0x0041269A→0x0041269D, ESP=0x001FEF68, EBP=0x001FEFFC, EAX=0x00880000, EBX=0x00000000, ECX=0x0043ACA0, EDX=0x0000000A, ESI=0x00880184, EDI=0x00880000
2026-01-08 13:44:18.279 [INFO] Win32Emu.Emulator: [IGN_TEAS Loop] Iteration 10717: EIP 0x0041269D→0x004126A1, ESP=0x001FEF68, EBP=0x001FEFFC, EAX=0x00880000, EBX=0x00000000, ECX=0x0043ACA0, EDX=0x0000000A, ESI=0x00880184, EDI=0x00880000
2026-01-08 13:44:18.279 [INFO] Win32Emu.Emulator: [IGN_TEAS Loop] Iteration 10718: EIP 0x004126A1→0x0041269A, ESP=0x001FEF68, EBP=0x001FEFFC, EAX=0x00880000, EBX=0x00000000, ECX=0x0043ACA0, EDX=0x0000000A, ESI=0x00880184, EDI=0x00880000
2026-01-08 13:44:18.279 [INFO] Win32Emu.Emulator: [IGN_TEAS Loop] Iteration 10719: EIP 0x0041269A→0x0041269D, ESP=0x001FEF68, EBP=0x001FEFFC, EAX=0x00880000, EBX=0x00000000, ECX=0x0043ACA0, EDX=0x0000000A, ESI=0x00880186, EDI=0x00880000
2026-01-08 13:44:18.279 [INFO] Win32Emu.Emulator: [IGN_TEAS Loop] Iteration 10720: EIP 0x0041269D→0x004126A1, ESP=0x001FEF68, EBP=0x001FEFFC, EAX=0x00880000, EBX=0x00000000, ECX=0x0043ACA0, EDX=0x0000000A, ESI=0x00880186, EDI=0x00880000
2026-01-08 13:44:18.279 [INFO] Win32Emu.Emulator: [IGN_TEAS Loop] Iteration 10721: EIP 0x004126A1→0x0041269A, ESP=0x001FEF68, EBP=0x001FEFFC, EAX=0x00880000, EBX=0x00000000, ECX=0x0043ACA0, EDX=0x0000000A, ESI=0x00880186, EDI=0x00880000
2026-01-08 13:44:18.279 [INFO] Win32Emu.Emulator: [IGN_TEAS Loop] Iteration 10722: EIP 0x0041269A→0x0041269D, ESP=0x001FEF68, EBP=0x001FEFFC, EAX=0x00880000, EBX=0x00000000, ECX=0x0043ACA0, EDX=0x0000000A, ESI=0x00880188, EDI=0x00880000
2026-01-08 13:44:18.279 [INFO] Win32Emu.Emulator: [IGN_TEAS Loop] Iteration 10723: EIP 0x0041269D→0x004126A1, ESP=0x001FEF68, EBP=0x001FEFFC, EAX=0x00880000, EBX=0x00000000, ECX=0x0043ACA0, EDX=0x0000000A, ESI=0x00880188, EDI=0x00880000
2026-01-08 13:44:18.279 [INFO] Win32Emu.Emulator: [IGN_TEAS Loop] Iteration 10724: EIP 0x004126A1→0x0041269A, ESP=0x001FEF68, EBP=0x001FEFFC, EAX=0x00880000, EBX=0x00000000, ECX=0x0043ACA0, EDX=0x0000000A, ESI=0x00880188, EDI=0x00880000
2026-01-08 13:44:18.279 [INFO] Win32Emu.Emulator: [IGN_TEAS Loop] Iteration 10725: EIP 0x0041269A→0x0041269D, ESP=0x001FEF68, EBP=0x001FEFFC, EAX=0x00880000, EBX=0x00000000, ECX=0x0043ACA0, EDX=0x0000000A, ESI=0x0088018A, EDI=0x00880000
2026-01-08 13:44:18.279 [INFO] Win32Emu.Emulator: [IGN_TEAS Loop] Iteration 10726: EIP 0x0041269D→0x004126A1, ESP=0x001FEF68, EBP=0x001FEFFC, EAX=0x00880000, EBX=0x00000000, ECX=0x0043ACA0, EDX=0x0000000A, ESI=0x0088018A, EDI=0x00880000
2026-01-08 13:44:18.279 [INFO] Win32Emu.Emulator: [IGN_TEAS Loop] Iteration 10727: EIP 0x004126A1→0x0041269A, ESP=0x001FEF68, EBP=0x001FEFFC, EAX=0x00880000, EBX=0x00000000, ECX=0x0043ACA0, EDX=0x0000000A, ESI=0x0088018A, EDI=0x00880000
2026-01-08 13:44:18.279 [INFO] Win32Emu.Emulator: [IGN_TEAS Loop] Iteration 10728: EIP 0x0041269A→0x0041269D, ESP=0x001FEF68, EBP=0x001FEFFC, EAX=0x00880000, EBX=0x00000000, ECX=0x0043ACA0, EDX=0x0000000A, ESI=0x0088018C, EDI=0x00880000
2026-01-08 13:44:18.279 [INFO] Win32Emu.Emulator: [IGN_TEAS Loop] Iteration 10729: EIP 0x0041269D→0x004126A1, ESP=0x001FEF68, EBP=0x001FEFFC, EAX=0x00880000, EBX=0x00000000, ECX=0x0043ACA0, EDX=0x0000000A, ESI=0x0088018C, EDI=0x00880000
2026-01-08 13:44:18.279 [INFO] Win32Emu.Emulator: [IGN_TEAS Loop] Iteration 10730: EIP 0x004126A1→0x0041269A, ESP=0x001FEF68, EBP=0x001FEFFC, EAX=0x00880000, EBX=0x00000000, ECX=0x0043ACA0, EDX=0x0000000A, ESI=0x0088018C, EDI=0x00880000
2026-01-08 13:44:18.279 [INFO] Win32Emu.Emulator: [IGN_TEAS Loop] Iteration 10731: EIP 0x0041269A→0x0041269D, ESP=0x001FEF68, EBP=0x001FEFFC, EAX=0x00880000, EBX=0x00000000, ECX=0x0043ACA0, EDX=0x0000000A, ESI=0x0088018E, EDI=0x00880000
2026-01-08 13:44:18.279 [INFO] Win32Emu.Emulator: [IGN_TEAS Loop] Iteration 10732: EIP 0x0041269D→0x004126A1, ESP=0x001FEF68, EBP=0x001FEFFC, EAX=0x00880000, EBX=0x00000000, ECX=0x0043ACA0, EDX=0x0000000A, ESI=0x0088018E, EDI=0x00880000
2026-01-08 13:44:18.279 [INFO] Win32Emu.Emulator: [IGN_TEAS Loop] Iteration 10733: EIP 0x004126A1→0x0041269A, ESP=0x001FEF68, EBP=0x001FEFFC, EAX=0x00880000, EBX=0x00000000, ECX=0x0043ACA0, EDX=0x0000000A, ESI=0x0088018E, EDI=0x00880000
2026-01-08 13:44:18.279 [INFO] Win32Emu.Emulator: [IGN_TEAS Loop] Iteration 10734: EIP 0x0041269A→0x0041269D, ESP=0x001FEF68, EBP=0x001FEFFC, EAX=0x00880000, EBX=0x00000000, ECX=0x0043ACA0, EDX=0x0000000A, ESI=0x00880190, EDI=0x00880000
2026-01-08 13:44:18.279 [INFO] Win32Emu.Emulator: [IGN_TEAS Loop] Iteration 10735: EIP 0x0041269D→0x004126A1, ESP=0x001FEF68, EBP=0x001FEFFC, EAX=0x00880000, EBX=0x00000000, ECX=0x0043ACA0, EDX=0x0000000A, ESI=0x00880190, EDI=0x00880000
2026-01-08 13:44:18.279 [INFO] Win32Emu.Emulator: [IGN_TEAS Loop] Iteration 10736: EIP 0x004126A1→0x0041269A, ESP=0x001FEF68, EBP=0x001FEFFC, EAX=0x00880000, EBX=0x00000000, ECX=0x0043ACA0, EDX=0x0000000A, ESI=0x00880190, EDI=0x00880000
2026-01-08 13:44:18.279 [INFO] Win32Emu.Emulator: [IGN_TEAS Loop] Iteration 10737: EIP 0x0041269A→0x0041269D, ESP=0x001FEF68, EBP=0x001FEFFC, EAX=0x00880000, EBX=0x00000000, ECX=0x0043ACA0, EDX=0x0000000A, ESI=0x00880192, EDI=0x00880000
2026-01-08 13:44:18.279 [INFO] Win32Emu.Emulator: [IGN_TEAS Loop] Iteration 10738: EIP 0x0041269D→0x004126A1, ESP=0x001FEF68, EBP=0x001FEFFC, EAX=0x00880000, EBX=0x00000000, ECX=0x0043ACA0, EDX=0x0000000A, ESI=0x00880192, EDI=0x00880000
2026-01-08 13:44:18.280 [INFO] Win32Emu.Emulator: [IGN_TEAS Loop] Iteration 10739: EIP 0x004126A1→0x0041269A, ESP=0x001FEF68, EBP=0x001FEFFC, EAX=0x00880000, EBX=0x00000000, ECX=0x0043ACA0, EDX=0x0000000A, ESI=0x00880192, EDI=0x00880000
2026-01-08 13:44:18.280 [INFO] Win32Emu.Emulator: [IGN_TEAS Loop] Iteration 10740: EIP 0x0041269A→0x0041269D, ESP=0x001FEF68, EBP=0x001FEFFC, EAX=0x00880000, EBX=0x00000000, ECX=0x0043ACA0, EDX=0x0000000A, ESI=0x00880194, EDI=0x00880000
2026-01-08 13:44:18.280 [INFO] Win32Emu.Emulator: [IGN_TEAS Loop] Iteration 10741: EIP 0x0041269D→0x004126A1, ESP=0x001FEF68, EBP=0x001FEFFC, EAX=0x00880000, EBX=0x00000000, ECX=0x0043ACA0, EDX=0x0000000A, ESI=0x00880194, EDI=0x00880000
2026-01-08 13:44:18.280 [INFO] Win32Emu.Emulator: [IGN_TEAS Loop] Iteration 10742: EIP 0x004126A1→0x0041269A, ESP=0x001FEF68, EBP=0x001FEFFC, EAX=0x00880000, EBX=0x00000000, ECX=0x0043ACA0, EDX=0x0000000A, ESI=0x00880194, EDI=0x00880000
2026-01-08 13:44:18.280 [INFO] Win32Emu.Emulator: [IGN_TEAS Loop] Iteration 10743: EIP 0x0041269A→0x0041269D, ESP=0x001FEF68, EBP=0x001FEFFC, EAX=0x00880000, EBX=0x00000000, ECX=0x0043ACA0, EDX=0x0000000A, ESI=0x00880196, EDI=0x00880000
2026-01-08 13:44:18.280 [INFO] Win32Emu.Emulator: [IGN_TEAS Loop] Iteration 10744: EIP 0x0041269D→0x004126A1, ESP=0x001FEF68, EBP=0x001FEFFC, EAX=0x00880000, EBX=0x00000000, ECX=0x0043ACA0, EDX=0x0000000A, ESI=0x00880196, EDI=0x00880000
2026-01-08 13:44:18.280 [INFO] Win32Emu.Emulator: [IGN_TEAS Loop] Iteration 10745: EIP 0x004126A1→0x0041269A, ESP=0x001FEF68, EBP=0x001FEFFC, EAX=0x00880000, EBX=0x00000000, ECX=0x0043ACA0, EDX=0x0000000A, ESI=0x00880196, EDI=0x00880000
2026-01-08 13:44:18.280 [INFO] Win32Emu.Emulator: [IGN_TEAS Loop] Iteration 10746: EIP 0x0041269A→0x0041269D, ESP=0x001FEF68, EBP=0x001FEFFC, EAX=0x00880000, EBX=0x00000000, ECX=0x0043ACA0, EDX=0x0000000A, ESI=0x00880198, EDI=0x00880000
2026-01-08 13:44:18.280 [INFO] Win32Emu.Emulator: [IGN_TEAS Loop] Iteration 10747: EIP 0x0041269D→0x004126A1, ESP=0x001FEF68, EBP=0x001FEFFC, EAX=0x00880000, EBX=0x00000000, ECX=0x0043ACA0, EDX=0x0000000A, ESI=0x00880198, EDI=0x00880000
2026-01-08 13:44:18.280 [INFO] Win32Emu.Emulator: [IGN_TEAS Loop] Iteration 10748: EIP 0x004126A1→0x0041269A, ESP=0x001FEF68, EBP=0x001FEFFC, EAX=0x00880000, EBX=0x00000000, ECX=0x0043ACA0, EDX=0x0000000A, ESI=0x00880198, EDI=0x00880000
2026-01-08 13:44:18.280 [INFO] Win32Emu.Emulator: [IGN_TEAS Loop] Iteration 10749: EIP 0x0041269A→0x0041269D, ESP=0x001FEF68, EBP=0x001FEFFC, EAX=0x00880000, EBX=0x00000000, ECX=0x0043ACA0, EDX=0x0000000A, ESI=0x0088019A, EDI=0x00880000
2026-01-08 13:44:18.280 [INFO] Win32Emu.Emulator: [IGN_TEAS Loop] Iteration 10750: EIP 0x0041269D→0x004126A1, ESP=0x001FEF68, EBP=0x001FEFFC, EAX=0x00880000, EBX=0x00000000, ECX=0x0043ACA0, EDX=0x0000000A, ESI=0x0088019A, EDI=0x00880000
2026-01-08 13:44:18.280 [INFO] Win32Emu.Emulator: [IGN_TEAS Loop] Iteration 10751: EIP 0x004126A1→0x0041269A, ESP=0x001FEF68, EBP=0x001FEFFC, EAX=0x00880000, EBX=0x00000000, ECX=0x0043ACA0, EDX=0x0000000A, ESI=0x0088019A, EDI=0x00880000
2026-01-08 13:44:18.280 [INFO] Win32Emu.Emulator: [IGN_TEAS Loop] Iteration 10752: EIP 0x0041269A→0x0041269D, ESP=0x001FEF68, EBP=0x001FEFFC, EAX=0x00880000, EBX=0x00000000, ECX=0x0043ACA0, EDX=0x0000000A, ESI=0x0088019C, EDI=0x00880000
2026-01-08 13:44:18.280 [INFO] Win32Emu.Emulator: [IGN_TEAS Loop] Iteration 10753: EIP 0x0041269D→0x004126A1, ESP=0x001FEF68, EBP=0x001FEFFC, EAX=0x00880000, EBX=0x00000000, ECX=0x0043ACA0, EDX=0x0000000A, ESI=0x0088019C, EDI=0x00880000
2026-01-08 13:44:18.280 [INFO] Win32Emu.Emulator: [IGN_TEAS Loop] Iteration 10754: EIP 0x004126A1→0x004126A3, ESP=0x001FEF68, EBP=0x001FEFFC, EAX=0x00880000, EBX=0x00000000, ECX=0x0043ACA0, EDX=0x0000000A, ESI=0x0088019C, EDI=0x00880000
2026-01-08 13:44:18.280 [INFO] Win32Emu.Emulator: [IGN_TEAS Loop] Iteration 10755: EIP 0x004126A3→0x004126A6, ESP=0x001FEF68, EBP=0x001FEFFC, EAX=0x00880000, EBX=0x00000000, ECX=0x0043ACA0, EDX=0x0000000A, ESI=0x0088019E, EDI=0x00880000
2026-01-08 13:44:18.280 [INFO] Win32Emu.Emulator: [IGN_TEAS Loop] Iteration 10756: EIP 0x004126A6→0x004126AA, ESP=0x001FEF68, EBP=0x001FEFFC, EAX=0x00880000, EBX=0x00000000, ECX=0x0043ACA0, EDX=0x0000000A, ESI=0x0088019E, EDI=0x00880000
2026-01-08 13:44:18.280 [INFO] Win32Emu.Emulator: [IGN_TEAS Loop] Iteration 10757: EIP 0x004126AA→0x0041269A, ESP=0x001FEF68, EBP=0x001FEFFC, EAX=0x00880000, EBX=0x00000000, ECX=0x0043ACA0, EDX=0x0000000A, ESI=0x0088019E, EDI=0x00880000
2026-01-08 13:44:18.280 [INFO] Win32Emu.Emulator: [IGN_TEAS Loop] Iteration 10758: EIP 0x0041269A→0x0041269D, ESP=0x001FEF68, EBP=0x001FEFFC, EAX=0x00880000, EBX=0x00000000, ECX=0x0043ACA0, EDX=0x0000000A, ESI=0x008801A0, EDI=0x00880000
2026-01-08 13:44:18.280 [INFO] Win32Emu.Emulator: [IGN_TEAS Loop] Iteration 10759: EIP 0x0041269D→0x004126A1, ESP=0x001FEF68, EBP=0x001FEFFC, EAX=0x00880000, EBX=0x00000000, ECX=0x0043ACA0, EDX=0x0000000A, ESI=0x008801A0, EDI=0x00880000
2026-01-08 13:44:18.280 [INFO] Win32Emu.Emulator: [IGN_TEAS Loop] Iteration 10760: EIP 0x004126A1→0x0041269A, ESP=0x001FEF68, EBP=0x001FEFFC, EAX=0x00880000, EBX=0x00000000, ECX=0x0043ACA0, EDX=0x0000000A, ESI=0x008801A0, EDI=0x00880000
2026-01-08 13:44:18.280 [INFO] Win32Emu.Emulator: [IGN_TEAS Loop] Iteration 10761: EIP 0x0041269A→0x0041269D, ESP=0x001FEF68, EBP=0x001FEFFC, EAX=0x00880000, EBX=0x00000000, ECX=0x0043ACA0, EDX=0x0000000A, ESI=0x008801A2, EDI=0x00880000
2026-01-08 13:44:18.280 [INFO] Win32Emu.Emulator: [IGN_TEAS Loop] Iteration 10762: EIP 0x0041269D→0x004126A1, ESP=0x001FEF68, EBP=0x001FEFFC, EAX=0x00880000, EBX=0x00000000, ECX=0x0043ACA0, EDX=0x0000000A, ESI=0x008801A2, EDI=0x00880000
2026-01-08 13:44:18.280 [INFO] Win32Emu.Emulator: [IGN_TEAS Loop] Iteration 10763: EIP 0x004126A1→0x0041269A, ESP=0x001FEF68, EBP=0x001FEFFC, EAX=0x00880000, EBX=0x00000000, ECX=0x0043ACA0, EDX=0x0000000A, ESI=0x008801A2, EDI=0x00880000
2026-01-08 13:44:18.280 [INFO] Win32Emu.Emulator: [IGN_TEAS Loop] Iteration 10764: EIP 0x0041269A→0x0041269D, ESP=0x001FEF68, EBP=0x001FEFFC, EAX=0x00880000, EBX=0x00000000, ECX=0x0043ACA0, EDX=0x0000000A, ESI=0x008801A4, EDI=0x00880000
2026-01-08 13:44:18.280 [INFO] Win32Emu.Emulator: [IGN_TEAS Loop] Iteration 10765: EIP 0x0041269D→0x004126A1, ESP=0x001FEF68, EBP=0x001FEFFC, EAX=0x00880000, EBX=0x00000000, ECX=0x0043ACA0, EDX=0x0000000A, ESI=0x008801A4, EDI=0x00880000
2026-01-08 13:44:18.280 [INFO] Win32Emu.Emulator: [IGN_TEAS Loop] Iteration 10766: EIP 0x004126A1→0x0041269A, ESP=0x001FEF68, EBP=0x001FEFFC, EAX=0x00880000, EBX=0x00000000, ECX=0x0043ACA0, EDX=0x0000000A, ESI=0x008801A4, EDI=0x00880000
2026-01-08 13:44:18.280 [INFO] Win32Emu.Emulator: [IGN_TEAS Loop] Iteration 10767: EIP 0x0041269A→0x0041269D, ESP=0x001FEF68, EBP=0x001FEFFC, EAX=0x00880000, EBX=0x00000000, ECX=0x0043ACA0, EDX=0x0000000A, ESI=0x008801A6, EDI=0x00880000
2026-01-08 13:44:18.280 [INFO] Win32Emu.Emulator: [IGN_TEAS Loop] Iteration 10768: EIP 0x0041269D→0x004126A1, ESP=0x001FEF68, EBP=0x001FEFFC, EAX=0x00880000, EBX=0x00000000, ECX=0x0043ACA0, EDX=0x0000000A, ESI=0x008801A6, EDI=0x00880000
2026-01-08 13:44:18.280 [INFO] Win32Emu.Emulator: [IGN_TEAS Loop] Iteration 10769: EIP 0x004126A1→0x0041269A, ESP=0x001FEF68, EBP=0x001FEFFC, EAX=0x00880000, EBX=0x00000000, ECX=0x0043ACA0, EDX=0x0000000A, ESI=0x008801A6, EDI=0x00880000
2026-01-08 13:44:18.281 [INFO] Win32Emu.Emulator: [IGN_TEAS Loop] Iteration 10770: EIP 0x0041269A→0x0041269D, ESP=0x001FEF68, EBP=0x001FEFFC, EAX=0x00880000, EBX=0x00000000, ECX=0x0043ACA0, EDX=0x0000000A, ESI=0x008801A8, EDI=0x00880000
2026-01-08 13:44:18.281 [INFO] Win32Emu.Emulator: [IGN_TEAS Loop] Iteration 10771: EIP 0x0041269D→0x004126A1, ESP=0x001FEF68, EBP=0x001FEFFC, EAX=0x00880000, EBX=0x00000000, ECX=0x0043ACA0, EDX=0x0000000A, ESI=0x008801A8, EDI=0x00880000
2026-01-08 13:44:18.281 [INFO] Win32Emu.Emulator: [IGN_TEAS Loop] Iteration 10772: EIP 0x004126A1→0x0041269A, ESP=0x001FEF68, EBP=0x001FEFFC, EAX=0x00880000, EBX=0x00000000, ECX=0x0043ACA0, EDX=0x0000000A, ESI=0x008801A8, EDI=0x00880000
2026-01-08 13:44:18.281 [INFO] Win32Emu.Emulator: [IGN_TEAS Loop] Iteration 10773: EIP 0x0041269A→0x0041269D, ESP=0x001FEF68, EBP=0x001FEFFC, EAX=0x00880000, EBX=0x00000000, ECX=0x0043ACA0, EDX=0x0000000A, ESI=0x008801AA, EDI=0x00880000
2026-01-08 13:44:18.281 [INFO] Win32Emu.Emulator: [IGN_TEAS Loop] Iteration 10774: EIP 0x0041269D→0x004126A1, ESP=0x001FEF68, EBP=0x001FEFFC, EAX=0x00880000, EBX=0x00000000, ECX=0x0043ACA0, EDX=0x0000000A, ESI=0x008801AA, EDI=0x00880000
2026-01-08 13:44:18.281 [INFO] Win32Emu.Emulator: [IGN_TEAS Loop] Iteration 10775: EIP 0x004126A1→0x0041269A, ESP=0x001FEF68, EBP=0x001FEFFC, EAX=0x00880000, EBX=0x00000000, ECX=0x0043ACA0, EDX=0x0000000A, ESI=0x008801AA, EDI=0x00880000
2026-01-08 13:44:18.281 [INFO] Win32Emu.Emulator: [IGN_TEAS Loop] Iteration 10776: EIP 0x0041269A→0x0041269D, ESP=0x001FEF68, EBP=0x001FEFFC, EAX=0x00880000, EBX=0x00000000, ECX=0x0043ACA0, EDX=0x0000000A, ESI=0x008801AC, EDI=0x00880000
2026-01-08 13:44:18.281 [INFO] Win32Emu.Emulator: [IGN_TEAS Loop] Iteration 10777: EIP 0x0041269D→0x004126A1, ESP=0x001FEF68, EBP=0x001FEFFC, EAX=0x00880000, EBX=0x00000000, ECX=0x0043ACA0, EDX=0x0000000A, ESI=0x008801AC, EDI=0x00880000
2026-01-08 13:44:18.281 [INFO] Win32Emu.Emulator: [IGN_TEAS Loop] Iteration 10778: EIP 0x004126A1→0x0041269A, ESP=0x001FEF68, EBP=0x001FEFFC, EAX=0x00880000, EBX=0x00000000, ECX=0x0043ACA0, EDX=0x0000000A, ESI=0x008801AC, EDI=0x00880000
2026-01-08 13:44:18.281 [INFO] Win32Emu.Emulator: [IGN_TEAS Loop] Iteration 10779: EIP 0x0041269A→0x0041269D, ESP=0x001FEF68, EBP=0x001FEFFC, EAX=0x00880000, EBX=0x00000000, ECX=0x0043ACA0, EDX=0x0000000A, ESI=0x008801AE, EDI=0x00880000
2026-01-08 13:44:18.281 [INFO] Win32Emu.Emulator: [IGN_TEAS Loop] Iteration 10780: EIP 0x0041269D→0x004126A1, ESP=0x001FEF68, EBP=0x001FEFFC, EAX=0x00880000, EBX=0x00000000, ECX=0x0043ACA0, EDX=0x0000000A, ESI=0x008801AE, EDI=0x00880000
2026-01-08 13:44:18.281 [INFO] Win32Emu.Emulator: [IGN_TEAS Loop] Iteration 10781: EIP 0x004126A1→0x0041269A, ESP=0x001FEF68, EBP=0x001FEFFC, EAX=0x00880000, EBX=0x00000000, ECX=0x0043ACA0, EDX=0x0000000A, ESI=0x008801AE, EDI=0x00880000
2026-01-08 13:44:18.281 [INFO] Win32Emu.Emulator: [IGN_TEAS Loop] Iteration 10782: EIP 0x0041269A→0x0041269D, ESP=0x001FEF68, EBP=0x001FEFFC, EAX=0x00880000, EBX=0x00000000, ECX=0x0043ACA0, EDX=0x0000000A, ESI=0x008801B0, EDI=0x00880000
2026-01-08 13:44:18.281 [INFO] Win32Emu.Emulator: [IGN_TEAS Loop] Iteration 10783: EIP 0x0041269D→0x004126A1, ESP=0x001FEF68, EBP=0x001FEFFC, EAX=0x00880000, EBX=0x00000000, ECX=0x0043ACA0, EDX=0x0000000A, ESI=0x008801B0, EDI=0x00880000
2026-01-08 13:44:18.281 [INFO] Win32Emu.Emulator: [IGN_TEAS Loop] Iteration 10784: EIP 0x004126A1→0x0041269A, ESP=0x001FEF68, EBP=0x001FEFFC, EAX=0x00880000, EBX=0x00000000, ECX=0x0043ACA0, EDX=0x0000000A, ESI=0x008801B0, EDI=0x00880000
2026-01-08 13:44:18.281 [INFO] Win32Emu.Emulator: [IGN_TEAS Loop] Iteration 10785: EIP 0x0041269A→0x0041269D, ESP=0x001FEF68, EBP=0x001FEFFC, EAX=0x00880000, EBX=0x00000000, ECX=0x0043ACA0, EDX=0x0000000A, ESI=0x008801B2, EDI=0x00880000
2026-01-08 13:44:18.281 [INFO] Win32Emu.Emulator: [IGN_TEAS Loop] Iteration 10786: EIP 0x0041269D→0x004126A1, ESP=0x001FEF68, EBP=0x001FEFFC, EAX=0x00880000, EBX=0x00000000, ECX=0x0043ACA0, EDX=0x0000000A, ESI=0x008801B2, EDI=0x00880000
2026-01-08 13:44:18.281 [INFO] Win32Emu.Emulator: [IGN_TEAS Loop] Iteration 10787: EIP 0x004126A1→0x0041269A, ESP=0x001FEF68, EBP=0x001FEFFC, EAX=0x00880000, EBX=0x00000000, ECX=0x0043ACA0, EDX=0x0000000A, ESI=0x008801B2, EDI=0x00880000
2026-01-08 13:44:18.281 [INFO] Win32Emu.Emulator: [IGN_TEAS Loop] Iteration 10788: EIP 0x0041269A→0x0041269D, ESP=0x001FEF68, EBP=0x001FEFFC, EAX=0x00880000, EBX=0x00000000, ECX=0x0043ACA0, EDX=0x0000000A, ESI=0x008801B4, EDI=0x00880000
2026-01-08 13:44:18.281 [INFO] Win32Emu.Emulator: [IGN_TEAS Loop] Iteration 10789: EIP 0x0041269D→0x004126A1, ESP=0x001FEF68, EBP=0x001FEFFC, EAX=0x00880000, EBX=0x00000000, ECX=0x0043ACA0, EDX=0x0000000A, ESI=0x008801B4, EDI=0x00880000
2026-01-08 13:44:18.281 [INFO] Win32Emu.Emulator: [IGN_TEAS Loop] Iteration 10790: EIP 0x004126A1→0x0041269A, ESP=0x001FEF68, EBP=0x001FEFFC, EAX=0x00880000, EBX=0x00000000, ECX=0x0043ACA0, EDX=0x0000000A, ESI=0x008801B4, EDI=0x00880000
2026-01-08 13:44:18.281 [INFO] Win32Emu.Emulator: [IGN_TEAS Loop] Iteration 10791: EIP 0x0041269A→0x0041269D, ESP=0x001FEF68, EBP=0x001FEFFC, EAX=0x00880000, EBX=0x00000000, ECX=0x0043ACA0, EDX=0x0000000A, ESI=0x008801B6, EDI=0x00880000
2026-01-08 13:44:18.281 [INFO] Win32Emu.Emulator: [IGN_TEAS Loop] Iteration 10792: EIP 0x0041269D→0x004126A1, ESP=0x001FEF68, EBP=0x001FEFFC, EAX=0x00880000, EBX=0x00000000, ECX=0x0043ACA0, EDX=0x0000000A, ESI=0x008801B6, EDI=0x00880000
2026-01-08 13:44:18.281 [INFO] Win32Emu.Emulator: [IGN_TEAS Loop] Iteration 10793: EIP 0x004126A1→0x0041269A, ESP=0x001FEF68, EBP=0x001FEFFC, EAX=0x00880000, EBX=0x00000000, ECX=0x0043ACA0, EDX=0x0000000A, ESI=0x008801B6, EDI=0x00880000
2026-01-08 13:44:18.281 [INFO] Win32Emu.Emulator: [IGN_TEAS Loop] Iteration 10794: EIP 0x0041269A→0x0041269D, ESP=0x001FEF68, EBP=0x001FEFFC, EAX=0x00880000, EBX=0x00000000, ECX=0x0043ACA0, EDX=0x0000000A, ESI=0x008801B8, EDI=0x00880000
2026-01-08 13:44:18.281 [INFO] Win32Emu.Emulator: [IGN_TEAS Loop] Iteration 10795: EIP 0x0041269D→0x004126A1, ESP=0x001FEF68, EBP=0x001FEFFC, EAX=0x00880000, EBX=0x00000000, ECX=0x0043ACA0, EDX=0x0000000A, ESI=0x008801B8, EDI=0x00880000
2026-01-08 13:44:18.281 [INFO] Win32Emu.Emulator: [IGN_TEAS Loop] Iteration 10796: EIP 0x004126A1→0x0041269A, ESP=0x001FEF68, EBP=0x001FEFFC, EAX=0x00880000, EBX=0x00000000, ECX=0x0043ACA0, EDX=0x0000000A, ESI=0x008801B8, EDI=0x00880000
2026-01-08 13:44:18.281 [INFO] Win32Emu.Emulator: [IGN_TEAS Loop] Iteration 10797: EIP 0x0041269A→0x0041269D, ESP=0x001FEF68, EBP=0x001FEFFC, EAX=0x00880000, EBX=0x00000000, ECX=0x0043ACA0, EDX=0x0000000A, ESI=0x008801BA, EDI=0x00880000
2026-01-08 13:44:18.281 [INFO] Win32Emu.Emulator: [IGN_TEAS Loop] Iteration 10798: EIP 0x0041269D→0x004126A1, ESP=0x001FEF68, EBP=0x001FEFFC, EAX=0x00880000, EBX=0x00000000, ECX=0x0043ACA0, EDX=0x0000000A, ESI=0x008801BA, EDI=0x00880000
2026-01-08 13:44:18.281 [INFO] Win32Emu.Emulator: [IGN_TEAS Loop] Iteration 10799: EIP 0x004126A1→0x0041269A, ESP=0x001FEF68, EBP=0x001FEFFC, EAX=0x00880000, EBX=0x00000000, ECX=0x0043ACA0, EDX=0x0000000A, ESI=0x008801BA, EDI=0x00880000
2026-01-08 13:44:18.281 [INFO] Win32Emu.Emulator: [IGN_TEAS Loop] Iteration 10800: EIP 0x0041269A→0x0041269D, ESP=0x001FEF68, EBP=0x001FEFFC, EAX=0x00880000, EBX=0x00000000, ECX=0x0043ACA0, EDX=0x0000000A, ESI=0x008801BC, EDI=0x00880000
2026-01-08 13:44:18.282 [INFO] Win32Emu.Emulator: [IGN_TEAS Loop] Iteration 10801: EIP 0x0041269D→0x004126A1, ESP=0x001FEF68, EBP=0x001FEFFC, EAX=0x00880000, EBX=0x00000000, ECX=0x0043ACA0, EDX=0x0000000A, ESI=0x008801BC, EDI=0x00880000
2026-01-08 13:44:18.282 [INFO] Win32Emu.Emulator: [IGN_TEAS Loop] Iteration 10802: EIP 0x004126A1→0x0041269A, ESP=0x001FEF68, EBP=0x001FEFFC, EAX=0x00880000, EBX=0x00000000, ECX=0x0043ACA0, EDX=0x0000000A, ESI=0x008801BC, EDI=0x00880000
2026-01-08 13:44:18.282 [INFO] Win32Emu.Emulator: [IGN_TEAS Loop] Iteration 10803: EIP 0x0041269A→0x0041269D, ESP=0x001FEF68, EBP=0x001FEFFC, EAX=0x00880000, EBX=0x00000000, ECX=0x0043ACA0, EDX=0x0000000A, ESI=0x008801BE, EDI=0x00880000
2026-01-08 13:44:18.282 [INFO] Win32Emu.Emulator: [IGN_TEAS Loop] Iteration 10804: EIP 0x0041269D→0x004126A1, ESP=0x001FEF68, EBP=0x001FEFFC, EAX=0x00880000, EBX=0x00000000, ECX=0x0043ACA0, EDX=0x0000000A, ESI=0x008801BE, EDI=0x00880000
2026-01-08 13:44:18.282 [INFO] Win32Emu.Emulator: [IGN_TEAS Loop] Iteration 10805: EIP 0x004126A1→0x0041269A, ESP=0x001FEF68, EBP=0x001FEFFC, EAX=0x00880000, EBX=0x00000000, ECX=0x0043ACA0, EDX=0x0000000A, ESI=0x008801BE, EDI=0x00880000
2026-01-08 13:44:18.282 [INFO] Win32Emu.Emulator: [IGN_TEAS Loop] Iteration 10806: EIP 0x0041269A→0x0041269D, ESP=0x001FEF68, EBP=0x001FEFFC, EAX=0x00880000, EBX=0x00000000, ECX=0x0043ACA0, EDX=0x0000000A, ESI=0x008801C0, EDI=0x00880000
2026-01-08 13:44:18.282 [INFO] Win32Emu.Emulator: [IGN_TEAS Loop] Iteration 10807: EIP 0x0041269D→0x004126A1, ESP=0x001FEF68, EBP=0x001FEFFC, EAX=0x00880000, EBX=0x00000000, ECX=0x0043ACA0, EDX=0x0000000A, ESI=0x008801C0, EDI=0x00880000
2026-01-08 13:44:18.282 [INFO] Win32Emu.Emulator: [IGN_TEAS Loop] Iteration 10808: EIP 0x004126A1→0x0041269A, ESP=0x001FEF68, EBP=0x001FEFFC, EAX=0x00880000, EBX=0x00000000, ECX=0x0043ACA0, EDX=0x0000000A, ESI=0x008801C0, EDI=0x00880000
2026-01-08 13:44:18.282 [INFO] Win32Emu.Emulator: [IGN_TEAS Loop] Iteration 10809: EIP 0x0041269A→0x0041269D, ESP=0x001FEF68, EBP=0x001FEFFC, EAX=0x00880000, EBX=0x00000000, ECX=0x0043ACA0, EDX=0x0000000A, ESI=0x008801C2, EDI=0x00880000
2026-01-08 13:44:18.282 [INFO] Win32Emu.Emulator: [IGN_TEAS Loop] Iteration 10810: EIP 0x0041269D→0x004126A1, ESP=0x001FEF68, EBP=0x001FEFFC, EAX=0x00880000, EBX=0x00000000, ECX=0x0043ACA0, EDX=0x0000000A, ESI=0x008801C2, EDI=0x00880000
2026-01-08 13:44:18.282 [INFO] Win32Emu.Emulator: [IGN_TEAS Loop] Iteration 10811: EIP 0x004126A1→0x0041269A, ESP=0x001FEF68, EBP=0x001FEFFC, EAX=0x00880000, EBX=0x00000000, ECX=0x0043ACA0, EDX=0x0000000A, ESI=0x008801C2, EDI=0x00880000
2026-01-08 13:44:18.282 [INFO] Win32Emu.Emulator: [IGN_TEAS Loop] Iteration 10812: EIP 0x0041269A→0x0041269D, ESP=0x001FEF68, EBP=0x001FEFFC, EAX=0x00880000, EBX=0x00000000, ECX=0x0043ACA0, EDX=0x0000000A, ESI=0x008801C4, EDI=0x00880000
2026-01-08 13:44:18.282 [INFO] Win32Emu.Emulator: [IGN_TEAS Loop] Iteration 10813: EIP 0x0041269D→0x004126A1, ESP=0x001FEF68, EBP=0x001FEFFC, EAX=0x00880000, EBX=0x00000000, ECX=0x0043ACA0, EDX=0x0000000A, ESI=0x008801C4, EDI=0x00880000
2026-01-08 13:44:18.282 [INFO] Win32Emu.Emulator: [IGN_TEAS Loop] Iteration 10814: EIP 0x004126A1→0x0041269A, ESP=0x001FEF68, EBP=0x001FEFFC, EAX=0x00880000, EBX=0x00000000, ECX=0x0043ACA0, EDX=0x0000000A, ESI=0x008801C4, EDI=0x00880000
2026-01-08 13:44:18.282 [INFO] Win32Emu.Emulator: [IGN_TEAS Loop] Iteration 10815: EIP 0x0041269A→0x0041269D, ESP=0x001FEF68, EBP=0x001FEFFC, EAX=0x00880000, EBX=0x00000000, ECX=0x0043ACA0, EDX=0x0000000A, ESI=0x008801C6, EDI=0x00880000
2026-01-08 13:44:18.282 [INFO] Win32Emu.Emulator: [IGN_TEAS Loop] Iteration 10816: EIP 0x0041269D→0x004126A1, ESP=0x001FEF68, EBP=0x001FEFFC, EAX=0x00880000, EBX=0x00000000, ECX=0x0043ACA0, EDX=0x0000000A, ESI=0x008801C6, EDI=0x00880000
2026-01-08 13:44:18.282 [INFO] Win32Emu.Emulator: [IGN_TEAS Loop] Iteration 10817: EIP 0x004126A1→0x0041269A, ESP=0x001FEF68, EBP=0x001FEFFC, EAX=0x00880000, EBX=0x00000000, ECX=0x0043ACA0, EDX=0x0000000A, ESI=0x008801C6, EDI=0x00880000
2026-01-08 13:44:18.282 [INFO] Win32Emu.Emulator: [IGN_TEAS Loop] Iteration 10818: EIP 0x0041269A→0x0041269D, ESP=0x001FEF68, EBP=0x001FEFFC, EAX=0x00880000, EBX=0x00000000, ECX=0x0043ACA0, EDX=0x0000000A, ESI=0x008801C8, EDI=0x00880000
2026-01-08 13:44:18.282 [INFO] Win32Emu.Emulator: [IGN_TEAS Loop] Iteration 10819: EIP 0x0041269D→0x004126A1, ESP=0x001FEF68, EBP=0x001FEFFC, EAX=0x00880000, EBX=0x00000000, ECX=0x0043ACA0, EDX=0x0000000A, ESI=0x008801C8, EDI=0x00880000
2026-01-08 13:44:18.282 [INFO] Win32Emu.Emulator: [IGN_TEAS Loop] Iteration 10820: EIP 0x004126A1→0x004126A3, ESP=0x001FEF68, EBP=0x001FEFFC, EAX=0x00880000, EBX=0x00000000, ECX=0x0043ACA0, EDX=0x0000000A, ESI=0x008801C8, EDI=0x00880000
2026-01-08 13:44:18.282 [INFO] Win32Emu.Emulator: [IGN_TEAS Loop] Iteration 10821: EIP 0x004126A3→0x004126A6, ESP=0x001FEF68, EBP=0x001FEFFC, EAX=0x00880000, EBX=0x00000000, ECX=0x0043ACA0, EDX=0x0000000A, ESI=0x008801CA, EDI=0x00880000
2026-01-08 13:44:18.282 [INFO] Win32Emu.Emulator: [IGN_TEAS Loop] Iteration 10822: EIP 0x004126A6→0x004126AA, ESP=0x001FEF68, EBP=0x001FEFFC, EAX=0x00880000, EBX=0x00000000, ECX=0x0043ACA0, EDX=0x0000000A, ESI=0x008801CA, EDI=0x00880000
2026-01-08 13:44:18.282 [INFO] Win32Emu.Emulator: [IGN_TEAS Loop] Iteration 10823: EIP 0x004126AA→0x0041269A, ESP=0x001FEF68, EBP=0x001FEFFC, EAX=0x00880000, EBX=0x00000000, ECX=0x0043ACA0, EDX=0x0000000A, ESI=0x008801CA, EDI=0x00880000
2026-01-08 13:44:18.282 [INFO] Win32Emu.Emulator: [IGN_TEAS Loop] Iteration 10824: EIP 0x0041269A→0x0041269D, ESP=0x001FEF68, EBP=0x001FEFFC, EAX=0x00880000, EBX=0x00000000, ECX=0x0043ACA0, EDX=0x0000000A, ESI=0x008801CC, EDI=0x00880000
2026-01-08 13:44:18.282 [INFO] Win32Emu.Emulator: [IGN_TEAS Loop] Iteration 10825: EIP 0x0041269D→0x004126A1, ESP=0x001FEF68, EBP=0x001FEFFC, EAX=0x00880000, EBX=0x00000000, ECX=0x0043ACA0, EDX=0x0000000A, ESI=0x008801CC, EDI=0x00880000
2026-01-08 13:44:18.282 [INFO] Win32Emu.Emulator: [IGN_TEAS Loop] Iteration 10826: EIP 0x004126A1→0x0041269A, ESP=0x001FEF68, EBP=0x001FEFFC, EAX=0x00880000, EBX=0x00000000, ECX=0x0043ACA0, EDX=0x0000000A, ESI=0x008801CC, EDI=0x00880000
2026-01-08 13:44:18.282 [INFO] Win32Emu.Emulator: [IGN_TEAS Loop] Iteration 10827: EIP 0x0041269A→0x0041269D, ESP=0x001FEF68, EBP=0x001FEFFC, EAX=0x00880000, EBX=0x00000000, ECX=0x0043ACA0, EDX=0x0000000A, ESI=0x008801CE, EDI=0x00880000
2026-01-08 13:44:18.282 [INFO] Win32Emu.Emulator: [IGN_TEAS Loop] Iteration 10828: EIP 0x0041269D→0x004126A1, ESP=0x001FEF68, EBP=0x001FEFFC, EAX=0x00880000, EBX=0x00000000, ECX=0x0043ACA0, EDX=0x0000000A, ESI=0x008801CE, EDI=0x00880000
2026-01-08 13:44:18.282 [INFO] Win32Emu.Emulator: [IGN_TEAS Loop] Iteration 10829: EIP 0x004126A1→0x0041269A, ESP=0x001FEF68, EBP=0x001FEFFC, EAX=0x00880000, EBX=0x00000000, ECX=0x0043ACA0, EDX=0x0000000A, ESI=0x008801CE, EDI=0x00880000
2026-01-08 13:44:18.282 [INFO] Win32Emu.Emulator: [IGN_TEAS Loop] Iteration 10830: EIP 0x0041269A→0x0041269D, ESP=0x001FEF68, EBP=0x001FEFFC, EAX=0x00880000, EBX=0x00000000, ECX=0x0043ACA0, EDX=0x0000000A, ESI=0x008801D0, EDI=0x00880000
2026-01-08 13:44:18.282 [INFO] Win32Emu.Emulator: [IGN_TEAS Loop] Iteration 10831: EIP 0x0041269D→0x004126A1, ESP=0x001FEF68, EBP=0x001FEFFC, EAX=0x00880000, EBX=0x00000000, ECX=0x0043ACA0, EDX=0x0000000A, ESI=0x008801D0, EDI=0x00880000
2026-01-08 13:44:18.282 [INFO] Win32Emu.Emulator: [IGN_TEAS Loop] Iteration 10832: EIP 0x004126A1→0x0041269A, ESP=0x001FEF68, EBP=0x001FEFFC, EAX=0x00880000, EBX=0x00000000, ECX=0x0043ACA0, EDX=0x0000000A, ESI=0x008801D0, EDI=0x00880000
2026-01-08 13:44:18.283 [INFO] Win32Emu.Emulator: [IGN_TEAS Loop] Iteration 10833: EIP 0x0041269A→0x0041269D, ESP=0x001FEF68, EBP=0x001FEFFC, EAX=0x00880000, EBX=0x00000000, ECX=0x0043ACA0, EDX=0x0000000A, ESI=0x008801D2, EDI=0x00880000
2026-01-08 13:44:18.283 [INFO] Win32Emu.Emulator: [IGN_TEAS Loop] Iteration 10834: EIP 0x0041269D→0x004126A1, ESP=0x001FEF68, EBP=0x001FEFFC, EAX=0x00880000, EBX=0x00000000, ECX=0x0043ACA0, EDX=0x0000000A, ESI=0x008801D2, EDI=0x00880000
2026-01-08 13:44:18.283 [INFO] Win32Emu.Emulator: [IGN_TEAS Loop] Iteration 10835: EIP 0x004126A1→0x0041269A, ESP=0x001FEF68, EBP=0x001FEFFC, EAX=0x00880000, EBX=0x00000000, ECX=0x0043ACA0, EDX=0x0000000A, ESI=0x008801D2, EDI=0x00880000
2026-01-08 13:44:18.283 [INFO] Win32Emu.Emulator: [IGN_TEAS Loop] Iteration 10836: EIP 0x0041269A→0x0041269D, ESP=0x001FEF68, EBP=0x001FEFFC, EAX=0x00880000, EBX=0x00000000, ECX=0x0043ACA0, EDX=0x0000000A, ESI=0x008801D4, EDI=0x00880000
2026-01-08 13:44:18.283 [INFO] Win32Emu.Emulator: [IGN_TEAS Loop] Iteration 10837: EIP 0x0041269D→0x004126A1, ESP=0x001FEF68, EBP=0x001FEFFC, EAX=0x00880000, EBX=0x00000000, ECX=0x0043ACA0, EDX=0x0000000A, ESI=0x008801D4, EDI=0x00880000
2026-01-08 13:44:18.283 [INFO] Win32Emu.Emulator: [IGN_TEAS Loop] Iteration 10838: EIP 0x004126A1→0x0041269A, ESP=0x001FEF68, EBP=0x001FEFFC, EAX=0x00880000, EBX=0x00000000, ECX=0x0043ACA0, EDX=0x0000000A, ESI=0x008801D4, EDI=0x00880000
2026-01-08 13:44:18.283 [INFO] Win32Emu.Emulator: [IGN_TEAS Loop] Iteration 10839: EIP 0x0041269A→0x0041269D, ESP=0x001FEF68, EBP=0x001FEFFC, EAX=0x00880000, EBX=0x00000000, ECX=0x0043ACA0, EDX=0x0000000A, ESI=0x008801D6, EDI=0x00880000
2026-01-08 13:44:18.283 [INFO] Win32Emu.Emulator: [IGN_TEAS Loop] Iteration 10840: EIP 0x0041269D→0x004126A1, ESP=0x001FEF68, EBP=0x001FEFFC, EAX=0x00880000, EBX=0x00000000, ECX=0x0043ACA0, EDX=0x0000000A, ESI=0x008801D6, EDI=0x00880000
2026-01-08 13:44:18.283 [INFO] Win32Emu.Emulator: [IGN_TEAS Loop] Iteration 10841: EIP 0x004126A1→0x0041269A, ESP=0x001FEF68, EBP=0x001FEFFC, EAX=0x00880000, EBX=0x00000000, ECX=0x0043ACA0, EDX=0x0000000A, ESI=0x008801D6, EDI=0x00880000
2026-01-08 13:44:18.283 [INFO] Win32Emu.Emulator: [IGN_TEAS Loop] Iteration 10842: EIP 0x0041269A→0x0041269D, ESP=0x001FEF68, EBP=0x001FEFFC, EAX=0x00880000, EBX=0x00000000, ECX=0x0043ACA0, EDX=0x0000000A, ESI=0x008801D8, EDI=0x00880000
2026-01-08 13:44:18.283 [INFO] Win32Emu.Emulator: [IGN_TEAS Loop] Iteration 10843: EIP 0x0041269D→0x004126A1, ESP=0x001FEF68, EBP=0x001FEFFC, EAX=0x00880000, EBX=0x00000000, ECX=0x0043ACA0, EDX=0x0000000A, ESI=0x008801D8, EDI=0x00880000
2026-01-08 13:44:18.283 [INFO] Win32Emu.Emulator: [IGN_TEAS Loop] Iteration 10844: EIP 0x004126A1→0x0041269A, ESP=0x001FEF68, EBP=0x001FEFFC, EAX=0x00880000, EBX=0x00000000, ECX=0x0043ACA0, EDX=0x0000000A, ESI=0x008801D8, EDI=0x00880000
2026-01-08 13:44:18.283 [INFO] Win32Emu.Emulator: [IGN_TEAS Loop] Iteration 10845: EIP 0x0041269A→0x0041269D, ESP=0x001FEF68, EBP=0x001FEFFC, EAX=0x00880000, EBX=0x00000000, ECX=0x0043ACA0, EDX=0x0000000A, ESI=0x008801DA, EDI=0x00880000
2026-01-08 13:44:18.283 [INFO] Win32Emu.Emulator: [IGN_TEAS Loop] Iteration 10846: EIP 0x0041269D→0x004126A1, ESP=0x001FEF68, EBP=0x001FEFFC, EAX=0x00880000, EBX=0x00000000, ECX=0x0043ACA0, EDX=0x0000000A, ESI=0x008801DA, EDI=0x00880000
2026-01-08 13:44:18.283 [INFO] Win32Emu.Emulator: [IGN_TEAS Loop] Iteration 10847: EIP 0x004126A1→0x0041269A, ESP=0x001FEF68, EBP=0x001FEFFC, EAX=0x00880000, EBX=0x00000000, ECX=0x0043ACA0, EDX=0x0000000A, ESI=0x008801DA, EDI=0x00880000
2026-01-08 13:44:18.283 [INFO] Win32Emu.Emulator: [IGN_TEAS Loop] Iteration 10848: EIP 0x0041269A→0x0041269D, ESP=0x001FEF68, EBP=0x001FEFFC, EAX=0x00880000, EBX=0x00000000, ECX=0x0043ACA0, EDX=0x0000000A, ESI=0x008801DC, EDI=0x00880000
2026-01-08 13:44:18.283 [INFO] Win32Emu.Emulator: [IGN_TEAS Loop] Iteration 10849: EIP 0x0041269D→0x004126A1, ESP=0x001FEF68, EBP=0x001FEFFC, EAX=0x00880000, EBX=0x00000000, ECX=0x0043ACA0, EDX=0x0000000A, ESI=0x008801DC, EDI=0x00880000
2026-01-08 13:44:18.283 [INFO] Win32Emu.Emulator: [IGN_TEAS Loop] Iteration 10850: EIP 0x004126A1→0x0041269A, ESP=0x001FEF68, EBP=0x001FEFFC, EAX=0x00880000, EBX=0x00000000, ECX=0x0043ACA0, EDX=0x0000000A, ESI=0x008801DC, EDI=0x00880000
2026-01-08 13:44:18.283 [INFO] Win32Emu.Emulator: [IGN_TEAS Loop] Iteration 10851: EIP 0x0041269A→0x0041269D, ESP=0x001FEF68, EBP=0x001FEFFC, EAX=0x00880000, EBX=0x00000000, ECX=0x0043ACA0, EDX=0x0000000A, ESI=0x008801DE, EDI=0x00880000
2026-01-08 13:44:18.283 [INFO] Win32Emu.Emulator: [IGN_TEAS Loop] Iteration 10852: EIP 0x0041269D→0x004126A1, ESP=0x001FEF68, EBP=0x001FEFFC, EAX=0x00880000, EBX=0x00000000, ECX=0x0043ACA0, EDX=0x0000000A, ESI=0x008801DE, EDI=0x00880000
2026-01-08 13:44:18.283 [INFO] Win32Emu.Emulator: [IGN_TEAS Loop] Iteration 10853: EIP 0x004126A1→0x0041269A, ESP=0x001FEF68, EBP=0x001FEFFC, EAX=0x00880000, EBX=0x00000000, ECX=0x0043ACA0, EDX=0x0000000A, ESI=0x008801DE, EDI=0x00880000
2026-01-08 13:44:18.283 [INFO] Win32Emu.Emulator: [IGN_TEAS Loop] Iteration 10854: EIP 0x0041269A→0x0041269D, ESP=0x001FEF68, EBP=0x001FEFFC, EAX=0x00880000, EBX=0x00000000, ECX=0x0043ACA0, EDX=0x0000000A, ESI=0x008801E0, EDI=0x00880000
2026-01-08 13:44:18.283 [INFO] Win32Emu.Emulator: [IGN_TEAS Loop] Iteration 10855: EIP 0x0041269D→0x004126A1, ESP=0x001FEF68, EBP=0x001FEFFC, EAX=0x00880000, EBX=0x00000000, ECX=0x0043ACA0, EDX=0x0000000A, ESI=0x008801E0, EDI=0x00880000
2026-01-08 13:44:18.283 [INFO] Win32Emu.Emulator: [IGN_TEAS Loop] Iteration 10856: EIP 0x004126A1→0x0041269A, ESP=0x001FEF68, EBP=0x001FEFFC, EAX=0x00880000, EBX=0x00000000, ECX=0x0043ACA0, EDX=0x0000000A, ESI=0x008801E0, EDI=0x00880000
2026-01-08 13:44:18.283 [INFO] Win32Emu.Emulator: [IGN_TEAS Loop] Iteration 10857: EIP 0x0041269A→0x0041269D, ESP=0x001FEF68, EBP=0x001FEFFC, EAX=0x00880000, EBX=0x00000000, ECX=0x0043ACA0, EDX=0x0000000A, ESI=0x008801E2, EDI=0x00880000
2026-01-08 13:44:18.283 [INFO] Win32Emu.Emulator: [IGN_TEAS Loop] Iteration 10858: EIP 0x0041269D→0x004126A1, ESP=0x001FEF68, EBP=0x001FEFFC, EAX=0x00880000, EBX=0x00000000, ECX=0x0043ACA0, EDX=0x0000000A, ESI=0x008801E2, EDI=0x00880000
2026-01-08 13:44:18.283 [INFO] Win32Emu.Emulator: [IGN_TEAS Loop] Iteration 10859: EIP 0x004126A1→0x0041269A, ESP=0x001FEF68, EBP=0x001FEFFC, EAX=0x00880000, EBX=0x00000000, ECX=0x0043ACA0, EDX=0x0000000A, ESI=0x008801E2, EDI=0x00880000
2026-01-08 13:44:18.283 [INFO] Win32Emu.Emulator: [IGN_TEAS Loop] Iteration 10860: EIP 0x0041269A→0x0041269D, ESP=0x001FEF68, EBP=0x001FEFFC, EAX=0x00880000, EBX=0x00000000, ECX=0x0043ACA0, EDX=0x0000000A, ESI=0x008801E4, EDI=0x00880000
2026-01-08 13:44:18.283 [INFO] Win32Emu.Emulator: [IGN_TEAS Loop] Iteration 10861: EIP 0x0041269D→0x004126A1, ESP=0x001FEF68, EBP=0x001FEFFC, EAX=0x00880000, EBX=0x00000000, ECX=0x0043ACA0, EDX=0x0000000A, ESI=0x008801E4, EDI=0x00880000
2026-01-08 13:44:18.283 [INFO] Win32Emu.Emulator: [IGN_TEAS Loop] Iteration 10862: EIP 0x004126A1→0x0041269A, ESP=0x001FEF68, EBP=0x001FEFFC, EAX=0x00880000, EBX=0x00000000, ECX=0x0043ACA0, EDX=0x0000000A, ESI=0x008801E4, EDI=0x00880000
2026-01-08 13:44:18.283 [INFO] Win32Emu.Emulator: [IGN_TEAS Loop] Iteration 10863: EIP 0x0041269A→0x0041269D, ESP=0x001FEF68, EBP=0x001FEFFC, EAX=0x00880000, EBX=0x00000000, ECX=0x0043ACA0, EDX=0x0000000A, ESI=0x008801E6, EDI=0x00880000
2026-01-08 13:44:18.284 [INFO] Win32Emu.Emulator: [IGN_TEAS Loop] Iteration 10864: EIP 0x0041269D→0x004126A1, ESP=0x001FEF68, EBP=0x001FEFFC, EAX=0x00880000, EBX=0x00000000, ECX=0x0043ACA0, EDX=0x0000000A, ESI=0x008801E6, EDI=0x00880000
2026-01-08 13:44:18.284 [INFO] Win32Emu.Emulator: [IGN_TEAS Loop] Iteration 10865: EIP 0x004126A1→0x0041269A, ESP=0x001FEF68, EBP=0x001FEFFC, EAX=0x00880000, EBX=0x00000000, ECX=0x0043ACA0, EDX=0x0000000A, ESI=0x008801E6, EDI=0x00880000
2026-01-08 13:44:18.284 [INFO] Win32Emu.Emulator: [IGN_TEAS Loop] Iteration 10866: EIP 0x0041269A→0x0041269D, ESP=0x001FEF68, EBP=0x001FEFFC, EAX=0x00880000, EBX=0x00000000, ECX=0x0043ACA0, EDX=0x0000000A, ESI=0x008801E8, EDI=0x00880000
2026-01-08 13:44:18.284 [INFO] Win32Emu.Emulator: [IGN_TEAS Loop] Iteration 10867: EIP 0x0041269D→0x004126A1, ESP=0x001FEF68, EBP=0x001FEFFC, EAX=0x00880000, EBX=0x00000000, ECX=0x0043ACA0, EDX=0x0000000A, ESI=0x008801E8, EDI=0x00880000
2026-01-08 13:44:18.284 [INFO] Win32Emu.Emulator: [IGN_TEAS Loop] Iteration 10868: EIP 0x004126A1→0x0041269A, ESP=0x001FEF68, EBP=0x001FEFFC, EAX=0x00880000, EBX=0x00000000, ECX=0x0043ACA0, EDX=0x0000000A, ESI=0x008801E8, EDI=0x00880000
2026-01-08 13:44:18.284 [INFO] Win32Emu.Emulator: [IGN_TEAS Loop] Iteration 10869: EIP 0x0041269A→0x0041269D, ESP=0x001FEF68, EBP=0x001FEFFC, EAX=0x00880000, EBX=0x00000000, ECX=0x0043ACA0, EDX=0x0000000A, ESI=0x008801EA, EDI=0x00880000
2026-01-08 13:44:18.284 [INFO] Win32Emu.Emulator: [IGN_TEAS Loop] Iteration 10870: EIP 0x0041269D→0x004126A1, ESP=0x001FEF68, EBP=0x001FEFFC, EAX=0x00880000, EBX=0x00000000, ECX=0x0043ACA0, EDX=0x0000000A, ESI=0x008801EA, EDI=0x00880000
2026-01-08 13:44:18.284 [INFO] Win32Emu.Emulator: [IGN_TEAS Loop] Iteration 10871: EIP 0x004126A1→0x0041269A, ESP=0x001FEF68, EBP=0x001FEFFC, EAX=0x00880000, EBX=0x00000000, ECX=0x0043ACA0, EDX=0x0000000A, ESI=0x008801EA, EDI=0x00880000
2026-01-08 13:44:18.284 [INFO] Win32Emu.Emulator: [IGN_TEAS Loop] Iteration 10872: EIP 0x0041269A→0x0041269D, ESP=0x001FEF68, EBP=0x001FEFFC, EAX=0x00880000, EBX=0x00000000, ECX=0x0043ACA0, EDX=0x0000000A, ESI=0x008801EC, EDI=0x00880000
2026-01-08 13:44:18.284 [INFO] Win32Emu.Emulator: [IGN_TEAS Loop] Iteration 10873: EIP 0x0041269D→0x004126A1, ESP=0x001FEF68, EBP=0x001FEFFC, EAX=0x00880000, EBX=0x00000000, ECX=0x0043ACA0, EDX=0x0000000A, ESI=0x008801EC, EDI=0x00880000
2026-01-08 13:44:18.284 [INFO] Win32Emu.Emulator: [IGN_TEAS Loop] Iteration 10874: EIP 0x004126A1→0x0041269A, ESP=0x001FEF68, EBP=0x001FEFFC, EAX=0x00880000, EBX=0x00000000, ECX=0x0043ACA0, EDX=0x0000000A, ESI=0x008801EC, EDI=0x00880000
2026-01-08 13:44:18.284 [INFO] Win32Emu.Emulator: [IGN_TEAS Loop] Iteration 10875: EIP 0x0041269A→0x0041269D, ESP=0x001FEF68, EBP=0x001FEFFC, EAX=0x00880000, EBX=0x00000000, ECX=0x0043ACA0, EDX=0x0000000A, ESI=0x008801EE, EDI=0x00880000
2026-01-08 13:44:18.284 [INFO] Win32Emu.Emulator: [IGN_TEAS Loop] Iteration 10876: EIP 0x0041269D→0x004126A1, ESP=0x001FEF68, EBP=0x001FEFFC, EAX=0x00880000, EBX=0x00000000, ECX=0x0043ACA0, EDX=0x0000000A, ESI=0x008801EE, EDI=0x00880000
2026-01-08 13:44:18.284 [INFO] Win32Emu.Emulator: [IGN_TEAS Loop] Iteration 10877: EIP 0x004126A1→0x0041269A, ESP=0x001FEF68, EBP=0x001FEFFC, EAX=0x00880000, EBX=0x00000000, ECX=0x0043ACA0, EDX=0x0000000A, ESI=0x008801EE, EDI=0x00880000
2026-01-08 13:44:18.284 [INFO] Win32Emu.Emulator: [IGN_TEAS Loop] Iteration 10878: EIP 0x0041269A→0x0041269D, ESP=0x001FEF68, EBP=0x001FEFFC, EAX=0x00880000, EBX=0x00000000, ECX=0x0043ACA0, EDX=0x0000000A, ESI=0x008801F0, EDI=0x00880000
2026-01-08 13:44:18.284 [INFO] Win32Emu.Emulator: [IGN_TEAS Loop] Iteration 10879: EIP 0x0041269D→0x004126A1, ESP=0x001FEF68, EBP=0x001FEFFC, EAX=0x00880000, EBX=0x00000000, ECX=0x0043ACA0, EDX=0x0000000A, ESI=0x008801F0, EDI=0x00880000
2026-01-08 13:44:18.284 [INFO] Win32Emu.Emulator: [IGN_TEAS Loop] Iteration 10880: EIP 0x004126A1→0x0041269A, ESP=0x001FEF68, EBP=0x001FEFFC, EAX=0x00880000, EBX=0x00000000, ECX=0x0043ACA0, EDX=0x0000000A, ESI=0x008801F0, EDI=0x00880000
2026-01-08 13:44:18.284 [INFO] Win32Emu.Emulator: [IGN_TEAS Loop] Iteration 10881: EIP 0x0041269A→0x0041269D, ESP=0x001FEF68, EBP=0x001FEFFC, EAX=0x00880000, EBX=0x00000000, ECX=0x0043ACA0, EDX=0x0000000A, ESI=0x008801F2, EDI=0x00880000
2026-01-08 13:44:18.284 [INFO] Win32Emu.Emulator: [IGN_TEAS Loop] Iteration 10882: EIP 0x0041269D→0x004126A1, ESP=0x001FEF68, EBP=0x001FEFFC, EAX=0x00880000, EBX=0x00000000, ECX=0x0043ACA0, EDX=0x0000000A, ESI=0x008801F2, EDI=0x00880000
2026-01-08 13:44:18.284 [INFO] Win32Emu.Emulator: [IGN_TEAS Loop] Iteration 10883: EIP 0x004126A1→0x0041269A, ESP=0x001FEF68, EBP=0x001FEFFC, EAX=0x00880000, EBX=0x00000000, ECX=0x0043ACA0, EDX=0x0000000A, ESI=0x008801F2, EDI=0x00880000
2026-01-08 13:44:18.284 [INFO] Win32Emu.Emulator: [IGN_TEAS Loop] Iteration 10884: EIP 0x0041269A→0x0041269D, ESP=0x001FEF68, EBP=0x001FEFFC, EAX=0x00880000, EBX=0x00000000, ECX=0x0043ACA0, EDX=0x0000000A, ESI=0x008801F4, EDI=0x00880000
2026-01-08 13:44:18.284 [INFO] Win32Emu.Emulator: [IGN_TEAS Loop] Iteration 10885: EIP 0x0041269D→0x004126A1, ESP=0x001FEF68, EBP=0x001FEFFC, EAX=0x00880000, EBX=0x00000000, ECX=0x0043ACA0, EDX=0x0000000A, ESI=0x008801F4, EDI=0x00880000
2026-01-08 13:44:18.284 [INFO] Win32Emu.Emulator: [IGN_TEAS Loop] Iteration 10886: EIP 0x004126A1→0x004126A3, ESP=0x001FEF68, EBP=0x001FEFFC, EAX=0x00880000, EBX=0x00000000, ECX=0x0043ACA0, EDX=0x0000000A, ESI=0x008801F4, EDI=0x00880000
2026-01-08 13:44:18.284 [INFO] Win32Emu.Emulator: [IGN_TEAS Loop] Iteration 10887: EIP 0x004126A3→0x004126A6, ESP=0x001FEF68, EBP=0x001FEFFC, EAX=0x00880000, EBX=0x00000000, ECX=0x0043ACA0, EDX=0x0000000A, ESI=0x008801F6, EDI=0x00880000
2026-01-08 13:44:18.284 [INFO] Win32Emu.Emulator: [IGN_TEAS Loop] Iteration 10888: EIP 0x004126A6→0x004126AA, ESP=0x001FEF68, EBP=0x001FEFFC, EAX=0x00880000, EBX=0x00000000, ECX=0x0043ACA0, EDX=0x0000000A, ESI=0x008801F6, EDI=0x00880000
2026-01-08 13:44:18.284 [INFO] Win32Emu.Emulator: [IGN_TEAS Loop] Iteration 10889: EIP 0x004126AA→0x0041269A, ESP=0x001FEF68, EBP=0x001FEFFC, EAX=0x00880000, EBX=0x00000000, ECX=0x0043ACA0, EDX=0x0000000A, ESI=0x008801F6, EDI=0x00880000
2026-01-08 13:44:18.284 [INFO] Win32Emu.Emulator: [IGN_TEAS Loop] Iteration 10890: EIP 0x0041269A→0x0041269D, ESP=0x001FEF68, EBP=0x001FEFFC, EAX=0x00880000, EBX=0x00000000, ECX=0x0043ACA0, EDX=0x0000000A, ESI=0x008801F8, EDI=0x00880000
2026-01-08 13:44:18.284 [INFO] Win32Emu.Emulator: [IGN_TEAS Loop] Iteration 10891: EIP 0x0041269D→0x004126A1, ESP=0x001FEF68, EBP=0x001FEFFC, EAX=0x00880000, EBX=0x00000000, ECX=0x0043ACA0, EDX=0x0000000A, ESI=0x008801F8, EDI=0x00880000
2026-01-08 13:44:18.284 [INFO] Win32Emu.Emulator: [IGN_TEAS Loop] Iteration 10892: EIP 0x004126A1→0x0041269A, ESP=0x001FEF68, EBP=0x001FEFFC, EAX=0x00880000, EBX=0x00000000, ECX=0x0043ACA0, EDX=0x0000000A, ESI=0x008801F8, EDI=0x00880000
2026-01-08 13:44:18.284 [INFO] Win32Emu.Emulator: [IGN_TEAS Loop] Iteration 10893: EIP 0x0041269A→0x0041269D, ESP=0x001FEF68, EBP=0x001FEFFC, EAX=0x00880000, EBX=0x00000000, ECX=0x0043ACA0, EDX=0x0000000A, ESI=0x008801FA, EDI=0x00880000
2026-01-08 13:44:18.284 [INFO] Win32Emu.Emulator: [IGN_TEAS Loop] Iteration 10894: EIP 0x0041269D→0x004126A1, ESP=0x001FEF68, EBP=0x001FEFFC, EAX=0x00880000, EBX=0x00000000, ECX=0x0043ACA0, EDX=0x0000000A, ESI=0x008801FA, EDI=0x00880000
2026-01-08 13:44:18.284 [INFO] Win32Emu.Emulator: [IGN_TEAS Loop] Iteration 10895: EIP 0x004126A1→0x0041269A, ESP=0x001FEF68, EBP=0x001FEFFC, EAX=0x00880000, EBX=0x00000000, ECX=0x0043ACA0, EDX=0x0000000A, ESI=0x008801FA, EDI=0x00880000
2026-01-08 13:44:18.285 [INFO] Win32Emu.Emulator: [IGN_TEAS Loop] Iteration 10896: EIP 0x0041269A→0x0041269D, ESP=0x001FEF68, EBP=0x001FEFFC, EAX=0x00880000, EBX=0x00000000, ECX=0x0043ACA0, EDX=0x0000000A, ESI=0x008801FC, EDI=0x00880000
2026-01-08 13:44:18.285 [INFO] Win32Emu.Emulator: [IGN_TEAS Loop] Iteration 10897: EIP 0x0041269D→0x004126A1, ESP=0x001FEF68, EBP=0x001FEFFC, EAX=0x00880000, EBX=0x00000000, ECX=0x0043ACA0, EDX=0x0000000A, ESI=0x008801FC, EDI=0x00880000
2026-01-08 13:44:18.285 [INFO] Win32Emu.Emulator: [IGN_TEAS Loop] Iteration 10898: EIP 0x004126A1→0x0041269A, ESP=0x001FEF68, EBP=0x001FEFFC, EAX=0x00880000, EBX=0x00000000, ECX=0x0043ACA0, EDX=0x0000000A, ESI=0x008801FC, EDI=0x00880000
2026-01-08 13:44:18.285 [INFO] Win32Emu.Emulator: [IGN_TEAS Loop] Iteration 10899: EIP 0x0041269A→0x0041269D, ESP=0x001FEF68, EBP=0x001FEFFC, EAX=0x00880000, EBX=0x00000000, ECX=0x0043ACA0, EDX=0x0000000A, ESI=0x008801FE, EDI=0x00880000
2026-01-08 13:44:18.285 [INFO] Win32Emu.Emulator: [IGN_TEAS Loop] Iteration 10900: EIP 0x0041269D→0x004126A1, ESP=0x001FEF68, EBP=0x001FEFFC, EAX=0x00880000, EBX=0x00000000, ECX=0x0043ACA0, EDX=0x0000000A, ESI=0x008801FE, EDI=0x00880000
2026-01-08 13:44:18.285 [INFO] Win32Emu.Emulator: [IGN_TEAS Loop] Iteration 10901: EIP 0x004126A1→0x0041269A, ESP=0x001FEF68, EBP=0x001FEFFC, EAX=0x00880000, EBX=0x00000000, ECX=0x0043ACA0, EDX=0x0000000A, ESI=0x008801FE, EDI=0x00880000
2026-01-08 13:44:18.285 [INFO] Win32Emu.Emulator: [IGN_TEAS Loop] Iteration 10902: EIP 0x0041269A→0x0041269D, ESP=0x001FEF68, EBP=0x001FEFFC, EAX=0x00880000, EBX=0x00000000, ECX=0x0043ACA0, EDX=0x0000000A, ESI=0x00880200, EDI=0x00880000
2026-01-08 13:44:18.285 [INFO] Win32Emu.Emulator: [IGN_TEAS Loop] Iteration 10903: EIP 0x0041269D→0x004126A1, ESP=0x001FEF68, EBP=0x001FEFFC, EAX=0x00880000, EBX=0x00000000, ECX=0x0043ACA0, EDX=0x0000000A, ESI=0x00880200, EDI=0x00880000
2026-01-08 13:44:18.285 [INFO] Win32Emu.Emulator: [IGN_TEAS Loop] Iteration 10904: EIP 0x004126A1→0x0041269A, ESP=0x001FEF68, EBP=0x001FEFFC, EAX=0x00880000, EBX=0x00000000, ECX=0x0043ACA0, EDX=0x0000000A, ESI=0x00880200, EDI=0x00880000
2026-01-08 13:44:18.285 [INFO] Win32Emu.Emulator: [IGN_TEAS Loop] Iteration 10905: EIP 0x0041269A→0x0041269D, ESP=0x001FEF68, EBP=0x001FEFFC, EAX=0x00880000, EBX=0x00000000, ECX=0x0043ACA0, EDX=0x0000000A, ESI=0x00880202, EDI=0x00880000
2026-01-08 13:44:18.285 [INFO] Win32Emu.Emulator: [IGN_TEAS Loop] Iteration 10906: EIP 0x0041269D→0x004126A1, ESP=0x001FEF68, EBP=0x001FEFFC, EAX=0x00880000, EBX=0x00000000, ECX=0x0043ACA0, EDX=0x0000000A, ESI=0x00880202, EDI=0x00880000
2026-01-08 13:44:18.285 [INFO] Win32Emu.Emulator: [IGN_TEAS Loop] Iteration 10907: EIP 0x004126A1→0x0041269A, ESP=0x001FEF68, EBP=0x001FEFFC, EAX=0x00880000, EBX=0x00000000, ECX=0x0043ACA0, EDX=0x0000000A, ESI=0x00880202, EDI=0x00880000
2026-01-08 13:44:18.285 [INFO] Win32Emu.Emulator: [IGN_TEAS Loop] Iteration 10908: EIP 0x0041269A→0x0041269D, ESP=0x001FEF68, EBP=0x001FEFFC, EAX=0x00880000, EBX=0x00000000, ECX=0x0043ACA0, EDX=0x0000000A, ESI=0x00880204, EDI=0x00880000
2026-01-08 13:44:18.285 [INFO] Win32Emu.Emulator: [IGN_TEAS Loop] Iteration 10909: EIP 0x0041269D→0x004126A1, ESP=0x001FEF68, EBP=0x001FEFFC, EAX=0x00880000, EBX=0x00000000, ECX=0x0043ACA0, EDX=0x0000000A, ESI=0x00880204, EDI=0x00880000
2026-01-08 13:44:18.285 [INFO] Win32Emu.Emulator: [IGN_TEAS Loop] Iteration 10910: EIP 0x004126A1→0x0041269A, ESP=0x001FEF68, EBP=0x001FEFFC, EAX=0x00880000, EBX=0x00000000, ECX=0x0043ACA0, EDX=0x0000000A, ESI=0x00880204, EDI=0x00880000
2026-01-08 13:44:18.285 [INFO] Win32Emu.Emulator: [IGN_TEAS Loop] Iteration 10911: EIP 0x0041269A→0x0041269D, ESP=0x001FEF68, EBP=0x001FEFFC, EAX=0x00880000, EBX=0x00000000, ECX=0x0043ACA0, EDX=0x0000000A, ESI=0x00880206, EDI=0x00880000
2026-01-08 13:44:18.285 [INFO] Win32Emu.Emulator: [IGN_TEAS Loop] Iteration 10912: EIP 0x0041269D→0x004126A1, ESP=0x001FEF68, EBP=0x001FEFFC, EAX=0x00880000, EBX=0x00000000, ECX=0x0043ACA0, EDX=0x0000000A, ESI=0x00880206, EDI=0x00880000
2026-01-08 13:44:18.285 [INFO] Win32Emu.Emulator: [IGN_TEAS Loop] Iteration 10913: EIP 0x004126A1→0x0041269A, ESP=0x001FEF68, EBP=0x001FEFFC, EAX=0x00880000, EBX=0x00000000, ECX=0x0043ACA0, EDX=0x0000000A, ESI=0x00880206, EDI=0x00880000
2026-01-08 13:44:18.285 [INFO] Win32Emu.Emulator: [IGN_TEAS Loop] Iteration 10914: EIP 0x0041269A→0x0041269D, ESP=0x001FEF68, EBP=0x001FEFFC, EAX=0x00880000, EBX=0x00000000, ECX=0x0043ACA0, EDX=0x0000000A, ESI=0x00880208, EDI=0x00880000
2026-01-08 13:44:18.285 [INFO] Win32Emu.Emulator: [IGN_TEAS Loop] Iteration 10915: EIP 0x0041269D→0x004126A1, ESP=0x001FEF68, EBP=0x001FEFFC, EAX=0x00880000, EBX=0x00000000, ECX=0x0043ACA0, EDX=0x0000000A, ESI=0x00880208, EDI=0x00880000
2026-01-08 13:44:18.285 [INFO] Win32Emu.Emulator: [IGN_TEAS Loop] Iteration 10916: EIP 0x004126A1→0x0041269A, ESP=0x001FEF68, EBP=0x001FEFFC, EAX=0x00880000, EBX=0x00000000, ECX=0x0043ACA0, EDX=0x0000000A, ESI=0x00880208, EDI=0x00880000
2026-01-08 13:44:18.285 [INFO] Win32Emu.Emulator: [IGN_TEAS Loop] Iteration 10917: EIP 0x0041269A→0x0041269D, ESP=0x001FEF68, EBP=0x001FEFFC, EAX=0x00880000, EBX=0x00000000, ECX=0x0043ACA0, EDX=0x0000000A, ESI=0x0088020A, EDI=0x00880000
2026-01-08 13:44:18.285 [INFO] Win32Emu.Emulator: [IGN_TEAS Loop] Iteration 10918: EIP 0x0041269D→0x004126A1, ESP=0x001FEF68, EBP=0x001FEFFC, EAX=0x00880000, EBX=0x00000000, ECX=0x0043ACA0, EDX=0x0000000A, ESI=0x0088020A, EDI=0x00880000
2026-01-08 13:44:18.285 [INFO] Win32Emu.Emulator: [IGN_TEAS Loop] Iteration 10919: EIP 0x004126A1→0x0041269A, ESP=0x001FEF68, EBP=0x001FEFFC, EAX=0x00880000, EBX=0x00000000, ECX=0x0043ACA0, EDX=0x0000000A, ESI=0x0088020A, EDI=0x00880000
2026-01-08 13:44:18.285 [INFO] Win32Emu.Emulator: [IGN_TEAS Loop] Iteration 10920: EIP 0x0041269A→0x0041269D, ESP=0x001FEF68, EBP=0x001FEFFC, EAX=0x00880000, EBX=0x00000000, ECX=0x0043ACA0, EDX=0x0000000A, ESI=0x0088020C, EDI=0x00880000
2026-01-08 13:44:18.285 [INFO] Win32Emu.Emulator: [IGN_TEAS Loop] Iteration 10921: EIP 0x0041269D→0x004126A1, ESP=0x001FEF68, EBP=0x001FEFFC, EAX=0x00880000, EBX=0x00000000, ECX=0x0043ACA0, EDX=0x0000000A, ESI=0x0088020C, EDI=0x00880000
2026-01-08 13:44:18.285 [INFO] Win32Emu.Emulator: [IGN_TEAS Loop] Iteration 10922: EIP 0x004126A1→0x0041269A, ESP=0x001FEF68, EBP=0x001FEFFC, EAX=0x00880000, EBX=0x00000000, ECX=0x0043ACA0, EDX=0x0000000A, ESI=0x0088020C, EDI=0x00880000
2026-01-08 13:44:18.285 [INFO] Win32Emu.Emulator: [IGN_TEAS Loop] Iteration 10923: EIP 0x0041269A→0x0041269D, ESP=0x001FEF68, EBP=0x001FEFFC, EAX=0x00880000, EBX=0x00000000, ECX=0x0043ACA0, EDX=0x0000000A, ESI=0x0088020E, EDI=0x00880000
2026-01-08 13:44:18.285 [INFO] Win32Emu.Emulator: [IGN_TEAS Loop] Iteration 10924: EIP 0x0041269D→0x004126A1, ESP=0x001FEF68, EBP=0x001FEFFC, EAX=0x00880000, EBX=0x00000000, ECX=0x0043ACA0, EDX=0x0000000A, ESI=0x0088020E, EDI=0x00880000
2026-01-08 13:44:18.285 [INFO] Win32Emu.Emulator: [IGN_TEAS Loop] Iteration 10925: EIP 0x004126A1→0x004126A3, ESP=0x001FEF68, EBP=0x001FEFFC, EAX=0x00880000, EBX=0x00000000, ECX=0x0043ACA0, EDX=0x0000000A, ESI=0x0088020E, EDI=0x00880000
2026-01-08 13:44:18.285 [INFO] Win32Emu.Emulator: [IGN_TEAS Loop] Iteration 10926: EIP 0x004126A3→0x004126A6, ESP=0x001FEF68, EBP=0x001FEFFC, EAX=0x00880000, EBX=0x00000000, ECX=0x0043ACA0, EDX=0x0000000A, ESI=0x00880210, EDI=0x00880000
2026-01-08 13:44:18.285 [INFO] Win32Emu.Emulator: [IGN_TEAS Loop] Iteration 10927: EIP 0x004126A6→0x004126AA, ESP=0x001FEF68, EBP=0x001FEFFC, EAX=0x00880000, EBX=0x00000000, ECX=0x0043ACA0, EDX=0x0000000A, ESI=0x00880210, EDI=0x00880000
2026-01-08 13:44:18.286 [INFO] Win32Emu.Emulator: [IGN_TEAS Loop] Iteration 10928: EIP 0x004126AA→0x0041269A, ESP=0x001FEF68, EBP=0x001FEFFC, EAX=0x00880000, EBX=0x00000000, ECX=0x0043ACA0, EDX=0x0000000A, ESI=0x00880210, EDI=0x00880000
2026-01-08 13:44:18.286 [INFO] Win32Emu.Emulator: [IGN_TEAS Loop] Iteration 10929: EIP 0x0041269A→0x0041269D, ESP=0x001FEF68, EBP=0x001FEFFC, EAX=0x00880000, EBX=0x00000000, ECX=0x0043ACA0, EDX=0x0000000A, ESI=0x00880212, EDI=0x00880000
2026-01-08 13:44:18.286 [INFO] Win32Emu.Emulator: [IGN_TEAS Loop] Iteration 10930: EIP 0x0041269D→0x004126A1, ESP=0x001FEF68, EBP=0x001FEFFC, EAX=0x00880000, EBX=0x00000000, ECX=0x0043ACA0, EDX=0x0000000A, ESI=0x00880212, EDI=0x00880000
2026-01-08 13:44:18.286 [INFO] Win32Emu.Emulator: [IGN_TEAS Loop] Iteration 10931: EIP 0x004126A1→0x0041269A, ESP=0x001FEF68, EBP=0x001FEFFC, EAX=0x00880000, EBX=0x00000000, ECX=0x0043ACA0, EDX=0x0000000A, ESI=0x00880212, EDI=0x00880000
2026-01-08 13:44:18.286 [INFO] Win32Emu.Emulator: [IGN_TEAS Loop] Iteration 10932: EIP 0x0041269A→0x0041269D, ESP=0x001FEF68, EBP=0x001FEFFC, EAX=0x00880000, EBX=0x00000000, ECX=0x0043ACA0, EDX=0x0000000A, ESI=0x00880214, EDI=0x00880000
2026-01-08 13:44:18.286 [INFO] Win32Emu.Emulator: [IGN_TEAS Loop] Iteration 10933: EIP 0x0041269D→0x004126A1, ESP=0x001FEF68, EBP=0x001FEFFC, EAX=0x00880000, EBX=0x00000000, ECX=0x0043ACA0, EDX=0x0000000A, ESI=0x00880214, EDI=0x00880000
2026-01-08 13:44:18.286 [INFO] Win32Emu.Emulator: [IGN_TEAS Loop] Iteration 10934: EIP 0x004126A1→0x0041269A, ESP=0x001FEF68, EBP=0x001FEFFC, EAX=0x00880000, EBX=0x00000000, ECX=0x0043ACA0, EDX=0x0000000A, ESI=0x00880214, EDI=0x00880000
2026-01-08 13:44:18.286 [INFO] Win32Emu.Emulator: [IGN_TEAS Loop] Iteration 10935: EIP 0x0041269A→0x0041269D, ESP=0x001FEF68, EBP=0x001FEFFC, EAX=0x00880000, EBX=0x00000000, ECX=0x0043ACA0, EDX=0x0000000A, ESI=0x00880216, EDI=0x00880000
2026-01-08 13:44:18.286 [INFO] Win32Emu.Emulator: [IGN_TEAS Loop] Iteration 10936: EIP 0x0041269D→0x004126A1, ESP=0x001FEF68, EBP=0x001FEFFC, EAX=0x00880000, EBX=0x00000000, ECX=0x0043ACA0, EDX=0x0000000A, ESI=0x00880216, EDI=0x00880000
2026-01-08 13:44:18.286 [INFO] Win32Emu.Emulator: [IGN_TEAS Loop] Iteration 10937: EIP 0x004126A1→0x0041269A, ESP=0x001FEF68, EBP=0x001FEFFC, EAX=0x00880000, EBX=0x00000000, ECX=0x0043ACA0, EDX=0x0000000A, ESI=0x00880216, EDI=0x00880000
2026-01-08 13:44:18.286 [INFO] Win32Emu.Emulator: [IGN_TEAS Loop] Iteration 10938: EIP 0x0041269A→0x0041269D, ESP=0x001FEF68, EBP=0x001FEFFC, EAX=0x00880000, EBX=0x00000000, ECX=0x0043ACA0, EDX=0x0000000A, ESI=0x00880218, EDI=0x00880000
2026-01-08 13:44:18.286 [INFO] Win32Emu.Emulator: [IGN_TEAS Loop] Iteration 10939: EIP 0x0041269D→0x004126A1, ESP=0x001FEF68, EBP=0x001FEFFC, EAX=0x00880000, EBX=0x00000000, ECX=0x0043ACA0, EDX=0x0000000A, ESI=0x00880218, EDI=0x00880000
2026-01-08 13:44:18.286 [INFO] Win32Emu.Emulator: [IGN_TEAS Loop] Iteration 10940: EIP 0x004126A1→0x0041269A, ESP=0x001FEF68, EBP=0x001FEFFC, EAX=0x00880000, EBX=0x00000000, ECX=0x0043ACA0, EDX=0x0000000A, ESI=0x00880218, EDI=0x00880000
2026-01-08 13:44:18.286 [INFO] Win32Emu.Emulator: [IGN_TEAS Loop] Iteration 10941: EIP 0x0041269A→0x0041269D, ESP=0x001FEF68, EBP=0x001FEFFC, EAX=0x00880000, EBX=0x00000000, ECX=0x0043ACA0, EDX=0x0000000A, ESI=0x0088021A, EDI=0x00880000
2026-01-08 13:44:18.286 [INFO] Win32Emu.Emulator: [IGN_TEAS Loop] Iteration 10942: EIP 0x0041269D→0x004126A1, ESP=0x001FEF68, EBP=0x001FEFFC, EAX=0x00880000, EBX=0x00000000, ECX=0x0043ACA0, EDX=0x0000000A, ESI=0x0088021A, EDI=0x00880000
2026-01-08 13:44:18.286 [INFO] Win32Emu.Emulator: [IGN_TEAS Loop] Iteration 10943: EIP 0x004126A1→0x0041269A, ESP=0x001FEF68, EBP=0x001FEFFC, EAX=0x00880000, EBX=0x00000000, ECX=0x0043ACA0, EDX=0x0000000A, ESI=0x0088021A, EDI=0x00880000
2026-01-08 13:44:18.286 [INFO] Win32Emu.Emulator: [IGN_TEAS Loop] Iteration 10944: EIP 0x0041269A→0x0041269D, ESP=0x001FEF68, EBP=0x001FEFFC, EAX=0x00880000, EBX=0x00000000, ECX=0x0043ACA0, EDX=0x0000000A, ESI=0x0088021C, EDI=0x00880000
2026-01-08 13:44:18.286 [INFO] Win32Emu.Emulator: [IGN_TEAS Loop] Iteration 10945: EIP 0x0041269D→0x004126A1, ESP=0x001FEF68, EBP=0x001FEFFC, EAX=0x00880000, EBX=0x00000000, ECX=0x0043ACA0, EDX=0x0000000A, ESI=0x0088021C, EDI=0x00880000
2026-01-08 13:44:18.286 [INFO] Win32Emu.Emulator: [IGN_TEAS Loop] Iteration 10946: EIP 0x004126A1→0x0041269A, ESP=0x001FEF68, EBP=0x001FEFFC, EAX=0x00880000, EBX=0x00000000, ECX=0x0043ACA0, EDX=0x0000000A, ESI=0x0088021C, EDI=0x00880000
2026-01-08 13:44:18.286 [INFO] Win32Emu.Emulator: [IGN_TEAS Loop] Iteration 10947: EIP 0x0041269A→0x0041269D, ESP=0x001FEF68, EBP=0x001FEFFC, EAX=0x00880000, EBX=0x00000000, ECX=0x0043ACA0, EDX=0x0000000A, ESI=0x0088021E, EDI=0x00880000
2026-01-08 13:44:18.286 [INFO] Win32Emu.Emulator: [IGN_TEAS Loop] Iteration 10948: EIP 0x0041269D→0x004126A1, ESP=0x001FEF68, EBP=0x001FEFFC, EAX=0x00880000, EBX=0x00000000, ECX=0x0043ACA0, EDX=0x0000000A, ESI=0x0088021E, EDI=0x00880000
2026-01-08 13:44:18.286 [INFO] Win32Emu.Emulator: [IGN_TEAS Loop] Iteration 10949: EIP 0x004126A1→0x0041269A, ESP=0x001FEF68, EBP=0x001FEFFC, EAX=0x00880000, EBX=0x00000000, ECX=0x0043ACA0, EDX=0x0000000A, ESI=0x0088021E, EDI=0x00880000
2026-01-08 13:44:18.286 [INFO] Win32Emu.Emulator: [IGN_TEAS Loop] Iteration 10950: EIP 0x0041269A→0x0041269D, ESP=0x001FEF68, EBP=0x001FEFFC, EAX=0x00880000, EBX=0x00000000, ECX=0x0043ACA0, EDX=0x0000000A, ESI=0x00880220, EDI=0x00880000
2026-01-08 13:44:18.286 [INFO] Win32Emu.Emulator: [IGN_TEAS Loop] Iteration 10951: EIP 0x0041269D→0x004126A1, ESP=0x001FEF68, EBP=0x001FEFFC, EAX=0x00880000, EBX=0x00000000, ECX=0x0043ACA0, EDX=0x0000000A, ESI=0x00880220, EDI=0x00880000
2026-01-08 13:44:18.286 [INFO] Win32Emu.Emulator: [IGN_TEAS Loop] Iteration 10952: EIP 0x004126A1→0x0041269A, ESP=0x001FEF68, EBP=0x001FEFFC, EAX=0x00880000, EBX=0x00000000, ECX=0x0043ACA0, EDX=0x0000000A, ESI=0x00880220, EDI=0x00880000
2026-01-08 13:44:18.286 [INFO] Win32Emu.Emulator: [IGN_TEAS Loop] Iteration 10953: EIP 0x0041269A→0x0041269D, ESP=0x001FEF68, EBP=0x001FEFFC, EAX=0x00880000, EBX=0x00000000, ECX=0x0043ACA0, EDX=0x0000000A, ESI=0x00880222, EDI=0x00880000
2026-01-08 13:44:18.286 [INFO] Win32Emu.Emulator: [IGN_TEAS Loop] Iteration 10954: EIP 0x0041269D→0x004126A1, ESP=0x001FEF68, EBP=0x001FEFFC, EAX=0x00880000, EBX=0x00000000, ECX=0x0043ACA0, EDX=0x0000000A, ESI=0x00880222, EDI=0x00880000
2026-01-08 13:44:18.286 [INFO] Win32Emu.Emulator: [IGN_TEAS Loop] Iteration 10955: EIP 0x004126A1→0x0041269A, ESP=0x001FEF68, EBP=0x001FEFFC, EAX=0x00880000, EBX=0x00000000, ECX=0x0043ACA0, EDX=0x0000000A, ESI=0x00880222, EDI=0x00880000
2026-01-08 13:44:18.286 [INFO] Win32Emu.Emulator: [IGN_TEAS Loop] Iteration 10956: EIP 0x0041269A→0x0041269D, ESP=0x001FEF68, EBP=0x001FEFFC, EAX=0x00880000, EBX=0x00000000, ECX=0x0043ACA0, EDX=0x0000000A, ESI=0x00880224, EDI=0x00880000
2026-01-08 13:44:18.286 [INFO] Win32Emu.Emulator: [IGN_TEAS Loop] Iteration 10957: EIP 0x0041269D→0x004126A1, ESP=0x001FEF68, EBP=0x001FEFFC, EAX=0x00880000, EBX=0x00000000, ECX=0x0043ACA0, EDX=0x0000000A, ESI=0x00880224, EDI=0x00880000
2026-01-08 13:44:18.287 [INFO] Win32Emu.Emulator: [IGN_TEAS Loop] Iteration 10958: EIP 0x004126A1→0x0041269A, ESP=0x001FEF68, EBP=0x001FEFFC, EAX=0x00880000, EBX=0x00000000, ECX=0x0043ACA0, EDX=0x0000000A, ESI=0x00880224, EDI=0x00880000
2026-01-08 13:44:18.287 [INFO] Win32Emu.Emulator: [IGN_TEAS Loop] Iteration 10959: EIP 0x0041269A→0x0041269D, ESP=0x001FEF68, EBP=0x001FEFFC, EAX=0x00880000, EBX=0x00000000, ECX=0x0043ACA0, EDX=0x0000000A, ESI=0x00880226, EDI=0x00880000
2026-01-08 13:44:18.287 [INFO] Win32Emu.Emulator: [IGN_TEAS Loop] Iteration 10960: EIP 0x0041269D→0x004126A1, ESP=0x001FEF68, EBP=0x001FEFFC, EAX=0x00880000, EBX=0x00000000, ECX=0x0043ACA0, EDX=0x0000000A, ESI=0x00880226, EDI=0x00880000
2026-01-08 13:44:18.287 [INFO] Win32Emu.Emulator: [IGN_TEAS Loop] Iteration 10961: EIP 0x004126A1→0x004126A3, ESP=0x001FEF68, EBP=0x001FEFFC, EAX=0x00880000, EBX=0x00000000, ECX=0x0043ACA0, EDX=0x0000000A, ESI=0x00880226, EDI=0x00880000
2026-01-08 13:44:18.287 [INFO] Win32Emu.Emulator: [IGN_TEAS Loop] Iteration 10962: EIP 0x004126A3→0x004126A6, ESP=0x001FEF68, EBP=0x001FEFFC, EAX=0x00880000, EBX=0x00000000, ECX=0x0043ACA0, EDX=0x0000000A, ESI=0x00880228, EDI=0x00880000
2026-01-08 13:44:18.287 [INFO] Win32Emu.Emulator: [IGN_TEAS Loop] Iteration 10963: EIP 0x004126A6→0x004126AA, ESP=0x001FEF68, EBP=0x001FEFFC, EAX=0x00880000, EBX=0x00000000, ECX=0x0043ACA0, EDX=0x0000000A, ESI=0x00880228, EDI=0x00880000
2026-01-08 13:44:18.287 [INFO] Win32Emu.Emulator: [IGN_TEAS Loop] Iteration 10964: EIP 0x004126AA→0x0041269A, ESP=0x001FEF68, EBP=0x001FEFFC, EAX=0x00880000, EBX=0x00000000, ECX=0x0043ACA0, EDX=0x0000000A, ESI=0x00880228, EDI=0x00880000
2026-01-08 13:44:18.287 [INFO] Win32Emu.Emulator: [IGN_TEAS Loop] Iteration 10965: EIP 0x0041269A→0x0041269D, ESP=0x001FEF68, EBP=0x001FEFFC, EAX=0x00880000, EBX=0x00000000, ECX=0x0043ACA0, EDX=0x0000000A, ESI=0x0088022A, EDI=0x00880000
2026-01-08 13:44:18.287 [INFO] Win32Emu.Emulator: [IGN_TEAS Loop] Iteration 10966: EIP 0x0041269D→0x004126A1, ESP=0x001FEF68, EBP=0x001FEFFC, EAX=0x00880000, EBX=0x00000000, ECX=0x0043ACA0, EDX=0x0000000A, ESI=0x0088022A, EDI=0x00880000
2026-01-08 13:44:18.287 [INFO] Win32Emu.Emulator: [IGN_TEAS Loop] Iteration 10967: EIP 0x004126A1→0x0041269A, ESP=0x001FEF68, EBP=0x001FEFFC, EAX=0x00880000, EBX=0x00000000, ECX=0x0043ACA0, EDX=0x0000000A, ESI=0x0088022A, EDI=0x00880000
2026-01-08 13:44:18.287 [INFO] Win32Emu.Emulator: [IGN_TEAS Loop] Iteration 10968: EIP 0x0041269A→0x0041269D, ESP=0x001FEF68, EBP=0x001FEFFC, EAX=0x00880000, EBX=0x00000000, ECX=0x0043ACA0, EDX=0x0000000A, ESI=0x0088022C, EDI=0x00880000
2026-01-08 13:44:18.287 [INFO] Win32Emu.Emulator: [IGN_TEAS Loop] Iteration 10969: EIP 0x0041269D→0x004126A1, ESP=0x001FEF68, EBP=0x001FEFFC, EAX=0x00880000, EBX=0x00000000, ECX=0x0043ACA0, EDX=0x0000000A, ESI=0x0088022C, EDI=0x00880000
2026-01-08 13:44:18.287 [INFO] Win32Emu.Emulator: [IGN_TEAS Loop] Iteration 10970: EIP 0x004126A1→0x0041269A, ESP=0x001FEF68, EBP=0x001FEFFC, EAX=0x00880000, EBX=0x00000000, ECX=0x0043ACA0, EDX=0x0000000A, ESI=0x0088022C, EDI=0x00880000
2026-01-08 13:44:18.287 [INFO] Win32Emu.Emulator: [IGN_TEAS Loop] Iteration 10971: EIP 0x0041269A→0x0041269D, ESP=0x001FEF68, EBP=0x001FEFFC, EAX=0x00880000, EBX=0x00000000, ECX=0x0043ACA0, EDX=0x0000000A, ESI=0x0088022E, EDI=0x00880000
2026-01-08 13:44:18.287 [INFO] Win32Emu.Emulator: [IGN_TEAS Loop] Iteration 10972: EIP 0x0041269D→0x004126A1, ESP=0x001FEF68, EBP=0x001FEFFC, EAX=0x00880000, EBX=0x00000000, ECX=0x0043ACA0, EDX=0x0000000A, ESI=0x0088022E, EDI=0x00880000
2026-01-08 13:44:18.287 [INFO] Win32Emu.Emulator: [IGN_TEAS Loop] Iteration 10973: EIP 0x004126A1→0x0041269A, ESP=0x001FEF68, EBP=0x001FEFFC, EAX=0x00880000, EBX=0x00000000, ECX=0x0043ACA0, EDX=0x0000000A, ESI=0x0088022E, EDI=0x00880000
2026-01-08 13:44:18.287 [INFO] Win32Emu.Emulator: [IGN_TEAS Loop] Iteration 10974: EIP 0x0041269A→0x0041269D, ESP=0x001FEF68, EBP=0x001FEFFC, EAX=0x00880000, EBX=0x00000000, ECX=0x0043ACA0, EDX=0x0000000A, ESI=0x00880230, EDI=0x00880000
2026-01-08 13:44:18.287 [INFO] Win32Emu.Emulator: [IGN_TEAS Loop] Iteration 10975: EIP 0x0041269D→0x004126A1, ESP=0x001FEF68, EBP=0x001FEFFC, EAX=0x00880000, EBX=0x00000000, ECX=0x0043ACA0, EDX=0x0000000A, ESI=0x00880230, EDI=0x00880000
2026-01-08 13:44:18.287 [INFO] Win32Emu.Emulator: [IGN_TEAS Loop] Iteration 10976: EIP 0x004126A1→0x0041269A, ESP=0x001FEF68, EBP=0x001FEFFC, EAX=0x00880000, EBX=0x00000000, ECX=0x0043ACA0, EDX=0x0000000A, ESI=0x00880230, EDI=0x00880000
2026-01-08 13:44:18.287 [INFO] Win32Emu.Emulator: [IGN_TEAS Loop] Iteration 10977: EIP 0x0041269A→0x0041269D, ESP=0x001FEF68, EBP=0x001FEFFC, EAX=0x00880000, EBX=0x00000000, ECX=0x0043ACA0, EDX=0x0000000A, ESI=0x00880232, EDI=0x00880000
2026-01-08 13:44:18.287 [INFO] Win32Emu.Emulator: [IGN_TEAS Loop] Iteration 10978: EIP 0x0041269D→0x004126A1, ESP=0x001FEF68, EBP=0x001FEFFC, EAX=0x00880000, EBX=0x00000000, ECX=0x0043ACA0, EDX=0x0000000A, ESI=0x00880232, EDI=0x00880000
2026-01-08 13:44:18.287 [INFO] Win32Emu.Emulator: [IGN_TEAS Loop] Iteration 10979: EIP 0x004126A1→0x0041269A, ESP=0x001FEF68, EBP=0x001FEFFC, EAX=0x00880000, EBX=0x00000000, ECX=0x0043ACA0, EDX=0x0000000A, ESI=0x00880232, EDI=0x00880000
2026-01-08 13:44:18.287 [INFO] Win32Emu.Emulator: [IGN_TEAS Loop] Iteration 10980: EIP 0x0041269A→0x0041269D, ESP=0x001FEF68, EBP=0x001FEFFC, EAX=0x00880000, EBX=0x00000000, ECX=0x0043ACA0, EDX=0x0000000A, ESI=0x00880234, EDI=0x00880000
2026-01-08 13:44:18.287 [INFO] Win32Emu.Emulator: [IGN_TEAS Loop] Iteration 10981: EIP 0x0041269D→0x004126A1, ESP=0x001FEF68, EBP=0x001FEFFC, EAX=0x00880000, EBX=0x00000000, ECX=0x0043ACA0, EDX=0x0000000A, ESI=0x00880234, EDI=0x00880000
2026-01-08 13:44:18.287 [INFO] Win32Emu.Emulator: [IGN_TEAS Loop] Iteration 10982: EIP 0x004126A1→0x0041269A, ESP=0x001FEF68, EBP=0x001FEFFC, EAX=0x00880000, EBX=0x00000000, ECX=0x0043ACA0, EDX=0x0000000A, ESI=0x00880234, EDI=0x00880000
2026-01-08 13:44:18.287 [INFO] Win32Emu.Emulator: [IGN_TEAS Loop] Iteration 10983: EIP 0x0041269A→0x0041269D, ESP=0x001FEF68, EBP=0x001FEFFC, EAX=0x00880000, EBX=0x00000000, ECX=0x0043ACA0, EDX=0x0000000A, ESI=0x00880236, EDI=0x00880000
2026-01-08 13:44:18.287 [INFO] Win32Emu.Emulator: [IGN_TEAS Loop] Iteration 10984: EIP 0x0041269D→0x004126A1, ESP=0x001FEF68, EBP=0x001FEFFC, EAX=0x00880000, EBX=0x00000000, ECX=0x0043ACA0, EDX=0x0000000A, ESI=0x00880236, EDI=0x00880000
2026-01-08 13:44:18.287 [INFO] Win32Emu.Emulator: [IGN_TEAS Loop] Iteration 10985: EIP 0x004126A1→0x0041269A, ESP=0x001FEF68, EBP=0x001FEFFC, EAX=0x00880000, EBX=0x00000000, ECX=0x0043ACA0, EDX=0x0000000A, ESI=0x00880236, EDI=0x00880000
2026-01-08 13:44:18.287 [INFO] Win32Emu.Emulator: [IGN_TEAS Loop] Iteration 10986: EIP 0x0041269A→0x0041269D, ESP=0x001FEF68, EBP=0x001FEFFC, EAX=0x00880000, EBX=0x00000000, ECX=0x0043ACA0, EDX=0x0000000A, ESI=0x00880238, EDI=0x00880000
2026-01-08 13:44:18.287 [INFO] Win32Emu.Emulator: [IGN_TEAS Loop] Iteration 10987: EIP 0x0041269D→0x004126A1, ESP=0x001FEF68, EBP=0x001FEFFC, EAX=0x00880000, EBX=0x00000000, ECX=0x0043ACA0, EDX=0x0000000A, ESI=0x00880238, EDI=0x00880000
2026-01-08 13:44:18.287 [INFO] Win32Emu.Emulator: [IGN_TEAS Loop] Iteration 10988: EIP 0x004126A1→0x0041269A, ESP=0x001FEF68, EBP=0x001FEFFC, EAX=0x00880000, EBX=0x00000000, ECX=0x0043ACA0, EDX=0x0000000A, ESI=0x00880238, EDI=0x00880000
2026-01-08 13:44:18.288 [INFO] Win32Emu.Emulator: [IGN_TEAS Loop] Iteration 10989: EIP 0x0041269A→0x0041269D, ESP=0x001FEF68, EBP=0x001FEFFC, EAX=0x00880000, EBX=0x00000000, ECX=0x0043ACA0, EDX=0x0000000A, ESI=0x0088023A, EDI=0x00880000
2026-01-08 13:44:18.288 [INFO] Win32Emu.Emulator: [IGN_TEAS Loop] Iteration 10990: EIP 0x0041269D→0x004126A1, ESP=0x001FEF68, EBP=0x001FEFFC, EAX=0x00880000, EBX=0x00000000, ECX=0x0043ACA0, EDX=0x0000000A, ESI=0x0088023A, EDI=0x00880000
2026-01-08 13:44:18.288 [INFO] Win32Emu.Emulator: [IGN_TEAS Loop] Iteration 10991: EIP 0x004126A1→0x0041269A, ESP=0x001FEF68, EBP=0x001FEFFC, EAX=0x00880000, EBX=0x00000000, ECX=0x0043ACA0, EDX=0x0000000A, ESI=0x0088023A, EDI=0x00880000
2026-01-08 13:44:18.288 [INFO] Win32Emu.Emulator: [IGN_TEAS Loop] Iteration 10992: EIP 0x0041269A→0x0041269D, ESP=0x001FEF68, EBP=0x001FEFFC, EAX=0x00880000, EBX=0x00000000, ECX=0x0043ACA0, EDX=0x0000000A, ESI=0x0088023C, EDI=0x00880000
2026-01-08 13:44:18.288 [INFO] Win32Emu.Emulator: [IGN_TEAS Loop] Iteration 10993: EIP 0x0041269D→0x004126A1, ESP=0x001FEF68, EBP=0x001FEFFC, EAX=0x00880000, EBX=0x00000000, ECX=0x0043ACA0, EDX=0x0000000A, ESI=0x0088023C, EDI=0x00880000
2026-01-08 13:44:18.288 [INFO] Win32Emu.Emulator: [IGN_TEAS Loop] Iteration 10994: EIP 0x004126A1→0x0041269A, ESP=0x001FEF68, EBP=0x001FEFFC, EAX=0x00880000, EBX=0x00000000, ECX=0x0043ACA0, EDX=0x0000000A, ESI=0x0088023C, EDI=0x00880000
2026-01-08 13:44:18.288 [INFO] Win32Emu.Emulator: [IGN_TEAS Loop] Iteration 10995: EIP 0x0041269A→0x0041269D, ESP=0x001FEF68, EBP=0x001FEFFC, EAX=0x00880000, EBX=0x00000000, ECX=0x0043ACA0, EDX=0x0000000A, ESI=0x0088023E, EDI=0x00880000
2026-01-08 13:44:18.288 [INFO] Win32Emu.Emulator: [IGN_TEAS Loop] Iteration 10996: EIP 0x0041269D→0x004126A1, ESP=0x001FEF68, EBP=0x001FEFFC, EAX=0x00880000, EBX=0x00000000, ECX=0x0043ACA0, EDX=0x0000000A, ESI=0x0088023E, EDI=0x00880000
2026-01-08 13:44:18.288 [INFO] Win32Emu.Emulator: [IGN_TEAS Loop] Iteration 10997: EIP 0x004126A1→0x0041269A, ESP=0x001FEF68, EBP=0x001FEFFC, EAX=0x00880000, EBX=0x00000000, ECX=0x0043ACA0, EDX=0x0000000A, ESI=0x0088023E, EDI=0x00880000
2026-01-08 13:44:18.288 [INFO] Win32Emu.Emulator: [IGN_TEAS Loop] Iteration 10998: EIP 0x0041269A→0x0041269D, ESP=0x001FEF68, EBP=0x001FEFFC, EAX=0x00880000, EBX=0x00000000, ECX=0x0043ACA0, EDX=0x0000000A, ESI=0x00880240, EDI=0x00880000
2026-01-08 13:44:18.288 [INFO] Win32Emu.Emulator: [IGN_TEAS Loop] Iteration 10999: EIP 0x0041269D→0x004126A1, ESP=0x001FEF68, EBP=0x001FEFFC, EAX=0x00880000, EBX=0x00000000, ECX=0x0043ACA0, EDX=0x0000000A, ESI=0x00880240, EDI=0x00880000
2026-01-08 13:44:18.288 [INFO] Win32Emu.Emulator: [IGN_TEAS Loop] Iteration 11000: EIP 0x004126A1→0x0041269A, ESP=0x001FEF68, EBP=0x001FEFFC, EAX=0x00880000, EBX=0x00000000, ECX=0x0043ACA0, EDX=0x0000000A, ESI=0x00880240, EDI=0x00880000
2026-01-08 13:44:18.288 [INFO] Win32Emu.Emulator: [IGN_TEAS Loop] Iteration 11001: EIP 0x0041269A→0x0041269D, ESP=0x001FEF68, EBP=0x001FEFFC, EAX=0x00880000, EBX=0x00000000, ECX=0x0043ACA0, EDX=0x0000000A, ESI=0x00880242, EDI=0x00880000
2026-01-08 13:44:18.288 [INFO] Win32Emu.Emulator: [IGN_TEAS Loop] Iteration 11002: EIP 0x0041269D→0x004126A1, ESP=0x001FEF68, EBP=0x001FEFFC, EAX=0x00880000, EBX=0x00000000, ECX=0x0043ACA0, EDX=0x0000000A, ESI=0x00880242, EDI=0x00880000
2026-01-08 13:44:18.288 [INFO] Win32Emu.Emulator: [IGN_TEAS Loop] Iteration 11003: EIP 0x004126A1→0x0041269A, ESP=0x001FEF68, EBP=0x001FEFFC, EAX=0x00880000, EBX=0x00000000, ECX=0x0043ACA0, EDX=0x0000000A, ESI=0x00880242, EDI=0x00880000
2026-01-08 13:44:18.288 [INFO] Win32Emu.Emulator: [IGN_TEAS Loop] Iteration 11004: EIP 0x0041269A→0x0041269D, ESP=0x001FEF68, EBP=0x001FEFFC, EAX=0x00880000, EBX=0x00000000, ECX=0x0043ACA0, EDX=0x0000000A, ESI=0x00880244, EDI=0x00880000
2026-01-08 13:44:18.288 [INFO] Win32Emu.Emulator: [IGN_TEAS Loop] Iteration 11005: EIP 0x0041269D→0x004126A1, ESP=0x001FEF68, EBP=0x001FEFFC, EAX=0x00880000, EBX=0x00000000, ECX=0x0043ACA0, EDX=0x0000000A, ESI=0x00880244, EDI=0x00880000
2026-01-08 13:44:18.288 [INFO] Win32Emu.Emulator: [IGN_TEAS Loop] Iteration 11006: EIP 0x004126A1→0x0041269A, ESP=0x001FEF68, EBP=0x001FEFFC, EAX=0x00880000, EBX=0x00000000, ECX=0x0043ACA0, EDX=0x0000000A, ESI=0x00880244, EDI=0x00880000
2026-01-08 13:44:18.288 [INFO] Win32Emu.Emulator: [IGN_TEAS Loop] Iteration 11007: EIP 0x0041269A→0x0041269D, ESP=0x001FEF68, EBP=0x001FEFFC, EAX=0x00880000, EBX=0x00000000, ECX=0x0043ACA0, EDX=0x0000000A, ESI=0x00880246, EDI=0x00880000
2026-01-08 13:44:18.288 [INFO] Win32Emu.Emulator: [IGN_TEAS Loop] Iteration 11008: EIP 0x0041269D→0x004126A1, ESP=0x001FEF68, EBP=0x001FEFFC, EAX=0x00880000, EBX=0x00000000, ECX=0x0043ACA0, EDX=0x0000000A, ESI=0x00880246, EDI=0x00880000
2026-01-08 13:44:18.288 [INFO] Win32Emu.Emulator: [IGN_TEAS Loop] Iteration 11009: EIP 0x004126A1→0x0041269A, ESP=0x001FEF68, EBP=0x001FEFFC, EAX=0x00880000, EBX=0x00000000, ECX=0x0043ACA0, EDX=0x0000000A, ESI=0x00880246, EDI=0x00880000
2026-01-08 13:44:18.288 [INFO] Win32Emu.Emulator: [IGN_TEAS Loop] Iteration 11010: EIP 0x0041269A→0x0041269D, ESP=0x001FEF68, EBP=0x001FEFFC, EAX=0x00880000, EBX=0x00000000, ECX=0x0043ACA0, EDX=0x0000000A, ESI=0x00880248, EDI=0x00880000
2026-01-08 13:44:18.288 [INFO] Win32Emu.Emulator: [IGN_TEAS Loop] Iteration 11011: EIP 0x0041269D→0x004126A1, ESP=0x001FEF68, EBP=0x001FEFFC, EAX=0x00880000, EBX=0x00000000, ECX=0x0043ACA0, EDX=0x0000000A, ESI=0x00880248, EDI=0x00880000
2026-01-08 13:44:18.288 [INFO] Win32Emu.Emulator: [IGN_TEAS Loop] Iteration 11012: EIP 0x004126A1→0x0041269A, ESP=0x001FEF68, EBP=0x001FEFFC, EAX=0x00880000, EBX=0x00000000, ECX=0x0043ACA0, EDX=0x0000000A, ESI=0x00880248, EDI=0x00880000
2026-01-08 13:44:18.288 [INFO] Win32Emu.Emulator: [IGN_TEAS Loop] Iteration 11013: EIP 0x0041269A→0x0041269D, ESP=0x001FEF68, EBP=0x001FEFFC, EAX=0x00880000, EBX=0x00000000, ECX=0x0043ACA0, EDX=0x0000000A, ESI=0x0088024A, EDI=0x00880000
2026-01-08 13:44:18.288 [INFO] Win32Emu.Emulator: [IGN_TEAS Loop] Iteration 11014: EIP 0x0041269D→0x004126A1, ESP=0x001FEF68, EBP=0x001FEFFC, EAX=0x00880000, EBX=0x00000000, ECX=0x0043ACA0, EDX=0x0000000A, ESI=0x0088024A, EDI=0x00880000
2026-01-08 13:44:18.288 [INFO] Win32Emu.Emulator: [IGN_TEAS Loop] Iteration 11015: EIP 0x004126A1→0x0041269A, ESP=0x001FEF68, EBP=0x001FEFFC, EAX=0x00880000, EBX=0x00000000, ECX=0x0043ACA0, EDX=0x0000000A, ESI=0x0088024A, EDI=0x00880000
2026-01-08 13:44:18.288 [INFO] Win32Emu.Emulator: [IGN_TEAS Loop] Iteration 11016: EIP 0x0041269A→0x0041269D, ESP=0x001FEF68, EBP=0x001FEFFC, EAX=0x00880000, EBX=0x00000000, ECX=0x0043ACA0, EDX=0x0000000A, ESI=0x0088024C, EDI=0x00880000
2026-01-08 13:44:18.288 [INFO] Win32Emu.Emulator: [IGN_TEAS Loop] Iteration 11017: EIP 0x0041269D→0x004126A1, ESP=0x001FEF68, EBP=0x001FEFFC, EAX=0x00880000, EBX=0x00000000, ECX=0x0043ACA0, EDX=0x0000000A, ESI=0x0088024C, EDI=0x00880000
2026-01-08 13:44:18.288 [INFO] Win32Emu.Emulator: [IGN_TEAS Loop] Iteration 11018: EIP 0x004126A1→0x0041269A, ESP=0x001FEF68, EBP=0x001FEFFC, EAX=0x00880000, EBX=0x00000000, ECX=0x0043ACA0, EDX=0x0000000A, ESI=0x0088024C, EDI=0x00880000
2026-01-08 13:44:18.288 [INFO] Win32Emu.Emulator: [IGN_TEAS Loop] Iteration 11019: EIP 0x0041269A→0x0041269D, ESP=0x001FEF68, EBP=0x001FEFFC, EAX=0x00880000, EBX=0x00000000, ECX=0x0043ACA0, EDX=0x0000000A, ESI=0x0088024E, EDI=0x00880000
2026-01-08 13:44:18.288 [INFO] Win32Emu.Emulator: [IGN_TEAS Loop] Iteration 11020: EIP 0x0041269D→0x004126A1, ESP=0x001FEF68, EBP=0x001FEFFC, EAX=0x00880000, EBX=0x00000000, ECX=0x0043ACA0, EDX=0x0000000A, ESI=0x0088024E, EDI=0x00880000
2026-01-08 13:44:18.289 [INFO] Win32Emu.Emulator: [IGN_TEAS Loop] Iteration 11021: EIP 0x004126A1→0x004126A3, ESP=0x001FEF68, EBP=0x001FEFFC, EAX=0x00880000, EBX=0x00000000, ECX=0x0043ACA0, EDX=0x0000000A, ESI=0x0088024E, EDI=0x00880000
2026-01-08 13:44:18.289 [INFO] Win32Emu.Emulator: [IGN_TEAS Loop] Iteration 11022: EIP 0x004126A3→0x004126A6, ESP=0x001FEF68, EBP=0x001FEFFC, EAX=0x00880000, EBX=0x00000000, ECX=0x0043ACA0, EDX=0x0000000A, ESI=0x00880250, EDI=0x00880000
2026-01-08 13:44:18.289 [INFO] Win32Emu.Emulator: [IGN_TEAS Loop] Iteration 11023: EIP 0x004126A6→0x004126AA, ESP=0x001FEF68, EBP=0x001FEFFC, EAX=0x00880000, EBX=0x00000000, ECX=0x0043ACA0, EDX=0x0000000A, ESI=0x00880250, EDI=0x00880000
2026-01-08 13:44:18.289 [INFO] Win32Emu.Emulator: [IGN_TEAS Loop] Iteration 11024: EIP 0x004126AA→0x0041269A, ESP=0x001FEF68, EBP=0x001FEFFC, EAX=0x00880000, EBX=0x00000000, ECX=0x0043ACA0, EDX=0x0000000A, ESI=0x00880250, EDI=0x00880000
2026-01-08 13:44:18.289 [INFO] Win32Emu.Emulator: [IGN_TEAS Loop] Iteration 11025: EIP 0x0041269A→0x0041269D, ESP=0x001FEF68, EBP=0x001FEFFC, EAX=0x00880000, EBX=0x00000000, ECX=0x0043ACA0, EDX=0x0000000A, ESI=0x00880252, EDI=0x00880000
2026-01-08 13:44:18.289 [INFO] Win32Emu.Emulator: [IGN_TEAS Loop] Iteration 11026: EIP 0x0041269D→0x004126A1, ESP=0x001FEF68, EBP=0x001FEFFC, EAX=0x00880000, EBX=0x00000000, ECX=0x0043ACA0, EDX=0x0000000A, ESI=0x00880252, EDI=0x00880000
2026-01-08 13:44:18.289 [INFO] Win32Emu.Emulator: [IGN_TEAS Loop] Iteration 11027: EIP 0x004126A1→0x0041269A, ESP=0x001FEF68, EBP=0x001FEFFC, EAX=0x00880000, EBX=0x00000000, ECX=0x0043ACA0, EDX=0x0000000A, ESI=0x00880252, EDI=0x00880000
2026-01-08 13:44:18.289 [INFO] Win32Emu.Emulator: [IGN_TEAS Loop] Iteration 11028: EIP 0x0041269A→0x0041269D, ESP=0x001FEF68, EBP=0x001FEFFC, EAX=0x00880000, EBX=0x00000000, ECX=0x0043ACA0, EDX=0x0000000A, ESI=0x00880254, EDI=0x00880000
2026-01-08 13:44:18.289 [INFO] Win32Emu.Emulator: [IGN_TEAS Loop] Iteration 11029: EIP 0x0041269D→0x004126A1, ESP=0x001FEF68, EBP=0x001FEFFC, EAX=0x00880000, EBX=0x00000000, ECX=0x0043ACA0, EDX=0x0000000A, ESI=0x00880254, EDI=0x00880000
2026-01-08 13:44:18.289 [INFO] Win32Emu.Emulator: [IGN_TEAS Loop] Iteration 11030: EIP 0x004126A1→0x0041269A, ESP=0x001FEF68, EBP=0x001FEFFC, EAX=0x00880000, EBX=0x00000000, ECX=0x0043ACA0, EDX=0x0000000A, ESI=0x00880254, EDI=0x00880000
2026-01-08 13:44:18.289 [INFO] Win32Emu.Emulator: [IGN_TEAS Loop] Iteration 11031: EIP 0x0041269A→0x0041269D, ESP=0x001FEF68, EBP=0x001FEFFC, EAX=0x00880000, EBX=0x00000000, ECX=0x0043ACA0, EDX=0x0000000A, ESI=0x00880256, EDI=0x00880000
2026-01-08 13:44:18.289 [INFO] Win32Emu.Emulator: [IGN_TEAS Loop] Iteration 11032: EIP 0x0041269D→0x004126A1, ESP=0x001FEF68, EBP=0x001FEFFC, EAX=0x00880000, EBX=0x00000000, ECX=0x0043ACA0, EDX=0x0000000A, ESI=0x00880256, EDI=0x00880000
2026-01-08 13:44:18.289 [INFO] Win32Emu.Emulator: [IGN_TEAS Loop] Iteration 11033: EIP 0x004126A1→0x0041269A, ESP=0x001FEF68, EBP=0x001FEFFC, EAX=0x00880000, EBX=0x00000000, ECX=0x0043ACA0, EDX=0x0000000A, ESI=0x00880256, EDI=0x00880000
2026-01-08 13:44:18.289 [INFO] Win32Emu.Emulator: [IGN_TEAS Loop] Iteration 11034: EIP 0x0041269A→0x0041269D, ESP=0x001FEF68, EBP=0x001FEFFC, EAX=0x00880000, EBX=0x00000000, ECX=0x0043ACA0, EDX=0x0000000A, ESI=0x00880258, EDI=0x00880000
2026-01-08 13:44:18.289 [INFO] Win32Emu.Emulator: [IGN_TEAS Loop] Iteration 11035: EIP 0x0041269D→0x004126A1, ESP=0x001FEF68, EBP=0x001FEFFC, EAX=0x00880000, EBX=0x00000000, ECX=0x0043ACA0, EDX=0x0000000A, ESI=0x00880258, EDI=0x00880000
2026-01-08 13:44:18.289 [INFO] Win32Emu.Emulator: [IGN_TEAS Loop] Iteration 11036: EIP 0x004126A1→0x0041269A, ESP=0x001FEF68, EBP=0x001FEFFC, EAX=0x00880000, EBX=0x00000000, ECX=0x0043ACA0, EDX=0x0000000A, ESI=0x00880258, EDI=0x00880000
2026-01-08 13:44:18.289 [INFO] Win32Emu.Emulator: [IGN_TEAS Loop] Iteration 11037: EIP 0x0041269A→0x0041269D, ESP=0x001FEF68, EBP=0x001FEFFC, EAX=0x00880000, EBX=0x00000000, ECX=0x0043ACA0, EDX=0x0000000A, ESI=0x0088025A, EDI=0x00880000
2026-01-08 13:44:18.289 [INFO] Win32Emu.Emulator: [IGN_TEAS Loop] Iteration 11038: EIP 0x0041269D→0x004126A1, ESP=0x001FEF68, EBP=0x001FEFFC, EAX=0x00880000, EBX=0x00000000, ECX=0x0043ACA0, EDX=0x0000000A, ESI=0x0088025A, EDI=0x00880000
2026-01-08 13:44:18.289 [INFO] Win32Emu.Emulator: [IGN_TEAS Loop] Iteration 11039: EIP 0x004126A1→0x0041269A, ESP=0x001FEF68, EBP=0x001FEFFC, EAX=0x00880000, EBX=0x00000000, ECX=0x0043ACA0, EDX=0x0000000A, ESI=0x0088025A, EDI=0x00880000
2026-01-08 13:44:18.289 [INFO] Win32Emu.Emulator: [IGN_TEAS Loop] Iteration 11040: EIP 0x0041269A→0x0041269D, ESP=0x001FEF68, EBP=0x001FEFFC, EAX=0x00880000, EBX=0x00000000, ECX=0x0043ACA0, EDX=0x0000000A, ESI=0x0088025C, EDI=0x00880000
2026-01-08 13:44:18.289 [INFO] Win32Emu.Emulator: [IGN_TEAS Loop] Iteration 11041: EIP 0x0041269D→0x004126A1, ESP=0x001FEF68, EBP=0x001FEFFC, EAX=0x00880000, EBX=0x00000000, ECX=0x0043ACA0, EDX=0x0000000A, ESI=0x0088025C, EDI=0x00880000
2026-01-08 13:44:18.289 [INFO] Win32Emu.Emulator: [IGN_TEAS Loop] Iteration 11042: EIP 0x004126A1→0x0041269A, ESP=0x001FEF68, EBP=0x001FEFFC, EAX=0x00880000, EBX=0x00000000, ECX=0x0043ACA0, EDX=0x0000000A, ESI=0x0088025C, EDI=0x00880000
2026-01-08 13:44:18.289 [INFO] Win32Emu.Emulator: [IGN_TEAS Loop] Iteration 11043: EIP 0x0041269A→0x0041269D, ESP=0x001FEF68, EBP=0x001FEFFC, EAX=0x00880000, EBX=0x00000000, ECX=0x0043ACA0, EDX=0x0000000A, ESI=0x0088025E, EDI=0x00880000
2026-01-08 13:44:18.289 [INFO] Win32Emu.Emulator: [IGN_TEAS Loop] Iteration 11044: EIP 0x0041269D→0x004126A1, ESP=0x001FEF68, EBP=0x001FEFFC, EAX=0x00880000, EBX=0x00000000, ECX=0x0043ACA0, EDX=0x0000000A, ESI=0x0088025E, EDI=0x00880000
2026-01-08 13:44:18.289 [INFO] Win32Emu.Emulator: [IGN_TEAS Loop] Iteration 11045: EIP 0x004126A1→0x0041269A, ESP=0x001FEF68, EBP=0x001FEFFC, EAX=0x00880000, EBX=0x00000000, ECX=0x0043ACA0, EDX=0x0000000A, ESI=0x0088025E, EDI=0x00880000
2026-01-08 13:44:18.289 [INFO] Win32Emu.Emulator: [IGN_TEAS Loop] Iteration 11046: EIP 0x0041269A→0x0041269D, ESP=0x001FEF68, EBP=0x001FEFFC, EAX=0x00880000, EBX=0x00000000, ECX=0x0043ACA0, EDX=0x0000000A, ESI=0x00880260, EDI=0x00880000
2026-01-08 13:44:18.289 [INFO] Win32Emu.Emulator: [IGN_TEAS Loop] Iteration 11047: EIP 0x0041269D→0x004126A1, ESP=0x001FEF68, EBP=0x001FEFFC, EAX=0x00880000, EBX=0x00000000, ECX=0x0043ACA0, EDX=0x0000000A, ESI=0x00880260, EDI=0x00880000
2026-01-08 13:44:18.289 [INFO] Win32Emu.Emulator: [IGN_TEAS Loop] Iteration 11048: EIP 0x004126A1→0x0041269A, ESP=0x001FEF68, EBP=0x001FEFFC, EAX=0x00880000, EBX=0x00000000, ECX=0x0043ACA0, EDX=0x0000000A, ESI=0x00880260, EDI=0x00880000
2026-01-08 13:44:18.289 [INFO] Win32Emu.Emulator: [IGN_TEAS Loop] Iteration 11049: EIP 0x0041269A→0x0041269D, ESP=0x001FEF68, EBP=0x001FEFFC, EAX=0x00880000, EBX=0x00000000, ECX=0x0043ACA0, EDX=0x0000000A, ESI=0x00880262, EDI=0x00880000
2026-01-08 13:44:18.289 [INFO] Win32Emu.Emulator: [IGN_TEAS Loop] Iteration 11050: EIP 0x0041269D→0x004126A1, ESP=0x001FEF68, EBP=0x001FEFFC, EAX=0x00880000, EBX=0x00000000, ECX=0x0043ACA0, EDX=0x0000000A, ESI=0x00880262, EDI=0x00880000
2026-01-08 13:44:18.289 [INFO] Win32Emu.Emulator: [IGN_TEAS Loop] Iteration 11051: EIP 0x004126A1→0x0041269A, ESP=0x001FEF68, EBP=0x001FEFFC, EAX=0x00880000, EBX=0x00000000, ECX=0x0043ACA0, EDX=0x0000000A, ESI=0x00880262, EDI=0x00880000
2026-01-08 13:44:18.289 [INFO] Win32Emu.Emulator: [IGN_TEAS Loop] Iteration 11052: EIP 0x0041269A→0x0041269D, ESP=0x001FEF68, EBP=0x001FEFFC, EAX=0x00880000, EBX=0x00000000, ECX=0x0043ACA0, EDX=0x0000000A, ESI=0x00880264, EDI=0x00880000
2026-01-08 13:44:18.289 [INFO] Win32Emu.Emulator: [IGN_TEAS Loop] Iteration 11053: EIP 0x0041269D→0x004126A1, ESP=0x001FEF68, EBP=0x001FEFFC, EAX=0x00880000, EBX=0x00000000, ECX=0x0043ACA0, EDX=0x0000000A, ESI=0x00880264, EDI=0x00880000
2026-01-08 13:44:18.290 [INFO] Win32Emu.Emulator: [IGN_TEAS Loop] Iteration 11054: EIP 0x004126A1→0x0041269A, ESP=0x001FEF68, EBP=0x001FEFFC, EAX=0x00880000, EBX=0x00000000, ECX=0x0043ACA0, EDX=0x0000000A, ESI=0x00880264, EDI=0x00880000
2026-01-08 13:44:18.290 [INFO] Win32Emu.Emulator: [IGN_TEAS Loop] Iteration 11055: EIP 0x0041269A→0x0041269D, ESP=0x001FEF68, EBP=0x001FEFFC, EAX=0x00880000, EBX=0x00000000, ECX=0x0043ACA0, EDX=0x0000000A, ESI=0x00880266, EDI=0x00880000
2026-01-08 13:44:18.290 [INFO] Win32Emu.Emulator: [IGN_TEAS Loop] Iteration 11056: EIP 0x0041269D→0x004126A1, ESP=0x001FEF68, EBP=0x001FEFFC, EAX=0x00880000, EBX=0x00000000, ECX=0x0043ACA0, EDX=0x0000000A, ESI=0x00880266, EDI=0x00880000
2026-01-08 13:44:18.290 [INFO] Win32Emu.Emulator: [IGN_TEAS Loop] Iteration 11057: EIP 0x004126A1→0x0041269A, ESP=0x001FEF68, EBP=0x001FEFFC, EAX=0x00880000, EBX=0x00000000, ECX=0x0043ACA0, EDX=0x0000000A, ESI=0x00880266, EDI=0x00880000
2026-01-08 13:44:18.290 [INFO] Win32Emu.Emulator: [IGN_TEAS Loop] Iteration 11058: EIP 0x0041269A→0x0041269D, ESP=0x001FEF68, EBP=0x001FEFFC, EAX=0x00880000, EBX=0x00000000, ECX=0x0043ACA0, EDX=0x0000000A, ESI=0x00880268, EDI=0x00880000
2026-01-08 13:44:18.290 [INFO] Win32Emu.Emulator: [IGN_TEAS Loop] Iteration 11059: EIP 0x0041269D→0x004126A1, ESP=0x001FEF68, EBP=0x001FEFFC, EAX=0x00880000, EBX=0x00000000, ECX=0x0043ACA0, EDX=0x0000000A, ESI=0x00880268, EDI=0x00880000
2026-01-08 13:44:18.290 [INFO] Win32Emu.Emulator: [IGN_TEAS Loop] Iteration 11060: EIP 0x004126A1→0x0041269A, ESP=0x001FEF68, EBP=0x001FEFFC, EAX=0x00880000, EBX=0x00000000, ECX=0x0043ACA0, EDX=0x0000000A, ESI=0x00880268, EDI=0x00880000
2026-01-08 13:44:18.290 [INFO] Win32Emu.Emulator: [IGN_TEAS Loop] Iteration 11061: EIP 0x0041269A→0x0041269D, ESP=0x001FEF68, EBP=0x001FEFFC, EAX=0x00880000, EBX=0x00000000, ECX=0x0043ACA0, EDX=0x0000000A, ESI=0x0088026A, EDI=0x00880000
2026-01-08 13:44:18.290 [INFO] Win32Emu.Emulator: [IGN_TEAS Loop] Iteration 11062: EIP 0x0041269D→0x004126A1, ESP=0x001FEF68, EBP=0x001FEFFC, EAX=0x00880000, EBX=0x00000000, ECX=0x0043ACA0, EDX=0x0000000A, ESI=0x0088026A, EDI=0x00880000
2026-01-08 13:44:18.290 [INFO] Win32Emu.Emulator: [IGN_TEAS Loop] Iteration 11063: EIP 0x004126A1→0x004126A3, ESP=0x001FEF68, EBP=0x001FEFFC, EAX=0x00880000, EBX=0x00000000, ECX=0x0043ACA0, EDX=0x0000000A, ESI=0x0088026A, EDI=0x00880000
2026-01-08 13:44:18.290 [INFO] Win32Emu.Emulator: [IGN_TEAS Loop] Iteration 11064: EIP 0x004126A3→0x004126A6, ESP=0x001FEF68, EBP=0x001FEFFC, EAX=0x00880000, EBX=0x00000000, ECX=0x0043ACA0, EDX=0x0000000A, ESI=0x0088026C, EDI=0x00880000
2026-01-08 13:44:18.290 [INFO] Win32Emu.Emulator: [IGN_TEAS Loop] Iteration 11065: EIP 0x004126A6→0x004126AA, ESP=0x001FEF68, EBP=0x001FEFFC, EAX=0x00880000, EBX=0x00000000, ECX=0x0043ACA0, EDX=0x0000000A, ESI=0x0088026C, EDI=0x00880000
2026-01-08 13:44:18.290 [INFO] Win32Emu.Emulator: [IGN_TEAS Loop] Iteration 11066: EIP 0x004126AA→0x0041269A, ESP=0x001FEF68, EBP=0x001FEFFC, EAX=0x00880000, EBX=0x00000000, ECX=0x0043ACA0, EDX=0x0000000A, ESI=0x0088026C, EDI=0x00880000
2026-01-08 13:44:18.290 [INFO] Win32Emu.Emulator: [IGN_TEAS Loop] Iteration 11067: EIP 0x0041269A→0x0041269D, ESP=0x001FEF68, EBP=0x001FEFFC, EAX=0x00880000, EBX=0x00000000, ECX=0x0043ACA0, EDX=0x0000000A, ESI=0x0088026E, EDI=0x00880000
2026-01-08 13:44:18.290 [INFO] Win32Emu.Emulator: [IGN_TEAS Loop] Iteration 11068: EIP 0x0041269D→0x004126A1, ESP=0x001FEF68, EBP=0x001FEFFC, EAX=0x00880000, EBX=0x00000000, ECX=0x0043ACA0, EDX=0x0000000A, ESI=0x0088026E, EDI=0x00880000
2026-01-08 13:44:18.290 [INFO] Win32Emu.Emulator: [IGN_TEAS Loop] Iteration 11069: EIP 0x004126A1→0x0041269A, ESP=0x001FEF68, EBP=0x001FEFFC, EAX=0x00880000, EBX=0x00000000, ECX=0x0043ACA0, EDX=0x0000000A, ESI=0x0088026E, EDI=0x00880000
2026-01-08 13:44:18.290 [INFO] Win32Emu.Emulator: [IGN_TEAS Loop] Iteration 11070: EIP 0x0041269A→0x0041269D, ESP=0x001FEF68, EBP=0x001FEFFC, EAX=0x00880000, EBX=0x00000000, ECX=0x0043ACA0, EDX=0x0000000A, ESI=0x00880270, EDI=0x00880000
2026-01-08 13:44:18.290 [INFO] Win32Emu.Emulator: [IGN_TEAS Loop] Iteration 11071: EIP 0x0041269D→0x004126A1, ESP=0x001FEF68, EBP=0x001FEFFC, EAX=0x00880000, EBX=0x00000000, ECX=0x0043ACA0, EDX=0x0000000A, ESI=0x00880270, EDI=0x00880000
2026-01-08 13:44:18.290 [INFO] Win32Emu.Emulator: [IGN_TEAS Loop] Iteration 11072: EIP 0x004126A1→0x0041269A, ESP=0x001FEF68, EBP=0x001FEFFC, EAX=0x00880000, EBX=0x00000000, ECX=0x0043ACA0, EDX=0x0000000A, ESI=0x00880270, EDI=0x00880000
2026-01-08 13:44:18.290 [INFO] Win32Emu.Emulator: [IGN_TEAS Loop] Iteration 11073: EIP 0x0041269A→0x0041269D, ESP=0x001FEF68, EBP=0x001FEFFC, EAX=0x00880000, EBX=0x00000000, ECX=0x0043ACA0, EDX=0x0000000A, ESI=0x00880272, EDI=0x00880000
2026-01-08 13:44:18.290 [INFO] Win32Emu.Emulator: [IGN_TEAS Loop] Iteration 11074: EIP 0x0041269D→0x004126A1, ESP=0x001FEF68, EBP=0x001FEFFC, EAX=0x00880000, EBX=0x00000000, ECX=0x0043ACA0, EDX=0x0000000A, ESI=0x00880272, EDI=0x00880000
2026-01-08 13:44:18.290 [INFO] Win32Emu.Emulator: [IGN_TEAS Loop] Iteration 11075: EIP 0x004126A1→0x0041269A, ESP=0x001FEF68, EBP=0x001FEFFC, EAX=0x00880000, EBX=0x00000000, ECX=0x0043ACA0, EDX=0x0000000A, ESI=0x00880272, EDI=0x00880000
2026-01-08 13:44:18.290 [INFO] Win32Emu.Emulator: [IGN_TEAS Loop] Iteration 11076: EIP 0x0041269A→0x0041269D, ESP=0x001FEF68, EBP=0x001FEFFC, EAX=0x00880000, EBX=0x00000000, ECX=0x0043ACA0, EDX=0x0000000A, ESI=0x00880274, EDI=0x00880000
2026-01-08 13:44:18.290 [INFO] Win32Emu.Emulator: [IGN_TEAS Loop] Iteration 11077: EIP 0x0041269D→0x004126A1, ESP=0x001FEF68, EBP=0x001FEFFC, EAX=0x00880000, EBX=0x00000000, ECX=0x0043ACA0, EDX=0x0000000A, ESI=0x00880274, EDI=0x00880000
2026-01-08 13:44:18.290 [INFO] Win32Emu.Emulator: [IGN_TEAS Loop] Iteration 11078: EIP 0x004126A1→0x0041269A, ESP=0x001FEF68, EBP=0x001FEFFC, EAX=0x00880000, EBX=0x00000000, ECX=0x0043ACA0, EDX=0x0000000A, ESI=0x00880274, EDI=0x00880000
2026-01-08 13:44:18.290 [INFO] Win32Emu.Emulator: [IGN_TEAS Loop] Iteration 11079: EIP 0x0041269A→0x0041269D, ESP=0x001FEF68, EBP=0x001FEFFC, EAX=0x00880000, EBX=0x00000000, ECX=0x0043ACA0, EDX=0x0000000A, ESI=0x00880276, EDI=0x00880000
2026-01-08 13:44:18.290 [INFO] Win32Emu.Emulator: [IGN_TEAS Loop] Iteration 11080: EIP 0x0041269D→0x004126A1, ESP=0x001FEF68, EBP=0x001FEFFC, EAX=0x00880000, EBX=0x00000000, ECX=0x0043ACA0, EDX=0x0000000A, ESI=0x00880276, EDI=0x00880000
2026-01-08 13:44:18.290 [INFO] Win32Emu.Emulator: [IGN_TEAS Loop] Iteration 11081: EIP 0x004126A1→0x0041269A, ESP=0x001FEF68, EBP=0x001FEFFC, EAX=0x00880000, EBX=0x00000000, ECX=0x0043ACA0, EDX=0x0000000A, ESI=0x00880276, EDI=0x00880000
2026-01-08 13:44:18.290 [INFO] Win32Emu.Emulator: [IGN_TEAS Loop] Iteration 11082: EIP 0x0041269A→0x0041269D, ESP=0x001FEF68, EBP=0x001FEFFC, EAX=0x00880000, EBX=0x00000000, ECX=0x0043ACA0, EDX=0x0000000A, ESI=0x00880278, EDI=0x00880000
2026-01-08 13:44:18.290 [INFO] Win32Emu.Emulator: [IGN_TEAS Loop] Iteration 11083: EIP 0x0041269D→0x004126A1, ESP=0x001FEF68, EBP=0x001FEFFC, EAX=0x00880000, EBX=0x00000000, ECX=0x0043ACA0, EDX=0x0000000A, ESI=0x00880278, EDI=0x00880000
2026-01-08 13:44:18.290 [INFO] Win32Emu.Emulator: [IGN_TEAS Loop] Iteration 11084: EIP 0x004126A1→0x0041269A, ESP=0x001FEF68, EBP=0x001FEFFC, EAX=0x00880000, EBX=0x00000000, ECX=0x0043ACA0, EDX=0x0000000A, ESI=0x00880278, EDI=0x00880000
2026-01-08 13:44:18.290 [INFO] Win32Emu.Emulator: [IGN_TEAS Loop] Iteration 11085: EIP 0x0041269A→0x0041269D, ESP=0x001FEF68, EBP=0x001FEFFC, EAX=0x00880000, EBX=0x00000000, ECX=0x0043ACA0, EDX=0x0000000A, ESI=0x0088027A, EDI=0x00880000
2026-01-08 13:44:18.290 [INFO] Win32Emu.Emulator: [IGN_TEAS Loop] Iteration 11086: EIP 0x0041269D→0x004126A1, ESP=0x001FEF68, EBP=0x001FEFFC, EAX=0x00880000, EBX=0x00000000, ECX=0x0043ACA0, EDX=0x0000000A, ESI=0x0088027A, EDI=0x00880000
2026-01-08 13:44:18.291 [INFO] Win32Emu.Emulator: [IGN_TEAS Loop] Iteration 11087: EIP 0x004126A1→0x0041269A, ESP=0x001FEF68, EBP=0x001FEFFC, EAX=0x00880000, EBX=0x00000000, ECX=0x0043ACA0, EDX=0x0000000A, ESI=0x0088027A, EDI=0x00880000
2026-01-08 13:44:18.291 [INFO] Win32Emu.Emulator: [IGN_TEAS Loop] Iteration 11088: EIP 0x0041269A→0x0041269D, ESP=0x001FEF68, EBP=0x001FEFFC, EAX=0x00880000, EBX=0x00000000, ECX=0x0043ACA0, EDX=0x0000000A, ESI=0x0088027C, EDI=0x00880000
2026-01-08 13:44:18.291 [INFO] Win32Emu.Emulator: [IGN_TEAS Loop] Iteration 11089: EIP 0x0041269D→0x004126A1, ESP=0x001FEF68, EBP=0x001FEFFC, EAX=0x00880000, EBX=0x00000000, ECX=0x0043ACA0, EDX=0x0000000A, ESI=0x0088027C, EDI=0x00880000
2026-01-08 13:44:18.291 [INFO] Win32Emu.Emulator: [IGN_TEAS Loop] Iteration 11090: EIP 0x004126A1→0x0041269A, ESP=0x001FEF68, EBP=0x001FEFFC, EAX=0x00880000, EBX=0x00000000, ECX=0x0043ACA0, EDX=0x0000000A, ESI=0x0088027C, EDI=0x00880000
2026-01-08 13:44:18.291 [INFO] Win32Emu.Emulator: [IGN_TEAS Loop] Iteration 11091: EIP 0x0041269A→0x0041269D, ESP=0x001FEF68, EBP=0x001FEFFC, EAX=0x00880000, EBX=0x00000000, ECX=0x0043ACA0, EDX=0x0000000A, ESI=0x0088027E, EDI=0x00880000
2026-01-08 13:44:18.291 [INFO] Win32Emu.Emulator: [IGN_TEAS Loop] Iteration 11092: EIP 0x0041269D→0x004126A1, ESP=0x001FEF68, EBP=0x001FEFFC, EAX=0x00880000, EBX=0x00000000, ECX=0x0043ACA0, EDX=0x0000000A, ESI=0x0088027E, EDI=0x00880000
2026-01-08 13:44:18.291 [INFO] Win32Emu.Emulator: [IGN_TEAS Loop] Iteration 11093: EIP 0x004126A1→0x0041269A, ESP=0x001FEF68, EBP=0x001FEFFC, EAX=0x00880000, EBX=0x00000000, ECX=0x0043ACA0, EDX=0x0000000A, ESI=0x0088027E, EDI=0x00880000
2026-01-08 13:44:18.291 [INFO] Win32Emu.Emulator: [IGN_TEAS Loop] Iteration 11094: EIP 0x0041269A→0x0041269D, ESP=0x001FEF68, EBP=0x001FEFFC, EAX=0x00880000, EBX=0x00000000, ECX=0x0043ACA0, EDX=0x0000000A, ESI=0x00880280, EDI=0x00880000
2026-01-08 13:44:18.291 [INFO] Win32Emu.Emulator: [IGN_TEAS Loop] Iteration 11095: EIP 0x0041269D→0x004126A1, ESP=0x001FEF68, EBP=0x001FEFFC, EAX=0x00880000, EBX=0x00000000, ECX=0x0043ACA0, EDX=0x0000000A, ESI=0x00880280, EDI=0x00880000
2026-01-08 13:44:18.291 [INFO] Win32Emu.Emulator: [IGN_TEAS Loop] Iteration 11096: EIP 0x004126A1→0x0041269A, ESP=0x001FEF68, EBP=0x001FEFFC, EAX=0x00880000, EBX=0x00000000, ECX=0x0043ACA0, EDX=0x0000000A, ESI=0x00880280, EDI=0x00880000
2026-01-08 13:44:18.291 [INFO] Win32Emu.Emulator: [IGN_TEAS Loop] Iteration 11097: EIP 0x0041269A→0x0041269D, ESP=0x001FEF68, EBP=0x001FEFFC, EAX=0x00880000, EBX=0x00000000, ECX=0x0043ACA0, EDX=0x0000000A, ESI=0x00880282, EDI=0x00880000
2026-01-08 13:44:18.291 [INFO] Win32Emu.Emulator: [IGN_TEAS Loop] Iteration 11098: EIP 0x0041269D→0x004126A1, ESP=0x001FEF68, EBP=0x001FEFFC, EAX=0x00880000, EBX=0x00000000, ECX=0x0043ACA0, EDX=0x0000000A, ESI=0x00880282, EDI=0x00880000
2026-01-08 13:44:18.291 [INFO] Win32Emu.Emulator: [IGN_TEAS Loop] Iteration 11099: EIP 0x004126A1→0x0041269A, ESP=0x001FEF68, EBP=0x001FEFFC, EAX=0x00880000, EBX=0x00000000, ECX=0x0043ACA0, EDX=0x0000000A, ESI=0x00880282, EDI=0x00880000
2026-01-08 13:44:18.291 [INFO] Win32Emu.Emulator: [IGN_TEAS Loop] Iteration 11100: EIP 0x0041269A→0x0041269D, ESP=0x001FEF68, EBP=0x001FEFFC, EAX=0x00880000, EBX=0x00000000, ECX=0x0043ACA0, EDX=0x0000000A, ESI=0x00880284, EDI=0x00880000
2026-01-08 13:44:18.291 [INFO] Win32Emu.Emulator: [IGN_TEAS Loop] Iteration 11101: EIP 0x0041269D→0x004126A1, ESP=0x001FEF68, EBP=0x001FEFFC, EAX=0x00880000, EBX=0x00000000, ECX=0x0043ACA0, EDX=0x0000000A, ESI=0x00880284, EDI=0x00880000
2026-01-08 13:44:18.291 [INFO] Win32Emu.Emulator: [IGN_TEAS Loop] Iteration 11102: EIP 0x004126A1→0x0041269A, ESP=0x001FEF68, EBP=0x001FEFFC, EAX=0x00880000, EBX=0x00000000, ECX=0x0043ACA0, EDX=0x0000000A, ESI=0x00880284, EDI=0x00880000
2026-01-08 13:44:18.291 [INFO] Win32Emu.Emulator: [IGN_TEAS Loop] Iteration 11103: EIP 0x0041269A→0x0041269D, ESP=0x001FEF68, EBP=0x001FEFFC, EAX=0x00880000, EBX=0x00000000, ECX=0x0043ACA0, EDX=0x0000000A, ESI=0x00880286, EDI=0x00880000
2026-01-08 13:44:18.291 [INFO] Win32Emu.Emulator: [IGN_TEAS Loop] Iteration 11104: EIP 0x0041269D→0x004126A1, ESP=0x001FEF68, EBP=0x001FEFFC, EAX=0x00880000, EBX=0x00000000, ECX=0x0043ACA0, EDX=0x0000000A, ESI=0x00880286, EDI=0x00880000
2026-01-08 13:44:18.291 [INFO] Win32Emu.Emulator: [IGN_TEAS Loop] Iteration 11105: EIP 0x004126A1→0x0041269A, ESP=0x001FEF68, EBP=0x001FEFFC, EAX=0x00880000, EBX=0x00000000, ECX=0x0043ACA0, EDX=0x0000000A, ESI=0x00880286, EDI=0x00880000
2026-01-08 13:44:18.291 [INFO] Win32Emu.Emulator: [IGN_TEAS Loop] Iteration 11106: EIP 0x0041269A→0x0041269D, ESP=0x001FEF68, EBP=0x001FEFFC, EAX=0x00880000, EBX=0x00000000, ECX=0x0043ACA0, EDX=0x0000000A, ESI=0x00880288, EDI=0x00880000
2026-01-08 13:44:18.291 [INFO] Win32Emu.Emulator: [IGN_TEAS Loop] Iteration 11107: EIP 0x0041269D→0x004126A1, ESP=0x001FEF68, EBP=0x001FEFFC, EAX=0x00880000, EBX=0x00000000, ECX=0x0043ACA0, EDX=0x0000000A, ESI=0x00880288, EDI=0x00880000
2026-01-08 13:44:18.291 [INFO] Win32Emu.Emulator: [IGN_TEAS Loop] Iteration 11108: EIP 0x004126A1→0x0041269A, ESP=0x001FEF68, EBP=0x001FEFFC, EAX=0x00880000, EBX=0x00000000, ECX=0x0043ACA0, EDX=0x0000000A, ESI=0x00880288, EDI=0x00880000
2026-01-08 13:44:18.291 [INFO] Win32Emu.Emulator: [IGN_TEAS Loop] Iteration 11109: EIP 0x0041269A→0x0041269D, ESP=0x001FEF68, EBP=0x001FEFFC, EAX=0x00880000, EBX=0x00000000, ECX=0x0043ACA0, EDX=0x0000000A, ESI=0x0088028A, EDI=0x00880000
2026-01-08 13:44:18.291 [INFO] Win32Emu.Emulator: [IGN_TEAS Loop] Iteration 11110: EIP 0x0041269D→0x004126A1, ESP=0x001FEF68, EBP=0x001FEFFC, EAX=0x00880000, EBX=0x00000000, ECX=0x0043ACA0, EDX=0x0000000A, ESI=0x0088028A, EDI=0x00880000
2026-01-08 13:44:18.291 [INFO] Win32Emu.Emulator: [IGN_TEAS Loop] Iteration 11111: EIP 0x004126A1→0x0041269A, ESP=0x001FEF68, EBP=0x001FEFFC, EAX=0x00880000, EBX=0x00000000, ECX=0x0043ACA0, EDX=0x0000000A, ESI=0x0088028A, EDI=0x00880000
2026-01-08 13:44:18.291 [INFO] Win32Emu.Emulator: [IGN_TEAS Loop] Iteration 11112: EIP 0x0041269A→0x0041269D, ESP=0x001FEF68, EBP=0x001FEFFC, EAX=0x00880000, EBX=0x00000000, ECX=0x0043ACA0, EDX=0x0000000A, ESI=0x0088028C, EDI=0x00880000
2026-01-08 13:44:18.291 [INFO] Win32Emu.Emulator: [IGN_TEAS Loop] Iteration 11113: EIP 0x0041269D→0x004126A1, ESP=0x001FEF68, EBP=0x001FEFFC, EAX=0x00880000, EBX=0x00000000, ECX=0x0043ACA0, EDX=0x0000000A, ESI=0x0088028C, EDI=0x00880000
2026-01-08 13:44:18.291 [INFO] Win32Emu.Emulator: [IGN_TEAS Loop] Iteration 11114: EIP 0x004126A1→0x0041269A, ESP=0x001FEF68, EBP=0x001FEFFC, EAX=0x00880000, EBX=0x00000000, ECX=0x0043ACA0, EDX=0x0000000A, ESI=0x0088028C, EDI=0x00880000
2026-01-08 13:44:18.291 [INFO] Win32Emu.Emulator: [IGN_TEAS Loop] Iteration 11115: EIP 0x0041269A→0x0041269D, ESP=0x001FEF68, EBP=0x001FEFFC, EAX=0x00880000, EBX=0x00000000, ECX=0x0043ACA0, EDX=0x0000000A, ESI=0x0088028E, EDI=0x00880000
2026-01-08 13:44:18.291 [INFO] Win32Emu.Emulator: [IGN_TEAS Loop] Iteration 11116: EIP 0x0041269D→0x004126A1, ESP=0x001FEF68, EBP=0x001FEFFC, EAX=0x00880000, EBX=0x00000000, ECX=0x0043ACA0, EDX=0x0000000A, ESI=0x0088028E, EDI=0x00880000
2026-01-08 13:44:18.291 [INFO] Win32Emu.Emulator: [IGN_TEAS Loop] Iteration 11117: EIP 0x004126A1→0x004126A3, ESP=0x001FEF68, EBP=0x001FEFFC, EAX=0x00880000, EBX=0x00000000, ECX=0x0043ACA0, EDX=0x0000000A, ESI=0x0088028E, EDI=0x00880000
2026-01-08 13:44:18.292 [INFO] Win32Emu.Emulator: [IGN_TEAS Loop] Iteration 11118: EIP 0x004126A3→0x004126A6, ESP=0x001FEF68, EBP=0x001FEFFC, EAX=0x00880000, EBX=0x00000000, ECX=0x0043ACA0, EDX=0x0000000A, ESI=0x00880290, EDI=0x00880000
2026-01-08 13:44:18.292 [INFO] Win32Emu.Emulator: [IGN_TEAS Loop] Iteration 11119: EIP 0x004126A6→0x004126AA, ESP=0x001FEF68, EBP=0x001FEFFC, EAX=0x00880000, EBX=0x00000000, ECX=0x0043ACA0, EDX=0x0000000A, ESI=0x00880290, EDI=0x00880000
2026-01-08 13:44:18.292 [INFO] Win32Emu.Emulator: [IGN_TEAS Loop] Iteration 11120: EIP 0x004126AA→0x004126AC, ESP=0x001FEF68, EBP=0x001FEFFC, EAX=0x00880000, EBX=0x00000000, ECX=0x0043ACA0, EDX=0x0000000A, ESI=0x00880290, EDI=0x00880000
2026-01-08 13:44:18.292 [INFO] Win32Emu.Emulator: [IGN_TEAS Loop] Iteration 11121: EIP 0x004126AC→0x004126AE, ESP=0x001FEF68, EBP=0x001FEFFC, EAX=0x00880000, EBX=0x00000000, ECX=0x0043ACA0, EDX=0x0000000A, ESI=0x00000290, EDI=0x00880000
2026-01-08 13:44:18.292 [INFO] Win32Emu.Emulator: [IGN_TEAS Loop] Iteration 11122: EIP 0x004126AE→0x004126B0, ESP=0x001FEF64, EBP=0x001FEFFC, EAX=0x00880000, EBX=0x00000000, ECX=0x0043ACA0, EDX=0x0000000A, ESI=0x00000290, EDI=0x00880000
2026-01-08 13:44:18.292 [INFO] Win32Emu.Emulator: [IGN_TEAS Loop] Iteration 11123: EIP 0x004126B0→0x004126B3, ESP=0x001FEF64, EBP=0x001FEFFC, EAX=0x00880000, EBX=0x00000000, ECX=0x0043ACA0, EDX=0x0000000A, ESI=0x00000148, EDI=0x00880000
2026-01-08 13:44:18.292 [INFO] Win32Emu.Emulator: [IGN_TEAS Loop] Iteration 11124: EIP 0x004126B3→0x004126B5, ESP=0x001FEF60, EBP=0x001FEFFC, EAX=0x00880000, EBX=0x00000000, ECX=0x0043ACA0, EDX=0x0000000A, ESI=0x00000148, EDI=0x00880000
2026-01-08 13:44:18.292 [INFO] Win32Emu.Emulator: [IGN_TEAS Loop] Iteration 11125: EIP 0x004126B5→0x004126B6, ESP=0x001FEF60, EBP=0x001FEFFC, EAX=0x00880000, EBX=0x00000000, ECX=0x0043ACA0, EDX=0x0000000A, ESI=0x00000149, EDI=0x00880000
2026-01-08 13:44:18.292 [INFO] Win32Emu.Emulator: [IGN_TEAS Loop] Iteration 11126: EIP 0x004126B6→0x004126B8, ESP=0x001FEF5C, EBP=0x001FEFFC, EAX=0x00880000, EBX=0x00000000, ECX=0x0043ACA0, EDX=0x0000000A, ESI=0x00000149, EDI=0x00880000
2026-01-08 13:44:18.292 [INFO] Win32Emu.Emulator: [IGN_TEAS Loop] Iteration 11127: EIP 0x004126B8→0x004126BA, ESP=0x001FEF58, EBP=0x001FEFFC, EAX=0x00880000, EBX=0x00000000, ECX=0x0043ACA0, EDX=0x0000000A, ESI=0x00000149, EDI=0x00880000
2026-01-08 13:44:18.292 [INFO] Win32Emu.Emulator: [IGN_TEAS Loop] Iteration 11128: EIP 0x004126BA→0x004126BB, ESP=0x001FEF54, EBP=0x001FEFFC, EAX=0x00880000, EBX=0x00000000, ECX=0x0043ACA0, EDX=0x0000000A, ESI=0x00000149, EDI=0x00880000
2026-01-08 13:44:18.292 [INFO] Win32Emu.Emulator: [IGN_TEAS Loop] Iteration 11129: EIP 0x004126BB→0x004126BC, ESP=0x001FEF50, EBP=0x001FEFFC, EAX=0x00880000, EBX=0x00000000, ECX=0x0043ACA0, EDX=0x0000000A, ESI=0x00000149, EDI=0x00880000
2026-01-08 13:44:18.292 [INFO] Win32Emu.Emulator: [IGN_TEAS Loop] Iteration 11130: EIP 0x004126BC→0x004126BE, ESP=0x001FEF4C, EBP=0x001FEFFC, EAX=0x00880000, EBX=0x00000000, ECX=0x0043ACA0, EDX=0x0000000A, ESI=0x00000149, EDI=0x00880000
2026-01-08 13:44:18.292 [INFO] Win32Emu.Emulator: [IGN_TEAS Loop] Iteration 11131: EIP 0x004126BE→0x004126C0, ESP=0x001FEF48, EBP=0x001FEFFC, EAX=0x00880000, EBX=0x00000000, ECX=0x0043ACA0, EDX=0x0000000A, ESI=0x00000149, EDI=0x00880000
2026-01-08 13:44:18.292 [INFO] Win32Emu.Emulator: [Syscall] KERNEL32.DLL!WideCharToMultiByte from stub at 0x0F000290
2026-01-08 13:44:18.292 [INFO] Win32Emu.Emulator: [Syscall] BEFORE API: Return address at 0x001FEF44 = 0x004126C6
2026-01-08 13:44:18.292 [INFO] Win32Emu.Emulator: Dispatching async KERNEL32.DLL!WideCharToMultiByte at EIP=0x0E000002 ESP=0x001FEF44 stack=C6 26 41 00 00 00 00 00 00 00 00 00 00 00 88 00
2026-01-08 13:44:18.292 [INFO] Win32Emu.Emulator: Dispatching KERNEL32.DLL!WideCharToMultiByte at EIP=0x0E000002 ESP=0x001FEF44 stack=C6 26 41 00 00 00 00 00 00 00 00 00 00 00 88 00
2026-01-08 13:44:18.293 [INFO] Win32Emu.Emulator: [Kernel32] WideCharToMultiByte: CP=Acp cchWide=329 lpWide=0x00880000 cbMulti=0 lpMulti=0x00000000
2026-01-08 13:44:18.294 [INFO] Win32Emu.Emulator: [Kernel32] WideCharToMultiByte: Read 329 chars (specified count)
2026-01-08 13:44:18.294 [INFO] Win32Emu.Emulator: [Kernel32] WideCharToMultiByte: Returning size 329
2026-01-08 13:44:18.294 [INFO] Win32Emu.Emulator: [Dispatcher] KERNEL32.DLL!WideCharToMultiByte returned 0x00000149, argBytes=32
2026-01-08 13:44:18.294 [INFO] Win32Emu.Emulator: [Syscall] AFTER API: Return address at 0x001FEF44 = 0x004126C6
2026-01-08 13:44:18.294 [INFO] Win32Emu.Emulator: [IGN_TEAS Loop] Iteration 11136: EIP 0x0F000295→0x004126C6, ESP=0x001FEF68, EBP=0x001FEFFC, EAX=0x00000149, EBX=0x00000000, ECX=0x0043ACA0, EDX=0x0000000A, ESI=0x00000149, EDI=0x00880000
2026-01-08 13:44:18.294 [INFO] Win32Emu.Emulator: [IGN_TEAS Loop] Iteration 11137: EIP 0x004126C6→0x004126C8, ESP=0x001FEF68, EBP=0x00000149, EAX=0x00000149, EBX=0x00000000, ECX=0x0043ACA0, EDX=0x0000000A, ESI=0x00000149, EDI=0x00880000
2026-01-08 13:44:18.294 [INFO] Win32Emu.Emulator: [IGN_TEAS Loop] Iteration 11138: EIP 0x004126C8→0x004126CA, ESP=0x001FEF68, EBP=0x00000149, EAX=0x00000149, EBX=0x00000000, ECX=0x0043ACA0, EDX=0x0000000A, ESI=0x00000149, EDI=0x00880000
2026-01-08 13:44:18.294 [INFO] Win32Emu.Emulator: [IGN_TEAS Loop] Iteration 11139: EIP 0x004126CA→0x004126CC, ESP=0x001FEF68, EBP=0x00000149, EAX=0x00000149, EBX=0x00000000, ECX=0x0043ACA0, EDX=0x0000000A, ESI=0x00000149, EDI=0x00880000
2026-01-08 13:44:18.294 [INFO] Win32Emu.Emulator: [IGN_TEAS Loop] Iteration 11140: EIP 0x004126CC→0x004126CD, ESP=0x001FEF64, EBP=0x00000149, EAX=0x00000149, EBX=0x00000000, ECX=0x0043ACA0, EDX=0x0000000A, ESI=0x00000149, EDI=0x00880000
2026-01-08 13:44:18.294 [INFO] Win32Emu.Emulator: [IGN_TEAS Loop] Iteration 11250: EIP 0x004111B3→0x004126D2, ESP=0x001FEF64, EBP=0x00000149, EAX=0x00480200, EBX=0x00000000, ECX=0x004800F8, EDX=0x00000015, ESI=0x00000149, EDI=0x00880000
2026-01-08 13:44:18.294 [INFO] Win32Emu.Emulator: [IGN_TEAS Loop] Iteration 11251: EIP 0x004126D2→0x004126D5, ESP=0x001FEF68, EBP=0x00000149, EAX=0x00480200, EBX=0x00000000, ECX=0x004800F8, EDX=0x00000015, ESI=0x00000149, EDI=0x00880000
2026-01-08 13:44:18.294 [INFO] Win32Emu.Emulator: [IGN_TEAS Loop] Iteration 11252: EIP 0x004126D5→0x004126D7, ESP=0x001FEF68, EBP=0x00000149, EAX=0x00480200, EBX=0x00480200, ECX=0x004800F8, EDX=0x00000015, ESI=0x00000149, EDI=0x00880000
2026-01-08 13:44:18.294 [INFO] Win32Emu.Emulator: [IGN_TEAS Loop] Iteration 11253: EIP 0x004126D7→0x004126D9, ESP=0x001FEF68, EBP=0x00000149, EAX=0x00480200, EBX=0x00480200, ECX=0x004800F8, EDX=0x00000015, ESI=0x00000149, EDI=0x00880000
2026-01-08 13:44:18.294 [INFO] Win32Emu.Emulator: [IGN_TEAS Loop] Iteration 11254: EIP 0x004126D9→0x004126DB, ESP=0x001FEF68, EBP=0x00000149, EAX=0x00480200, EBX=0x00480200, ECX=0x004800F8, EDX=0x00000015, ESI=0x00000149, EDI=0x00880000
2026-01-08 13:44:18.294 [INFO] Win32Emu.Emulator: [IGN_TEAS Loop] Iteration 11255: EIP 0x004126DB→0x004126DD, ESP=0x001FEF64, EBP=0x00000149, EAX=0x00480200, EBX=0x00480200, ECX=0x004800F8, EDX=0x00000015, ESI=0x00000149, EDI=0x00880000
2026-01-08 13:44:18.294 [INFO] Win32Emu.Emulator: [IGN_TEAS Loop] Iteration 11256: EIP 0x004126DD→0x004126DF, ESP=0x001FEF60, EBP=0x00000149, EAX=0x00480200, EBX=0x00480200, ECX=0x004800F8, EDX=0x00000015, ESI=0x00000149, EDI=0x00880000
2026-01-08 13:44:18.294 [INFO] Win32Emu.Emulator: [IGN_TEAS Loop] Iteration 11257: EIP 0x004126DF→0x004126E0, ESP=0x001FEF5C, EBP=0x00000149, EAX=0x00480200, EBX=0x00480200, ECX=0x004800F8, EDX=0x00000015, ESI=0x00000149, EDI=0x00880000
2026-01-08 13:44:18.294 [INFO] Win32Emu.Emulator: [IGN_TEAS Loop] Iteration 11258: EIP 0x004126E0→0x004126E1, ESP=0x001FEF58, EBP=0x00000149, EAX=0x00480200, EBX=0x00480200, ECX=0x004800F8, EDX=0x00000015, ESI=0x00000149, EDI=0x00880000
2026-01-08 13:44:18.294 [INFO] Win32Emu.Emulator: [IGN_TEAS Loop] Iteration 11259: EIP 0x004126E1→0x004126E2, ESP=0x001FEF54, EBP=0x00000149, EAX=0x00480200, EBX=0x00480200, ECX=0x004800F8, EDX=0x00000015, ESI=0x00000149, EDI=0x00880000
2026-01-08 13:44:18.294 [INFO] Win32Emu.Emulator: [IGN_TEAS Loop] Iteration 11260: EIP 0x004126E2→0x004126E3, ESP=0x001FEF50, EBP=0x00000149, EAX=0x00480200, EBX=0x00480200, ECX=0x004800F8, EDX=0x00000015, ESI=0x00000149, EDI=0x00880000
2026-01-08 13:44:18.294 [INFO] Win32Emu.Emulator: [IGN_TEAS Loop] Iteration 11261: EIP 0x004126E3→0x004126E5, ESP=0x001FEF4C, EBP=0x00000149, EAX=0x00480200, EBX=0x00480200, ECX=0x004800F8, EDX=0x00000015, ESI=0x00000149, EDI=0x00880000
2026-01-08 13:44:18.295 [INFO] Win32Emu.Emulator: [IGN_TEAS Loop] Iteration 11262: EIP 0x004126E5→0x004126E7, ESP=0x001FEF48, EBP=0x00000149, EAX=0x00480200, EBX=0x00480200, ECX=0x004800F8, EDX=0x00000015, ESI=0x00000149, EDI=0x00880000
2026-01-08 13:44:18.295 [INFO] Win32Emu.Emulator: [Syscall] KERNEL32.DLL!WideCharToMultiByte from stub at 0x0F000290
2026-01-08 13:44:18.295 [INFO] Win32Emu.Emulator: [Syscall] BEFORE API: Return address at 0x001FEF44 = 0x004126ED
2026-01-08 13:44:18.295 [INFO] Win32Emu.Emulator: Dispatching async KERNEL32.DLL!WideCharToMultiByte at EIP=0x0E000002 ESP=0x001FEF44 stack=ED 26 41 00 00 00 00 00 00 00 00 00 00 00 88 00
2026-01-08 13:44:18.295 [INFO] Win32Emu.Emulator: Dispatching KERNEL32.DLL!WideCharToMultiByte at EIP=0x0E000002 ESP=0x001FEF44 stack=ED 26 41 00 00 00 00 00 00 00 00 00 00 00 88 00
2026-01-08 13:44:18.295 [INFO] Win32Emu.Emulator: [Kernel32] WideCharToMultiByte: CP=Acp cchWide=329 lpWide=0x00880000 cbMulti=329 lpMulti=0x00480200
2026-01-08 13:44:18.295 [INFO] Win32Emu.Emulator: [Kernel32] WideCharToMultiByte: Read 329 chars (specified count)
2026-01-08 13:44:18.295 [INFO] Win32Emu.Emulator: [Dispatcher] KERNEL32.DLL!WideCharToMultiByte returned 0x00000149, argBytes=32
2026-01-08 13:44:18.295 [INFO] Win32Emu.Emulator: [Syscall] AFTER API: Return address at 0x001FEF44 = 0x004126ED
2026-01-08 13:44:18.295 [INFO] Win32Emu.Emulator: [IGN_TEAS Loop] Iteration 11267: EIP 0x0F000295→0x004126ED, ESP=0x001FEF68, EBP=0x00000149, EAX=0x00000149, EBX=0x00480200, ECX=0x004800F8, EDX=0x00000015, ESI=0x00000149, EDI=0x00880000
2026-01-08 13:44:18.295 [INFO] Win32Emu.Emulator: [IGN_TEAS Loop] Iteration 11268: EIP 0x004126ED→0x004126EF, ESP=0x001FEF68, EBP=0x00000149, EAX=0x00000149, EBX=0x00480200, ECX=0x004800F8, EDX=0x00000015, ESI=0x00000149, EDI=0x00880000
2026-01-08 13:44:18.295 [INFO] Win32Emu.Emulator: [IGN_TEAS Loop] Iteration 11269: EIP 0x004126EF→0x004126FC, ESP=0x001FEF68, EBP=0x00000149, EAX=0x00000149, EBX=0x00480200, ECX=0x004800F8, EDX=0x00000015, ESI=0x00000149, EDI=0x00880000
2026-01-08 13:44:18.295 [INFO] Win32Emu.Emulator: [IGN_TEAS Loop] Iteration 11270: EIP 0x004126FC→0x004126FD, ESP=0x001FEF64, EBP=0x00000149, EAX=0x00000149, EBX=0x00480200, ECX=0x004800F8, EDX=0x00000015, ESI=0x00000149, EDI=0x00880000
2026-01-08 13:44:18.295 [INFO] Win32Emu.Emulator: [Syscall] KERNEL32.DLL!FreeEnvironmentStringsW from stub at 0x0F0004D0
2026-01-08 13:44:18.295 [INFO] Win32Emu.Emulator: [Syscall] BEFORE API: Return address at 0x001FEF60 = 0x00412703
2026-01-08 13:44:18.295 [INFO] Win32Emu.Emulator: Dispatching async KERNEL32.DLL!FreeEnvironmentStringsW at EIP=0x0E000002 ESP=0x001FEF60 stack=03 27 41 00 00 00 88 00 FC EF 1F 00 00 00 00 00
2026-01-08 13:44:18.295 [INFO] Win32Emu.Emulator: Dispatching KERNEL32.DLL!FreeEnvironmentStringsW at EIP=0x0E000002 ESP=0x001FEF60 stack=03 27 41 00 00 00 88 00 FC EF 1F 00 00 00 00 00
2026-01-08 13:44:18.295 [INFO] Win32Emu.Emulator: [Dispatcher] KERNEL32.DLL!FreeEnvironmentStringsW returned 0x00000001, argBytes=4
2026-01-08 13:44:18.295 [INFO] Win32Emu.Emulator: [Syscall] AFTER API: Return address at 0x001FEF60 = 0x00412703
2026-01-08 13:44:18.295 [INFO] Win32Emu.Emulator: [IGN_TEAS Loop] Iteration 11288: EIP 0x00411081→0x004123A0, ESP=0x001FEF7C, EBP=0x001FEFFC, EAX=0x00480200, EBX=0x00000000, ECX=0x004800F8, EDX=0x00000015, ESI=0x00000000, EDI=0x00000000
2026-01-08 13:44:18.295 [INFO] Win32Emu.Emulator: [IGN_TEAS Loop] Iteration 11289: EIP 0x004123A0→0x004123A3, ESP=0x001FEF74, EBP=0x001FEFFC, EAX=0x00480200, EBX=0x00000000, ECX=0x004800F8, EDX=0x00000015, ESI=0x00000000, EDI=0x00000000
2026-01-08 13:44:18.295 [INFO] Win32Emu.Emulator: [IGN_TEAS Loop] Iteration 11290: EIP 0x004123A3→0x004123A4, ESP=0x001FEF70, EBP=0x001FEFFC, EAX=0x00480200, EBX=0x00000000, ECX=0x004800F8, EDX=0x00000015, ESI=0x00000000, EDI=0x00000000
2026-01-08 13:44:18.295 [INFO] Win32Emu.Emulator: [IGN_TEAS Loop] Iteration 11291: EIP 0x004123A4→0x004123A5, ESP=0x001FEF6C, EBP=0x001FEFFC, EAX=0x00480200, EBX=0x00000000, ECX=0x004800F8, EDX=0x00000015, ESI=0x00000000, EDI=0x00000000
2026-01-08 13:44:18.295 [INFO] Win32Emu.Emulator: [IGN_TEAS Loop] Iteration 11292: EIP 0x004123A5→0x004123AA, ESP=0x001FEF68, EBP=0x001FEFFC, EAX=0x00480200, EBX=0x00000000, ECX=0x004800F8, EDX=0x00000015, ESI=0x00000000, EDI=0x00000000
2026-01-08 13:44:18.295 [INFO] Win32Emu.Emulator: [IGN_TEAS Loop] Iteration 11293: EIP 0x004123AA→0x004123AF, ESP=0x001FEF68, EBP=0x001FEFFC, EAX=0x00480200, EBX=0x00000000, ECX=0x004800F8, EDX=0x00000015, ESI=0x00452760, EDI=0x00000000
2026-01-08 13:44:18.295 [INFO] Win32Emu.Emulator: [IGN_TEAS Loop] Iteration 11294: EIP 0x004123AF→0x004123B0, ESP=0x001FEF64, EBP=0x001FEFFC, EAX=0x00480200, EBX=0x00000000, ECX=0x004800F8, EDX=0x00000015, ESI=0x00452760, EDI=0x00000000
2026-01-08 13:44:18.296 [INFO] Win32Emu.Emulator: [IGN_TEAS Loop] Iteration 11295: EIP 0x004123B0→0x004123B2, ESP=0x001FEF60, EBP=0x001FEFFC, EAX=0x00480200, EBX=0x00000000, ECX=0x004800F8, EDX=0x00000015, ESI=0x00452760, EDI=0x00000000
2026-01-08 13:44:18.296 [INFO] Win32Emu.Emulator: [Syscall] KERNEL32.DLL!GetModuleFileNameA from stub at 0x0F000270
2026-01-08 13:44:18.296 [INFO] Win32Emu.Emulator: [Syscall] BEFORE API: Return address at 0x001FEF5C = 0x004123B8
2026-01-08 13:44:18.296 [INFO] Win32Emu.Emulator: Dispatching async KERNEL32.DLL!GetModuleFileNameA at EIP=0x0E000002 ESP=0x001FEF5C stack=B8 23 41 00 00 00 00 00 60 27 45 00 04 01 00 00
2026-01-08 13:44:18.296 [INFO] Win32Emu.Emulator: Dispatching KERNEL32.DLL!GetModuleFileNameA at EIP=0x0E000002 ESP=0x001FEF5C stack=B8 23 41 00 00 00 00 00 60 27 45 00 04 01 00 00
2026-01-08 13:44:18.296 [INFO] Win32Emu.Emulator: [Kernel32] GetModuleFileNameA called: h=0x00000000 lp=0x00452760 n=260
2026-01-08 13:44:18.297 [INFO] Win32Emu.Emulator: [Kernel32] GetModuleFileNameA returning 24
2026-01-08 13:44:18.297 [INFO] Win32Emu.Emulator: [Dispatcher] KERNEL32.DLL!GetModuleFileNameA returned 0x00000018, argBytes=12
2026-01-08 13:44:18.297 [INFO] Win32Emu.Emulator: [Syscall] AFTER API: Return address at 0x001FEF5C = 0x004123B8
2026-01-08 13:44:18.297 [INFO] Win32Emu.Emulator: [IGN_TEAS Loop] Iteration 11300: EIP 0x0F000275→0x004123B8, ESP=0x001FEF6C, EBP=0x001FEFFC, EAX=0x00000018, EBX=0x00000000, ECX=0x004800F8, EDX=0x00000015, ESI=0x00452760, EDI=0x00000000
2026-01-08 13:44:18.297 [INFO] Win32Emu.Emulator: [IGN_TEAS Loop] Iteration 11301: EIP 0x004123B8→0x004123BD, ESP=0x001FEF6C, EBP=0x001FEFFC, EAX=0x00470000, EBX=0x00000000, ECX=0x004800F8, EDX=0x00000015, ESI=0x00452760, EDI=0x00000000
2026-01-08 13:44:18.297 [INFO] Win32Emu.Emulator: [IGN_TEAS Loop] Iteration 11302: EIP 0x004123BD→0x004123C3, ESP=0x001FEF6C, EBP=0x001FEFFC, EAX=0x00470000, EBX=0x00000000, ECX=0x004800F8, EDX=0x00000015, ESI=0x00452760, EDI=0x00000000
2026-01-08 13:44:18.297 [INFO] Win32Emu.Emulator: [IGN_TEAS Loop] Iteration 11303: EIP 0x004123C3→0x004123C6, ESP=0x001FEF6C, EBP=0x001FEFFC, EAX=0x00470000, EBX=0x00000000, ECX=0x004800F8, EDX=0x00000015, ESI=0x00452760, EDI=0x00000000
2026-01-08 13:44:18.297 [INFO] Win32Emu.Emulator: [IGN_TEAS Loop] Iteration 11304: EIP 0x004123C6→0x004123C8, ESP=0x001FEF6C, EBP=0x001FEFFC, EAX=0x00470000, EBX=0x00000000, ECX=0x004800F8, EDX=0x00000015, ESI=0x00452760, EDI=0x00000000
2026-01-08 13:44:18.297 [INFO] Win32Emu.Emulator: [IGN_TEAS Loop] Iteration 11305: EIP 0x004123C8→0x004123CE, ESP=0x001FEF6C, EBP=0x001FEFFC, EAX=0x00470000, EBX=0x00000000, ECX=0x004800F8, EDX=0x00000015, ESI=0x00470000, EDI=0x00000000
2026-01-08 13:44:18.297 [INFO] Win32Emu.Emulator: [IGN_TEAS Loop] Iteration 11306: EIP 0x004123CE→0x004123D2, ESP=0x001FEF6C, EBP=0x001FEFFC, EAX=0x001FEF78, EBX=0x00000000, ECX=0x004800F8, EDX=0x00000015, ESI=0x00470000, EDI=0x00000000
2026-01-08 13:44:18.297 [INFO] Win32Emu.Emulator: [IGN_TEAS Loop] Iteration 11307: EIP 0x004123D2→0x004123D6, ESP=0x001FEF6C, EBP=0x001FEFFC, EAX=0x001FEF78, EBX=0x00000000, ECX=0x001FEF74, EDX=0x00000015, ESI=0x00470000, EDI=0x00000000
2026-01-08 13:44:18.297 [INFO] Win32Emu.Emulator: [IGN_TEAS Loop] Iteration 11308: EIP 0x004123D6→0x004123D7, ESP=0x001FEF68, EBP=0x001FEFFC, EAX=0x001FEF78, EBX=0x00000000, ECX=0x001FEF74, EDX=0x00000015, ESI=0x00470000, EDI=0x00000000
2026-01-08 13:44:18.297 [INFO] Win32Emu.Emulator: [IGN_TEAS Loop] Iteration 11309: EIP 0x004123D7→0x004123D8, ESP=0x001FEF64, EBP=0x001FEFFC, EAX=0x001FEF78, EBX=0x00000000, ECX=0x001FEF74, EDX=0x00000015, ESI=0x00470000, EDI=0x00000000
2026-01-08 13:44:18.297 [INFO] Win32Emu.Emulator: [IGN_TEAS Loop] Iteration 11310: EIP 0x004123D8→0x004123DA, ESP=0x001FEF60, EBP=0x001FEFFC, EAX=0x001FEF78, EBX=0x00000000, ECX=0x001FEF74, EDX=0x00000015, ESI=0x00470000, EDI=0x00000000
2026-01-08 13:44:18.297 [INFO] Win32Emu.Emulator: [IGN_TEAS Loop] Iteration 11311: EIP 0x004123DA→0x004123DC, ESP=0x001FEF5C, EBP=0x001FEFFC, EAX=0x001FEF78, EBX=0x00000000, ECX=0x001FEF74, EDX=0x00000015, ESI=0x00470000, EDI=0x00000000
2026-01-08 13:44:18.297 [INFO] Win32Emu.Emulator: [IGN_TEAS Loop] Iteration 11312: EIP 0x004123DC→0x004123DD, ESP=0x001FEF58, EBP=0x001FEFFC, EAX=0x001FEF78, EBX=0x00000000, ECX=0x001FEF74, EDX=0x00000015, ESI=0x00470000, EDI=0x00000000
2026-01-08 13:44:18.297 [INFO] Win32Emu.Emulator: [IGN_TEAS Loop] Iteration 11313: EIP 0x004123DD→0x00412440, ESP=0x001FEF54, EBP=0x001FEFFC, EAX=0x001FEF78, EBX=0x00000000, ECX=0x001FEF74, EDX=0x00000015, ESI=0x00470000, EDI=0x00000000
2026-01-08 13:44:18.297 [INFO] Win32Emu.Emulator: [IGN_TEAS Loop] Iteration 11314: EIP 0x00412440→0x00412444, ESP=0x001FEF54, EBP=0x001FEFFC, EAX=0x001FEF78, EBX=0x00000000, ECX=0x001FEF78, EDX=0x00000015, ESI=0x00470000, EDI=0x00000000
2026-01-08 13:44:18.297 [INFO] Win32Emu.Emulator: [IGN_TEAS Loop] Iteration 11315: EIP 0x00412444→0x00412445, ESP=0x001FEF50, EBP=0x001FEFFC, EAX=0x001FEF78, EBX=0x00000000, ECX=0x001FEF78, EDX=0x00000015, ESI=0x00470000, EDI=0x00000000
2026-01-08 13:44:18.297 [INFO] Win32Emu.Emulator: [IGN_TEAS Loop] Iteration 11316: EIP 0x00412445→0x00412449, ESP=0x001FEF50, EBP=0x001FEFFC, EAX=0x001FEF78, EBX=0x00000000, ECX=0x001FEF78, EDX=0x001FEF74, ESI=0x00470000, EDI=0x00000000
2026-01-08 13:44:18.297 [INFO] Win32Emu.Emulator: [IGN_TEAS Loop] Iteration 11317: EIP 0x00412449→0x0041244A, ESP=0x001FEF4C, EBP=0x001FEFFC, EAX=0x001FEF78, EBX=0x00000000, ECX=0x001FEF78, EDX=0x001FEF74, ESI=0x00470000, EDI=0x00000000
2026-01-08 13:44:18.297 [INFO] Win32Emu.Emulator: [IGN_TEAS Loop] Iteration 11318: EIP 0x0041244A→0x0041244E, ESP=0x001FEF4C, EBP=0x001FEFFC, EAX=0x001FEF78, EBX=0x00000000, ECX=0x001FEF78, EDX=0x001FEF74, ESI=0x00470000, EDI=0x00000000
2026-01-08 13:44:18.297 [INFO] Win32Emu.Emulator: [IGN_TEAS Loop] Iteration 11319: EIP 0x0041244E→0x0041244F, ESP=0x001FEF48, EBP=0x001FEFFC, EAX=0x001FEF78, EBX=0x00000000, ECX=0x001FEF78, EDX=0x001FEF74, ESI=0x00470000, EDI=0x00000000
2026-01-08 13:44:18.297 [INFO] Win32Emu.Emulator: [IGN_TEAS Loop] Iteration 11320: EIP 0x0041244F→0x00412453, ESP=0x001FEF48, EBP=0x001FEFFC, EAX=0x00000000, EBX=0x00000000, ECX=0x001FEF78, EDX=0x001FEF74, ESI=0x00470000, EDI=0x00000000
2026-01-08 13:44:18.297 [INFO] Win32Emu.Emulator: [IGN_TEAS Loop] Iteration 11321: EIP 0x00412453→0x00412454, ESP=0x001FEF44, EBP=0x001FEFFC, EAX=0x00000000, EBX=0x00000000, ECX=0x001FEF78, EDX=0x001FEF74, ESI=0x00470000, EDI=0x00000000
2026-01-08 13:44:18.297 [INFO] Win32Emu.Emulator: [IGN_TEAS Loop] Iteration 11322: EIP 0x00412454→0x00412459, ESP=0x001FEF44, EBP=0x001FEFFC, EAX=0x00000000, EBX=0x00000000, ECX=0x001FEF78, EDX=0x001FEF74, ESI=0x00470000, EDI=0x00000000
2026-01-08 13:44:18.297 [INFO] Win32Emu.Emulator: [IGN_TEAS Loop] Iteration 11323: EIP 0x00412459→0x0041245F, ESP=0x001FEF44, EBP=0x001FEFFC, EAX=0x00000000, EBX=0x00000000, ECX=0x001FEF78, EDX=0x001FEF74, ESI=0x00470000, EDI=0x00000000
2026-01-08 13:44:18.297 [INFO] Win32Emu.Emulator: [IGN_TEAS Loop] Iteration 11324: EIP 0x0041245F→0x00412465, ESP=0x001FEF44, EBP=0x001FEFFC, EAX=0x00000000, EBX=0x00000000, ECX=0x001FEF78, EDX=0x001FEF74, ESI=0x00470000, EDI=0x00000000
2026-01-08 13:44:18.297 [INFO] Win32Emu.Emulator: [IGN_TEAS Loop] Iteration 11325: EIP 0x00412465→0x00412472, ESP=0x001FEF44, EBP=0x001FEFFC, EAX=0x00000000, EBX=0x00000000, ECX=0x001FEF78, EDX=0x001FEF74, ESI=0x00470000, EDI=0x00000000
2026-01-08 13:44:18.297 [INFO] Win32Emu.Emulator: [IGN_TEAS Loop] Iteration 11326: EIP 0x00412472→0x00412475, ESP=0x001FEF44, EBP=0x001FEFFC, EAX=0x00000000, EBX=0x00000000, ECX=0x001FEF78, EDX=0x001FEF74, ESI=0x00470000, EDI=0x00000000
2026-01-08 13:44:18.298 [INFO] Win32Emu.Emulator: [IGN_TEAS Loop] Iteration 11327: EIP 0x00412475→0x004124BD, ESP=0x001FEF44, EBP=0x001FEFFC, EAX=0x00000000, EBX=0x00000000, ECX=0x001FEF78, EDX=0x001FEF74, ESI=0x00470000, EDI=0x00000000
2026-01-08 13:44:18.298 [INFO] Win32Emu.Emulator: [IGN_TEAS Loop] Iteration 11328: EIP 0x004124BD→0x004124BE, ESP=0x001FEF44, EBP=0x001FEFFC, EAX=0x00000000, EBX=0x00000000, ECX=0x001FEF78, EDX=0x001FEF74, ESI=0x00470001, EDI=0x00000000
2026-01-08 13:44:18.298 [INFO] Win32Emu.Emulator: [IGN_TEAS Loop] Iteration 11329: EIP 0x004124BE→0x004124C1, ESP=0x001FEF44, EBP=0x001FEFFC, EAX=0x00000000, EBX=0x00000000, ECX=0x001FEF78, EDX=0x001FEF74, ESI=0x00470001, EDI=0x00000000
2026-01-08 13:44:18.298 [INFO] Win32Emu.Emulator: [IGN_TEAS Loop] Iteration 11330: EIP 0x004124C1→0x004124C3, ESP=0x001FEF44, EBP=0x001FEFFC, EAX=0x00000000, EBX=0x00000000, ECX=0x001FEF78, EDX=0x001FEF74, ESI=0x00470001, EDI=0x00000000
2026-01-08 13:44:18.298 [INFO] Win32Emu.Emulator: [IGN_TEAS Loop] Iteration 11331: EIP 0x004124C3→0x004124C5, ESP=0x001FEF44, EBP=0x001FEFFC, EAX=0x00000000, EBX=0x00000043, ECX=0x001FEF78, EDX=0x001FEF74, ESI=0x00470001, EDI=0x00000000
2026-01-08 13:44:18.298 [INFO] Win32Emu.Emulator: [IGN_TEAS Loop] Iteration 11332: EIP 0x004124C5→0x004124C7, ESP=0x001FEF44, EBP=0x001FEFFC, EAX=0x00000000, EBX=0x00000043, ECX=0x001FEF78, EDX=0x001FEF74, ESI=0x00470001, EDI=0x00000000
2026-01-08 13:44:18.298 [INFO] Win32Emu.Emulator: [IGN_TEAS Loop] Iteration 11333: EIP 0x004124C7→0x004124C9, ESP=0x001FEF44, EBP=0x001FEFFC, EAX=0x00000000, EBX=0x00000043, ECX=0x001FEF78, EDX=0x001FEF74, ESI=0x00470001, EDI=0x00000000
2026-01-08 13:44:18.298 [INFO] Win32Emu.Emulator: [IGN_TEAS Loop] Iteration 11334: EIP 0x004124C9→0x004124CB, ESP=0x001FEF44, EBP=0x001FEFFC, EAX=0x00000000, EBX=0x00000043, ECX=0x001FEF78, EDX=0x00000000, ESI=0x00470001, EDI=0x00000000
2026-01-08 13:44:18.298 [INFO] Win32Emu.Emulator: [IGN_TEAS Loop] Iteration 11335: EIP 0x004124CB→0x004124CD, ESP=0x001FEF44, EBP=0x001FEFFC, EAX=0x00000000, EBX=0x00000043, ECX=0x001FEF78, EDX=0x00000043, ESI=0x00470001, EDI=0x00000000
2026-01-08 13:44:18.298 [INFO] Win32Emu.Emulator: [IGN_TEAS Loop] Iteration 11336: EIP 0x004124CD→0x004124D4, ESP=0x001FEF44, EBP=0x001FEFFC, EAX=0x00000000, EBX=0x00000043, ECX=0x001FEF78, EDX=0x00000043, ESI=0x00470001, EDI=0x00000000
2026-01-08 13:44:18.298 [INFO] Win32Emu.Emulator: [IGN_TEAS Loop] Iteration 11337: EIP 0x004124D4→0x004124E2, ESP=0x001FEF44, EBP=0x001FEFFC, EAX=0x00000000, EBX=0x00000043, ECX=0x001FEF78, EDX=0x00000043, ESI=0x00470001, EDI=0x00000000
2026-01-08 13:44:18.298 [INFO] Win32Emu.Emulator: [IGN_TEAS Loop] Iteration 11338: EIP 0x004124E2→0x004124E4, ESP=0x001FEF44, EBP=0x001FEFFC, EAX=0x00000000, EBX=0x00000043, ECX=0x001FEF78, EDX=0x00000043, ESI=0x00470001, EDI=0x00000000
2026-01-08 13:44:18.298 [INFO] Win32Emu.Emulator: [IGN_TEAS Loop] Iteration 11339: EIP 0x004124E4→0x004124E6, ESP=0x001FEF44, EBP=0x001FEFFC, EAX=0x00000000, EBX=0x00000043, ECX=0x001FEF78, EDX=0x00000043, ESI=0x00470001, EDI=0x00000000
2026-01-08 13:44:18.298 [INFO] Win32Emu.Emulator: [IGN_TEAS Loop] Iteration 11340: EIP 0x004124E6→0x004124ED, ESP=0x001FEF44, EBP=0x001FEFFC, EAX=0x00000000, EBX=0x00000043, ECX=0x001FEF78, EDX=0x00000043, ESI=0x00470001, EDI=0x00000000
2026-01-08 13:44:18.298 [INFO] Win32Emu.Emulator: [IGN_TEAS Loop] Iteration 11341: EIP 0x004124ED→0x004124EE, ESP=0x001FEF44, EBP=0x001FEFFC, EAX=0x00000000, EBX=0x00000043, ECX=0x001FEF78, EDX=0x00000043, ESI=0x00470002, EDI=0x00000000
2026-01-08 13:44:18.298 [INFO] Win32Emu.Emulator: [IGN_TEAS Loop] Iteration 11342: EIP 0x004124EE→0x004124F1, ESP=0x001FEF44, EBP=0x001FEFFC, EAX=0x00000000, EBX=0x00000043, ECX=0x001FEF78, EDX=0x00000043, ESI=0x00470002, EDI=0x00000000
2026-01-08 13:44:18.298 [INFO] Win32Emu.Emulator: [IGN_TEAS Loop] Iteration 11343: EIP 0x004124F1→0x004124C3, ESP=0x001FEF44, EBP=0x001FEFFC, EAX=0x00000000, EBX=0x00000043, ECX=0x001FEF78, EDX=0x00000043, ESI=0x00470002, EDI=0x00000000
2026-01-08 13:44:18.298 [INFO] Win32Emu.Emulator: [IGN_TEAS Loop] Iteration 11344: EIP 0x004124C3→0x004124C5, ESP=0x001FEF44, EBP=0x001FEFFC, EAX=0x00000000, EBX=0x0000003A, ECX=0x001FEF78, EDX=0x00000043, ESI=0x00470002, EDI=0x00000000
2026-01-08 13:44:18.298 [INFO] Win32Emu.Emulator: [IGN_TEAS Loop] Iteration 11345: EIP 0x004124C5→0x004124C7, ESP=0x001FEF44, EBP=0x001FEFFC, EAX=0x00000000, EBX=0x0000003A, ECX=0x001FEF78, EDX=0x00000043, ESI=0x00470002, EDI=0x00000000
2026-01-08 13:44:18.298 [INFO] Win32Emu.Emulator: [IGN_TEAS Loop] Iteration 11346: EIP 0x004124C7→0x004124C9, ESP=0x001FEF44, EBP=0x001FEFFC, EAX=0x00000000, EBX=0x0000003A, ECX=0x001FEF78, EDX=0x00000043, ESI=0x00470002, EDI=0x00000000
2026-01-08 13:44:18.298 [INFO] Win32Emu.Emulator: [IGN_TEAS Loop] Iteration 11347: EIP 0x004124C9→0x004124CB, ESP=0x001FEF44, EBP=0x001FEFFC, EAX=0x00000000, EBX=0x0000003A, ECX=0x001FEF78, EDX=0x00000000, ESI=0x00470002, EDI=0x00000000
2026-01-08 13:44:18.298 [INFO] Win32Emu.Emulator: [IGN_TEAS Loop] Iteration 11348: EIP 0x004124CB→0x004124CD, ESP=0x001FEF44, EBP=0x001FEFFC, EAX=0x00000000, EBX=0x0000003A, ECX=0x001FEF78, EDX=0x0000003A, ESI=0x00470002, EDI=0x00000000
2026-01-08 13:44:18.298 [INFO] Win32Emu.Emulator: [IGN_TEAS Loop] Iteration 11349: EIP 0x004124CD→0x004124D4, ESP=0x001FEF44, EBP=0x001FEFFC, EAX=0x00000000, EBX=0x0000003A, ECX=0x001FEF78, EDX=0x0000003A, ESI=0x00470002, EDI=0x00000000
2026-01-08 13:44:18.298 [INFO] Win32Emu.Emulator: [IGN_TEAS Loop] Iteration 11350: EIP 0x004124D4→0x004124E2, ESP=0x001FEF44, EBP=0x001FEFFC, EAX=0x00000000, EBX=0x0000003A, ECX=0x001FEF78, EDX=0x0000003A, ESI=0x00470002, EDI=0x00000000
2026-01-08 13:44:18.298 [INFO] Win32Emu.Emulator: [IGN_TEAS Loop] Iteration 11351: EIP 0x004124E2→0x004124E4, ESP=0x001FEF44, EBP=0x001FEFFC, EAX=0x00000000, EBX=0x0000003A, ECX=0x001FEF78, EDX=0x0000003A, ESI=0x00470002, EDI=0x00000000
2026-01-08 13:44:18.298 [INFO] Win32Emu.Emulator: [IGN_TEAS Loop] Iteration 11352: EIP 0x004124E4→0x004124E6, ESP=0x001FEF44, EBP=0x001FEFFC, EAX=0x00000000, EBX=0x0000003A, ECX=0x001FEF78, EDX=0x0000003A, ESI=0x00470002, EDI=0x00000000
2026-01-08 13:44:18.298 [INFO] Win32Emu.Emulator: [IGN_TEAS Loop] Iteration 11353: EIP 0x004124E6→0x004124ED, ESP=0x001FEF44, EBP=0x001FEFFC, EAX=0x00000000, EBX=0x0000003A, ECX=0x001FEF78, EDX=0x0000003A, ESI=0x00470002, EDI=0x00000000
2026-01-08 13:44:18.298 [INFO] Win32Emu.Emulator: [IGN_TEAS Loop] Iteration 11354: EIP 0x004124ED→0x004124EE, ESP=0x001FEF44, EBP=0x001FEFFC, EAX=0x00000000, EBX=0x0000003A, ECX=0x001FEF78, EDX=0x0000003A, ESI=0x00470003, EDI=0x00000000
2026-01-08 13:44:18.298 [INFO] Win32Emu.Emulator: [IGN_TEAS Loop] Iteration 11355: EIP 0x004124EE→0x004124F1, ESP=0x001FEF44, EBP=0x001FEFFC, EAX=0x00000000, EBX=0x0000003A, ECX=0x001FEF78, EDX=0x0000003A, ESI=0x00470003, EDI=0x00000000
2026-01-08 13:44:18.298 [INFO] Win32Emu.Emulator: [IGN_TEAS Loop] Iteration 11356: EIP 0x004124F1→0x004124C3, ESP=0x001FEF44, EBP=0x001FEFFC, EAX=0x00000000, EBX=0x0000003A, ECX=0x001FEF78, EDX=0x0000003A, ESI=0x00470003, EDI=0x00000000
2026-01-08 13:44:18.298 [INFO] Win32Emu.Emulator: [IGN_TEAS Loop] Iteration 11357: EIP 0x004124C3→0x004124C5, ESP=0x001FEF44, EBP=0x001FEFFC, EAX=0x00000000, EBX=0x0000005C, ECX=0x001FEF78, EDX=0x0000003A, ESI=0x00470003, EDI=0x00000000
2026-01-08 13:44:18.299 [INFO] Win32Emu.Emulator: [IGN_TEAS Loop] Iteration 11358: EIP 0x004124C5→0x004124C7, ESP=0x001FEF44, EBP=0x001FEFFC, EAX=0x00000000, EBX=0x0000005C, ECX=0x001FEF78, EDX=0x0000003A, ESI=0x00470003, EDI=0x00000000
2026-01-08 13:44:18.299 [INFO] Win32Emu.Emulator: [IGN_TEAS Loop] Iteration 11359: EIP 0x004124C7→0x004124C9, ESP=0x001FEF44, EBP=0x001FEFFC, EAX=0x00000000, EBX=0x0000005C, ECX=0x001FEF78, EDX=0x0000003A, ESI=0x00470003, EDI=0x00000000
2026-01-08 13:44:18.299 [INFO] Win32Emu.Emulator: [IGN_TEAS Loop] Iteration 11360: EIP 0x004124C9→0x004124CB, ESP=0x001FEF44, EBP=0x001FEFFC, EAX=0x00000000, EBX=0x0000005C, ECX=0x001FEF78, EDX=0x00000000, ESI=0x00470003, EDI=0x00000000
2026-01-08 13:44:18.299 [INFO] Win32Emu.Emulator: [IGN_TEAS Loop] Iteration 11361: EIP 0x004124CB→0x004124CD, ESP=0x001FEF44, EBP=0x001FEFFC, EAX=0x00000000, EBX=0x0000005C, ECX=0x001FEF78, EDX=0x0000005C, ESI=0x00470003, EDI=0x00000000
2026-01-08 13:44:18.299 [INFO] Win32Emu.Emulator: [IGN_TEAS Loop] Iteration 11362: EIP 0x004124CD→0x004124D4, ESP=0x001FEF44, EBP=0x001FEFFC, EAX=0x00000000, EBX=0x0000005C, ECX=0x001FEF78, EDX=0x0000005C, ESI=0x00470003, EDI=0x00000000
2026-01-08 13:44:18.299 [INFO] Win32Emu.Emulator: [IGN_TEAS Loop] Iteration 11363: EIP 0x004124D4→0x004124E2, ESP=0x001FEF44, EBP=0x001FEFFC, EAX=0x00000000, EBX=0x0000005C, ECX=0x001FEF78, EDX=0x0000005C, ESI=0x00470003, EDI=0x00000000
2026-01-08 13:44:18.299 [INFO] Win32Emu.Emulator: [IGN_TEAS Loop] Iteration 11364: EIP 0x004124E2→0x004124E4, ESP=0x001FEF44, EBP=0x001FEFFC, EAX=0x00000000, EBX=0x0000005C, ECX=0x001FEF78, EDX=0x0000005C, ESI=0x00470003, EDI=0x00000000
2026-01-08 13:44:18.299 [INFO] Win32Emu.Emulator: [IGN_TEAS Loop] Iteration 11365: EIP 0x004124E4→0x004124E6, ESP=0x001FEF44, EBP=0x001FEFFC, EAX=0x00000000, EBX=0x0000005C, ECX=0x001FEF78, EDX=0x0000005C, ESI=0x00470003, EDI=0x00000000
2026-01-08 13:44:18.299 [INFO] Win32Emu.Emulator: [IGN_TEAS Loop] Iteration 11366: EIP 0x004124E6→0x004124ED, ESP=0x001FEF44, EBP=0x001FEFFC, EAX=0x00000000, EBX=0x0000005C, ECX=0x001FEF78, EDX=0x0000005C, ESI=0x00470003, EDI=0x00000000
2026-01-08 13:44:18.299 [INFO] Win32Emu.Emulator: [IGN_TEAS Loop] Iteration 11367: EIP 0x004124ED→0x004124EE, ESP=0x001FEF44, EBP=0x001FEFFC, EAX=0x00000000, EBX=0x0000005C, ECX=0x001FEF78, EDX=0x0000005C, ESI=0x00470004, EDI=0x00000000
2026-01-08 13:44:18.299 [INFO] Win32Emu.Emulator: [IGN_TEAS Loop] Iteration 11368: EIP 0x004124EE→0x004124F1, ESP=0x001FEF44, EBP=0x001FEFFC, EAX=0x00000000, EBX=0x0000005C, ECX=0x001FEF78, EDX=0x0000005C, ESI=0x00470004, EDI=0x00000000
2026-01-08 13:44:18.299 [INFO] Win32Emu.Emulator: [IGN_TEAS Loop] Iteration 11369: EIP 0x004124F1→0x004124C3, ESP=0x001FEF44, EBP=0x001FEFFC, EAX=0x00000000, EBX=0x0000005C, ECX=0x001FEF78, EDX=0x0000005C, ESI=0x00470004, EDI=0x00000000
2026-01-08 13:44:18.299 [INFO] Win32Emu.Emulator: [IGN_TEAS Loop] Iteration 11370: EIP 0x004124C3→0x004124C5, ESP=0x001FEF44, EBP=0x001FEFFC, EAX=0x00000000, EBX=0x00000069, ECX=0x001FEF78, EDX=0x0000005C, ESI=0x00470004, EDI=0x00000000
2026-01-08 13:44:18.299 [INFO] Win32Emu.Emulator: [IGN_TEAS Loop] Iteration 11371: EIP 0x004124C5→0x004124C7, ESP=0x001FEF44, EBP=0x001FEFFC, EAX=0x00000000, EBX=0x00000069, ECX=0x001FEF78, EDX=0x0000005C, ESI=0x00470004, EDI=0x00000000
2026-01-08 13:44:18.299 [INFO] Win32Emu.Emulator: [IGN_TEAS Loop] Iteration 11372: EIP 0x004124C7→0x004124C9, ESP=0x001FEF44, EBP=0x001FEFFC, EAX=0x00000000, EBX=0x00000069, ECX=0x001FEF78, EDX=0x0000005C, ESI=0x00470004, EDI=0x00000000
2026-01-08 13:44:18.299 [INFO] Win32Emu.Emulator: [IGN_TEAS Loop] Iteration 11373: EIP 0x004124C9→0x004124CB, ESP=0x001FEF44, EBP=0x001FEFFC, EAX=0x00000000, EBX=0x00000069, ECX=0x001FEF78, EDX=0x00000000, ESI=0x00470004, EDI=0x00000000
2026-01-08 13:44:18.299 [INFO] Win32Emu.Emulator: [IGN_TEAS Loop] Iteration 11374: EIP 0x004124CB→0x004124CD, ESP=0x001FEF44, EBP=0x001FEFFC, EAX=0x00000000, EBX=0x00000069, ECX=0x001FEF78, EDX=0x00000069, ESI=0x00470004, EDI=0x00000000
2026-01-08 13:44:18.299 [INFO] Win32Emu.Emulator: [IGN_TEAS Loop] Iteration 11375: EIP 0x004124CD→0x004124D4, ESP=0x001FEF44, EBP=0x001FEFFC, EAX=0x00000000, EBX=0x00000069, ECX=0x001FEF78, EDX=0x00000069, ESI=0x00470004, EDI=0x00000000
2026-01-08 13:44:18.299 [INFO] Win32Emu.Emulator: [IGN_TEAS Loop] Iteration 11376: EIP 0x004124D4→0x004124E2, ESP=0x001FEF44, EBP=0x001FEFFC, EAX=0x00000000, EBX=0x00000069, ECX=0x001FEF78, EDX=0x00000069, ESI=0x00470004, EDI=0x00000000
2026-01-08 13:44:18.299 [INFO] Win32Emu.Emulator: [IGN_TEAS Loop] Iteration 11377: EIP 0x004124E2→0x004124E4, ESP=0x001FEF44, EBP=0x001FEFFC, EAX=0x00000000, EBX=0x00000069, ECX=0x001FEF78, EDX=0x00000069, ESI=0x00470004, EDI=0x00000000
2026-01-08 13:44:18.299 [INFO] Win32Emu.Emulator: [IGN_TEAS Loop] Iteration 11378: EIP 0x004124E4→0x004124E6, ESP=0x001FEF44, EBP=0x001FEFFC, EAX=0x00000000, EBX=0x00000069, ECX=0x001FEF78, EDX=0x00000069, ESI=0x00470004, EDI=0x00000000
2026-01-08 13:44:18.299 [INFO] Win32Emu.Emulator: [IGN_TEAS Loop] Iteration 11379: EIP 0x004124E6→0x004124ED, ESP=0x001FEF44, EBP=0x001FEFFC, EAX=0x00000000, EBX=0x00000069, ECX=0x001FEF78, EDX=0x00000069, ESI=0x00470004, EDI=0x00000000
2026-01-08 13:44:18.299 [INFO] Win32Emu.Emulator: [IGN_TEAS Loop] Iteration 11380: EIP 0x004124ED→0x004124EE, ESP=0x001FEF44, EBP=0x001FEFFC, EAX=0x00000000, EBX=0x00000069, ECX=0x001FEF78, EDX=0x00000069, ESI=0x00470005, EDI=0x00000000
2026-01-08 13:44:18.299 [INFO] Win32Emu.Emulator: [IGN_TEAS Loop] Iteration 11381: EIP 0x004124EE→0x004124F1, ESP=0x001FEF44, EBP=0x001FEFFC, EAX=0x00000000, EBX=0x00000069, ECX=0x001FEF78, EDX=0x00000069, ESI=0x00470005, EDI=0x00000000
2026-01-08 13:44:18.299 [INFO] Win32Emu.Emulator: [IGN_TEAS Loop] Iteration 11382: EIP 0x004124F1→0x004124C3, ESP=0x001FEF44, EBP=0x001FEFFC, EAX=0x00000000, EBX=0x00000069, ECX=0x001FEF78, EDX=0x00000069, ESI=0x00470005, EDI=0x00000000
2026-01-08 13:44:18.299 [INFO] Win32Emu.Emulator: [IGN_TEAS Loop] Iteration 11383: EIP 0x004124C3→0x004124C5, ESP=0x001FEF44, EBP=0x001FEFFC, EAX=0x00000000, EBX=0x00000067, ECX=0x001FEF78, EDX=0x00000069, ESI=0x00470005, EDI=0x00000000
2026-01-08 13:44:18.299 [INFO] Win32Emu.Emulator: [IGN_TEAS Loop] Iteration 11384: EIP 0x004124C5→0x004124C7, ESP=0x001FEF44, EBP=0x001FEFFC, EAX=0x00000000, EBX=0x00000067, ECX=0x001FEF78, EDX=0x00000069, ESI=0x00470005, EDI=0x00000000
2026-01-08 13:44:18.299 [INFO] Win32Emu.Emulator: [IGN_TEAS Loop] Iteration 11385: EIP 0x004124C7→0x004124C9, ESP=0x001FEF44, EBP=0x001FEFFC, EAX=0x00000000, EBX=0x00000067, ECX=0x001FEF78, EDX=0x00000069, ESI=0x00470005, EDI=0x00000000
2026-01-08 13:44:18.299 [INFO] Win32Emu.Emulator: [IGN_TEAS Loop] Iteration 11386: EIP 0x004124C9→0x004124CB, ESP=0x001FEF44, EBP=0x001FEFFC, EAX=0x00000000, EBX=0x00000067, ECX=0x001FEF78, EDX=0x00000000, ESI=0x00470005, EDI=0x00000000
2026-01-08 13:44:18.299 [INFO] Win32Emu.Emulator: [IGN_TEAS Loop] Iteration 11387: EIP 0x004124CB→0x004124CD, ESP=0x001FEF44, EBP=0x001FEFFC, EAX=0x00000000, EBX=0x00000067, ECX=0x001FEF78, EDX=0x00000067, ESI=0x00470005, EDI=0x00000000
2026-01-08 13:44:18.299 [INFO] Win32Emu.Emulator: [IGN_TEAS Loop] Iteration 11388: EIP 0x004124CD→0x004124D4, ESP=0x001FEF44, EBP=0x001FEFFC, EAX=0x00000000, EBX=0x00000067, ECX=0x001FEF78, EDX=0x00000067, ESI=0x00470005, EDI=0x00000000
2026-01-08 13:44:18.299 [INFO] Win32Emu.Emulator: [IGN_TEAS Loop] Iteration 11389: EIP 0x004124D4→0x004124E2, ESP=0x001FEF44, EBP=0x001FEFFC, EAX=0x00000000, EBX=0x00000067, ECX=0x001FEF78, EDX=0x00000067, ESI=0x00470005, EDI=0x00000000
2026-01-08 13:44:18.300 [INFO] Win32Emu.Emulator: [IGN_TEAS Loop] Iteration 11390: EIP 0x004124E2→0x004124E4, ESP=0x001FEF44, EBP=0x001FEFFC, EAX=0x00000000, EBX=0x00000067, ECX=0x001FEF78, EDX=0x00000067, ESI=0x00470005, EDI=0x00000000
2026-01-08 13:44:18.300 [INFO] Win32Emu.Emulator: [IGN_TEAS Loop] Iteration 11391: EIP 0x004124E4→0x004124E6, ESP=0x001FEF44, EBP=0x001FEFFC, EAX=0x00000000, EBX=0x00000067, ECX=0x001FEF78, EDX=0x00000067, ESI=0x00470005, EDI=0x00000000
2026-01-08 13:44:18.300 [INFO] Win32Emu.Emulator: [IGN_TEAS Loop] Iteration 11392: EIP 0x004124E6→0x004124ED, ESP=0x001FEF44, EBP=0x001FEFFC, EAX=0x00000000, EBX=0x00000067, ECX=0x001FEF78, EDX=0x00000067, ESI=0x00470005, EDI=0x00000000
2026-01-08 13:44:18.300 [INFO] Win32Emu.Emulator: [IGN_TEAS Loop] Iteration 11393: EIP 0x004124ED→0x004124EE, ESP=0x001FEF44, EBP=0x001FEFFC, EAX=0x00000000, EBX=0x00000067, ECX=0x001FEF78, EDX=0x00000067, ESI=0x00470006, EDI=0x00000000
2026-01-08 13:44:18.300 [INFO] Win32Emu.Emulator: [IGN_TEAS Loop] Iteration 11394: EIP 0x004124EE→0x004124F1, ESP=0x001FEF44, EBP=0x001FEFFC, EAX=0x00000000, EBX=0x00000067, ECX=0x001FEF78, EDX=0x00000067, ESI=0x00470006, EDI=0x00000000
2026-01-08 13:44:18.300 [INFO] Win32Emu.Emulator: [IGN_TEAS Loop] Iteration 11395: EIP 0x004124F1→0x004124C3, ESP=0x001FEF44, EBP=0x001FEFFC, EAX=0x00000000, EBX=0x00000067, ECX=0x001FEF78, EDX=0x00000067, ESI=0x00470006, EDI=0x00000000
2026-01-08 13:44:18.300 [INFO] Win32Emu.Emulator: [IGN_TEAS Loop] Iteration 11396: EIP 0x004124C3→0x004124C5, ESP=0x001FEF44, EBP=0x001FEFFC, EAX=0x00000000, EBX=0x0000006E, ECX=0x001FEF78, EDX=0x00000067, ESI=0x00470006, EDI=0x00000000
2026-01-08 13:44:18.300 [INFO] Win32Emu.Emulator: [IGN_TEAS Loop] Iteration 11397: EIP 0x004124C5→0x004124C7, ESP=0x001FEF44, EBP=0x001FEFFC, EAX=0x00000000, EBX=0x0000006E, ECX=0x001FEF78, EDX=0x00000067, ESI=0x00470006, EDI=0x00000000
2026-01-08 13:44:18.300 [INFO] Win32Emu.Emulator: [IGN_TEAS Loop] Iteration 11398: EIP 0x004124C7→0x004124C9, ESP=0x001FEF44, EBP=0x001FEFFC, EAX=0x00000000, EBX=0x0000006E, ECX=0x001FEF78, EDX=0x00000067, ESI=0x00470006, EDI=0x00000000
2026-01-08 13:44:18.300 [INFO] Win32Emu.Emulator: [IGN_TEAS Loop] Iteration 11399: EIP 0x004124C9→0x004124CB, ESP=0x001FEF44, EBP=0x001FEFFC, EAX=0x00000000, EBX=0x0000006E, ECX=0x001FEF78, EDX=0x00000000, ESI=0x00470006, EDI=0x00000000
2026-01-08 13:44:18.300 [INFO] Win32Emu.Emulator: [IGN_TEAS Loop] Iteration 11400: EIP 0x004124CB→0x004124CD, ESP=0x001FEF44, EBP=0x001FEFFC, EAX=0x00000000, EBX=0x0000006E, ECX=0x001FEF78, EDX=0x0000006E, ESI=0x00470006, EDI=0x00000000
2026-01-08 13:44:18.300 [INFO] Win32Emu.Emulator: [IGN_TEAS Loop] Iteration 11401: EIP 0x004124CD→0x004124D4, ESP=0x001FEF44, EBP=0x001FEFFC, EAX=0x00000000, EBX=0x0000006E, ECX=0x001FEF78, EDX=0x0000006E, ESI=0x00470006, EDI=0x00000000
2026-01-08 13:44:18.300 [INFO] Win32Emu.Emulator: [IGN_TEAS Loop] Iteration 11402: EIP 0x004124D4→0x004124E2, ESP=0x001FEF44, EBP=0x001FEFFC, EAX=0x00000000, EBX=0x0000006E, ECX=0x001FEF78, EDX=0x0000006E, ESI=0x00470006, EDI=0x00000000
2026-01-08 13:44:18.300 [INFO] Win32Emu.Emulator: [IGN_TEAS Loop] Iteration 11403: EIP 0x004124E2→0x004124E4, ESP=0x001FEF44, EBP=0x001FEFFC, EAX=0x00000000, EBX=0x0000006E, ECX=0x001FEF78, EDX=0x0000006E, ESI=0x00470006, EDI=0x00000000
2026-01-08 13:44:18.300 [INFO] Win32Emu.Emulator: [IGN_TEAS Loop] Iteration 11404: EIP 0x004124E4→0x004124E6, ESP=0x001FEF44, EBP=0x001FEFFC, EAX=0x00000000, EBX=0x0000006E, ECX=0x001FEF78, EDX=0x0000006E, ESI=0x00470006, EDI=0x00000000
2026-01-08 13:44:18.300 [INFO] Win32Emu.Emulator: [IGN_TEAS Loop] Iteration 11405: EIP 0x004124E6→0x004124ED, ESP=0x001FEF44, EBP=0x001FEFFC, EAX=0x00000000, EBX=0x0000006E, ECX=0x001FEF78, EDX=0x0000006E, ESI=0x00470006, EDI=0x00000000
2026-01-08 13:44:18.300 [INFO] Win32Emu.Emulator: [IGN_TEAS Loop] Iteration 11406: EIP 0x004124ED→0x004124EE, ESP=0x001FEF44, EBP=0x001FEFFC, EAX=0x00000000, EBX=0x0000006E, ECX=0x001FEF78, EDX=0x0000006E, ESI=0x00470007, EDI=0x00000000
2026-01-08 13:44:18.300 [INFO] Win32Emu.Emulator: [IGN_TEAS Loop] Iteration 11407: EIP 0x004124EE→0x004124F1, ESP=0x001FEF44, EBP=0x001FEFFC, EAX=0x00000000, EBX=0x0000006E, ECX=0x001FEF78, EDX=0x0000006E, ESI=0x00470007, EDI=0x00000000
2026-01-08 13:44:18.300 [INFO] Win32Emu.Emulator: [IGN_TEAS Loop] Iteration 11408: EIP 0x004124F1→0x004124C3, ESP=0x001FEF44, EBP=0x001FEFFC, EAX=0x00000000, EBX=0x0000006E, ECX=0x001FEF78, EDX=0x0000006E, ESI=0x00470007, EDI=0x00000000
2026-01-08 13:44:18.300 [INFO] Win32Emu.Emulator: [IGN_TEAS Loop] Iteration 11409: EIP 0x004124C3→0x004124C5, ESP=0x001FEF44, EBP=0x001FEFFC, EAX=0x00000000, EBX=0x0000005F, ECX=0x001FEF78, EDX=0x0000006E, ESI=0x00470007, EDI=0x00000000
2026-01-08 13:44:18.300 [INFO] Win32Emu.Emulator: [IGN_TEAS Loop] Iteration 11410: EIP 0x004124C5→0x004124C7, ESP=0x001FEF44, EBP=0x001FEFFC, EAX=0x00000000, EBX=0x0000005F, ECX=0x001FEF78, EDX=0x0000006E, ESI=0x00470007, EDI=0x00000000
2026-01-08 13:44:18.300 [INFO] Win32Emu.Emulator: [IGN_TEAS Loop] Iteration 11411: EIP 0x004124C7→0x004124C9, ESP=0x001FEF44, EBP=0x001FEFFC, EAX=0x00000000, EBX=0x0000005F, ECX=0x001FEF78, EDX=0x0000006E, ESI=0x00470007, EDI=0x00000000
2026-01-08 13:44:18.300 [INFO] Win32Emu.Emulator: [IGN_TEAS Loop] Iteration 11412: EIP 0x004124C9→0x004124CB, ESP=0x001FEF44, EBP=0x001FEFFC, EAX=0x00000000, EBX=0x0000005F, ECX=0x001FEF78, EDX=0x00000000, ESI=0x00470007, EDI=0x00000000
2026-01-08 13:44:18.300 [INFO] Win32Emu.Emulator: [IGN_TEAS Loop] Iteration 11413: EIP 0x004124CB→0x004124CD, ESP=0x001FEF44, EBP=0x001FEFFC, EAX=0x00000000, EBX=0x0000005F, ECX=0x001FEF78, EDX=0x0000005F, ESI=0x00470007, EDI=0x00000000
2026-01-08 13:44:18.300 [INFO] Win32Emu.Emulator: [IGN_TEAS Loop] Iteration 11414: EIP 0x004124CD→0x004124D4, ESP=0x001FEF44, EBP=0x001FEFFC, EAX=0x00000000, EBX=0x0000005F, ECX=0x001FEF78, EDX=0x0000005F, ESI=0x00470007, EDI=0x00000000
2026-01-08 13:44:18.300 [INFO] Win32Emu.Emulator: [IGN_TEAS Loop] Iteration 11415: EIP 0x004124D4→0x004124E2, ESP=0x001FEF44, EBP=0x001FEFFC, EAX=0x00000000, EBX=0x0000005F, ECX=0x001FEF78, EDX=0x0000005F, ESI=0x00470007, EDI=0x00000000
2026-01-08 13:44:18.300 [INFO] Win32Emu.Emulator: [IGN_TEAS Loop] Iteration 11416: EIP 0x004124E2→0x004124E4, ESP=0x001FEF44, EBP=0x001FEFFC, EAX=0x00000000, EBX=0x0000005F, ECX=0x001FEF78, EDX=0x0000005F, ESI=0x00470007, EDI=0x00000000
2026-01-08 13:44:18.300 [INFO] Win32Emu.Emulator: [IGN_TEAS Loop] Iteration 11417: EIP 0x004124E4→0x004124E6, ESP=0x001FEF44, EBP=0x001FEFFC, EAX=0x00000000, EBX=0x0000005F, ECX=0x001FEF78, EDX=0x0000005F, ESI=0x00470007, EDI=0x00000000
2026-01-08 13:44:18.300 [INFO] Win32Emu.Emulator: [IGN_TEAS Loop] Iteration 11418: EIP 0x004124E6→0x004124ED, ESP=0x001FEF44, EBP=0x001FEFFC, EAX=0x00000000, EBX=0x0000005F, ECX=0x001FEF78, EDX=0x0000005F, ESI=0x00470007, EDI=0x00000000
2026-01-08 13:44:18.300 [INFO] Win32Emu.Emulator: [IGN_TEAS Loop] Iteration 11419: EIP 0x004124ED→0x004124EE, ESP=0x001FEF44, EBP=0x001FEFFC, EAX=0x00000000, EBX=0x0000005F, ECX=0x001FEF78, EDX=0x0000005F, ESI=0x00470008, EDI=0x00000000
2026-01-08 13:44:18.301 [INFO] Win32Emu.Emulator: [IGN_TEAS Loop] Iteration 11420: EIP 0x004124EE→0x004124F1, ESP=0x001FEF44, EBP=0x001FEFFC, EAX=0x00000000, EBX=0x0000005F, ECX=0x001FEF78, EDX=0x0000005F, ESI=0x00470008, EDI=0x00000000
2026-01-08 13:44:18.301 [INFO] Win32Emu.Emulator: [IGN_TEAS Loop] Iteration 11421: EIP 0x004124F1→0x004124C3, ESP=0x001FEF44, EBP=0x001FEFFC, EAX=0x00000000, EBX=0x0000005F, ECX=0x001FEF78, EDX=0x0000005F, ESI=0x00470008, EDI=0x00000000
2026-01-08 13:44:18.301 [INFO] Win32Emu.Emulator: [IGN_TEAS Loop] Iteration 11422: EIP 0x004124C3→0x004124C5, ESP=0x001FEF44, EBP=0x001FEFFC, EAX=0x00000000, EBX=0x00000074, ECX=0x001FEF78, EDX=0x0000005F, ESI=0x00470008, EDI=0x00000000
2026-01-08 13:44:18.301 [INFO] Win32Emu.Emulator: [IGN_TEAS Loop] Iteration 11423: EIP 0x004124C5→0x004124C7, ESP=0x001FEF44, EBP=0x001FEFFC, EAX=0x00000000, EBX=0x00000074, ECX=0x001FEF78, EDX=0x0000005F, ESI=0x00470008, EDI=0x00000000
2026-01-08 13:44:18.301 [INFO] Win32Emu.Emulator: [IGN_TEAS Loop] Iteration 11424: EIP 0x004124C7→0x004124C9, ESP=0x001FEF44, EBP=0x001FEFFC, EAX=0x00000000, EBX=0x00000074, ECX=0x001FEF78, EDX=0x0000005F, ESI=0x00470008, EDI=0x00000000
2026-01-08 13:44:18.301 [INFO] Win32Emu.Emulator: [IGN_TEAS Loop] Iteration 11425: EIP 0x004124C9→0x004124CB, ESP=0x001FEF44, EBP=0x001FEFFC, EAX=0x00000000, EBX=0x00000074, ECX=0x001FEF78, EDX=0x00000000, ESI=0x00470008, EDI=0x00000000
2026-01-08 13:44:18.301 [INFO] Win32Emu.Emulator: [IGN_TEAS Loop] Iteration 11426: EIP 0x004124CB→0x004124CD, ESP=0x001FEF44, EBP=0x001FEFFC, EAX=0x00000000, EBX=0x00000074, ECX=0x001FEF78, EDX=0x00000074, ESI=0x00470008, EDI=0x00000000
2026-01-08 13:44:18.301 [INFO] Win32Emu.Emulator: [IGN_TEAS Loop] Iteration 11427: EIP 0x004124CD→0x004124D4, ESP=0x001FEF44, EBP=0x001FEFFC, EAX=0x00000000, EBX=0x00000074, ECX=0x001FEF78, EDX=0x00000074, ESI=0x00470008, EDI=0x00000000
2026-01-08 13:44:18.301 [INFO] Win32Emu.Emulator: [IGN_TEAS Loop] Iteration 11428: EIP 0x004124D4→0x004124E2, ESP=0x001FEF44, EBP=0x001FEFFC, EAX=0x00000000, EBX=0x00000074, ECX=0x001FEF78, EDX=0x00000074, ESI=0x00470008, EDI=0x00000000
2026-01-08 13:44:18.301 [INFO] Win32Emu.Emulator: [IGN_TEAS Loop] Iteration 11429: EIP 0x004124E2→0x004124E4, ESP=0x001FEF44, EBP=0x001FEFFC, EAX=0x00000000, EBX=0x00000074, ECX=0x001FEF78, EDX=0x00000074, ESI=0x00470008, EDI=0x00000000
2026-01-08 13:44:18.301 [INFO] Win32Emu.Emulator: [IGN_TEAS Loop] Iteration 11430: EIP 0x004124E4→0x004124E6, ESP=0x001FEF44, EBP=0x001FEFFC, EAX=0x00000000, EBX=0x00000074, ECX=0x001FEF78, EDX=0x00000074, ESI=0x00470008, EDI=0x00000000
2026-01-08 13:44:18.301 [INFO] Win32Emu.Emulator: [IGN_TEAS Loop] Iteration 11431: EIP 0x004124E6→0x004124ED, ESP=0x001FEF44, EBP=0x001FEFFC, EAX=0x00000000, EBX=0x00000074, ECX=0x001FEF78, EDX=0x00000074, ESI=0x00470008, EDI=0x00000000
2026-01-08 13:44:18.301 [INFO] Win32Emu.Emulator: [IGN_TEAS Loop] Iteration 11432: EIP 0x004124ED→0x004124EE, ESP=0x001FEF44, EBP=0x001FEFFC, EAX=0x00000000, EBX=0x00000074, ECX=0x001FEF78, EDX=0x00000074, ESI=0x00470009, EDI=0x00000000
2026-01-08 13:44:18.301 [INFO] Win32Emu.Emulator: [IGN_TEAS Loop] Iteration 11433: EIP 0x004124EE→0x004124F1, ESP=0x001FEF44, EBP=0x001FEFFC, EAX=0x00000000, EBX=0x00000074, ECX=0x001FEF78, EDX=0x00000074, ESI=0x00470009, EDI=0x00000000
2026-01-08 13:44:18.301 [INFO] Win32Emu.Emulator: [IGN_TEAS Loop] Iteration 11434: EIP 0x004124F1→0x004124C3, ESP=0x001FEF44, EBP=0x001FEFFC, EAX=0x00000000, EBX=0x00000074, ECX=0x001FEF78, EDX=0x00000074, ESI=0x00470009, EDI=0x00000000
2026-01-08 13:44:18.301 [INFO] Win32Emu.Emulator: [IGN_TEAS Loop] Iteration 11435: EIP 0x004124C3→0x004124C5, ESP=0x001FEF44, EBP=0x001FEFFC, EAX=0x00000000, EBX=0x00000065, ECX=0x001FEF78, EDX=0x00000074, ESI=0x00470009, EDI=0x00000000
2026-01-08 13:44:18.301 [INFO] Win32Emu.Emulator: [IGN_TEAS Loop] Iteration 11436: EIP 0x004124C5→0x004124C7, ESP=0x001FEF44, EBP=0x001FEFFC, EAX=0x00000000, EBX=0x00000065, ECX=0x001FEF78, EDX=0x00000074, ESI=0x00470009, EDI=0x00000000
2026-01-08 13:44:18.301 [INFO] Win32Emu.Emulator: [IGN_TEAS Loop] Iteration 11437: EIP 0x004124C7→0x004124C9, ESP=0x001FEF44, EBP=0x001FEFFC, EAX=0x00000000, EBX=0x00000065, ECX=0x001FEF78, EDX=0x00000074, ESI=0x00470009, EDI=0x00000000
2026-01-08 13:44:18.301 [INFO] Win32Emu.Emulator: [IGN_TEAS Loop] Iteration 11438: EIP 0x004124C9→0x004124CB, ESP=0x001FEF44, EBP=0x001FEFFC, EAX=0x00000000, EBX=0x00000065, ECX=0x001FEF78, EDX=0x00000000, ESI=0x00470009, EDI=0x00000000
2026-01-08 13:44:18.301 [INFO] Win32Emu.Emulator: [IGN_TEAS Loop] Iteration 11439: EIP 0x004124CB→0x004124CD, ESP=0x001FEF44, EBP=0x001FEFFC, EAX=0x00000000, EBX=0x00000065, ECX=0x001FEF78, EDX=0x00000065, ESI=0x00470009, EDI=0x00000000
2026-01-08 13:44:18.301 [INFO] Win32Emu.Emulator: [IGN_TEAS Loop] Iteration 11440: EIP 0x004124CD→0x004124D4, ESP=0x001FEF44, EBP=0x001FEFFC, EAX=0x00000000, EBX=0x00000065, ECX=0x001FEF78, EDX=0x00000065, ESI=0x00470009, EDI=0x00000000
2026-01-08 13:44:18.301 [INFO] Win32Emu.Emulator: [IGN_TEAS Loop] Iteration 11441: EIP 0x004124D4→0x004124E2, ESP=0x001FEF44, EBP=0x001FEFFC, EAX=0x00000000, EBX=0x00000065, ECX=0x001FEF78, EDX=0x00000065, ESI=0x00470009, EDI=0x00000000
2026-01-08 13:44:18.301 [INFO] Win32Emu.Emulator: [IGN_TEAS Loop] Iteration 11442: EIP 0x004124E2→0x004124E4, ESP=0x001FEF44, EBP=0x001FEFFC, EAX=0x00000000, EBX=0x00000065, ECX=0x001FEF78, EDX=0x00000065, ESI=0x00470009, EDI=0x00000000
2026-01-08 13:44:18.301 [INFO] Win32Emu.Emulator: [IGN_TEAS Loop] Iteration 11443: EIP 0x004124E4→0x004124E6, ESP=0x001FEF44, EBP=0x001FEFFC, EAX=0x00000000, EBX=0x00000065, ECX=0x001FEF78, EDX=0x00000065, ESI=0x00470009, EDI=0x00000000
2026-01-08 13:44:18.301 [INFO] Win32Emu.Emulator: [IGN_TEAS Loop] Iteration 11444: EIP 0x004124E6→0x004124ED, ESP=0x001FEF44, EBP=0x001FEFFC, EAX=0x00000000, EBX=0x00000065, ECX=0x001FEF78, EDX=0x00000065, ESI=0x00470009, EDI=0x00000000
2026-01-08 13:44:18.301 [INFO] Win32Emu.Emulator: [IGN_TEAS Loop] Iteration 11445: EIP 0x004124ED→0x004124EE, ESP=0x001FEF44, EBP=0x001FEFFC, EAX=0x00000000, EBX=0x00000065, ECX=0x001FEF78, EDX=0x00000065, ESI=0x0047000A, EDI=0x00000000
2026-01-08 13:44:18.301 [INFO] Win32Emu.Emulator: [IGN_TEAS Loop] Iteration 11446: EIP 0x004124EE→0x004124F1, ESP=0x001FEF44, EBP=0x001FEFFC, EAX=0x00000000, EBX=0x00000065, ECX=0x001FEF78, EDX=0x00000065, ESI=0x0047000A, EDI=0x00000000
2026-01-08 13:44:18.301 [INFO] Win32Emu.Emulator: [IGN_TEAS Loop] Iteration 11447: EIP 0x004124F1→0x004124C3, ESP=0x001FEF44, EBP=0x001FEFFC, EAX=0x00000000, EBX=0x00000065, ECX=0x001FEF78, EDX=0x00000065, ESI=0x0047000A, EDI=0x00000000
2026-01-08 13:44:18.301 [INFO] Win32Emu.Emulator: [IGN_TEAS Loop] Iteration 11448: EIP 0x004124C3→0x004124C5, ESP=0x001FEF44, EBP=0x001FEFFC, EAX=0x00000000, EBX=0x00000061, ECX=0x001FEF78, EDX=0x00000065, ESI=0x0047000A, EDI=0x00000000
2026-01-08 13:44:18.301 [INFO] Win32Emu.Emulator: [IGN_TEAS Loop] Iteration 11449: EIP 0x004124C5→0x004124C7, ESP=0x001FEF44, EBP=0x001FEFFC, EAX=0x00000000, EBX=0x00000061, ECX=0x001FEF78, EDX=0x00000065, ESI=0x0047000A, EDI=0x00000000
2026-01-08 13:44:18.302 [INFO] Win32Emu.Emulator: [IGN_TEAS Loop] Iteration 11450: EIP 0x004124C7→0x004124C9, ESP=0x001FEF44, EBP=0x001FEFFC, EAX=0x00000000, EBX=0x00000061, ECX=0x001FEF78, EDX=0x00000065, ESI=0x0047000A, EDI=0x00000000
2026-01-08 13:44:18.302 [INFO] Win32Emu.Emulator: [IGN_TEAS Loop] Iteration 11451: EIP 0x004124C9→0x004124CB, ESP=0x001FEF44, EBP=0x001FEFFC, EAX=0x00000000, EBX=0x00000061, ECX=0x001FEF78, EDX=0x00000000, ESI=0x0047000A, EDI=0x00000000
2026-01-08 13:44:18.302 [INFO] Win32Emu.Emulator: [IGN_TEAS Loop] Iteration 11452: EIP 0x004124CB→0x004124CD, ESP=0x001FEF44, EBP=0x001FEFFC, EAX=0x00000000, EBX=0x00000061, ECX=0x001FEF78, EDX=0x00000061, ESI=0x0047000A, EDI=0x00000000
2026-01-08 13:44:18.302 [INFO] Win32Emu.Emulator: [IGN_TEAS Loop] Iteration 11453: EIP 0x004124CD→0x004124D4, ESP=0x001FEF44, EBP=0x001FEFFC, EAX=0x00000000, EBX=0x00000061, ECX=0x001FEF78, EDX=0x00000061, ESI=0x0047000A, EDI=0x00000000
2026-01-08 13:44:18.302 [INFO] Win32Emu.Emulator: [IGN_TEAS Loop] Iteration 11454: EIP 0x004124D4→0x004124E2, ESP=0x001FEF44, EBP=0x001FEFFC, EAX=0x00000000, EBX=0x00000061, ECX=0x001FEF78, EDX=0x00000061, ESI=0x0047000A, EDI=0x00000000
2026-01-08 13:44:18.302 [INFO] Win32Emu.Emulator: [IGN_TEAS Loop] Iteration 11455: EIP 0x004124E2→0x004124E4, ESP=0x001FEF44, EBP=0x001FEFFC, EAX=0x00000000, EBX=0x00000061, ECX=0x001FEF78, EDX=0x00000061, ESI=0x0047000A, EDI=0x00000000
2026-01-08 13:44:18.302 [INFO] Win32Emu.Emulator: [IGN_TEAS Loop] Iteration 11456: EIP 0x004124E4→0x004124E6, ESP=0x001FEF44, EBP=0x001FEFFC, EAX=0x00000000, EBX=0x00000061, ECX=0x001FEF78, EDX=0x00000061, ESI=0x0047000A, EDI=0x00000000
2026-01-08 13:44:18.302 [INFO] Win32Emu.Emulator: [IGN_TEAS Loop] Iteration 11457: EIP 0x004124E6→0x004124ED, ESP=0x001FEF44, EBP=0x001FEFFC, EAX=0x00000000, EBX=0x00000061, ECX=0x001FEF78, EDX=0x00000061, ESI=0x0047000A, EDI=0x00000000
2026-01-08 13:44:18.302 [INFO] Win32Emu.Emulator: [IGN_TEAS Loop] Iteration 11458: EIP 0x004124ED→0x004124EE, ESP=0x001FEF44, EBP=0x001FEFFC, EAX=0x00000000, EBX=0x00000061, ECX=0x001FEF78, EDX=0x00000061, ESI=0x0047000B, EDI=0x00000000
2026-01-08 13:44:18.302 [INFO] Win32Emu.Emulator: [IGN_TEAS Loop] Iteration 11459: EIP 0x004124EE→0x004124F1, ESP=0x001FEF44, EBP=0x001FEFFC, EAX=0x00000000, EBX=0x00000061, ECX=0x001FEF78, EDX=0x00000061, ESI=0x0047000B, EDI=0x00000000
2026-01-08 13:44:18.302 [INFO] Win32Emu.Emulator: [IGN_TEAS Loop] Iteration 11460: EIP 0x004124F1→0x004124C3, ESP=0x001FEF44, EBP=0x001FEFFC, EAX=0x00000000, EBX=0x00000061, ECX=0x001FEF78, EDX=0x00000061, ESI=0x0047000B, EDI=0x00000000
2026-01-08 13:44:18.302 [INFO] Win32Emu.Emulator: [IGN_TEAS Loop] Iteration 11461: EIP 0x004124C3→0x004124C5, ESP=0x001FEF44, EBP=0x001FEFFC, EAX=0x00000000, EBX=0x00000073, ECX=0x001FEF78, EDX=0x00000061, ESI=0x0047000B, EDI=0x00000000
2026-01-08 13:44:18.302 [INFO] Win32Emu.Emulator: [IGN_TEAS Loop] Iteration 11462: EIP 0x004124C5→0x004124C7, ESP=0x001FEF44, EBP=0x001FEFFC, EAX=0x00000000, EBX=0x00000073, ECX=0x001FEF78, EDX=0x00000061, ESI=0x0047000B, EDI=0x00000000
2026-01-08 13:44:18.302 [INFO] Win32Emu.Emulator: [IGN_TEAS Loop] Iteration 11463: EIP 0x004124C7→0x004124C9, ESP=0x001FEF44, EBP=0x001FEFFC, EAX=0x00000000, EBX=0x00000073, ECX=0x001FEF78, EDX=0x00000061, ESI=0x0047000B, EDI=0x00000000
2026-01-08 13:44:18.302 [INFO] Win32Emu.Emulator: [IGN_TEAS Loop] Iteration 11464: EIP 0x004124C9→0x004124CB, ESP=0x001FEF44, EBP=0x001FEFFC, EAX=0x00000000, EBX=0x00000073, ECX=0x001FEF78, EDX=0x00000000, ESI=0x0047000B, EDI=0x00000000
2026-01-08 13:44:18.302 [INFO] Win32Emu.Emulator: [IGN_TEAS Loop] Iteration 11465: EIP 0x004124CB→0x004124CD, ESP=0x001FEF44, EBP=0x001FEFFC, EAX=0x00000000, EBX=0x00000073, ECX=0x001FEF78, EDX=0x00000073, ESI=0x0047000B, EDI=0x00000000
2026-01-08 13:44:18.302 [INFO] Win32Emu.Emulator: [IGN_TEAS Loop] Iteration 11466: EIP 0x004124CD→0x004124D4, ESP=0x001FEF44, EBP=0x001FEFFC, EAX=0x00000000, EBX=0x00000073, ECX=0x001FEF78, EDX=0x00000073, ESI=0x0047000B, EDI=0x00000000
2026-01-08 13:44:18.302 [INFO] Win32Emu.Emulator: [IGN_TEAS Loop] Iteration 11467: EIP 0x004124D4→0x004124E2, ESP=0x001FEF44, EBP=0x001FEFFC, EAX=0x00000000, EBX=0x00000073, ECX=0x001FEF78, EDX=0x00000073, ESI=0x0047000B, EDI=0x00000000
2026-01-08 13:44:18.302 [INFO] Win32Emu.Emulator: [IGN_TEAS Loop] Iteration 11468: EIP 0x004124E2→0x004124E4, ESP=0x001FEF44, EBP=0x001FEFFC, EAX=0x00000000, EBX=0x00000073, ECX=0x001FEF78, EDX=0x00000073, ESI=0x0047000B, EDI=0x00000000
2026-01-08 13:44:18.302 [INFO] Win32Emu.Emulator: [IGN_TEAS Loop] Iteration 11469: EIP 0x004124E4→0x004124E6, ESP=0x001FEF44, EBP=0x001FEFFC, EAX=0x00000000, EBX=0x00000073, ECX=0x001FEF78, EDX=0x00000073, ESI=0x0047000B, EDI=0x00000000
2026-01-08 13:44:18.302 [INFO] Win32Emu.Emulator: [IGN_TEAS Loop] Iteration 11470: EIP 0x004124E6→0x004124ED, ESP=0x001FEF44, EBP=0x001FEFFC, EAX=0x00000000, EBX=0x00000073, ECX=0x001FEF78, EDX=0x00000073, ESI=0x0047000B, EDI=0x00000000
2026-01-08 13:44:18.302 [INFO] Win32Emu.Emulator: [IGN_TEAS Loop] Iteration 11471: EIP 0x004124ED→0x004124EE, ESP=0x001FEF44, EBP=0x001FEFFC, EAX=0x00000000, EBX=0x00000073, ECX=0x001FEF78, EDX=0x00000073, ESI=0x0047000C, EDI=0x00000000
2026-01-08 13:44:18.302 [INFO] Win32Emu.Emulator: [IGN_TEAS Loop] Iteration 11472: EIP 0x004124EE→0x004124F1, ESP=0x001FEF44, EBP=0x001FEFFC, EAX=0x00000000, EBX=0x00000073, ECX=0x001FEF78, EDX=0x00000073, ESI=0x0047000C, EDI=0x00000000
2026-01-08 13:44:18.302 [INFO] Win32Emu.Emulator: [IGN_TEAS Loop] Iteration 11473: EIP 0x004124F1→0x004124C3, ESP=0x001FEF44, EBP=0x001FEFFC, EAX=0x00000000, EBX=0x00000073, ECX=0x001FEF78, EDX=0x00000073, ESI=0x0047000C, EDI=0x00000000
2026-01-08 13:44:18.302 [INFO] Win32Emu.Emulator: [IGN_TEAS Loop] Iteration 11474: EIP 0x004124C3→0x004124C5, ESP=0x001FEF44, EBP=0x001FEFFC, EAX=0x00000000, EBX=0x0000005C, ECX=0x001FEF78, EDX=0x00000073, ESI=0x0047000C, EDI=0x00000000
2026-01-08 13:44:18.302 [INFO] Win32Emu.Emulator: [IGN_TEAS Loop] Iteration 11475: EIP 0x004124C5→0x004124C7, ESP=0x001FEF44, EBP=0x001FEFFC, EAX=0x00000000, EBX=0x0000005C, ECX=0x001FEF78, EDX=0x00000073, ESI=0x0047000C, EDI=0x00000000
2026-01-08 13:44:18.302 [INFO] Win32Emu.Emulator: [IGN_TEAS Loop] Iteration 11476: EIP 0x004124C7→0x004124C9, ESP=0x001FEF44, EBP=0x001FEFFC, EAX=0x00000000, EBX=0x0000005C, ECX=0x001FEF78, EDX=0x00000073, ESI=0x0047000C, EDI=0x00000000
2026-01-08 13:44:18.302 [INFO] Win32Emu.Emulator: [IGN_TEAS Loop] Iteration 11477: EIP 0x004124C9→0x004124CB, ESP=0x001FEF44, EBP=0x001FEFFC, EAX=0x00000000, EBX=0x0000005C, ECX=0x001FEF78, EDX=0x00000000, ESI=0x0047000C, EDI=0x00000000
2026-01-08 13:44:18.302 [INFO] Win32Emu.Emulator: [IGN_TEAS Loop] Iteration 11478: EIP 0x004124CB→0x004124CD, ESP=0x001FEF44, EBP=0x001FEFFC, EAX=0x00000000, EBX=0x0000005C, ECX=0x001FEF78, EDX=0x0000005C, ESI=0x0047000C, EDI=0x00000000
2026-01-08 13:44:18.302 [INFO] Win32Emu.Emulator: [IGN_TEAS Loop] Iteration 11479: EIP 0x004124CD→0x004124D4, ESP=0x001FEF44, EBP=0x001FEFFC, EAX=0x00000000, EBX=0x0000005C, ECX=0x001FEF78, EDX=0x0000005C, ESI=0x0047000C, EDI=0x00000000
2026-01-08 13:44:18.302 [INFO] Win32Emu.Emulator: [IGN_TEAS Loop] Iteration 11480: EIP 0x004124D4→0x004124E2, ESP=0x001FEF44, EBP=0x001FEFFC, EAX=0x00000000, EBX=0x0000005C, ECX=0x001FEF78, EDX=0x0000005C, ESI=0x0047000C, EDI=0x00000000
2026-01-08 13:44:18.303 [INFO] Win32Emu.Emulator: [IGN_TEAS Loop] Iteration 11481: EIP 0x004124E2→0x004124E4, ESP=0x001FEF44, EBP=0x001FEFFC, EAX=0x00000000, EBX=0x0000005C, ECX=0x001FEF78, EDX=0x0000005C, ESI=0x0047000C, EDI=0x00000000
2026-01-08 13:44:18.303 [INFO] Win32Emu.Emulator: [IGN_TEAS Loop] Iteration 11482: EIP 0x004124E4→0x004124E6, ESP=0x001FEF44, EBP=0x001FEFFC, EAX=0x00000000, EBX=0x0000005C, ECX=0x001FEF78, EDX=0x0000005C, ESI=0x0047000C, EDI=0x00000000
2026-01-08 13:44:18.303 [INFO] Win32Emu.Emulator: [IGN_TEAS Loop] Iteration 11483: EIP 0x004124E6→0x004124ED, ESP=0x001FEF44, EBP=0x001FEFFC, EAX=0x00000000, EBX=0x0000005C, ECX=0x001FEF78, EDX=0x0000005C, ESI=0x0047000C, EDI=0x00000000
2026-01-08 13:44:18.303 [INFO] Win32Emu.Emulator: [IGN_TEAS Loop] Iteration 11484: EIP 0x004124ED→0x004124EE, ESP=0x001FEF44, EBP=0x001FEFFC, EAX=0x00000000, EBX=0x0000005C, ECX=0x001FEF78, EDX=0x0000005C, ESI=0x0047000D, EDI=0x00000000
2026-01-08 13:44:18.303 [INFO] Win32Emu.Emulator: [IGN_TEAS Loop] Iteration 11485: EIP 0x004124EE→0x004124F1, ESP=0x001FEF44, EBP=0x001FEFFC, EAX=0x00000000, EBX=0x0000005C, ECX=0x001FEF78, EDX=0x0000005C, ESI=0x0047000D, EDI=0x00000000
2026-01-08 13:44:18.303 [INFO] Win32Emu.Emulator: [IGN_TEAS Loop] Iteration 11486: EIP 0x004124F1→0x004124C3, ESP=0x001FEF44, EBP=0x001FEFFC, EAX=0x00000000, EBX=0x0000005C, ECX=0x001FEF78, EDX=0x0000005C, ESI=0x0047000D, EDI=0x00000000
2026-01-08 13:44:18.303 [INFO] Win32Emu.Emulator: [IGN_TEAS Loop] Iteration 11487: EIP 0x004124C3→0x004124C5, ESP=0x001FEF44, EBP=0x001FEFFC, EAX=0x00000000, EBX=0x00000049, ECX=0x001FEF78, EDX=0x0000005C, ESI=0x0047000D, EDI=0x00000000
2026-01-08 13:44:18.303 [INFO] Win32Emu.Emulator: [IGN_TEAS Loop] Iteration 11488: EIP 0x004124C5→0x004124C7, ESP=0x001FEF44, EBP=0x001FEFFC, EAX=0x00000000, EBX=0x00000049, ECX=0x001FEF78, EDX=0x0000005C, ESI=0x0047000D, EDI=0x00000000
2026-01-08 13:44:18.303 [INFO] Win32Emu.Emulator: [IGN_TEAS Loop] Iteration 11489: EIP 0x004124C7→0x004124C9, ESP=0x001FEF44, EBP=0x001FEFFC, EAX=0x00000000, EBX=0x00000049, ECX=0x001FEF78, EDX=0x0000005C, ESI=0x0047000D, EDI=0x00000000
2026-01-08 13:44:18.303 [INFO] Win32Emu.Emulator: [IGN_TEAS Loop] Iteration 11490: EIP 0x004124C9→0x004124CB, ESP=0x001FEF44, EBP=0x001FEFFC, EAX=0x00000000, EBX=0x00000049, ECX=0x001FEF78, EDX=0x00000000, ESI=0x0047000D, EDI=0x00000000
2026-01-08 13:44:18.303 [INFO] Win32Emu.Emulator: [IGN_TEAS Loop] Iteration 11491: EIP 0x004124CB→0x004124CD, ESP=0x001FEF44, EBP=0x001FEFFC, EAX=0x00000000, EBX=0x00000049, ECX=0x001FEF78, EDX=0x00000049, ESI=0x0047000D, EDI=0x00000000
2026-01-08 13:44:18.303 [INFO] Win32Emu.Emulator: [IGN_TEAS Loop] Iteration 11492: EIP 0x004124CD→0x004124D4, ESP=0x001FEF44, EBP=0x001FEFFC, EAX=0x00000000, EBX=0x00000049, ECX=0x001FEF78, EDX=0x00000049, ESI=0x0047000D, EDI=0x00000000
2026-01-08 13:44:18.303 [INFO] Win32Emu.Emulator: [IGN_TEAS Loop] Iteration 11493: EIP 0x004124D4→0x004124E2, ESP=0x001FEF44, EBP=0x001FEFFC, EAX=0x00000000, EBX=0x00000049, ECX=0x001FEF78, EDX=0x00000049, ESI=0x0047000D, EDI=0x00000000
2026-01-08 13:44:18.303 [INFO] Win32Emu.Emulator: [IGN_TEAS Loop] Iteration 11494: EIP 0x004124E2→0x004124E4, ESP=0x001FEF44, EBP=0x001FEFFC, EAX=0x00000000, EBX=0x00000049, ECX=0x001FEF78, EDX=0x00000049, ESI=0x0047000D, EDI=0x00000000
2026-01-08 13:44:18.303 [INFO] Win32Emu.Emulator: [IGN_TEAS Loop] Iteration 11495: EIP 0x004124E4→0x004124E6, ESP=0x001FEF44, EBP=0x001FEFFC, EAX=0x00000000, EBX=0x00000049, ECX=0x001FEF78, EDX=0x00000049, ESI=0x0047000D, EDI=0x00000000
2026-01-08 13:44:18.303 [INFO] Win32Emu.Emulator: [IGN_TEAS Loop] Iteration 11496: EIP 0x004124E6→0x004124ED, ESP=0x001FEF44, EBP=0x001FEFFC, EAX=0x00000000, EBX=0x00000049, ECX=0x001FEF78, EDX=0x00000049, ESI=0x0047000D, EDI=0x00000000
2026-01-08 13:44:18.303 [INFO] Win32Emu.Emulator: [IGN_TEAS Loop] Iteration 11497: EIP 0x004124ED→0x004124EE, ESP=0x001FEF44, EBP=0x001FEFFC, EAX=0x00000000, EBX=0x00000049, ECX=0x001FEF78, EDX=0x00000049, ESI=0x0047000E, EDI=0x00000000
2026-01-08 13:44:18.303 [INFO] Win32Emu.Emulator: [IGN_TEAS Loop] Iteration 11498: EIP 0x004124EE→0x004124F1, ESP=0x001FEF44, EBP=0x001FEFFC, EAX=0x00000000, EBX=0x00000049, ECX=0x001FEF78, EDX=0x00000049, ESI=0x0047000E, EDI=0x00000000
2026-01-08 13:44:18.303 [INFO] Win32Emu.Emulator: [IGN_TEAS Loop] Iteration 11499: EIP 0x004124F1→0x004124C3, ESP=0x001FEF44, EBP=0x001FEFFC, EAX=0x00000000, EBX=0x00000049, ECX=0x001FEF78, EDX=0x00000049, ESI=0x0047000E, EDI=0x00000000
2026-01-08 13:44:18.303 [INFO] Win32Emu.Emulator: [IGN_TEAS Loop] Iteration 11500: EIP 0x004124C3→0x004124C5, ESP=0x001FEF44, EBP=0x001FEFFC, EAX=0x00000000, EBX=0x00000047, ECX=0x001FEF78, EDX=0x00000049, ESI=0x0047000E, EDI=0x00000000
2026-01-08 13:44:18.303 [INFO] Win32Emu.Emulator: [IGN_TEAS Loop] Iteration 11501: EIP 0x004124C5→0x004124C7, ESP=0x001FEF44, EBP=0x001FEFFC, EAX=0x00000000, EBX=0x00000047, ECX=0x001FEF78, EDX=0x00000049, ESI=0x0047000E, EDI=0x00000000
2026-01-08 13:44:18.303 [INFO] Win32Emu.Emulator: [IGN_TEAS Loop] Iteration 11502: EIP 0x004124C7→0x004124C9, ESP=0x001FEF44, EBP=0x001FEFFC, EAX=0x00000000, EBX=0x00000047, ECX=0x001FEF78, EDX=0x00000049, ESI=0x0047000E, EDI=0x00000000
2026-01-08 13:44:18.303 [INFO] Win32Emu.Emulator: [IGN_TEAS Loop] Iteration 11503: EIP 0x004124C9→0x004124CB, ESP=0x001FEF44, EBP=0x001FEFFC, EAX=0x00000000, EBX=0x00000047, ECX=0x001FEF78, EDX=0x00000000, ESI=0x0047000E, EDI=0x00000000
2026-01-08 13:44:18.303 [INFO] Win32Emu.Emulator: [IGN_TEAS Loop] Iteration 11504: EIP 0x004124CB→0x004124CD, ESP=0x001FEF44, EBP=0x001FEFFC, EAX=0x00000000, EBX=0x00000047, ECX=0x001FEF78, EDX=0x00000047, ESI=0x0047000E, EDI=0x00000000
2026-01-08 13:44:18.303 [INFO] Win32Emu.Emulator: [IGN_TEAS Loop] Iteration 11505: EIP 0x004124CD→0x004124D4, ESP=0x001FEF44, EBP=0x001FEFFC, EAX=0x00000000, EBX=0x00000047, ECX=0x001FEF78, EDX=0x00000047, ESI=0x0047000E, EDI=0x00000000
2026-01-08 13:44:18.303 [INFO] Win32Emu.Emulator: [IGN_TEAS Loop] Iteration 11506: EIP 0x004124D4→0x004124E2, ESP=0x001FEF44, EBP=0x001FEFFC, EAX=0x00000000, EBX=0x00000047, ECX=0x001FEF78, EDX=0x00000047, ESI=0x0047000E, EDI=0x00000000
2026-01-08 13:44:18.303 [INFO] Win32Emu.Emulator: [IGN_TEAS Loop] Iteration 11507: EIP 0x004124E2→0x004124E4, ESP=0x001FEF44, EBP=0x001FEFFC, EAX=0x00000000, EBX=0x00000047, ECX=0x001FEF78, EDX=0x00000047, ESI=0x0047000E, EDI=0x00000000
2026-01-08 13:44:18.303 [INFO] Win32Emu.Emulator: [IGN_TEAS Loop] Iteration 11508: EIP 0x004124E4→0x004124E6, ESP=0x001FEF44, EBP=0x001FEFFC, EAX=0x00000000, EBX=0x00000047, ECX=0x001FEF78, EDX=0x00000047, ESI=0x0047000E, EDI=0x00000000
2026-01-08 13:44:18.303 [INFO] Win32Emu.Emulator: [IGN_TEAS Loop] Iteration 11509: EIP 0x004124E6→0x004124ED, ESP=0x001FEF44, EBP=0x001FEFFC, EAX=0x00000000, EBX=0x00000047, ECX=0x001FEF78, EDX=0x00000047, ESI=0x0047000E, EDI=0x00000000
2026-01-08 13:44:18.303 [INFO] Win32Emu.Emulator: [IGN_TEAS Loop] Iteration 11510: EIP 0x004124ED→0x004124EE, ESP=0x001FEF44, EBP=0x001FEFFC, EAX=0x00000000, EBX=0x00000047, ECX=0x001FEF78, EDX=0x00000047, ESI=0x0047000F, EDI=0x00000000
2026-01-08 13:44:18.303 [INFO] Win32Emu.Emulator: [IGN_TEAS Loop] Iteration 11511: EIP 0x004124EE→0x004124F1, ESP=0x001FEF44, EBP=0x001FEFFC, EAX=0x00000000, EBX=0x00000047, ECX=0x001FEF78, EDX=0x00000047, ESI=0x0047000F, EDI=0x00000000
2026-01-08 13:44:18.303 [INFO] Win32Emu.Emulator: [IGN_TEAS Loop] Iteration 11512: EIP 0x004124F1→0x004124C3, ESP=0x001FEF44, EBP=0x001FEFFC, EAX=0x00000000, EBX=0x00000047, ECX=0x001FEF78, EDX=0x00000047, ESI=0x0047000F, EDI=0x00000000
2026-01-08 13:44:18.304 [INFO] Win32Emu.Emulator: [IGN_TEAS Loop] Iteration 11513: EIP 0x004124C3→0x004124C5, ESP=0x001FEF44, EBP=0x001FEFFC, EAX=0x00000000, EBX=0x0000004E, ECX=0x001FEF78, EDX=0x00000047, ESI=0x0047000F, EDI=0x00000000
2026-01-08 13:44:18.304 [INFO] Win32Emu.Emulator: [IGN_TEAS Loop] Iteration 11514: EIP 0x004124C5→0x004124C7, ESP=0x001FEF44, EBP=0x001FEFFC, EAX=0x00000000, EBX=0x0000004E, ECX=0x001FEF78, EDX=0x00000047, ESI=0x0047000F, EDI=0x00000000
2026-01-08 13:44:18.304 [INFO] Win32Emu.Emulator: [IGN_TEAS Loop] Iteration 11515: EIP 0x004124C7→0x004124C9, ESP=0x001FEF44, EBP=0x001FEFFC, EAX=0x00000000, EBX=0x0000004E, ECX=0x001FEF78, EDX=0x00000047, ESI=0x0047000F, EDI=0x00000000
2026-01-08 13:44:18.304 [INFO] Win32Emu.Emulator: [IGN_TEAS Loop] Iteration 11516: EIP 0x004124C9→0x004124CB, ESP=0x001FEF44, EBP=0x001FEFFC, EAX=0x00000000, EBX=0x0000004E, ECX=0x001FEF78, EDX=0x00000000, ESI=0x0047000F, EDI=0x00000000
2026-01-08 13:44:18.304 [INFO] Win32Emu.Emulator: [IGN_TEAS Loop] Iteration 11517: EIP 0x004124CB→0x004124CD, ESP=0x001FEF44, EBP=0x001FEFFC, EAX=0x00000000, EBX=0x0000004E, ECX=0x001FEF78, EDX=0x0000004E, ESI=0x0047000F, EDI=0x00000000
2026-01-08 13:44:18.304 [INFO] Win32Emu.Emulator: [IGN_TEAS Loop] Iteration 11518: EIP 0x004124CD→0x004124D4, ESP=0x001FEF44, EBP=0x001FEFFC, EAX=0x00000000, EBX=0x0000004E, ECX=0x001FEF78, EDX=0x0000004E, ESI=0x0047000F, EDI=0x00000000
2026-01-08 13:44:18.304 [INFO] Win32Emu.Emulator: [IGN_TEAS Loop] Iteration 11519: EIP 0x004124D4→0x004124E2, ESP=0x001FEF44, EBP=0x001FEFFC, EAX=0x00000000, EBX=0x0000004E, ECX=0x001FEF78, EDX=0x0000004E, ESI=0x0047000F, EDI=0x00000000
2026-01-08 13:44:18.304 [INFO] Win32Emu.Emulator: [IGN_TEAS Loop] Iteration 11520: EIP 0x004124E2→0x004124E4, ESP=0x001FEF44, EBP=0x001FEFFC, EAX=0x00000000, EBX=0x0000004E, ECX=0x001FEF78, EDX=0x0000004E, ESI=0x0047000F, EDI=0x00000000
2026-01-08 13:44:18.304 [INFO] Win32Emu.Emulator: [IGN_TEAS Loop] Iteration 11521: EIP 0x004124E4→0x004124E6, ESP=0x001FEF44, EBP=0x001FEFFC, EAX=0x00000000, EBX=0x0000004E, ECX=0x001FEF78, EDX=0x0000004E, ESI=0x0047000F, EDI=0x00000000
2026-01-08 13:44:18.304 [INFO] Win32Emu.Emulator: [IGN_TEAS Loop] Iteration 11522: EIP 0x004124E6→0x004124ED, ESP=0x001FEF44, EBP=0x001FEFFC, EAX=0x00000000, EBX=0x0000004E, ECX=0x001FEF78, EDX=0x0000004E, ESI=0x0047000F, EDI=0x00000000
2026-01-08 13:44:18.304 [INFO] Win32Emu.Emulator: [IGN_TEAS Loop] Iteration 11523: EIP 0x004124ED→0x004124EE, ESP=0x001FEF44, EBP=0x001FEFFC, EAX=0x00000000, EBX=0x0000004E, ECX=0x001FEF78, EDX=0x0000004E, ESI=0x00470010, EDI=0x00000000
2026-01-08 13:44:18.304 [INFO] Win32Emu.Emulator: [IGN_TEAS Loop] Iteration 11524: EIP 0x004124EE→0x004124F1, ESP=0x001FEF44, EBP=0x001FEFFC, EAX=0x00000000, EBX=0x0000004E, ECX=0x001FEF78, EDX=0x0000004E, ESI=0x00470010, EDI=0x00000000
2026-01-08 13:44:18.304 [INFO] Win32Emu.Emulator: [IGN_TEAS Loop] Iteration 11525: EIP 0x004124F1→0x004124C3, ESP=0x001FEF44, EBP=0x001FEFFC, EAX=0x00000000, EBX=0x0000004E, ECX=0x001FEF78, EDX=0x0000004E, ESI=0x00470010, EDI=0x00000000
2026-01-08 13:44:18.304 [INFO] Win32Emu.Emulator: [IGN_TEAS Loop] Iteration 11526: EIP 0x004124C3→0x004124C5, ESP=0x001FEF44, EBP=0x001FEFFC, EAX=0x00000000, EBX=0x0000005F, ECX=0x001FEF78, EDX=0x0000004E, ESI=0x00470010, EDI=0x00000000
2026-01-08 13:44:18.304 [INFO] Win32Emu.Emulator: [IGN_TEAS Loop] Iteration 11527: EIP 0x004124C5→0x004124C7, ESP=0x001FEF44, EBP=0x001FEFFC, EAX=0x00000000, EBX=0x0000005F, ECX=0x001FEF78, EDX=0x0000004E, ESI=0x00470010, EDI=0x00000000
2026-01-08 13:44:18.304 [INFO] Win32Emu.Emulator: [IGN_TEAS Loop] Iteration 11528: EIP 0x004124C7→0x004124C9, ESP=0x001FEF44, EBP=0x001FEFFC, EAX=0x00000000, EBX=0x0000005F, ECX=0x001FEF78, EDX=0x0000004E, ESI=0x00470010, EDI=0x00000000
2026-01-08 13:44:18.304 [INFO] Win32Emu.Emulator: [IGN_TEAS Loop] Iteration 11529: EIP 0x004124C9→0x004124CB, ESP=0x001FEF44, EBP=0x001FEFFC, EAX=0x00000000, EBX=0x0000005F, ECX=0x001FEF78, EDX=0x00000000, ESI=0x00470010, EDI=0x00000000
2026-01-08 13:44:18.304 [INFO] Win32Emu.Emulator: [IGN_TEAS Loop] Iteration 11530: EIP 0x004124CB→0x004124CD, ESP=0x001FEF44, EBP=0x001FEFFC, EAX=0x00000000, EBX=0x0000005F, ECX=0x001FEF78, EDX=0x0000005F, ESI=0x00470010, EDI=0x00000000
2026-01-08 13:44:18.304 [INFO] Win32Emu.Emulator: [IGN_TEAS Loop] Iteration 11531: EIP 0x004124CD→0x004124D4, ESP=0x001FEF44, EBP=0x001FEFFC, EAX=0x00000000, EBX=0x0000005F, ECX=0x001FEF78, EDX=0x0000005F, ESI=0x00470010, EDI=0x00000000
2026-01-08 13:44:18.304 [INFO] Win32Emu.Emulator: [IGN_TEAS Loop] Iteration 11532: EIP 0x004124D4→0x004124E2, ESP=0x001FEF44, EBP=0x001FEFFC, EAX=0x00000000, EBX=0x0000005F, ECX=0x001FEF78, EDX=0x0000005F, ESI=0x00470010, EDI=0x00000000
2026-01-08 13:44:18.304 [INFO] Win32Emu.Emulator: [IGN_TEAS Loop] Iteration 11533: EIP 0x004124E2→0x004124E4, ESP=0x001FEF44, EBP=0x001FEFFC, EAX=0x00000000, EBX=0x0000005F, ECX=0x001FEF78, EDX=0x0000005F, ESI=0x00470010, EDI=0x00000000
2026-01-08 13:44:18.304 [INFO] Win32Emu.Emulator: [IGN_TEAS Loop] Iteration 11534: EIP 0x004124E4→0x004124E6, ESP=0x001FEF44, EBP=0x001FEFFC, EAX=0x00000000, EBX=0x0000005F, ECX=0x001FEF78, EDX=0x0000005F, ESI=0x00470010, EDI=0x00000000
2026-01-08 13:44:18.304 [INFO] Win32Emu.Emulator: [IGN_TEAS Loop] Iteration 11535: EIP 0x004124E6→0x004124ED, ESP=0x001FEF44, EBP=0x001FEFFC, EAX=0x00000000, EBX=0x0000005F, ECX=0x001FEF78, EDX=0x0000005F, ESI=0x00470010, EDI=0x00000000
2026-01-08 13:44:18.304 [INFO] Win32Emu.Emulator: [IGN_TEAS Loop] Iteration 11536: EIP 0x004124ED→0x004124EE, ESP=0x001FEF44, EBP=0x001FEFFC, EAX=0x00000000, EBX=0x0000005F, ECX=0x001FEF78, EDX=0x0000005F, ESI=0x00470011, EDI=0x00000000
2026-01-08 13:44:18.304 [INFO] Win32Emu.Emulator: [IGN_TEAS Loop] Iteration 11537: EIP 0x004124EE→0x004124F1, ESP=0x001FEF44, EBP=0x001FEFFC, EAX=0x00000000, EBX=0x0000005F, ECX=0x001FEF78, EDX=0x0000005F, ESI=0x00470011, EDI=0x00000000
2026-01-08 13:44:18.304 [INFO] Win32Emu.Emulator: [IGN_TEAS Loop] Iteration 11538: EIP 0x004124F1→0x004124C3, ESP=0x001FEF44, EBP=0x001FEFFC, EAX=0x00000000, EBX=0x0000005F, ECX=0x001FEF78, EDX=0x0000005F, ESI=0x00470011, EDI=0x00000000
2026-01-08 13:44:18.304 [INFO] Win32Emu.Emulator: [IGN_TEAS Loop] Iteration 11539: EIP 0x004124C3→0x004124C5, ESP=0x001FEF44, EBP=0x001FEFFC, EAX=0x00000000, EBX=0x00000054, ECX=0x001FEF78, EDX=0x0000005F, ESI=0x00470011, EDI=0x00000000
2026-01-08 13:44:18.304 [INFO] Win32Emu.Emulator: [IGN_TEAS Loop] Iteration 11540: EIP 0x004124C5→0x004124C7, ESP=0x001FEF44, EBP=0x001FEFFC, EAX=0x00000000, EBX=0x00000054, ECX=0x001FEF78, EDX=0x0000005F, ESI=0x00470011, EDI=0x00000000
2026-01-08 13:44:18.304 [INFO] Win32Emu.Emulator: [IGN_TEAS Loop] Iteration 11541: EIP 0x004124C7→0x004124C9, ESP=0x001FEF44, EBP=0x001FEFFC, EAX=0x00000000, EBX=0x00000054, ECX=0x001FEF78, EDX=0x0000005F, ESI=0x00470011, EDI=0x00000000
2026-01-08 13:44:18.304 [INFO] Win32Emu.Emulator: [IGN_TEAS Loop] Iteration 11542: EIP 0x004124C9→0x004124CB, ESP=0x001FEF44, EBP=0x001FEFFC, EAX=0x00000000, EBX=0x00000054, ECX=0x001FEF78, EDX=0x00000000, ESI=0x00470011, EDI=0x00000000
2026-01-08 13:44:18.304 [INFO] Win32Emu.Emulator: [IGN_TEAS Loop] Iteration 11543: EIP 0x004124CB→0x004124CD, ESP=0x001FEF44, EBP=0x001FEFFC, EAX=0x00000000, EBX=0x00000054, ECX=0x001FEF78, EDX=0x00000054, ESI=0x00470011, EDI=0x00000000
2026-01-08 13:44:18.304 [INFO] Win32Emu.Emulator: [IGN_TEAS Loop] Iteration 11544: EIP 0x004124CD→0x004124D4, ESP=0x001FEF44, EBP=0x001FEFFC, EAX=0x00000000, EBX=0x00000054, ECX=0x001FEF78, EDX=0x00000054, ESI=0x00470011, EDI=0x00000000
2026-01-08 13:44:18.305 [INFO] Win32Emu.Emulator: [IGN_TEAS Loop] Iteration 11545: EIP 0x004124D4→0x004124E2, ESP=0x001FEF44, EBP=0x001FEFFC, EAX=0x00000000, EBX=0x00000054, ECX=0x001FEF78, EDX=0x00000054, ESI=0x00470011, EDI=0x00000000
2026-01-08 13:44:18.305 [INFO] Win32Emu.Emulator: [IGN_TEAS Loop] Iteration 11546: EIP 0x004124E2→0x004124E4, ESP=0x001FEF44, EBP=0x001FEFFC, EAX=0x00000000, EBX=0x00000054, ECX=0x001FEF78, EDX=0x00000054, ESI=0x00470011, EDI=0x00000000
2026-01-08 13:44:18.305 [INFO] Win32Emu.Emulator: [IGN_TEAS Loop] Iteration 11547: EIP 0x004124E4→0x004124E6, ESP=0x001FEF44, EBP=0x001FEFFC, EAX=0x00000000, EBX=0x00000054, ECX=0x001FEF78, EDX=0x00000054, ESI=0x00470011, EDI=0x00000000
2026-01-08 13:44:18.305 [INFO] Win32Emu.Emulator: [IGN_TEAS Loop] Iteration 11548: EIP 0x004124E6→0x004124ED, ESP=0x001FEF44, EBP=0x001FEFFC, EAX=0x00000000, EBX=0x00000054, ECX=0x001FEF78, EDX=0x00000054, ESI=0x00470011, EDI=0x00000000
2026-01-08 13:44:18.305 [INFO] Win32Emu.Emulator: [IGN_TEAS Loop] Iteration 11549: EIP 0x004124ED→0x004124EE, ESP=0x001FEF44, EBP=0x001FEFFC, EAX=0x00000000, EBX=0x00000054, ECX=0x001FEF78, EDX=0x00000054, ESI=0x00470012, EDI=0x00000000
2026-01-08 13:44:18.305 [INFO] Win32Emu.Emulator: [IGN_TEAS Loop] Iteration 11550: EIP 0x004124EE→0x004124F1, ESP=0x001FEF44, EBP=0x001FEFFC, EAX=0x00000000, EBX=0x00000054, ECX=0x001FEF78, EDX=0x00000054, ESI=0x00470012, EDI=0x00000000
2026-01-08 13:44:18.305 [INFO] Win32Emu.Emulator: [IGN_TEAS Loop] Iteration 11551: EIP 0x004124F1→0x004124C3, ESP=0x001FEF44, EBP=0x001FEFFC, EAX=0x00000000, EBX=0x00000054, ECX=0x001FEF78, EDX=0x00000054, ESI=0x00470012, EDI=0x00000000
2026-01-08 13:44:18.305 [INFO] Win32Emu.Emulator: [IGN_TEAS Loop] Iteration 11552: EIP 0x004124C3→0x004124C5, ESP=0x001FEF44, EBP=0x001FEFFC, EAX=0x00000000, EBX=0x00000045, ECX=0x001FEF78, EDX=0x00000054, ESI=0x00470012, EDI=0x00000000
2026-01-08 13:44:18.305 [INFO] Win32Emu.Emulator: [IGN_TEAS Loop] Iteration 11553: EIP 0x004124C5→0x004124C7, ESP=0x001FEF44, EBP=0x001FEFFC, EAX=0x00000000, EBX=0x00000045, ECX=0x001FEF78, EDX=0x00000054, ESI=0x00470012, EDI=0x00000000
2026-01-08 13:44:18.305 [INFO] Win32Emu.Emulator: [IGN_TEAS Loop] Iteration 11554: EIP 0x004124C7→0x004124C9, ESP=0x001FEF44, EBP=0x001FEFFC, EAX=0x00000000, EBX=0x00000045, ECX=0x001FEF78, EDX=0x00000054, ESI=0x00470012, EDI=0x00000000
2026-01-08 13:44:18.305 [INFO] Win32Emu.Emulator: [IGN_TEAS Loop] Iteration 11555: EIP 0x004124C9→0x004124CB, ESP=0x001FEF44, EBP=0x001FEFFC, EAX=0x00000000, EBX=0x00000045, ECX=0x001FEF78, EDX=0x00000000, ESI=0x00470012, EDI=0x00000000
2026-01-08 13:44:18.305 [INFO] Win32Emu.Emulator: [IGN_TEAS Loop] Iteration 11556: EIP 0x004124CB→0x004124CD, ESP=0x001FEF44, EBP=0x001FEFFC, EAX=0x00000000, EBX=0x00000045, ECX=0x001FEF78, EDX=0x00000045, ESI=0x00470012, EDI=0x00000000
2026-01-08 13:44:18.305 [INFO] Win32Emu.Emulator: [IGN_TEAS Loop] Iteration 11557: EIP 0x004124CD→0x004124D4, ESP=0x001FEF44, EBP=0x001FEFFC, EAX=0x00000000, EBX=0x00000045, ECX=0x001FEF78, EDX=0x00000045, ESI=0x00470012, EDI=0x00000000
2026-01-08 13:44:18.305 [INFO] Win32Emu.Emulator: [IGN_TEAS Loop] Iteration 11558: EIP 0x004124D4→0x004124E2, ESP=0x001FEF44, EBP=0x001FEFFC, EAX=0x00000000, EBX=0x00000045, ECX=0x001FEF78, EDX=0x00000045, ESI=0x00470012, EDI=0x00000000
2026-01-08 13:44:18.305 [INFO] Win32Emu.Emulator: [IGN_TEAS Loop] Iteration 11559: EIP 0x004124E2→0x004124E4, ESP=0x001FEF44, EBP=0x001FEFFC, EAX=0x00000000, EBX=0x00000045, ECX=0x001FEF78, EDX=0x00000045, ESI=0x00470012, EDI=0x00000000
2026-01-08 13:44:18.305 [INFO] Win32Emu.Emulator: [IGN_TEAS Loop] Iteration 11560: EIP 0x004124E4→0x004124E6, ESP=0x001FEF44, EBP=0x001FEFFC, EAX=0x00000000, EBX=0x00000045, ECX=0x001FEF78, EDX=0x00000045, ESI=0x00470012, EDI=0x00000000
2026-01-08 13:44:18.305 [INFO] Win32Emu.Emulator: [IGN_TEAS Loop] Iteration 11561: EIP 0x004124E6→0x004124ED, ESP=0x001FEF44, EBP=0x001FEFFC, EAX=0x00000000, EBX=0x00000045, ECX=0x001FEF78, EDX=0x00000045, ESI=0x00470012, EDI=0x00000000
2026-01-08 13:44:18.305 [INFO] Win32Emu.Emulator: [IGN_TEAS Loop] Iteration 11562: EIP 0x004124ED→0x004124EE, ESP=0x001FEF44, EBP=0x001FEFFC, EAX=0x00000000, EBX=0x00000045, ECX=0x001FEF78, EDX=0x00000045, ESI=0x00470013, EDI=0x00000000
2026-01-08 13:44:18.305 [INFO] Win32Emu.Emulator: [IGN_TEAS Loop] Iteration 11563: EIP 0x004124EE→0x004124F1, ESP=0x001FEF44, EBP=0x001FEFFC, EAX=0x00000000, EBX=0x00000045, ECX=0x001FEF78, EDX=0x00000045, ESI=0x00470013, EDI=0x00000000
2026-01-08 13:44:18.305 [INFO] Win32Emu.Emulator: [IGN_TEAS Loop] Iteration 11564: EIP 0x004124F1→0x004124C3, ESP=0x001FEF44, EBP=0x001FEFFC, EAX=0x00000000, EBX=0x00000045, ECX=0x001FEF78, EDX=0x00000045, ESI=0x00470013, EDI=0x00000000
2026-01-08 13:44:18.305 [INFO] Win32Emu.Emulator: [IGN_TEAS Loop] Iteration 11565: EIP 0x004124C3→0x004124C5, ESP=0x001FEF44, EBP=0x001FEFFC, EAX=0x00000000, EBX=0x00000041, ECX=0x001FEF78, EDX=0x00000045, ESI=0x00470013, EDI=0x00000000
2026-01-08 13:44:18.305 [INFO] Win32Emu.Emulator: [IGN_TEAS Loop] Iteration 11566: EIP 0x004124C5→0x004124C7, ESP=0x001FEF44, EBP=0x001FEFFC, EAX=0x00000000, EBX=0x00000041, ECX=0x001FEF78, EDX=0x00000045, ESI=0x00470013, EDI=0x00000000
2026-01-08 13:44:18.305 [INFO] Win32Emu.Emulator: [IGN_TEAS Loop] Iteration 11567: EIP 0x004124C7→0x004124C9, ESP=0x001FEF44, EBP=0x001FEFFC, EAX=0x00000000, EBX=0x00000041, ECX=0x001FEF78, EDX=0x00000045, ESI=0x00470013, EDI=0x00000000
2026-01-08 13:44:18.305 [INFO] Win32Emu.Emulator: [IGN_TEAS Loop] Iteration 11568: EIP 0x004124C9→0x004124CB, ESP=0x001FEF44, EBP=0x001FEFFC, EAX=0x00000000, EBX=0x00000041, ECX=0x001FEF78, EDX=0x00000000, ESI=0x00470013, EDI=0x00000000
2026-01-08 13:44:18.305 [INFO] Win32Emu.Emulator: [IGN_TEAS Loop] Iteration 11569: EIP 0x004124CB→0x004124CD, ESP=0x001FEF44, EBP=0x001FEFFC, EAX=0x00000000, EBX=0x00000041, ECX=0x001FEF78, EDX=0x00000041, ESI=0x00470013, EDI=0x00000000
2026-01-08 13:44:18.305 [INFO] Win32Emu.Emulator: [IGN_TEAS Loop] Iteration 11570: EIP 0x004124CD→0x004124D4, ESP=0x001FEF44, EBP=0x001FEFFC, EAX=0x00000000, EBX=0x00000041, ECX=0x001FEF78, EDX=0x00000041, ESI=0x00470013, EDI=0x00000000
2026-01-08 13:44:18.305 [INFO] Win32Emu.Emulator: [IGN_TEAS Loop] Iteration 11571: EIP 0x004124D4→0x004124E2, ESP=0x001FEF44, EBP=0x001FEFFC, EAX=0x00000000, EBX=0x00000041, ECX=0x001FEF78, EDX=0x00000041, ESI=0x00470013, EDI=0x00000000
2026-01-08 13:44:18.305 [INFO] Win32Emu.Emulator: [IGN_TEAS Loop] Iteration 11572: EIP 0x004124E2→0x004124E4, ESP=0x001FEF44, EBP=0x001FEFFC, EAX=0x00000000, EBX=0x00000041, ECX=0x001FEF78, EDX=0x00000041, ESI=0x00470013, EDI=0x00000000
2026-01-08 13:44:18.305 [INFO] Win32Emu.Emulator: [IGN_TEAS Loop] Iteration 11573: EIP 0x004124E4→0x004124E6, ESP=0x001FEF44, EBP=0x001FEFFC, EAX=0x00000000, EBX=0x00000041, ECX=0x001FEF78, EDX=0x00000041, ESI=0x00470013, EDI=0x00000000
2026-01-08 13:44:18.305 [INFO] Win32Emu.Emulator: [IGN_TEAS Loop] Iteration 11574: EIP 0x004124E6→0x004124ED, ESP=0x001FEF44, EBP=0x001FEFFC, EAX=0x00000000, EBX=0x00000041, ECX=0x001FEF78, EDX=0x00000041, ESI=0x00470013, EDI=0x00000000
2026-01-08 13:44:18.305 [INFO] Win32Emu.Emulator: [IGN_TEAS Loop] Iteration 11575: EIP 0x004124ED→0x004124EE, ESP=0x001FEF44, EBP=0x001FEFFC, EAX=0x00000000, EBX=0x00000041, ECX=0x001FEF78, EDX=0x00000041, ESI=0x00470014, EDI=0x00000000
2026-01-08 13:44:18.305 [INFO] Win32Emu.Emulator: [IGN_TEAS Loop] Iteration 11576: EIP 0x004124EE→0x004124F1, ESP=0x001FEF44, EBP=0x001FEFFC, EAX=0x00000000, EBX=0x00000041, ECX=0x001FEF78, EDX=0x00000041, ESI=0x00470014, EDI=0x00000000
2026-01-08 13:44:18.305 [INFO] Win32Emu.Emulator: [IGN_TEAS Loop] Iteration 11577: EIP 0x004124F1→0x004124C3, ESP=0x001FEF44, EBP=0x001FEFFC, EAX=0x00000000, EBX=0x00000041, ECX=0x001FEF78, EDX=0x00000041, ESI=0x00470014, EDI=0x00000000
2026-01-08 13:44:18.306 [INFO] Win32Emu.Emulator: [IGN_TEAS Loop] Iteration 11578: EIP 0x004124C3→0x004124C5, ESP=0x001FEF44, EBP=0x001FEFFC, EAX=0x00000000, EBX=0x00000053, ECX=0x001FEF78, EDX=0x00000041, ESI=0x00470014, EDI=0x00000000
2026-01-08 13:44:18.306 [INFO] Win32Emu.Emulator: [IGN_TEAS Loop] Iteration 11579: EIP 0x004124C5→0x004124C7, ESP=0x001FEF44, EBP=0x001FEFFC, EAX=0x00000000, EBX=0x00000053, ECX=0x001FEF78, EDX=0x00000041, ESI=0x00470014, EDI=0x00000000
2026-01-08 13:44:18.306 [INFO] Win32Emu.Emulator: [IGN_TEAS Loop] Iteration 11580: EIP 0x004124C7→0x004124C9, ESP=0x001FEF44, EBP=0x001FEFFC, EAX=0x00000000, EBX=0x00000053, ECX=0x001FEF78, EDX=0x00000041, ESI=0x00470014, EDI=0x00000000
2026-01-08 13:44:18.306 [INFO] Win32Emu.Emulator: [IGN_TEAS Loop] Iteration 11581: EIP 0x004124C9→0x004124CB, ESP=0x001FEF44, EBP=0x001FEFFC, EAX=0x00000000, EBX=0x00000053, ECX=0x001FEF78, EDX=0x00000000, ESI=0x00470014, EDI=0x00000000
2026-01-08 13:44:18.306 [INFO] Win32Emu.Emulator: [IGN_TEAS Loop] Iteration 11582: EIP 0x004124CB→0x004124CD, ESP=0x001FEF44, EBP=0x001FEFFC, EAX=0x00000000, EBX=0x00000053, ECX=0x001FEF78, EDX=0x00000053, ESI=0x00470014, EDI=0x00000000
2026-01-08 13:44:18.306 [INFO] Win32Emu.Emulator: [IGN_TEAS Loop] Iteration 11583: EIP 0x004124CD→0x004124D4, ESP=0x001FEF44, EBP=0x001FEFFC, EAX=0x00000000, EBX=0x00000053, ECX=0x001FEF78, EDX=0x00000053, ESI=0x00470014, EDI=0x00000000
2026-01-08 13:44:18.306 [INFO] Win32Emu.Emulator: [IGN_TEAS Loop] Iteration 11584: EIP 0x004124D4→0x004124E2, ESP=0x001FEF44, EBP=0x001FEFFC, EAX=0x00000000, EBX=0x00000053, ECX=0x001FEF78, EDX=0x00000053, ESI=0x00470014, EDI=0x00000000
2026-01-08 13:44:18.306 [INFO] Win32Emu.Emulator: [IGN_TEAS Loop] Iteration 11585: EIP 0x004124E2→0x004124E4, ESP=0x001FEF44, EBP=0x001FEFFC, EAX=0x00000000, EBX=0x00000053, ECX=0x001FEF78, EDX=0x00000053, ESI=0x00470014, EDI=0x00000000
2026-01-08 13:44:18.306 [INFO] Win32Emu.Emulator: [IGN_TEAS Loop] Iteration 11586: EIP 0x004124E4→0x004124E6, ESP=0x001FEF44, EBP=0x001FEFFC, EAX=0x00000000, EBX=0x00000053, ECX=0x001FEF78, EDX=0x00000053, ESI=0x00470014, EDI=0x00000000
2026-01-08 13:44:18.306 [INFO] Win32Emu.Emulator: [IGN_TEAS Loop] Iteration 11587: EIP 0x004124E6→0x004124ED, ESP=0x001FEF44, EBP=0x001FEFFC, EAX=0x00000000, EBX=0x00000053, ECX=0x001FEF78, EDX=0x00000053, ESI=0x00470014, EDI=0x00000000
2026-01-08 13:44:18.306 [INFO] Win32Emu.Emulator: [IGN_TEAS Loop] Iteration 11588: EIP 0x004124ED→0x004124EE, ESP=0x001FEF44, EBP=0x001FEFFC, EAX=0x00000000, EBX=0x00000053, ECX=0x001FEF78, EDX=0x00000053, ESI=0x00470015, EDI=0x00000000
2026-01-08 13:44:18.306 [INFO] Win32Emu.Emulator: [IGN_TEAS Loop] Iteration 11589: EIP 0x004124EE→0x004124F1, ESP=0x001FEF44, EBP=0x001FEFFC, EAX=0x00000000, EBX=0x00000053, ECX=0x001FEF78, EDX=0x00000053, ESI=0x00470015, EDI=0x00000000
2026-01-08 13:44:18.306 [INFO] Win32Emu.Emulator: [IGN_TEAS Loop] Iteration 11590: EIP 0x004124F1→0x004124C3, ESP=0x001FEF44, EBP=0x001FEFFC, EAX=0x00000000, EBX=0x00000053, ECX=0x001FEF78, EDX=0x00000053, ESI=0x00470015, EDI=0x00000000
2026-01-08 13:44:18.306 [INFO] Win32Emu.Emulator: [IGN_TEAS Loop] Iteration 11591: EIP 0x004124C3→0x004124C5, ESP=0x001FEF44, EBP=0x001FEFFC, EAX=0x00000000, EBX=0x0000002E, ECX=0x001FEF78, EDX=0x00000053, ESI=0x00470015, EDI=0x00000000
2026-01-08 13:44:18.306 [INFO] Win32Emu.Emulator: [IGN_TEAS Loop] Iteration 11592: EIP 0x004124C5→0x004124C7, ESP=0x001FEF44, EBP=0x001FEFFC, EAX=0x00000000, EBX=0x0000002E, ECX=0x001FEF78, EDX=0x00000053, ESI=0x00470015, EDI=0x00000000
2026-01-08 13:44:18.306 [INFO] Win32Emu.Emulator: [IGN_TEAS Loop] Iteration 11593: EIP 0x004124C7→0x004124C9, ESP=0x001FEF44, EBP=0x001FEFFC, EAX=0x00000000, EBX=0x0000002E, ECX=0x001FEF78, EDX=0x00000053, ESI=0x00470015, EDI=0x00000000
2026-01-08 13:44:18.306 [INFO] Win32Emu.Emulator: [IGN_TEAS Loop] Iteration 11594: EIP 0x004124C9→0x004124CB, ESP=0x001FEF44, EBP=0x001FEFFC, EAX=0x00000000, EBX=0x0000002E, ECX=0x001FEF78, EDX=0x00000000, ESI=0x00470015, EDI=0x00000000
2026-01-08 13:44:18.306 [INFO] Win32Emu.Emulator: [IGN_TEAS Loop] Iteration 11595: EIP 0x004124CB→0x004124CD, ESP=0x001FEF44, EBP=0x001FEFFC, EAX=0x00000000, EBX=0x0000002E, ECX=0x001FEF78, EDX=0x0000002E, ESI=0x00470015, EDI=0x00000000
2026-01-08 13:44:18.306 [INFO] Win32Emu.Emulator: [IGN_TEAS Loop] Iteration 11596: EIP 0x004124CD→0x004124D4, ESP=0x001FEF44, EBP=0x001FEFFC, EAX=0x00000000, EBX=0x0000002E, ECX=0x001FEF78, EDX=0x0000002E, ESI=0x00470015, EDI=0x00000000
2026-01-08 13:44:18.306 [INFO] Win32Emu.Emulator: [IGN_TEAS Loop] Iteration 11597: EIP 0x004124D4→0x004124E2, ESP=0x001FEF44, EBP=0x001FEFFC, EAX=0x00000000, EBX=0x0000002E, ECX=0x001FEF78, EDX=0x0000002E, ESI=0x00470015, EDI=0x00000000
2026-01-08 13:44:18.306 [INFO] Win32Emu.Emulator: [IGN_TEAS Loop] Iteration 11598: EIP 0x004124E2→0x004124E4, ESP=0x001FEF44, EBP=0x001FEFFC, EAX=0x00000000, EBX=0x0000002E, ECX=0x001FEF78, EDX=0x0000002E, ESI=0x00470015, EDI=0x00000000
2026-01-08 13:44:18.306 [INFO] Win32Emu.Emulator: [IGN_TEAS Loop] Iteration 11599: EIP 0x004124E4→0x004124E6, ESP=0x001FEF44, EBP=0x001FEFFC, EAX=0x00000000, EBX=0x0000002E, ECX=0x001FEF78, EDX=0x0000002E, ESI=0x00470015, EDI=0x00000000
2026-01-08 13:44:18.306 [INFO] Win32Emu.Emulator: [IGN_TEAS Loop] Iteration 11600: EIP 0x004124E6→0x004124ED, ESP=0x001FEF44, EBP=0x001FEFFC, EAX=0x00000000, EBX=0x0000002E, ECX=0x001FEF78, EDX=0x0000002E, ESI=0x00470015, EDI=0x00000000
2026-01-08 13:44:18.306 [INFO] Win32Emu.Emulator: [IGN_TEAS Loop] Iteration 11601: EIP 0x004124ED→0x004124EE, ESP=0x001FEF44, EBP=0x001FEFFC, EAX=0x00000000, EBX=0x0000002E, ECX=0x001FEF78, EDX=0x0000002E, ESI=0x00470016, EDI=0x00000000
2026-01-08 13:44:18.306 [INFO] Win32Emu.Emulator: [IGN_TEAS Loop] Iteration 11602: EIP 0x004124EE→0x004124F1, ESP=0x001FEF44, EBP=0x001FEFFC, EAX=0x00000000, EBX=0x0000002E, ECX=0x001FEF78, EDX=0x0000002E, ESI=0x00470016, EDI=0x00000000
2026-01-08 13:44:18.306 [INFO] Win32Emu.Emulator: [IGN_TEAS Loop] Iteration 11603: EIP 0x004124F1→0x004124C3, ESP=0x001FEF44, EBP=0x001FEFFC, EAX=0x00000000, EBX=0x0000002E, ECX=0x001FEF78, EDX=0x0000002E, ESI=0x00470016, EDI=0x00000000
2026-01-08 13:44:18.306 [INFO] Win32Emu.Emulator: [IGN_TEAS Loop] Iteration 11604: EIP 0x004124C3→0x004124C5, ESP=0x001FEF44, EBP=0x001FEFFC, EAX=0x00000000, EBX=0x00000045, ECX=0x001FEF78, EDX=0x0000002E, ESI=0x00470016, EDI=0x00000000
2026-01-08 13:44:18.306 [INFO] Win32Emu.Emulator: [IGN_TEAS Loop] Iteration 11605: EIP 0x004124C5→0x004124C7, ESP=0x001FEF44, EBP=0x001FEFFC, EAX=0x00000000, EBX=0x00000045, ECX=0x001FEF78, EDX=0x0000002E, ESI=0x00470016, EDI=0x00000000
2026-01-08 13:44:18.306 [INFO] Win32Emu.Emulator: [IGN_TEAS Loop] Iteration 11606: EIP 0x004124C7→0x004124C9, ESP=0x001FEF44, EBP=0x001FEFFC, EAX=0x00000000, EBX=0x00000045, ECX=0x001FEF78, EDX=0x0000002E, ESI=0x00470016, EDI=0x00000000
2026-01-08 13:44:18.306 [INFO] Win32Emu.Emulator: [IGN_TEAS Loop] Iteration 11607: EIP 0x004124C9→0x004124CB, ESP=0x001FEF44, EBP=0x001FEFFC, EAX=0x00000000, EBX=0x00000045, ECX=0x001FEF78, EDX=0x00000000, ESI=0x00470016, EDI=0x00000000
2026-01-08 13:44:18.306 [INFO] Win32Emu.Emulator: [IGN_TEAS Loop] Iteration 11608: EIP 0x004124CB→0x004124CD, ESP=0x001FEF44, EBP=0x001FEFFC, EAX=0x00000000, EBX=0x00000045, ECX=0x001FEF78, EDX=0x00000045, ESI=0x00470016, EDI=0x00000000
2026-01-08 13:44:18.307 [INFO] Win32Emu.Emulator: [IGN_TEAS Loop] Iteration 11609: EIP 0x004124CD→0x004124D4, ESP=0x001FEF44, EBP=0x001FEFFC, EAX=0x00000000, EBX=0x00000045, ECX=0x001FEF78, EDX=0x00000045, ESI=0x00470016, EDI=0x00000000
2026-01-08 13:44:18.307 [INFO] Win32Emu.Emulator: [IGN_TEAS Loop] Iteration 11610: EIP 0x004124D4→0x004124E2, ESP=0x001FEF44, EBP=0x001FEFFC, EAX=0x00000000, EBX=0x00000045, ECX=0x001FEF78, EDX=0x00000045, ESI=0x00470016, EDI=0x00000000
2026-01-08 13:44:18.307 [INFO] Win32Emu.Emulator: [IGN_TEAS Loop] Iteration 11611: EIP 0x004124E2→0x004124E4, ESP=0x001FEF44, EBP=0x001FEFFC, EAX=0x00000000, EBX=0x00000045, ECX=0x001FEF78, EDX=0x00000045, ESI=0x00470016, EDI=0x00000000
2026-01-08 13:44:18.307 [INFO] Win32Emu.Emulator: [IGN_TEAS Loop] Iteration 11612: EIP 0x004124E4→0x004124E6, ESP=0x001FEF44, EBP=0x001FEFFC, EAX=0x00000000, EBX=0x00000045, ECX=0x001FEF78, EDX=0x00000045, ESI=0x00470016, EDI=0x00000000
2026-01-08 13:44:18.307 [INFO] Win32Emu.Emulator: [IGN_TEAS Loop] Iteration 11613: EIP 0x004124E6→0x004124ED, ESP=0x001FEF44, EBP=0x001FEFFC, EAX=0x00000000, EBX=0x00000045, ECX=0x001FEF78, EDX=0x00000045, ESI=0x00470016, EDI=0x00000000
2026-01-08 13:44:18.307 [INFO] Win32Emu.Emulator: [IGN_TEAS Loop] Iteration 11614: EIP 0x004124ED→0x004124EE, ESP=0x001FEF44, EBP=0x001FEFFC, EAX=0x00000000, EBX=0x00000045, ECX=0x001FEF78, EDX=0x00000045, ESI=0x00470017, EDI=0x00000000
2026-01-08 13:44:18.307 [INFO] Win32Emu.Emulator: [IGN_TEAS Loop] Iteration 11615: EIP 0x004124EE→0x004124F1, ESP=0x001FEF44, EBP=0x001FEFFC, EAX=0x00000000, EBX=0x00000045, ECX=0x001FEF78, EDX=0x00000045, ESI=0x00470017, EDI=0x00000000
2026-01-08 13:44:18.307 [INFO] Win32Emu.Emulator: [IGN_TEAS Loop] Iteration 11616: EIP 0x004124F1→0x004124C3, ESP=0x001FEF44, EBP=0x001FEFFC, EAX=0x00000000, EBX=0x00000045, ECX=0x001FEF78, EDX=0x00000045, ESI=0x00470017, EDI=0x00000000
2026-01-08 13:44:18.307 [INFO] Win32Emu.Emulator: [IGN_TEAS Loop] Iteration 11617: EIP 0x004124C3→0x004124C5, ESP=0x001FEF44, EBP=0x001FEFFC, EAX=0x00000000, EBX=0x00000058, ECX=0x001FEF78, EDX=0x00000045, ESI=0x00470017, EDI=0x00000000
2026-01-08 13:44:18.307 [INFO] Win32Emu.Emulator: [IGN_TEAS Loop] Iteration 11618: EIP 0x004124C5→0x004124C7, ESP=0x001FEF44, EBP=0x001FEFFC, EAX=0x00000000, EBX=0x00000058, ECX=0x001FEF78, EDX=0x00000045, ESI=0x00470017, EDI=0x00000000
2026-01-08 13:44:18.307 [INFO] Win32Emu.Emulator: [IGN_TEAS Loop] Iteration 11619: EIP 0x004124C7→0x004124C9, ESP=0x001FEF44, EBP=0x001FEFFC, EAX=0x00000000, EBX=0x00000058, ECX=0x001FEF78, EDX=0x00000045, ESI=0x00470017, EDI=0x00000000
2026-01-08 13:44:18.307 [INFO] Win32Emu.Emulator: [IGN_TEAS Loop] Iteration 11620: EIP 0x004124C9→0x004124CB, ESP=0x001FEF44, EBP=0x001FEFFC, EAX=0x00000000, EBX=0x00000058, ECX=0x001FEF78, EDX=0x00000000, ESI=0x00470017, EDI=0x00000000
2026-01-08 13:44:18.307 [INFO] Win32Emu.Emulator: [IGN_TEAS Loop] Iteration 11621: EIP 0x004124CB→0x004124CD, ESP=0x001FEF44, EBP=0x001FEFFC, EAX=0x00000000, EBX=0x00000058, ECX=0x001FEF78, EDX=0x00000058, ESI=0x00470017, EDI=0x00000000
2026-01-08 13:44:18.307 [INFO] Win32Emu.Emulator: [IGN_TEAS Loop] Iteration 11622: EIP 0x004124CD→0x004124D4, ESP=0x001FEF44, EBP=0x001FEFFC, EAX=0x00000000, EBX=0x00000058, ECX=0x001FEF78, EDX=0x00000058, ESI=0x00470017, EDI=0x00000000
2026-01-08 13:44:18.307 [INFO] Win32Emu.Emulator: [IGN_TEAS Loop] Iteration 11623: EIP 0x004124D4→0x004124E2, ESP=0x001FEF44, EBP=0x001FEFFC, EAX=0x00000000, EBX=0x00000058, ECX=0x001FEF78, EDX=0x00000058, ESI=0x00470017, EDI=0x00000000
2026-01-08 13:44:18.307 [INFO] Win32Emu.Emulator: [IGN_TEAS Loop] Iteration 11624: EIP 0x004124E2→0x004124E4, ESP=0x001FEF44, EBP=0x001FEFFC, EAX=0x00000000, EBX=0x00000058, ECX=0x001FEF78, EDX=0x00000058, ESI=0x00470017, EDI=0x00000000
2026-01-08 13:44:18.307 [INFO] Win32Emu.Emulator: [IGN_TEAS Loop] Iteration 11625: EIP 0x004124E4→0x004124E6, ESP=0x001FEF44, EBP=0x001FEFFC, EAX=0x00000000, EBX=0x00000058, ECX=0x001FEF78, EDX=0x00000058, ESI=0x00470017, EDI=0x00000000
2026-01-08 13:44:18.307 [INFO] Win32Emu.Emulator: [IGN_TEAS Loop] Iteration 11626: EIP 0x004124E6→0x004124ED, ESP=0x001FEF44, EBP=0x001FEFFC, EAX=0x00000000, EBX=0x00000058, ECX=0x001FEF78, EDX=0x00000058, ESI=0x00470017, EDI=0x00000000
2026-01-08 13:44:18.307 [INFO] Win32Emu.Emulator: [IGN_TEAS Loop] Iteration 11627: EIP 0x004124ED→0x004124EE, ESP=0x001FEF44, EBP=0x001FEFFC, EAX=0x00000000, EBX=0x00000058, ECX=0x001FEF78, EDX=0x00000058, ESI=0x00470018, EDI=0x00000000
2026-01-08 13:44:18.307 [INFO] Win32Emu.Emulator: [IGN_TEAS Loop] Iteration 11628: EIP 0x004124EE→0x004124F1, ESP=0x001FEF44, EBP=0x001FEFFC, EAX=0x00000000, EBX=0x00000058, ECX=0x001FEF78, EDX=0x00000058, ESI=0x00470018, EDI=0x00000000
2026-01-08 13:44:18.307 [INFO] Win32Emu.Emulator: [IGN_TEAS Loop] Iteration 11629: EIP 0x004124F1→0x004124C3, ESP=0x001FEF44, EBP=0x001FEFFC, EAX=0x00000000, EBX=0x00000058, ECX=0x001FEF78, EDX=0x00000058, ESI=0x00470018, EDI=0x00000000
2026-01-08 13:44:18.307 [INFO] Win32Emu.Emulator: [IGN_TEAS Loop] Iteration 11630: EIP 0x004124C3→0x004124C5, ESP=0x001FEF44, EBP=0x001FEFFC, EAX=0x00000000, EBX=0x00000045, ECX=0x001FEF78, EDX=0x00000058, ESI=0x00470018, EDI=0x00000000
2026-01-08 13:44:18.307 [INFO] Win32Emu.Emulator: [IGN_TEAS Loop] Iteration 11631: EIP 0x004124C5→0x004124C7, ESP=0x001FEF44, EBP=0x001FEFFC, EAX=0x00000000, EBX=0x00000045, ECX=0x001FEF78, EDX=0x00000058, ESI=0x00470018, EDI=0x00000000
2026-01-08 13:44:18.307 [INFO] Win32Emu.Emulator: [IGN_TEAS Loop] Iteration 11632: EIP 0x004124C7→0x004124C9, ESP=0x001FEF44, EBP=0x001FEFFC, EAX=0x00000000, EBX=0x00000045, ECX=0x001FEF78, EDX=0x00000058, ESI=0x00470018, EDI=0x00000000
2026-01-08 13:44:18.307 [INFO] Win32Emu.Emulator: [IGN_TEAS Loop] Iteration 11633: EIP 0x004124C9→0x004124CB, ESP=0x001FEF44, EBP=0x001FEFFC, EAX=0x00000000, EBX=0x00000045, ECX=0x001FEF78, EDX=0x00000000, ESI=0x00470018, EDI=0x00000000
2026-01-08 13:44:18.307 [INFO] Win32Emu.Emulator: [IGN_TEAS Loop] Iteration 11634: EIP 0x004124CB→0x004124CD, ESP=0x001FEF44, EBP=0x001FEFFC, EAX=0x00000000, EBX=0x00000045, ECX=0x001FEF78, EDX=0x00000045, ESI=0x00470018, EDI=0x00000000
2026-01-08 13:44:18.307 [INFO] Win32Emu.Emulator: [IGN_TEAS Loop] Iteration 11635: EIP 0x004124CD→0x004124D4, ESP=0x001FEF44, EBP=0x001FEFFC, EAX=0x00000000, EBX=0x00000045, ECX=0x001FEF78, EDX=0x00000045, ESI=0x00470018, EDI=0x00000000
2026-01-08 13:44:18.307 [INFO] Win32Emu.Emulator: [IGN_TEAS Loop] Iteration 11636: EIP 0x004124D4→0x004124E2, ESP=0x001FEF44, EBP=0x001FEFFC, EAX=0x00000000, EBX=0x00000045, ECX=0x001FEF78, EDX=0x00000045, ESI=0x00470018, EDI=0x00000000
2026-01-08 13:44:18.307 [INFO] Win32Emu.Emulator: [IGN_TEAS Loop] Iteration 11637: EIP 0x004124E2→0x004124E4, ESP=0x001FEF44, EBP=0x001FEFFC, EAX=0x00000000, EBX=0x00000045, ECX=0x001FEF78, EDX=0x00000045, ESI=0x00470018, EDI=0x00000000
2026-01-08 13:44:18.307 [INFO] Win32Emu.Emulator: [IGN_TEAS Loop] Iteration 11638: EIP 0x004124E4→0x004124E6, ESP=0x001FEF44, EBP=0x001FEFFC, EAX=0x00000000, EBX=0x00000045, ECX=0x001FEF78, EDX=0x00000045, ESI=0x00470018, EDI=0x00000000
2026-01-08 13:44:18.307 [INFO] Win32Emu.Emulator: [IGN_TEAS Loop] Iteration 11639: EIP 0x004124E6→0x004124ED, ESP=0x001FEF44, EBP=0x001FEFFC, EAX=0x00000000, EBX=0x00000045, ECX=0x001FEF78, EDX=0x00000045, ESI=0x00470018, EDI=0x00000000
2026-01-08 13:44:18.307 [INFO] Win32Emu.Emulator: [IGN_TEAS Loop] Iteration 11640: EIP 0x004124ED→0x004124EE, ESP=0x001FEF44, EBP=0x001FEFFC, EAX=0x00000000, EBX=0x00000045, ECX=0x001FEF78, EDX=0x00000045, ESI=0x00470019, EDI=0x00000000
2026-01-08 13:44:18.308 [INFO] Win32Emu.Emulator: [IGN_TEAS Loop] Iteration 11641: EIP 0x004124EE→0x004124F1, ESP=0x001FEF44, EBP=0x001FEFFC, EAX=0x00000000, EBX=0x00000045, ECX=0x001FEF78, EDX=0x00000045, ESI=0x00470019, EDI=0x00000000
2026-01-08 13:44:18.308 [INFO] Win32Emu.Emulator: [IGN_TEAS Loop] Iteration 11642: EIP 0x004124F1→0x004124F3, ESP=0x001FEF44, EBP=0x001FEFFC, EAX=0x00000000, EBX=0x00000045, ECX=0x001FEF78, EDX=0x00000045, ESI=0x00470019, EDI=0x00000000
2026-01-08 13:44:18.308 [INFO] Win32Emu.Emulator: [IGN_TEAS Loop] Iteration 11643: EIP 0x004124F3→0x004124F5, ESP=0x001FEF44, EBP=0x001FEFFC, EAX=0x00000000, EBX=0x00000045, ECX=0x001FEF78, EDX=0x00000045, ESI=0x00470019, EDI=0x00000000
2026-01-08 13:44:18.308 [INFO] Win32Emu.Emulator: [IGN_TEAS Loop] Iteration 11644: EIP 0x004124F5→0x004124F7, ESP=0x001FEF44, EBP=0x001FEFFC, EAX=0x00000000, EBX=0x00000045, ECX=0x001FEF78, EDX=0x00000045, ESI=0x00470019, EDI=0x00000000
2026-01-08 13:44:18.308 [INFO] Win32Emu.Emulator: [IGN_TEAS Loop] Iteration 11645: EIP 0x004124F7→0x004124FD, ESP=0x001FEF44, EBP=0x001FEFFC, EAX=0x00000000, EBX=0x00000045, ECX=0x001FEF78, EDX=0x00000045, ESI=0x00470019, EDI=0x00000000
2026-01-08 13:44:18.308 [INFO] Win32Emu.Emulator: [IGN_TEAS Loop] Iteration 11646: EIP 0x004124FD→0x00412500, ESP=0x001FEF44, EBP=0x001FEFFC, EAX=0x00000000, EBX=0x00000045, ECX=0x001FEF78, EDX=0x00000045, ESI=0x00470019, EDI=0x00000000
2026-01-08 13:44:18.308 [INFO] Win32Emu.Emulator: [IGN_TEAS Loop] Iteration 11647: EIP 0x00412500→0x00412502, ESP=0x001FEF44, EBP=0x001FEFFC, EAX=0x00000000, EBX=0x00000045, ECX=0x001FEF78, EDX=0x00000045, ESI=0x00470019, EDI=0x00000000
2026-01-08 13:44:18.308 [INFO] Win32Emu.Emulator: [IGN_TEAS Loop] Iteration 11648: EIP 0x00412502→0x00412503, ESP=0x001FEF44, EBP=0x001FEFFC, EAX=0x00000000, EBX=0x00000045, ECX=0x001FEF78, EDX=0x00000045, ESI=0x0047001A, EDI=0x00000000
2026-01-08 13:44:18.308 [INFO] Win32Emu.Emulator: [IGN_TEAS Loop] Iteration 11649: EIP 0x00412503→0x00412505, ESP=0x001FEF44, EBP=0x001FEFFC, EAX=0x00000000, EBX=0x00000045, ECX=0x001FEF78, EDX=0x00000045, ESI=0x0047001A, EDI=0x00000000
2026-01-08 13:44:18.308 [INFO] Win32Emu.Emulator: [IGN_TEAS Loop] Iteration 11650: EIP 0x00412505→0x00412508, ESP=0x001FEF44, EBP=0x001FEFFC, EAX=0x00000000, EBX=0x00000045, ECX=0x001FEF78, EDX=0x00000045, ESI=0x0047001A, EDI=0x00000000
2026-01-08 13:44:18.308 [INFO] Win32Emu.Emulator: [IGN_TEAS Loop] Iteration 11651: EIP 0x00412508→0x004125F6, ESP=0x001FEF44, EBP=0x001FEFFC, EAX=0x00000000, EBX=0x00000045, ECX=0x001FEF78, EDX=0x00000045, ESI=0x0047001A, EDI=0x00000000
2026-01-08 13:44:18.308 [INFO] Win32Emu.Emulator: [IGN_TEAS Loop] Iteration 11652: EIP 0x004125F6→0x004125FB, ESP=0x001FEF44, EBP=0x001FEFFC, EAX=0x00000000, EBX=0x00000045, ECX=0x001FEF78, EDX=0x00000045, ESI=0x0047001A, EDI=0x00000000
2026-01-08 13:44:18.308 [INFO] Win32Emu.Emulator: [IGN_TEAS Loop] Iteration 11653: EIP 0x004125FB→0x00412607, ESP=0x001FEF44, EBP=0x001FEFFC, EAX=0x00000000, EBX=0x00000045, ECX=0x001FEF78, EDX=0x00000045, ESI=0x0047001A, EDI=0x00000000
2026-01-08 13:44:18.308 [INFO] Win32Emu.Emulator: [IGN_TEAS Loop] Iteration 11654: EIP 0x00412607→0x0041260B, ESP=0x001FEF44, EBP=0x001FEFFC, EAX=0x00000000, EBX=0x00000045, ECX=0x001FEF78, EDX=0x001FEF74, ESI=0x0047001A, EDI=0x00000000
2026-01-08 13:44:18.308 [INFO] Win32Emu.Emulator: [IGN_TEAS Loop] Iteration 11655: EIP 0x0041260B→0x0041260C, ESP=0x001FEF48, EBP=0x001FEFFC, EAX=0x00000000, EBX=0x00000045, ECX=0x001FEF78, EDX=0x001FEF74, ESI=0x0047001A, EDI=0x00000000
2026-01-08 13:44:18.308 [INFO] Win32Emu.Emulator: [IGN_TEAS Loop] Iteration 11656: EIP 0x0041260C→0x0041260D, ESP=0x001FEF4C, EBP=0x001FEFFC, EAX=0x00000000, EBX=0x00000045, ECX=0x001FEF78, EDX=0x001FEF74, ESI=0x0047001A, EDI=0x00000000
2026-01-08 13:44:18.308 [INFO] Win32Emu.Emulator: [IGN_TEAS Loop] Iteration 11657: EIP 0x0041260D→0x0041260E, ESP=0x001FEF50, EBP=0x001FEFFC, EAX=0x00000000, EBX=0x00000045, ECX=0x001FEF78, EDX=0x001FEF74, ESI=0x00470000, EDI=0x00000000
2026-01-08 13:44:18.308 [INFO] Win32Emu.Emulator: [IGN_TEAS Loop] Iteration 11658: EIP 0x0041260E→0x0041260F, ESP=0x001FEF54, EBP=0x001FEFFC, EAX=0x00000000, EBX=0x00000000, ECX=0x001FEF78, EDX=0x001FEF74, ESI=0x00470000, EDI=0x00000000
2026-01-08 13:44:18.308 [INFO] Win32Emu.Emulator: [IGN_TEAS Loop] Iteration 11659: EIP 0x0041260F→0x00412611, ESP=0x001FEF54, EBP=0x001FEFFC, EAX=0x00000000, EBX=0x00000000, ECX=0x001FEF78, EDX=0x001FEF74, ESI=0x00470000, EDI=0x00000000
2026-01-08 13:44:18.308 [INFO] Win32Emu.Emulator: [IGN_TEAS Loop] Iteration 11660: EIP 0x00412611→0x004123E2, ESP=0x001FEF58, EBP=0x001FEFFC, EAX=0x00000000, EBX=0x00000000, ECX=0x001FEF78, EDX=0x001FEF74, ESI=0x00470000, EDI=0x00000000
2026-01-08 13:44:18.308 [INFO] Win32Emu.Emulator: [IGN_TEAS Loop] Iteration 11661: EIP 0x004123E2→0x004123E6, ESP=0x001FEF58, EBP=0x001FEFFC, EAX=0x00000002, EBX=0x00000000, ECX=0x001FEF78, EDX=0x001FEF74, ESI=0x00470000, EDI=0x00000000
2026-01-08 13:44:18.308 [INFO] Win32Emu.Emulator: [IGN_TEAS Loop] Iteration 11662: EIP 0x004123E6→0x004123E9, ESP=0x001FEF6C, EBP=0x001FEFFC, EAX=0x00000002, EBX=0x00000000, ECX=0x001FEF78, EDX=0x001FEF74, ESI=0x00470000, EDI=0x00000000
2026-01-08 13:44:18.308 [INFO] Win32Emu.Emulator: [IGN_TEAS Loop] Iteration 11663: EIP 0x004123E9→0x004123EC, ESP=0x001FEF6C, EBP=0x001FEFFC, EAX=0x00000008, EBX=0x00000000, ECX=0x001FEF78, EDX=0x001FEF74, ESI=0x00470000, EDI=0x00000000
2026-01-08 13:44:18.308 [INFO] Win32Emu.Emulator: [IGN_TEAS Loop] Iteration 11664: EIP 0x004123EC→0x004123F0, ESP=0x001FEF6C, EBP=0x001FEFFC, EAX=0x00000021, EBX=0x00000000, ECX=0x001FEF78, EDX=0x001FEF74, ESI=0x00470000, EDI=0x00000000
2026-01-08 13:44:18.308 [INFO] Win32Emu.Emulator: [IGN_TEAS Loop] Iteration 11665: EIP 0x004123F0→0x004123F1, ESP=0x001FEF68, EBP=0x001FEFFC, EAX=0x00000021, EBX=0x00000000, ECX=0x001FEF78, EDX=0x001FEF74, ESI=0x00470000, EDI=0x00000000
2026-01-08 13:44:18.309 [INFO] Win32Emu.Emulator: [IGN_TEAS Loop] Iteration 11775: EIP 0x004111B3→0x004123F6, ESP=0x001FEF68, EBP=0x001FEFFC, EAX=0x00480350, EBX=0x00000000, ECX=0x004800F8, EDX=0x00000003, ESI=0x00470000, EDI=0x00000000
2026-01-08 13:44:18.309 [INFO] Win32Emu.Emulator: [IGN_TEAS Loop] Iteration 11776: EIP 0x004123F6→0x004123F9, ESP=0x001FEF6C, EBP=0x001FEFFC, EAX=0x00480350, EBX=0x00000000, ECX=0x004800F8, EDX=0x00000003, ESI=0x00470000, EDI=0x00000000
2026-01-08 13:44:18.309 [INFO] Win32Emu.Emulator: [IGN_TEAS Loop] Iteration 11777: EIP 0x004123F9→0x004123FB, ESP=0x001FEF6C, EBP=0x001FEFFC, EAX=0x00480350, EBX=0x00000000, ECX=0x004800F8, EDX=0x00000003, ESI=0x00470000, EDI=0x00480350
2026-01-08 13:44:18.309 [INFO] Win32Emu.Emulator: [IGN_TEAS Loop] Iteration 11778: EIP 0x004123FB→0x004123FD, ESP=0x001FEF6C, EBP=0x001FEFFC, EAX=0x00480350, EBX=0x00000000, ECX=0x004800F8, EDX=0x00000003, ESI=0x00470000, EDI=0x00480350
2026-01-08 13:44:18.309 [INFO] Win32Emu.Emulator: [IGN_TEAS Loop] Iteration 11779: EIP 0x004123FD→0x00412409, ESP=0x001FEF6C, EBP=0x001FEFFC, EAX=0x00480350, EBX=0x00000000, ECX=0x004800F8, EDX=0x00000003, ESI=0x00470000, EDI=0x00480350
2026-01-08 13:44:18.309 [INFO] Win32Emu.Emulator: [IGN_TEAS Loop] Iteration 11780: EIP 0x00412409→0x0041240D, ESP=0x001FEF6C, EBP=0x001FEFFC, EAX=0x001FEF78, EBX=0x00000000, ECX=0x004800F8, EDX=0x00000003, ESI=0x00470000, EDI=0x00480350
2026-01-08 13:44:18.309 [INFO] Win32Emu.Emulator: [IGN_TEAS Loop] Iteration 11781: EIP 0x0041240D→0x00412411, ESP=0x001FEF6C, EBP=0x001FEFFC, EAX=0x001FEF78, EBX=0x00000000, ECX=0x001FEF74, EDX=0x00000003, ESI=0x00470000, EDI=0x00480350
2026-01-08 13:44:18.309 [INFO] Win32Emu.Emulator: [IGN_TEAS Loop] Iteration 11782: EIP 0x00412411→0x00412415, ESP=0x001FEF6C, EBP=0x001FEFFC, EAX=0x001FEF78, EBX=0x00000000, ECX=0x001FEF74, EDX=0x00000002, ESI=0x00470000, EDI=0x00480350
2026-01-08 13:44:18.309 [INFO] Win32Emu.Emulator: [IGN_TEAS Loop] Iteration 11783: EIP 0x00412415→0x00412416, ESP=0x001FEF68, EBP=0x001FEFFC, EAX=0x001FEF78, EBX=0x00000000, ECX=0x001FEF74, EDX=0x00000002, ESI=0x00470000, EDI=0x00480350
2026-01-08 13:44:18.309 [INFO] Win32Emu.Emulator: [IGN_TEAS Loop] Iteration 11784: EIP 0x00412416→0x00412417, ESP=0x001FEF64, EBP=0x001FEFFC, EAX=0x001FEF78, EBX=0x00000000, ECX=0x001FEF74, EDX=0x00000002, ESI=0x00470000, EDI=0x00480350
2026-01-08 13:44:18.309 [INFO] Win32Emu.Emulator: [IGN_TEAS Loop] Iteration 11785: EIP 0x00412417→0x0041241A, ESP=0x001FEF64, EBP=0x001FEFFC, EAX=0x00480358, EBX=0x00000000, ECX=0x001FEF74, EDX=0x00000002, ESI=0x00470000, EDI=0x00480350
2026-01-08 13:44:18.309 [INFO] Win32Emu.Emulator: [IGN_TEAS Loop] Iteration 11786: EIP 0x0041241A→0x0041241B, ESP=0x001FEF60, EBP=0x001FEFFC, EAX=0x00480358, EBX=0x00000000, ECX=0x001FEF74, EDX=0x00000002, ESI=0x00470000, EDI=0x00480350
2026-01-08 13:44:18.309 [INFO] Win32Emu.Emulator: [IGN_TEAS Loop] Iteration 11787: EIP 0x0041241B→0x0041241C, ESP=0x001FEF5C, EBP=0x001FEFFC, EAX=0x00480358, EBX=0x00000000, ECX=0x001FEF74, EDX=0x00000002, ESI=0x00470000, EDI=0x00480350
2026-01-08 13:44:18.309 [INFO] Win32Emu.Emulator: [IGN_TEAS Loop] Iteration 11788: EIP 0x0041241C→0x0041241D, ESP=0x001FEF58, EBP=0x001FEFFC, EAX=0x00480358, EBX=0x00000000, ECX=0x001FEF74, EDX=0x00000002, ESI=0x00470000, EDI=0x00480350
2026-01-08 13:44:18.309 [INFO] Win32Emu.Emulator: [IGN_TEAS Loop] Iteration 11789: EIP 0x0041241D→0x00412440, ESP=0x001FEF54, EBP=0x001FEFFC, EAX=0x00480358, EBX=0x00000000, ECX=0x001FEF74, EDX=0x00000002, ESI=0x00470000, EDI=0x00480350
2026-01-08 13:44:18.309 [INFO] Win32Emu.Emulator: [IGN_TEAS Loop] Iteration 11790: EIP 0x00412440→0x00412444, ESP=0x001FEF54, EBP=0x001FEFFC, EAX=0x00480358, EBX=0x00000000, ECX=0x001FEF78, EDX=0x00000002, ESI=0x00470000, EDI=0x00480350
2026-01-08 13:44:18.309 [INFO] Win32Emu.Emulator: [IGN_TEAS Loop] Iteration 11791: EIP 0x00412444→0x00412445, ESP=0x001FEF50, EBP=0x001FEFFC, EAX=0x00480358, EBX=0x00000000, ECX=0x001FEF78, EDX=0x00000002, ESI=0x00470000, EDI=0x00480350
2026-01-08 13:44:18.309 [INFO] Win32Emu.Emulator: [IGN_TEAS Loop] Iteration 11792: EIP 0x00412445→0x00412449, ESP=0x001FEF50, EBP=0x001FEFFC, EAX=0x00480358, EBX=0x00000000, ECX=0x001FEF78, EDX=0x001FEF74, ESI=0x00470000, EDI=0x00480350
2026-01-08 13:44:18.309 [INFO] Win32Emu.Emulator: [IGN_TEAS Loop] Iteration 11793: EIP 0x00412449→0x0041244A, ESP=0x001FEF4C, EBP=0x001FEFFC, EAX=0x00480358, EBX=0x00000000, ECX=0x001FEF78, EDX=0x001FEF74, ESI=0x00470000, EDI=0x00480350
2026-01-08 13:44:18.309 [INFO] Win32Emu.Emulator: [IGN_TEAS Loop] Iteration 11794: EIP 0x0041244A→0x0041244E, ESP=0x001FEF4C, EBP=0x001FEFFC, EAX=0x00480358, EBX=0x00000000, ECX=0x001FEF78, EDX=0x001FEF74, ESI=0x00470000, EDI=0x00480350
2026-01-08 13:44:18.309 [INFO] Win32Emu.Emulator: [IGN_TEAS Loop] Iteration 11795: EIP 0x0041244E→0x0041244F, ESP=0x001FEF48, EBP=0x001FEFFC, EAX=0x00480358, EBX=0x00000000, ECX=0x001FEF78, EDX=0x001FEF74, ESI=0x00470000, EDI=0x00480350
2026-01-08 13:44:18.309 [INFO] Win32Emu.Emulator: [IGN_TEAS Loop] Iteration 11796: EIP 0x0041244F→0x00412453, ESP=0x001FEF48, EBP=0x001FEFFC, EAX=0x00480358, EBX=0x00000000, ECX=0x001FEF78, EDX=0x001FEF74, ESI=0x00470000, EDI=0x00480350
2026-01-08 13:44:18.309 [INFO] Win32Emu.Emulator: [IGN_TEAS Loop] Iteration 11797: EIP 0x00412453→0x00412454, ESP=0x001FEF44, EBP=0x001FEFFC, EAX=0x00480358, EBX=0x00000000, ECX=0x001FEF78, EDX=0x001FEF74, ESI=0x00470000, EDI=0x00480350
2026-01-08 13:44:18.309 [INFO] Win32Emu.Emulator: [IGN_TEAS Loop] Iteration 11798: EIP 0x00412454→0x00412459, ESP=0x001FEF44, EBP=0x001FEFFC, EAX=0x00480358, EBX=0x00000000, ECX=0x001FEF78, EDX=0x001FEF74, ESI=0x00470000, EDI=0x00480350
2026-01-08 13:44:18.309 [INFO] Win32Emu.Emulator: [IGN_TEAS Loop] Iteration 11799: EIP 0x00412459→0x0041245F, ESP=0x001FEF44, EBP=0x001FEFFC, EAX=0x00480358, EBX=0x00000000, ECX=0x001FEF78, EDX=0x001FEF74, ESI=0x00470000, EDI=0x00480350
2026-01-08 13:44:18.309 [INFO] Win32Emu.Emulator: [IGN_TEAS Loop] Iteration 11800: EIP 0x0041245F→0x00412465, ESP=0x001FEF44, EBP=0x001FEFFC, EAX=0x00480358, EBX=0x00000000, ECX=0x001FEF78, EDX=0x001FEF74, ESI=0x00470000, EDI=0x00480350
2026-01-08 13:44:18.309 [INFO] Win32Emu.Emulator: [IGN_TEAS Loop] Iteration 11801: EIP 0x00412465→0x00412467, ESP=0x001FEF44, EBP=0x001FEFFC, EAX=0x00480358, EBX=0x00000000, ECX=0x001FEF78, EDX=0x001FEF74, ESI=0x00470000, EDI=0x00480350
2026-01-08 13:44:18.309 [INFO] Win32Emu.Emulator: [IGN_TEAS Loop] Iteration 11802: EIP 0x00412467→0x0041246B, ESP=0x001FEF44, EBP=0x001FEFFC, EAX=0x00480358, EBX=0x00000000, ECX=0x001FEF78, EDX=0x00480350, ESI=0x00470000, EDI=0x00480350
2026-01-08 13:44:18.309 [INFO] Win32Emu.Emulator: [IGN_TEAS Loop] Iteration 11803: EIP 0x0041246B→0x00412470, ESP=0x001FEF44, EBP=0x001FEFFC, EAX=0x00480358, EBX=0x00000000, ECX=0x001FEF78, EDX=0x00480350, ESI=0x00470000, EDI=0x00480350
2026-01-08 13:44:18.309 [INFO] Win32Emu.Emulator: [IGN_TEAS Loop] Iteration 11804: EIP 0x00412470→0x00412472, ESP=0x001FEF44, EBP=0x001FEFFC, EAX=0x00480358, EBX=0x00000000, ECX=0x001FEF78, EDX=0x00480350, ESI=0x00470000, EDI=0x00480350
2026-01-08 13:44:18.309 [INFO] Win32Emu.Emulator: [IGN_TEAS Loop] Iteration 11805: EIP 0x00412472→0x00412475, ESP=0x001FEF44, EBP=0x001FEFFC, EAX=0x00480358, EBX=0x00000000, ECX=0x001FEF78, EDX=0x00480350, ESI=0x00470000, EDI=0x00480350
2026-01-08 13:44:18.310 [INFO] Win32Emu.Emulator: [IGN_TEAS Loop] Iteration 11806: EIP 0x00412475→0x004124BD, ESP=0x001FEF44, EBP=0x001FEFFC, EAX=0x00480358, EBX=0x00000000, ECX=0x001FEF78, EDX=0x00480350, ESI=0x00470000, EDI=0x00480350
2026-01-08 13:44:18.310 [INFO] Win32Emu.Emulator: [IGN_TEAS Loop] Iteration 11807: EIP 0x004124BD→0x004124BE, ESP=0x001FEF44, EBP=0x001FEFFC, EAX=0x00480358, EBX=0x00000000, ECX=0x001FEF78, EDX=0x00480350, ESI=0x00470001, EDI=0x00480350
2026-01-08 13:44:18.310 [INFO] Win32Emu.Emulator: [IGN_TEAS Loop] Iteration 11808: EIP 0x004124BE→0x004124C1, ESP=0x001FEF44, EBP=0x001FEFFC, EAX=0x00480358, EBX=0x00000000, ECX=0x001FEF78, EDX=0x00480350, ESI=0x00470001, EDI=0x00480350
2026-01-08 13:44:18.310 [INFO] Win32Emu.Emulator: [IGN_TEAS Loop] Iteration 11809: EIP 0x004124C1→0x004124C3, ESP=0x001FEF44, EBP=0x001FEFFC, EAX=0x00480358, EBX=0x00000000, ECX=0x001FEF78, EDX=0x00480350, ESI=0x00470001, EDI=0x00480350
2026-01-08 13:44:18.310 [INFO] Win32Emu.Emulator: [IGN_TEAS Loop] Iteration 11810: EIP 0x004124C3→0x004124C5, ESP=0x001FEF44, EBP=0x001FEFFC, EAX=0x00480358, EBX=0x00000043, ECX=0x001FEF78, EDX=0x00480350, ESI=0x00470001, EDI=0x00480350
2026-01-08 13:44:18.310 [INFO] Win32Emu.Emulator: [IGN_TEAS Loop] Iteration 11811: EIP 0x004124C5→0x004124C7, ESP=0x001FEF44, EBP=0x001FEFFC, EAX=0x00480358, EBX=0x00000043, ECX=0x001FEF78, EDX=0x00480350, ESI=0x00470001, EDI=0x00480350
2026-01-08 13:44:18.310 [INFO] Win32Emu.Emulator: [IGN_TEAS Loop] Iteration 11812: EIP 0x004124C7→0x004124C9, ESP=0x001FEF44, EBP=0x001FEFFC, EAX=0x00480358, EBX=0x00000043, ECX=0x001FEF78, EDX=0x00480350, ESI=0x00470001, EDI=0x00480350
2026-01-08 13:44:18.310 [INFO] Win32Emu.Emulator: [IGN_TEAS Loop] Iteration 11813: EIP 0x004124C9→0x004124CB, ESP=0x001FEF44, EBP=0x001FEFFC, EAX=0x00480358, EBX=0x00000043, ECX=0x001FEF78, EDX=0x00000000, ESI=0x00470001, EDI=0x00480350
2026-01-08 13:44:18.310 [INFO] Win32Emu.Emulator: [IGN_TEAS Loop] Iteration 11814: EIP 0x004124CB→0x004124CD, ESP=0x001FEF44, EBP=0x001FEFFC, EAX=0x00480358, EBX=0x00000043, ECX=0x001FEF78, EDX=0x00000043, ESI=0x00470001, EDI=0x00480350
2026-01-08 13:44:18.310 [INFO] Win32Emu.Emulator: [IGN_TEAS Loop] Iteration 11815: EIP 0x004124CD→0x004124D4, ESP=0x001FEF44, EBP=0x001FEFFC, EAX=0x00480358, EBX=0x00000043, ECX=0x001FEF78, EDX=0x00000043, ESI=0x00470001, EDI=0x00480350
2026-01-08 13:44:18.310 [INFO] Win32Emu.Emulator: [IGN_TEAS Loop] Iteration 11816: EIP 0x004124D4→0x004124E2, ESP=0x001FEF44, EBP=0x001FEFFC, EAX=0x00480358, EBX=0x00000043, ECX=0x001FEF78, EDX=0x00000043, ESI=0x00470001, EDI=0x00480350
2026-01-08 13:44:18.310 [INFO] Win32Emu.Emulator: [IGN_TEAS Loop] Iteration 11817: EIP 0x004124E2→0x004124E4, ESP=0x001FEF44, EBP=0x001FEFFC, EAX=0x00480358, EBX=0x00000043, ECX=0x001FEF78, EDX=0x00000043, ESI=0x00470001, EDI=0x00480350
2026-01-08 13:44:18.310 [INFO] Win32Emu.Emulator: [IGN_TEAS Loop] Iteration 11818: EIP 0x004124E4→0x004124E6, ESP=0x001FEF44, EBP=0x001FEFFC, EAX=0x00480358, EBX=0x00000043, ECX=0x001FEF78, EDX=0x00000043, ESI=0x00470001, EDI=0x00480350
2026-01-08 13:44:18.310 [INFO] Win32Emu.Emulator: [IGN_TEAS Loop] Iteration 11819: EIP 0x004124E6→0x004124E8, ESP=0x001FEF44, EBP=0x001FEFFC, EAX=0x00480358, EBX=0x00000043, ECX=0x001FEF78, EDX=0x00000043, ESI=0x00470001, EDI=0x00480350
2026-01-08 13:44:18.310 [INFO] Win32Emu.Emulator: [IGN_TEAS Loop] Iteration 11820: EIP 0x004124E8→0x004124EA, ESP=0x001FEF44, EBP=0x001FEFFC, EAX=0x00480358, EBX=0x00000043, ECX=0x001FEF78, EDX=0x00000043, ESI=0x00470001, EDI=0x00480350
2026-01-08 13:44:18.310 [INFO] Win32Emu.Emulator: [IGN_TEAS Loop] Iteration 11821: EIP 0x004124EA→0x004124EC, ESP=0x001FEF44, EBP=0x001FEFFC, EAX=0x00480358, EBX=0x00000043, ECX=0x001FEF78, EDX=0x00000043, ESI=0x00470001, EDI=0x00480350
2026-01-08 13:44:18.310 [INFO] Win32Emu.Emulator: [IGN_TEAS Loop] Iteration 11822: EIP 0x004124EC→0x004124ED, ESP=0x001FEF44, EBP=0x001FEFFC, EAX=0x00480359, EBX=0x00000043, ECX=0x001FEF78, EDX=0x00000043, ESI=0x00470001, EDI=0x00480350
2026-01-08 13:44:18.310 [INFO] Win32Emu.Emulator: [IGN_TEAS Loop] Iteration 11823: EIP 0x004124ED→0x004124EE, ESP=0x001FEF44, EBP=0x001FEFFC, EAX=0x00480359, EBX=0x00000043, ECX=0x001FEF78, EDX=0x00000043, ESI=0x00470002, EDI=0x00480350
2026-01-08 13:44:18.310 [INFO] Win32Emu.Emulator: [IGN_TEAS Loop] Iteration 11824: EIP 0x004124EE→0x004124F1, ESP=0x001FEF44, EBP=0x001FEFFC, EAX=0x00480359, EBX=0x00000043, ECX=0x001FEF78, EDX=0x00000043, ESI=0x00470002, EDI=0x00480350
2026-01-08 13:44:18.310 [INFO] Win32Emu.Emulator: [IGN_TEAS Loop] Iteration 11825: EIP 0x004124F1→0x004124C3, ESP=0x001FEF44, EBP=0x001FEFFC, EAX=0x00480359, EBX=0x00000043, ECX=0x001FEF78, EDX=0x00000043, ESI=0x00470002, EDI=0x00480350
2026-01-08 13:44:18.310 [INFO] Win32Emu.Emulator: [IGN_TEAS Loop] Iteration 11826: EIP 0x004124C3→0x004124C5, ESP=0x001FEF44, EBP=0x001FEFFC, EAX=0x00480359, EBX=0x0000003A, ECX=0x001FEF78, EDX=0x00000043, ESI=0x00470002, EDI=0x00480350
2026-01-08 13:44:18.310 [INFO] Win32Emu.Emulator: [IGN_TEAS Loop] Iteration 11827: EIP 0x004124C5→0x004124C7, ESP=0x001FEF44, EBP=0x001FEFFC, EAX=0x00480359, EBX=0x0000003A, ECX=0x001FEF78, EDX=0x00000043, ESI=0x00470002, EDI=0x00480350
2026-01-08 13:44:18.310 [INFO] Win32Emu.Emulator: [IGN_TEAS Loop] Iteration 11828: EIP 0x004124C7→0x004124C9, ESP=0x001FEF44, EBP=0x001FEFFC, EAX=0x00480359, EBX=0x0000003A, ECX=0x001FEF78, EDX=0x00000043, ESI=0x00470002, EDI=0x00480350
2026-01-08 13:44:18.310 [INFO] Win32Emu.Emulator: [IGN_TEAS Loop] Iteration 11829: EIP 0x004124C9→0x004124CB, ESP=0x001FEF44, EBP=0x001FEFFC, EAX=0x00480359, EBX=0x0000003A, ECX=0x001FEF78, EDX=0x00000000, ESI=0x00470002, EDI=0x00480350
2026-01-08 13:44:18.310 [INFO] Win32Emu.Emulator: [IGN_TEAS Loop] Iteration 11830: EIP 0x004124CB→0x004124CD, ESP=0x001FEF44, EBP=0x001FEFFC, EAX=0x00480359, EBX=0x0000003A, ECX=0x001FEF78, EDX=0x0000003A, ESI=0x00470002, EDI=0x00480350
2026-01-08 13:44:18.310 [INFO] Win32Emu.Emulator: [IGN_TEAS Loop] Iteration 11831: EIP 0x004124CD→0x004124D4, ESP=0x001FEF44, EBP=0x001FEFFC, EAX=0x00480359, EBX=0x0000003A, ECX=0x001FEF78, EDX=0x0000003A, ESI=0x00470002, EDI=0x00480350
2026-01-08 13:44:18.310 [INFO] Win32Emu.Emulator: [IGN_TEAS Loop] Iteration 11832: EIP 0x004124D4→0x004124E2, ESP=0x001FEF44, EBP=0x001FEFFC, EAX=0x00480359, EBX=0x0000003A, ECX=0x001FEF78, EDX=0x0000003A, ESI=0x00470002, EDI=0x00480350
2026-01-08 13:44:18.310 [INFO] Win32Emu.Emulator: [IGN_TEAS Loop] Iteration 11833: EIP 0x004124E2→0x004124E4, ESP=0x001FEF44, EBP=0x001FEFFC, EAX=0x00480359, EBX=0x0000003A, ECX=0x001FEF78, EDX=0x0000003A, ESI=0x00470002, EDI=0x00480350
2026-01-08 13:44:18.310 [INFO] Win32Emu.Emulator: [IGN_TEAS Loop] Iteration 11834: EIP 0x004124E4→0x004124E6, ESP=0x001FEF44, EBP=0x001FEFFC, EAX=0x00480359, EBX=0x0000003A, ECX=0x001FEF78, EDX=0x0000003A, ESI=0x00470002, EDI=0x00480350
2026-01-08 13:44:18.310 [INFO] Win32Emu.Emulator: [IGN_TEAS Loop] Iteration 11835: EIP 0x004124E6→0x004124E8, ESP=0x001FEF44, EBP=0x001FEFFC, EAX=0x00480359, EBX=0x0000003A, ECX=0x001FEF78, EDX=0x0000003A, ESI=0x00470002, EDI=0x00480350
2026-01-08 13:44:18.310 [INFO] Win32Emu.Emulator: [IGN_TEAS Loop] Iteration 11836: EIP 0x004124E8→0x004124EA, ESP=0x001FEF44, EBP=0x001FEFFC, EAX=0x00480359, EBX=0x0000003A, ECX=0x001FEF78, EDX=0x0000003A, ESI=0x00470002, EDI=0x00480350
2026-01-08 13:44:18.310 [INFO] Win32Emu.Emulator: [IGN_TEAS Loop] Iteration 11837: EIP 0x004124EA→0x004124EC, ESP=0x001FEF44, EBP=0x001FEFFC, EAX=0x00480359, EBX=0x0000003A, ECX=0x001FEF78, EDX=0x0000003A, ESI=0x00470002, EDI=0x00480350
2026-01-08 13:44:18.311 [INFO] Win32Emu.Emulator: [IGN_TEAS Loop] Iteration 11838: EIP 0x004124EC→0x004124ED, ESP=0x001FEF44, EBP=0x001FEFFC, EAX=0x0048035A, EBX=0x0000003A, ECX=0x001FEF78, EDX=0x0000003A, ESI=0x00470002, EDI=0x00480350
2026-01-08 13:44:18.311 [INFO] Win32Emu.Emulator: [IGN_TEAS Loop] Iteration 11839: EIP 0x004124ED→0x004124EE, ESP=0x001FEF44, EBP=0x001FEFFC, EAX=0x0048035A, EBX=0x0000003A, ECX=0x001FEF78, EDX=0x0000003A, ESI=0x00470003, EDI=0x00480350
2026-01-08 13:44:18.311 [INFO] Win32Emu.Emulator: [IGN_TEAS Loop] Iteration 11840: EIP 0x004124EE→0x004124F1, ESP=0x001FEF44, EBP=0x001FEFFC, EAX=0x0048035A, EBX=0x0000003A, ECX=0x001FEF78, EDX=0x0000003A, ESI=0x00470003, EDI=0x00480350
2026-01-08 13:44:18.311 [INFO] Win32Emu.Emulator: [IGN_TEAS Loop] Iteration 11841: EIP 0x004124F1→0x004124C3, ESP=0x001FEF44, EBP=0x001FEFFC, EAX=0x0048035A, EBX=0x0000003A, ECX=0x001FEF78, EDX=0x0000003A, ESI=0x00470003, EDI=0x00480350
2026-01-08 13:44:18.311 [INFO] Win32Emu.Emulator: [IGN_TEAS Loop] Iteration 11842: EIP 0x004124C3→0x004124C5, ESP=0x001FEF44, EBP=0x001FEFFC, EAX=0x0048035A, EBX=0x0000005C, ECX=0x001FEF78, EDX=0x0000003A, ESI=0x00470003, EDI=0x00480350
2026-01-08 13:44:18.311 [INFO] Win32Emu.Emulator: [IGN_TEAS Loop] Iteration 11843: EIP 0x004124C5→0x004124C7, ESP=0x001FEF44, EBP=0x001FEFFC, EAX=0x0048035A, EBX=0x0000005C, ECX=0x001FEF78, EDX=0x0000003A, ESI=0x00470003, EDI=0x00480350
2026-01-08 13:44:18.311 [INFO] Win32Emu.Emulator: [IGN_TEAS Loop] Iteration 11844: EIP 0x004124C7→0x004124C9, ESP=0x001FEF44, EBP=0x001FEFFC, EAX=0x0048035A, EBX=0x0000005C, ECX=0x001FEF78, EDX=0x0000003A, ESI=0x00470003, EDI=0x00480350
2026-01-08 13:44:18.311 [INFO] Win32Emu.Emulator: [IGN_TEAS Loop] Iteration 11845: EIP 0x004124C9→0x004124CB, ESP=0x001FEF44, EBP=0x001FEFFC, EAX=0x0048035A, EBX=0x0000005C, ECX=0x001FEF78, EDX=0x00000000, ESI=0x00470003, EDI=0x00480350
2026-01-08 13:44:18.311 [INFO] Win32Emu.Emulator: [IGN_TEAS Loop] Iteration 11846: EIP 0x004124CB→0x004124CD, ESP=0x001FEF44, EBP=0x001FEFFC, EAX=0x0048035A, EBX=0x0000005C, ECX=0x001FEF78, EDX=0x0000005C, ESI=0x00470003, EDI=0x00480350
2026-01-08 13:44:18.311 [INFO] Win32Emu.Emulator: [IGN_TEAS Loop] Iteration 11847: EIP 0x004124CD→0x004124D4, ESP=0x001FEF44, EBP=0x001FEFFC, EAX=0x0048035A, EBX=0x0000005C, ECX=0x001FEF78, EDX=0x0000005C, ESI=0x00470003, EDI=0x00480350
2026-01-08 13:44:18.311 [INFO] Win32Emu.Emulator: [IGN_TEAS Loop] Iteration 11848: EIP 0x004124D4→0x004124E2, ESP=0x001FEF44, EBP=0x001FEFFC, EAX=0x0048035A, EBX=0x0000005C, ECX=0x001FEF78, EDX=0x0000005C, ESI=0x00470003, EDI=0x00480350
2026-01-08 13:44:18.311 [INFO] Win32Emu.Emulator: [IGN_TEAS Loop] Iteration 11849: EIP 0x004124E2→0x004124E4, ESP=0x001FEF44, EBP=0x001FEFFC, EAX=0x0048035A, EBX=0x0000005C, ECX=0x001FEF78, EDX=0x0000005C, ESI=0x00470003, EDI=0x00480350
2026-01-08 13:44:18.311 [INFO] Win32Emu.Emulator: [IGN_TEAS Loop] Iteration 11850: EIP 0x004124E4→0x004124E6, ESP=0x001FEF44, EBP=0x001FEFFC, EAX=0x0048035A, EBX=0x0000005C, ECX=0x001FEF78, EDX=0x0000005C, ESI=0x00470003, EDI=0x00480350
2026-01-08 13:44:18.311 [INFO] Win32Emu.Emulator: [IGN_TEAS Loop] Iteration 11851: EIP 0x004124E6→0x004124E8, ESP=0x001FEF44, EBP=0x001FEFFC, EAX=0x0048035A, EBX=0x0000005C, ECX=0x001FEF78, EDX=0x0000005C, ESI=0x00470003, EDI=0x00480350
2026-01-08 13:44:18.311 [INFO] Win32Emu.Emulator: [IGN_TEAS Loop] Iteration 11852: EIP 0x004124E8→0x004124EA, ESP=0x001FEF44, EBP=0x001FEFFC, EAX=0x0048035A, EBX=0x0000005C, ECX=0x001FEF78, EDX=0x0000005C, ESI=0x00470003, EDI=0x00480350
2026-01-08 13:44:18.311 [INFO] Win32Emu.Emulator: [IGN_TEAS Loop] Iteration 11853: EIP 0x004124EA→0x004124EC, ESP=0x001FEF44, EBP=0x001FEFFC, EAX=0x0048035A, EBX=0x0000005C, ECX=0x001FEF78, EDX=0x0000005C, ESI=0x00470003, EDI=0x00480350
2026-01-08 13:44:18.311 [INFO] Win32Emu.Emulator: [IGN_TEAS Loop] Iteration 11854: EIP 0x004124EC→0x004124ED, ESP=0x001FEF44, EBP=0x001FEFFC, EAX=0x0048035B, EBX=0x0000005C, ECX=0x001FEF78, EDX=0x0000005C, ESI=0x00470003, EDI=0x00480350
2026-01-08 13:44:18.311 [INFO] Win32Emu.Emulator: [IGN_TEAS Loop] Iteration 11855: EIP 0x004124ED→0x004124EE, ESP=0x001FEF44, EBP=0x001FEFFC, EAX=0x0048035B, EBX=0x0000005C, ECX=0x001FEF78, EDX=0x0000005C, ESI=0x00470004, EDI=0x00480350
2026-01-08 13:44:18.311 [INFO] Win32Emu.Emulator: [IGN_TEAS Loop] Iteration 11856: EIP 0x004124EE→0x004124F1, ESP=0x001FEF44, EBP=0x001FEFFC, EAX=0x0048035B, EBX=0x0000005C, ECX=0x001FEF78, EDX=0x0000005C, ESI=0x00470004, EDI=0x00480350
2026-01-08 13:44:18.311 [INFO] Win32Emu.Emulator: [IGN_TEAS Loop] Iteration 11857: EIP 0x004124F1→0x004124C3, ESP=0x001FEF44, EBP=0x001FEFFC, EAX=0x0048035B, EBX=0x0000005C, ECX=0x001FEF78, EDX=0x0000005C, ESI=0x00470004, EDI=0x00480350
2026-01-08 13:44:18.311 [INFO] Win32Emu.Emulator: [IGN_TEAS Loop] Iteration 11858: EIP 0x004124C3→0x004124C5, ESP=0x001FEF44, EBP=0x001FEFFC, EAX=0x0048035B, EBX=0x00000069, ECX=0x001FEF78, EDX=0x0000005C, ESI=0x00470004, EDI=0x00480350
2026-01-08 13:44:18.311 [INFO] Win32Emu.Emulator: [IGN_TEAS Loop] Iteration 11859: EIP 0x004124C5→0x004124C7, ESP=0x001FEF44, EBP=0x001FEFFC, EAX=0x0048035B, EBX=0x00000069, ECX=0x001FEF78, EDX=0x0000005C, ESI=0x00470004, EDI=0x00480350
2026-01-08 13:44:18.311 [INFO] Win32Emu.Emulator: [IGN_TEAS Loop] Iteration 11860: EIP 0x004124C7→0x004124C9, ESP=0x001FEF44, EBP=0x001FEFFC, EAX=0x0048035B, EBX=0x00000069, ECX=0x001FEF78, EDX=0x0000005C, ESI=0x00470004, EDI=0x00480350
2026-01-08 13:44:18.311 [INFO] Win32Emu.Emulator: [IGN_TEAS Loop] Iteration 11861: EIP 0x004124C9→0x004124CB, ESP=0x001FEF44, EBP=0x001FEFFC, EAX=0x0048035B, EBX=0x00000069, ECX=0x001FEF78, EDX=0x00000000, ESI=0x00470004, EDI=0x00480350
2026-01-08 13:44:18.311 [INFO] Win32Emu.Emulator: [IGN_TEAS Loop] Iteration 11862: EIP 0x004124CB→0x004124CD, ESP=0x001FEF44, EBP=0x001FEFFC, EAX=0x0048035B, EBX=0x00000069, ECX=0x001FEF78, EDX=0x00000069, ESI=0x00470004, EDI=0x00480350
2026-01-08 13:44:18.311 [INFO] Win32Emu.Emulator: [IGN_TEAS Loop] Iteration 11863: EIP 0x004124CD→0x004124D4, ESP=0x001FEF44, EBP=0x001FEFFC, EAX=0x0048035B, EBX=0x00000069, ECX=0x001FEF78, EDX=0x00000069, ESI=0x00470004, EDI=0x00480350
2026-01-08 13:44:18.311 [INFO] Win32Emu.Emulator: [IGN_TEAS Loop] Iteration 11864: EIP 0x004124D4→0x004124E2, ESP=0x001FEF44, EBP=0x001FEFFC, EAX=0x0048035B, EBX=0x00000069, ECX=0x001FEF78, EDX=0x00000069, ESI=0x00470004, EDI=0x00480350
2026-01-08 13:44:18.311 [INFO] Win32Emu.Emulator: [IGN_TEAS Loop] Iteration 11865: EIP 0x004124E2→0x004124E4, ESP=0x001FEF44, EBP=0x001FEFFC, EAX=0x0048035B, EBX=0x00000069, ECX=0x001FEF78, EDX=0x00000069, ESI=0x00470004, EDI=0x00480350
2026-01-08 13:44:18.311 [INFO] Win32Emu.Emulator: [IGN_TEAS Loop] Iteration 11866: EIP 0x004124E4→0x004124E6, ESP=0x001FEF44, EBP=0x001FEFFC, EAX=0x0048035B, EBX=0x00000069, ECX=0x001FEF78, EDX=0x00000069, ESI=0x00470004, EDI=0x00480350
2026-01-08 13:44:18.311 [INFO] Win32Emu.Emulator: [IGN_TEAS Loop] Iteration 11867: EIP 0x004124E6→0x004124E8, ESP=0x001FEF44, EBP=0x001FEFFC, EAX=0x0048035B, EBX=0x00000069, ECX=0x001FEF78, EDX=0x00000069, ESI=0x00470004, EDI=0x00480350
2026-01-08 13:44:18.311 [INFO] Win32Emu.Emulator: [IGN_TEAS Loop] Iteration 11868: EIP 0x004124E8→0x004124EA, ESP=0x001FEF44, EBP=0x001FEFFC, EAX=0x0048035B, EBX=0x00000069, ECX=0x001FEF78, EDX=0x00000069, ESI=0x00470004, EDI=0x00480350
2026-01-08 13:44:18.311 [INFO] Win32Emu.Emulator: [IGN_TEAS Loop] Iteration 11869: EIP 0x004124EA→0x004124EC, ESP=0x001FEF44, EBP=0x001FEFFC, EAX=0x0048035B, EBX=0x00000069, ECX=0x001FEF78, EDX=0x00000069, ESI=0x00470004, EDI=0x00480350
2026-01-08 13:44:18.311 [INFO] Win32Emu.Emulator: [IGN_TEAS Loop] Iteration 11870: EIP 0x004124EC→0x004124ED, ESP=0x001FEF44, EBP=0x001FEFFC, EAX=0x0048035C, EBX=0x00000069, ECX=0x001FEF78, EDX=0x00000069, ESI=0x00470004, EDI=0x00480350
2026-01-08 13:44:18.312 [INFO] Win32Emu.Emulator: [IGN_TEAS Loop] Iteration 11871: EIP 0x004124ED→0x004124EE, ESP=0x001FEF44, EBP=0x001FEFFC, EAX=0x0048035C, EBX=0x00000069, ECX=0x001FEF78, EDX=0x00000069, ESI=0x00470005, EDI=0x00480350
2026-01-08 13:44:18.312 [INFO] Win32Emu.Emulator: [IGN_TEAS Loop] Iteration 11872: EIP 0x004124EE→0x004124F1, ESP=0x001FEF44, EBP=0x001FEFFC, EAX=0x0048035C, EBX=0x00000069, ECX=0x001FEF78, EDX=0x00000069, ESI=0x00470005, EDI=0x00480350
2026-01-08 13:44:18.312 [INFO] Win32Emu.Emulator: [IGN_TEAS Loop] Iteration 11873: EIP 0x004124F1→0x004124C3, ESP=0x001FEF44, EBP=0x001FEFFC, EAX=0x0048035C, EBX=0x00000069, ECX=0x001FEF78, EDX=0x00000069, ESI=0x00470005, EDI=0x00480350
2026-01-08 13:44:18.312 [INFO] Win32Emu.Emulator: [IGN_TEAS Loop] Iteration 11874: EIP 0x004124C3→0x004124C5, ESP=0x001FEF44, EBP=0x001FEFFC, EAX=0x0048035C, EBX=0x00000067, ECX=0x001FEF78, EDX=0x00000069, ESI=0x00470005, EDI=0x00480350
2026-01-08 13:44:18.312 [INFO] Win32Emu.Emulator: [IGN_TEAS Loop] Iteration 11875: EIP 0x004124C5→0x004124C7, ESP=0x001FEF44, EBP=0x001FEFFC, EAX=0x0048035C, EBX=0x00000067, ECX=0x001FEF78, EDX=0x00000069, ESI=0x00470005, EDI=0x00480350
2026-01-08 13:44:18.312 [INFO] Win32Emu.Emulator: [IGN_TEAS Loop] Iteration 11876: EIP 0x004124C7→0x004124C9, ESP=0x001FEF44, EBP=0x001FEFFC, EAX=0x0048035C, EBX=0x00000067, ECX=0x001FEF78, EDX=0x00000069, ESI=0x00470005, EDI=0x00480350
2026-01-08 13:44:18.312 [INFO] Win32Emu.Emulator: [IGN_TEAS Loop] Iteration 11877: EIP 0x004124C9→0x004124CB, ESP=0x001FEF44, EBP=0x001FEFFC, EAX=0x0048035C, EBX=0x00000067, ECX=0x001FEF78, EDX=0x00000000, ESI=0x00470005, EDI=0x00480350
2026-01-08 13:44:18.312 [INFO] Win32Emu.Emulator: [IGN_TEAS Loop] Iteration 11878: EIP 0x004124CB→0x004124CD, ESP=0x001FEF44, EBP=0x001FEFFC, EAX=0x0048035C, EBX=0x00000067, ECX=0x001FEF78, EDX=0x00000067, ESI=0x00470005, EDI=0x00480350
2026-01-08 13:44:18.312 [INFO] Win32Emu.Emulator: [IGN_TEAS Loop] Iteration 11879: EIP 0x004124CD→0x004124D4, ESP=0x001FEF44, EBP=0x001FEFFC, EAX=0x0048035C, EBX=0x00000067, ECX=0x001FEF78, EDX=0x00000067, ESI=0x00470005, EDI=0x00480350
2026-01-08 13:44:18.312 [INFO] Win32Emu.Emulator: [IGN_TEAS Loop] Iteration 11880: EIP 0x004124D4→0x004124E2, ESP=0x001FEF44, EBP=0x001FEFFC, EAX=0x0048035C, EBX=0x00000067, ECX=0x001FEF78, EDX=0x00000067, ESI=0x00470005, EDI=0x00480350
2026-01-08 13:44:18.312 [INFO] Win32Emu.Emulator: [IGN_TEAS Loop] Iteration 11881: EIP 0x004124E2→0x004124E4, ESP=0x001FEF44, EBP=0x001FEFFC, EAX=0x0048035C, EBX=0x00000067, ECX=0x001FEF78, EDX=0x00000067, ESI=0x00470005, EDI=0x00480350
2026-01-08 13:44:18.312 [INFO] Win32Emu.Emulator: [IGN_TEAS Loop] Iteration 11882: EIP 0x004124E4→0x004124E6, ESP=0x001FEF44, EBP=0x001FEFFC, EAX=0x0048035C, EBX=0x00000067, ECX=0x001FEF78, EDX=0x00000067, ESI=0x00470005, EDI=0x00480350
2026-01-08 13:44:18.312 [INFO] Win32Emu.Emulator: [IGN_TEAS Loop] Iteration 11883: EIP 0x004124E6→0x004124E8, ESP=0x001FEF44, EBP=0x001FEFFC, EAX=0x0048035C, EBX=0x00000067, ECX=0x001FEF78, EDX=0x00000067, ESI=0x00470005, EDI=0x00480350
2026-01-08 13:44:18.312 [INFO] Win32Emu.Emulator: [IGN_TEAS Loop] Iteration 11884: EIP 0x004124E8→0x004124EA, ESP=0x001FEF44, EBP=0x001FEFFC, EAX=0x0048035C, EBX=0x00000067, ECX=0x001FEF78, EDX=0x00000067, ESI=0x00470005, EDI=0x00480350
2026-01-08 13:44:18.312 [INFO] Win32Emu.Emulator: [IGN_TEAS Loop] Iteration 11885: EIP 0x004124EA→0x004124EC, ESP=0x001FEF44, EBP=0x001FEFFC, EAX=0x0048035C, EBX=0x00000067, ECX=0x001FEF78, EDX=0x00000067, ESI=0x00470005, EDI=0x00480350
2026-01-08 13:44:18.312 [INFO] Win32Emu.Emulator: [IGN_TEAS Loop] Iteration 11886: EIP 0x004124EC→0x004124ED, ESP=0x001FEF44, EBP=0x001FEFFC, EAX=0x0048035D, EBX=0x00000067, ECX=0x001FEF78, EDX=0x00000067, ESI=0x00470005, EDI=0x00480350
2026-01-08 13:44:18.312 [INFO] Win32Emu.Emulator: [IGN_TEAS Loop] Iteration 11887: EIP 0x004124ED→0x004124EE, ESP=0x001FEF44, EBP=0x001FEFFC, EAX=0x0048035D, EBX=0x00000067, ECX=0x001FEF78, EDX=0x00000067, ESI=0x00470006, EDI=0x00480350
2026-01-08 13:44:18.312 [INFO] Win32Emu.Emulator: [IGN_TEAS Loop] Iteration 11888: EIP 0x004124EE→0x004124F1, ESP=0x001FEF44, EBP=0x001FEFFC, EAX=0x0048035D, EBX=0x00000067, ECX=0x001FEF78, EDX=0x00000067, ESI=0x00470006, EDI=0x00480350
2026-01-08 13:44:18.312 [INFO] Win32Emu.Emulator: [IGN_TEAS Loop] Iteration 11889: EIP 0x004124F1→0x004124C3, ESP=0x001FEF44, EBP=0x001FEFFC, EAX=0x0048035D, EBX=0x00000067, ECX=0x001FEF78, EDX=0x00000067, ESI=0x00470006, EDI=0x00480350
2026-01-08 13:44:18.312 [INFO] Win32Emu.Emulator: [IGN_TEAS Loop] Iteration 11890: EIP 0x004124C3→0x004124C5, ESP=0x001FEF44, EBP=0x001FEFFC, EAX=0x0048035D, EBX=0x0000006E, ECX=0x001FEF78, EDX=0x00000067, ESI=0x00470006, EDI=0x00480350
2026-01-08 13:44:18.312 [INFO] Win32Emu.Emulator: [IGN_TEAS Loop] Iteration 11891: EIP 0x004124C5→0x004124C7, ESP=0x001FEF44, EBP=0x001FEFFC, EAX=0x0048035D, EBX=0x0000006E, ECX=0x001FEF78, EDX=0x00000067, ESI=0x00470006, EDI=0x00480350
2026-01-08 13:44:18.312 [INFO] Win32Emu.Emulator: [IGN_TEAS Loop] Iteration 11892: EIP 0x004124C7→0x004124C9, ESP=0x001FEF44, EBP=0x001FEFFC, EAX=0x0048035D, EBX=0x0000006E, ECX=0x001FEF78, EDX=0x00000067, ESI=0x00470006, EDI=0x00480350
2026-01-08 13:44:18.312 [INFO] Win32Emu.Emulator: [IGN_TEAS Loop] Iteration 11893: EIP 0x004124C9→0x004124CB, ESP=0x001FEF44, EBP=0x001FEFFC, EAX=0x0048035D, EBX=0x0000006E, ECX=0x001FEF78, EDX=0x00000000, ESI=0x00470006, EDI=0x00480350
2026-01-08 13:44:18.312 [INFO] Win32Emu.Emulator: [IGN_TEAS Loop] Iteration 11894: EIP 0x004124CB→0x004124CD, ESP=0x001FEF44, EBP=0x001FEFFC, EAX=0x0048035D, EBX=0x0000006E, ECX=0x001FEF78, EDX=0x0000006E, ESI=0x00470006, EDI=0x00480350
2026-01-08 13:44:18.312 [INFO] Win32Emu.Emulator: [IGN_TEAS Loop] Iteration 11895: EIP 0x004124CD→0x004124D4, ESP=0x001FEF44, EBP=0x001FEFFC, EAX=0x0048035D, EBX=0x0000006E, ECX=0x001FEF78, EDX=0x0000006E, ESI=0x00470006, EDI=0x00480350
2026-01-08 13:44:18.312 [INFO] Win32Emu.Emulator: [IGN_TEAS Loop] Iteration 11896: EIP 0x004124D4→0x004124E2, ESP=0x001FEF44, EBP=0x001FEFFC, EAX=0x0048035D, EBX=0x0000006E, ECX=0x001FEF78, EDX=0x0000006E, ESI=0x00470006, EDI=0x00480350
2026-01-08 13:44:18.312 [INFO] Win32Emu.Emulator: [IGN_TEAS Loop] Iteration 11897: EIP 0x004124E2→0x004124E4, ESP=0x001FEF44, EBP=0x001FEFFC, EAX=0x0048035D, EBX=0x0000006E, ECX=0x001FEF78, EDX=0x0000006E, ESI=0x00470006, EDI=0x00480350
2026-01-08 13:44:18.312 [INFO] Win32Emu.Emulator: [IGN_TEAS Loop] Iteration 11898: EIP 0x004124E4→0x004124E6, ESP=0x001FEF44, EBP=0x001FEFFC, EAX=0x0048035D, EBX=0x0000006E, ECX=0x001FEF78, EDX=0x0000006E, ESI=0x00470006, EDI=0x00480350
2026-01-08 13:44:18.312 [INFO] Win32Emu.Emulator: [IGN_TEAS Loop] Iteration 11899: EIP 0x004124E6→0x004124E8, ESP=0x001FEF44, EBP=0x001FEFFC, EAX=0x0048035D, EBX=0x0000006E, ECX=0x001FEF78, EDX=0x0000006E, ESI=0x00470006, EDI=0x00480350
2026-01-08 13:44:18.312 [INFO] Win32Emu.Emulator: [IGN_TEAS Loop] Iteration 11900: EIP 0x004124E8→0x004124EA, ESP=0x001FEF44, EBP=0x001FEFFC, EAX=0x0048035D, EBX=0x0000006E, ECX=0x001FEF78, EDX=0x0000006E, ESI=0x00470006, EDI=0x00480350
2026-01-08 13:44:18.312 [INFO] Win32Emu.Emulator: [IGN_TEAS Loop] Iteration 11901: EIP 0x004124EA→0x004124EC, ESP=0x001FEF44, EBP=0x001FEFFC, EAX=0x0048035D, EBX=0x0000006E, ECX=0x001FEF78, EDX=0x0000006E, ESI=0x00470006, EDI=0x00480350
2026-01-08 13:44:18.312 [INFO] Win32Emu.Emulator: [IGN_TEAS Loop] Iteration 11902: EIP 0x004124EC→0x004124ED, ESP=0x001FEF44, EBP=0x001FEFFC, EAX=0x0048035E, EBX=0x0000006E, ECX=0x001FEF78, EDX=0x0000006E, ESI=0x00470006, EDI=0x00480350
2026-01-08 13:44:18.313 [INFO] Win32Emu.Emulator: [IGN_TEAS Loop] Iteration 11903: EIP 0x004124ED→0x004124EE, ESP=0x001FEF44, EBP=0x001FEFFC, EAX=0x0048035E, EBX=0x0000006E, ECX=0x001FEF78, EDX=0x0000006E, ESI=0x00470007, EDI=0x00480350
2026-01-08 13:44:18.313 [INFO] Win32Emu.Emulator: [IGN_TEAS Loop] Iteration 11904: EIP 0x004124EE→0x004124F1, ESP=0x001FEF44, EBP=0x001FEFFC, EAX=0x0048035E, EBX=0x0000006E, ECX=0x001FEF78, EDX=0x0000006E, ESI=0x00470007, EDI=0x00480350
2026-01-08 13:44:18.313 [INFO] Win32Emu.Emulator: [IGN_TEAS Loop] Iteration 11905: EIP 0x004124F1→0x004124C3, ESP=0x001FEF44, EBP=0x001FEFFC, EAX=0x0048035E, EBX=0x0000006E, ECX=0x001FEF78, EDX=0x0000006E, ESI=0x00470007, EDI=0x00480350
2026-01-08 13:44:18.313 [INFO] Win32Emu.Emulator: [IGN_TEAS Loop] Iteration 11906: EIP 0x004124C3→0x004124C5, ESP=0x001FEF44, EBP=0x001FEFFC, EAX=0x0048035E, EBX=0x0000005F, ECX=0x001FEF78, EDX=0x0000006E, ESI=0x00470007, EDI=0x00480350
2026-01-08 13:44:18.313 [INFO] Win32Emu.Emulator: [IGN_TEAS Loop] Iteration 11907: EIP 0x004124C5→0x004124C7, ESP=0x001FEF44, EBP=0x001FEFFC, EAX=0x0048035E, EBX=0x0000005F, ECX=0x001FEF78, EDX=0x0000006E, ESI=0x00470007, EDI=0x00480350
2026-01-08 13:44:18.313 [INFO] Win32Emu.Emulator: [IGN_TEAS Loop] Iteration 11908: EIP 0x004124C7→0x004124C9, ESP=0x001FEF44, EBP=0x001FEFFC, EAX=0x0048035E, EBX=0x0000005F, ECX=0x001FEF78, EDX=0x0000006E, ESI=0x00470007, EDI=0x00480350
2026-01-08 13:44:18.313 [INFO] Win32Emu.Emulator: [IGN_TEAS Loop] Iteration 11909: EIP 0x004124C9→0x004124CB, ESP=0x001FEF44, EBP=0x001FEFFC, EAX=0x0048035E, EBX=0x0000005F, ECX=0x001FEF78, EDX=0x00000000, ESI=0x00470007, EDI=0x00480350
2026-01-08 13:44:18.313 [INFO] Win32Emu.Emulator: [IGN_TEAS Loop] Iteration 11910: EIP 0x004124CB→0x004124CD, ESP=0x001FEF44, EBP=0x001FEFFC, EAX=0x0048035E, EBX=0x0000005F, ECX=0x001FEF78, EDX=0x0000005F, ESI=0x00470007, EDI=0x00480350
2026-01-08 13:44:18.313 [INFO] Win32Emu.Emulator: [IGN_TEAS Loop] Iteration 11911: EIP 0x004124CD→0x004124D4, ESP=0x001FEF44, EBP=0x001FEFFC, EAX=0x0048035E, EBX=0x0000005F, ECX=0x001FEF78, EDX=0x0000005F, ESI=0x00470007, EDI=0x00480350
2026-01-08 13:44:18.313 [INFO] Win32Emu.Emulator: [IGN_TEAS Loop] Iteration 11912: EIP 0x004124D4→0x004124E2, ESP=0x001FEF44, EBP=0x001FEFFC, EAX=0x0048035E, EBX=0x0000005F, ECX=0x001FEF78, EDX=0x0000005F, ESI=0x00470007, EDI=0x00480350
2026-01-08 13:44:18.313 [INFO] Win32Emu.Emulator: [IGN_TEAS Loop] Iteration 11913: EIP 0x004124E2→0x004124E4, ESP=0x001FEF44, EBP=0x001FEFFC, EAX=0x0048035E, EBX=0x0000005F, ECX=0x001FEF78, EDX=0x0000005F, ESI=0x00470007, EDI=0x00480350
2026-01-08 13:44:18.313 [INFO] Win32Emu.Emulator: [IGN_TEAS Loop] Iteration 11914: EIP 0x004124E4→0x004124E6, ESP=0x001FEF44, EBP=0x001FEFFC, EAX=0x0048035E, EBX=0x0000005F, ECX=0x001FEF78, EDX=0x0000005F, ESI=0x00470007, EDI=0x00480350
2026-01-08 13:44:18.313 [INFO] Win32Emu.Emulator: [IGN_TEAS Loop] Iteration 11915: EIP 0x004124E6→0x004124E8, ESP=0x001FEF44, EBP=0x001FEFFC, EAX=0x0048035E, EBX=0x0000005F, ECX=0x001FEF78, EDX=0x0000005F, ESI=0x00470007, EDI=0x00480350
2026-01-08 13:44:18.313 [INFO] Win32Emu.Emulator: [IGN_TEAS Loop] Iteration 11916: EIP 0x004124E8→0x004124EA, ESP=0x001FEF44, EBP=0x001FEFFC, EAX=0x0048035E, EBX=0x0000005F, ECX=0x001FEF78, EDX=0x0000005F, ESI=0x00470007, EDI=0x00480350
2026-01-08 13:44:18.313 [INFO] Win32Emu.Emulator: [IGN_TEAS Loop] Iteration 11917: EIP 0x004124EA→0x004124EC, ESP=0x001FEF44, EBP=0x001FEFFC, EAX=0x0048035E, EBX=0x0000005F, ECX=0x001FEF78, EDX=0x0000005F, ESI=0x00470007, EDI=0x00480350
2026-01-08 13:44:18.313 [INFO] Win32Emu.Emulator: [IGN_TEAS Loop] Iteration 11918: EIP 0x004124EC→0x004124ED, ESP=0x001FEF44, EBP=0x001FEFFC, EAX=0x0048035F, EBX=0x0000005F, ECX=0x001FEF78, EDX=0x0000005F, ESI=0x00470007, EDI=0x00480350
2026-01-08 13:44:18.313 [INFO] Win32Emu.Emulator: [IGN_TEAS Loop] Iteration 11919: EIP 0x004124ED→0x004124EE, ESP=0x001FEF44, EBP=0x001FEFFC, EAX=0x0048035F, EBX=0x0000005F, ECX=0x001FEF78, EDX=0x0000005F, ESI=0x00470008, EDI=0x00480350
2026-01-08 13:44:18.313 [INFO] Win32Emu.Emulator: [IGN_TEAS Loop] Iteration 11920: EIP 0x004124EE→0x004124F1, ESP=0x001FEF44, EBP=0x001FEFFC, EAX=0x0048035F, EBX=0x0000005F, ECX=0x001FEF78, EDX=0x0000005F, ESI=0x00470008, EDI=0x00480350
2026-01-08 13:44:18.313 [INFO] Win32Emu.Emulator: [IGN_TEAS Loop] Iteration 11921: EIP 0x004124F1→0x004124C3, ESP=0x001FEF44, EBP=0x001FEFFC, EAX=0x0048035F, EBX=0x0000005F, ECX=0x001FEF78, EDX=0x0000005F, ESI=0x00470008, EDI=0x00480350
2026-01-08 13:44:18.313 [INFO] Win32Emu.Emulator: [IGN_TEAS Loop] Iteration 11922: EIP 0x004124C3→0x004124C5, ESP=0x001FEF44, EBP=0x001FEFFC, EAX=0x0048035F, EBX=0x00000074, ECX=0x001FEF78, EDX=0x0000005F, ESI=0x00470008, EDI=0x00480350
2026-01-08 13:44:18.313 [INFO] Win32Emu.Emulator: [IGN_TEAS Loop] Iteration 11923: EIP 0x004124C5→0x004124C7, ESP=0x001FEF44, EBP=0x001FEFFC, EAX=0x0048035F, EBX=0x00000074, ECX=0x001FEF78, EDX=0x0000005F, ESI=0x00470008, EDI=0x00480350
2026-01-08 13:44:18.313 [INFO] Win32Emu.Emulator: [IGN_TEAS Loop] Iteration 11924: EIP 0x004124C7→0x004124C9, ESP=0x001FEF44, EBP=0x001FEFFC, EAX=0x0048035F, EBX=0x00000074, ECX=0x001FEF78, EDX=0x0000005F, ESI=0x00470008, EDI=0x00480350
2026-01-08 13:44:18.313 [INFO] Win32Emu.Emulator: [IGN_TEAS Loop] Iteration 11925: EIP 0x004124C9→0x004124CB, ESP=0x001FEF44, EBP=0x001FEFFC, EAX=0x0048035F, EBX=0x00000074, ECX=0x001FEF78, EDX=0x00000000, ESI=0x00470008, EDI=0x00480350
2026-01-08 13:44:18.313 [INFO] Win32Emu.Emulator: [IGN_TEAS Loop] Iteration 11926: EIP 0x004124CB→0x004124CD, ESP=0x001FEF44, EBP=0x001FEFFC, EAX=0x0048035F, EBX=0x00000074, ECX=0x001FEF78, EDX=0x00000074, ESI=0x00470008, EDI=0x00480350
2026-01-08 13:44:18.313 [INFO] Win32Emu.Emulator: [IGN_TEAS Loop] Iteration 11927: EIP 0x004124CD→0x004124D4, ESP=0x001FEF44, EBP=0x001FEFFC, EAX=0x0048035F, EBX=0x00000074, ECX=0x001FEF78, EDX=0x00000074, ESI=0x00470008, EDI=0x00480350
2026-01-08 13:44:18.313 [INFO] Win32Emu.Emulator: [IGN_TEAS Loop] Iteration 11928: EIP 0x004124D4→0x004124E2, ESP=0x001FEF44, EBP=0x001FEFFC, EAX=0x0048035F, EBX=0x00000074, ECX=0x001FEF78, EDX=0x00000074, ESI=0x00470008, EDI=0x00480350
2026-01-08 13:44:18.313 [INFO] Win32Emu.Emulator: [IGN_TEAS Loop] Iteration 11929: EIP 0x004124E2→0x004124E4, ESP=0x001FEF44, EBP=0x001FEFFC, EAX=0x0048035F, EBX=0x00000074, ECX=0x001FEF78, EDX=0x00000074, ESI=0x00470008, EDI=0x00480350
2026-01-08 13:44:18.313 [INFO] Win32Emu.Emulator: [IGN_TEAS Loop] Iteration 11930: EIP 0x004124E4→0x004124E6, ESP=0x001FEF44, EBP=0x001FEFFC, EAX=0x0048035F, EBX=0x00000074, ECX=0x001FEF78, EDX=0x00000074, ESI=0x00470008, EDI=0x00480350
2026-01-08 13:44:18.313 [INFO] Win32Emu.Emulator: [IGN_TEAS Loop] Iteration 11931: EIP 0x004124E6→0x004124E8, ESP=0x001FEF44, EBP=0x001FEFFC, EAX=0x0048035F, EBX=0x00000074, ECX=0x001FEF78, EDX=0x00000074, ESI=0x00470008, EDI=0x00480350
2026-01-08 13:44:18.313 [INFO] Win32Emu.Emulator: [IGN_TEAS Loop] Iteration 11932: EIP 0x004124E8→0x004124EA, ESP=0x001FEF44, EBP=0x001FEFFC, EAX=0x0048035F, EBX=0x00000074, ECX=0x001FEF78, EDX=0x00000074, ESI=0x00470008, EDI=0x00480350
2026-01-08 13:44:18.313 [INFO] Win32Emu.Emulator: [IGN_TEAS Loop] Iteration 11933: EIP 0x004124EA→0x004124EC, ESP=0x001FEF44, EBP=0x001FEFFC, EAX=0x0048035F, EBX=0x00000074, ECX=0x001FEF78, EDX=0x00000074, ESI=0x00470008, EDI=0x00480350
2026-01-08 13:44:18.314 [INFO] Win32Emu.Emulator: [IGN_TEAS Loop] Iteration 11934: EIP 0x004124EC→0x004124ED, ESP=0x001FEF44, EBP=0x001FEFFC, EAX=0x00480360, EBX=0x00000074, ECX=0x001FEF78, EDX=0x00000074, ESI=0x00470008, EDI=0x00480350
2026-01-08 13:44:18.314 [INFO] Win32Emu.Emulator: [IGN_TEAS Loop] Iteration 11935: EIP 0x004124ED→0x004124EE, ESP=0x001FEF44, EBP=0x001FEFFC, EAX=0x00480360, EBX=0x00000074, ECX=0x001FEF78, EDX=0x00000074, ESI=0x00470009, EDI=0x00480350
2026-01-08 13:44:18.314 [INFO] Win32Emu.Emulator: [IGN_TEAS Loop] Iteration 11936: EIP 0x004124EE→0x004124F1, ESP=0x001FEF44, EBP=0x001FEFFC, EAX=0x00480360, EBX=0x00000074, ECX=0x001FEF78, EDX=0x00000074, ESI=0x00470009, EDI=0x00480350
2026-01-08 13:44:18.314 [INFO] Win32Emu.Emulator: [IGN_TEAS Loop] Iteration 11937: EIP 0x004124F1→0x004124C3, ESP=0x001FEF44, EBP=0x001FEFFC, EAX=0x00480360, EBX=0x00000074, ECX=0x001FEF78, EDX=0x00000074, ESI=0x00470009, EDI=0x00480350
2026-01-08 13:44:18.314 [INFO] Win32Emu.Emulator: [IGN_TEAS Loop] Iteration 11938: EIP 0x004124C3→0x004124C5, ESP=0x001FEF44, EBP=0x001FEFFC, EAX=0x00480360, EBX=0x00000065, ECX=0x001FEF78, EDX=0x00000074, ESI=0x00470009, EDI=0x00480350
2026-01-08 13:44:18.314 [INFO] Win32Emu.Emulator: [IGN_TEAS Loop] Iteration 11939: EIP 0x004124C5→0x004124C7, ESP=0x001FEF44, EBP=0x001FEFFC, EAX=0x00480360, EBX=0x00000065, ECX=0x001FEF78, EDX=0x00000074, ESI=0x00470009, EDI=0x00480350
2026-01-08 13:44:18.314 [INFO] Win32Emu.Emulator: [IGN_TEAS Loop] Iteration 11940: EIP 0x004124C7→0x004124C9, ESP=0x001FEF44, EBP=0x001FEFFC, EAX=0x00480360, EBX=0x00000065, ECX=0x001FEF78, EDX=0x00000074, ESI=0x00470009, EDI=0x00480350
2026-01-08 13:44:18.314 [INFO] Win32Emu.Emulator: [IGN_TEAS Loop] Iteration 11941: EIP 0x004124C9→0x004124CB, ESP=0x001FEF44, EBP=0x001FEFFC, EAX=0x00480360, EBX=0x00000065, ECX=0x001FEF78, EDX=0x00000000, ESI=0x00470009, EDI=0x00480350
2026-01-08 13:44:18.314 [INFO] Win32Emu.Emulator: [IGN_TEAS Loop] Iteration 11942: EIP 0x004124CB→0x004124CD, ESP=0x001FEF44, EBP=0x001FEFFC, EAX=0x00480360, EBX=0x00000065, ECX=0x001FEF78, EDX=0x00000065, ESI=0x00470009, EDI=0x00480350
2026-01-08 13:44:18.314 [INFO] Win32Emu.Emulator: [IGN_TEAS Loop] Iteration 11943: EIP 0x004124CD→0x004124D4, ESP=0x001FEF44, EBP=0x001FEFFC, EAX=0x00480360, EBX=0x00000065, ECX=0x001FEF78, EDX=0x00000065, ESI=0x00470009, EDI=0x00480350
2026-01-08 13:44:18.314 [INFO] Win32Emu.Emulator: [IGN_TEAS Loop] Iteration 11944: EIP 0x004124D4→0x004124E2, ESP=0x001FEF44, EBP=0x001FEFFC, EAX=0x00480360, EBX=0x00000065, ECX=0x001FEF78, EDX=0x00000065, ESI=0x00470009, EDI=0x00480350
2026-01-08 13:44:18.314 [INFO] Win32Emu.Emulator: [IGN_TEAS Loop] Iteration 11945: EIP 0x004124E2→0x004124E4, ESP=0x001FEF44, EBP=0x001FEFFC, EAX=0x00480360, EBX=0x00000065, ECX=0x001FEF78, EDX=0x00000065, ESI=0x00470009, EDI=0x00480350
2026-01-08 13:44:18.314 [INFO] Win32Emu.Emulator: [IGN_TEAS Loop] Iteration 11946: EIP 0x004124E4→0x004124E6, ESP=0x001FEF44, EBP=0x001FEFFC, EAX=0x00480360, EBX=0x00000065, ECX=0x001FEF78, EDX=0x00000065, ESI=0x00470009, EDI=0x00480350
2026-01-08 13:44:18.314 [INFO] Win32Emu.Emulator: [IGN_TEAS Loop] Iteration 11947: EIP 0x004124E6→0x004124E8, ESP=0x001FEF44, EBP=0x001FEFFC, EAX=0x00480360, EBX=0x00000065, ECX=0x001FEF78, EDX=0x00000065, ESI=0x00470009, EDI=0x00480350
2026-01-08 13:44:18.314 [INFO] Win32Emu.Emulator: [IGN_TEAS Loop] Iteration 11948: EIP 0x004124E8→0x004124EA, ESP=0x001FEF44, EBP=0x001FEFFC, EAX=0x00480360, EBX=0x00000065, ECX=0x001FEF78, EDX=0x00000065, ESI=0x00470009, EDI=0x00480350
2026-01-08 13:44:18.314 [INFO] Win32Emu.Emulator: [IGN_TEAS Loop] Iteration 11949: EIP 0x004124EA→0x004124EC, ESP=0x001FEF44, EBP=0x001FEFFC, EAX=0x00480360, EBX=0x00000065, ECX=0x001FEF78, EDX=0x00000065, ESI=0x00470009, EDI=0x00480350
2026-01-08 13:44:18.314 [INFO] Win32Emu.Emulator: [IGN_TEAS Loop] Iteration 11950: EIP 0x004124EC→0x004124ED, ESP=0x001FEF44, EBP=0x001FEFFC, EAX=0x00480361, EBX=0x00000065, ECX=0x001FEF78, EDX=0x00000065, ESI=0x00470009, EDI=0x00480350
2026-01-08 13:44:18.314 [INFO] Win32Emu.Emulator: [IGN_TEAS Loop] Iteration 11951: EIP 0x004124ED→0x004124EE, ESP=0x001FEF44, EBP=0x001FEFFC, EAX=0x00480361, EBX=0x00000065, ECX=0x001FEF78, EDX=0x00000065, ESI=0x0047000A, EDI=0x00480350
2026-01-08 13:44:18.314 [INFO] Win32Emu.Emulator: [IGN_TEAS Loop] Iteration 11952: EIP 0x004124EE→0x004124F1, ESP=0x001FEF44, EBP=0x001FEFFC, EAX=0x00480361, EBX=0x00000065, ECX=0x001FEF78, EDX=0x00000065, ESI=0x0047000A, EDI=0x00480350
2026-01-08 13:44:18.314 [INFO] Win32Emu.Emulator: [IGN_TEAS Loop] Iteration 11953: EIP 0x004124F1→0x004124C3, ESP=0x001FEF44, EBP=0x001FEFFC, EAX=0x00480361, EBX=0x00000065, ECX=0x001FEF78, EDX=0x00000065, ESI=0x0047000A, EDI=0x00480350
2026-01-08 13:44:18.314 [INFO] Win32Emu.Emulator: [IGN_TEAS Loop] Iteration 11954: EIP 0x004124C3→0x004124C5, ESP=0x001FEF44, EBP=0x001FEFFC, EAX=0x00480361, EBX=0x00000061, ECX=0x001FEF78, EDX=0x00000065, ESI=0x0047000A, EDI=0x00480350
2026-01-08 13:44:18.314 [INFO] Win32Emu.Emulator: [IGN_TEAS Loop] Iteration 11955: EIP 0x004124C5→0x004124C7, ESP=0x001FEF44, EBP=0x001FEFFC, EAX=0x00480361, EBX=0x00000061, ECX=0x001FEF78, EDX=0x00000065, ESI=0x0047000A, EDI=0x00480350
2026-01-08 13:44:18.314 [INFO] Win32Emu.Emulator: [IGN_TEAS Loop] Iteration 11956: EIP 0x004124C7→0x004124C9, ESP=0x001FEF44, EBP=0x001FEFFC, EAX=0x00480361, EBX=0x00000061, ECX=0x001FEF78, EDX=0x00000065, ESI=0x0047000A, EDI=0x00480350
2026-01-08 13:44:18.314 [INFO] Win32Emu.Emulator: [IGN_TEAS Loop] Iteration 11957: EIP 0x004124C9→0x004124CB, ESP=0x001FEF44, EBP=0x001FEFFC, EAX=0x00480361, EBX=0x00000061, ECX=0x001FEF78, EDX=0x00000000, ESI=0x0047000A, EDI=0x00480350
2026-01-08 13:44:18.314 [INFO] Win32Emu.Emulator: [IGN_TEAS Loop] Iteration 11958: EIP 0x004124CB→0x004124CD, ESP=0x001FEF44, EBP=0x001FEFFC, EAX=0x00480361, EBX=0x00000061, ECX=0x001FEF78, EDX=0x00000061, ESI=0x0047000A, EDI=0x00480350
2026-01-08 13:44:18.314 [INFO] Win32Emu.Emulator: [IGN_TEAS Loop] Iteration 11959: EIP 0x004124CD→0x004124D4, ESP=0x001FEF44, EBP=0x001FEFFC, EAX=0x00480361, EBX=0x00000061, ECX=0x001FEF78, EDX=0x00000061, ESI=0x0047000A, EDI=0x00480350
2026-01-08 13:44:18.314 [INFO] Win32Emu.Emulator: [IGN_TEAS Loop] Iteration 11960: EIP 0x004124D4→0x004124E2, ESP=0x001FEF44, EBP=0x001FEFFC, EAX=0x00480361, EBX=0x00000061, ECX=0x001FEF78, EDX=0x00000061, ESI=0x0047000A, EDI=0x00480350
2026-01-08 13:44:18.314 [INFO] Win32Emu.Emulator: [IGN_TEAS Loop] Iteration 11961: EIP 0x004124E2→0x004124E4, ESP=0x001FEF44, EBP=0x001FEFFC, EAX=0x00480361, EBX=0x00000061, ECX=0x001FEF78, EDX=0x00000061, ESI=0x0047000A, EDI=0x00480350
2026-01-08 13:44:18.314 [INFO] Win32Emu.Emulator: [IGN_TEAS Loop] Iteration 11962: EIP 0x004124E4→0x004124E6, ESP=0x001FEF44, EBP=0x001FEFFC, EAX=0x00480361, EBX=0x00000061, ECX=0x001FEF78, EDX=0x00000061, ESI=0x0047000A, EDI=0x00480350
2026-01-08 13:44:18.314 [INFO] Win32Emu.Emulator: [IGN_TEAS Loop] Iteration 11963: EIP 0x004124E6→0x004124E8, ESP=0x001FEF44, EBP=0x001FEFFC, EAX=0x00480361, EBX=0x00000061, ECX=0x001FEF78, EDX=0x00000061, ESI=0x0047000A, EDI=0x00480350
2026-01-08 13:44:18.314 [INFO] Win32Emu.Emulator: [IGN_TEAS Loop] Iteration 11964: EIP 0x004124E8→0x004124EA, ESP=0x001FEF44, EBP=0x001FEFFC, EAX=0x00480361, EBX=0x00000061, ECX=0x001FEF78, EDX=0x00000061, ESI=0x0047000A, EDI=0x00480350
2026-01-08 13:44:18.314 [INFO] Win32Emu.Emulator: [IGN_TEAS Loop] Iteration 11965: EIP 0x004124EA→0x004124EC, ESP=0x001FEF44, EBP=0x001FEFFC, EAX=0x00480361, EBX=0x00000061, ECX=0x001FEF78, EDX=0x00000061, ESI=0x0047000A, EDI=0x00480350
2026-01-08 13:44:18.315 [INFO] Win32Emu.Emulator: [IGN_TEAS Loop] Iteration 11966: EIP 0x004124EC→0x004124ED, ESP=0x001FEF44, EBP=0x001FEFFC, EAX=0x00480362, EBX=0x00000061, ECX=0x001FEF78, EDX=0x00000061, ESI=0x0047000A, EDI=0x00480350
2026-01-08 13:44:18.315 [INFO] Win32Emu.Emulator: [IGN_TEAS Loop] Iteration 11967: EIP 0x004124ED→0x004124EE, ESP=0x001FEF44, EBP=0x001FEFFC, EAX=0x00480362, EBX=0x00000061, ECX=0x001FEF78, EDX=0x00000061, ESI=0x0047000B, EDI=0x00480350
2026-01-08 13:44:18.315 [INFO] Win32Emu.Emulator: [IGN_TEAS Loop] Iteration 11968: EIP 0x004124EE→0x004124F1, ESP=0x001FEF44, EBP=0x001FEFFC, EAX=0x00480362, EBX=0x00000061, ECX=0x001FEF78, EDX=0x00000061, ESI=0x0047000B, EDI=0x00480350
2026-01-08 13:44:18.315 [INFO] Win32Emu.Emulator: [IGN_TEAS Loop] Iteration 11969: EIP 0x004124F1→0x004124C3, ESP=0x001FEF44, EBP=0x001FEFFC, EAX=0x00480362, EBX=0x00000061, ECX=0x001FEF78, EDX=0x00000061, ESI=0x0047000B, EDI=0x00480350
2026-01-08 13:44:18.315 [INFO] Win32Emu.Emulator: [IGN_TEAS Loop] Iteration 11970: EIP 0x004124C3→0x004124C5, ESP=0x001FEF44, EBP=0x001FEFFC, EAX=0x00480362, EBX=0x00000073, ECX=0x001FEF78, EDX=0x00000061, ESI=0x0047000B, EDI=0x00480350
2026-01-08 13:44:18.315 [INFO] Win32Emu.Emulator: [IGN_TEAS Loop] Iteration 11971: EIP 0x004124C5→0x004124C7, ESP=0x001FEF44, EBP=0x001FEFFC, EAX=0x00480362, EBX=0x00000073, ECX=0x001FEF78, EDX=0x00000061, ESI=0x0047000B, EDI=0x00480350
2026-01-08 13:44:18.315 [INFO] Win32Emu.Emulator: [IGN_TEAS Loop] Iteration 11972: EIP 0x004124C7→0x004124C9, ESP=0x001FEF44, EBP=0x001FEFFC, EAX=0x00480362, EBX=0x00000073, ECX=0x001FEF78, EDX=0x00000061, ESI=0x0047000B, EDI=0x00480350
2026-01-08 13:44:18.315 [INFO] Win32Emu.Emulator: [IGN_TEAS Loop] Iteration 11973: EIP 0x004124C9→0x004124CB, ESP=0x001FEF44, EBP=0x001FEFFC, EAX=0x00480362, EBX=0x00000073, ECX=0x001FEF78, EDX=0x00000000, ESI=0x0047000B, EDI=0x00480350
2026-01-08 13:44:18.315 [INFO] Win32Emu.Emulator: [IGN_TEAS Loop] Iteration 11974: EIP 0x004124CB→0x004124CD, ESP=0x001FEF44, EBP=0x001FEFFC, EAX=0x00480362, EBX=0x00000073, ECX=0x001FEF78, EDX=0x00000073, ESI=0x0047000B, EDI=0x00480350
2026-01-08 13:44:18.315 [INFO] Win32Emu.Emulator: [IGN_TEAS Loop] Iteration 11975: EIP 0x004124CD→0x004124D4, ESP=0x001FEF44, EBP=0x001FEFFC, EAX=0x00480362, EBX=0x00000073, ECX=0x001FEF78, EDX=0x00000073, ESI=0x0047000B, EDI=0x00480350
2026-01-08 13:44:18.315 [INFO] Win32Emu.Emulator: [IGN_TEAS Loop] Iteration 11976: EIP 0x004124D4→0x004124E2, ESP=0x001FEF44, EBP=0x001FEFFC, EAX=0x00480362, EBX=0x00000073, ECX=0x001FEF78, EDX=0x00000073, ESI=0x0047000B, EDI=0x00480350
2026-01-08 13:44:18.315 [INFO] Win32Emu.Emulator: [IGN_TEAS Loop] Iteration 11977: EIP 0x004124E2→0x004124E4, ESP=0x001FEF44, EBP=0x001FEFFC, EAX=0x00480362, EBX=0x00000073, ECX=0x001FEF78, EDX=0x00000073, ESI=0x0047000B, EDI=0x00480350
2026-01-08 13:44:18.315 [INFO] Win32Emu.Emulator: [IGN_TEAS Loop] Iteration 11978: EIP 0x004124E4→0x004124E6, ESP=0x001FEF44, EBP=0x001FEFFC, EAX=0x00480362, EBX=0x00000073, ECX=0x001FEF78, EDX=0x00000073, ESI=0x0047000B, EDI=0x00480350
2026-01-08 13:44:18.315 [INFO] Win32Emu.Emulator: [IGN_TEAS Loop] Iteration 11979: EIP 0x004124E6→0x004124E8, ESP=0x001FEF44, EBP=0x001FEFFC, EAX=0x00480362, EBX=0x00000073, ECX=0x001FEF78, EDX=0x00000073, ESI=0x0047000B, EDI=0x00480350
2026-01-08 13:44:18.315 [INFO] Win32Emu.Emulator: [IGN_TEAS Loop] Iteration 11980: EIP 0x004124E8→0x004124EA, ESP=0x001FEF44, EBP=0x001FEFFC, EAX=0x00480362, EBX=0x00000073, ECX=0x001FEF78, EDX=0x00000073, ESI=0x0047000B, EDI=0x00480350
2026-01-08 13:44:18.315 [INFO] Win32Emu.Emulator: [IGN_TEAS Loop] Iteration 11981: EIP 0x004124EA→0x004124EC, ESP=0x001FEF44, EBP=0x001FEFFC, EAX=0x00480362, EBX=0x00000073, ECX=0x001FEF78, EDX=0x00000073, ESI=0x0047000B, EDI=0x00480350
2026-01-08 13:44:18.315 [INFO] Win32Emu.Emulator: [IGN_TEAS Loop] Iteration 11982: EIP 0x004124EC→0x004124ED, ESP=0x001FEF44, EBP=0x001FEFFC, EAX=0x00480363, EBX=0x00000073, ECX=0x001FEF78, EDX=0x00000073, ESI=0x0047000B, EDI=0x00480350
2026-01-08 13:44:18.315 [INFO] Win32Emu.Emulator: [IGN_TEAS Loop] Iteration 11983: EIP 0x004124ED→0x004124EE, ESP=0x001FEF44, EBP=0x001FEFFC, EAX=0x00480363, EBX=0x00000073, ECX=0x001FEF78, EDX=0x00000073, ESI=0x0047000C, EDI=0x00480350
2026-01-08 13:44:18.315 [INFO] Win32Emu.Emulator: [IGN_TEAS Loop] Iteration 11984: EIP 0x004124EE→0x004124F1, ESP=0x001FEF44, EBP=0x001FEFFC, EAX=0x00480363, EBX=0x00000073, ECX=0x001FEF78, EDX=0x00000073, ESI=0x0047000C, EDI=0x00480350
2026-01-08 13:44:18.315 [INFO] Win32Emu.Emulator: [IGN_TEAS Loop] Iteration 11985: EIP 0x004124F1→0x004124C3, ESP=0x001FEF44, EBP=0x001FEFFC, EAX=0x00480363, EBX=0x00000073, ECX=0x001FEF78, EDX=0x00000073, ESI=0x0047000C, EDI=0x00480350
2026-01-08 13:44:18.315 [INFO] Win32Emu.Emulator: [IGN_TEAS Loop] Iteration 11986: EIP 0x004124C3→0x004124C5, ESP=0x001FEF44, EBP=0x001FEFFC, EAX=0x00480363, EBX=0x0000005C, ECX=0x001FEF78, EDX=0x00000073, ESI=0x0047000C, EDI=0x00480350
2026-01-08 13:44:18.315 [INFO] Win32Emu.Emulator: [IGN_TEAS Loop] Iteration 11987: EIP 0x004124C5→0x004124C7, ESP=0x001FEF44, EBP=0x001FEFFC, EAX=0x00480363, EBX=0x0000005C, ECX=0x001FEF78, EDX=0x00000073, ESI=0x0047000C, EDI=0x00480350
2026-01-08 13:44:18.315 [INFO] Win32Emu.Emulator: [IGN_TEAS Loop] Iteration 11988: EIP 0x004124C7→0x004124C9, ESP=0x001FEF44, EBP=0x001FEFFC, EAX=0x00480363, EBX=0x0000005C, ECX=0x001FEF78, EDX=0x00000073, ESI=0x0047000C, EDI=0x00480350
2026-01-08 13:44:18.315 [INFO] Win32Emu.Emulator: [IGN_TEAS Loop] Iteration 11989: EIP 0x004124C9→0x004124CB, ESP=0x001FEF44, EBP=0x001FEFFC, EAX=0x00480363, EBX=0x0000005C, ECX=0x001FEF78, EDX=0x00000000, ESI=0x0047000C, EDI=0x00480350
2026-01-08 13:44:18.315 [INFO] Win32Emu.Emulator: [IGN_TEAS Loop] Iteration 11990: EIP 0x004124CB→0x004124CD, ESP=0x001FEF44, EBP=0x001FEFFC, EAX=0x00480363, EBX=0x0000005C, ECX=0x001FEF78, EDX=0x0000005C, ESI=0x0047000C, EDI=0x00480350
2026-01-08 13:44:18.315 [INFO] Win32Emu.Emulator: [IGN_TEAS Loop] Iteration 11991: EIP 0x004124CD→0x004124D4, ESP=0x001FEF44, EBP=0x001FEFFC, EAX=0x00480363, EBX=0x0000005C, ECX=0x001FEF78, EDX=0x0000005C, ESI=0x0047000C, EDI=0x00480350
2026-01-08 13:44:18.315 [INFO] Win32Emu.Emulator: [IGN_TEAS Loop] Iteration 11992: EIP 0x004124D4→0x004124E2, ESP=0x001FEF44, EBP=0x001FEFFC, EAX=0x00480363, EBX=0x0000005C, ECX=0x001FEF78, EDX=0x0000005C, ESI=0x0047000C, EDI=0x00480350
2026-01-08 13:44:18.315 [INFO] Win32Emu.Emulator: [IGN_TEAS Loop] Iteration 11993: EIP 0x004124E2→0x004124E4, ESP=0x001FEF44, EBP=0x001FEFFC, EAX=0x00480363, EBX=0x0000005C, ECX=0x001FEF78, EDX=0x0000005C, ESI=0x0047000C, EDI=0x00480350
2026-01-08 13:44:18.315 [INFO] Win32Emu.Emulator: [IGN_TEAS Loop] Iteration 11994: EIP 0x004124E4→0x004124E6, ESP=0x001FEF44, EBP=0x001FEFFC, EAX=0x00480363, EBX=0x0000005C, ECX=0x001FEF78, EDX=0x0000005C, ESI=0x0047000C, EDI=0x00480350
2026-01-08 13:44:18.315 [INFO] Win32Emu.Emulator: [IGN_TEAS Loop] Iteration 11995: EIP 0x004124E6→0x004124E8, ESP=0x001FEF44, EBP=0x001FEFFC, EAX=0x00480363, EBX=0x0000005C, ECX=0x001FEF78, EDX=0x0000005C, ESI=0x0047000C, EDI=0x00480350
2026-01-08 13:44:18.315 [INFO] Win32Emu.Emulator: [IGN_TEAS Loop] Iteration 11996: EIP 0x004124E8→0x004124EA, ESP=0x001FEF44, EBP=0x001FEFFC, EAX=0x00480363, EBX=0x0000005C, ECX=0x001FEF78, EDX=0x0000005C, ESI=0x0047000C, EDI=0x00480350
2026-01-08 13:44:18.315 [INFO] Win32Emu.Emulator: [IGN_TEAS Loop] Iteration 11997: EIP 0x004124EA→0x004124EC, ESP=0x001FEF44, EBP=0x001FEFFC, EAX=0x00480363, EBX=0x0000005C, ECX=0x001FEF78, EDX=0x0000005C, ESI=0x0047000C, EDI=0x00480350
2026-01-08 13:44:18.316 [INFO] Win32Emu.Emulator: [IGN_TEAS Loop] Iteration 11998: EIP 0x004124EC→0x004124ED, ESP=0x001FEF44, EBP=0x001FEFFC, EAX=0x00480364, EBX=0x0000005C, ECX=0x001FEF78, EDX=0x0000005C, ESI=0x0047000C, EDI=0x00480350
2026-01-08 13:44:18.316 [INFO] Win32Emu.Emulator: [IGN_TEAS Loop] Iteration 11999: EIP 0x004124ED→0x004124EE, ESP=0x001FEF44, EBP=0x001FEFFC, EAX=0x00480364, EBX=0x0000005C, ECX=0x001FEF78, EDX=0x0000005C, ESI=0x0047000D, EDI=0x00480350
2026-01-08 13:44:18.316 [INFO] Win32Emu.Emulator: [IGN_TEAS Loop] Iteration 12000: EIP 0x004124EE→0x004124F1, ESP=0x001FEF44, EBP=0x001FEFFC, EAX=0x00480364, EBX=0x0000005C, ECX=0x001FEF78, EDX=0x0000005C, ESI=0x0047000D, EDI=0x00480350
2026-01-08 13:44:18.316 [INFO] Win32Emu.Emulator: [IGN_TEAS Loop] Iteration 12001: EIP 0x004124F1→0x004124C3, ESP=0x001FEF44, EBP=0x001FEFFC, EAX=0x00480364, EBX=0x0000005C, ECX=0x001FEF78, EDX=0x0000005C, ESI=0x0047000D, EDI=0x00480350
2026-01-08 13:44:18.316 [INFO] Win32Emu.Emulator: [IGN_TEAS Loop] Iteration 12002: EIP 0x004124C3→0x004124C5, ESP=0x001FEF44, EBP=0x001FEFFC, EAX=0x00480364, EBX=0x00000049, ECX=0x001FEF78, EDX=0x0000005C, ESI=0x0047000D, EDI=0x00480350
2026-01-08 13:44:18.316 [INFO] Win32Emu.Emulator: [IGN_TEAS Loop] Iteration 12003: EIP 0x004124C5→0x004124C7, ESP=0x001FEF44, EBP=0x001FEFFC, EAX=0x00480364, EBX=0x00000049, ECX=0x001FEF78, EDX=0x0000005C, ESI=0x0047000D, EDI=0x00480350
2026-01-08 13:44:18.316 [INFO] Win32Emu.Emulator: [IGN_TEAS Loop] Iteration 12004: EIP 0x004124C7→0x004124C9, ESP=0x001FEF44, EBP=0x001FEFFC, EAX=0x00480364, EBX=0x00000049, ECX=0x001FEF78, EDX=0x0000005C, ESI=0x0047000D, EDI=0x00480350
2026-01-08 13:44:18.316 [INFO] Win32Emu.Emulator: [IGN_TEAS Loop] Iteration 12005: EIP 0x004124C9→0x004124CB, ESP=0x001FEF44, EBP=0x001FEFFC, EAX=0x00480364, EBX=0x00000049, ECX=0x001FEF78, EDX=0x00000000, ESI=0x0047000D, EDI=0x00480350
2026-01-08 13:44:18.316 [INFO] Win32Emu.Emulator: [IGN_TEAS Loop] Iteration 12006: EIP 0x004124CB→0x004124CD, ESP=0x001FEF44, EBP=0x001FEFFC, EAX=0x00480364, EBX=0x00000049, ECX=0x001FEF78, EDX=0x00000049, ESI=0x0047000D, EDI=0x00480350
2026-01-08 13:44:18.316 [INFO] Win32Emu.Emulator: [IGN_TEAS Loop] Iteration 12007: EIP 0x004124CD→0x004124D4, ESP=0x001FEF44, EBP=0x001FEFFC, EAX=0x00480364, EBX=0x00000049, ECX=0x001FEF78, EDX=0x00000049, ESI=0x0047000D, EDI=0x00480350
2026-01-08 13:44:18.316 [INFO] Win32Emu.Emulator: [IGN_TEAS Loop] Iteration 12008: EIP 0x004124D4→0x004124E2, ESP=0x001FEF44, EBP=0x001FEFFC, EAX=0x00480364, EBX=0x00000049, ECX=0x001FEF78, EDX=0x00000049, ESI=0x0047000D, EDI=0x00480350
2026-01-08 13:44:18.316 [INFO] Win32Emu.Emulator: [IGN_TEAS Loop] Iteration 12009: EIP 0x004124E2→0x004124E4, ESP=0x001FEF44, EBP=0x001FEFFC, EAX=0x00480364, EBX=0x00000049, ECX=0x001FEF78, EDX=0x00000049, ESI=0x0047000D, EDI=0x00480350
2026-01-08 13:44:18.316 [INFO] Win32Emu.Emulator: [IGN_TEAS Loop] Iteration 12010: EIP 0x004124E4→0x004124E6, ESP=0x001FEF44, EBP=0x001FEFFC, EAX=0x00480364, EBX=0x00000049, ECX=0x001FEF78, EDX=0x00000049, ESI=0x0047000D, EDI=0x00480350
2026-01-08 13:44:18.316 [INFO] Win32Emu.Emulator: [IGN_TEAS Loop] Iteration 12011: EIP 0x004124E6→0x004124E8, ESP=0x001FEF44, EBP=0x001FEFFC, EAX=0x00480364, EBX=0x00000049, ECX=0x001FEF78, EDX=0x00000049, ESI=0x0047000D, EDI=0x00480350
2026-01-08 13:44:18.316 [INFO] Win32Emu.Emulator: [IGN_TEAS Loop] Iteration 12012: EIP 0x004124E8→0x004124EA, ESP=0x001FEF44, EBP=0x001FEFFC, EAX=0x00480364, EBX=0x00000049, ECX=0x001FEF78, EDX=0x00000049, ESI=0x0047000D, EDI=0x00480350
2026-01-08 13:44:18.316 [INFO] Win32Emu.Emulator: [IGN_TEAS Loop] Iteration 12013: EIP 0x004124EA→0x004124EC, ESP=0x001FEF44, EBP=0x001FEFFC, EAX=0x00480364, EBX=0x00000049, ECX=0x001FEF78, EDX=0x00000049, ESI=0x0047000D, EDI=0x00480350
2026-01-08 13:44:18.316 [INFO] Win32Emu.Emulator: [IGN_TEAS Loop] Iteration 12014: EIP 0x004124EC→0x004124ED, ESP=0x001FEF44, EBP=0x001FEFFC, EAX=0x00480365, EBX=0x00000049, ECX=0x001FEF78, EDX=0x00000049, ESI=0x0047000D, EDI=0x00480350
2026-01-08 13:44:18.316 [INFO] Win32Emu.Emulator: [IGN_TEAS Loop] Iteration 12015: EIP 0x004124ED→0x004124EE, ESP=0x001FEF44, EBP=0x001FEFFC, EAX=0x00480365, EBX=0x00000049, ECX=0x001FEF78, EDX=0x00000049, ESI=0x0047000E, EDI=0x00480350
2026-01-08 13:44:18.316 [INFO] Win32Emu.Emulator: [IGN_TEAS Loop] Iteration 12016: EIP 0x004124EE→0x004124F1, ESP=0x001FEF44, EBP=0x001FEFFC, EAX=0x00480365, EBX=0x00000049, ECX=0x001FEF78, EDX=0x00000049, ESI=0x0047000E, EDI=0x00480350
2026-01-08 13:44:18.316 [INFO] Win32Emu.Emulator: [IGN_TEAS Loop] Iteration 12017: EIP 0x004124F1→0x004124C3, ESP=0x001FEF44, EBP=0x001FEFFC, EAX=0x00480365, EBX=0x00000049, ECX=0x001FEF78, EDX=0x00000049, ESI=0x0047000E, EDI=0x00480350
2026-01-08 13:44:18.316 [INFO] Win32Emu.Emulator: [IGN_TEAS Loop] Iteration 12018: EIP 0x004124C3→0x004124C5, ESP=0x001FEF44, EBP=0x001FEFFC, EAX=0x00480365, EBX=0x00000047, ECX=0x001FEF78, EDX=0x00000049, ESI=0x0047000E, EDI=0x00480350
2026-01-08 13:44:18.316 [INFO] Win32Emu.Emulator: [IGN_TEAS Loop] Iteration 12019: EIP 0x004124C5→0x004124C7, ESP=0x001FEF44, EBP=0x001FEFFC, EAX=0x00480365, EBX=0x00000047, ECX=0x001FEF78, EDX=0x00000049, ESI=0x0047000E, EDI=0x00480350
2026-01-08 13:44:18.316 [INFO] Win32Emu.Emulator: [IGN_TEAS Loop] Iteration 12020: EIP 0x004124C7→0x004124C9, ESP=0x001FEF44, EBP=0x001FEFFC, EAX=0x00480365, EBX=0x00000047, ECX=0x001FEF78, EDX=0x00000049, ESI=0x0047000E, EDI=0x00480350
2026-01-08 13:44:18.316 [INFO] Win32Emu.Emulator: [IGN_TEAS Loop] Iteration 12021: EIP 0x004124C9→0x004124CB, ESP=0x001FEF44, EBP=0x001FEFFC, EAX=0x00480365, EBX=0x00000047, ECX=0x001FEF78, EDX=0x00000000, ESI=0x0047000E, EDI=0x00480350
2026-01-08 13:44:18.316 [INFO] Win32Emu.Emulator: [IGN_TEAS Loop] Iteration 12022: EIP 0x004124CB→0x004124CD, ESP=0x001FEF44, EBP=0x001FEFFC, EAX=0x00480365, EBX=0x00000047, ECX=0x001FEF78, EDX=0x00000047, ESI=0x0047000E, EDI=0x00480350
2026-01-08 13:44:18.316 [INFO] Win32Emu.Emulator: [IGN_TEAS Loop] Iteration 12023: EIP 0x004124CD→0x004124D4, ESP=0x001FEF44, EBP=0x001FEFFC, EAX=0x00480365, EBX=0x00000047, ECX=0x001FEF78, EDX=0x00000047, ESI=0x0047000E, EDI=0x00480350
2026-01-08 13:44:18.316 [INFO] Win32Emu.Emulator: [IGN_TEAS Loop] Iteration 12024: EIP 0x004124D4→0x004124E2, ESP=0x001FEF44, EBP=0x001FEFFC, EAX=0x00480365, EBX=0x00000047, ECX=0x001FEF78, EDX=0x00000047, ESI=0x0047000E, EDI=0x00480350
2026-01-08 13:44:18.316 [INFO] Win32Emu.Emulator: [IGN_TEAS Loop] Iteration 12025: EIP 0x004124E2→0x004124E4, ESP=0x001FEF44, EBP=0x001FEFFC, EAX=0x00480365, EBX=0x00000047, ECX=0x001FEF78, EDX=0x00000047, ESI=0x0047000E, EDI=0x00480350
2026-01-08 13:44:18.316 [INFO] Win32Emu.Emulator: [IGN_TEAS Loop] Iteration 12026: EIP 0x004124E4→0x004124E6, ESP=0x001FEF44, EBP=0x001FEFFC, EAX=0x00480365, EBX=0x00000047, ECX=0x001FEF78, EDX=0x00000047, ESI=0x0047000E, EDI=0x00480350
2026-01-08 13:44:18.316 [INFO] Win32Emu.Emulator: [IGN_TEAS Loop] Iteration 12027: EIP 0x004124E6→0x004124E8, ESP=0x001FEF44, EBP=0x001FEFFC, EAX=0x00480365, EBX=0x00000047, ECX=0x001FEF78, EDX=0x00000047, ESI=0x0047000E, EDI=0x00480350
2026-01-08 13:44:18.316 [INFO] Win32Emu.Emulator: [IGN_TEAS Loop] Iteration 12028: EIP 0x004124E8→0x004124EA, ESP=0x001FEF44, EBP=0x001FEFFC, EAX=0x00480365, EBX=0x00000047, ECX=0x001FEF78, EDX=0x00000047, ESI=0x0047000E, EDI=0x00480350
2026-01-08 13:44:18.316 [INFO] Win32Emu.Emulator: [IGN_TEAS Loop] Iteration 12029: EIP 0x004124EA→0x004124EC, ESP=0x001FEF44, EBP=0x001FEFFC, EAX=0x00480365, EBX=0x00000047, ECX=0x001FEF78, EDX=0x00000047, ESI=0x0047000E, EDI=0x00480350
2026-01-08 13:44:18.317 [INFO] Win32Emu.Emulator: [IGN_TEAS Loop] Iteration 12030: EIP 0x004124EC→0x004124ED, ESP=0x001FEF44, EBP=0x001FEFFC, EAX=0x00480366, EBX=0x00000047, ECX=0x001FEF78, EDX=0x00000047, ESI=0x0047000E, EDI=0x00480350
2026-01-08 13:44:18.317 [INFO] Win32Emu.Emulator: [IGN_TEAS Loop] Iteration 12031: EIP 0x004124ED→0x004124EE, ESP=0x001FEF44, EBP=0x001FEFFC, EAX=0x00480366, EBX=0x00000047, ECX=0x001FEF78, EDX=0x00000047, ESI=0x0047000F, EDI=0x00480350
2026-01-08 13:44:18.317 [INFO] Win32Emu.Emulator: [IGN_TEAS Loop] Iteration 12032: EIP 0x004124EE→0x004124F1, ESP=0x001FEF44, EBP=0x001FEFFC, EAX=0x00480366, EBX=0x00000047, ECX=0x001FEF78, EDX=0x00000047, ESI=0x0047000F, EDI=0x00480350
2026-01-08 13:44:18.317 [INFO] Win32Emu.Emulator: [IGN_TEAS Loop] Iteration 12033: EIP 0x004124F1→0x004124C3, ESP=0x001FEF44, EBP=0x001FEFFC, EAX=0x00480366, EBX=0x00000047, ECX=0x001FEF78, EDX=0x00000047, ESI=0x0047000F, EDI=0x00480350
2026-01-08 13:44:18.317 [INFO] Win32Emu.Emulator: [IGN_TEAS Loop] Iteration 12034: EIP 0x004124C3→0x004124C5, ESP=0x001FEF44, EBP=0x001FEFFC, EAX=0x00480366, EBX=0x0000004E, ECX=0x001FEF78, EDX=0x00000047, ESI=0x0047000F, EDI=0x00480350
2026-01-08 13:44:18.317 [INFO] Win32Emu.Emulator: [IGN_TEAS Loop] Iteration 12035: EIP 0x004124C5→0x004124C7, ESP=0x001FEF44, EBP=0x001FEFFC, EAX=0x00480366, EBX=0x0000004E, ECX=0x001FEF78, EDX=0x00000047, ESI=0x0047000F, EDI=0x00480350
2026-01-08 13:44:18.317 [INFO] Win32Emu.Emulator: [IGN_TEAS Loop] Iteration 12036: EIP 0x004124C7→0x004124C9, ESP=0x001FEF44, EBP=0x001FEFFC, EAX=0x00480366, EBX=0x0000004E, ECX=0x001FEF78, EDX=0x00000047, ESI=0x0047000F, EDI=0x00480350
2026-01-08 13:44:18.317 [INFO] Win32Emu.Emulator: [IGN_TEAS Loop] Iteration 12037: EIP 0x004124C9→0x004124CB, ESP=0x001FEF44, EBP=0x001FEFFC, EAX=0x00480366, EBX=0x0000004E, ECX=0x001FEF78, EDX=0x00000000, ESI=0x0047000F, EDI=0x00480350
2026-01-08 13:44:18.317 [INFO] Win32Emu.Emulator: [IGN_TEAS Loop] Iteration 12038: EIP 0x004124CB→0x004124CD, ESP=0x001FEF44, EBP=0x001FEFFC, EAX=0x00480366, EBX=0x0000004E, ECX=0x001FEF78, EDX=0x0000004E, ESI=0x0047000F, EDI=0x00480350
2026-01-08 13:44:18.317 [INFO] Win32Emu.Emulator: [IGN_TEAS Loop] Iteration 12039: EIP 0x004124CD→0x004124D4, ESP=0x001FEF44, EBP=0x001FEFFC, EAX=0x00480366, EBX=0x0000004E, ECX=0x001FEF78, EDX=0x0000004E, ESI=0x0047000F, EDI=0x00480350
2026-01-08 13:44:18.317 [INFO] Win32Emu.Emulator: [IGN_TEAS Loop] Iteration 12040: EIP 0x004124D4→0x004124E2, ESP=0x001FEF44, EBP=0x001FEFFC, EAX=0x00480366, EBX=0x0000004E, ECX=0x001FEF78, EDX=0x0000004E, ESI=0x0047000F, EDI=0x00480350
2026-01-08 13:44:18.317 [INFO] Win32Emu.Emulator: [IGN_TEAS Loop] Iteration 12041: EIP 0x004124E2→0x004124E4, ESP=0x001FEF44, EBP=0x001FEFFC, EAX=0x00480366, EBX=0x0000004E, ECX=0x001FEF78, EDX=0x0000004E, ESI=0x0047000F, EDI=0x00480350
2026-01-08 13:44:18.317 [INFO] Win32Emu.Emulator: [IGN_TEAS Loop] Iteration 12042: EIP 0x004124E4→0x004124E6, ESP=0x001FEF44, EBP=0x001FEFFC, EAX=0x00480366, EBX=0x0000004E, ECX=0x001FEF78, EDX=0x0000004E, ESI=0x0047000F, EDI=0x00480350
2026-01-08 13:44:18.317 [INFO] Win32Emu.Emulator: [IGN_TEAS Loop] Iteration 12043: EIP 0x004124E6→0x004124E8, ESP=0x001FEF44, EBP=0x001FEFFC, EAX=0x00480366, EBX=0x0000004E, ECX=0x001FEF78, EDX=0x0000004E, ESI=0x0047000F, EDI=0x00480350
2026-01-08 13:44:18.317 [INFO] Win32Emu.Emulator: [IGN_TEAS Loop] Iteration 12044: EIP 0x004124E8→0x004124EA, ESP=0x001FEF44, EBP=0x001FEFFC, EAX=0x00480366, EBX=0x0000004E, ECX=0x001FEF78, EDX=0x0000004E, ESI=0x0047000F, EDI=0x00480350
2026-01-08 13:44:18.317 [INFO] Win32Emu.Emulator: [IGN_TEAS Loop] Iteration 12045: EIP 0x004124EA→0x004124EC, ESP=0x001FEF44, EBP=0x001FEFFC, EAX=0x00480366, EBX=0x0000004E, ECX=0x001FEF78, EDX=0x0000004E, ESI=0x0047000F, EDI=0x00480350
2026-01-08 13:44:18.317 [INFO] Win32Emu.Emulator: [IGN_TEAS Loop] Iteration 12046: EIP 0x004124EC→0x004124ED, ESP=0x001FEF44, EBP=0x001FEFFC, EAX=0x00480367, EBX=0x0000004E, ECX=0x001FEF78, EDX=0x0000004E, ESI=0x0047000F, EDI=0x00480350
2026-01-08 13:44:18.317 [INFO] Win32Emu.Emulator: [IGN_TEAS Loop] Iteration 12047: EIP 0x004124ED→0x004124EE, ESP=0x001FEF44, EBP=0x001FEFFC, EAX=0x00480367, EBX=0x0000004E, ECX=0x001FEF78, EDX=0x0000004E, ESI=0x00470010, EDI=0x00480350
2026-01-08 13:44:18.317 [INFO] Win32Emu.Emulator: [IGN_TEAS Loop] Iteration 12048: EIP 0x004124EE→0x004124F1, ESP=0x001FEF44, EBP=0x001FEFFC, EAX=0x00480367, EBX=0x0000004E, ECX=0x001FEF78, EDX=0x0000004E, ESI=0x00470010, EDI=0x00480350
2026-01-08 13:44:18.317 [INFO] Win32Emu.Emulator: [IGN_TEAS Loop] Iteration 12049: EIP 0x004124F1→0x004124C3, ESP=0x001FEF44, EBP=0x001FEFFC, EAX=0x00480367, EBX=0x0000004E, ECX=0x001FEF78, EDX=0x0000004E, ESI=0x00470010, EDI=0x00480350
2026-01-08 13:44:18.317 [INFO] Win32Emu.Emulator: [IGN_TEAS Loop] Iteration 12050: EIP 0x004124C3→0x004124C5, ESP=0x001FEF44, EBP=0x001FEFFC, EAX=0x00480367, EBX=0x0000005F, ECX=0x001FEF78, EDX=0x0000004E, ESI=0x00470010, EDI=0x00480350
2026-01-08 13:44:18.317 [INFO] Win32Emu.Emulator: [IGN_TEAS Loop] Iteration 12051: EIP 0x004124C5→0x004124C7, ESP=0x001FEF44, EBP=0x001FEFFC, EAX=0x00480367, EBX=0x0000005F, ECX=0x001FEF78, EDX=0x0000004E, ESI=0x00470010, EDI=0x00480350
2026-01-08 13:44:18.317 [INFO] Win32Emu.Emulator: [IGN_TEAS Loop] Iteration 12052: EIP 0x004124C7→0x004124C9, ESP=0x001FEF44, EBP=0x001FEFFC, EAX=0x00480367, EBX=0x0000005F, ECX=0x001FEF78, EDX=0x0000004E, ESI=0x00470010, EDI=0x00480350
2026-01-08 13:44:18.317 [INFO] Win32Emu.Emulator: [IGN_TEAS Loop] Iteration 12053: EIP 0x004124C9→0x004124CB, ESP=0x001FEF44, EBP=0x001FEFFC, EAX=0x00480367, EBX=0x0000005F, ECX=0x001FEF78, EDX=0x00000000, ESI=0x00470010, EDI=0x00480350
2026-01-08 13:44:18.317 [INFO] Win32Emu.Emulator: [IGN_TEAS Loop] Iteration 12054: EIP 0x004124CB→0x004124CD, ESP=0x001FEF44, EBP=0x001FEFFC, EAX=0x00480367, EBX=0x0000005F, ECX=0x001FEF78, EDX=0x0000005F, ESI=0x00470010, EDI=0x00480350
2026-01-08 13:44:18.317 [INFO] Win32Emu.Emulator: [IGN_TEAS Loop] Iteration 12055: EIP 0x004124CD→0x004124D4, ESP=0x001FEF44, EBP=0x001FEFFC, EAX=0x00480367, EBX=0x0000005F, ECX=0x001FEF78, EDX=0x0000005F, ESI=0x00470010, EDI=0x00480350
2026-01-08 13:44:18.317 [INFO] Win32Emu.Emulator: [IGN_TEAS Loop] Iteration 12056: EIP 0x004124D4→0x004124E2, ESP=0x001FEF44, EBP=0x001FEFFC, EAX=0x00480367, EBX=0x0000005F, ECX=0x001FEF78, EDX=0x0000005F, ESI=0x00470010, EDI=0x00480350
2026-01-08 13:44:18.317 [INFO] Win32Emu.Emulator: [IGN_TEAS Loop] Iteration 12057: EIP 0x004124E2→0x004124E4, ESP=0x001FEF44, EBP=0x001FEFFC, EAX=0x00480367, EBX=0x0000005F, ECX=0x001FEF78, EDX=0x0000005F, ESI=0x00470010, EDI=0x00480350
2026-01-08 13:44:18.317 [INFO] Win32Emu.Emulator: [IGN_TEAS Loop] Iteration 12058: EIP 0x004124E4→0x004124E6, ESP=0x001FEF44, EBP=0x001FEFFC, EAX=0x00480367, EBX=0x0000005F, ECX=0x001FEF78, EDX=0x0000005F, ESI=0x00470010, EDI=0x00480350
2026-01-08 13:44:18.317 [INFO] Win32Emu.Emulator: [IGN_TEAS Loop] Iteration 12059: EIP 0x004124E6→0x004124E8, ESP=0x001FEF44, EBP=0x001FEFFC, EAX=0x00480367, EBX=0x0000005F, ECX=0x001FEF78, EDX=0x0000005F, ESI=0x00470010, EDI=0x00480350
2026-01-08 13:44:18.317 [INFO] Win32Emu.Emulator: [IGN_TEAS Loop] Iteration 12060: EIP 0x004124E8→0x004124EA, ESP=0x001FEF44, EBP=0x001FEFFC, EAX=0x00480367, EBX=0x0000005F, ECX=0x001FEF78, EDX=0x0000005F, ESI=0x00470010, EDI=0x00480350
2026-01-08 13:44:18.317 [INFO] Win32Emu.Emulator: [IGN_TEAS Loop] Iteration 12061: EIP 0x004124EA→0x004124EC, ESP=0x001FEF44, EBP=0x001FEFFC, EAX=0x00480367, EBX=0x0000005F, ECX=0x001FEF78, EDX=0x0000005F, ESI=0x00470010, EDI=0x00480350
2026-01-08 13:44:18.318 [INFO] Win32Emu.Emulator: [IGN_TEAS Loop] Iteration 12062: EIP 0x004124EC→0x004124ED, ESP=0x001FEF44, EBP=0x001FEFFC, EAX=0x00480368, EBX=0x0000005F, ECX=0x001FEF78, EDX=0x0000005F, ESI=0x00470010, EDI=0x00480350
2026-01-08 13:44:18.318 [INFO] Win32Emu.Emulator: [IGN_TEAS Loop] Iteration 12063: EIP 0x004124ED→0x004124EE, ESP=0x001FEF44, EBP=0x001FEFFC, EAX=0x00480368, EBX=0x0000005F, ECX=0x001FEF78, EDX=0x0000005F, ESI=0x00470011, EDI=0x00480350
2026-01-08 13:44:18.318 [INFO] Win32Emu.Emulator: [IGN_TEAS Loop] Iteration 12064: EIP 0x004124EE→0x004124F1, ESP=0x001FEF44, EBP=0x001FEFFC, EAX=0x00480368, EBX=0x0000005F, ECX=0x001FEF78, EDX=0x0000005F, ESI=0x00470011, EDI=0x00480350
2026-01-08 13:44:18.318 [INFO] Win32Emu.Emulator: [IGN_TEAS Loop] Iteration 12065: EIP 0x004124F1→0x004124C3, ESP=0x001FEF44, EBP=0x001FEFFC, EAX=0x00480368, EBX=0x0000005F, ECX=0x001FEF78, EDX=0x0000005F, ESI=0x00470011, EDI=0x00480350
2026-01-08 13:44:18.318 [INFO] Win32Emu.Emulator: [IGN_TEAS Loop] Iteration 12066: EIP 0x004124C3→0x004124C5, ESP=0x001FEF44, EBP=0x001FEFFC, EAX=0x00480368, EBX=0x00000054, ECX=0x001FEF78, EDX=0x0000005F, ESI=0x00470011, EDI=0x00480350
2026-01-08 13:44:18.318 [INFO] Win32Emu.Emulator: [IGN_TEAS Loop] Iteration 12067: EIP 0x004124C5→0x004124C7, ESP=0x001FEF44, EBP=0x001FEFFC, EAX=0x00480368, EBX=0x00000054, ECX=0x001FEF78, EDX=0x0000005F, ESI=0x00470011, EDI=0x00480350
2026-01-08 13:44:18.318 [INFO] Win32Emu.Emulator: [IGN_TEAS Loop] Iteration 12068: EIP 0x004124C7→0x004124C9, ESP=0x001FEF44, EBP=0x001FEFFC, EAX=0x00480368, EBX=0x00000054, ECX=0x001FEF78, EDX=0x0000005F, ESI=0x00470011, EDI=0x00480350
2026-01-08 13:44:18.318 [INFO] Win32Emu.Emulator: [IGN_TEAS Loop] Iteration 12069: EIP 0x004124C9→0x004124CB, ESP=0x001FEF44, EBP=0x001FEFFC, EAX=0x00480368, EBX=0x00000054, ECX=0x001FEF78, EDX=0x00000000, ESI=0x00470011, EDI=0x00480350
2026-01-08 13:44:18.318 [INFO] Win32Emu.Emulator: [IGN_TEAS Loop] Iteration 12070: EIP 0x004124CB→0x004124CD, ESP=0x001FEF44, EBP=0x001FEFFC, EAX=0x00480368, EBX=0x00000054, ECX=0x001FEF78, EDX=0x00000054, ESI=0x00470011, EDI=0x00480350
2026-01-08 13:44:18.318 [INFO] Win32Emu.Emulator: [IGN_TEAS Loop] Iteration 12071: EIP 0x004124CD→0x004124D4, ESP=0x001FEF44, EBP=0x001FEFFC, EAX=0x00480368, EBX=0x00000054, ECX=0x001FEF78, EDX=0x00000054, ESI=0x00470011, EDI=0x00480350
2026-01-08 13:44:18.318 [INFO] Win32Emu.Emulator: [IGN_TEAS Loop] Iteration 12072: EIP 0x004124D4→0x004124E2, ESP=0x001FEF44, EBP=0x001FEFFC, EAX=0x00480368, EBX=0x00000054, ECX=0x001FEF78, EDX=0x00000054, ESI=0x00470011, EDI=0x00480350
2026-01-08 13:44:18.318 [INFO] Win32Emu.Emulator: [IGN_TEAS Loop] Iteration 12073: EIP 0x004124E2→0x004124E4, ESP=0x001FEF44, EBP=0x001FEFFC, EAX=0x00480368, EBX=0x00000054, ECX=0x001FEF78, EDX=0x00000054, ESI=0x00470011, EDI=0x00480350
2026-01-08 13:44:18.318 [INFO] Win32Emu.Emulator: [IGN_TEAS Loop] Iteration 12074: EIP 0x004124E4→0x004124E6, ESP=0x001FEF44, EBP=0x001FEFFC, EAX=0x00480368, EBX=0x00000054, ECX=0x001FEF78, EDX=0x00000054, ESI=0x00470011, EDI=0x00480350
2026-01-08 13:44:18.318 [INFO] Win32Emu.Emulator: [IGN_TEAS Loop] Iteration 12075: EIP 0x004124E6→0x004124E8, ESP=0x001FEF44, EBP=0x001FEFFC, EAX=0x00480368, EBX=0x00000054, ECX=0x001FEF78, EDX=0x00000054, ESI=0x00470011, EDI=0x00480350
2026-01-08 13:44:18.318 [INFO] Win32Emu.Emulator: [IGN_TEAS Loop] Iteration 12076: EIP 0x004124E8→0x004124EA, ESP=0x001FEF44, EBP=0x001FEFFC, EAX=0x00480368, EBX=0x00000054, ECX=0x001FEF78, EDX=0x00000054, ESI=0x00470011, EDI=0x00480350
2026-01-08 13:44:18.318 [INFO] Win32Emu.Emulator: [IGN_TEAS Loop] Iteration 12077: EIP 0x004124EA→0x004124EC, ESP=0x001FEF44, EBP=0x001FEFFC, EAX=0x00480368, EBX=0x00000054, ECX=0x001FEF78, EDX=0x00000054, ESI=0x00470011, EDI=0x00480350
2026-01-08 13:44:18.318 [INFO] Win32Emu.Emulator: [IGN_TEAS Loop] Iteration 12078: EIP 0x004124EC→0x004124ED, ESP=0x001FEF44, EBP=0x001FEFFC, EAX=0x00480369, EBX=0x00000054, ECX=0x001FEF78, EDX=0x00000054, ESI=0x00470011, EDI=0x00480350
2026-01-08 13:44:18.318 [INFO] Win32Emu.Emulator: [IGN_TEAS Loop] Iteration 12079: EIP 0x004124ED→0x004124EE, ESP=0x001FEF44, EBP=0x001FEFFC, EAX=0x00480369, EBX=0x00000054, ECX=0x001FEF78, EDX=0x00000054, ESI=0x00470012, EDI=0x00480350
2026-01-08 13:44:18.318 [INFO] Win32Emu.Emulator: [IGN_TEAS Loop] Iteration 12080: EIP 0x004124EE→0x004124F1, ESP=0x001FEF44, EBP=0x001FEFFC, EAX=0x00480369, EBX=0x00000054, ECX=0x001FEF78, EDX=0x00000054, ESI=0x00470012, EDI=0x00480350
2026-01-08 13:44:18.318 [INFO] Win32Emu.Emulator: [IGN_TEAS Loop] Iteration 12081: EIP 0x004124F1→0x004124C3, ESP=0x001FEF44, EBP=0x001FEFFC, EAX=0x00480369, EBX=0x00000054, ECX=0x001FEF78, EDX=0x00000054, ESI=0x00470012, EDI=0x00480350
2026-01-08 13:44:18.318 [INFO] Win32Emu.Emulator: [IGN_TEAS Loop] Iteration 12082: EIP 0x004124C3→0x004124C5, ESP=0x001FEF44, EBP=0x001FEFFC, EAX=0x00480369, EBX=0x00000045, ECX=0x001FEF78, EDX=0x00000054, ESI=0x00470012, EDI=0x00480350
2026-01-08 13:44:18.318 [INFO] Win32Emu.Emulator: [IGN_TEAS Loop] Iteration 12083: EIP 0x004124C5→0x004124C7, ESP=0x001FEF44, EBP=0x001FEFFC, EAX=0x00480369, EBX=0x00000045, ECX=0x001FEF78, EDX=0x00000054, ESI=0x00470012, EDI=0x00480350
2026-01-08 13:44:18.318 [INFO] Win32Emu.Emulator: [IGN_TEAS Loop] Iteration 12084: EIP 0x004124C7→0x004124C9, ESP=0x001FEF44, EBP=0x001FEFFC, EAX=0x00480369, EBX=0x00000045, ECX=0x001FEF78, EDX=0x00000054, ESI=0x00470012, EDI=0x00480350
2026-01-08 13:44:18.318 [INFO] Win32Emu.Emulator: [IGN_TEAS Loop] Iteration 12085: EIP 0x004124C9→0x004124CB, ESP=0x001FEF44, EBP=0x001FEFFC, EAX=0x00480369, EBX=0x00000045, ECX=0x001FEF78, EDX=0x00000000, ESI=0x00470012, EDI=0x00480350
2026-01-08 13:44:18.318 [INFO] Win32Emu.Emulator: [IGN_TEAS Loop] Iteration 12086: EIP 0x004124CB→0x004124CD, ESP=0x001FEF44, EBP=0x001FEFFC, EAX=0x00480369, EBX=0x00000045, ECX=0x001FEF78, EDX=0x00000045, ESI=0x00470012, EDI=0x00480350
2026-01-08 13:44:18.318 [INFO] Win32Emu.Emulator: [IGN_TEAS Loop] Iteration 12087: EIP 0x004124CD→0x004124D4, ESP=0x001FEF44, EBP=0x001FEFFC, EAX=0x00480369, EBX=0x00000045, ECX=0x001FEF78, EDX=0x00000045, ESI=0x00470012, EDI=0x00480350
2026-01-08 13:44:18.318 [INFO] Win32Emu.Emulator: [IGN_TEAS Loop] Iteration 12088: EIP 0x004124D4→0x004124E2, ESP=0x001FEF44, EBP=0x001FEFFC, EAX=0x00480369, EBX=0x00000045, ECX=0x001FEF78, EDX=0x00000045, ESI=0x00470012, EDI=0x00480350
2026-01-08 13:44:18.318 [INFO] Win32Emu.Emulator: [IGN_TEAS Loop] Iteration 12089: EIP 0x004124E2→0x004124E4, ESP=0x001FEF44, EBP=0x001FEFFC, EAX=0x00480369, EBX=0x00000045, ECX=0x001FEF78, EDX=0x00000045, ESI=0x00470012, EDI=0x00480350
2026-01-08 13:44:18.318 [INFO] Win32Emu.Emulator: [IGN_TEAS Loop] Iteration 12090: EIP 0x004124E4→0x004124E6, ESP=0x001FEF44, EBP=0x001FEFFC, EAX=0x00480369, EBX=0x00000045, ECX=0x001FEF78, EDX=0x00000045, ESI=0x00470012, EDI=0x00480350
2026-01-08 13:44:18.318 [INFO] Win32Emu.Emulator: [IGN_TEAS Loop] Iteration 12091: EIP 0x004124E6→0x004124E8, ESP=0x001FEF44, EBP=0x001FEFFC, EAX=0x00480369, EBX=0x00000045, ECX=0x001FEF78, EDX=0x00000045, ESI=0x00470012, EDI=0x00480350
2026-01-08 13:44:18.318 [INFO] Win32Emu.Emulator: [IGN_TEAS Loop] Iteration 12092: EIP 0x004124E8→0x004124EA, ESP=0x001FEF44, EBP=0x001FEFFC, EAX=0x00480369, EBX=0x00000045, ECX=0x001FEF78, EDX=0x00000045, ESI=0x00470012, EDI=0x00480350
2026-01-08 13:44:18.318 [INFO] Win32Emu.Emulator: [IGN_TEAS Loop] Iteration 12093: EIP 0x004124EA→0x004124EC, ESP=0x001FEF44, EBP=0x001FEFFC, EAX=0x00480369, EBX=0x00000045, ECX=0x001FEF78, EDX=0x00000045, ESI=0x00470012, EDI=0x00480350
2026-01-08 13:44:18.319 [INFO] Win32Emu.Emulator: [IGN_TEAS Loop] Iteration 12094: EIP 0x004124EC→0x004124ED, ESP=0x001FEF44, EBP=0x001FEFFC, EAX=0x0048036A, EBX=0x00000045, ECX=0x001FEF78, EDX=0x00000045, ESI=0x00470012, EDI=0x00480350
2026-01-08 13:44:18.319 [INFO] Win32Emu.Emulator: [IGN_TEAS Loop] Iteration 12095: EIP 0x004124ED→0x004124EE, ESP=0x001FEF44, EBP=0x001FEFFC, EAX=0x0048036A, EBX=0x00000045, ECX=0x001FEF78, EDX=0x00000045, ESI=0x00470013, EDI=0x00480350
2026-01-08 13:44:18.319 [INFO] Win32Emu.Emulator: [IGN_TEAS Loop] Iteration 12096: EIP 0x004124EE→0x004124F1, ESP=0x001FEF44, EBP=0x001FEFFC, EAX=0x0048036A, EBX=0x00000045, ECX=0x001FEF78, EDX=0x00000045, ESI=0x00470013, EDI=0x00480350
2026-01-08 13:44:18.319 [INFO] Win32Emu.Emulator: [IGN_TEAS Loop] Iteration 12097: EIP 0x004124F1→0x004124C3, ESP=0x001FEF44, EBP=0x001FEFFC, EAX=0x0048036A, EBX=0x00000045, ECX=0x001FEF78, EDX=0x00000045, ESI=0x00470013, EDI=0x00480350
2026-01-08 13:44:18.319 [INFO] Win32Emu.Emulator: [IGN_TEAS Loop] Iteration 12098: EIP 0x004124C3→0x004124C5, ESP=0x001FEF44, EBP=0x001FEFFC, EAX=0x0048036A, EBX=0x00000041, ECX=0x001FEF78, EDX=0x00000045, ESI=0x00470013, EDI=0x00480350
2026-01-08 13:44:18.319 [INFO] Win32Emu.Emulator: [IGN_TEAS Loop] Iteration 12099: EIP 0x004124C5→0x004124C7, ESP=0x001FEF44, EBP=0x001FEFFC, EAX=0x0048036A, EBX=0x00000041, ECX=0x001FEF78, EDX=0x00000045, ESI=0x00470013, EDI=0x00480350
2026-01-08 13:44:18.319 [INFO] Win32Emu.Emulator: [IGN_TEAS Loop] Iteration 12100: EIP 0x004124C7→0x004124C9, ESP=0x001FEF44, EBP=0x001FEFFC, EAX=0x0048036A, EBX=0x00000041, ECX=0x001FEF78, EDX=0x00000045, ESI=0x00470013, EDI=0x00480350
2026-01-08 13:44:18.319 [INFO] Win32Emu.Emulator: [IGN_TEAS Loop] Iteration 12101: EIP 0x004124C9→0x004124CB, ESP=0x001FEF44, EBP=0x001FEFFC, EAX=0x0048036A, EBX=0x00000041, ECX=0x001FEF78, EDX=0x00000000, ESI=0x00470013, EDI=0x00480350
2026-01-08 13:44:18.319 [INFO] Win32Emu.Emulator: [IGN_TEAS Loop] Iteration 12102: EIP 0x004124CB→0x004124CD, ESP=0x001FEF44, EBP=0x001FEFFC, EAX=0x0048036A, EBX=0x00000041, ECX=0x001FEF78, EDX=0x00000041, ESI=0x00470013, EDI=0x00480350
2026-01-08 13:44:18.319 [INFO] Win32Emu.Emulator: [IGN_TEAS Loop] Iteration 12103: EIP 0x004124CD→0x004124D4, ESP=0x001FEF44, EBP=0x001FEFFC, EAX=0x0048036A, EBX=0x00000041, ECX=0x001FEF78, EDX=0x00000041, ESI=0x00470013, EDI=0x00480350
2026-01-08 13:44:18.319 [INFO] Win32Emu.Emulator: [IGN_TEAS Loop] Iteration 12104: EIP 0x004124D4→0x004124E2, ESP=0x001FEF44, EBP=0x001FEFFC, EAX=0x0048036A, EBX=0x00000041, ECX=0x001FEF78, EDX=0x00000041, ESI=0x00470013, EDI=0x00480350
2026-01-08 13:44:18.319 [INFO] Win32Emu.Emulator: [IGN_TEAS Loop] Iteration 12105: EIP 0x004124E2→0x004124E4, ESP=0x001FEF44, EBP=0x001FEFFC, EAX=0x0048036A, EBX=0x00000041, ECX=0x001FEF78, EDX=0x00000041, ESI=0x00470013, EDI=0x00480350
2026-01-08 13:44:18.319 [INFO] Win32Emu.Emulator: [IGN_TEAS Loop] Iteration 12106: EIP 0x004124E4→0x004124E6, ESP=0x001FEF44, EBP=0x001FEFFC, EAX=0x0048036A, EBX=0x00000041, ECX=0x001FEF78, EDX=0x00000041, ESI=0x00470013, EDI=0x00480350
2026-01-08 13:44:18.319 [INFO] Win32Emu.Emulator: [IGN_TEAS Loop] Iteration 12107: EIP 0x004124E6→0x004124E8, ESP=0x001FEF44, EBP=0x001FEFFC, EAX=0x0048036A, EBX=0x00000041, ECX=0x001FEF78, EDX=0x00000041, ESI=0x00470013, EDI=0x00480350
2026-01-08 13:44:18.319 [INFO] Win32Emu.Emulator: [IGN_TEAS Loop] Iteration 12108: EIP 0x004124E8→0x004124EA, ESP=0x001FEF44, EBP=0x001FEFFC, EAX=0x0048036A, EBX=0x00000041, ECX=0x001FEF78, EDX=0x00000041, ESI=0x00470013, EDI=0x00480350
2026-01-08 13:44:18.319 [INFO] Win32Emu.Emulator: [IGN_TEAS Loop] Iteration 12109: EIP 0x004124EA→0x004124EC, ESP=0x001FEF44, EBP=0x001FEFFC, EAX=0x0048036A, EBX=0x00000041, ECX=0x001FEF78, EDX=0x00000041, ESI=0x00470013, EDI=0x00480350
2026-01-08 13:44:18.319 [INFO] Win32Emu.Emulator: [IGN_TEAS Loop] Iteration 12110: EIP 0x004124EC→0x004124ED, ESP=0x001FEF44, EBP=0x001FEFFC, EAX=0x0048036B, EBX=0x00000041, ECX=0x001FEF78, EDX=0x00000041, ESI=0x00470013, EDI=0x00480350
2026-01-08 13:44:18.319 [INFO] Win32Emu.Emulator: [IGN_TEAS Loop] Iteration 12111: EIP 0x004124ED→0x004124EE, ESP=0x001FEF44, EBP=0x001FEFFC, EAX=0x0048036B, EBX=0x00000041, ECX=0x001FEF78, EDX=0x00000041, ESI=0x00470014, EDI=0x00480350
2026-01-08 13:44:18.319 [INFO] Win32Emu.Emulator: [IGN_TEAS Loop] Iteration 12112: EIP 0x004124EE→0x004124F1, ESP=0x001FEF44, EBP=0x001FEFFC, EAX=0x0048036B, EBX=0x00000041, ECX=0x001FEF78, EDX=0x00000041, ESI=0x00470014, EDI=0x00480350
2026-01-08 13:44:18.319 [INFO] Win32Emu.Emulator: [IGN_TEAS Loop] Iteration 12113: EIP 0x004124F1→0x004124C3, ESP=0x001FEF44, EBP=0x001FEFFC, EAX=0x0048036B, EBX=0x00000041, ECX=0x001FEF78, EDX=0x00000041, ESI=0x00470014, EDI=0x00480350
2026-01-08 13:44:18.319 [INFO] Win32Emu.Emulator: [IGN_TEAS Loop] Iteration 12114: EIP 0x004124C3→0x004124C5, ESP=0x001FEF44, EBP=0x001FEFFC, EAX=0x0048036B, EBX=0x00000053, ECX=0x001FEF78, EDX=0x00000041, ESI=0x00470014, EDI=0x00480350
2026-01-08 13:44:18.319 [INFO] Win32Emu.Emulator: [IGN_TEAS Loop] Iteration 12115: EIP 0x004124C5→0x004124C7, ESP=0x001FEF44, EBP=0x001FEFFC, EAX=0x0048036B, EBX=0x00000053, ECX=0x001FEF78, EDX=0x00000041, ESI=0x00470014, EDI=0x00480350
2026-01-08 13:44:18.319 [INFO] Win32Emu.Emulator: [IGN_TEAS Loop] Iteration 12116: EIP 0x004124C7→0x004124C9, ESP=0x001FEF44, EBP=0x001FEFFC, EAX=0x0048036B, EBX=0x00000053, ECX=0x001FEF78, EDX=0x00000041, ESI=0x00470014, EDI=0x00480350
2026-01-08 13:44:18.319 [INFO] Win32Emu.Emulator: [IGN_TEAS Loop] Iteration 12117: EIP 0x004124C9→0x004124CB, ESP=0x001FEF44, EBP=0x001FEFFC, EAX=0x0048036B, EBX=0x00000053, ECX=0x001FEF78, EDX=0x00000000, ESI=0x00470014, EDI=0x00480350
2026-01-08 13:44:18.319 [INFO] Win32Emu.Emulator: [IGN_TEAS Loop] Iteration 12118: EIP 0x004124CB→0x004124CD, ESP=0x001FEF44, EBP=0x001FEFFC, EAX=0x0048036B, EBX=0x00000053, ECX=0x001FEF78, EDX=0x00000053, ESI=0x00470014, EDI=0x00480350
2026-01-08 13:44:18.319 [INFO] Win32Emu.Emulator: [IGN_TEAS Loop] Iteration 12119: EIP 0x004124CD→0x004124D4, ESP=0x001FEF44, EBP=0x001FEFFC, EAX=0x0048036B, EBX=0x00000053, ECX=0x001FEF78, EDX=0x00000053, ESI=0x00470014, EDI=0x00480350
2026-01-08 13:44:18.319 [INFO] Win32Emu.Emulator: [IGN_TEAS Loop] Iteration 12120: EIP 0x004124D4→0x004124E2, ESP=0x001FEF44, EBP=0x001FEFFC, EAX=0x0048036B, EBX=0x00000053, ECX=0x001FEF78, EDX=0x00000053, ESI=0x00470014, EDI=0x00480350
2026-01-08 13:44:18.319 [INFO] Win32Emu.Emulator: [IGN_TEAS Loop] Iteration 12121: EIP 0x004124E2→0x004124E4, ESP=0x001FEF44, EBP=0x001FEFFC, EAX=0x0048036B, EBX=0x00000053, ECX=0x001FEF78, EDX=0x00000053, ESI=0x00470014, EDI=0x00480350
2026-01-08 13:44:18.319 [INFO] Win32Emu.Emulator: [IGN_TEAS Loop] Iteration 12122: EIP 0x004124E4→0x004124E6, ESP=0x001FEF44, EBP=0x001FEFFC, EAX=0x0048036B, EBX=0x00000053, ECX=0x001FEF78, EDX=0x00000053, ESI=0x00470014, EDI=0x00480350
2026-01-08 13:44:18.319 [INFO] Win32Emu.Emulator: [IGN_TEAS Loop] Iteration 12123: EIP 0x004124E6→0x004124E8, ESP=0x001FEF44, EBP=0x001FEFFC, EAX=0x0048036B, EBX=0x00000053, ECX=0x001FEF78, EDX=0x00000053, ESI=0x00470014, EDI=0x00480350
2026-01-08 13:44:18.319 [INFO] Win32Emu.Emulator: [IGN_TEAS Loop] Iteration 12124: EIP 0x004124E8→0x004124EA, ESP=0x001FEF44, EBP=0x001FEFFC, EAX=0x0048036B, EBX=0x00000053, ECX=0x001FEF78, EDX=0x00000053, ESI=0x00470014, EDI=0x00480350
2026-01-08 13:44:18.320 [INFO] Win32Emu.Emulator: [IGN_TEAS Loop] Iteration 12125: EIP 0x004124EA→0x004124EC, ESP=0x001FEF44, EBP=0x001FEFFC, EAX=0x0048036B, EBX=0x00000053, ECX=0x001FEF78, EDX=0x00000053, ESI=0x00470014, EDI=0x00480350
2026-01-08 13:44:18.320 [INFO] Win32Emu.Emulator: [IGN_TEAS Loop] Iteration 12126: EIP 0x004124EC→0x004124ED, ESP=0x001FEF44, EBP=0x001FEFFC, EAX=0x0048036C, EBX=0x00000053, ECX=0x001FEF78, EDX=0x00000053, ESI=0x00470014, EDI=0x00480350
2026-01-08 13:44:18.320 [INFO] Win32Emu.Emulator: [IGN_TEAS Loop] Iteration 12127: EIP 0x004124ED→0x004124EE, ESP=0x001FEF44, EBP=0x001FEFFC, EAX=0x0048036C, EBX=0x00000053, ECX=0x001FEF78, EDX=0x00000053, ESI=0x00470015, EDI=0x00480350
2026-01-08 13:44:18.320 [INFO] Win32Emu.Emulator: [IGN_TEAS Loop] Iteration 12128: EIP 0x004124EE→0x004124F1, ESP=0x001FEF44, EBP=0x001FEFFC, EAX=0x0048036C, EBX=0x00000053, ECX=0x001FEF78, EDX=0x00000053, ESI=0x00470015, EDI=0x00480350
2026-01-08 13:44:18.320 [INFO] Win32Emu.Emulator: [IGN_TEAS Loop] Iteration 12129: EIP 0x004124F1→0x004124C3, ESP=0x001FEF44, EBP=0x001FEFFC, EAX=0x0048036C, EBX=0x00000053, ECX=0x001FEF78, EDX=0x00000053, ESI=0x00470015, EDI=0x00480350
2026-01-08 13:44:18.320 [INFO] Win32Emu.Emulator: [IGN_TEAS Loop] Iteration 12130: EIP 0x004124C3→0x004124C5, ESP=0x001FEF44, EBP=0x001FEFFC, EAX=0x0048036C, EBX=0x0000002E, ECX=0x001FEF78, EDX=0x00000053, ESI=0x00470015, EDI=0x00480350
2026-01-08 13:44:18.320 [INFO] Win32Emu.Emulator: [IGN_TEAS Loop] Iteration 12131: EIP 0x004124C5→0x004124C7, ESP=0x001FEF44, EBP=0x001FEFFC, EAX=0x0048036C, EBX=0x0000002E, ECX=0x001FEF78, EDX=0x00000053, ESI=0x00470015, EDI=0x00480350
2026-01-08 13:44:18.320 [INFO] Win32Emu.Emulator: [IGN_TEAS Loop] Iteration 12132: EIP 0x004124C7→0x004124C9, ESP=0x001FEF44, EBP=0x001FEFFC, EAX=0x0048036C, EBX=0x0000002E, ECX=0x001FEF78, EDX=0x00000053, ESI=0x00470015, EDI=0x00480350
2026-01-08 13:44:18.320 [INFO] Win32Emu.Emulator: [IGN_TEAS Loop] Iteration 12133: EIP 0x004124C9→0x004124CB, ESP=0x001FEF44, EBP=0x001FEFFC, EAX=0x0048036C, EBX=0x0000002E, ECX=0x001FEF78, EDX=0x00000000, ESI=0x00470015, EDI=0x00480350
2026-01-08 13:44:18.320 [INFO] Win32Emu.Emulator: [IGN_TEAS Loop] Iteration 12134: EIP 0x004124CB→0x004124CD, ESP=0x001FEF44, EBP=0x001FEFFC, EAX=0x0048036C, EBX=0x0000002E, ECX=0x001FEF78, EDX=0x0000002E, ESI=0x00470015, EDI=0x00480350
2026-01-08 13:44:18.320 [INFO] Win32Emu.Emulator: [IGN_TEAS Loop] Iteration 12135: EIP 0x004124CD→0x004124D4, ESP=0x001FEF44, EBP=0x001FEFFC, EAX=0x0048036C, EBX=0x0000002E, ECX=0x001FEF78, EDX=0x0000002E, ESI=0x00470015, EDI=0x00480350
2026-01-08 13:44:18.320 [INFO] Win32Emu.Emulator: [IGN_TEAS Loop] Iteration 12136: EIP 0x004124D4→0x004124E2, ESP=0x001FEF44, EBP=0x001FEFFC, EAX=0x0048036C, EBX=0x0000002E, ECX=0x001FEF78, EDX=0x0000002E, ESI=0x00470015, EDI=0x00480350
2026-01-08 13:44:18.320 [INFO] Win32Emu.Emulator: [IGN_TEAS Loop] Iteration 12137: EIP 0x004124E2→0x004124E4, ESP=0x001FEF44, EBP=0x001FEFFC, EAX=0x0048036C, EBX=0x0000002E, ECX=0x001FEF78, EDX=0x0000002E, ESI=0x00470015, EDI=0x00480350
2026-01-08 13:44:18.320 [INFO] Win32Emu.Emulator: [IGN_TEAS Loop] Iteration 12138: EIP 0x004124E4→0x004124E6, ESP=0x001FEF44, EBP=0x001FEFFC, EAX=0x0048036C, EBX=0x0000002E, ECX=0x001FEF78, EDX=0x0000002E, ESI=0x00470015, EDI=0x00480350
2026-01-08 13:44:18.320 [INFO] Win32Emu.Emulator: [IGN_TEAS Loop] Iteration 12139: EIP 0x004124E6→0x004124E8, ESP=0x001FEF44, EBP=0x001FEFFC, EAX=0x0048036C, EBX=0x0000002E, ECX=0x001FEF78, EDX=0x0000002E, ESI=0x00470015, EDI=0x00480350
2026-01-08 13:44:18.320 [INFO] Win32Emu.Emulator: [IGN_TEAS Loop] Iteration 12140: EIP 0x004124E8→0x004124EA, ESP=0x001FEF44, EBP=0x001FEFFC, EAX=0x0048036C, EBX=0x0000002E, ECX=0x001FEF78, EDX=0x0000002E, ESI=0x00470015, EDI=0x00480350
2026-01-08 13:44:18.320 [INFO] Win32Emu.Emulator: [IGN_TEAS Loop] Iteration 12141: EIP 0x004124EA→0x004124EC, ESP=0x001FEF44, EBP=0x001FEFFC, EAX=0x0048036C, EBX=0x0000002E, ECX=0x001FEF78, EDX=0x0000002E, ESI=0x00470015, EDI=0x00480350
2026-01-08 13:44:18.320 [INFO] Win32Emu.Emulator: [IGN_TEAS Loop] Iteration 12142: EIP 0x004124EC→0x004124ED, ESP=0x001FEF44, EBP=0x001FEFFC, EAX=0x0048036D, EBX=0x0000002E, ECX=0x001FEF78, EDX=0x0000002E, ESI=0x00470015, EDI=0x00480350
2026-01-08 13:44:18.320 [INFO] Win32Emu.Emulator: [IGN_TEAS Loop] Iteration 12143: EIP 0x004124ED→0x004124EE, ESP=0x001FEF44, EBP=0x001FEFFC, EAX=0x0048036D, EBX=0x0000002E, ECX=0x001FEF78, EDX=0x0000002E, ESI=0x00470016, EDI=0x00480350
2026-01-08 13:44:18.320 [INFO] Win32Emu.Emulator: [IGN_TEAS Loop] Iteration 12144: EIP 0x004124EE→0x004124F1, ESP=0x001FEF44, EBP=0x001FEFFC, EAX=0x0048036D, EBX=0x0000002E, ECX=0x001FEF78, EDX=0x0000002E, ESI=0x00470016, EDI=0x00480350
2026-01-08 13:44:18.320 [INFO] Win32Emu.Emulator: [IGN_TEAS Loop] Iteration 12145: EIP 0x004124F1→0x004124C3, ESP=0x001FEF44, EBP=0x001FEFFC, EAX=0x0048036D, EBX=0x0000002E, ECX=0x001FEF78, EDX=0x0000002E, ESI=0x00470016, EDI=0x00480350
2026-01-08 13:44:18.320 [INFO] Win32Emu.Emulator: [IGN_TEAS Loop] Iteration 12146: EIP 0x004124C3→0x004124C5, ESP=0x001FEF44, EBP=0x001FEFFC, EAX=0x0048036D, EBX=0x00000045, ECX=0x001FEF78, EDX=0x0000002E, ESI=0x00470016, EDI=0x00480350
2026-01-08 13:44:18.320 [INFO] Win32Emu.Emulator: [IGN_TEAS Loop] Iteration 12147: EIP 0x004124C5→0x004124C7, ESP=0x001FEF44, EBP=0x001FEFFC, EAX=0x0048036D, EBX=0x00000045, ECX=0x001FEF78, EDX=0x0000002E, ESI=0x00470016, EDI=0x00480350
2026-01-08 13:44:18.320 [INFO] Win32Emu.Emulator: [IGN_TEAS Loop] Iteration 12148: EIP 0x004124C7→0x004124C9, ESP=0x001FEF44, EBP=0x001FEFFC, EAX=0x0048036D, EBX=0x00000045, ECX=0x001FEF78, EDX=0x0000002E, ESI=0x00470016, EDI=0x00480350
2026-01-08 13:44:18.320 [INFO] Win32Emu.Emulator: [IGN_TEAS Loop] Iteration 12149: EIP 0x004124C9→0x004124CB, ESP=0x001FEF44, EBP=0x001FEFFC, EAX=0x0048036D, EBX=0x00000045, ECX=0x001FEF78, EDX=0x00000000, ESI=0x00470016, EDI=0x00480350
2026-01-08 13:44:18.320 [INFO] Win32Emu.Emulator: [IGN_TEAS Loop] Iteration 12150: EIP 0x004124CB→0x004124CD, ESP=0x001FEF44, EBP=0x001FEFFC, EAX=0x0048036D, EBX=0x00000045, ECX=0x001FEF78, EDX=0x00000045, ESI=0x00470016, EDI=0x00480350
2026-01-08 13:44:18.320 [INFO] Win32Emu.Emulator: [IGN_TEAS Loop] Iteration 12151: EIP 0x004124CD→0x004124D4, ESP=0x001FEF44, EBP=0x001FEFFC, EAX=0x0048036D, EBX=0x00000045, ECX=0x001FEF78, EDX=0x00000045, ESI=0x00470016, EDI=0x00480350
2026-01-08 13:44:18.320 [INFO] Win32Emu.Emulator: [IGN_TEAS Loop] Iteration 12152: EIP 0x004124D4→0x004124E2, ESP=0x001FEF44, EBP=0x001FEFFC, EAX=0x0048036D, EBX=0x00000045, ECX=0x001FEF78, EDX=0x00000045, ESI=0x00470016, EDI=0x00480350
2026-01-08 13:44:18.320 [INFO] Win32Emu.Emulator: [IGN_TEAS Loop] Iteration 12153: EIP 0x004124E2→0x004124E4, ESP=0x001FEF44, EBP=0x001FEFFC, EAX=0x0048036D, EBX=0x00000045, ECX=0x001FEF78, EDX=0x00000045, ESI=0x00470016, EDI=0x00480350
2026-01-08 13:44:18.320 [INFO] Win32Emu.Emulator: [IGN_TEAS Loop] Iteration 12154: EIP 0x004124E4→0x004124E6, ESP=0x001FEF44, EBP=0x001FEFFC, EAX=0x0048036D, EBX=0x00000045, ECX=0x001FEF78, EDX=0x00000045, ESI=0x00470016, EDI=0x00480350
2026-01-08 13:44:18.320 [INFO] Win32Emu.Emulator: [IGN_TEAS Loop] Iteration 12155: EIP 0x004124E6→0x004124E8, ESP=0x001FEF44, EBP=0x001FEFFC, EAX=0x0048036D, EBX=0x00000045, ECX=0x001FEF78, EDX=0x00000045, ESI=0x00470016, EDI=0x00480350
2026-01-08 13:44:18.320 [INFO] Win32Emu.Emulator: [IGN_TEAS Loop] Iteration 12156: EIP 0x004124E8→0x004124EA, ESP=0x001FEF44, EBP=0x001FEFFC, EAX=0x0048036D, EBX=0x00000045, ECX=0x001FEF78, EDX=0x00000045, ESI=0x00470016, EDI=0x00480350
2026-01-08 13:44:18.321 [INFO] Win32Emu.Emulator: [IGN_TEAS Loop] Iteration 12157: EIP 0x004124EA→0x004124EC, ESP=0x001FEF44, EBP=0x001FEFFC, EAX=0x0048036D, EBX=0x00000045, ECX=0x001FEF78, EDX=0x00000045, ESI=0x00470016, EDI=0x00480350
2026-01-08 13:44:18.321 [INFO] Win32Emu.Emulator: [IGN_TEAS Loop] Iteration 12158: EIP 0x004124EC→0x004124ED, ESP=0x001FEF44, EBP=0x001FEFFC, EAX=0x0048036E, EBX=0x00000045, ECX=0x001FEF78, EDX=0x00000045, ESI=0x00470016, EDI=0x00480350
2026-01-08 13:44:18.321 [INFO] Win32Emu.Emulator: [IGN_TEAS Loop] Iteration 12159: EIP 0x004124ED→0x004124EE, ESP=0x001FEF44, EBP=0x001FEFFC, EAX=0x0048036E, EBX=0x00000045, ECX=0x001FEF78, EDX=0x00000045, ESI=0x00470017, EDI=0x00480350
2026-01-08 13:44:18.321 [INFO] Win32Emu.Emulator: [IGN_TEAS Loop] Iteration 12160: EIP 0x004124EE→0x004124F1, ESP=0x001FEF44, EBP=0x001FEFFC, EAX=0x0048036E, EBX=0x00000045, ECX=0x001FEF78, EDX=0x00000045, ESI=0x00470017, EDI=0x00480350
2026-01-08 13:44:18.321 [INFO] Win32Emu.Emulator: [IGN_TEAS Loop] Iteration 12161: EIP 0x004124F1→0x004124C3, ESP=0x001FEF44, EBP=0x001FEFFC, EAX=0x0048036E, EBX=0x00000045, ECX=0x001FEF78, EDX=0x00000045, ESI=0x00470017, EDI=0x00480350
2026-01-08 13:44:18.321 [INFO] Win32Emu.Emulator: [IGN_TEAS Loop] Iteration 12162: EIP 0x004124C3→0x004124C5, ESP=0x001FEF44, EBP=0x001FEFFC, EAX=0x0048036E, EBX=0x00000058, ECX=0x001FEF78, EDX=0x00000045, ESI=0x00470017, EDI=0x00480350
2026-01-08 13:44:18.321 [INFO] Win32Emu.Emulator: [IGN_TEAS Loop] Iteration 12163: EIP 0x004124C5→0x004124C7, ESP=0x001FEF44, EBP=0x001FEFFC, EAX=0x0048036E, EBX=0x00000058, ECX=0x001FEF78, EDX=0x00000045, ESI=0x00470017, EDI=0x00480350
2026-01-08 13:44:18.321 [INFO] Win32Emu.Emulator: [IGN_TEAS Loop] Iteration 12164: EIP 0x004124C7→0x004124C9, ESP=0x001FEF44, EBP=0x001FEFFC, EAX=0x0048036E, EBX=0x00000058, ECX=0x001FEF78, EDX=0x00000045, ESI=0x00470017, EDI=0x00480350
2026-01-08 13:44:18.321 [INFO] Win32Emu.Emulator: [IGN_TEAS Loop] Iteration 12165: EIP 0x004124C9→0x004124CB, ESP=0x001FEF44, EBP=0x001FEFFC, EAX=0x0048036E, EBX=0x00000058, ECX=0x001FEF78, EDX=0x00000000, ESI=0x00470017, EDI=0x00480350
2026-01-08 13:44:18.321 [INFO] Win32Emu.Emulator: [IGN_TEAS Loop] Iteration 12166: EIP 0x004124CB→0x004124CD, ESP=0x001FEF44, EBP=0x001FEFFC, EAX=0x0048036E, EBX=0x00000058, ECX=0x001FEF78, EDX=0x00000058, ESI=0x00470017, EDI=0x00480350
2026-01-08 13:44:18.321 [INFO] Win32Emu.Emulator: [IGN_TEAS Loop] Iteration 12167: EIP 0x004124CD→0x004124D4, ESP=0x001FEF44, EBP=0x001FEFFC, EAX=0x0048036E, EBX=0x00000058, ECX=0x001FEF78, EDX=0x00000058, ESI=0x00470017, EDI=0x00480350
2026-01-08 13:44:18.321 [INFO] Win32Emu.Emulator: [IGN_TEAS Loop] Iteration 12168: EIP 0x004124D4→0x004124E2, ESP=0x001FEF44, EBP=0x001FEFFC, EAX=0x0048036E, EBX=0x00000058, ECX=0x001FEF78, EDX=0x00000058, ESI=0x00470017, EDI=0x00480350
2026-01-08 13:44:18.321 [INFO] Win32Emu.Emulator: [IGN_TEAS Loop] Iteration 12169: EIP 0x004124E2→0x004124E4, ESP=0x001FEF44, EBP=0x001FEFFC, EAX=0x0048036E, EBX=0x00000058, ECX=0x001FEF78, EDX=0x00000058, ESI=0x00470017, EDI=0x00480350
2026-01-08 13:44:18.321 [INFO] Win32Emu.Emulator: [IGN_TEAS Loop] Iteration 12170: EIP 0x004124E4→0x004124E6, ESP=0x001FEF44, EBP=0x001FEFFC, EAX=0x0048036E, EBX=0x00000058, ECX=0x001FEF78, EDX=0x00000058, ESI=0x00470017, EDI=0x00480350
2026-01-08 13:44:18.321 [INFO] Win32Emu.Emulator: [IGN_TEAS Loop] Iteration 12171: EIP 0x004124E6→0x004124E8, ESP=0x001FEF44, EBP=0x001FEFFC, EAX=0x0048036E, EBX=0x00000058, ECX=0x001FEF78, EDX=0x00000058, ESI=0x00470017, EDI=0x00480350
2026-01-08 13:44:18.321 [INFO] Win32Emu.Emulator: [IGN_TEAS Loop] Iteration 12172: EIP 0x004124E8→0x004124EA, ESP=0x001FEF44, EBP=0x001FEFFC, EAX=0x0048036E, EBX=0x00000058, ECX=0x001FEF78, EDX=0x00000058, ESI=0x00470017, EDI=0x00480350
2026-01-08 13:44:18.321 [INFO] Win32Emu.Emulator: [IGN_TEAS Loop] Iteration 12173: EIP 0x004124EA→0x004124EC, ESP=0x001FEF44, EBP=0x001FEFFC, EAX=0x0048036E, EBX=0x00000058, ECX=0x001FEF78, EDX=0x00000058, ESI=0x00470017, EDI=0x00480350
2026-01-08 13:44:18.321 [INFO] Win32Emu.Emulator: [IGN_TEAS Loop] Iteration 12174: EIP 0x004124EC→0x004124ED, ESP=0x001FEF44, EBP=0x001FEFFC, EAX=0x0048036F, EBX=0x00000058, ECX=0x001FEF78, EDX=0x00000058, ESI=0x00470017, EDI=0x00480350
2026-01-08 13:44:18.321 [INFO] Win32Emu.Emulator: [IGN_TEAS Loop] Iteration 12175: EIP 0x004124ED→0x004124EE, ESP=0x001FEF44, EBP=0x001FEFFC, EAX=0x0048036F, EBX=0x00000058, ECX=0x001FEF78, EDX=0x00000058, ESI=0x00470018, EDI=0x00480350
2026-01-08 13:44:18.321 [INFO] Win32Emu.Emulator: [IGN_TEAS Loop] Iteration 12176: EIP 0x004124EE→0x004124F1, ESP=0x001FEF44, EBP=0x001FEFFC, EAX=0x0048036F, EBX=0x00000058, ECX=0x001FEF78, EDX=0x00000058, ESI=0x00470018, EDI=0x00480350
2026-01-08 13:44:18.321 [INFO] Win32Emu.Emulator: [IGN_TEAS Loop] Iteration 12177: EIP 0x004124F1→0x004124C3, ESP=0x001FEF44, EBP=0x001FEFFC, EAX=0x0048036F, EBX=0x00000058, ECX=0x001FEF78, EDX=0x00000058, ESI=0x00470018, EDI=0x00480350
2026-01-08 13:44:18.321 [INFO] Win32Emu.Emulator: [IGN_TEAS Loop] Iteration 12178: EIP 0x004124C3→0x004124C5, ESP=0x001FEF44, EBP=0x001FEFFC, EAX=0x0048036F, EBX=0x00000045, ECX=0x001FEF78, EDX=0x00000058, ESI=0x00470018, EDI=0x00480350
2026-01-08 13:44:18.321 [INFO] Win32Emu.Emulator: [IGN_TEAS Loop] Iteration 12179: EIP 0x004124C5→0x004124C7, ESP=0x001FEF44, EBP=0x001FEFFC, EAX=0x0048036F, EBX=0x00000045, ECX=0x001FEF78, EDX=0x00000058, ESI=0x00470018, EDI=0x00480350
2026-01-08 13:44:18.321 [INFO] Win32Emu.Emulator: [IGN_TEAS Loop] Iteration 12180: EIP 0x004124C7→0x004124C9, ESP=0x001FEF44, EBP=0x001FEFFC, EAX=0x0048036F, EBX=0x00000045, ECX=0x001FEF78, EDX=0x00000058, ESI=0x00470018, EDI=0x00480350
2026-01-08 13:44:18.321 [INFO] Win32Emu.Emulator: [IGN_TEAS Loop] Iteration 12181: EIP 0x004124C9→0x004124CB, ESP=0x001FEF44, EBP=0x001FEFFC, EAX=0x0048036F, EBX=0x00000045, ECX=0x001FEF78, EDX=0x00000000, ESI=0x00470018, EDI=0x00480350
2026-01-08 13:44:18.321 [INFO] Win32Emu.Emulator: [IGN_TEAS Loop] Iteration 12182: EIP 0x004124CB→0x004124CD, ESP=0x001FEF44, EBP=0x001FEFFC, EAX=0x0048036F, EBX=0x00000045, ECX=0x001FEF78, EDX=0x00000045, ESI=0x00470018, EDI=0x00480350
2026-01-08 13:44:18.321 [INFO] Win32Emu.Emulator: [IGN_TEAS Loop] Iteration 12183: EIP 0x004124CD→0x004124D4, ESP=0x001FEF44, EBP=0x001FEFFC, EAX=0x0048036F, EBX=0x00000045, ECX=0x001FEF78, EDX=0x00000045, ESI=0x00470018, EDI=0x00480350
2026-01-08 13:44:18.321 [INFO] Win32Emu.Emulator: [IGN_TEAS Loop] Iteration 12184: EIP 0x004124D4→0x004124E2, ESP=0x001FEF44, EBP=0x001FEFFC, EAX=0x0048036F, EBX=0x00000045, ECX=0x001FEF78, EDX=0x00000045, ESI=0x00470018, EDI=0x00480350
2026-01-08 13:44:18.321 [INFO] Win32Emu.Emulator: [IGN_TEAS Loop] Iteration 12185: EIP 0x004124E2→0x004124E4, ESP=0x001FEF44, EBP=0x001FEFFC, EAX=0x0048036F, EBX=0x00000045, ECX=0x001FEF78, EDX=0x00000045, ESI=0x00470018, EDI=0x00480350
2026-01-08 13:44:18.321 [INFO] Win32Emu.Emulator: [IGN_TEAS Loop] Iteration 12186: EIP 0x004124E4→0x004124E6, ESP=0x001FEF44, EBP=0x001FEFFC, EAX=0x0048036F, EBX=0x00000045, ECX=0x001FEF78, EDX=0x00000045, ESI=0x00470018, EDI=0x00480350
2026-01-08 13:44:18.321 [INFO] Win32Emu.Emulator: [IGN_TEAS Loop] Iteration 12187: EIP 0x004124E6→0x004124E8, ESP=0x001FEF44, EBP=0x001FEFFC, EAX=0x0048036F, EBX=0x00000045, ECX=0x001FEF78, EDX=0x00000045, ESI=0x00470018, EDI=0x00480350
2026-01-08 13:44:18.321 [INFO] Win32Emu.Emulator: [IGN_TEAS Loop] Iteration 12188: EIP 0x004124E8→0x004124EA, ESP=0x001FEF44, EBP=0x001FEFFC, EAX=0x0048036F, EBX=0x00000045, ECX=0x001FEF78, EDX=0x00000045, ESI=0x00470018, EDI=0x00480350
2026-01-08 13:44:18.322 [INFO] Win32Emu.Emulator: [IGN_TEAS Loop] Iteration 12189: EIP 0x004124EA→0x004124EC, ESP=0x001FEF44, EBP=0x001FEFFC, EAX=0x0048036F, EBX=0x00000045, ECX=0x001FEF78, EDX=0x00000045, ESI=0x00470018, EDI=0x00480350
2026-01-08 13:44:18.322 [INFO] Win32Emu.Emulator: [IGN_TEAS Loop] Iteration 12190: EIP 0x004124EC→0x004124ED, ESP=0x001FEF44, EBP=0x001FEFFC, EAX=0x00480370, EBX=0x00000045, ECX=0x001FEF78, EDX=0x00000045, ESI=0x00470018, EDI=0x00480350
2026-01-08 13:44:18.322 [INFO] Win32Emu.Emulator: [IGN_TEAS Loop] Iteration 12191: EIP 0x004124ED→0x004124EE, ESP=0x001FEF44, EBP=0x001FEFFC, EAX=0x00480370, EBX=0x00000045, ECX=0x001FEF78, EDX=0x00000045, ESI=0x00470019, EDI=0x00480350
2026-01-08 13:44:18.322 [INFO] Win32Emu.Emulator: [IGN_TEAS Loop] Iteration 12192: EIP 0x004124EE→0x004124F1, ESP=0x001FEF44, EBP=0x001FEFFC, EAX=0x00480370, EBX=0x00000045, ECX=0x001FEF78, EDX=0x00000045, ESI=0x00470019, EDI=0x00480350
2026-01-08 13:44:18.322 [INFO] Win32Emu.Emulator: [IGN_TEAS Loop] Iteration 12193: EIP 0x004124F1→0x004124F3, ESP=0x001FEF44, EBP=0x001FEFFC, EAX=0x00480370, EBX=0x00000045, ECX=0x001FEF78, EDX=0x00000045, ESI=0x00470019, EDI=0x00480350
2026-01-08 13:44:18.322 [INFO] Win32Emu.Emulator: [IGN_TEAS Loop] Iteration 12194: EIP 0x004124F3→0x004124F5, ESP=0x001FEF44, EBP=0x001FEFFC, EAX=0x00480370, EBX=0x00000045, ECX=0x001FEF78, EDX=0x00000045, ESI=0x00470019, EDI=0x00480350
2026-01-08 13:44:18.322 [INFO] Win32Emu.Emulator: [IGN_TEAS Loop] Iteration 12195: EIP 0x004124F5→0x004124F7, ESP=0x001FEF44, EBP=0x001FEFFC, EAX=0x00480370, EBX=0x00000045, ECX=0x001FEF78, EDX=0x00000045, ESI=0x00470019, EDI=0x00480350
2026-01-08 13:44:18.322 [INFO] Win32Emu.Emulator: [IGN_TEAS Loop] Iteration 12196: EIP 0x004124F7→0x004124F9, ESP=0x001FEF44, EBP=0x001FEFFC, EAX=0x00480370, EBX=0x00000045, ECX=0x001FEF78, EDX=0x00000045, ESI=0x00470019, EDI=0x00480350
2026-01-08 13:44:18.322 [INFO] Win32Emu.Emulator: [IGN_TEAS Loop] Iteration 12197: EIP 0x004124F9→0x004124FC, ESP=0x001FEF44, EBP=0x001FEFFC, EAX=0x00480370, EBX=0x00000045, ECX=0x001FEF78, EDX=0x00000045, ESI=0x00470019, EDI=0x00480350
2026-01-08 13:44:18.322 [INFO] Win32Emu.Emulator: [IGN_TEAS Loop] Iteration 12198: EIP 0x004124FC→0x004124FD, ESP=0x001FEF44, EBP=0x001FEFFC, EAX=0x00480371, EBX=0x00000045, ECX=0x001FEF78, EDX=0x00000045, ESI=0x00470019, EDI=0x00480350
2026-01-08 13:44:18.322 [INFO] Win32Emu.Emulator: [IGN_TEAS Loop] Iteration 12199: EIP 0x004124FD→0x00412500, ESP=0x001FEF44, EBP=0x001FEFFC, EAX=0x00480371, EBX=0x00000045, ECX=0x001FEF78, EDX=0x00000045, ESI=0x00470019, EDI=0x00480350
2026-01-08 13:44:18.322 [INFO] Win32Emu.Emulator: [IGN_TEAS Loop] Iteration 12200: EIP 0x00412500→0x00412502, ESP=0x001FEF44, EBP=0x001FEFFC, EAX=0x00480371, EBX=0x00000045, ECX=0x001FEF78, EDX=0x00000045, ESI=0x00470019, EDI=0x00480350
2026-01-08 13:44:18.322 [INFO] Win32Emu.Emulator: [IGN_TEAS Loop] Iteration 12201: EIP 0x00412502→0x00412503, ESP=0x001FEF44, EBP=0x001FEFFC, EAX=0x00480371, EBX=0x00000045, ECX=0x001FEF78, EDX=0x00000045, ESI=0x0047001A, EDI=0x00480350
2026-01-08 13:44:18.322 [INFO] Win32Emu.Emulator: [IGN_TEAS Loop] Iteration 12202: EIP 0x00412503→0x00412505, ESP=0x001FEF44, EBP=0x001FEFFC, EAX=0x00480371, EBX=0x00000045, ECX=0x001FEF78, EDX=0x00000045, ESI=0x0047001A, EDI=0x00000000
2026-01-08 13:44:18.322 [INFO] Win32Emu.Emulator: [IGN_TEAS Loop] Iteration 12203: EIP 0x00412505→0x00412508, ESP=0x001FEF44, EBP=0x001FEFFC, EAX=0x00480371, EBX=0x00000045, ECX=0x001FEF78, EDX=0x00000045, ESI=0x0047001A, EDI=0x00000000
2026-01-08 13:44:18.322 [INFO] Win32Emu.Emulator: [IGN_TEAS Loop] Iteration 12204: EIP 0x00412508→0x004125F6, ESP=0x001FEF44, EBP=0x001FEFFC, EAX=0x00480371, EBX=0x00000045, ECX=0x001FEF78, EDX=0x00000045, ESI=0x0047001A, EDI=0x00000000
2026-01-08 13:44:18.322 [INFO] Win32Emu.Emulator: [IGN_TEAS Loop] Iteration 12205: EIP 0x004125F6→0x004125FB, ESP=0x001FEF44, EBP=0x001FEFFC, EAX=0x00480371, EBX=0x00000045, ECX=0x001FEF78, EDX=0x00000045, ESI=0x0047001A, EDI=0x00000000
2026-01-08 13:44:18.322 [INFO] Win32Emu.Emulator: [IGN_TEAS Loop] Iteration 12206: EIP 0x004125FB→0x004125FD, ESP=0x001FEF44, EBP=0x001FEFFC, EAX=0x00480371, EBX=0x00000045, ECX=0x001FEF78, EDX=0x00000045, ESI=0x0047001A, EDI=0x00000000
2026-01-08 13:44:18.322 [INFO] Win32Emu.Emulator: [IGN_TEAS Loop] Iteration 12207: EIP 0x004125FD→0x00412601, ESP=0x001FEF44, EBP=0x001FEFFC, EAX=0x00480371, EBX=0x00000045, ECX=0x001FEF78, EDX=0x00480354, ESI=0x0047001A, EDI=0x00000000
2026-01-08 13:44:18.322 [INFO] Win32Emu.Emulator: [IGN_TEAS Loop] Iteration 12208: EIP 0x00412601→0x00412607, ESP=0x001FEF44, EBP=0x001FEFFC, EAX=0x00480371, EBX=0x00000045, ECX=0x001FEF78, EDX=0x00480354, ESI=0x0047001A, EDI=0x00000000
2026-01-08 13:44:18.322 [INFO] Win32Emu.Emulator: [IGN_TEAS Loop] Iteration 12209: EIP 0x00412607→0x0041260B, ESP=0x001FEF44, EBP=0x001FEFFC, EAX=0x00480371, EBX=0x00000045, ECX=0x001FEF78, EDX=0x001FEF74, ESI=0x0047001A, EDI=0x00000000
2026-01-08 13:44:18.322 [INFO] Win32Emu.Emulator: [IGN_TEAS Loop] Iteration 12210: EIP 0x0041260B→0x0041260C, ESP=0x001FEF48, EBP=0x001FEFFC, EAX=0x00480371, EBX=0x00000045, ECX=0x001FEF78, EDX=0x001FEF74, ESI=0x0047001A, EDI=0x00000000
2026-01-08 13:44:18.322 [INFO] Win32Emu.Emulator: [IGN_TEAS Loop] Iteration 12211: EIP 0x0041260C→0x0041260D, ESP=0x001FEF4C, EBP=0x001FEFFC, EAX=0x00480371, EBX=0x00000045, ECX=0x001FEF78, EDX=0x001FEF74, ESI=0x0047001A, EDI=0x00480350
2026-01-08 13:44:18.322 [INFO] Win32Emu.Emulator: [IGN_TEAS Loop] Iteration 12212: EIP 0x0041260D→0x0041260E, ESP=0x001FEF50, EBP=0x001FEFFC, EAX=0x00480371, EBX=0x00000045, ECX=0x001FEF78, EDX=0x001FEF74, ESI=0x00470000, EDI=0x00480350
2026-01-08 13:44:18.322 [INFO] Win32Emu.Emulator: [IGN_TEAS Loop] Iteration 12213: EIP 0x0041260E→0x0041260F, ESP=0x001FEF54, EBP=0x001FEFFC, EAX=0x00480371, EBX=0x00000000, ECX=0x001FEF78, EDX=0x001FEF74, ESI=0x00470000, EDI=0x00480350
2026-01-08 13:44:18.322 [INFO] Win32Emu.Emulator: [IGN_TEAS Loop] Iteration 12214: EIP 0x0041260F→0x00412611, ESP=0x001FEF54, EBP=0x001FEFFC, EAX=0x00480371, EBX=0x00000000, ECX=0x001FEF78, EDX=0x001FEF74, ESI=0x00470000, EDI=0x00480350
2026-01-08 13:44:18.322 [INFO] Win32Emu.Emulator: [IGN_TEAS Loop] Iteration 12215: EIP 0x00412611→0x00412422, ESP=0x001FEF58, EBP=0x001FEFFC, EAX=0x00480371, EBX=0x00000000, ECX=0x001FEF78, EDX=0x001FEF74, ESI=0x00470000, EDI=0x00480350
2026-01-08 13:44:18.322 [INFO] Win32Emu.Emulator: [IGN_TEAS Loop] Iteration 12216: EIP 0x00412422→0x00412426, ESP=0x001FEF58, EBP=0x001FEFFC, EAX=0x00000002, EBX=0x00000000, ECX=0x001FEF78, EDX=0x001FEF74, ESI=0x00470000, EDI=0x00480350
2026-01-08 13:44:18.322 [INFO] Win32Emu.Emulator: [IGN_TEAS Loop] Iteration 12217: EIP 0x00412426→0x00412429, ESP=0x001FEF6C, EBP=0x001FEFFC, EAX=0x00000002, EBX=0x00000000, ECX=0x001FEF78, EDX=0x001FEF74, ESI=0x00470000, EDI=0x00480350
2026-01-08 13:44:18.323 [INFO] Win32Emu.Emulator: [IGN_TEAS Loop] Iteration 12218: EIP 0x00412429→0x0041242A, ESP=0x001FEF6C, EBP=0x001FEFFC, EAX=0x00000001, EBX=0x00000000, ECX=0x001FEF78, EDX=0x001FEF74, ESI=0x00470000, EDI=0x00480350
2026-01-08 13:44:18.323 [INFO] Win32Emu.Emulator: [IGN_TEAS Loop] Iteration 12219: EIP 0x0041242A→0x00412430, ESP=0x001FEF6C, EBP=0x001FEFFC, EAX=0x00000001, EBX=0x00000000, ECX=0x001FEF78, EDX=0x001FEF74, ESI=0x00470000, EDI=0x00480350
2026-01-08 13:44:18.323 [INFO] Win32Emu.Emulator: [IGN_TEAS Loop] Iteration 12220: EIP 0x00412430→0x00412431, ESP=0x001FEF70, EBP=0x001FEFFC, EAX=0x00000001, EBX=0x00000000, ECX=0x001FEF78, EDX=0x001FEF74, ESI=0x00470000, EDI=0x00000000
2026-01-08 13:44:18.323 [INFO] Win32Emu.Emulator: [IGN_TEAS Loop] Iteration 12221: EIP 0x00412431→0x00412436, ESP=0x001FEF70, EBP=0x001FEFFC, EAX=0x00000001, EBX=0x00000000, ECX=0x001FEF78, EDX=0x001FEF74, ESI=0x00470000, EDI=0x00000000
2026-01-08 13:44:18.323 [INFO] Win32Emu.Emulator: [IGN_TEAS Loop] Iteration 12222: EIP 0x00412436→0x00412437, ESP=0x001FEF74, EBP=0x001FEFFC, EAX=0x00000001, EBX=0x00000000, ECX=0x001FEF78, EDX=0x001FEF74, ESI=0x00000000, EDI=0x00000000
2026-01-08 13:44:18.323 [INFO] Win32Emu.Emulator: [IGN_TEAS Loop] Iteration 12223: EIP 0x00412437→0x0041243A, ESP=0x001FEF7C, EBP=0x001FEFFC, EAX=0x00000001, EBX=0x00000000, ECX=0x001FEF78, EDX=0x001FEF74, ESI=0x00000000, EDI=0x00000000
