info: Win32Emu.Gui.App[0]
      Win32Emu.Gui logging initialized
info: Win32Emu.Emulator[0]
      Launching game: cpuz_w9x /Volumes/exFat 1TB/cpu-z_1/cpuz_w9x.exe
info: Win32Emu.Emulator[0]
      Set rendering backend to: GLFW
info: Win32Emu.Emulator[0]
      [EmulatorService] Using existing virtual disk: /Users/pierce/Library/Application Support/Win32Emu/VirtualDisks/cpuz_w9x.vhd
info: Win32Emu.Emulator[0]
      [EmulatorService] Loading executable: C:\cpu-z_1\cpuz_w9x.exe
info: Win32Emu.Emulator[0]
      [Loader] Extracting executable from virtual disk: C:\cpu-z_1\cpuz_w9x.exe
info: Win32Emu.Emulator[0]
      [DiskVFS] Mounted VHD: /Users/pierce/Library/Application Support/Win32Emu/VirtualDisks/cpuz_w9x.vhd (Read-Write)
info: Win32Emu.Emulator[0]
      [Loader] Extracted 3695504 bytes from virtual disk
info: Win32Emu.Emulator[0]
      [DiskVFS] Disposed
info: Win32Emu.Emulator[0]
      [Loader] Host OS: Darwin 25.0.0 Darwin Kernel Version 25.0.0: Wed Sep 17 21:35:32 PDT 2025; root:xnu-12377.1.9~141/RELEASE_ARM64_T6020
info: Win32Emu.Emulator[0]
      [Loader] Host OS Architecture: Arm64
info: Win32Emu.Emulator[0]
      [Loader] Host Process Architecture: Arm64
info: Win32Emu.Emulator[0]
      [Loader] Host Framework: .NET 9.0.10
info: Win32Emu.Emulator[0]
      [Loader] Host Runtime Identifier: osx-arm64
info: Win32Emu.Emulator[0]
      [Memory] Configured size: 256 MB, Address space: 4096 MB (sparse, pages allocated on-demand)
info: Win32Emu.Emulator[0]
      [Loader] Created syscall dispatcher at 0x0E000000
info: Win32Emu.Emulator[0]
      [Loader] Import mapping complete: 352 imports mapped to addresses 0x0F000000 - 0x0F0015F0
info: Win32Emu.Emulator[0]
      [Loader] IAT verification passed: all 352 entries are correct
info: Win32Emu.Emulator[0]
      [Loader] Registered 352 IAT entries for runtime protection
info: Win32Emu.Emulator[0]
      [Loader] Extracted 4 sections from PE file
info: Win32Emu.Emulator[0]
      [RegistryHive] Created in-memory hive: SYSTEM
info: Win32Emu.Emulator[0]
      [RegistryHive] Created in-memory hive: SOFTWARE
info: Win32Emu.Emulator[0]
      [RegistryHive] Created in-memory hive: NTUSER.DAT
info: Win32Emu.Emulator[0]
      [RegistryHive] Initialized 3 registry hives
info: Win32Emu.Emulator[0]
      [RegistryHive] Initialized system environment variables
info: Win32Emu.Emulator[0]
      [RegistryHive] Initialized user environment variables
info: Win32Emu.Emulator[0]
      [ProcessEnv] Registry hive initialized
info: Win32Emu.Emulator[0]
      [ProcessEnv] Synced environment variables from registry
info: Win32Emu.Emulator[0]
      [ProcessEnv] Pre-registered standard control class: BUTTON with WndProc=0x0D000000
info: Win32Emu.Emulator[0]
      [ProcessEnv] Pre-registered standard control class: EDIT with WndProc=0x0D000001
info: Win32Emu.Emulator[0]
      [ProcessEnv] Pre-registered standard control class: STATIC with WndProc=0x0D000002
info: Win32Emu.Emulator[0]
      [ProcessEnv] Pre-registered standard control class: LISTBOX with WndProc=0x0D000003
info: Win32Emu.Emulator[0]
      [ProcessEnv] Pre-registered standard control class: COMBOBOX with WndProc=0x0D000004
info: Win32Emu.Emulator[0]
      [ProcessEnv] Pre-registered standard control class: SCROLLBAR with WndProc=0x0D000005
info: Win32Emu.Emulator[0]
      [ProcessEnv] Pre-registered standard control class: MDICLIENT with WndProc=0x0D000006
info: Win32Emu.Emulator[0]
      [ProcessEnv] Pre-registered standard control class: COMBOLBOX with WndProc=0x0D000007
info: Win32Emu.Emulator[0]
      [ProcessEnv] Pre-registered standard control class: DDEMLEVENT with WndProc=0x0D000008
info: Win32Emu.Emulator[0]
      [ProcessEnv] Pre-registered standard control class: MESSAGE with WndProc=0x0D000009
info: Win32Emu.Emulator[0]
      [ProcessEnv] Pre-registered standard control class: #32768 with WndProc=0x0D00000A
info: Win32Emu.Emulator[0]
      [ProcessEnv] Pre-registered standard control class: #32769 with WndProc=0x0D00000B
info: Win32Emu.Emulator[0]
      [ProcessEnv] Pre-registered standard control class: #32770 with WndProc=0x0D00000C
info: Win32Emu.Emulator[0]
      [ProcessEnv] Pre-registered standard control class: #32771 with WndProc=0x0D00000D
info: Win32Emu.Emulator[0]
      [ProcessEnv] Pre-registered standard control class: #32772 with WndProc=0x0D00000E
info: Win32Emu.Emulator[0]
      [Loader] Initializing virtual file system with disk: /Users/pierce/Library/Application Support/Win32Emu/VirtualDisks/cpuz_w9x.vhd
info: Win32Emu.Emulator[0]
      [DiskVFS] Mounted VHD: /Users/pierce/Library/Application Support/Win32Emu/VirtualDisks/cpuz_w9x.vhd (Read-Write)
info: Win32Emu.Emulator[0]
      [ProcessEnv] Virtual File System initialized with disk: /Users/pierce/Library/Application Support/Win32Emu/VirtualDisks/cpuz_w9x.vhd
info: Win32Emu.Emulator[0]
      [RegistryHive] Disposed registry hive manager
info: Win32Emu.Emulator[0]
      [RegistryHive] Created in-memory hive: SYSTEM
info: Win32Emu.Emulator[0]
      [RegistryHive] Created in-memory hive: SOFTWARE
info: Win32Emu.Emulator[0]
      [RegistryHive] Created in-memory hive: NTUSER.DAT
info: Win32Emu.Emulator[0]
      [RegistryHive] Initialized 3 registry hives
info: Win32Emu.Emulator[0]
      [RegistryHive] Initialized system environment variables
info: Win32Emu.Emulator[0]
      [RegistryHive] Initialized user environment variables
info: Win32Emu.Emulator[0]
      [ProcessEnv] Registry hive initialized
info: Win32Emu.Emulator[0]
      [ProcessEnv] Synced environment variables from registry
info: Win32Emu.Emulator[0]
      [Loader] Virtual file system initialized successfully
info: Win32Emu.Emulator[0]
      [ProcessEnv] Registered main executable: C:\cpu-z_1\cpuz_w9x.exe at 0x00400000
info: Win32Emu.Emulator[0]
      [ProcessEnv] Set current directory to: C:\cpu-z_1
info: Win32Emu.Emulator[0]
      [ProcessEnv] TEB allocated at 0x01000040
info: Win32Emu.Emulator[0]
      [ProcessEnv] PEB allocated at 0x01001040
info: Win32Emu.Emulator[0]
      [ProcessEnvironment] Detected GUI subsystem, no console allocated
info: Win32Emu.Emulator[0]
      [Loader] Selected CPU Emulator: IcedCpu
info: Win32Emu.Emulator[0]
      [Loader] Stack initialized: Base=0x00200000 Limit=0x00100000 ESP=0x001FF000 Reserve=0x100000 Commit=0x1000
info: Win32Emu.Emulator[0]
      [Loader] Heap base: 0x01000000
info: Win32Emu.Emulator[0]
      [ThreadScheduler] Initialized main thread 1 (handle=0x00001000)
info: Win32Emu.Emulator[0]
      [ProcessEnv] Main thread initialized with ID=1
info: Win32Emu.Emulator[0]
      [Syscall] KERNEL32.DLL!GetVersion from stub at 0x0F000630
info: Win32Emu.Emulator[0]
      [Syscall] BEFORE API: Return address at 0x001FEF84 = 0x0056A1EB
info: Win32Emu.Emulator[0]
      Dispatching KERNEL32.DLL!GetVersion at EIP=0x0E000002 ESP=0x001FEF84 stack=EB A1 56 00 00 00 00 00 00 00 00 00 00 00 00 00
info: Win32Emu.Emulator[0]
      [Dispatcher] KERNEL32.DLL!GetVersion returned 0x040003B6, argBytes=0
info: Win32Emu.Emulator[0]
      [Syscall] AFTER API: Return address at 0x001FEF84 = 0x0056A1EB
info: Win32Emu.Emulator[0]
      [Syscall] KERNEL32.DLL!HeapCreate from stub at 0x0F0000A0
info: Win32Emu.Emulator[0]
      [Syscall] BEFORE API: Return address at 0x001FEF70 = 0x0056F1FB
info: Win32Emu.Emulator[0]
      Dispatching KERNEL32.DLL!HeapCreate at EIP=0x0E000002 ESP=0x001FEF70 stack=FB F1 56 00 00 00 00 00 00 10 00 00 00 00 00 00
info: Win32Emu.Emulator[0]
      [Dispatcher] KERNEL32.DLL!HeapCreate returned 0x01002040, argBytes=12
info: Win32Emu.Emulator[0]
      [Syscall] AFTER API: Return address at 0x001FEF70 = 0x0056F1FB
info: Win32Emu.Emulator[0]
      [Syscall] KERNEL32.DLL!GetVersionExA from stub at 0x0F000440
info: Win32Emu.Emulator[0]
      [Syscall] BEFORE API: Return address at 0x001FDD40 = 0x0056F0C1
info: Win32Emu.Emulator[0]
      Dispatching KERNEL32.DLL!GetVersionExA at EIP=0x0E000002 ESP=0x001FDD40 stack=C1 F0 56 00 E0 EE 1F 00 00 00 00 00 00 00 00 00
info: Win32Emu.Emulator[0]
      [Dispatcher] KERNEL32.DLL!GetVersionExA returned 0x00000001, argBytes=4
info: Win32Emu.Emulator[0]
      [Syscall] AFTER API: Return address at 0x001FDD40 = 0x0056F0C1
info: Win32Emu.Emulator[0]
      [Syscall] KERNEL32.DLL!InitializeCriticalSection from stub at 0x0F0005C0
info: Win32Emu.Emulator[0]
      [Syscall] BEFORE API: Return address at 0x001FEF70 = 0x00570464
info: Win32Emu.Emulator[0]
      Dispatching KERNEL32.DLL!InitializeCriticalSection at EIP=0x0E000002 ESP=0x001FEF70 stack=64 04 57 00 B8 39 5F 00 00 00 00 00 82 C9 56 00
info: Win32Emu.Emulator[0]
      [Kernel32] InitializeCriticalSection(0x005F39B8)
info: Win32Emu.Emulator[0]
      [Dispatcher] KERNEL32.DLL!InitializeCriticalSection returned 0x00000000, argBytes=4
info: Win32Emu.Emulator[0]
      [Syscall] AFTER API: Return address at 0x001FEF70 = 0x00570464
info: Win32Emu.Emulator[0]
      [Syscall] KERNEL32.DLL!InitializeCriticalSection from stub at 0x0F0005C0
info: Win32Emu.Emulator[0]
      [Syscall] BEFORE API: Return address at 0x001FEF70 = 0x0057046C
info: Win32Emu.Emulator[0]
      Dispatching KERNEL32.DLL!InitializeCriticalSection at EIP=0x0E000002 ESP=0x001FEF70 stack=6C 04 57 00 E8 39 5F 00 00 00 00 00 82 C9 56 00
info: Win32Emu.Emulator[0]
      [Kernel32] InitializeCriticalSection(0x005F39E8)
info: Win32Emu.Emulator[0]
      [Dispatcher] KERNEL32.DLL!InitializeCriticalSection returned 0x00000000, argBytes=4
info: Win32Emu.Emulator[0]
      [Syscall] AFTER API: Return address at 0x001FEF70 = 0x0057046C
info: Win32Emu.Emulator[0]
      [Syscall] KERNEL32.DLL!InitializeCriticalSection from stub at 0x0F0005C0
info: Win32Emu.Emulator[0]
      [Syscall] BEFORE API: Return address at 0x001FEF70 = 0x00570474
info: Win32Emu.Emulator[0]
      Dispatching KERNEL32.DLL!InitializeCriticalSection at EIP=0x0E000002 ESP=0x001FEF70 stack=74 04 57 00 D0 39 5F 00 00 00 00 00 82 C9 56 00
info: Win32Emu.Emulator[0]
      [Kernel32] InitializeCriticalSection(0x005F39D0)
info: Win32Emu.Emulator[0]
      [Dispatcher] KERNEL32.DLL!InitializeCriticalSection returned 0x00000000, argBytes=4
info: Win32Emu.Emulator[0]
      [Syscall] AFTER API: Return address at 0x001FEF70 = 0x00570474
info: Win32Emu.Emulator[0]
      [Syscall] KERNEL32.DLL!InitializeCriticalSection from stub at 0x0F0005C0
info: Win32Emu.Emulator[0]
      [Syscall] BEFORE API: Return address at 0x001FEF70 = 0x0057047C
info: Win32Emu.Emulator[0]
      Dispatching KERNEL32.DLL!InitializeCriticalSection at EIP=0x0E000002 ESP=0x001FEF70 stack=7C 04 57 00 A0 39 5F 00 00 00 00 00 82 C9 56 00
info: Win32Emu.Emulator[0]
      [Kernel32] InitializeCriticalSection(0x005F39A0)
info: Win32Emu.Emulator[0]
      [Dispatcher] KERNEL32.DLL!InitializeCriticalSection returned 0x00000000, argBytes=4
info: Win32Emu.Emulator[0]
      [Syscall] AFTER API: Return address at 0x001FEF70 = 0x0057047C
info: Win32Emu.Emulator[0]
      [Syscall] KERNEL32.DLL!TlsAlloc from stub at 0x0F0005B0
info: Win32Emu.Emulator[0]
      [Syscall] BEFORE API: Return address at 0x001FEF7C = 0x0056C988
info: Win32Emu.Emulator[0]
      Dispatching KERNEL32.DLL!TlsAlloc at EIP=0x0E000002 ESP=0x001FEF7C stack=88 C9 56 00 00 00 00 00 2F A2 56 00 00 00 00 00
info: Win32Emu.Emulator[0]
      [ProcessEnv] TlsAlloc: allocated index=0
info: Win32Emu.Emulator[0]
      [Kernel32] TlsAlloc() = 0
info: Win32Emu.Emulator[0]
      [Dispatcher] KERNEL32.DLL!TlsAlloc returned 0x00000000, argBytes=0
info: Win32Emu.Emulator[0]
      [Syscall] AFTER API: Return address at 0x001FEF7C = 0x0056C988
info: Win32Emu.Emulator[0]
      [Syscall] KERNEL32.DLL!HeapAlloc from stub at 0x0F000200
info: Win32Emu.Emulator[0]
      [Syscall] BEFORE API: Return address at 0x001FEF2C = 0x00572D23
info: Win32Emu.Emulator[0]
      Dispatching KERNEL32.DLL!HeapAlloc at EIP=0x0E000002 ESP=0x001FEF2C stack=23 2D 57 00 40 20 00 01 08 00 00 00 90 34 00 00
info: Win32Emu.Emulator[0]
      [ProcessEnv] VirtualAlloc(lp=0x00000000, size=0x00003490, alloc=0x00001000, prot=0x00000004)
info: Win32Emu.Emulator[0]
      [ProcessEnv] VirtualAlloc: allocated at 0x01004000, size=0x00004000, reserve=False, commit=True, topDown=False
info: Win32Emu.Emulator[0]
      [Dispatcher] KERNEL32.DLL!HeapAlloc returned 0x01004000, argBytes=12
info: Win32Emu.Emulator[0]
      [Syscall] AFTER API: Return address at 0x001FEF2C = 0x00572D23
info: Win32Emu.Emulator[0]
      [Syscall] KERNEL32.DLL!TlsSetValue from stub at 0x0F000550
info: Win32Emu.Emulator[0]
      [Syscall] BEFORE API: Return address at 0x001FEF74 = 0x0056C9B0
info: Win32Emu.Emulator[0]
      Dispatching KERNEL32.DLL!TlsSetValue at EIP=0x0E000002 ESP=0x001FEF74 stack=B0 C9 56 00 00 00 00 00 00 40 00 01 00 00 00 00
info: Win32Emu.Emulator[0]
      [ProcessEnv] TlsSetValue: threadId=1 index=0 value=0x01004000
info: Win32Emu.Emulator[0]
      [Kernel32] TlsSetValue(0, 0x01004000) = True
info: Win32Emu.Emulator[0]
      [Dispatcher] KERNEL32.DLL!TlsSetValue returned 0x00000001, argBytes=8
info: Win32Emu.Emulator[0]
      [Syscall] AFTER API: Return address at 0x001FEF74 = 0x0056C9B0
info: Win32Emu.Emulator[0]
      [Syscall] KERNEL32.DLL!GetCurrentThreadId from stub at 0x0F000640
info: Win32Emu.Emulator[0]
      [Syscall] BEFORE API: Return address at 0x001FEF7C = 0x0056C9C1
info: Win32Emu.Emulator[0]
      Dispatching KERNEL32.DLL!GetCurrentThreadId at EIP=0x0E000002 ESP=0x001FEF7C stack=C1 C9 56 00 00 00 00 00 2F A2 56 00 00 00 00 00
info: Win32Emu.Emulator[0]
      [Kernel32] GetCurrentThreadId() = 1
info: Win32Emu.Emulator[0]
      [Dispatcher] KERNEL32.DLL!GetCurrentThreadId returned 0x00000001, argBytes=0
info: Win32Emu.Emulator[0]
      [Syscall] AFTER API: Return address at 0x001FEF7C = 0x0056C9C1
info: Win32Emu.Emulator[0]
      [Syscall] KERNEL32.DLL!HeapAlloc from stub at 0x0F000200
info: Win32Emu.Emulator[0]
      [Syscall] BEFORE API: Return address at 0x001FEED4 = 0x00569EF2
info: Win32Emu.Emulator[0]
      Dispatching KERNEL32.DLL!HeapAlloc at EIP=0x0E000002 ESP=0x001FEED4 stack=F2 9E 56 00 40 20 00 01 00 00 00 00 80 04 00 00
info: Win32Emu.Emulator[0]
      [Dispatcher] KERNEL32.DLL!HeapAlloc returned 0x01002040, argBytes=12
info: Win32Emu.Emulator[0]
      [Syscall] AFTER API: Return address at 0x001FEED4 = 0x00569EF2
info: Win32Emu.Emulator[0]
      [Syscall] KERNEL32.DLL!GetStartupInfoA from stub at 0x0F0001F0
info: Win32Emu.Emulator[0]
      [Syscall] BEFORE API: Return address at 0x001FEF24 = 0x0057141F
info: Win32Emu.Emulator[0]
      Dispatching KERNEL32.DLL!GetStartupInfoA at EIP=0x0E000002 ESP=0x001FEF24 stack=1F 14 57 00 38 EF 1F 00 00 00 00 00 00 00 00 00
info: Win32Emu.Emulator[0]
      [Dispatcher] KERNEL32.DLL!GetStartupInfoA returned 0x00000000, argBytes=4
info: Win32Emu.Emulator[0]
      [Syscall] AFTER API: Return address at 0x001FEF24 = 0x0057141F
info: Win32Emu.Emulator[0]
      [Syscall] KERNEL32.DLL!GetStdHandle from stub at 0x0F0003D0
info: Win32Emu.Emulator[0]
      [Syscall] BEFORE API: Return address at 0x001FEF24 = 0x0057152D
info: Win32Emu.Emulator[0]
      Dispatching KERNEL32.DLL!GetStdHandle at EIP=0x0E000002 ESP=0x001FEF24 stack=2D 15 57 00 F6 FF FF FF 00 00 00 00 00 00 00 00
info: Win32Emu.Emulator[0]
      [Dispatcher] KERNEL32.DLL!GetStdHandle returned 0x00000000, argBytes=4
info: Win32Emu.Emulator[0]
      [Syscall] AFTER API: Return address at 0x001FEF24 = 0x0057152D
info: Win32Emu.Emulator[0]
      [Syscall] KERNEL32.DLL!GetFileType from stub at 0x0F000140
info: Win32Emu.Emulator[0]
      [Syscall] BEFORE API: Return address at 0x001FEF24 = 0x0057153B
info: Win32Emu.Emulator[0]
      Dispatching KERNEL32.DLL!GetFileType at EIP=0x0E000002 ESP=0x001FEF24 stack=3B 15 57 00 00 00 00 00 00 00 00 00 00 00 00 00
info: Win32Emu.Emulator[0]
      [Dispatcher] KERNEL32.DLL!GetFileType returned 0x00000000, argBytes=4
info: Win32Emu.Emulator[0]
      [Syscall] AFTER API: Return address at 0x001FEF24 = 0x0057153B
info: Win32Emu.Emulator[0]
      [Syscall] KERNEL32.DLL!GetStdHandle from stub at 0x0F0003D0
info: Win32Emu.Emulator[0]
      [Syscall] BEFORE API: Return address at 0x001FEF24 = 0x0057152D
info: Win32Emu.Emulator[0]
      Dispatching KERNEL32.DLL!GetStdHandle at EIP=0x0E000002 ESP=0x001FEF24 stack=2D 15 57 00 F5 FF FF FF 00 00 00 00 00 00 00 00
info: Win32Emu.Emulator[0]
      [Dispatcher] KERNEL32.DLL!GetStdHandle returned 0x00000000, argBytes=4
info: Win32Emu.Emulator[0]
      [Syscall] AFTER API: Return address at 0x001FEF24 = 0x0057152D
info: Win32Emu.Emulator[0]
      [Syscall] KERNEL32.DLL!GetFileType from stub at 0x0F000140
info: Win32Emu.Emulator[0]
      [Syscall] BEFORE API: Return address at 0x001FEF24 = 0x0057153B
info: Win32Emu.Emulator[0]
      Dispatching KERNEL32.DLL!GetFileType at EIP=0x0E000002 ESP=0x001FEF24 stack=3B 15 57 00 00 00 00 00 00 00 00 00 00 00 00 00
info: Win32Emu.Emulator[0]
      [Dispatcher] KERNEL32.DLL!GetFileType returned 0x00000000, argBytes=4
info: Win32Emu.Emulator[0]
      [Syscall] AFTER API: Return address at 0x001FEF24 = 0x0057153B
info: Win32Emu.Emulator[0]
      [Syscall] KERNEL32.DLL!GetStdHandle from stub at 0x0F0003D0
info: Win32Emu.Emulator[0]
      [Syscall] BEFORE API: Return address at 0x001FEF24 = 0x0057152D
info: Win32Emu.Emulator[0]
      Dispatching KERNEL32.DLL!GetStdHandle at EIP=0x0E000002 ESP=0x001FEF24 stack=2D 15 57 00 F4 FF FF FF 00 00 00 00 00 00 00 00
info: Win32Emu.Emulator[0]
      [Dispatcher] KERNEL32.DLL!GetStdHandle returned 0x00000000, argBytes=4
info: Win32Emu.Emulator[0]
      [Syscall] AFTER API: Return address at 0x001FEF24 = 0x0057152D
info: Win32Emu.Emulator[0]
      [Syscall] KERNEL32.DLL!GetFileType from stub at 0x0F000140
info: Win32Emu.Emulator[0]
      [Syscall] BEFORE API: Return address at 0x001FEF24 = 0x0057153B
info: Win32Emu.Emulator[0]
      Dispatching KERNEL32.DLL!GetFileType at EIP=0x0E000002 ESP=0x001FEF24 stack=3B 15 57 00 00 00 00 00 00 00 00 00 00 00 00 00
info: Win32Emu.Emulator[0]
      [Dispatcher] KERNEL32.DLL!GetFileType returned 0x00000000, argBytes=4
info: Win32Emu.Emulator[0]
      [Syscall] AFTER API: Return address at 0x001FEF24 = 0x0057153B
info: Win32Emu.Emulator[0]
      [Syscall] KERNEL32.DLL!SetHandleCount from stub at 0x0F000130
info: Win32Emu.Emulator[0]
      [Syscall] BEFORE API: Return address at 0x001FEF24 = 0x00571572
info: Win32Emu.Emulator[0]
      Dispatching KERNEL32.DLL!SetHandleCount at EIP=0x0E000002 ESP=0x001FEF24 stack=72 15 57 00 20 00 00 00 00 00 00 00 00 00 00 00
info: Win32Emu.Emulator[0]
      [Dispatcher] KERNEL32.DLL!SetHandleCount returned 0x00000020, argBytes=4
info: Win32Emu.Emulator[0]
      [Syscall] AFTER API: Return address at 0x001FEF24 = 0x00571572
info: Win32Emu.Emulator[0]
      [Syscall] KERNEL32.DLL!GetCommandLineA from stub at 0x0F0001E0
info: Win32Emu.Emulator[0]
      [Syscall] BEFORE API: Return address at 0x001FEF84 = 0x0056A24B
info: Win32Emu.Emulator[0]
      Dispatching KERNEL32.DLL!GetCommandLineA at EIP=0x0E000002 ESP=0x001FEF84 stack=4B A2 56 00 00 00 00 00 00 00 00 00 00 00 00 00
info: Win32Emu.Emulator[0]
      [Kernel32] GetCommandLineA returning 0x01000000: ""C:\cpu-z_1\cpuz_w9x.exe""
info: Win32Emu.Emulator[0]
      [Dispatcher] KERNEL32.DLL!GetCommandLineA returned 0x01000000, argBytes=0
info: Win32Emu.Emulator[0]
      [Syscall] AFTER API: Return address at 0x001FEF84 = 0x0056A24B
info: Win32Emu.Emulator[0]
      [Syscall] KERNEL32.DLL!GetEnvironmentStringsW from stub at 0x0F000120
info: Win32Emu.Emulator[0]
      [Syscall] BEFORE API: Return address at 0x001FEF68 = 0x005712A6
info: Win32Emu.Emulator[0]
      Dispatching KERNEL32.DLL!GetEnvironmentStringsW at EIP=0x0E000002 ESP=0x001FEF68 stack=A6 12 57 00 00 00 00 00 00 00 00 00 FC EF 1F 00
info: Win32Emu.Emulator[0]
      [Dispatcher] KERNEL32.DLL!GetEnvironmentStringsW returned 0x01008000, argBytes=0
info: Win32Emu.Emulator[0]
      [Syscall] AFTER API: Return address at 0x001FEF68 = 0x005712A6
info: Win32Emu.Emulator[0]
      [Syscall] KERNEL32.DLL!WideCharToMultiByte from stub at 0x0F000460
info: Win32Emu.Emulator[0]
      [Syscall] BEFORE API: Return address at 0x001FEF48 = 0x0057131E
info: Win32Emu.Emulator[0]
      Dispatching KERNEL32.DLL!WideCharToMultiByte at EIP=0x0E000002 ESP=0x001FEF48 stack=1E 13 57 00 00 00 00 00 00 00 00 00 00 80 00 01
info: Win32Emu.Emulator[0]
      [Kernel32] WideCharToMultiByte: CP=Acp cchWide=312 lpWide=0x01008000 cbMulti=0 lpMulti=0x00000000
info: Win32Emu.Emulator[0]
      [Kernel32] WideCharToMultiByte: Read 312 chars (specified count)
info: Win32Emu.Emulator[0]
      [Kernel32] WideCharToMultiByte: Returning size 312
info: Win32Emu.Emulator[0]
      [Dispatcher] KERNEL32.DLL!WideCharToMultiByte returned 0x00000138, argBytes=32
info: Win32Emu.Emulator[0]
      [Syscall] AFTER API: Return address at 0x001FEF48 = 0x0057131E
info: Win32Emu.Emulator[0]
      [Syscall] KERNEL32.DLL!HeapAlloc from stub at 0x0F000200
info: Win32Emu.Emulator[0]
      [Syscall] BEFORE API: Return address at 0x001FEF14 = 0x00569EF2
info: Win32Emu.Emulator[0]
      Dispatching KERNEL32.DLL!HeapAlloc at EIP=0x0E000002 ESP=0x001FEF14 stack=F2 9E 56 00 40 20 00 01 00 00 00 00 40 01 00 00
info: Win32Emu.Emulator[0]
      [Dispatcher] KERNEL32.DLL!HeapAlloc returned 0x010024C0, argBytes=12
info: Win32Emu.Emulator[0]
      [Syscall] AFTER API: Return address at 0x001FEF14 = 0x00569EF2
info: Win32Emu.Emulator[0]
      [Syscall] KERNEL32.DLL!WideCharToMultiByte from stub at 0x0F000460
info: Win32Emu.Emulator[0]
      [Syscall] BEFORE API: Return address at 0x001FEF48 = 0x00571340
info: Win32Emu.Emulator[0]
      Dispatching KERNEL32.DLL!WideCharToMultiByte at EIP=0x0E000002 ESP=0x001FEF48 stack=40 13 57 00 00 00 00 00 00 00 00 00 00 80 00 01
info: Win32Emu.Emulator[0]
      [Kernel32] WideCharToMultiByte: CP=Acp cchWide=312 lpWide=0x01008000 cbMulti=312 lpMulti=0x010024C0
info: Win32Emu.Emulator[0]
      [Kernel32] WideCharToMultiByte: Read 312 chars (specified count)
info: Win32Emu.Emulator[0]
      [Dispatcher] KERNEL32.DLL!WideCharToMultiByte returned 0x00000138, argBytes=32
info: Win32Emu.Emulator[0]
      [Syscall] AFTER API: Return address at 0x001FEF48 = 0x00571340
info: Win32Emu.Emulator[0]
      [Syscall] KERNEL32.DLL!FreeEnvironmentStringsW from stub at 0x0F000100
info: Win32Emu.Emulator[0]
      [Syscall] BEFORE API: Return address at 0x001FEF64 = 0x0057135D
info: Win32Emu.Emulator[0]
      Dispatching KERNEL32.DLL!FreeEnvironmentStringsW at EIP=0x0E000002 ESP=0x001FEF64 stack=5D 13 57 00 00 80 00 01 00 00 00 00 00 00 00 00
info: Win32Emu.Emulator[0]
      [Dispatcher] KERNEL32.DLL!FreeEnvironmentStringsW returned 0x00000001, argBytes=4
info: Win32Emu.Emulator[0]
      [Syscall] AFTER API: Return address at 0x001FEF64 = 0x0057135D
info: Win32Emu.Emulator[0]
      [Syscall] KERNEL32.DLL!HeapAlloc from stub at 0x0F000200
info: Win32Emu.Emulator[0]
      [Syscall] BEFORE API: Return address at 0x001FEECC = 0x00569EF2
info: Win32Emu.Emulator[0]
      Dispatching KERNEL32.DLL!HeapAlloc at EIP=0x0E000002 ESP=0x001FEECC stack=F2 9E 56 00 40 20 00 01 00 00 00 00 20 00 00 00
info: Win32Emu.Emulator[0]
      [Dispatcher] KERNEL32.DLL!HeapAlloc returned 0x01002600, argBytes=12
info: Win32Emu.Emulator[0]
      [Syscall] AFTER API: Return address at 0x001FEECC = 0x00569EF2
info: Win32Emu.Emulator[0]
      [Syscall] KERNEL32.DLL!EnterCriticalSection from stub at 0x0F000560
info: Win32Emu.Emulator[0]
      [Syscall] BEFORE API: Return address at 0x001FEF0C = 0x005704DC
info: Win32Emu.Emulator[0]
      Dispatching KERNEL32.DLL!EnterCriticalSection at EIP=0x0E000002 ESP=0x001FEF0C stack=DC 04 57 00 B8 39 5F 00 84 D9 5E 00 2C EF 1F 00
info: Win32Emu.Emulator[0]
      [Kernel32] EnterCriticalSection(0x005F39B8)
info: Win32Emu.Emulator[0]
      [Dispatcher] KERNEL32.DLL!EnterCriticalSection returned 0x00000000, argBytes=4
info: Win32Emu.Emulator[0]
      [Syscall] AFTER API: Return address at 0x001FEF0C = 0x005704DC
info: Win32Emu.Emulator[0]
      [Syscall] KERNEL32.DLL!InitializeCriticalSection from stub at 0x0F0005C0
info: Win32Emu.Emulator[0]
      [Syscall] BEFORE API: Return address at 0x001FEF1C = 0x005704C1
info: Win32Emu.Emulator[0]
      Dispatching KERNEL32.DLL!InitializeCriticalSection at EIP=0x0E000002 ESP=0x001FEF1C stack=C1 04 57 00 00 26 00 01 00 00 00 00 00 00 00 00
info: Win32Emu.Emulator[0]
      [Kernel32] InitializeCriticalSection(0x01002600)
info: Win32Emu.Emulator[0]
      [Dispatcher] KERNEL32.DLL!InitializeCriticalSection returned 0x00000000, argBytes=4
info: Win32Emu.Emulator[0]
      [Syscall] AFTER API: Return address at 0x001FEF1C = 0x005704C1
info: Win32Emu.Emulator[0]
      [Syscall] KERNEL32.DLL!LeaveCriticalSection from stub at 0x0F000570
info: Win32Emu.Emulator[0]
      [Syscall] BEFORE API: Return address at 0x001FEF10 = 0x005704F2
info: Win32Emu.Emulator[0]
      Dispatching KERNEL32.DLL!LeaveCriticalSection at EIP=0x0E000002 ESP=0x001FEF10 stack=F2 04 57 00 B8 39 5F 00 2C EF 1F 00 D2 04 57 00
info: Win32Emu.Emulator[0]
      [Kernel32] LeaveCriticalSection(0x005F39B8)
info: Win32Emu.Emulator[0]
      [Dispatcher] KERNEL32.DLL!LeaveCriticalSection returned 0x00000000, argBytes=4
info: Win32Emu.Emulator[0]
      [Syscall] AFTER API: Return address at 0x001FEF10 = 0x005704F2
info: Win32Emu.Emulator[0]
      [Syscall] KERNEL32.DLL!EnterCriticalSection from stub at 0x0F000560
info: Win32Emu.Emulator[0]
      [Syscall] BEFORE API: Return address at 0x001FEF20 = 0x005704DC
info: Win32Emu.Emulator[0]
      Dispatching KERNEL32.DLL!EnterCriticalSection at EIP=0x0E000002 ESP=0x001FEF20 stack=DC 04 57 00 00 26 00 01 00 00 00 00 5C EF 1F 00
info: Win32Emu.Emulator[0]
      [Kernel32] EnterCriticalSection(0x01002600)
info: Win32Emu.Emulator[0]
      [Dispatcher] KERNEL32.DLL!EnterCriticalSection returned 0x00000000, argBytes=4
info: Win32Emu.Emulator[0]
      [Syscall] AFTER API: Return address at 0x001FEF20 = 0x005704DC
info: Win32Emu.Emulator[0]
      [Syscall] KERNEL32.DLL!GetACP from stub at 0x0F000070
info: Win32Emu.Emulator[0]
      [Syscall] BEFORE API: Return address at 0x001FEF2C = 0x0056BBF4
info: Win32Emu.Emulator[0]
      Dispatching KERNEL32.DLL!GetACP at EIP=0x0E000002 ESP=0x001FEF2C stack=F4 BB 56 00 FD FF FF FF 19 00 00 00 00 00 00 00
info: Win32Emu.Emulator[0]
      [Dispatcher] KERNEL32.DLL!GetACP returned 0x0000FDE9, argBytes=0
info: Win32Emu.Emulator[0]
      [Syscall] AFTER API: Return address at 0x001FEF2C = 0x0056BBF4
info: Win32Emu.Emulator[0]
      [Syscall] KERNEL32.DLL!GetCPInfo from stub at 0x0F000520
info: Win32Emu.Emulator[0]
      [Syscall] BEFORE API: Return address at 0x001FEF2C = 0x0056BC33
info: Win32Emu.Emulator[0]
      Dispatching KERNEL32.DLL!GetCPInfo at EIP=0x0E000002 ESP=0x001FEF2C stack=33 BC 56 00 E9 FD 00 00 44 EF 1F 00 00 00 00 00
info: Win32Emu.Emulator[0]
      [Kernel32] GetCPInfo called: codePage=Utf8 lpCpInfo=0x001FEF44
info: Win32Emu.Emulator[0]
      [Kernel32] GetCPInfo: actualCodePage=Utf8
info: Win32Emu.Emulator[0]
      [Dispatcher] KERNEL32.DLL!GetCPInfo returned 0x00000001, argBytes=8
info: Win32Emu.Emulator[0]
      [Syscall] AFTER API: Return address at 0x001FEF2C = 0x0056BC33
info: Win32Emu.Emulator[0]
      [Syscall] KERNEL32.DLL!GetCPInfo from stub at 0x0F000520
info: Win32Emu.Emulator[0]
      [Syscall] BEFORE API: Return address at 0x001FEA0C = 0x0056BE49
info: Win32Emu.Emulator[0]
      Dispatching KERNEL32.DLL!GetCPInfo at EIP=0x0E000002 ESP=0x001FEA0C stack=49 BE 56 00 E9 FD 00 00 1C EF 1F 00 01 00 00 00
info: Win32Emu.Emulator[0]
      [Kernel32] GetCPInfo called: codePage=Utf8 lpCpInfo=0x001FEF1C
info: Win32Emu.Emulator[0]
      [Kernel32] GetCPInfo: actualCodePage=Utf8
info: Win32Emu.Emulator[0]
      [Dispatcher] KERNEL32.DLL!GetCPInfo returned 0x00000001, argBytes=8
info: Win32Emu.Emulator[0]
      [Syscall] AFTER API: Return address at 0x001FEA0C = 0x0056BE49
info: Win32Emu.Emulator[0]
      [Syscall] KERNEL32.DLL!GetStringTypeW from stub at 0x0F000190
info: Win32Emu.Emulator[0]
      [Syscall] BEFORE API: Return address at 0x001FE9AC = 0x00572E33
info: Win32Emu.Emulator[0]
      Dispatching KERNEL32.DLL!GetStringTypeW at EIP=0x0E000002 ESP=0x001FE9AC stack=33 2E 57 00 01 00 00 00 F8 E2 59 00 01 00 00 00
info: Win32Emu.Emulator[0]
      [Dispatcher] KERNEL32.DLL!GetStringTypeW returned 0x00000000, argBytes=20
info: Win32Emu.Emulator[0]
      [Syscall] AFTER API: Return address at 0x001FE9AC = 0x00572E33
info: Win32Emu.Emulator[0]
      [Syscall] KERNEL32.DLL!GetStringTypeA from stub at 0x0F000180
info: Win32Emu.Emulator[0]
      [Syscall] BEFORE API: Return address at 0x001FE9AC = 0x00572E4D
info: Win32Emu.Emulator[0]
      Dispatching KERNEL32.DLL!GetStringTypeA at EIP=0x0E000002 ESP=0x001FE9AC stack=4D 2E 57 00 00 00 00 00 01 00 00 00 F4 E2 59 00
info: Win32Emu.Emulator[0]
      [Dispatcher] KERNEL32.DLL!GetStringTypeA returned 0x00000001, argBytes=20
info: Win32Emu.Emulator[0]
      [Syscall] AFTER API: Return address at 0x001FE9AC = 0x00572E4D
info: Win32Emu.Emulator[0]
      [Syscall] KERNEL32.DLL!GetStringTypeA from stub at 0x0F000180
info: Win32Emu.Emulator[0]
      [Syscall] BEFORE API: Return address at 0x001FE9AC = 0x00572E81
info: Win32Emu.Emulator[0]
      Dispatching KERNEL32.DLL!GetStringTypeA at EIP=0x0E000002 ESP=0x001FE9AC stack=81 2E 57 00 00 00 00 00 01 00 00 00 1C EE 1F 00
info: Win32Emu.Emulator[0]
      [Dispatcher] KERNEL32.DLL!GetStringTypeA returned 0x00000001, argBytes=20
info: Win32Emu.Emulator[0]
      [Syscall] AFTER API: Return address at 0x001FE9AC = 0x00572E81
info: Win32Emu.Emulator[0]
      [Syscall] KERNEL32.DLL!LCMapStringW from stub at 0x0F000160
info: Win32Emu.Emulator[0]
      [Syscall] BEFORE API: Return address at 0x001FE980 = 0x005726D9
info: Win32Emu.Emulator[0]
      Dispatching KERNEL32.DLL!LCMapStringW at EIP=0x0E000002 ESP=0x001FE980 stack=D9 26 57 00 00 00 00 00 00 01 00 00 F8 E2 59 00
info: Win32Emu.Emulator[0]
      [Dispatcher] KERNEL32.DLL!LCMapStringW returned 0x00000002, argBytes=24
info: Win32Emu.Emulator[0]
      [Syscall] AFTER API: Return address at 0x001FE980 = 0x005726D9
info: Win32Emu.Emulator[0]
      [Syscall] KERNEL32.DLL!MultiByteToWideChar from stub at 0x0F0007E0
info: Win32Emu.Emulator[0]
      [Syscall] BEFORE API: Return address at 0x001FE980 = 0x00572776
info: Win32Emu.Emulator[0]
      Dispatching KERNEL32.DLL!MultiByteToWideChar at EIP=0x0E000002 ESP=0x001FE980 stack=76 27 57 00 E9 FD 00 00 01 00 00 00 1C EE 1F 00
info: Win32Emu.Emulator[0]
      [Dispatcher] KERNEL32.DLL!MultiByteToWideChar returned 0x00000100, argBytes=24
info: Win32Emu.Emulator[0]
      [Syscall] AFTER API: Return address at 0x001FE980 = 0x00572776
info: Win32Emu.Emulator[0]
      [Syscall] KERNEL32.DLL!MultiByteToWideChar from stub at 0x0F0007E0
info: Win32Emu.Emulator[0]
      [Syscall] BEFORE API: Return address at 0x001FE780 = 0x005727CE
info: Win32Emu.Emulator[0]
      Dispatching KERNEL32.DLL!MultiByteToWideChar at EIP=0x0E000002 ESP=0x001FE780 stack=CE 27 57 00 E9 FD 00 00 01 00 00 00 1C EE 1F 00
info: Win32Emu.Emulator[0]
      [Dispatcher] KERNEL32.DLL!MultiByteToWideChar returned 0x00000100, argBytes=24
info: Win32Emu.Emulator[0]
      [Syscall] AFTER API: Return address at 0x001FE780 = 0x005727CE
info: Win32Emu.Emulator[0]
      [Syscall] KERNEL32.DLL!LCMapStringW from stub at 0x0F000160
info: Win32Emu.Emulator[0]
      [Syscall] BEFORE API: Return address at 0x001FE780 = 0x005727E4
info: Win32Emu.Emulator[0]
      Dispatching KERNEL32.DLL!LCMapStringW at EIP=0x0E000002 ESP=0x001FE780 stack=E4 27 57 00 00 00 00 00 00 01 00 00 9C E7 1F 00
info: Win32Emu.Emulator[0]
      [Dispatcher] KERNEL32.DLL!LCMapStringW returned 0x00000101, argBytes=24
info: Win32Emu.Emulator[0]
      [Syscall] AFTER API: Return address at 0x001FE780 = 0x005727E4
info: Win32Emu.Emulator[0]
      [Syscall] KERNEL32.DLL!LCMapStringW from stub at 0x0F000160
info: Win32Emu.Emulator[0]
      [Syscall] BEFORE API: Return address at 0x001FE57C = 0x0057287F
info: Win32Emu.Emulator[0]
      Dispatching KERNEL32.DLL!LCMapStringW at EIP=0x0E000002 ESP=0x001FE57C stack=7F 28 57 00 00 00 00 00 00 01 00 00 9C E7 1F 00
info: Win32Emu.Emulator[0]
      [Dispatcher] KERNEL32.DLL!LCMapStringW returned 0x00000101, argBytes=24
info: Win32Emu.Emulator[0]
      [Syscall] AFTER API: Return address at 0x001FE57C = 0x0057287F
info: Win32Emu.Emulator[0]
      [Syscall] KERNEL32.DLL!WideCharToMultiByte from stub at 0x0F000460
info: Win32Emu.Emulator[0]
      [Syscall] BEFORE API: Return address at 0x001FE574 = 0x005728A4
info: Win32Emu.Emulator[0]
      Dispatching KERNEL32.DLL!WideCharToMultiByte at EIP=0x0E000002 ESP=0x001FE574 stack=A4 28 57 00 E9 FD 00 00 20 02 00 00 98 E5 1F 00
info: Win32Emu.Emulator[0]
      [Kernel32] WideCharToMultiByte: CP=Utf8 cchWide=257 lpWide=0x001FE598 cbMulti=256 lpMulti=0x001FED1C
info: Win32Emu.Emulator[0]
      [Kernel32] WideCharToMultiByte: Read 257 chars (specified count)
info: Win32Emu.Emulator[0]
      [Kernel32] WideCharToMultiByte: Buffer too small with trailing null - trying without null terminator
info: Win32Emu.Emulator[0]
      [Kernel32] WideCharToMultiByte: Buffer too small - need 513 bytes but only have 256
info: Win32Emu.Emulator[0]
      [Dispatcher] KERNEL32.DLL!WideCharToMultiByte returned 0x00000000, argBytes=32
info: Win32Emu.Emulator[0]
      [Syscall] AFTER API: Return address at 0x001FE574 = 0x005728A4
info: Win32Emu.Emulator[0]
      [Syscall] KERNEL32.DLL!MultiByteToWideChar from stub at 0x0F0007E0
info: Win32Emu.Emulator[0]
      [Syscall] BEFORE API: Return address at 0x001FE960 = 0x00572776
info: Win32Emu.Emulator[0]
      Dispatching KERNEL32.DLL!MultiByteToWideChar at EIP=0x0E000002 ESP=0x001FE960 stack=76 27 57 00 E9 FD 00 00 01 00 00 00 1C EE 1F 00
info: Win32Emu.Emulator[0]
      [Dispatcher] KERNEL32.DLL!MultiByteToWideChar returned 0x00000100, argBytes=24
info: Win32Emu.Emulator[0]
      [Syscall] AFTER API: Return address at 0x001FE960 = 0x00572776
info: Win32Emu.Emulator[0]
      [Syscall] KERNEL32.DLL!MultiByteToWideChar from stub at 0x0F0007E0
info: Win32Emu.Emulator[0]
      [Syscall] BEFORE API: Return address at 0x001FE760 = 0x005727CE
info: Win32Emu.Emulator[0]
      Dispatching KERNEL32.DLL!MultiByteToWideChar at EIP=0x0E000002 ESP=0x001FE760 stack=CE 27 57 00 E9 FD 00 00 01 00 00 00 1C EE 1F 00
info: Win32Emu.Emulator[0]
      [Dispatcher] KERNEL32.DLL!MultiByteToWideChar returned 0x00000100, argBytes=24
info: Win32Emu.Emulator[0]
      [Syscall] AFTER API: Return address at 0x001FE760 = 0x005727CE
info: Win32Emu.Emulator[0]
      [Syscall] KERNEL32.DLL!LCMapStringW from stub at 0x0F000160
info: Win32Emu.Emulator[0]
      [Syscall] BEFORE API: Return address at 0x001FE760 = 0x005727E4
info: Win32Emu.Emulator[0]
      Dispatching KERNEL32.DLL!LCMapStringW at EIP=0x0E000002 ESP=0x001FE760 stack=E4 27 57 00 00 00 00 00 00 02 00 00 7C E7 1F 00
info: Win32Emu.Emulator[0]
      [Dispatcher] KERNEL32.DLL!LCMapStringW returned 0x00000101, argBytes=24
info: Win32Emu.Emulator[0]
      [Syscall] AFTER API: Return address at 0x001FE760 = 0x005727E4
info: Win32Emu.Emulator[0]
      [Syscall] KERNEL32.DLL!LCMapStringW from stub at 0x0F000160
info: Win32Emu.Emulator[0]
      [Syscall] BEFORE API: Return address at 0x001FE55C = 0x0057287F
info: Win32Emu.Emulator[0]
      Dispatching KERNEL32.DLL!LCMapStringW at EIP=0x0E000002 ESP=0x001FE55C stack=7F 28 57 00 00 00 00 00 00 02 00 00 7C E7 1F 00
info: Win32Emu.Emulator[0]
      [Dispatcher] KERNEL32.DLL!LCMapStringW returned 0x00000101, argBytes=24
info: Win32Emu.Emulator[0]
      [Syscall] AFTER API: Return address at 0x001FE55C = 0x0057287F
info: Win32Emu.Emulator[0]
      [Syscall] KERNEL32.DLL!WideCharToMultiByte from stub at 0x0F000460
info: Win32Emu.Emulator[0]
      [Syscall] BEFORE API: Return address at 0x001FE554 = 0x005728A4
info: Win32Emu.Emulator[0]
      Dispatching KERNEL32.DLL!WideCharToMultiByte at EIP=0x0E000002 ESP=0x001FE554 stack=A4 28 57 00 E9 FD 00 00 20 02 00 00 78 E5 1F 00
info: Win32Emu.Emulator[0]
      [Kernel32] WideCharToMultiByte: CP=Utf8 cchWide=257 lpWide=0x001FE578 cbMulti=256 lpMulti=0x001FEC1C
info: Win32Emu.Emulator[0]
      [Kernel32] WideCharToMultiByte: Read 257 chars (specified count)
info: Win32Emu.Emulator[0]
      [Kernel32] WideCharToMultiByte: Buffer too small with trailing null - trying without null terminator
info: Win32Emu.Emulator[0]
      [Kernel32] WideCharToMultiByte: Buffer too small - need 513 bytes but only have 256
info: Win32Emu.Emulator[0]
      [Dispatcher] KERNEL32.DLL!WideCharToMultiByte returned 0x00000000, argBytes=32
info: Win32Emu.Emulator[0]
      [Syscall] AFTER API: Return address at 0x001FE554 = 0x005728A4
info: Win32Emu.Emulator[0]
      [Syscall] KERNEL32.DLL!LeaveCriticalSection from stub at 0x0F000570
info: Win32Emu.Emulator[0]
      [Syscall] BEFORE API: Return address at 0x001FEF24 = 0x005704F2
info: Win32Emu.Emulator[0]
      Dispatching KERNEL32.DLL!LeaveCriticalSection at EIP=0x0E000002 ESP=0x001FEF24 stack=F2 04 57 00 00 26 00 01 5C EF 1F 00 81 BD 56 00
info: Win32Emu.Emulator[0]
      [Kernel32] LeaveCriticalSection(0x01002600)
info: Win32Emu.Emulator[0]
      [Dispatcher] KERNEL32.DLL!LeaveCriticalSection returned 0x00000000, argBytes=4
info: Win32Emu.Emulator[0]
      [Syscall] AFTER API: Return address at 0x001FEF24 = 0x005704F2
info: Win32Emu.Emulator[0]
      [Syscall] KERNEL32.DLL!GetModuleFileNameA from stub at 0x0F000380
info: Win32Emu.Emulator[0]
      [Syscall] BEFORE API: Return address at 0x001FEF5C = 0x00571065
info: Win32Emu.Emulator[0]
      Dispatching KERNEL32.DLL!GetModuleFileNameA at EIP=0x0E000002 ESP=0x001FEF5C stack=65 10 57 00 00 00 00 00 08 3A 5F 00 04 01 00 00
info: Win32Emu.Emulator[0]
      [Kernel32] GetModuleFileNameA called: h=0x00000000 lp=0x005F3A08 n=260
info: Win32Emu.Emulator[0]
      [Kernel32] GetModuleFileNameA returning 23
info: Win32Emu.Emulator[0]
      [Dispatcher] KERNEL32.DLL!GetModuleFileNameA returned 0x00000017, argBytes=12
info: Win32Emu.Emulator[0]
      [Syscall] AFTER API: Return address at 0x001FEF5C = 0x00571065
info: Win32Emu.Emulator[0]
      [Syscall] KERNEL32.DLL!HeapAlloc from stub at 0x0F000200
info: Win32Emu.Emulator[0]
      [Syscall] BEFORE API: Return address at 0x001FEF00 = 0x00569EF2
info: Win32Emu.Emulator[0]
      Dispatching KERNEL32.DLL!HeapAlloc at EIP=0x0E000002 ESP=0x001FEF00 stack=F2 9E 56 00 40 20 00 01 00 00 00 00 20 00 00 00
info: Win32Emu.Emulator[0]
      [Dispatcher] KERNEL32.DLL!HeapAlloc returned 0x01002620, argBytes=12
info: Win32Emu.Emulator[0]
      [Syscall] AFTER API: Return address at 0x001FEF00 = 0x00569EF2
info: Win32Emu.Emulator[0]
      [Syscall] KERNEL32.DLL!HeapAlloc from stub at 0x0F000200
info: Win32Emu.Emulator[0]
      [Syscall] BEFORE API: Return address at 0x001FEF20 = 0x00569EF2
info: Win32Emu.Emulator[0]
      Dispatching KERNEL32.DLL!HeapAlloc at EIP=0x0E000002 ESP=0x001FEF20 stack=F2 9E 56 00 40 20 00 01 00 00 00 00 40 00 00 00
info: Win32Emu.Emulator[0]
      [Dispatcher] KERNEL32.DLL!HeapAlloc returned 0x01002640, argBytes=12
info: Win32Emu.Emulator[0]
      [Syscall] AFTER API: Return address at 0x001FEF20 = 0x00569EF2
info: Win32Emu.Emulator[0]
      [Syscall] KERNEL32.DLL!HeapAlloc from stub at 0x0F000200
info: Win32Emu.Emulator[0]
      [Syscall] BEFORE API: Return address at 0x001FEF1C = 0x00569EF2
info: Win32Emu.Emulator[0]
      Dispatching KERNEL32.DLL!HeapAlloc at EIP=0x0E000002 ESP=0x001FEF1C stack=F2 9E 56 00 40 20 00 01 00 00 00 00 20 00 00 00
info: Win32Emu.Emulator[0]
      [Dispatcher] KERNEL32.DLL!HeapAlloc returned 0x01002680, argBytes=12
info: Win32Emu.Emulator[0]
      [Syscall] AFTER API: Return address at 0x001FEF1C = 0x00569EF2
info: Win32Emu.Emulator[0]
      [Syscall] KERNEL32.DLL!HeapAlloc from stub at 0x0F000200
info: Win32Emu.Emulator[0]
      [Syscall] BEFORE API: Return address at 0x001FEF1C = 0x00569EF2
info: Win32Emu.Emulator[0]
      Dispatching KERNEL32.DLL!HeapAlloc at EIP=0x0E000002 ESP=0x001FEF1C stack=F2 9E 56 00 40 20 00 01 00 00 00 00 30 00 00 00
info: Win32Emu.Emulator[0]
      [Dispatcher] KERNEL32.DLL!HeapAlloc returned 0x010026A0, argBytes=12
info: Win32Emu.Emulator[0]
      [Syscall] AFTER API: Return address at 0x001FEF1C = 0x00569EF2
info: Win32Emu.Emulator[0]
      [Syscall] KERNEL32.DLL!HeapAlloc from stub at 0x0F000200
info: Win32Emu.Emulator[0]
      [Syscall] BEFORE API: Return address at 0x001FEF1C = 0x00569EF2
info: Win32Emu.Emulator[0]
      Dispatching KERNEL32.DLL!HeapAlloc at EIP=0x0E000002 ESP=0x001FEF1C stack=F2 9E 56 00 40 20 00 01 00 00 00 00 10 00 00 00
info: Win32Emu.Emulator[0]
      [Dispatcher] KERNEL32.DLL!HeapAlloc returned 0x010026D0, argBytes=12
info: Win32Emu.Emulator[0]
      [Syscall] AFTER API: Return address at 0x001FEF1C = 0x00569EF2
info: Win32Emu.Emulator[0]
      [Syscall] KERNEL32.DLL!HeapAlloc from stub at 0x0F000200
info: Win32Emu.Emulator[0]
      [Syscall] BEFORE API: Return address at 0x001FEF1C = 0x00569EF2
info: Win32Emu.Emulator[0]
      Dispatching KERNEL32.DLL!HeapAlloc at EIP=0x0E000002 ESP=0x001FEF1C stack=F2 9E 56 00 40 20 00 01 00 00 00 00 40 00 00 00
info: Win32Emu.Emulator[0]
      [Dispatcher] KERNEL32.DLL!HeapAlloc returned 0x010026E0, argBytes=12
info: Win32Emu.Emulator[0]
      [Syscall] AFTER API: Return address at 0x001FEF1C = 0x00569EF2
info: Win32Emu.Emulator[0]
      [Syscall] KERNEL32.DLL!HeapAlloc from stub at 0x0F000200
info: Win32Emu.Emulator[0]
      [Syscall] BEFORE API: Return address at 0x001FEF1C = 0x00569EF2
info: Win32Emu.Emulator[0]
      Dispatching KERNEL32.DLL!HeapAlloc at EIP=0x0E000002 ESP=0x001FEF1C stack=F2 9E 56 00 40 20 00 01 00 00 00 00 40 00 00 00
info: Win32Emu.Emulator[0]
      [Dispatcher] KERNEL32.DLL!HeapAlloc returned 0x01002720, argBytes=12
info: Win32Emu.Emulator[0]
      [Syscall] AFTER API: Return address at 0x001FEF1C = 0x00569EF2
info: Win32Emu.Emulator[0]
      [Syscall] KERNEL32.DLL!HeapAlloc from stub at 0x0F000200
info: Win32Emu.Emulator[0]
      [Syscall] BEFORE API: Return address at 0x001FEF1C = 0x00569EF2
info: Win32Emu.Emulator[0]
      Dispatching KERNEL32.DLL!HeapAlloc at EIP=0x0E000002 ESP=0x001FEF1C stack=F2 9E 56 00 40 20 00 01 00 00 00 00 20 00 00 00
info: Win32Emu.Emulator[0]
      [Dispatcher] KERNEL32.DLL!HeapAlloc returned 0x01002760, argBytes=12
info: Win32Emu.Emulator[0]
      [Syscall] AFTER API: Return address at 0x001FEF1C = 0x00569EF2
info: Win32Emu.Emulator[0]
      [Syscall] KERNEL32.DLL!HeapAlloc from stub at 0x0F000200
info: Win32Emu.Emulator[0]
      [Syscall] BEFORE API: Return address at 0x001FEF1C = 0x00569EF2
info: Win32Emu.Emulator[0]
      Dispatching KERNEL32.DLL!HeapAlloc at EIP=0x0E000002 ESP=0x001FEF1C stack=F2 9E 56 00 40 20 00 01 00 00 00 00 20 00 00 00
info: Win32Emu.Emulator[0]
      [Dispatcher] KERNEL32.DLL!HeapAlloc returned 0x01002780, argBytes=12
info: Win32Emu.Emulator[0]
      [Syscall] AFTER API: Return address at 0x001FEF1C = 0x00569EF2
info: Win32Emu.Emulator[0]
      [Syscall] KERNEL32.DLL!HeapAlloc from stub at 0x0F000200
info: Win32Emu.Emulator[0]
      [Syscall] BEFORE API: Return address at 0x001FEF1C = 0x00569EF2
info: Win32Emu.Emulator[0]
      Dispatching KERNEL32.DLL!HeapAlloc at EIP=0x0E000002 ESP=0x001FEF1C stack=F2 9E 56 00 40 20 00 01 00 00 00 00 10 00 00 00
info: Win32Emu.Emulator[0]
      [Dispatcher] KERNEL32.DLL!HeapAlloc returned 0x010027A0, argBytes=12
info: Win32Emu.Emulator[0]
      [Syscall] AFTER API: Return address at 0x001FEF1C = 0x00569EF2
info: Win32Emu.Emulator[0]
      [Syscall] KERNEL32.DLL!HeapAlloc from stub at 0x0F000200
info: Win32Emu.Emulator[0]
      [Syscall] BEFORE API: Return address at 0x001FEF1C = 0x00569EF2
info: Win32Emu.Emulator[0]
      Dispatching KERNEL32.DLL!HeapAlloc at EIP=0x0E000002 ESP=0x001FEF1C stack=F2 9E 56 00 40 20 00 01 00 00 00 00 10 00 00 00
info: Win32Emu.Emulator[0]
      [Dispatcher] KERNEL32.DLL!HeapAlloc returned 0x010027B0, argBytes=12
info: Win32Emu.Emulator[0]
      [Syscall] AFTER API: Return address at 0x001FEF1C = 0x00569EF2
info: Win32Emu.Emulator[0]
      [Syscall] KERNEL32.DLL!HeapAlloc from stub at 0x0F000200
info: Win32Emu.Emulator[0]
      [Syscall] BEFORE API: Return address at 0x001FEF1C = 0x00569EF2
info: Win32Emu.Emulator[0]
      Dispatching KERNEL32.DLL!HeapAlloc at EIP=0x0E000002 ESP=0x001FEF1C stack=F2 9E 56 00 40 20 00 01 00 00 00 00 20 00 00 00
info: Win32Emu.Emulator[0]
      [Dispatcher] KERNEL32.DLL!HeapAlloc returned 0x010027C0, argBytes=12
info: Win32Emu.Emulator[0]
      [Syscall] AFTER API: Return address at 0x001FEF1C = 0x00569EF2
info: Win32Emu.Emulator[0]
      [Syscall] KERNEL32.DLL!HeapAlloc from stub at 0x0F000200
info: Win32Emu.Emulator[0]
      [Syscall] BEFORE API: Return address at 0x001FEF1C = 0x00569EF2
info: Win32Emu.Emulator[0]
      Dispatching KERNEL32.DLL!HeapAlloc at EIP=0x0E000002 ESP=0x001FEF1C stack=F2 9E 56 00 40 20 00 01 00 00 00 00 10 00 00 00
info: Win32Emu.Emulator[0]
      [Dispatcher] KERNEL32.DLL!HeapAlloc returned 0x010027E0, argBytes=12
info: Win32Emu.Emulator[0]
      [Syscall] AFTER API: Return address at 0x001FEF1C = 0x00569EF2
info: Win32Emu.Emulator[0]
      [Syscall] KERNEL32.DLL!HeapAlloc from stub at 0x0F000200
info: Win32Emu.Emulator[0]
      [Syscall] BEFORE API: Return address at 0x001FEF1C = 0x00569EF2
info: Win32Emu.Emulator[0]
      Dispatching KERNEL32.DLL!HeapAlloc at EIP=0x0E000002 ESP=0x001FEF1C stack=F2 9E 56 00 40 20 00 01 00 00 00 00 20 00 00 00
info: Win32Emu.Emulator[0]
      [Dispatcher] KERNEL32.DLL!HeapAlloc returned 0x010027F0, argBytes=12
info: Win32Emu.Emulator[0]
      [Syscall] AFTER API: Return address at 0x001FEF1C = 0x00569EF2
info: Win32Emu.Emulator[0]
      [Syscall] KERNEL32.DLL!HeapFree from stub at 0x0F0004B0
info: Win32Emu.Emulator[0]
      [Syscall] BEFORE API: Return address at 0x001FEF28 = 0x00569DB8
info: Win32Emu.Emulator[0]
      Dispatching KERNEL32.DLL!HeapFree at EIP=0x0E000002 ESP=0x001FEF28 stack=B8 9D 56 00 40 20 00 01 00 00 00 00 C0 24 00 01
info: Win32Emu.Emulator[0]
      [Dispatcher] KERNEL32.DLL!HeapFree returned 0x00000001, argBytes=12
info: Win32Emu.Emulator[0]
      [Syscall] AFTER API: Return address at 0x001FEF28 = 0x00569DB8
info: Win32Emu.Emulator[0]
      [Syscall] KERNEL32.DLL!GetModuleHandleA from stub at 0x0F000340
info: Win32Emu.Emulator[0]
      [Syscall] BEFORE API: Return address at 0x001FEF74 = 0x0056D07F
info: Win32Emu.Emulator[0]
      Dispatching KERNEL32.DLL!GetModuleHandleA at EIP=0x0E000002 ESP=0x001FEF74 stack=7F D0 56 00 34 DE 59 00 79 98 56 00 75 B8 56 00
info: Win32Emu.Emulator[0]
      [Kernel32] GetModuleHandleA called: module='KERNEL32'
info: Win32Emu.Emulator[0]
      [Dispatcher] KERNEL32.DLL!GetModuleHandleA returned 0x10000000, argBytes=4
info: Win32Emu.Emulator[0]
      [Syscall] AFTER API: Return address at 0x001FEF74 = 0x0056D07F
info: Win32Emu.Emulator[0]
      [Syscall] KERNEL32.DLL!GetProcAddress from stub at 0x0F000360
info: Win32Emu.Emulator[0]
      [Syscall] BEFORE API: Return address at 0x001FEF70 = 0x0056D08F
info: Win32Emu.Emulator[0]
      Dispatching KERNEL32.DLL!GetProcAddress at EIP=0x0E000002 ESP=0x001FEF70 stack=8F D0 56 00 00 00 00 10 18 DE 59 00 79 98 56 00
info: Win32Emu.Emulator[0]
      [Kernel32] GetProcAddress(0x10000000, 0x0059DE18)
info: Win32Emu.Emulator[0]
      [Kernel32] GetProcAddress: Looking up 'IsProcessorFeaturePresent'
info: Win32Emu.Emulator[0]
      [ProcessEnv] Registered synthetic export: KERNEL32.DLL!IsProcessorFeaturePresent at 0x0F800000
info: Win32Emu.Emulator[0]
      [Kernel32] GetProcAddress: Registered synthetic export 'KERNEL32.DLL!IsProcessorFeaturePresent' at 0x0F800000
info: Win32Emu.Emulator[0]
      [Dispatcher] KERNEL32.DLL!GetProcAddress returned 0x0F800000, argBytes=8
info: Win32Emu.Emulator[0]
      [Syscall] AFTER API: Return address at 0x001FEF70 = 0x0056D08F
info: Win32Emu.Emulator[0]
      [Syscall] KERNEL32.DLL!IsProcessorFeaturePresent from stub at 0x0F800000
info: Win32Emu.Emulator[0]
      [Syscall] BEFORE API: Return address at 0x001FEF74 = 0x0056D097
info: Win32Emu.Emulator[0]
      Dispatching KERNEL32.DLL!IsProcessorFeaturePresent at EIP=0x0E000002 ESP=0x001FEF74 stack=97 D0 56 00 00 00 00 00 79 98 56 00 75 B8 56 00
info: Win32Emu.Emulator[0]
      [Dispatcher] KERNEL32.DLL!IsProcessorFeaturePresent returned 0x00000000, argBytes=4
info: Win32Emu.Emulator[0]
      [Syscall] AFTER API: Return address at 0x001FEF74 = 0x0056D097
info: Win32Emu.Emulator[0]
      [Syscall] KERNEL32.DLL!HeapAlloc from stub at 0x0F000200
info: Win32Emu.Emulator[0]
      [Syscall] BEFORE API: Return address at 0x001FEF18 = 0x00569EF2
info: Win32Emu.Emulator[0]
      Dispatching KERNEL32.DLL!HeapAlloc at EIP=0x0E000002 ESP=0x001FEF18 stack=F2 9E 56 00 40 20 00 01 00 00 00 00 80 00 00 00
info: Win32Emu.Emulator[0]
      [Dispatcher] KERNEL32.DLL!HeapAlloc returned 0x01002810, argBytes=12
info: Win32Emu.Emulator[0]
      [Syscall] AFTER API: Return address at 0x001FEF18 = 0x00569EF2
info: Win32Emu.Emulator[0]
      [Syscall] KERNEL32.DLL!HeapAlloc from stub at 0x0F000200
info: Win32Emu.Emulator[0]
      [Syscall] BEFORE API: Return address at 0x001FEF18 = 0x00572D23
info: Win32Emu.Emulator[0]
      Dispatching KERNEL32.DLL!HeapAlloc at EIP=0x0E000002 ESP=0x001FEF18 stack=23 2D 57 00 40 20 00 01 08 00 00 00 10 00 00 00
info: Win32Emu.Emulator[0]
      [Dispatcher] KERNEL32.DLL!HeapAlloc returned 0x01002890, argBytes=12
info: Win32Emu.Emulator[0]
      [Syscall] AFTER API: Return address at 0x001FEF18 = 0x00572D23
info: Win32Emu.Emulator[0]
      [Syscall] KERNEL32.DLL!SetUnhandledExceptionFilter from stub at 0x0F000170
info: Win32Emu.Emulator[0]
      [Syscall] BEFORE API: Return address at 0x001FEF68 = 0x00572A35
info: Win32Emu.Emulator[0]
      Dispatching KERNEL32.DLL!SetUnhandledExceptionFilter at EIP=0x0E000002 ESP=0x001FEF68 stack=35 2A 57 00 E4 29 57 00 83 B9 56 00 00 00 00 00
info: Win32Emu.Emulator[0]
      [Kernel32] SetUnhandledExceptionFilter(lpTopLevelExceptionFilter=0x005729E4)
info: Win32Emu.Emulator[0]
      [Kernel32] SetUnhandledExceptionFilter: Set exception handler to 0x005729E4
info: Win32Emu.Emulator[0]
      [Dispatcher] KERNEL32.DLL!SetUnhandledExceptionFilter returned 0x00000000, argBytes=4
info: Win32Emu.Emulator[0]
      [Syscall] AFTER API: Return address at 0x001FEF68 = 0x00572A35
info: Win32Emu.Emulator[0]
      [Syscall] KERNEL32.DLL!InitializeCriticalSection from stub at 0x0F0005C0
info: Win32Emu.Emulator[0]
      [Syscall] BEFORE API: Return address at 0x001FEF4C = 0x0056917D
info: Win32Emu.Emulator[0]
      Dispatching KERNEL32.DLL!InitializeCriticalSection at EIP=0x0E000002 ESP=0x001FEF4C stack=7D 91 56 00 E8 30 5F 00 04 C0 5A 00 4C EA 57 00
info: Win32Emu.Emulator[0]
      [Kernel32] InitializeCriticalSection(0x005F30E8)
info: Win32Emu.Emulator[0]
      [Dispatcher] KERNEL32.DLL!InitializeCriticalSection returned 0x00000000, argBytes=4
info: Win32Emu.Emulator[0]
      [Syscall] AFTER API: Return address at 0x001FEF4C = 0x0056917D
info: Win32Emu.Emulator[0]
      [Syscall] KERNEL32.DLL!EnterCriticalSection from stub at 0x0F000560
info: Win32Emu.Emulator[0]
      [Syscall] BEFORE API: Return address at 0x001FEF38 = 0x005704DC
info: Win32Emu.Emulator[0]
      Dispatching KERNEL32.DLL!EnterCriticalSection at EIP=0x0E000002 ESP=0x001FEF38 stack=DC 04 57 00 E8 39 5F 00 04 C0 5A 00 FC EF 1F 00
info: Win32Emu.Emulator[0]
      [Kernel32] EnterCriticalSection(0x005F39E8)
info: Win32Emu.Emulator[0]
      [Dispatcher] KERNEL32.DLL!EnterCriticalSection returned 0x00000000, argBytes=4
info: Win32Emu.Emulator[0]
      [Syscall] AFTER API: Return address at 0x001FEF38 = 0x005704DC
info: Win32Emu.Emulator[0]
      [Syscall] KERNEL32.DLL!HeapSize from stub at 0x0F000060
info: Win32Emu.Emulator[0]
      [Syscall] BEFORE API: Return address at 0x001FEF00 = 0x0056BBBD
info: Win32Emu.Emulator[0]
      Dispatching KERNEL32.DLL!HeapSize at EIP=0x0E000002 ESP=0x001FEF00 stack=BD BB 56 00 40 20 00 01 00 00 00 00 10 28 00 01
info: Win32Emu.Emulator[0]
      [Kernel32] HeapSize(hHeap=0x01002040, dwFlags=0x00000000, lpMem=0x01002810)
info: Win32Emu.Emulator[0]
      [Kernel32] HeapSize: Block at 0x01002810 has size 128 bytes
info: Win32Emu.Emulator[0]
      [Dispatcher] KERNEL32.DLL!HeapSize returned 0x00000080, argBytes=12
info: Win32Emu.Emulator[0]
      [Syscall] AFTER API: Return address at 0x001FEF00 = 0x0056BBBD
info: Win32Emu.Emulator[0]
      [Syscall] KERNEL32.DLL!LeaveCriticalSection from stub at 0x0F000570
info: Win32Emu.Emulator[0]
      [Syscall] BEFORE API: Return address at 0x001FEF3C = 0x005704F2
info: Win32Emu.Emulator[0]
      Dispatching KERNEL32.DLL!LeaveCriticalSection at EIP=0x0E000002 ESP=0x001FEF3C stack=F2 04 57 00 E8 39 5F 00 FC EF 1F 00 6E B9 56 00
info: Win32Emu.Emulator[0]
      [Kernel32] LeaveCriticalSection(0x005F39E8)
info: Win32Emu.Emulator[0]
      [Dispatcher] KERNEL32.DLL!LeaveCriticalSection returned 0x00000000, argBytes=4
info: Win32Emu.Emulator[0]
      [Syscall] AFTER API: Return address at 0x001FEF3C = 0x005704F2
info: Win32Emu.Emulator[0]
      [Syscall] KERNEL32.DLL!InitializeCriticalSection from stub at 0x0F0005C0
info: Win32Emu.Emulator[0]
      [Syscall] BEFORE API: Return address at 0x001FEF4C = 0x0056917D
info: Win32Emu.Emulator[0]
      Dispatching KERNEL32.DLL!InitializeCriticalSection at EIP=0x0E000002 ESP=0x001FEF4C stack=7D 91 56 00 90 33 5F 00 08 C0 5A 00 94 ED 57 00
info: Win32Emu.Emulator[0]
      [Kernel32] InitializeCriticalSection(0x005F3390)
info: Win32Emu.Emulator[0]
      [Dispatcher] KERNEL32.DLL!InitializeCriticalSection returned 0x00000000, argBytes=4
info: Win32Emu.Emulator[0]
      [Syscall] AFTER API: Return address at 0x001FEF4C = 0x0056917D
info: Win32Emu.Emulator[0]
      [Syscall] KERNEL32.DLL!EnterCriticalSection from stub at 0x0F000560
info: Win32Emu.Emulator[0]
      [Syscall] BEFORE API: Return address at 0x001FEF38 = 0x005704DC
info: Win32Emu.Emulator[0]
      Dispatching KERNEL32.DLL!EnterCriticalSection at EIP=0x0E000002 ESP=0x001FEF38 stack=DC 04 57 00 E8 39 5F 00 08 C0 5A 00 FC EF 1F 00
info: Win32Emu.Emulator[0]
      [Kernel32] EnterCriticalSection(0x005F39E8)
info: Win32Emu.Emulator[0]
      [Dispatcher] KERNEL32.DLL!EnterCriticalSection returned 0x00000000, argBytes=4
info: Win32Emu.Emulator[0]
      [Syscall] AFTER API: Return address at 0x001FEF38 = 0x005704DC
info: Win32Emu.Emulator[0]
      [Syscall] KERNEL32.DLL!HeapSize from stub at 0x0F000060
info: Win32Emu.Emulator[0]
      [Syscall] BEFORE API: Return address at 0x001FEF00 = 0x0056BBBD
info: Win32Emu.Emulator[0]
      Dispatching KERNEL32.DLL!HeapSize at EIP=0x0E000002 ESP=0x001FEF00 stack=BD BB 56 00 40 20 00 01 00 00 00 00 10 28 00 01
info: Win32Emu.Emulator[0]
      [Kernel32] HeapSize(hHeap=0x01002040, dwFlags=0x00000000, lpMem=0x01002810)
info: Win32Emu.Emulator[0]
      [Kernel32] HeapSize: Block at 0x01002810 has size 128 bytes
info: Win32Emu.Emulator[0]
      [Dispatcher] KERNEL32.DLL!HeapSize returned 0x00000080, argBytes=12
info: Win32Emu.Emulator[0]
      [Syscall] AFTER API: Return address at 0x001FEF00 = 0x0056BBBD
info: Win32Emu.Emulator[0]
      [Syscall] KERNEL32.DLL!LeaveCriticalSection from stub at 0x0F000570
info: Win32Emu.Emulator[0]
      [Syscall] BEFORE API: Return address at 0x001FEF3C = 0x005704F2
info: Win32Emu.Emulator[0]
      Dispatching KERNEL32.DLL!LeaveCriticalSection at EIP=0x0E000002 ESP=0x001FEF3C stack=F2 04 57 00 E8 39 5F 00 FC EF 1F 00 6E B9 56 00
info: Win32Emu.Emulator[0]
      [Kernel32] LeaveCriticalSection(0x005F39E8)
info: Win32Emu.Emulator[0]
      [Dispatcher] KERNEL32.DLL!LeaveCriticalSection returned 0x00000000, argBytes=4
info: Win32Emu.Emulator[0]
      [Syscall] AFTER API: Return address at 0x001FEF3C = 0x005704F2
info: Win32Emu.Emulator[0]
      [Syscall] KERNEL32.DLL!InitializeCriticalSection from stub at 0x0F0005C0
info: Win32Emu.Emulator[0]
      [Syscall] BEFORE API: Return address at 0x001FEF4C = 0x0056917D
info: Win32Emu.Emulator[0]
      Dispatching KERNEL32.DLL!InitializeCriticalSection at EIP=0x0E000002 ESP=0x001FEF4C stack=7D 91 56 00 68 33 5F 00 0C C0 5A 00 D4 ED 57 00
info: Win32Emu.Emulator[0]
      [Kernel32] InitializeCriticalSection(0x005F3368)
info: Win32Emu.Emulator[0]
      [Dispatcher] KERNEL32.DLL!InitializeCriticalSection returned 0x00000000, argBytes=4
info: Win32Emu.Emulator[0]
      [Syscall] AFTER API: Return address at 0x001FEF4C = 0x0056917D
info: Win32Emu.Emulator[0]
      [Syscall] KERNEL32.DLL!EnterCriticalSection from stub at 0x0F000560
info: Win32Emu.Emulator[0]
      [Syscall] BEFORE API: Return address at 0x001FEF38 = 0x005704DC
info: Win32Emu.Emulator[0]
      Dispatching KERNEL32.DLL!EnterCriticalSection at EIP=0x0E000002 ESP=0x001FEF38 stack=DC 04 57 00 E8 39 5F 00 0C C0 5A 00 FC EF 1F 00
info: Win32Emu.Emulator[0]
      [Kernel32] EnterCriticalSection(0x005F39E8)
info: Win32Emu.Emulator[0]
      [Dispatcher] KERNEL32.DLL!EnterCriticalSection returned 0x00000000, argBytes=4
info: Win32Emu.Emulator[0]
      [Syscall] AFTER API: Return address at 0x001FEF38 = 0x005704DC
info: Win32Emu.Emulator[0]
      [Syscall] KERNEL32.DLL!HeapSize from stub at 0x0F000060
info: Win32Emu.Emulator[0]
      [Syscall] BEFORE API: Return address at 0x001FEF00 = 0x0056BBBD
info: Win32Emu.Emulator[0]
      Dispatching KERNEL32.DLL!HeapSize at EIP=0x0E000002 ESP=0x001FEF00 stack=BD BB 56 00 40 20 00 01 00 00 00 00 10 28 00 01
info: Win32Emu.Emulator[0]
      [Kernel32] HeapSize(hHeap=0x01002040, dwFlags=0x00000000, lpMem=0x01002810)
info: Win32Emu.Emulator[0]
      [Kernel32] HeapSize: Block at 0x01002810 has size 128 bytes
info: Win32Emu.Emulator[0]
      [Dispatcher] KERNEL32.DLL!HeapSize returned 0x00000080, argBytes=12
info: Win32Emu.Emulator[0]
      [Syscall] AFTER API: Return address at 0x001FEF00 = 0x0056BBBD
info: Win32Emu.Emulator[0]
      [Syscall] KERNEL32.DLL!LeaveCriticalSection from stub at 0x0F000570
info: Win32Emu.Emulator[0]
      [Syscall] BEFORE API: Return address at 0x001FEF3C = 0x005704F2
info: Win32Emu.Emulator[0]
      Dispatching KERNEL32.DLL!LeaveCriticalSection at EIP=0x0E000002 ESP=0x001FEF3C stack=F2 04 57 00 E8 39 5F 00 FC EF 1F 00 6E B9 56 00
info: Win32Emu.Emulator[0]
      [Kernel32] LeaveCriticalSection(0x005F39E8)
info: Win32Emu.Emulator[0]
      [Dispatcher] KERNEL32.DLL!LeaveCriticalSection returned 0x00000000, argBytes=4
info: Win32Emu.Emulator[0]
      [Syscall] AFTER API: Return address at 0x001FEF3C = 0x005704F2
info: Win32Emu.Emulator[0]
      [Syscall] KERNEL32.DLL!EnterCriticalSection from stub at 0x0F000560
info: Win32Emu.Emulator[0]
      [Syscall] BEFORE API: Return address at 0x001FEF38 = 0x005704DC
info: Win32Emu.Emulator[0]
      Dispatching KERNEL32.DLL!EnterCriticalSection at EIP=0x0E000002 ESP=0x001FEF38 stack=DC 04 57 00 E8 39 5F 00 10 C0 5A 00 FC EF 1F 00
info: Win32Emu.Emulator[0]
      [Kernel32] EnterCriticalSection(0x005F39E8)
info: Win32Emu.Emulator[0]
      [Dispatcher] KERNEL32.DLL!EnterCriticalSection returned 0x00000000, argBytes=4
info: Win32Emu.Emulator[0]
      [Syscall] AFTER API: Return address at 0x001FEF38 = 0x005704DC
info: Win32Emu.Emulator[0]
      [Syscall] KERNEL32.DLL!HeapSize from stub at 0x0F000060
info: Win32Emu.Emulator[0]
      [Syscall] BEFORE API: Return address at 0x001FEF00 = 0x0056BBBD
info: Win32Emu.Emulator[0]
      Dispatching KERNEL32.DLL!HeapSize at EIP=0x0E000002 ESP=0x001FEF00 stack=BD BB 56 00 40 20 00 01 00 00 00 00 10 28 00 01
info: Win32Emu.Emulator[0]
      [Kernel32] HeapSize(hHeap=0x01002040, dwFlags=0x00000000, lpMem=0x01002810)
info: Win32Emu.Emulator[0]
      [Kernel32] HeapSize: Block at 0x01002810 has size 128 bytes
info: Win32Emu.Emulator[0]
      [Dispatcher] KERNEL32.DLL!HeapSize returned 0x00000080, argBytes=12
info: Win32Emu.Emulator[0]
      [Syscall] AFTER API: Return address at 0x001FEF00 = 0x0056BBBD
info: Win32Emu.Emulator[0]
      [Syscall] KERNEL32.DLL!LeaveCriticalSection from stub at 0x0F000570
info: Win32Emu.Emulator[0]
      [Syscall] BEFORE API: Return address at 0x001FEF3C = 0x005704F2
info: Win32Emu.Emulator[0]
      Dispatching KERNEL32.DLL!LeaveCriticalSection at EIP=0x0E000002 ESP=0x001FEF3C stack=F2 04 57 00 E8 39 5F 00 FC EF 1F 00 6E B9 56 00
info: Win32Emu.Emulator[0]
      [Kernel32] LeaveCriticalSection(0x005F39E8)
info: Win32Emu.Emulator[0]
      [Dispatcher] KERNEL32.DLL!LeaveCriticalSection returned 0x00000000, argBytes=4
info: Win32Emu.Emulator[0]
      [Syscall] AFTER API: Return address at 0x001FEF3C = 0x005704F2
info: Win32Emu.Emulator[0]
      [Syscall] KERNEL32.DLL!EnterCriticalSection from stub at 0x0F000560
info: Win32Emu.Emulator[0]
      [Syscall] BEFORE API: Return address at 0x001FEF38 = 0x005704DC
info: Win32Emu.Emulator[0]
      Dispatching KERNEL32.DLL!EnterCriticalSection at EIP=0x0E000002 ESP=0x001FEF38 stack=DC 04 57 00 E8 39 5F 00 14 C0 5A 00 FC EF 1F 00
info: Win32Emu.Emulator[0]
      [Kernel32] EnterCriticalSection(0x005F39E8)
info: Win32Emu.Emulator[0]
      [Dispatcher] KERNEL32.DLL!EnterCriticalSection returned 0x00000000, argBytes=4
info: Win32Emu.Emulator[0]
      [Syscall] AFTER API: Return address at 0x001FEF38 = 0x005704DC
info: Win32Emu.Emulator[0]
      [Syscall] KERNEL32.DLL!HeapSize from stub at 0x0F000060
info: Win32Emu.Emulator[0]
      [Syscall] BEFORE API: Return address at 0x001FEF00 = 0x0056BBBD
info: Win32Emu.Emulator[0]
      Dispatching KERNEL32.DLL!HeapSize at EIP=0x0E000002 ESP=0x001FEF00 stack=BD BB 56 00 40 20 00 01 00 00 00 00 10 28 00 01
info: Win32Emu.Emulator[0]
      [Kernel32] HeapSize(hHeap=0x01002040, dwFlags=0x00000000, lpMem=0x01002810)
info: Win32Emu.Emulator[0]
      [Kernel32] HeapSize: Block at 0x01002810 has size 128 bytes
info: Win32Emu.Emulator[0]
      [Dispatcher] KERNEL32.DLL!HeapSize returned 0x00000080, argBytes=12
info: Win32Emu.Emulator[0]
      [Syscall] AFTER API: Return address at 0x001FEF00 = 0x0056BBBD
info: Win32Emu.Emulator[0]
      [Syscall] KERNEL32.DLL!LeaveCriticalSection from stub at 0x0F000570
info: Win32Emu.Emulator[0]
      [Syscall] BEFORE API: Return address at 0x001FEF3C = 0x005704F2
info: Win32Emu.Emulator[0]
      Dispatching KERNEL32.DLL!LeaveCriticalSection at EIP=0x0E000002 ESP=0x001FEF3C stack=F2 04 57 00 E8 39 5F 00 FC EF 1F 00 6E B9 56 00
info: Win32Emu.Emulator[0]
      [Kernel32] LeaveCriticalSection(0x005F39E8)
info: Win32Emu.Emulator[0]
      [Dispatcher] KERNEL32.DLL!LeaveCriticalSection returned 0x00000000, argBytes=4
info: Win32Emu.Emulator[0]
      [Syscall] AFTER API: Return address at 0x001FEF3C = 0x005704F2
info: Win32Emu.Emulator[0]
      [Syscall] KERNEL32.DLL!InitializeCriticalSection from stub at 0x0F0005C0
info: Win32Emu.Emulator[0]
      [Syscall] BEFORE API: Return address at 0x001FEF4C = 0x0056917D
info: Win32Emu.Emulator[0]
      Dispatching KERNEL32.DLL!InitializeCriticalSection at EIP=0x0E000002 ESP=0x001FEF4C stack=7D 91 56 00 38 34 5F 00 18 C0 5A 00 F8 BA 57 00
info: Win32Emu.Emulator[0]
      [Kernel32] InitializeCriticalSection(0x005F3438)
info: Win32Emu.Emulator[0]
      [Dispatcher] KERNEL32.DLL!InitializeCriticalSection returned 0x00000000, argBytes=4
info: Win32Emu.Emulator[0]
      [Syscall] AFTER API: Return address at 0x001FEF4C = 0x0056917D
info: Win32Emu.Emulator[0]
      [Syscall] KERNEL32.DLL!EnterCriticalSection from stub at 0x0F000560
info: Win32Emu.Emulator[0]
      [Syscall] BEFORE API: Return address at 0x001FEF38 = 0x005704DC
info: Win32Emu.Emulator[0]
      Dispatching KERNEL32.DLL!EnterCriticalSection at EIP=0x0E000002 ESP=0x001FEF38 stack=DC 04 57 00 E8 39 5F 00 18 C0 5A 00 FC EF 1F 00
info: Win32Emu.Emulator[0]
      [Kernel32] EnterCriticalSection(0x005F39E8)
info: Win32Emu.Emulator[0]
      [Dispatcher] KERNEL32.DLL!EnterCriticalSection returned 0x00000000, argBytes=4
info: Win32Emu.Emulator[0]
      [Syscall] AFTER API: Return address at 0x001FEF38 = 0x005704DC
info: Win32Emu.Emulator[0]
      [Syscall] KERNEL32.DLL!HeapSize from stub at 0x0F000060
info: Win32Emu.Emulator[0]
      [Syscall] BEFORE API: Return address at 0x001FEF00 = 0x0056BBBD
info: Win32Emu.Emulator[0]
      Dispatching KERNEL32.DLL!HeapSize at EIP=0x0E000002 ESP=0x001FEF00 stack=BD BB 56 00 40 20 00 01 00 00 00 00 10 28 00 01
info: Win32Emu.Emulator[0]
      [Kernel32] HeapSize(hHeap=0x01002040, dwFlags=0x00000000, lpMem=0x01002810)
info: Win32Emu.Emulator[0]
      [Kernel32] HeapSize: Block at 0x01002810 has size 128 bytes
info: Win32Emu.Emulator[0]
      [Dispatcher] KERNEL32.DLL!HeapSize returned 0x00000080, argBytes=12
info: Win32Emu.Emulator[0]
      [Syscall] AFTER API: Return address at 0x001FEF00 = 0x0056BBBD
info: Win32Emu.Emulator[0]
      [Syscall] KERNEL32.DLL!LeaveCriticalSection from stub at 0x0F000570
info: Win32Emu.Emulator[0]
      [Syscall] BEFORE API: Return address at 0x001FEF3C = 0x005704F2
info: Win32Emu.Emulator[0]
      Dispatching KERNEL32.DLL!LeaveCriticalSection at EIP=0x0E000002 ESP=0x001FEF3C stack=F2 04 57 00 E8 39 5F 00 FC EF 1F 00 6E B9 56 00
info: Win32Emu.Emulator[0]
      [Kernel32] LeaveCriticalSection(0x005F39E8)
info: Win32Emu.Emulator[0]
      [Dispatcher] KERNEL32.DLL!LeaveCriticalSection returned 0x00000000, argBytes=4
info: Win32Emu.Emulator[0]
      [Syscall] AFTER API: Return address at 0x001FEF3C = 0x005704F2
info: Win32Emu.Emulator[0]
      [Syscall] KERNEL32.DLL!InitializeCriticalSection from stub at 0x0F0005C0
info: Win32Emu.Emulator[0]
      [Syscall] BEFORE API: Return address at 0x001FEF4C = 0x0056917D
info: Win32Emu.Emulator[0]
      Dispatching KERNEL32.DLL!InitializeCriticalSection at EIP=0x0E000002 ESP=0x001FEF4C stack=7D 91 56 00 10 34 5F 00 1C C0 5A 00 2A BB 57 00
info: Win32Emu.Emulator[0]
      [Kernel32] InitializeCriticalSection(0x005F3410)
info: Win32Emu.Emulator[0]
      [Dispatcher] KERNEL32.DLL!InitializeCriticalSection returned 0x00000000, argBytes=4
info: Win32Emu.Emulator[0]
      [Syscall] AFTER API: Return address at 0x001FEF4C = 0x0056917D
info: Win32Emu.Emulator[0]
      [Syscall] KERNEL32.DLL!EnterCriticalSection from stub at 0x0F000560
info: Win32Emu.Emulator[0]
      [Syscall] BEFORE API: Return address at 0x001FEF38 = 0x005704DC
info: Win32Emu.Emulator[0]
      Dispatching KERNEL32.DLL!EnterCriticalSection at EIP=0x0E000002 ESP=0x001FEF38 stack=DC 04 57 00 E8 39 5F 00 1C C0 5A 00 FC EF 1F 00
info: Win32Emu.Emulator[0]
      [Kernel32] EnterCriticalSection(0x005F39E8)
info: Win32Emu.Emulator[0]
      [Dispatcher] KERNEL32.DLL!EnterCriticalSection returned 0x00000000, argBytes=4
info: Win32Emu.Emulator[0]
      [Syscall] AFTER API: Return address at 0x001FEF38 = 0x005704DC
info: Win32Emu.Emulator[0]
      [Syscall] KERNEL32.DLL!HeapSize from stub at 0x0F000060
info: Win32Emu.Emulator[0]
      [Syscall] BEFORE API: Return address at 0x001FEF00 = 0x0056BBBD
info: Win32Emu.Emulator[0]
      Dispatching KERNEL32.DLL!HeapSize at EIP=0x0E000002 ESP=0x001FEF00 stack=BD BB 56 00 40 20 00 01 00 00 00 00 10 28 00 01
info: Win32Emu.Emulator[0]
      [Kernel32] HeapSize(hHeap=0x01002040, dwFlags=0x00000000, lpMem=0x01002810)
info: Win32Emu.Emulator[0]
      [Kernel32] HeapSize: Block at 0x01002810 has size 128 bytes
info: Win32Emu.Emulator[0]
      [Dispatcher] KERNEL32.DLL!HeapSize returned 0x00000080, argBytes=12
info: Win32Emu.Emulator[0]
      [Syscall] AFTER API: Return address at 0x001FEF00 = 0x0056BBBD
info: Win32Emu.Emulator[0]
      [Syscall] KERNEL32.DLL!LeaveCriticalSection from stub at 0x0F000570
info: Win32Emu.Emulator[0]
      [Syscall] BEFORE API: Return address at 0x001FEF3C = 0x005704F2
info: Win32Emu.Emulator[0]
      Dispatching KERNEL32.DLL!LeaveCriticalSection at EIP=0x0E000002 ESP=0x001FEF3C stack=F2 04 57 00 E8 39 5F 00 FC EF 1F 00 6E B9 56 00
info: Win32Emu.Emulator[0]
      [Kernel32] LeaveCriticalSection(0x005F39E8)
info: Win32Emu.Emulator[0]
      [Dispatcher] KERNEL32.DLL!LeaveCriticalSection returned 0x00000000, argBytes=4
info: Win32Emu.Emulator[0]
      [Syscall] AFTER API: Return address at 0x001FEF3C = 0x005704F2
info: Win32Emu.Emulator[0]
      [Syscall] KERNEL32.DLL!InitializeCriticalSection from stub at 0x0F0005C0
info: Win32Emu.Emulator[0]
      [Syscall] BEFORE API: Return address at 0x001FEF4C = 0x0056917D
info: Win32Emu.Emulator[0]
      Dispatching KERNEL32.DLL!InitializeCriticalSection at EIP=0x0E000002 ESP=0x001FEF4C stack=7D 91 56 00 E8 33 5F 00 20 C0 5A 00 5C BB 57 00
info: Win32Emu.Emulator[0]
      [Kernel32] InitializeCriticalSection(0x005F33E8)
info: Win32Emu.Emulator[0]
      [Dispatcher] KERNEL32.DLL!InitializeCriticalSection returned 0x00000000, argBytes=4
info: Win32Emu.Emulator[0]
      [Syscall] AFTER API: Return address at 0x001FEF4C = 0x0056917D
info: Win32Emu.Emulator[0]
      [Syscall] KERNEL32.DLL!EnterCriticalSection from stub at 0x0F000560
info: Win32Emu.Emulator[0]
      [Syscall] BEFORE API: Return address at 0x001FEF38 = 0x005704DC
info: Win32Emu.Emulator[0]
      Dispatching KERNEL32.DLL!EnterCriticalSection at EIP=0x0E000002 ESP=0x001FEF38 stack=DC 04 57 00 E8 39 5F 00 20 C0 5A 00 FC EF 1F 00
info: Win32Emu.Emulator[0]
      [Kernel32] EnterCriticalSection(0x005F39E8)
info: Win32Emu.Emulator[0]
      [Dispatcher] KERNEL32.DLL!EnterCriticalSection returned 0x00000000, argBytes=4
info: Win32Emu.Emulator[0]
      [Syscall] AFTER API: Return address at 0x001FEF38 = 0x005704DC
info: Win32Emu.Emulator[0]
      [Syscall] KERNEL32.DLL!HeapSize from stub at 0x0F000060
info: Win32Emu.Emulator[0]
      [Syscall] BEFORE API: Return address at 0x001FEF00 = 0x0056BBBD
info: Win32Emu.Emulator[0]
      Dispatching KERNEL32.DLL!HeapSize at EIP=0x0E000002 ESP=0x001FEF00 stack=BD BB 56 00 40 20 00 01 00 00 00 00 10 28 00 01
info: Win32Emu.Emulator[0]
      [Kernel32] HeapSize(hHeap=0x01002040, dwFlags=0x00000000, lpMem=0x01002810)
info: Win32Emu.Emulator[0]
      [Kernel32] HeapSize: Block at 0x01002810 has size 128 bytes
info: Win32Emu.Emulator[0]
      [Dispatcher] KERNEL32.DLL!HeapSize returned 0x00000080, argBytes=12
info: Win32Emu.Emulator[0]
      [Syscall] AFTER API: Return address at 0x001FEF00 = 0x0056BBBD
info: Win32Emu.Emulator[0]
      [Syscall] KERNEL32.DLL!LeaveCriticalSection from stub at 0x0F000570
info: Win32Emu.Emulator[0]
      [Syscall] BEFORE API: Return address at 0x001FEF3C = 0x005704F2
info: Win32Emu.Emulator[0]
      Dispatching KERNEL32.DLL!LeaveCriticalSection at EIP=0x0E000002 ESP=0x001FEF3C stack=F2 04 57 00 E8 39 5F 00 FC EF 1F 00 6E B9 56 00
info: Win32Emu.Emulator[0]
      [Kernel32] LeaveCriticalSection(0x005F39E8)
info: Win32Emu.Emulator[0]
      [Dispatcher] KERNEL32.DLL!LeaveCriticalSection returned 0x00000000, argBytes=4
info: Win32Emu.Emulator[0]
      [Syscall] AFTER API: Return address at 0x001FEF3C = 0x005704F2
info: Win32Emu.Emulator[0]
      [Syscall] KERNEL32.DLL!InitializeCriticalSection from stub at 0x0F0005C0
info: Win32Emu.Emulator[0]
      [Syscall] BEFORE API: Return address at 0x001FEF4C = 0x0056917D
info: Win32Emu.Emulator[0]
      Dispatching KERNEL32.DLL!InitializeCriticalSection at EIP=0x0E000002 ESP=0x001FEF4C stack=7D 91 56 00 C0 33 5F 00 24 C0 5A 00 8E BB 57 00
info: Win32Emu.Emulator[0]
      [Kernel32] InitializeCriticalSection(0x005F33C0)
info: Win32Emu.Emulator[0]
      [Dispatcher] KERNEL32.DLL!InitializeCriticalSection returned 0x00000000, argBytes=4
info: Win32Emu.Emulator[0]
      [Syscall] AFTER API: Return address at 0x001FEF4C = 0x0056917D
info: Win32Emu.Emulator[0]
      [Syscall] KERNEL32.DLL!EnterCriticalSection from stub at 0x0F000560
info: Win32Emu.Emulator[0]
      [Syscall] BEFORE API: Return address at 0x001FEF38 = 0x005704DC
info: Win32Emu.Emulator[0]
      Dispatching KERNEL32.DLL!EnterCriticalSection at EIP=0x0E000002 ESP=0x001FEF38 stack=DC 04 57 00 E8 39 5F 00 24 C0 5A 00 FC EF 1F 00
info: Win32Emu.Emulator[0]
      [Kernel32] EnterCriticalSection(0x005F39E8)
info: Win32Emu.Emulator[0]
      [Dispatcher] KERNEL32.DLL!EnterCriticalSection returned 0x00000000, argBytes=4
info: Win32Emu.Emulator[0]
      [Syscall] AFTER API: Return address at 0x001FEF38 = 0x005704DC
info: Win32Emu.Emulator[0]
      [Syscall] KERNEL32.DLL!HeapSize from stub at 0x0F000060
info: Win32Emu.Emulator[0]
      [Syscall] BEFORE API: Return address at 0x001FEF00 = 0x0056BBBD
info: Win32Emu.Emulator[0]
      Dispatching KERNEL32.DLL!HeapSize at EIP=0x0E000002 ESP=0x001FEF00 stack=BD BB 56 00 40 20 00 01 00 00 00 00 10 28 00 01
info: Win32Emu.Emulator[0]
      [Kernel32] HeapSize(hHeap=0x01002040, dwFlags=0x00000000, lpMem=0x01002810)
info: Win32Emu.Emulator[0]
      [Kernel32] HeapSize: Block at 0x01002810 has size 128 bytes
info: Win32Emu.Emulator[0]
      [Dispatcher] KERNEL32.DLL!HeapSize returned 0x00000080, argBytes=12
info: Win32Emu.Emulator[0]
      [Syscall] AFTER API: Return address at 0x001FEF00 = 0x0056BBBD
info: Win32Emu.Emulator[0]
      [Syscall] KERNEL32.DLL!LeaveCriticalSection from stub at 0x0F000570
info: Win32Emu.Emulator[0]
      [Syscall] BEFORE API: Return address at 0x001FEF3C = 0x005704F2
info: Win32Emu.Emulator[0]
      Dispatching KERNEL32.DLL!LeaveCriticalSection at EIP=0x0E000002 ESP=0x001FEF3C stack=F2 04 57 00 E8 39 5F 00 FC EF 1F 00 6E B9 56 00
info: Win32Emu.Emulator[0]
      [Kernel32] LeaveCriticalSection(0x005F39E8)
info: Win32Emu.Emulator[0]
      [Dispatcher] KERNEL32.DLL!LeaveCriticalSection returned 0x00000000, argBytes=4
info: Win32Emu.Emulator[0]
      [Syscall] AFTER API: Return address at 0x001FEF3C = 0x005704F2
info: Win32Emu.Emulator[0]
      [Syscall] KERNEL32.DLL!InitializeCriticalSection from stub at 0x0F0005C0
info: Win32Emu.Emulator[0]
      [Syscall] BEFORE API: Return address at 0x001FEF4C = 0x0056917D
info: Win32Emu.Emulator[0]
      Dispatching KERNEL32.DLL!InitializeCriticalSection at EIP=0x0E000002 ESP=0x001FEF4C stack=7D 91 56 00 70 34 5F 00 28 C0 5A 00 1B F3 57 00
info: Win32Emu.Emulator[0]
      [Kernel32] InitializeCriticalSection(0x005F3470)
info: Win32Emu.Emulator[0]
      [Dispatcher] KERNEL32.DLL!InitializeCriticalSection returned 0x00000000, argBytes=4
info: Win32Emu.Emulator[0]
      [Syscall] AFTER API: Return address at 0x001FEF4C = 0x0056917D
info: Win32Emu.Emulator[0]
      [Syscall] KERNEL32.DLL!EnterCriticalSection from stub at 0x0F000560
info: Win32Emu.Emulator[0]
      [Syscall] BEFORE API: Return address at 0x001FEF38 = 0x005704DC
info: Win32Emu.Emulator[0]
      Dispatching KERNEL32.DLL!EnterCriticalSection at EIP=0x0E000002 ESP=0x001FEF38 stack=DC 04 57 00 E8 39 5F 00 28 C0 5A 00 FC EF 1F 00
info: Win32Emu.Emulator[0]
      [Kernel32] EnterCriticalSection(0x005F39E8)
info: Win32Emu.Emulator[0]
      [Dispatcher] KERNEL32.DLL!EnterCriticalSection returned 0x00000000, argBytes=4
info: Win32Emu.Emulator[0]
      [Syscall] AFTER API: Return address at 0x001FEF38 = 0x005704DC
info: Win32Emu.Emulator[0]
      [Syscall] KERNEL32.DLL!HeapSize from stub at 0x0F000060
info: Win32Emu.Emulator[0]
      [Syscall] BEFORE API: Return address at 0x001FEF00 = 0x0056BBBD
info: Win32Emu.Emulator[0]
      Dispatching KERNEL32.DLL!HeapSize at EIP=0x0E000002 ESP=0x001FEF00 stack=BD BB 56 00 40 20 00 01 00 00 00 00 10 28 00 01
info: Win32Emu.Emulator[0]
      [Kernel32] HeapSize(hHeap=0x01002040, dwFlags=0x00000000, lpMem=0x01002810)
info: Win32Emu.Emulator[0]
      [Kernel32] HeapSize: Block at 0x01002810 has size 128 bytes
info: Win32Emu.Emulator[0]
      [Dispatcher] KERNEL32.DLL!HeapSize returned 0x00000080, argBytes=12
info: Win32Emu.Emulator[0]
      [Syscall] AFTER API: Return address at 0x001FEF00 = 0x0056BBBD
info: Win32Emu.Emulator[0]
      [Syscall] KERNEL32.DLL!LeaveCriticalSection from stub at 0x0F000570
info: Win32Emu.Emulator[0]
      [Syscall] BEFORE API: Return address at 0x001FEF3C = 0x005704F2
info: Win32Emu.Emulator[0]
      Dispatching KERNEL32.DLL!LeaveCriticalSection at EIP=0x0E000002 ESP=0x001FEF3C stack=F2 04 57 00 E8 39 5F 00 FC EF 1F 00 6E B9 56 00
info: Win32Emu.Emulator[0]
      [Kernel32] LeaveCriticalSection(0x005F39E8)
info: Win32Emu.Emulator[0]
      [Dispatcher] KERNEL32.DLL!LeaveCriticalSection returned 0x00000000, argBytes=4
info: Win32Emu.Emulator[0]
      [Syscall] AFTER API: Return address at 0x001FEF3C = 0x005704F2
info: Win32Emu.Emulator[0]
      [Syscall] KERNEL32.DLL!InitializeCriticalSection from stub at 0x0F0005C0
info: Win32Emu.Emulator[0]
      [Syscall] BEFORE API: Return address at 0x001FEF4C = 0x0056917D
info: Win32Emu.Emulator[0]
      Dispatching KERNEL32.DLL!InitializeCriticalSection at EIP=0x0E000002 ESP=0x001FEF4C stack=7D 91 56 00 B8 34 5F 00 2C C0 5A 00 1C F7 57 00
info: Win32Emu.Emulator[0]
      [Kernel32] InitializeCriticalSection(0x005F34B8)
info: Win32Emu.Emulator[0]
      [Dispatcher] KERNEL32.DLL!InitializeCriticalSection returned 0x00000000, argBytes=4
info: Win32Emu.Emulator[0]
      [Syscall] AFTER API: Return address at 0x001FEF4C = 0x0056917D
info: Win32Emu.Emulator[0]
      [Syscall] KERNEL32.DLL!EnterCriticalSection from stub at 0x0F000560
info: Win32Emu.Emulator[0]
      [Syscall] BEFORE API: Return address at 0x001FEF38 = 0x005704DC
info: Win32Emu.Emulator[0]
      Dispatching KERNEL32.DLL!EnterCriticalSection at EIP=0x0E000002 ESP=0x001FEF38 stack=DC 04 57 00 E8 39 5F 00 2C C0 5A 00 FC EF 1F 00
info: Win32Emu.Emulator[0]
      [Kernel32] EnterCriticalSection(0x005F39E8)
info: Win32Emu.Emulator[0]
      [Dispatcher] KERNEL32.DLL!EnterCriticalSection returned 0x00000000, argBytes=4
info: Win32Emu.Emulator[0]
      [Syscall] AFTER API: Return address at 0x001FEF38 = 0x005704DC
info: Win32Emu.Emulator[0]
      [Syscall] KERNEL32.DLL!HeapSize from stub at 0x0F000060
info: Win32Emu.Emulator[0]
      [Syscall] BEFORE API: Return address at 0x001FEF00 = 0x0056BBBD
info: Win32Emu.Emulator[0]
      Dispatching KERNEL32.DLL!HeapSize at EIP=0x0E000002 ESP=0x001FEF00 stack=BD BB 56 00 40 20 00 01 00 00 00 00 10 28 00 01
info: Win32Emu.Emulator[0]
      [Kernel32] HeapSize(hHeap=0x01002040, dwFlags=0x00000000, lpMem=0x01002810)
info: Win32Emu.Emulator[0]
      [Kernel32] HeapSize: Block at 0x01002810 has size 128 bytes
info: Win32Emu.Emulator[0]
      [Dispatcher] KERNEL32.DLL!HeapSize returned 0x00000080, argBytes=12
info: Win32Emu.Emulator[0]
      [Syscall] AFTER API: Return address at 0x001FEF00 = 0x0056BBBD
info: Win32Emu.Emulator[0]
      [Syscall] KERNEL32.DLL!LeaveCriticalSection from stub at 0x0F000570
info: Win32Emu.Emulator[0]
      [Syscall] BEFORE API: Return address at 0x001FEF3C = 0x005704F2
info: Win32Emu.Emulator[0]
      Dispatching KERNEL32.DLL!LeaveCriticalSection at EIP=0x0E000002 ESP=0x001FEF3C stack=F2 04 57 00 E8 39 5F 00 FC EF 1F 00 6E B9 56 00
info: Win32Emu.Emulator[0]
      [Kernel32] LeaveCriticalSection(0x005F39E8)
info: Win32Emu.Emulator[0]
      [Dispatcher] KERNEL32.DLL!LeaveCriticalSection returned 0x00000000, argBytes=4
info: Win32Emu.Emulator[0]
      [Syscall] AFTER API: Return address at 0x001FEF3C = 0x005704F2
info: Win32Emu.Emulator[0]
      [Syscall] KERNEL32.DLL!EnterCriticalSection from stub at 0x0F000560
info: Win32Emu.Emulator[0]
      [Syscall] BEFORE API: Return address at 0x001FEF38 = 0x005704DC
info: Win32Emu.Emulator[0]
      Dispatching KERNEL32.DLL!EnterCriticalSection at EIP=0x0E000002 ESP=0x001FEF38 stack=DC 04 57 00 E8 39 5F 00 30 C0 5A 00 FC EF 1F 00
info: Win32Emu.Emulator[0]
      [Kernel32] EnterCriticalSection(0x005F39E8)
info: Win32Emu.Emulator[0]
      [Dispatcher] KERNEL32.DLL!EnterCriticalSection returned 0x00000000, argBytes=4
info: Win32Emu.Emulator[0]
      [Syscall] AFTER API: Return address at 0x001FEF38 = 0x005704DC
info: Win32Emu.Emulator[0]
      [Syscall] KERNEL32.DLL!HeapSize from stub at 0x0F000060
info: Win32Emu.Emulator[0]
      [Syscall] BEFORE API: Return address at 0x001FEF00 = 0x0056BBBD
info: Win32Emu.Emulator[0]
      Dispatching KERNEL32.DLL!HeapSize at EIP=0x0E000002 ESP=0x001FEF00 stack=BD BB 56 00 40 20 00 01 00 00 00 00 10 28 00 01
info: Win32Emu.Emulator[0]
      [Kernel32] HeapSize(hHeap=0x01002040, dwFlags=0x00000000, lpMem=0x01002810)
info: Win32Emu.Emulator[0]
      [Kernel32] HeapSize: Block at 0x01002810 has size 128 bytes
info: Win32Emu.Emulator[0]
      [Dispatcher] KERNEL32.DLL!HeapSize returned 0x00000080, argBytes=12
info: Win32Emu.Emulator[0]
      [Syscall] AFTER API: Return address at 0x001FEF00 = 0x0056BBBD
info: Win32Emu.Emulator[0]
      [Syscall] KERNEL32.DLL!LeaveCriticalSection from stub at 0x0F000570
info: Win32Emu.Emulator[0]
      [Syscall] BEFORE API: Return address at 0x001FEF3C = 0x005704F2
info: Win32Emu.Emulator[0]
      Dispatching KERNEL32.DLL!LeaveCriticalSection at EIP=0x0E000002 ESP=0x001FEF3C stack=F2 04 57 00 E8 39 5F 00 FC EF 1F 00 6E B9 56 00
info: Win32Emu.Emulator[0]
      [Kernel32] LeaveCriticalSection(0x005F39E8)
info: Win32Emu.Emulator[0]
      [Dispatcher] KERNEL32.DLL!LeaveCriticalSection returned 0x00000000, argBytes=4
info: Win32Emu.Emulator[0]
      [Syscall] AFTER API: Return address at 0x001FEF3C = 0x005704F2
info: Win32Emu.Emulator[0]
      [Syscall] KERNEL32.DLL!EnterCriticalSection from stub at 0x0F000560
info: Win32Emu.Emulator[0]
      [Syscall] BEFORE API: Return address at 0x001FEF38 = 0x005704DC
info: Win32Emu.Emulator[0]
      Dispatching KERNEL32.DLL!EnterCriticalSection at EIP=0x0E000002 ESP=0x001FEF38 stack=DC 04 57 00 E8 39 5F 00 34 C0 5A 00 FC EF 1F 00
info: Win32Emu.Emulator[0]
      [Kernel32] EnterCriticalSection(0x005F39E8)
info: Win32Emu.Emulator[0]
      [Dispatcher] KERNEL32.DLL!EnterCriticalSection returned 0x00000000, argBytes=4
info: Win32Emu.Emulator[0]
      [Syscall] AFTER API: Return address at 0x001FEF38 = 0x005704DC
info: Win32Emu.Emulator[0]
      [Syscall] KERNEL32.DLL!HeapSize from stub at 0x0F000060
info: Win32Emu.Emulator[0]
      [Syscall] BEFORE API: Return address at 0x001FEF00 = 0x0056BBBD
info: Win32Emu.Emulator[0]
      Dispatching KERNEL32.DLL!HeapSize at EIP=0x0E000002 ESP=0x001FEF00 stack=BD BB 56 00 40 20 00 01 00 00 00 00 10 28 00 01
info: Win32Emu.Emulator[0]
      [Kernel32] HeapSize(hHeap=0x01002040, dwFlags=0x00000000, lpMem=0x01002810)
info: Win32Emu.Emulator[0]
      [Kernel32] HeapSize: Block at 0x01002810 has size 128 bytes
info: Win32Emu.Emulator[0]
      [Dispatcher] KERNEL32.DLL!HeapSize returned 0x00000080, argBytes=12
info: Win32Emu.Emulator[0]
      [Syscall] AFTER API: Return address at 0x001FEF00 = 0x0056BBBD
info: Win32Emu.Emulator[0]
      [Syscall] KERNEL32.DLL!LeaveCriticalSection from stub at 0x0F000570
info: Win32Emu.Emulator[0]
      [Syscall] BEFORE API: Return address at 0x001FEF3C = 0x005704F2
info: Win32Emu.Emulator[0]
      Dispatching KERNEL32.DLL!LeaveCriticalSection at EIP=0x0E000002 ESP=0x001FEF3C stack=F2 04 57 00 E8 39 5F 00 FC EF 1F 00 6E B9 56 00
info: Win32Emu.Emulator[0]
      [Kernel32] LeaveCriticalSection(0x005F39E8)
info: Win32Emu.Emulator[0]
      [Dispatcher] KERNEL32.DLL!LeaveCriticalSection returned 0x00000000, argBytes=4
info: Win32Emu.Emulator[0]
      [Syscall] AFTER API: Return address at 0x001FEF3C = 0x005704F2
info: Win32Emu.Emulator[0]
      [Syscall] KERNEL32.DLL!EnterCriticalSection from stub at 0x0F000560
info: Win32Emu.Emulator[0]
      [Syscall] BEFORE API: Return address at 0x001FEF38 = 0x005704DC
info: Win32Emu.Emulator[0]
      Dispatching KERNEL32.DLL!EnterCriticalSection at EIP=0x0E000002 ESP=0x001FEF38 stack=DC 04 57 00 E8 39 5F 00 38 C0 5A 00 FC EF 1F 00
info: Win32Emu.Emulator[0]
      [Kernel32] EnterCriticalSection(0x005F39E8)
info: Win32Emu.Emulator[0]
      [Dispatcher] KERNEL32.DLL!EnterCriticalSection returned 0x00000000, argBytes=4
info: Win32Emu.Emulator[0]
      [Syscall] AFTER API: Return address at 0x001FEF38 = 0x005704DC
info: Win32Emu.Emulator[0]
      [Syscall] KERNEL32.DLL!HeapSize from stub at 0x0F000060
info: Win32Emu.Emulator[0]
      [Syscall] BEFORE API: Return address at 0x001FEF00 = 0x0056BBBD
info: Win32Emu.Emulator[0]
      Dispatching KERNEL32.DLL!HeapSize at EIP=0x0E000002 ESP=0x001FEF00 stack=BD BB 56 00 40 20 00 01 00 00 00 00 10 28 00 01
info: Win32Emu.Emulator[0]
      [Kernel32] HeapSize(hHeap=0x01002040, dwFlags=0x00000000, lpMem=0x01002810)
info: Win32Emu.Emulator[0]
      [Kernel32] HeapSize: Block at 0x01002810 has size 128 bytes
info: Win32Emu.Emulator[0]
      [Dispatcher] KERNEL32.DLL!HeapSize returned 0x00000080, argBytes=12
info: Win32Emu.Emulator[0]
      [Syscall] AFTER API: Return address at 0x001FEF00 = 0x0056BBBD
info: Win32Emu.Emulator[0]
      [Syscall] KERNEL32.DLL!LeaveCriticalSection from stub at 0x0F000570
info: Win32Emu.Emulator[0]
      [Syscall] BEFORE API: Return address at 0x001FEF3C = 0x005704F2
info: Win32Emu.Emulator[0]
      Dispatching KERNEL32.DLL!LeaveCriticalSection at EIP=0x0E000002 ESP=0x001FEF3C stack=F2 04 57 00 E8 39 5F 00 FC EF 1F 00 6E B9 56 00
info: Win32Emu.Emulator[0]
      [Kernel32] LeaveCriticalSection(0x005F39E8)
info: Win32Emu.Emulator[0]
      [Dispatcher] KERNEL32.DLL!LeaveCriticalSection returned 0x00000000, argBytes=4
info: Win32Emu.Emulator[0]
      [Syscall] AFTER API: Return address at 0x001FEF3C = 0x005704F2
info: Win32Emu.Emulator[0]
      [Syscall] KERNEL32.DLL!TlsAlloc from stub at 0x0F0005B0
info: Win32Emu.Emulator[0]
      [Syscall] BEFORE API: Return address at 0x001FEF3C = 0x0057F99F
info: Win32Emu.Emulator[0]
      Dispatching KERNEL32.DLL!TlsAlloc at EIP=0x0E000002 ESP=0x001FEF3C stack=9F F9 57 00 3C C0 5A 00 9A FD 57 00 00 00 00 00
info: Win32Emu.Emulator[0]
      [ProcessEnv] TlsAlloc: allocated index=1
info: Win32Emu.Emulator[0]
      [Kernel32] TlsAlloc() = 1
info: Win32Emu.Emulator[0]
      [Dispatcher] KERNEL32.DLL!TlsAlloc returned 0x00000001, argBytes=0
info: Win32Emu.Emulator[0]
      [Syscall] AFTER API: Return address at 0x001FEF3C = 0x0057F99F
info: Win32Emu.Emulator[0]
      [Syscall] KERNEL32.DLL!InitializeCriticalSection from stub at 0x0F0005C0
info: Win32Emu.Emulator[0]
      [Syscall] BEFORE API: Return address at 0x001FEF38 = 0x0057F9B5
info: Win32Emu.Emulator[0]
      Dispatching KERNEL32.DLL!InitializeCriticalSection at EIP=0x0E000002 ESP=0x001FEF38 stack=B5 F9 57 00 9C 36 5F 00 3C C0 5A 00 9A FD 57 00
info: Win32Emu.Emulator[0]
      [Kernel32] InitializeCriticalSection(0x005F369C)
info: Win32Emu.Emulator[0]
      [Dispatcher] KERNEL32.DLL!InitializeCriticalSection returned 0x00000000, argBytes=4
info: Win32Emu.Emulator[0]
      [Syscall] AFTER API: Return address at 0x001FEF38 = 0x0057F9B5
info: Win32Emu.Emulator[0]
      [Syscall] KERNEL32.DLL!EnterCriticalSection from stub at 0x0F000560
info: Win32Emu.Emulator[0]
      [Syscall] BEFORE API: Return address at 0x001FEF28 = 0x0057FA25
info: Win32Emu.Emulator[0]
      Dispatching KERNEL32.DLL!EnterCriticalSection at EIP=0x0E000002 ESP=0x001FEF28 stack=25 FA 57 00 9C 36 5F 00 AC 33 5F 00 3C C0 5A 00
info: Win32Emu.Emulator[0]
      [Kernel32] EnterCriticalSection(0x005F369C)
info: Win32Emu.Emulator[0]
      [Dispatcher] KERNEL32.DLL!EnterCriticalSection returned 0x00000000, argBytes=4
info: Win32Emu.Emulator[0]
      [Syscall] AFTER API: Return address at 0x001FEF28 = 0x0057FA25
info: Win32Emu.Emulator[0]
      [Syscall] KERNEL32.DLL!GlobalAlloc from stub at 0x0F000320
info: Win32Emu.Emulator[0]
      [Syscall] BEFORE API: Return address at 0x001FEF20 = 0x0057FA7A
info: Win32Emu.Emulator[0]
      Dispatching KERNEL32.DLL!GlobalAlloc at EIP=0x0E000002 ESP=0x001FEF20 stack=7A FA 57 00 02 20 00 00 00 01 00 00 00 00 00 00
info: Win32Emu.Emulator[0]
      [Dispatcher] KERNEL32.DLL!GlobalAlloc returned 0x01008270, argBytes=8
info: Win32Emu.Emulator[0]
      [Syscall] AFTER API: Return address at 0x001FEF20 = 0x0057FA7A
info: Win32Emu.Emulator[0]
      [Syscall] KERNEL32.DLL!GlobalLock from stub at 0x0F000690
info: Win32Emu.Emulator[0]
      [Syscall] BEFORE API: Return address at 0x001FEF24 = 0x0057FACD
info: Win32Emu.Emulator[0]
      Dispatching KERNEL32.DLL!GlobalLock at EIP=0x0E000002 ESP=0x001FEF24 stack=CD FA 57 00 70 82 00 01 00 00 00 00 AC 33 5F 00
info: Win32Emu.Emulator[0]
      [Dispatcher] KERNEL32.DLL!GlobalLock returned 0x01008270, argBytes=4
info: Win32Emu.Emulator[0]
      [Syscall] AFTER API: Return address at 0x001FEF24 = 0x0057FACD
info: Win32Emu.Emulator[0]
      [Syscall] KERNEL32.DLL!LeaveCriticalSection from stub at 0x0F000570
info: Win32Emu.Emulator[0]
      [Syscall] BEFORE API: Return address at 0x001FEF28 = 0x0057FB1A
info: Win32Emu.Emulator[0]
      Dispatching KERNEL32.DLL!LeaveCriticalSection at EIP=0x0E000002 ESP=0x001FEF28 stack=1A FB 57 00 9C 36 5F 00 AC 33 5F 00 3C C0 5A 00
info: Win32Emu.Emulator[0]
      [Kernel32] LeaveCriticalSection(0x005F369C)
info: Win32Emu.Emulator[0]
      [Dispatcher] KERNEL32.DLL!LeaveCriticalSection returned 0x00000000, argBytes=4
info: Win32Emu.Emulator[0]
      [Syscall] AFTER API: Return address at 0x001FEF28 = 0x0057FB1A
info: Win32Emu.Emulator[0]
      [Syscall] KERNEL32.DLL!TlsGetValue from stub at 0x0F000530
info: Win32Emu.Emulator[0]
      [Syscall] BEFORE API: Return address at 0x001FEF40 = 0x0057FDBC
info: Win32Emu.Emulator[0]
      Dispatching KERNEL32.DLL!TlsGetValue at EIP=0x0E000002 ESP=0x001FEF40 stack=BC FD 57 00 01 00 00 00 00 00 00 00 3C C0 5A 00
info: Win32Emu.Emulator[0]
      [ProcessEnv] TlsGetValue: threadId=1 index=1 not set, returning 0
info: Win32Emu.Emulator[0]
      [Kernel32] TlsGetValue(1) = 0x00000000
info: Win32Emu.Emulator[0]
      [Dispatcher] KERNEL32.DLL!TlsGetValue returned 0x00000000, argBytes=4
info: Win32Emu.Emulator[0]
      [Syscall] AFTER API: Return address at 0x001FEF40 = 0x0057FDBC
info: Win32Emu.Emulator[0]
      [Syscall] KERNEL32.DLL!GetVersion from stub at 0x0F000630
info: Win32Emu.Emulator[0]
      [Syscall] BEFORE API: Return address at 0x001FEF00 = 0x0057FFD9
info: Win32Emu.Emulator[0]
      Dispatching KERNEL32.DLL!GetVersion at EIP=0x0E000002 ESP=0x001FEF00 stack=D9 FF 57 00 A8 33 5F 00 63 00 58 00 00 00 00 00
info: Win32Emu.Emulator[0]
      [Dispatcher] KERNEL32.DLL!GetVersion returned 0x040003B6, argBytes=0
info: Win32Emu.Emulator[0]
      [Syscall] AFTER API: Return address at 0x001FEF00 = 0x0057FFD9
info: Win32Emu.Emulator[0]
      [Syscall] KERNEL32.DLL!InitializeCriticalSection from stub at 0x0F0005C0
info: Win32Emu.Emulator[0]
      [Syscall] BEFORE API: Return address at 0x001FEEFC = 0x0057FFFE
info: Win32Emu.Emulator[0]
      Dispatching KERNEL32.DLL!InitializeCriticalSection at EIP=0x0E000002 ESP=0x001FEEFC stack=FE FF 57 00 08 37 5F 00 A8 33 5F 00 63 00 58 00
info: Win32Emu.Emulator[0]
      [Kernel32] InitializeCriticalSection(0x005F3708)
info: Win32Emu.Emulator[0]
      [Dispatcher] KERNEL32.DLL!InitializeCriticalSection returned 0x00000000, argBytes=4
info: Win32Emu.Emulator[0]
      [Syscall] AFTER API: Return address at 0x001FEEFC = 0x0057FFFE
info: Win32Emu.Emulator[0]
      [Syscall] KERNEL32.DLL!EnterCriticalSection from stub at 0x0F000560
info: Win32Emu.Emulator[0]
      [Syscall] BEFORE API: Return address at 0x001FEEF8 = 0x00580090
info: Win32Emu.Emulator[0]
      Dispatching KERNEL32.DLL!EnterCriticalSection at EIP=0x0E000002 ESP=0x001FEEF8 stack=90 00 58 00 08 37 5F 00 38 EF 1F 00 00 00 00 00
info: Win32Emu.Emulator[0]
      [Kernel32] EnterCriticalSection(0x005F3708)
info: Win32Emu.Emulator[0]
      [Dispatcher] KERNEL32.DLL!EnterCriticalSection returned 0x00000000, argBytes=4
info: Win32Emu.Emulator[0]
      [Syscall] AFTER API: Return address at 0x001FEEF8 = 0x00580090
info: Win32Emu.Emulator[0]
      [Syscall] KERNEL32.DLL!InitializeCriticalSection from stub at 0x0F0005C0
info: Win32Emu.Emulator[0]
      [Syscall] BEFORE API: Return address at 0x001FEEF8 = 0x005800A6
info: Win32Emu.Emulator[0]
      Dispatching KERNEL32.DLL!InitializeCriticalSection at EIP=0x0E000002 ESP=0x001FEEF8 stack=A6 00 58 00 A0 38 5F 00 38 EF 1F 00 00 00 00 00
info: Win32Emu.Emulator[0]
      [Kernel32] InitializeCriticalSection(0x005F38A0)
info: Win32Emu.Emulator[0]
      [Dispatcher] KERNEL32.DLL!InitializeCriticalSection returned 0x00000000, argBytes=4
info: Win32Emu.Emulator[0]
      [Syscall] AFTER API: Return address at 0x001FEEF8 = 0x005800A6
info: Win32Emu.Emulator[0]
      [Syscall] KERNEL32.DLL!LeaveCriticalSection from stub at 0x0F000570
info: Win32Emu.Emulator[0]
      [Syscall] BEFORE API: Return address at 0x001FEEF8 = 0x005800AF
info: Win32Emu.Emulator[0]
      Dispatching KERNEL32.DLL!LeaveCriticalSection at EIP=0x0E000002 ESP=0x001FEEF8 stack=AF 00 58 00 08 37 5F 00 38 EF 1F 00 00 00 00 00
info: Win32Emu.Emulator[0]
      [Kernel32] LeaveCriticalSection(0x005F3708)
info: Win32Emu.Emulator[0]
      [Dispatcher] KERNEL32.DLL!LeaveCriticalSection returned 0x00000000, argBytes=4
info: Win32Emu.Emulator[0]
      [Syscall] AFTER API: Return address at 0x001FEEF8 = 0x005800AF
info: Win32Emu.Emulator[0]
      [Syscall] KERNEL32.DLL!EnterCriticalSection from stub at 0x0F000560
info: Win32Emu.Emulator[0]
      [Syscall] BEFORE API: Return address at 0x001FEEFC = 0x005800BD
info: Win32Emu.Emulator[0]
      Dispatching KERNEL32.DLL!EnterCriticalSection at EIP=0x0E000002 ESP=0x001FEEFC stack=BD 00 58 00 A0 38 5F 00 00 00 00 00 A8 33 5F 00
info: Win32Emu.Emulator[0]
      [Kernel32] EnterCriticalSection(0x005F38A0)
info: Win32Emu.Emulator[0]
      [Dispatcher] KERNEL32.DLL!EnterCriticalSection returned 0x00000000, argBytes=4
info: Win32Emu.Emulator[0]
      [Syscall] AFTER API: Return address at 0x001FEEFC = 0x005800BD
info: Win32Emu.Emulator[0]
      [Syscall] KERNEL32.DLL!LocalAlloc from stub at 0x0F0007C0
info: Win32Emu.Emulator[0]
      [Syscall] BEFORE API: Return address at 0x001FEEF8 = 0x0057F952
info: Win32Emu.Emulator[0]
      Dispatching KERNEL32.DLL!LocalAlloc at EIP=0x0E000002 ESP=0x001FEEF8 stack=52 F9 57 00 40 00 00 00 74 10 00 00 A8 33 5F 00
info: Win32Emu.Emulator[0]
      [Kernel32] LocalAlloc(uFlags=0x40, uBytes=4212)
info: Win32Emu.Emulator[0]
      [Dispatcher] KERNEL32.DLL!LocalAlloc returned 0x01008370, argBytes=8
info: Win32Emu.Emulator[0]
      [Syscall] AFTER API: Return address at 0x001FEEF8 = 0x0057F952
info: Win32Emu.Emulator[0]
      [Syscall] KERNEL32.DLL!LeaveCriticalSection from stub at 0x0F000570
info: Win32Emu.Emulator[0]
      [Syscall] BEFORE API: Return address at 0x001FEF08 = 0x005800E1
info: Win32Emu.Emulator[0]
      Dispatching KERNEL32.DLL!LeaveCriticalSection at EIP=0x0E000002 ESP=0x001FEF08 stack=E1 00 58 00 A0 38 5F 00 44 FE 57 00 10 00 00 00
info: Win32Emu.Emulator[0]
      [Kernel32] LeaveCriticalSection(0x005F38A0)
info: Win32Emu.Emulator[0]
      [Dispatcher] KERNEL32.DLL!LeaveCriticalSection returned 0x00000000, argBytes=4
info: Win32Emu.Emulator[0]
      [Syscall] AFTER API: Return address at 0x001FEF08 = 0x005800E1
info: Win32Emu.Emulator[0]
      [Syscall] KERNEL32.DLL!TlsGetValue from stub at 0x0F000530
info: Win32Emu.Emulator[0]
      [Syscall] BEFORE API: Return address at 0x001FEF20 = 0x0057FB90
info: Win32Emu.Emulator[0]
      Dispatching KERNEL32.DLL!TlsGetValue at EIP=0x0E000002 ESP=0x001FEF20 stack=90 FB 57 00 01 00 00 00 AC 33 5F 00 70 83 00 01
info: Win32Emu.Emulator[0]
      [ProcessEnv] TlsGetValue: threadId=1 index=1 not set, returning 0
info: Win32Emu.Emulator[0]
      [Kernel32] TlsGetValue(1) = 0x00000000
info: Win32Emu.Emulator[0]
      [Dispatcher] KERNEL32.DLL!TlsGetValue returned 0x00000000, argBytes=4
info: Win32Emu.Emulator[0]
      [Syscall] AFTER API: Return address at 0x001FEF20 = 0x0057FB90
info: Win32Emu.Emulator[0]
      [Syscall] KERNEL32.DLL!LocalAlloc from stub at 0x0F0007C0
info: Win32Emu.Emulator[0]
      [Syscall] BEFORE API: Return address at 0x001FEF10 = 0x0057F952
info: Win32Emu.Emulator[0]
      Dispatching KERNEL32.DLL!LocalAlloc at EIP=0x0E000002 ESP=0x001FEF10 stack=52 F9 57 00 40 00 00 00 10 00 00 00 80 36 5F 00
info: Win32Emu.Emulator[0]
      [Kernel32] LocalAlloc(uFlags=0x40, uBytes=16)
info: Win32Emu.Emulator[0]
      [Dispatcher] KERNEL32.DLL!LocalAlloc returned 0x010093F0, argBytes=8
info: Win32Emu.Emulator[0]
      [Syscall] AFTER API: Return address at 0x001FEF10 = 0x0057F952
info: Win32Emu.Emulator[0]
      [Syscall] KERNEL32.DLL!EnterCriticalSection from stub at 0x0F000560
info: Win32Emu.Emulator[0]
      [Syscall] BEFORE API: Return address at 0x001FEF20 = 0x0057FBDF
info: Win32Emu.Emulator[0]
      Dispatching KERNEL32.DLL!EnterCriticalSection at EIP=0x0E000002 ESP=0x001FEF20 stack=DF FB 57 00 9C 36 5F 00 AC 33 5F 00 70 83 00 01
info: Win32Emu.Emulator[0]
      [Kernel32] EnterCriticalSection(0x005F369C)
info: Win32Emu.Emulator[0]
      [Dispatcher] KERNEL32.DLL!EnterCriticalSection returned 0x00000000, argBytes=4
info: Win32Emu.Emulator[0]
      [Syscall] AFTER API: Return address at 0x001FEF20 = 0x0057FBDF
info: Win32Emu.Emulator[0]
      [Syscall] KERNEL32.DLL!LeaveCriticalSection from stub at 0x0F000570
info: Win32Emu.Emulator[0]
      [Syscall] BEFORE API: Return address at 0x001FEF20 = 0x0057FBF2
info: Win32Emu.Emulator[0]
      Dispatching KERNEL32.DLL!LeaveCriticalSection at EIP=0x0E000002 ESP=0x001FEF20 stack=F2 FB 57 00 9C 36 5F 00 AC 33 5F 00 70 83 00 01
info: Win32Emu.Emulator[0]
      [Kernel32] LeaveCriticalSection(0x005F369C)
info: Win32Emu.Emulator[0]
      [Dispatcher] KERNEL32.DLL!LeaveCriticalSection returned 0x00000000, argBytes=4
info: Win32Emu.Emulator[0]
      [Syscall] AFTER API: Return address at 0x001FEF20 = 0x0057FBF2
info: Win32Emu.Emulator[0]
      [Syscall] KERNEL32.DLL!LocalAlloc from stub at 0x0F0007C0
info: Win32Emu.Emulator[0]
      [Syscall] BEFORE API: Return address at 0x001FEF1C = 0x0057FC08
info: Win32Emu.Emulator[0]
      Dispatching KERNEL32.DLL!LocalAlloc at EIP=0x0E000002 ESP=0x001FEF1C stack=08 FC 57 00 00 00 00 00 08 00 00 00 AC 33 5F 00
info: Win32Emu.Emulator[0]
      [Kernel32] LocalAlloc(uFlags=0x0, uBytes=8)
info: Win32Emu.Emulator[0]
      [Dispatcher] KERNEL32.DLL!LocalAlloc returned 0x01009400, argBytes=8
info: Win32Emu.Emulator[0]
      [Syscall] AFTER API: Return address at 0x001FEF1C = 0x0057FC08
info: Win32Emu.Emulator[0]
      [Syscall] KERNEL32.DLL!TlsSetValue from stub at 0x0F000550
info: Win32Emu.Emulator[0]
      [Syscall] BEFORE API: Return address at 0x001FEF1C = 0x0057FC56
info: Win32Emu.Emulator[0]
      Dispatching KERNEL32.DLL!TlsSetValue at EIP=0x0E000002 ESP=0x001FEF1C stack=56 FC 57 00 01 00 00 00 F0 93 00 01 AC 33 5F 00
info: Win32Emu.Emulator[0]
      [ProcessEnv] TlsSetValue: threadId=1 index=1 value=0x010093F0
info: Win32Emu.Emulator[0]
      [Kernel32] TlsSetValue(1, 0x010093F0) = True
info: Win32Emu.Emulator[0]
      [Dispatcher] KERNEL32.DLL!TlsSetValue returned 0x00000001, argBytes=8
info: Win32Emu.Emulator[0]
      [Syscall] AFTER API: Return address at 0x001FEF1C = 0x0057FC56
info: Win32Emu.Emulator[0]
      [Syscall] KERNEL32.DLL!EnterCriticalSection from stub at 0x0F000560
info: Win32Emu.Emulator[0]
      [Syscall] BEFORE API: Return address at 0x001FEF14 = 0x005704DC
info: Win32Emu.Emulator[0]
      Dispatching KERNEL32.DLL!EnterCriticalSection at EIP=0x0E000002 ESP=0x001FEF14 stack=DC 04 57 00 00 26 00 01 3C C0 5A 00 50 EF 1F 00
info: Win32Emu.Emulator[0]
      [Kernel32] EnterCriticalSection(0x01002600)
info: Win32Emu.Emulator[0]
      [Dispatcher] KERNEL32.DLL!EnterCriticalSection returned 0x00000000, argBytes=4
info: Win32Emu.Emulator[0]
      [Syscall] AFTER API: Return address at 0x001FEF14 = 0x005704DC
info: Win32Emu.Emulator[0]
      [Syscall] KERNEL32.DLL!GetACP from stub at 0x0F000070
info: Win32Emu.Emulator[0]
      [Syscall] BEFORE API: Return address at 0x001FEF20 = 0x0056BBF4
info: Win32Emu.Emulator[0]
      Dispatching KERNEL32.DLL!GetACP at EIP=0x0E000002 ESP=0x001FEF20 stack=F4 BB 56 00 FD FF FF FF 19 00 00 00 00 00 00 00
info: Win32Emu.Emulator[0]
      [Dispatcher] KERNEL32.DLL!GetACP returned 0x0000FDE9, argBytes=0
info: Win32Emu.Emulator[0]
      [Syscall] AFTER API: Return address at 0x001FEF20 = 0x0056BBF4
info: Win32Emu.Emulator[0]
      [Syscall] KERNEL32.DLL!LeaveCriticalSection from stub at 0x0F000570
info: Win32Emu.Emulator[0]
      [Syscall] BEFORE API: Return address at 0x001FEF18 = 0x005704F2
info: Win32Emu.Emulator[0]
      Dispatching KERNEL32.DLL!LeaveCriticalSection at EIP=0x0E000002 ESP=0x001FEF18 stack=F2 04 57 00 00 26 00 01 50 EF 1F 00 81 BD 56 00
info: Win32Emu.Emulator[0]
      [Kernel32] LeaveCriticalSection(0x01002600)
info: Win32Emu.Emulator[0]
      [Dispatcher] KERNEL32.DLL!LeaveCriticalSection returned 0x00000000, argBytes=4
info: Win32Emu.Emulator[0]
      [Syscall] AFTER API: Return address at 0x001FEF18 = 0x005704F2
info: Win32Emu.Emulator[0]
      [Syscall] KERNEL32.DLL!EnterCriticalSection from stub at 0x0F000560
info: Win32Emu.Emulator[0]
      [Syscall] BEFORE API: Return address at 0x001FEF38 = 0x005704DC
info: Win32Emu.Emulator[0]
      Dispatching KERNEL32.DLL!EnterCriticalSection at EIP=0x0E000002 ESP=0x001FEF38 stack=DC 04 57 00 E8 39 5F 00 3C C0 5A 00 FC EF 1F 00
info: Win32Emu.Emulator[0]
      [Kernel32] EnterCriticalSection(0x005F39E8)
info: Win32Emu.Emulator[0]
      [Dispatcher] KERNEL32.DLL!EnterCriticalSection returned 0x00000000, argBytes=4
info: Win32Emu.Emulator[0]
      [Syscall] AFTER API: Return address at 0x001FEF38 = 0x005704DC
info: Win32Emu.Emulator[0]
      [Syscall] KERNEL32.DLL!HeapSize from stub at 0x0F000060
info: Win32Emu.Emulator[0]
      [Syscall] BEFORE API: Return address at 0x001FEF00 = 0x0056BBBD
info: Win32Emu.Emulator[0]
      Dispatching KERNEL32.DLL!HeapSize at EIP=0x0E000002 ESP=0x001FEF00 stack=BD BB 56 00 40 20 00 01 00 00 00 00 10 28 00 01
info: Win32Emu.Emulator[0]
      [Kernel32] HeapSize(hHeap=0x01002040, dwFlags=0x00000000, lpMem=0x01002810)
info: Win32Emu.Emulator[0]
      [Kernel32] HeapSize: Block at 0x01002810 has size 128 bytes
info: Win32Emu.Emulator[0]
      [Dispatcher] KERNEL32.DLL!HeapSize returned 0x00000080, argBytes=12
info: Win32Emu.Emulator[0]
      [Syscall] AFTER API: Return address at 0x001FEF00 = 0x0056BBBD
info: Win32Emu.Emulator[0]
      [Syscall] KERNEL32.DLL!LeaveCriticalSection from stub at 0x0F000570
info: Win32Emu.Emulator[0]
      [Syscall] BEFORE API: Return address at 0x001FEF3C = 0x005704F2
info: Win32Emu.Emulator[0]
      Dispatching KERNEL32.DLL!LeaveCriticalSection at EIP=0x0E000002 ESP=0x001FEF3C stack=F2 04 57 00 E8 39 5F 00 FC EF 1F 00 6E B9 56 00
info: Win32Emu.Emulator[0]
      [Kernel32] LeaveCriticalSection(0x005F39E8)
info: Win32Emu.Emulator[0]
      [Dispatcher] KERNEL32.DLL!LeaveCriticalSection returned 0x00000000, argBytes=4
info: Win32Emu.Emulator[0]
      [Syscall] AFTER API: Return address at 0x001FEF3C = 0x005704F2
info: Win32Emu.Emulator[0]
      [Syscall] USER32.DLL!RegisterWindowMessageA from stub at 0x0F001020
info: Win32Emu.Emulator[0]
      [Syscall] BEFORE API: Return address at 0x001FEF60 = 0x0040101B
info: Win32Emu.Emulator[0]
      Dispatching USER32.DLL!RegisterWindowMessageA at EIP=0x0E000002 ESP=0x001FEF60 stack=1B 10 40 00 3C C1 5A 00 83 B9 56 00 00 00 00 00
info: Win32Emu.Emulator[0]
      [ProcessEnv] RegisterWindowMessage: 'CPUZ_CLOSE_APP' registered as 0xC000
info: Win32Emu.Emulator[0]
      [User32] RegisterWindowMessageA: 'CPUZ_CLOSE_APP' -> 0xC000
info: Win32Emu.Emulator[0]
      [Dispatcher] USER32.DLL!RegisterWindowMessageA returned 0x0000C000, argBytes=4
info: Win32Emu.Emulator[0]
      [Syscall] AFTER API: Return address at 0x001FEF60 = 0x0040101B
info: Win32Emu.Emulator[0]
      [Syscall] USER32.DLL!RegisterWindowMessageA from stub at 0x0F001020
info: Win32Emu.Emulator[0]
      [Syscall] BEFORE API: Return address at 0x001FEF60 = 0x0040216B
info: Win32Emu.Emulator[0]
      Dispatching USER32.DLL!RegisterWindowMessageA at EIP=0x0E000002 ESP=0x001FEF60 stack=6B 21 40 00 3C C1 5A 00 83 B9 56 00 00 00 00 00
info: Win32Emu.Emulator[0]
      [User32] RegisterWindowMessageA: 'CPUZ_CLOSE_APP' -> 0xC000
info: Win32Emu.Emulator[0]
      [Dispatcher] USER32.DLL!RegisterWindowMessageA returned 0x0000C000, argBytes=4
info: Win32Emu.Emulator[0]
      [Syscall] AFTER API: Return address at 0x001FEF60 = 0x0040216B
info: Win32Emu.Emulator[0]
      [Syscall] USER32.DLL!RegisterWindowMessageA from stub at 0x0F001020
info: Win32Emu.Emulator[0]
      [Syscall] BEFORE API: Return address at 0x001FEF60 = 0x0040229B
info: Win32Emu.Emulator[0]
      Dispatching USER32.DLL!RegisterWindowMessageA at EIP=0x0E000002 ESP=0x001FEF60 stack=9B 22 40 00 3C C1 5A 00 83 B9 56 00 00 00 00 00
info: Win32Emu.Emulator[0]
      [User32] RegisterWindowMessageA: 'CPUZ_CLOSE_APP' -> 0xC000
info: Win32Emu.Emulator[0]
      [Dispatcher] USER32.DLL!RegisterWindowMessageA returned 0x0000C000, argBytes=4
info: Win32Emu.Emulator[0]
      [Syscall] AFTER API: Return address at 0x001FEF60 = 0x0040229B
info: Win32Emu.Emulator[0]
      [Syscall] USER32.DLL!RegisterWindowMessageA from stub at 0x0F001020
info: Win32Emu.Emulator[0]
      [Syscall] BEFORE API: Return address at 0x001FEF60 = 0x004022CB
info: Win32Emu.Emulator[0]
      Dispatching USER32.DLL!RegisterWindowMessageA at EIP=0x0E000002 ESP=0x001FEF60 stack=CB 22 40 00 3C C1 5A 00 83 B9 56 00 00 00 00 00
info: Win32Emu.Emulator[0]
      [User32] RegisterWindowMessageA: 'CPUZ_CLOSE_APP' -> 0xC000
info: Win32Emu.Emulator[0]
      [Dispatcher] USER32.DLL!RegisterWindowMessageA returned 0x0000C000, argBytes=4
info: Win32Emu.Emulator[0]
      [Syscall] AFTER API: Return address at 0x001FEF60 = 0x004022CB
info: Win32Emu.Emulator[0]
      [Syscall] USER32.DLL!RegisterWindowMessageA from stub at 0x0F001020
info: Win32Emu.Emulator[0]
      [Syscall] BEFORE API: Return address at 0x001FEF60 = 0x004022FB
info: Win32Emu.Emulator[0]
      Dispatching USER32.DLL!RegisterWindowMessageA at EIP=0x0E000002 ESP=0x001FEF60 stack=FB 22 40 00 3C C1 5A 00 83 B9 56 00 00 00 00 00
info: Win32Emu.Emulator[0]
      [User32] RegisterWindowMessageA: 'CPUZ_CLOSE_APP' -> 0xC000
info: Win32Emu.Emulator[0]
      [Dispatcher] USER32.DLL!RegisterWindowMessageA returned 0x0000C000, argBytes=4
info: Win32Emu.Emulator[0]
      [Syscall] AFTER API: Return address at 0x001FEF60 = 0x004022FB
info: Win32Emu.Emulator[0]
      [Syscall] USER32.DLL!RegisterWindowMessageA from stub at 0x0F001020
info: Win32Emu.Emulator[0]
      [Syscall] BEFORE API: Return address at 0x001FEF60 = 0x0040269B
info: Win32Emu.Emulator[0]
      Dispatching USER32.DLL!RegisterWindowMessageA at EIP=0x0E000002 ESP=0x001FEF60 stack=9B 26 40 00 3C C1 5A 00 83 B9 56 00 00 00 00 00
info: Win32Emu.Emulator[0]
      [User32] RegisterWindowMessageA: 'CPUZ_CLOSE_APP' -> 0xC000
info: Win32Emu.Emulator[0]
      [Dispatcher] USER32.DLL!RegisterWindowMessageA returned 0x0000C000, argBytes=4
info: Win32Emu.Emulator[0]
      [Syscall] AFTER API: Return address at 0x001FEF60 = 0x0040269B
info: Win32Emu.Emulator[0]
      [Syscall] USER32.DLL!RegisterWindowMessageA from stub at 0x0F001020
info: Win32Emu.Emulator[0]
      [Syscall] BEFORE API: Return address at 0x001FEF60 = 0x0040379B
info: Win32Emu.Emulator[0]
      Dispatching USER32.DLL!RegisterWindowMessageA at EIP=0x0E000002 ESP=0x001FEF60 stack=9B 37 40 00 3C C1 5A 00 83 B9 56 00 00 00 00 00
info: Win32Emu.Emulator[0]
      [User32] RegisterWindowMessageA: 'CPUZ_CLOSE_APP' -> 0xC000
info: Win32Emu.Emulator[0]
      [Dispatcher] USER32.DLL!RegisterWindowMessageA returned 0x0000C000, argBytes=4
info: Win32Emu.Emulator[0]
      [Syscall] AFTER API: Return address at 0x001FEF60 = 0x0040379B
info: Win32Emu.Emulator[0]
      [Syscall] USER32.DLL!RegisterWindowMessageA from stub at 0x0F001020
info: Win32Emu.Emulator[0]
      [Syscall] BEFORE API: Return address at 0x001FEF60 = 0x0040555B
info: Win32Emu.Emulator[0]
      Dispatching USER32.DLL!RegisterWindowMessageA at EIP=0x0E000002 ESP=0x001FEF60 stack=5B 55 40 00 3C C1 5A 00 83 B9 56 00 00 00 00 00
info: Win32Emu.Emulator[0]
      [User32] RegisterWindowMessageA: 'CPUZ_CLOSE_APP' -> 0xC000
info: Win32Emu.Emulator[0]
      [Dispatcher] USER32.DLL!RegisterWindowMessageA returned 0x0000C000, argBytes=4
info: Win32Emu.Emulator[0]
      [Syscall] AFTER API: Return address at 0x001FEF60 = 0x0040555B
info: Win32Emu.Emulator[0]
      [Syscall] USER32.DLL!RegisterWindowMessageA from stub at 0x0F001020
info: Win32Emu.Emulator[0]
      [Syscall] BEFORE API: Return address at 0x001FEF60 = 0x00405B4B
info: Win32Emu.Emulator[0]
      Dispatching USER32.DLL!RegisterWindowMessageA at EIP=0x0E000002 ESP=0x001FEF60 stack=4B 5B 40 00 3C C1 5A 00 83 B9 56 00 00 00 00 00
info: Win32Emu.Emulator[0]
      [User32] RegisterWindowMessageA: 'CPUZ_CLOSE_APP' -> 0xC000
info: Win32Emu.Emulator[0]
      [Dispatcher] USER32.DLL!RegisterWindowMessageA returned 0x0000C000, argBytes=4
info: Win32Emu.Emulator[0]
      [Syscall] AFTER API: Return address at 0x001FEF60 = 0x00405B4B
info: Win32Emu.Emulator[0]
      [Syscall] USER32.DLL!RegisterWindowMessageA from stub at 0x0F001020
info: Win32Emu.Emulator[0]
      [Syscall] BEFORE API: Return address at 0x001FEF60 = 0x00408D4B
info: Win32Emu.Emulator[0]
      Dispatching USER32.DLL!RegisterWindowMessageA at EIP=0x0E000002 ESP=0x001FEF60 stack=4B 8D 40 00 3C C1 5A 00 83 B9 56 00 00 00 00 00
info: Win32Emu.Emulator[0]
      [User32] RegisterWindowMessageA: 'CPUZ_CLOSE_APP' -> 0xC000
info: Win32Emu.Emulator[0]
      [Dispatcher] USER32.DLL!RegisterWindowMessageA returned 0x0000C000, argBytes=4
info: Win32Emu.Emulator[0]
      [Syscall] AFTER API: Return address at 0x001FEF60 = 0x00408D4B
info: Win32Emu.Emulator[0]
      [Syscall] USER32.DLL!GetCursorPos from stub at 0x0F000830
info: Win32Emu.Emulator[0]
      [Syscall] BEFORE API: Return address at 0x001FEDE4 = 0x0057F225
info: Win32Emu.Emulator[0]
      Dispatching USER32.DLL!GetCursorPos at EIP=0x0E000002 ESP=0x001FEDE4 stack=25 F2 57 00 44 E6 5E 00 00 00 00 00 E8 E5 5E 00
info: Win32Emu.Emulator[0]
      [User32] GetCursorPos(lpPoint=0x005EE644)
info: Win32Emu.Emulator[0]
      [Dispatcher] USER32.DLL!GetCursorPos returned 0x00000001, argBytes=4
info: Win32Emu.Emulator[0]
      [Syscall] AFTER API: Return address at 0x001FEDE4 = 0x0057F225
info: Win32Emu.Emulator[0]
      [Syscall] KERNEL32.DLL!TlsGetValue from stub at 0x0F000530
info: Win32Emu.Emulator[0]
      [Syscall] BEFORE API: Return address at 0x001FEDF8 = 0x0057FDBC
info: Win32Emu.Emulator[0]
      Dispatching KERNEL32.DLL!TlsGetValue at EIP=0x0E000002 ESP=0x001FEDF8 stack=BC FD 57 00 01 00 00 00 00 00 00 00 E8 E5 5E 00
info: Win32Emu.Emulator[0]
      [ProcessEnv] TlsGetValue: threadId=1 index=1 value=0x010093F0
info: Win32Emu.Emulator[0]
      [Kernel32] TlsGetValue(1) = 0x010093F0
info: Win32Emu.Emulator[0]
      [Dispatcher] KERNEL32.DLL!TlsGetValue returned 0x010093F0, argBytes=4
info: Win32Emu.Emulator[0]
      [Syscall] AFTER API: Return address at 0x001FEDF8 = 0x0057FDBC
info: Win32Emu.Emulator[0]
      [Syscall] KERNEL32.DLL!EnterCriticalSection from stub at 0x0F000560
info: Win32Emu.Emulator[0]
      [Syscall] BEFORE API: Return address at 0x001FEDE4 = 0x0057FA25
info: Win32Emu.Emulator[0]
      Dispatching KERNEL32.DLL!EnterCriticalSection at EIP=0x0E000002 ESP=0x001FEDE4 stack=25 FA 57 00 9C 36 5F 00 E0 93 00 01 E8 E5 5E 00
info: Win32Emu.Emulator[0]
      [Kernel32] EnterCriticalSection(0x005F369C)
info: Win32Emu.Emulator[0]
      [Dispatcher] KERNEL32.DLL!EnterCriticalSection returned 0x00000000, argBytes=4
info: Win32Emu.Emulator[0]
      [Syscall] AFTER API: Return address at 0x001FEDE4 = 0x0057FA25
info: Win32Emu.Emulator[0]
      [Syscall] KERNEL32.DLL!LeaveCriticalSection from stub at 0x0F000570
info: Win32Emu.Emulator[0]
      [Syscall] BEFORE API: Return address at 0x001FEDE4 = 0x0057FB1A
info: Win32Emu.Emulator[0]
      Dispatching KERNEL32.DLL!LeaveCriticalSection at EIP=0x0E000002 ESP=0x001FEDE4 stack=1A FB 57 00 9C 36 5F 00 E0 93 00 01 E8 E5 5E 00
info: Win32Emu.Emulator[0]
      [Kernel32] LeaveCriticalSection(0x005F369C)
info: Win32Emu.Emulator[0]
      [Dispatcher] KERNEL32.DLL!LeaveCriticalSection returned 0x00000000, argBytes=4
info: Win32Emu.Emulator[0]
      [Syscall] AFTER API: Return address at 0x001FEDE4 = 0x0057FB1A
info: Win32Emu.Emulator[0]
      [Syscall] KERNEL32.DLL!TlsGetValue from stub at 0x0F000530
info: Win32Emu.Emulator[0]
      [Syscall] BEFORE API: Return address at 0x001FEDFC = 0x0057FDBC
info: Win32Emu.Emulator[0]
      Dispatching KERNEL32.DLL!TlsGetValue at EIP=0x0E000002 ESP=0x001FEDFC stack=BC FD 57 00 01 00 00 00 00 00 00 00 E8 E5 5E 00
info: Win32Emu.Emulator[0]
      [ProcessEnv] TlsGetValue: threadId=1 index=1 value=0x010093F0
info: Win32Emu.Emulator[0]
      [Kernel32] TlsGetValue(1) = 0x010093F0
info: Win32Emu.Emulator[0]
      [Dispatcher] KERNEL32.DLL!TlsGetValue returned 0x010093F0, argBytes=4
info: Win32Emu.Emulator[0]
      [Syscall] AFTER API: Return address at 0x001FEDFC = 0x0057FDBC
info: Win32Emu.Emulator[0]
      [Syscall] KERNEL32.DLL!GetCurrentThread from stub at 0x0F0002F0
info: Win32Emu.Emulator[0]
      [Syscall] BEFORE API: Return address at 0x001FEDFC = 0x0057F3C0
info: Win32Emu.Emulator[0]
      Dispatching KERNEL32.DLL!GetCurrentThread at EIP=0x0E000002 ESP=0x001FEDFC stack=C0 F3 57 00 D7 FD 57 00 00 00 00 00 E8 E5 5E 00
info: Win32Emu.Emulator[0]
      [Kernel32] GetCurrentThread() = 0xFFFFFFFE (pseudo-handle)
fail: Win32Emu.Emulator[0]
      [Dispatcher] KERNEL32.DLL!GetCurrentThread is missing [DllModuleExport] attribute - cannot determine stack cleanup bytes
info: Win32Emu.Emulator[0]
      [Dispatcher] KERNEL32.DLL!GetCurrentThread returned 0xFFFFFFFE, argBytes=0 (MISSING METADATA)
info: Win32Emu.Emulator[0]
      [Syscall] AFTER API: Return address at 0x001FEDFC = 0x0057F3C0
info: Win32Emu.Emulator[0]
      [Syscall] KERNEL32.DLL!GetCurrentThreadId from stub at 0x0F000640
info: Win32Emu.Emulator[0]
      [Syscall] BEFORE API: Return address at 0x001FEDFC = 0x0057F3C9
info: Win32Emu.Emulator[0]
      Dispatching KERNEL32.DLL!GetCurrentThreadId at EIP=0x0E000002 ESP=0x001FEDFC stack=C9 F3 57 00 D7 FD 57 00 00 00 00 00 E8 E5 5E 00
info: Win32Emu.Emulator[0]
      [Kernel32] GetCurrentThreadId() = 1
info: Win32Emu.Emulator[0]
      [Dispatcher] KERNEL32.DLL!GetCurrentThreadId returned 0x00000001, argBytes=0
info: Win32Emu.Emulator[0]
      [Syscall] AFTER API: Return address at 0x001FEDFC = 0x0057F3C9
info: Win32Emu.Emulator[0]
      [Syscall] KERNEL32.DLL!LoadLibraryA from stub at 0x0F000370
info: Win32Emu.Emulator[0]
      [Syscall] BEFORE API: Return address at 0x001FEE34 = 0x00408E9A
info: Win32Emu.Emulator[0]
      Dispatching KERNEL32.DLL!LoadLibraryA at EIP=0x0E000002 ESP=0x001FEE34 stack=9A 8E 40 00 08 CE 5A 00 00 00 00 00 68 C0 5A 00
info: Win32Emu.Emulator[0]
      [Kernel32] Loading system DLL via thunking: kernel32.dll
info: Win32Emu.Emulator[0]
      [Dispatcher] Registered dynamically loaded DLL: kernel32.dll
info: Win32Emu.Emulator[0]
      [Dispatcher] KERNEL32.DLL!LoadLibraryA returned 0x10000000, argBytes=4
info: Win32Emu.Emulator[0]
      [Syscall] AFTER API: Return address at 0x001FEE34 = 0x00408E9A
info: Win32Emu.Emulator[0]
      [Syscall] KERNEL32.DLL!GetProcAddress from stub at 0x0F000360
info: Win32Emu.Emulator[0]
      [Syscall] BEFORE API: Return address at 0x001FEE30 = 0x00408EAA
info: Win32Emu.Emulator[0]
      Dispatching KERNEL32.DLL!GetProcAddress at EIP=0x0E000002 ESP=0x001FEE30 stack=AA 8E 40 00 00 00 00 10 F4 CD 5A 00 00 00 00 00
info: Win32Emu.Emulator[0]
      [Kernel32] GetProcAddress(0x10000000, 0x005ACDF4)
info: Win32Emu.Emulator[0]
      [Kernel32] GetProcAddress: Looking up 'SetSearchPathMode'
info: Win32Emu.Emulator[0]
      [ProcessEnv] Registered synthetic export: KERNEL32.DLL!SetSearchPathMode at 0x0F800010
info: Win32Emu.Emulator[0]
      [Kernel32] GetProcAddress: Registered synthetic export 'KERNEL32.DLL!SetSearchPathMode' at 0x0F800010
info: Win32Emu.Emulator[0]
      [Dispatcher] KERNEL32.DLL!GetProcAddress returned 0x0F800010, argBytes=8
info: Win32Emu.Emulator[0]
      [Syscall] AFTER API: Return address at 0x001FEE30 = 0x00408EAA
info: Win32Emu.Emulator[0]
      [Syscall] KERNEL32.DLL!SetSearchPathMode from stub at 0x0F800010
info: Win32Emu.Emulator[0]
      [Syscall] BEFORE API: Return address at 0x001FEE34 = 0x00408EB5
info: Win32Emu.Emulator[0]
      Dispatching KERNEL32.DLL!SetSearchPathMode at EIP=0x0E000002 ESP=0x001FEE34 stack=B5 8E 40 00 01 80 00 00 00 00 00 00 68 C0 5A 00
info: Win32Emu.Emulator[0]
      [Kernel32] SetSearchPathMode(flags=0x00008001)
info: Win32Emu.Emulator[0]
      [Kernel32] SetSearchPathMode: Safe search mode enabled
info: Win32Emu.Emulator[0]
      [Kernel32] SetSearchPathMode: Mode set to permanent
info: Win32Emu.Emulator[0]
      [Dispatcher] KERNEL32.DLL!SetSearchPathMode returned 0x00000001, argBytes=4
info: Win32Emu.Emulator[0]
      [Syscall] AFTER API: Return address at 0x001FEE34 = 0x00408EB5
info: Win32Emu.Emulator[0]
      [Syscall] KERNEL32.DLL!HeapAlloc from stub at 0x0F000200
info: Win32Emu.Emulator[0]
      [Syscall] BEFORE API: Return address at 0x001FEDD4 = 0x00569EF2
info: Win32Emu.Emulator[0]
      Dispatching KERNEL32.DLL!HeapAlloc at EIP=0x0E000002 ESP=0x001FEDD4 stack=F2 9E 56 00 40 20 00 01 00 00 00 00 40 04 00 00
info: Win32Emu.Emulator[0]
      [Dispatcher] KERNEL32.DLL!HeapAlloc returned 0x010028A0, argBytes=12
info: Win32Emu.Emulator[0]
      [Syscall] AFTER API: Return address at 0x001FEDD4 = 0x00569EF2
info: Win32Emu.Emulator[0]
      [Syscall] KERNEL32.DLL!HeapAlloc from stub at 0x0F000200
info: Win32Emu.Emulator[0]
      [Syscall] BEFORE API: Return address at 0x001FEDB4 = 0x00569EF2
info: Win32Emu.Emulator[0]
      Dispatching KERNEL32.DLL!HeapAlloc at EIP=0x0E000002 ESP=0x001FEDB4 stack=F2 9E 56 00 40 20 00 01 00 00 00 00 60 0D 00 00
info: Win32Emu.Emulator[0]
      [ProcessEnv] VirtualAlloc(lp=0x00000000, size=0x00000D60, alloc=0x00001000, prot=0x00000004)
info: Win32Emu.Emulator[0]
      [ProcessEnv] VirtualAlloc: allocated at 0x0100A000, size=0x00001000, reserve=False, commit=True, topDown=False
info: Win32Emu.Emulator[0]
      [Dispatcher] KERNEL32.DLL!HeapAlloc returned 0x0100A000, argBytes=12
info: Win32Emu.Emulator[0]
      [Syscall] AFTER API: Return address at 0x001FEDB4 = 0x00569EF2
info: Win32Emu.Emulator[0]
      [Syscall] KERNEL32.DLL!HeapAlloc from stub at 0x0F000200
info: Win32Emu.Emulator[0]
      [Syscall] BEFORE API: Return address at 0x001FEBA0 = 0x00569EF2
info: Win32Emu.Emulator[0]
      Dispatching KERNEL32.DLL!HeapAlloc at EIP=0x0E000002 ESP=0x001FEBA0 stack=F2 9E 56 00 40 20 00 01 00 00 00 00 60 00 00 00
info: Win32Emu.Emulator[0]
      [Dispatcher] KERNEL32.DLL!HeapAlloc returned 0x01002CE0, argBytes=12
info: Win32Emu.Emulator[0]
      [Syscall] AFTER API: Return address at 0x001FEBA0 = 0x00569EF2
info: Win32Emu.Emulator[0]
      [Syscall] KERNEL32.DLL!GetTempPathA from stub at 0x0F000430
info: Win32Emu.Emulator[0]
      [Syscall] BEFORE API: Return address at 0x001FEBFC = 0x0054A3FC
info: Win32Emu.Emulator[0]
      Dispatching KERNEL32.DLL!GetTempPathA at EIP=0x0E000002 ESP=0x001FEBFC stack=FC A3 54 00 00 02 00 00 18 EC 1F 00 D7 FD 57 00
info: Win32Emu.Emulator[0]
      [Kernel32] GetTempPathA(nBufferLength=512, lpBuffer=0x001FEC18)
info: Win32Emu.Emulator[0]
      [Dispatcher] KERNEL32.DLL!GetTempPathA returned 0x00000008, argBytes=8
info: Win32Emu.Emulator[0]
      [Syscall] AFTER API: Return address at 0x001FEBFC = 0x0054A3FC
info: Win32Emu.Emulator[0]
      [Syscall] KERNEL32.DLL!GetCurrentProcessId from stub at 0x0F000750
info: Win32Emu.Emulator[0]
      [Syscall] BEFORE API: Return address at 0x001FEC04 = 0x0054A406
info: Win32Emu.Emulator[0]
      Dispatching KERNEL32.DLL!GetCurrentProcessId at EIP=0x0E000002 ESP=0x001FEC04 stack=06 A4 54 00 D7 FD 57 00 A0 28 00 01 FC EF 1F 00
info: Win32Emu.Emulator[0]
      [Kernel32] GetCurrentProcessId()
info: Win32Emu.Emulator[0]
      [Dispatcher] KERNEL32.DLL!GetCurrentProcessId returned 0x000003E8, argBytes=0
info: Win32Emu.Emulator[0]
      [Syscall] AFTER API: Return address at 0x001FEC04 = 0x0054A406
info: Win32Emu.Emulator[0]
      [Syscall] KERNEL32.DLL!HeapAlloc from stub at 0x0F000200
info: Win32Emu.Emulator[0]
      [Syscall] BEFORE API: Return address at 0x001FEB58 = 0x00569EF2
info: Win32Emu.Emulator[0]
      Dispatching KERNEL32.DLL!HeapAlloc at EIP=0x0E000002 ESP=0x001FEB58 stack=F2 9E 56 00 40 20 00 01 00 00 00 00 20 00 00 00
info: Win32Emu.Emulator[0]
      [Dispatcher] KERNEL32.DLL!HeapAlloc returned 0x01002D40, argBytes=12
info: Win32Emu.Emulator[0]
      [Syscall] AFTER API: Return address at 0x001FEB58 = 0x00569EF2
info: Win32Emu.Emulator[0]
      [Syscall] KERNEL32.DLL!EnterCriticalSection from stub at 0x0F000560
info: Win32Emu.Emulator[0]
      [Syscall] BEFORE API: Return address at 0x001FEB98 = 0x005704DC
info: Win32Emu.Emulator[0]
      Dispatching KERNEL32.DLL!EnterCriticalSection at EIP=0x0E000002 ESP=0x001FEB98 stack=DC 04 57 00 B8 39 5F 00 28 D9 5E 00 B8 EB 1F 00
info: Win32Emu.Emulator[0]
      [Kernel32] EnterCriticalSection(0x005F39B8)
info: Win32Emu.Emulator[0]
      [Dispatcher] KERNEL32.DLL!EnterCriticalSection returned 0x00000000, argBytes=4
info: Win32Emu.Emulator[0]
      [Syscall] AFTER API: Return address at 0x001FEB98 = 0x005704DC
info: Win32Emu.Emulator[0]
      [Syscall] KERNEL32.DLL!InitializeCriticalSection from stub at 0x0F0005C0
info: Win32Emu.Emulator[0]
      [Syscall] BEFORE API: Return address at 0x001FEBA8 = 0x005704C1
info: Win32Emu.Emulator[0]
      Dispatching KERNEL32.DLL!InitializeCriticalSection at EIP=0x0E000002 ESP=0x001FEBA8 stack=C1 04 57 00 40 2D 00 01 00 00 00 00 00 A0 00 01
info: Win32Emu.Emulator[0]
      [Kernel32] InitializeCriticalSection(0x01002D40)
info: Win32Emu.Emulator[0]
      [Dispatcher] KERNEL32.DLL!InitializeCriticalSection returned 0x00000000, argBytes=4
info: Win32Emu.Emulator[0]
      [Syscall] AFTER API: Return address at 0x001FEBA8 = 0x005704C1
info: Win32Emu.Emulator[0]
      [Syscall] KERNEL32.DLL!LeaveCriticalSection from stub at 0x0F000570
info: Win32Emu.Emulator[0]
      [Syscall] BEFORE API: Return address at 0x001FEB9C = 0x005704F2
info: Win32Emu.Emulator[0]
      Dispatching KERNEL32.DLL!LeaveCriticalSection at EIP=0x0E000002 ESP=0x001FEB9C stack=F2 04 57 00 B8 39 5F 00 B8 EB 1F 00 D2 04 57 00
info: Win32Emu.Emulator[0]
      [Kernel32] LeaveCriticalSection(0x005F39B8)
info: Win32Emu.Emulator[0]
      [Dispatcher] KERNEL32.DLL!LeaveCriticalSection returned 0x00000000, argBytes=4
info: Win32Emu.Emulator[0]
      [Syscall] AFTER API: Return address at 0x001FEB9C = 0x005704F2
info: Win32Emu.Emulator[0]
      [Syscall] KERNEL32.DLL!EnterCriticalSection from stub at 0x0F000560
info: Win32Emu.Emulator[0]
      [Syscall] BEFORE API: Return address at 0x001FEBAC = 0x005704DC
info: Win32Emu.Emulator[0]
      Dispatching KERNEL32.DLL!EnterCriticalSection at EIP=0x0E000002 ESP=0x001FEBAC stack=DC 04 57 00 40 2D 00 01 00 A0 00 01 40 AB 00 01
info: Win32Emu.Emulator[0]
      [Kernel32] EnterCriticalSection(0x01002D40)
info: Win32Emu.Emulator[0]
      [Dispatcher] KERNEL32.DLL!EnterCriticalSection returned 0x00000000, argBytes=4
info: Win32Emu.Emulator[0]
      [Syscall] AFTER API: Return address at 0x001FEBAC = 0x005704DC
info: Win32Emu.Emulator[0]
      [Syscall] KERNEL32.DLL!HeapAlloc from stub at 0x0F000200
info: Win32Emu.Emulator[0]
      [Syscall] BEFORE API: Return address at 0x001FEB4C = 0x00569EF2
info: Win32Emu.Emulator[0]
      Dispatching KERNEL32.DLL!HeapAlloc at EIP=0x0E000002 ESP=0x001FEB4C stack=F2 9E 56 00 40 20 00 01 00 00 00 00 20 00 00 00
info: Win32Emu.Emulator[0]
      [Dispatcher] KERNEL32.DLL!HeapAlloc returned 0x01002D60, argBytes=12
info: Win32Emu.Emulator[0]
      [Syscall] AFTER API: Return address at 0x001FEB4C = 0x00569EF2
info: Win32Emu.Emulator[0]
      [Syscall] KERNEL32.DLL!EnterCriticalSection from stub at 0x0F000560
info: Win32Emu.Emulator[0]
      [Syscall] BEFORE API: Return address at 0x001FEB8C = 0x005704DC
info: Win32Emu.Emulator[0]
      Dispatching KERNEL32.DLL!EnterCriticalSection at EIP=0x0E000002 ESP=0x001FEB8C stack=DC 04 57 00 B8 39 5F 00 9C D9 5E 00 AC EB 1F 00
info: Win32Emu.Emulator[0]
      [Kernel32] EnterCriticalSection(0x005F39B8)
info: Win32Emu.Emulator[0]
      [Dispatcher] KERNEL32.DLL!EnterCriticalSection returned 0x00000000, argBytes=4
info: Win32Emu.Emulator[0]
      [Syscall] AFTER API: Return address at 0x001FEB8C = 0x005704DC
info: Win32Emu.Emulator[0]
      [Syscall] KERNEL32.DLL!InitializeCriticalSection from stub at 0x0F0005C0
info: Win32Emu.Emulator[0]
      [Syscall] BEFORE API: Return address at 0x001FEB9C = 0x005704C1
info: Win32Emu.Emulator[0]
      Dispatching KERNEL32.DLL!InitializeCriticalSection at EIP=0x0E000002 ESP=0x001FEB9C stack=C1 04 57 00 60 2D 00 01 00 00 00 00 03 00 00 00
info: Win32Emu.Emulator[0]
      [Kernel32] InitializeCriticalSection(0x01002D60)
info: Win32Emu.Emulator[0]
      [Dispatcher] KERNEL32.DLL!InitializeCriticalSection returned 0x00000000, argBytes=4
info: Win32Emu.Emulator[0]
      [Syscall] AFTER API: Return address at 0x001FEB9C = 0x005704C1
info: Win32Emu.Emulator[0]
      [Syscall] KERNEL32.DLL!LeaveCriticalSection from stub at 0x0F000570
info: Win32Emu.Emulator[0]
      [Syscall] BEFORE API: Return address at 0x001FEB90 = 0x005704F2
info: Win32Emu.Emulator[0]
      Dispatching KERNEL32.DLL!LeaveCriticalSection at EIP=0x0E000002 ESP=0x001FEB90 stack=F2 04 57 00 B8 39 5F 00 AC EB 1F 00 D2 04 57 00
info: Win32Emu.Emulator[0]
      [Kernel32] LeaveCriticalSection(0x005F39B8)
info: Win32Emu.Emulator[0]
      [Dispatcher] KERNEL32.DLL!LeaveCriticalSection returned 0x00000000, argBytes=4
info: Win32Emu.Emulator[0]
      [Syscall] AFTER API: Return address at 0x001FEB90 = 0x005704F2
info: Win32Emu.Emulator[0]
      [Syscall] KERNEL32.DLL!EnterCriticalSection from stub at 0x0F000560
info: Win32Emu.Emulator[0]
      [Syscall] BEFORE API: Return address at 0x001FEBA0 = 0x005704DC
info: Win32Emu.Emulator[0]
      Dispatching KERNEL32.DLL!EnterCriticalSection at EIP=0x0E000002 ESP=0x001FEBA0 stack=DC 04 57 00 60 2D 00 01 03 00 00 00 40 AB 00 01
info: Win32Emu.Emulator[0]
      [Kernel32] EnterCriticalSection(0x01002D60)
info: Win32Emu.Emulator[0]
      [Dispatcher] KERNEL32.DLL!EnterCriticalSection returned 0x00000000, argBytes=4
info: Win32Emu.Emulator[0]
      [Syscall] AFTER API: Return address at 0x001FEBA0 = 0x005704DC
info: Win32Emu.Emulator[0]
      [Syscall] KERNEL32.DLL!LeaveCriticalSection from stub at 0x0F000570
info: Win32Emu.Emulator[0]
      [Syscall] BEFORE API: Return address at 0x001FEBB0 = 0x005704F2
info: Win32Emu.Emulator[0]
      Dispatching KERNEL32.DLL!LeaveCriticalSection at EIP=0x0E000002 ESP=0x001FEBB0 stack=F2 04 57 00 40 2D 00 01 40 AB 00 01 1D D0 56 00
info: Win32Emu.Emulator[0]
      [Kernel32] LeaveCriticalSection(0x01002D40)
info: Win32Emu.Emulator[0]
      [Dispatcher] KERNEL32.DLL!LeaveCriticalSection returned 0x00000000, argBytes=4
info: Win32Emu.Emulator[0]
      [Syscall] AFTER API: Return address at 0x001FEBB0 = 0x005704F2
info: Win32Emu.Emulator[0]
      [Syscall] KERNEL32.DLL!HeapAlloc from stub at 0x0F000200
info: Win32Emu.Emulator[0]
      [Syscall] BEFORE API: Return address at 0x001FEADC = 0x00569EF2
info: Win32Emu.Emulator[0]
      Dispatching KERNEL32.DLL!HeapAlloc at EIP=0x0E000002 ESP=0x001FEADC stack=F2 9E 56 00 40 20 00 01 00 00 00 00 20 00 00 00
info: Win32Emu.Emulator[0]
      [Dispatcher] KERNEL32.DLL!HeapAlloc returned 0x01002D80, argBytes=12
info: Win32Emu.Emulator[0]
      [Syscall] AFTER API: Return address at 0x001FEADC = 0x00569EF2
info: Win32Emu.Emulator[0]
      [Syscall] KERNEL32.DLL!EnterCriticalSection from stub at 0x0F000560
info: Win32Emu.Emulator[0]
      [Syscall] BEFORE API: Return address at 0x001FEB1C = 0x005704DC
info: Win32Emu.Emulator[0]
      Dispatching KERNEL32.DLL!EnterCriticalSection at EIP=0x0E000002 ESP=0x001FEB1C stack=DC 04 57 00 B8 39 5F 00 68 D9 5E 00 3C EB 1F 00
info: Win32Emu.Emulator[0]
      [Kernel32] EnterCriticalSection(0x005F39B8)
info: Win32Emu.Emulator[0]
      [Dispatcher] KERNEL32.DLL!EnterCriticalSection returned 0x00000000, argBytes=4
info: Win32Emu.Emulator[0]
      [Syscall] AFTER API: Return address at 0x001FEB1C = 0x005704DC
info: Win32Emu.Emulator[0]
      [Syscall] KERNEL32.DLL!InitializeCriticalSection from stub at 0x0F0005C0
info: Win32Emu.Emulator[0]
      [Syscall] BEFORE API: Return address at 0x001FEB2C = 0x005704C1
info: Win32Emu.Emulator[0]
      Dispatching KERNEL32.DLL!InitializeCriticalSection at EIP=0x0E000002 ESP=0x001FEB2C stack=C1 04 57 00 80 2D 00 01 FF FF FF FF 80 00 00 00
info: Win32Emu.Emulator[0]
      [Kernel32] InitializeCriticalSection(0x01002D80)
info: Win32Emu.Emulator[0]
      [Dispatcher] KERNEL32.DLL!InitializeCriticalSection returned 0x00000000, argBytes=4
info: Win32Emu.Emulator[0]
      [Syscall] AFTER API: Return address at 0x001FEB2C = 0x005704C1
info: Win32Emu.Emulator[0]
      [Syscall] KERNEL32.DLL!LeaveCriticalSection from stub at 0x0F000570
info: Win32Emu.Emulator[0]
      [Syscall] BEFORE API: Return address at 0x001FEB20 = 0x005704F2
info: Win32Emu.Emulator[0]
      Dispatching KERNEL32.DLL!LeaveCriticalSection at EIP=0x0E000002 ESP=0x001FEB20 stack=F2 04 57 00 B8 39 5F 00 3C EB 1F 00 D2 04 57 00
info: Win32Emu.Emulator[0]
      [Kernel32] LeaveCriticalSection(0x005F39B8)
info: Win32Emu.Emulator[0]
      [Dispatcher] KERNEL32.DLL!LeaveCriticalSection returned 0x00000000, argBytes=4
info: Win32Emu.Emulator[0]
      [Syscall] AFTER API: Return address at 0x001FEB20 = 0x005704F2
info: Win32Emu.Emulator[0]
      [Syscall] KERNEL32.DLL!EnterCriticalSection from stub at 0x0F000560
info: Win32Emu.Emulator[0]
      [Syscall] BEFORE API: Return address at 0x001FEB30 = 0x005704DC
info: Win32Emu.Emulator[0]
      Dispatching KERNEL32.DLL!EnterCriticalSection at EIP=0x0E000002 ESP=0x001FEB30 stack=DC 04 57 00 80 2D 00 01 80 00 00 00 8C EB 1F 00
info: Win32Emu.Emulator[0]
      [Kernel32] EnterCriticalSection(0x01002D80)
info: Win32Emu.Emulator[0]
      [Dispatcher] KERNEL32.DLL!EnterCriticalSection returned 0x00000000, argBytes=4
info: Win32Emu.Emulator[0]
      [Syscall] AFTER API: Return address at 0x001FEB30 = 0x005704DC
info: Win32Emu.Emulator[0]
      [Syscall] KERNEL32.DLL!EnterCriticalSection from stub at 0x0F000560
info: Win32Emu.Emulator[0]
      [Syscall] BEFORE API: Return address at 0x001FEB30 = 0x005704DC
info: Win32Emu.Emulator[0]
      Dispatching KERNEL32.DLL!EnterCriticalSection at EIP=0x0E000002 ESP=0x001FEB30 stack=DC 04 57 00 B8 39 5F 00 AC 20 00 01 C0 3C 5F 00
info: Win32Emu.Emulator[0]
      [Kernel32] EnterCriticalSection(0x005F39B8)
info: Win32Emu.Emulator[0]
      [Dispatcher] KERNEL32.DLL!EnterCriticalSection returned 0x00000000, argBytes=4
info: Win32Emu.Emulator[0]
      [Syscall] AFTER API: Return address at 0x001FEB30 = 0x005704DC
info: Win32Emu.Emulator[0]
      [Syscall] KERNEL32.DLL!InitializeCriticalSection from stub at 0x0F0005C0
info: Win32Emu.Emulator[0]
      [Syscall] BEFORE API: Return address at 0x001FEB40 = 0x00573241
info: Win32Emu.Emulator[0]
      Dispatching KERNEL32.DLL!InitializeCriticalSection at EIP=0x0E000002 ESP=0x001FEB40 stack=41 32 57 00 B8 20 00 01 00 01 00 00 80 00 00 00
info: Win32Emu.Emulator[0]
      [Kernel32] InitializeCriticalSection(0x010020B8)
info: Win32Emu.Emulator[0]
      [Dispatcher] KERNEL32.DLL!InitializeCriticalSection returned 0x00000000, argBytes=4
info: Win32Emu.Emulator[0]
      [Syscall] AFTER API: Return address at 0x001FEB40 = 0x00573241
info: Win32Emu.Emulator[0]
      [Syscall] KERNEL32.DLL!LeaveCriticalSection from stub at 0x0F000570
info: Win32Emu.Emulator[0]
      [Syscall] BEFORE API: Return address at 0x001FEB34 = 0x005704F2
info: Win32Emu.Emulator[0]
      Dispatching KERNEL32.DLL!LeaveCriticalSection at EIP=0x0E000002 ESP=0x001FEB34 stack=F2 04 57 00 B8 39 5F 00 C0 3C 5F 00 4B 32 57 00
info: Win32Emu.Emulator[0]
      [Kernel32] LeaveCriticalSection(0x005F39B8)
info: Win32Emu.Emulator[0]
      [Dispatcher] KERNEL32.DLL!LeaveCriticalSection returned 0x00000000, argBytes=4
info: Win32Emu.Emulator[0]
      [Syscall] AFTER API: Return address at 0x001FEB34 = 0x005704F2
info: Win32Emu.Emulator[0]
      [Syscall] KERNEL32.DLL!EnterCriticalSection from stub at 0x0F000560
info: Win32Emu.Emulator[0]
      [Syscall] BEFORE API: Return address at 0x001FEB40 = 0x00573256
info: Win32Emu.Emulator[0]
      Dispatching KERNEL32.DLL!EnterCriticalSection at EIP=0x0E000002 ESP=0x001FEB40 stack=56 32 57 00 B8 20 00 01 00 01 00 00 80 00 00 00
info: Win32Emu.Emulator[0]
      [Kernel32] EnterCriticalSection(0x010020B8)
info: Win32Emu.Emulator[0]
      [Dispatcher] KERNEL32.DLL!EnterCriticalSection returned 0x00000000, argBytes=4
info: Win32Emu.Emulator[0]
      [Syscall] AFTER API: Return address at 0x001FEB40 = 0x00573256
info: Win32Emu.Emulator[0]
      [Syscall] KERNEL32.DLL!LeaveCriticalSection from stub at 0x0F000570
info: Win32Emu.Emulator[0]
      [Syscall] BEFORE API: Return address at 0x001FEB34 = 0x005704F2
info: Win32Emu.Emulator[0]
      Dispatching KERNEL32.DLL!LeaveCriticalSection at EIP=0x0E000002 ESP=0x001FEB34 stack=F2 04 57 00 80 2D 00 01 C0 3C 5F 00 01 33 57 00
info: Win32Emu.Emulator[0]
      [Kernel32] LeaveCriticalSection(0x01002D80)
info: Win32Emu.Emulator[0]
      [Dispatcher] KERNEL32.DLL!LeaveCriticalSection returned 0x00000000, argBytes=4
info: Win32Emu.Emulator[0]
      [Syscall] AFTER API: Return address at 0x001FEB34 = 0x005704F2
info: Win32Emu.Emulator[0]
      [Syscall] KERNEL32.DLL!CreateFileA from stub at 0x0F000490
info: Win32Emu.Emulator[0]
      [Syscall] BEFORE API: Return address at 0x001FEB44 = 0x00573715
info: Win32Emu.Emulator[0]
      Dispatching KERNEL32.DLL!CreateFileA at EIP=0x0E000002 ESP=0x001FEB44 stack=15 37 57 00 40 AB 00 01 00 00 00 40 03 00 00 00
info: Win32Emu.Emulator[0]
      [Kernel32] CreateFileA (VFS) failed: C:\TEMP\\cpuz_driver_1000.log
info: Win32Emu.Emulator[0]
      [Dispatcher] KERNEL32.DLL!CreateFileA returned 0xFFFFFFFF, argBytes=28
info: Win32Emu.Emulator[0]
      [Syscall] AFTER API: Return address at 0x001FEB44 = 0x00573715
info: Win32Emu.Emulator[0]
      [Syscall] KERNEL32.DLL!GetLastError from stub at 0x0F0003C0
info: Win32Emu.Emulator[0]
      [Syscall] BEFORE API: Return address at 0x001FEB60 = 0x00573721
info: Win32Emu.Emulator[0]
      Dispatching KERNEL32.DLL!GetLastError at EIP=0x0E000002 ESP=0x001FEB60 stack=21 37 57 00 4A C2 5A 00 02 00 00 00 00 00 00 00
info: Win32Emu.Emulator[0]
      [Dispatcher] KERNEL32.DLL!GetLastError returned 0x00000002, argBytes=0
info: Win32Emu.Emulator[0]
      [Syscall] AFTER API: Return address at 0x001FEB60 = 0x00573721
info: Win32Emu.Emulator[0]
      [Syscall] KERNEL32.DLL!GetLastError from stub at 0x0F0003C0
info: Win32Emu.Emulator[0]
      [Syscall] BEFORE API: Return address at 0x001FEB44 = 0x0056C9EB
info: Win32Emu.Emulator[0]
      Dispatching KERNEL32.DLL!GetLastError at EIP=0x0E000002 ESP=0x001FEB44 stack=EB C9 56 00 FF FF FF FF FF FF FF FF 51 C0 56 00
info: Win32Emu.Emulator[0]
      [Dispatcher] KERNEL32.DLL!GetLastError returned 0x00000002, argBytes=0
info: Win32Emu.Emulator[0]
      [Syscall] AFTER API: Return address at 0x001FEB44 = 0x0056C9EB
info: Win32Emu.Emulator[0]
      [Syscall] KERNEL32.DLL!TlsGetValue from stub at 0x0F000530
info: Win32Emu.Emulator[0]
      [Syscall] BEFORE API: Return address at 0x001FEB40 = 0x0056C9F9
info: Win32Emu.Emulator[0]
      Dispatching KERNEL32.DLL!TlsGetValue at EIP=0x0E000002 ESP=0x001FEB40 stack=F9 C9 56 00 00 00 00 00 FF FF FF FF FF FF FF FF
info: Win32Emu.Emulator[0]
      [ProcessEnv] TlsGetValue: threadId=1 index=0 value=0x01004000
info: Win32Emu.Emulator[0]
      [Kernel32] TlsGetValue(0) = 0x01004000
info: Win32Emu.Emulator[0]
      [Dispatcher] KERNEL32.DLL!TlsGetValue returned 0x01004000, argBytes=4
info: Win32Emu.Emulator[0]
      [Syscall] AFTER API: Return address at 0x001FEB40 = 0x0056C9F9
info: Win32Emu.Emulator[0]
      [Syscall] KERNEL32.DLL!SetLastError from stub at 0x0F000800
info: Win32Emu.Emulator[0]
      [Syscall] BEFORE API: Return address at 0x001FEB40 = 0x0056CA45
info: Win32Emu.Emulator[0]
      Dispatching KERNEL32.DLL!SetLastError at EIP=0x0E000002 ESP=0x001FEB40 stack=45 CA 56 00 02 00 00 00 FF FF FF FF FF FF FF FF
info: Win32Emu.Emulator[0]
      [Dispatcher] KERNEL32.DLL!SetLastError returned 0x00000000, argBytes=4
info: Win32Emu.Emulator[0]
      [Syscall] AFTER API: Return address at 0x001FEB40 = 0x0056CA45
info: Win32Emu.Emulator[0]
      [Syscall] KERNEL32.DLL!GetLastError from stub at 0x0F0003C0
info: Win32Emu.Emulator[0]
      [Syscall] BEFORE API: Return address at 0x001FEB44 = 0x0056C9EB
info: Win32Emu.Emulator[0]
      Dispatching KERNEL32.DLL!GetLastError at EIP=0x0E000002 ESP=0x001FEB44 stack=EB C9 56 00 FF FF FF FF 01 00 00 00 48 C0 56 00
info: Win32Emu.Emulator[0]
      [Dispatcher] KERNEL32.DLL!GetLastError returned 0x00000002, argBytes=0
info: Win32Emu.Emulator[0]
      [Syscall] AFTER API: Return address at 0x001FEB44 = 0x0056C9EB
info: Win32Emu.Emulator[0]
      [Syscall] KERNEL32.DLL!TlsGetValue from stub at 0x0F000530
info: Win32Emu.Emulator[0]
      [Syscall] BEFORE API: Return address at 0x001FEB40 = 0x0056C9F9
info: Win32Emu.Emulator[0]
      Dispatching KERNEL32.DLL!TlsGetValue at EIP=0x0E000002 ESP=0x001FEB40 stack=F9 C9 56 00 00 00 00 00 FF FF FF FF 01 00 00 00
info: Win32Emu.Emulator[0]
      [ProcessEnv] TlsGetValue: threadId=1 index=0 value=0x01004000
info: Win32Emu.Emulator[0]
      [Kernel32] TlsGetValue(0) = 0x01004000
info: Win32Emu.Emulator[0]
      [Dispatcher] KERNEL32.DLL!TlsGetValue returned 0x01004000, argBytes=4
info: Win32Emu.Emulator[0]
      [Syscall] AFTER API: Return address at 0x001FEB40 = 0x0056C9F9
info: Win32Emu.Emulator[0]
      [Syscall] KERNEL32.DLL!SetLastError from stub at 0x0F000800
info: Win32Emu.Emulator[0]
      [Syscall] BEFORE API: Return address at 0x001FEB40 = 0x0056CA45
info: Win32Emu.Emulator[0]
      Dispatching KERNEL32.DLL!SetLastError at EIP=0x0E000002 ESP=0x001FEB40 stack=45 CA 56 00 02 00 00 00 FF FF FF FF 01 00 00 00
info: Win32Emu.Emulator[0]
      [Dispatcher] KERNEL32.DLL!SetLastError returned 0x00000000, argBytes=4
info: Win32Emu.Emulator[0]
      [Syscall] AFTER API: Return address at 0x001FEB40 = 0x0056CA45
info: Win32Emu.Emulator[0]
      [Syscall] KERNEL32.DLL!LeaveCriticalSection from stub at 0x0F000570
info: Win32Emu.Emulator[0]
      [Syscall] BEFORE API: Return address at 0x001FEB54 = 0x005734C8
info: Win32Emu.Emulator[0]
      Dispatching KERNEL32.DLL!LeaveCriticalSection at EIP=0x0E000002 ESP=0x001FEB54 stack=C8 34 57 00 B8 20 00 01 23 38 57 00 03 00 00 00
info: Win32Emu.Emulator[0]
      [Kernel32] LeaveCriticalSection(0x010020B8)
info: Win32Emu.Emulator[0]
      [Dispatcher] KERNEL32.DLL!LeaveCriticalSection returned 0x00000000, argBytes=4
info: Win32Emu.Emulator[0]
      [Syscall] AFTER API: Return address at 0x001FEB54 = 0x005734C8
info: Win32Emu.Emulator[0]
      [Syscall] KERNEL32.DLL!LeaveCriticalSection from stub at 0x0F000570
info: Win32Emu.Emulator[0]
      [Syscall] BEFORE API: Return address at 0x001FEBA4 = 0x005704F2
info: Win32Emu.Emulator[0]
      Dispatching KERNEL32.DLL!LeaveCriticalSection at EIP=0x0E000002 ESP=0x001FEBA4 stack=F2 04 57 00 60 2D 00 01 40 AB 00 01 7A CB 56 00
info: Win32Emu.Emulator[0]
      [Kernel32] LeaveCriticalSection(0x01002D60)
info: Win32Emu.Emulator[0]
      [Dispatcher] KERNEL32.DLL!LeaveCriticalSection returned 0x00000000, argBytes=4
info: Win32Emu.Emulator[0]
      [Syscall] AFTER API: Return address at 0x001FEBA4 = 0x005704F2
info: Win32Emu.Emulator[0]
      [Syscall] KERNEL32.DLL!HeapAlloc from stub at 0x0F000200
info: Win32Emu.Emulator[0]
      [Syscall] BEFORE API: Return address at 0x001FEDB4 = 0x00569EF2
info: Win32Emu.Emulator[0]
      Dispatching KERNEL32.DLL!HeapAlloc at EIP=0x0E000002 ESP=0x001FEDB4 stack=F2 9E 56 00 40 20 00 01 00 00 00 00 20 00 00 00
info: Win32Emu.Emulator[0]
      [Dispatcher] KERNEL32.DLL!HeapAlloc returned 0x01002DA0, argBytes=12
info: Win32Emu.Emulator[0]
      [Syscall] AFTER API: Return address at 0x001FEDB4 = 0x00569EF2
info: Win32Emu.Emulator[0]
      [Syscall] KERNEL32.DLL!HeapAlloc from stub at 0x0F000200
info: Win32Emu.Emulator[0]
      [Syscall] BEFORE API: Return address at 0x001FED94 = 0x00569EF2
info: Win32Emu.Emulator[0]
      Dispatching KERNEL32.DLL!HeapAlloc at EIP=0x0E000002 ESP=0x001FED94 stack=F2 9E 56 00 40 20 00 01 00 00 00 00 10 EE 00 00
info: Win32Emu.Emulator[0]
      [ProcessEnv] VirtualAlloc(lp=0x00000000, size=0x0000EE10, alloc=0x00001000, prot=0x00000004)
info: Win32Emu.Emulator[0]
      [ProcessEnv] VirtualAlloc: allocated at 0x0100B000, size=0x0000F000, reserve=False, commit=True, topDown=False
info: Win32Emu.Emulator[0]
      [Dispatcher] KERNEL32.DLL!HeapAlloc returned 0x0100B000, argBytes=12
info: Win32Emu.Emulator[0]
      [Syscall] AFTER API: Return address at 0x001FED94 = 0x00569EF2
info: Win32Emu.Emulator[0]
      [Syscall] KERNEL32.DLL!HeapAlloc from stub at 0x0F000200
info: Win32Emu.Emulator[0]
      [Syscall] BEFORE API: Return address at 0x001FED38 = 0x00569EF2
info: Win32Emu.Emulator[0]
      Dispatching KERNEL32.DLL!HeapAlloc at EIP=0x0E000002 ESP=0x001FED38 stack=F2 9E 56 00 40 20 00 01 00 00 00 00 10 00 00 00
info: Win32Emu.Emulator[0]
      [Dispatcher] KERNEL32.DLL!HeapAlloc returned 0x01002DC0, argBytes=12
info: Win32Emu.Emulator[0]
      [Syscall] AFTER API: Return address at 0x001FED38 = 0x00569EF2
info: Win32Emu.Emulator[0]
      [Syscall] KERNEL32.DLL!HeapAlloc from stub at 0x0F000200
info: Win32Emu.Emulator[0]
      [Syscall] BEFORE API: Return address at 0x001FED38 = 0x00569EF2
info: Win32Emu.Emulator[0]
      Dispatching KERNEL32.DLL!HeapAlloc at EIP=0x0E000002 ESP=0x001FED38 stack=F2 9E 56 00 40 20 00 01 00 00 00 00 10 00 00 00
info: Win32Emu.Emulator[0]
      [Dispatcher] KERNEL32.DLL!HeapAlloc returned 0x01002DD0, argBytes=12
info: Win32Emu.Emulator[0]
      [Syscall] AFTER API: Return address at 0x001FED38 = 0x00569EF2
info: Win32Emu.Emulator[0]
      [Syscall] KERNEL32.DLL!HeapAlloc from stub at 0x0F000200
info: Win32Emu.Emulator[0]
      [Syscall] BEFORE API: Return address at 0x001FED38 = 0x00569EF2
info: Win32Emu.Emulator[0]
      Dispatching KERNEL32.DLL!HeapAlloc at EIP=0x0E000002 ESP=0x001FED38 stack=F2 9E 56 00 40 20 00 01 00 00 00 00 10 00 00 00
info: Win32Emu.Emulator[0]
      [Dispatcher] KERNEL32.DLL!HeapAlloc returned 0x01002DE0, argBytes=12
info: Win32Emu.Emulator[0]
      [Syscall] AFTER API: Return address at 0x001FED38 = 0x00569EF2
info: Win32Emu.Emulator[0]
      [Syscall] KERNEL32.DLL!HeapAlloc from stub at 0x0F000200
info: Win32Emu.Emulator[0]
      [Syscall] BEFORE API: Return address at 0x001FED38 = 0x00569EF2
info: Win32Emu.Emulator[0]
      Dispatching KERNEL32.DLL!HeapAlloc at EIP=0x0E000002 ESP=0x001FED38 stack=F2 9E 56 00 40 20 00 01 00 00 00 00 10 00 00 00
info: Win32Emu.Emulator[0]
      [Dispatcher] KERNEL32.DLL!HeapAlloc returned 0x01002DF0, argBytes=12
info: Win32Emu.Emulator[0]
      [Syscall] AFTER API: Return address at 0x001FED38 = 0x00569EF2
info: Win32Emu.Emulator[0]
      [Syscall] KERNEL32.DLL!HeapAlloc from stub at 0x0F000200
info: Win32Emu.Emulator[0]
      [Syscall] BEFORE API: Return address at 0x001FED38 = 0x00569EF2
info: Win32Emu.Emulator[0]
      Dispatching KERNEL32.DLL!HeapAlloc at EIP=0x0E000002 ESP=0x001FED38 stack=F2 9E 56 00 40 20 00 01 00 00 00 00 10 00 00 00
info: Win32Emu.Emulator[0]
      [Dispatcher] KERNEL32.DLL!HeapAlloc returned 0x01002E00, argBytes=12
info: Win32Emu.Emulator[0]
      [Syscall] AFTER API: Return address at 0x001FED38 = 0x00569EF2
info: Win32Emu.Emulator[0]
      [Syscall] KERNEL32.DLL!HeapAlloc from stub at 0x0F000200
info: Win32Emu.Emulator[0]
      [Syscall] BEFORE API: Return address at 0x001FED38 = 0x00569EF2
info: Win32Emu.Emulator[0]
      Dispatching KERNEL32.DLL!HeapAlloc at EIP=0x0E000002 ESP=0x001FED38 stack=F2 9E 56 00 40 20 00 01 00 00 00 00 10 00 00 00
info: Win32Emu.Emulator[0]
      [Dispatcher] KERNEL32.DLL!HeapAlloc returned 0x01002E10, argBytes=12
info: Win32Emu.Emulator[0]
      [Syscall] AFTER API: Return address at 0x001FED38 = 0x00569EF2
info: Win32Emu.Emulator[0]
      [Syscall] KERNEL32.DLL!HeapAlloc from stub at 0x0F000200
info: Win32Emu.Emulator[0]
      [Syscall] BEFORE API: Return address at 0x001FED38 = 0x00569EF2
info: Win32Emu.Emulator[0]
      Dispatching KERNEL32.DLL!HeapAlloc at EIP=0x0E000002 ESP=0x001FED38 stack=F2 9E 56 00 40 20 00 01 00 00 00 00 10 00 00 00
info: Win32Emu.Emulator[0]
      [Dispatcher] KERNEL32.DLL!HeapAlloc returned 0x01002E20, argBytes=12
info: Win32Emu.Emulator[0]
      [Syscall] AFTER API: Return address at 0x001FED38 = 0x00569EF2
info: Win32Emu.Emulator[0]
      [Syscall] KERNEL32.DLL!HeapAlloc from stub at 0x0F000200
info: Win32Emu.Emulator[0]
      [Syscall] BEFORE API: Return address at 0x001FED38 = 0x00569EF2
info: Win32Emu.Emulator[0]
      Dispatching KERNEL32.DLL!HeapAlloc at EIP=0x0E000002 ESP=0x001FED38 stack=F2 9E 56 00 40 20 00 01 00 00 00 00 10 00 00 00
info: Win32Emu.Emulator[0]
      [Dispatcher] KERNEL32.DLL!HeapAlloc returned 0x01002E30, argBytes=12
info: Win32Emu.Emulator[0]
      [Syscall] AFTER API: Return address at 0x001FED38 = 0x00569EF2
info: Win32Emu.Emulator[0]
      [Syscall] KERNEL32.DLL!HeapAlloc from stub at 0x0F000200
info: Win32Emu.Emulator[0]
      [Syscall] BEFORE API: Return address at 0x001FED38 = 0x00569EF2
info: Win32Emu.Emulator[0]
      Dispatching KERNEL32.DLL!HeapAlloc at EIP=0x0E000002 ESP=0x001FED38 stack=F2 9E 56 00 40 20 00 01 00 00 00 00 10 00 00 00
info: Win32Emu.Emulator[0]
      [Dispatcher] KERNEL32.DLL!HeapAlloc returned 0x01002E40, argBytes=12
info: Win32Emu.Emulator[0]
      [Syscall] AFTER API: Return address at 0x001FED38 = 0x00569EF2
info: Win32Emu.Emulator[0]
      [Syscall] KERNEL32.DLL!HeapAlloc from stub at 0x0F000200
info: Win32Emu.Emulator[0]
      [Syscall] BEFORE API: Return address at 0x001FED38 = 0x00569EF2
info: Win32Emu.Emulator[0]
      Dispatching KERNEL32.DLL!HeapAlloc at EIP=0x0E000002 ESP=0x001FED38 stack=F2 9E 56 00 40 20 00 01 00 00 00 00 10 00 00 00
info: Win32Emu.Emulator[0]
      [Dispatcher] KERNEL32.DLL!HeapAlloc returned 0x01002E50, argBytes=12
info: Win32Emu.Emulator[0]
      [Syscall] AFTER API: Return address at 0x001FED38 = 0x00569EF2
info: Win32Emu.Emulator[0]
      [Syscall] KERNEL32.DLL!HeapAlloc from stub at 0x0F000200
info: Win32Emu.Emulator[0]
      [Syscall] BEFORE API: Return address at 0x001FED38 = 0x00569EF2
info: Win32Emu.Emulator[0]
      Dispatching KERNEL32.DLL!HeapAlloc at EIP=0x0E000002 ESP=0x001FED38 stack=F2 9E 56 00 40 20 00 01 00 00 00 00 10 00 00 00
info: Win32Emu.Emulator[0]
      [Dispatcher] KERNEL32.DLL!HeapAlloc returned 0x01002E60, argBytes=12
info: Win32Emu.Emulator[0]
      [Syscall] AFTER API: Return address at 0x001FED38 = 0x00569EF2
info: Win32Emu.Emulator[0]
      [Syscall] KERNEL32.DLL!HeapAlloc from stub at 0x0F000200
info: Win32Emu.Emulator[0]
      [Syscall] BEFORE API: Return address at 0x001FED38 = 0x00569EF2
info: Win32Emu.Emulator[0]
      Dispatching KERNEL32.DLL!HeapAlloc at EIP=0x0E000002 ESP=0x001FED38 stack=F2 9E 56 00 40 20 00 01 00 00 00 00 10 00 00 00
info: Win32Emu.Emulator[0]
      [Dispatcher] KERNEL32.DLL!HeapAlloc returned 0x01002E70, argBytes=12
info: Win32Emu.Emulator[0]
      [Syscall] AFTER API: Return address at 0x001FED38 = 0x00569EF2
info: Win32Emu.Emulator[0]
      [Syscall] KERNEL32.DLL!HeapAlloc from stub at 0x0F000200
info: Win32Emu.Emulator[0]
      [Syscall] BEFORE API: Return address at 0x001FED38 = 0x00569EF2
info: Win32Emu.Emulator[0]
      Dispatching KERNEL32.DLL!HeapAlloc at EIP=0x0E000002 ESP=0x001FED38 stack=F2 9E 56 00 40 20 00 01 00 00 00 00 10 00 00 00
info: Win32Emu.Emulator[0]
      [Dispatcher] KERNEL32.DLL!HeapAlloc returned 0x01002E80, argBytes=12
info: Win32Emu.Emulator[0]
      [Syscall] AFTER API: Return address at 0x001FED38 = 0x00569EF2
info: Win32Emu.Emulator[0]
      [Syscall] KERNEL32.DLL!HeapAlloc from stub at 0x0F000200
info: Win32Emu.Emulator[0]
      [Syscall] BEFORE API: Return address at 0x001FED38 = 0x00569EF2
info: Win32Emu.Emulator[0]
      Dispatching KERNEL32.DLL!HeapAlloc at EIP=0x0E000002 ESP=0x001FED38 stack=F2 9E 56 00 40 20 00 01 00 00 00 00 10 00 00 00
info: Win32Emu.Emulator[0]
      [Dispatcher] KERNEL32.DLL!HeapAlloc returned 0x01002E90, argBytes=12
info: Win32Emu.Emulator[0]
      [Syscall] AFTER API: Return address at 0x001FED38 = 0x00569EF2
info: Win32Emu.Emulator[0]
      [Syscall] KERNEL32.DLL!HeapAlloc from stub at 0x0F000200
info: Win32Emu.Emulator[0]
      [Syscall] BEFORE API: Return address at 0x001FED38 = 0x00569EF2
info: Win32Emu.Emulator[0]
      Dispatching KERNEL32.DLL!HeapAlloc at EIP=0x0E000002 ESP=0x001FED38 stack=F2 9E 56 00 40 20 00 01 00 00 00 00 10 00 00 00
info: Win32Emu.Emulator[0]
      [Dispatcher] KERNEL32.DLL!HeapAlloc returned 0x01002EA0, argBytes=12
info: Win32Emu.Emulator[0]
      [Syscall] AFTER API: Return address at 0x001FED38 = 0x00569EF2
info: Win32Emu.Emulator[0]
      [Syscall] KERNEL32.DLL!HeapAlloc from stub at 0x0F000200
info: Win32Emu.Emulator[0]
      [Syscall] BEFORE API: Return address at 0x001FED38 = 0x00569EF2
info: Win32Emu.Emulator[0]
      Dispatching KERNEL32.DLL!HeapAlloc at EIP=0x0E000002 ESP=0x001FED38 stack=F2 9E 56 00 40 20 00 01 00 00 00 00 10 00 00 00
info: Win32Emu.Emulator[0]
      [Dispatcher] KERNEL32.DLL!HeapAlloc returned 0x01002EB0, argBytes=12
info: Win32Emu.Emulator[0]
      [Syscall] AFTER API: Return address at 0x001FED38 = 0x00569EF2
info: Win32Emu.Emulator[0]
      [Syscall] KERNEL32.DLL!HeapAlloc from stub at 0x0F000200
info: Win32Emu.Emulator[0]
      [Syscall] BEFORE API: Return address at 0x001FED38 = 0x00569EF2
info: Win32Emu.Emulator[0]
      Dispatching KERNEL32.DLL!HeapAlloc at EIP=0x0E000002 ESP=0x001FED38 stack=F2 9E 56 00 40 20 00 01 00 00 00 00 10 00 00 00
info: Win32Emu.Emulator[0]
      [Dispatcher] KERNEL32.DLL!HeapAlloc returned 0x01002EC0, argBytes=12
info: Win32Emu.Emulator[0]
      [Syscall] AFTER API: Return address at 0x001FED38 = 0x00569EF2
info: Win32Emu.Emulator[0]
      [Syscall] KERNEL32.DLL!HeapAlloc from stub at 0x0F000200
info: Win32Emu.Emulator[0]
      [Syscall] BEFORE API: Return address at 0x001FED38 = 0x00569EF2
info: Win32Emu.Emulator[0]
      Dispatching KERNEL32.DLL!HeapAlloc at EIP=0x0E000002 ESP=0x001FED38 stack=F2 9E 56 00 40 20 00 01 00 00 00 00 10 00 00 00
info: Win32Emu.Emulator[0]
      [Dispatcher] KERNEL32.DLL!HeapAlloc returned 0x01002ED0, argBytes=12
info: Win32Emu.Emulator[0]
      [Syscall] AFTER API: Return address at 0x001FED38 = 0x00569EF2
info: Win32Emu.Emulator[0]
      [Syscall] KERNEL32.DLL!HeapAlloc from stub at 0x0F000200
info: Win32Emu.Emulator[0]
      [Syscall] BEFORE API: Return address at 0x001FED38 = 0x00569EF2
info: Win32Emu.Emulator[0]
      Dispatching KERNEL32.DLL!HeapAlloc at EIP=0x0E000002 ESP=0x001FED38 stack=F2 9E 56 00 40 20 00 01 00 00 00 00 10 00 00 00
info: Win32Emu.Emulator[0]
      [Dispatcher] KERNEL32.DLL!HeapAlloc returned 0x01002EE0, argBytes=12
info: Win32Emu.Emulator[0]
      [Syscall] AFTER API: Return address at 0x001FED38 = 0x00569EF2
info: Win32Emu.Emulator[0]
      [Syscall] KERNEL32.DLL!HeapAlloc from stub at 0x0F000200
info: Win32Emu.Emulator[0]
      [Syscall] BEFORE API: Return address at 0x001FED38 = 0x00569EF2
info: Win32Emu.Emulator[0]
      Dispatching KERNEL32.DLL!HeapAlloc at EIP=0x0E000002 ESP=0x001FED38 stack=F2 9E 56 00 40 20 00 01 00 00 00 00 10 00 00 00
info: Win32Emu.Emulator[0]
      [Dispatcher] KERNEL32.DLL!HeapAlloc returned 0x01002EF0, argBytes=12
info: Win32Emu.Emulator[0]
      [Syscall] AFTER API: Return address at 0x001FED38 = 0x00569EF2
info: Win32Emu.Emulator[0]
      [Syscall] KERNEL32.DLL!HeapAlloc from stub at 0x0F000200
info: Win32Emu.Emulator[0]
      [Syscall] BEFORE API: Return address at 0x001FED38 = 0x00569EF2
info: Win32Emu.Emulator[0]
      Dispatching KERNEL32.DLL!HeapAlloc at EIP=0x0E000002 ESP=0x001FED38 stack=F2 9E 56 00 40 20 00 01 00 00 00 00 10 00 00 00
info: Win32Emu.Emulator[0]
      [Dispatcher] KERNEL32.DLL!HeapAlloc returned 0x01002F00, argBytes=12
info: Win32Emu.Emulator[0]
      [Syscall] AFTER API: Return address at 0x001FED38 = 0x00569EF2
info: Win32Emu.Emulator[0]
      [Syscall] KERNEL32.DLL!HeapAlloc from stub at 0x0F000200
info: Win32Emu.Emulator[0]
      [Syscall] BEFORE API: Return address at 0x001FED38 = 0x00569EF2
info: Win32Emu.Emulator[0]
      Dispatching KERNEL32.DLL!HeapAlloc at EIP=0x0E000002 ESP=0x001FED38 stack=F2 9E 56 00 40 20 00 01 00 00 00 00 10 00 00 00
info: Win32Emu.Emulator[0]
      [Dispatcher] KERNEL32.DLL!HeapAlloc returned 0x01002F10, argBytes=12
info: Win32Emu.Emulator[0]
      [Syscall] AFTER API: Return address at 0x001FED38 = 0x00569EF2
info: Win32Emu.Emulator[0]
      [Syscall] KERNEL32.DLL!HeapAlloc from stub at 0x0F000200
info: Win32Emu.Emulator[0]
      [Syscall] BEFORE API: Return address at 0x001FED38 = 0x00569EF2
info: Win32Emu.Emulator[0]
      Dispatching KERNEL32.DLL!HeapAlloc at EIP=0x0E000002 ESP=0x001FED38 stack=F2 9E 56 00 40 20 00 01 00 00 00 00 10 00 00 00
info: Win32Emu.Emulator[0]
      [Dispatcher] KERNEL32.DLL!HeapAlloc returned 0x01002F20, argBytes=12
info: Win32Emu.Emulator[0]
      [Syscall] AFTER API: Return address at 0x001FED38 = 0x00569EF2
info: Win32Emu.Emulator[0]
      [Syscall] KERNEL32.DLL!HeapAlloc from stub at 0x0F000200
info: Win32Emu.Emulator[0]
      [Syscall] BEFORE API: Return address at 0x001FED38 = 0x00569EF2
info: Win32Emu.Emulator[0]
      Dispatching KERNEL32.DLL!HeapAlloc at EIP=0x0E000002 ESP=0x001FED38 stack=F2 9E 56 00 40 20 00 01 00 00 00 00 10 00 00 00
info: Win32Emu.Emulator[0]
      [Dispatcher] KERNEL32.DLL!HeapAlloc returned 0x01002F30, argBytes=12
info: Win32Emu.Emulator[0]
      [Syscall] AFTER API: Return address at 0x001FED38 = 0x00569EF2
info: Win32Emu.Emulator[0]
      [Syscall] KERNEL32.DLL!HeapAlloc from stub at 0x0F000200
info: Win32Emu.Emulator[0]
      [Syscall] BEFORE API: Return address at 0x001FED38 = 0x00569EF2
info: Win32Emu.Emulator[0]
      Dispatching KERNEL32.DLL!HeapAlloc at EIP=0x0E000002 ESP=0x001FED38 stack=F2 9E 56 00 40 20 00 01 00 00 00 00 10 00 00 00
info: Win32Emu.Emulator[0]
      [Dispatcher] KERNEL32.DLL!HeapAlloc returned 0x01002F40, argBytes=12
info: Win32Emu.Emulator[0]
      [Syscall] AFTER API: Return address at 0x001FED38 = 0x00569EF2
info: Win32Emu.Emulator[0]
      [Syscall] KERNEL32.DLL!HeapAlloc from stub at 0x0F000200
info: Win32Emu.Emulator[0]
      [Syscall] BEFORE API: Return address at 0x001FED38 = 0x00569EF2
info: Win32Emu.Emulator[0]
      Dispatching KERNEL32.DLL!HeapAlloc at EIP=0x0E000002 ESP=0x001FED38 stack=F2 9E 56 00 40 20 00 01 00 00 00 00 10 00 00 00
info: Win32Emu.Emulator[0]
      [Dispatcher] KERNEL32.DLL!HeapAlloc returned 0x01002F50, argBytes=12
info: Win32Emu.Emulator[0]
      [Syscall] AFTER API: Return address at 0x001FED38 = 0x00569EF2
info: Win32Emu.Emulator[0]
      [Syscall] KERNEL32.DLL!HeapAlloc from stub at 0x0F000200
info: Win32Emu.Emulator[0]
      [Syscall] BEFORE API: Return address at 0x001FED38 = 0x00569EF2
info: Win32Emu.Emulator[0]
      Dispatching KERNEL32.DLL!HeapAlloc at EIP=0x0E000002 ESP=0x001FED38 stack=F2 9E 56 00 40 20 00 01 00 00 00 00 10 00 00 00
info: Win32Emu.Emulator[0]
      [Dispatcher] KERNEL32.DLL!HeapAlloc returned 0x01002F60, argBytes=12
info: Win32Emu.Emulator[0]
      [Syscall] AFTER API: Return address at 0x001FED38 = 0x00569EF2
info: Win32Emu.Emulator[0]
      [Syscall] KERNEL32.DLL!HeapAlloc from stub at 0x0F000200
info: Win32Emu.Emulator[0]
      [Syscall] BEFORE API: Return address at 0x001FED38 = 0x00569EF2
info: Win32Emu.Emulator[0]
      Dispatching KERNEL32.DLL!HeapAlloc at EIP=0x0E000002 ESP=0x001FED38 stack=F2 9E 56 00 40 20 00 01 00 00 00 00 10 00 00 00
info: Win32Emu.Emulator[0]
      [Dispatcher] KERNEL32.DLL!HeapAlloc returned 0x01002F70, argBytes=12
info: Win32Emu.Emulator[0]
      [Syscall] AFTER API: Return address at 0x001FED38 = 0x00569EF2
info: Win32Emu.Emulator[0]
      [Syscall] KERNEL32.DLL!HeapAlloc from stub at 0x0F000200
info: Win32Emu.Emulator[0]
      [Syscall] BEFORE API: Return address at 0x001FED38 = 0x00569EF2
info: Win32Emu.Emulator[0]
      Dispatching KERNEL32.DLL!HeapAlloc at EIP=0x0E000002 ESP=0x001FED38 stack=F2 9E 56 00 40 20 00 01 00 00 00 00 10 00 00 00
info: Win32Emu.Emulator[0]
      [Dispatcher] KERNEL32.DLL!HeapAlloc returned 0x01002F80, argBytes=12
info: Win32Emu.Emulator[0]
      [Syscall] AFTER API: Return address at 0x001FED38 = 0x00569EF2
info: Win32Emu.Emulator[0]
      [Syscall] KERNEL32.DLL!HeapAlloc from stub at 0x0F000200
info: Win32Emu.Emulator[0]
      [Syscall] BEFORE API: Return address at 0x001FED38 = 0x00569EF2
info: Win32Emu.Emulator[0]
      Dispatching KERNEL32.DLL!HeapAlloc at EIP=0x0E000002 ESP=0x001FED38 stack=F2 9E 56 00 40 20 00 01 00 00 00 00 10 00 00 00
info: Win32Emu.Emulator[0]
      [Dispatcher] KERNEL32.DLL!HeapAlloc returned 0x01002F90, argBytes=12
info: Win32Emu.Emulator[0]
      [Syscall] AFTER API: Return address at 0x001FED38 = 0x00569EF2
info: Win32Emu.Emulator[0]
      [Syscall] KERNEL32.DLL!HeapAlloc from stub at 0x0F000200
info: Win32Emu.Emulator[0]
      [Syscall] BEFORE API: Return address at 0x001FED38 = 0x00569EF2
info: Win32Emu.Emulator[0]
      Dispatching KERNEL32.DLL!HeapAlloc at EIP=0x0E000002 ESP=0x001FED38 stack=F2 9E 56 00 40 20 00 01 00 00 00 00 10 00 00 00
info: Win32Emu.Emulator[0]
      [Dispatcher] KERNEL32.DLL!HeapAlloc returned 0x01002FA0, argBytes=12
info: Win32Emu.Emulator[0]
      [Syscall] AFTER API: Return address at 0x001FED38 = 0x00569EF2
info: Win32Emu.Emulator[0]
      [Syscall] KERNEL32.DLL!HeapAlloc from stub at 0x0F000200
info: Win32Emu.Emulator[0]
      [Syscall] BEFORE API: Return address at 0x001FED38 = 0x00569EF2
info: Win32Emu.Emulator[0]
      Dispatching KERNEL32.DLL!HeapAlloc at EIP=0x0E000002 ESP=0x001FED38 stack=F2 9E 56 00 40 20 00 01 00 00 00 00 10 00 00 00
info: Win32Emu.Emulator[0]
      [Dispatcher] KERNEL32.DLL!HeapAlloc returned 0x01002FB0, argBytes=12
info: Win32Emu.Emulator[0]
      [Syscall] AFTER API: Return address at 0x001FED38 = 0x00569EF2
info: Win32Emu.Emulator[0]
      [Syscall] KERNEL32.DLL!HeapAlloc from stub at 0x0F000200
info: Win32Emu.Emulator[0]
      [Syscall] BEFORE API: Return address at 0x001FED38 = 0x00569EF2
info: Win32Emu.Emulator[0]
      Dispatching KERNEL32.DLL!HeapAlloc at EIP=0x0E000002 ESP=0x001FED38 stack=F2 9E 56 00 40 20 00 01 00 00 00 00 10 00 00 00
info: Win32Emu.Emulator[0]
      [Dispatcher] KERNEL32.DLL!HeapAlloc returned 0x01002FC0, argBytes=12
info: Win32Emu.Emulator[0]
      [Syscall] AFTER API: Return address at 0x001FED38 = 0x00569EF2
info: Win32Emu.Emulator[0]
      [Syscall] KERNEL32.DLL!HeapAlloc from stub at 0x0F000200
info: Win32Emu.Emulator[0]
      [Syscall] BEFORE API: Return address at 0x001FED38 = 0x00569EF2
info: Win32Emu.Emulator[0]
      Dispatching KERNEL32.DLL!HeapAlloc at EIP=0x0E000002 ESP=0x001FED38 stack=F2 9E 56 00 40 20 00 01 00 00 00 00 10 00 00 00
info: Win32Emu.Emulator[0]
      [Dispatcher] KERNEL32.DLL!HeapAlloc returned 0x01002FD0, argBytes=12
info: Win32Emu.Emulator[0]
      [Syscall] AFTER API: Return address at 0x001FED38 = 0x00569EF2
info: Win32Emu.Emulator[0]
      [Syscall] KERNEL32.DLL!HeapAlloc from stub at 0x0F000200
info: Win32Emu.Emulator[0]
      [Syscall] BEFORE API: Return address at 0x001FED38 = 0x00569EF2
info: Win32Emu.Emulator[0]
      Dispatching KERNEL32.DLL!HeapAlloc at EIP=0x0E000002 ESP=0x001FED38 stack=F2 9E 56 00 40 20 00 01 00 00 00 00 10 00 00 00
info: Win32Emu.Emulator[0]
      [Dispatcher] KERNEL32.DLL!HeapAlloc returned 0x01002FE0, argBytes=12
info: Win32Emu.Emulator[0]
      [Syscall] AFTER API: Return address at 0x001FED38 = 0x00569EF2
info: Win32Emu.Emulator[0]
      [Syscall] KERNEL32.DLL!HeapAlloc from stub at 0x0F000200
info: Win32Emu.Emulator[0]
      [Syscall] BEFORE API: Return address at 0x001FED38 = 0x00569EF2
info: Win32Emu.Emulator[0]
      Dispatching KERNEL32.DLL!HeapAlloc at EIP=0x0E000002 ESP=0x001FED38 stack=F2 9E 56 00 40 20 00 01 00 00 00 00 10 00 00 00
info: Win32Emu.Emulator[0]
      [Dispatcher] KERNEL32.DLL!HeapAlloc returned 0x01002FF0, argBytes=12
info: Win32Emu.Emulator[0]
      [Syscall] AFTER API: Return address at 0x001FED38 = 0x00569EF2
info: Win32Emu.Emulator[0]
      [Syscall] KERNEL32.DLL!HeapAlloc from stub at 0x0F000200
info: Win32Emu.Emulator[0]
      [Syscall] BEFORE API: Return address at 0x001FED38 = 0x00569EF2
info: Win32Emu.Emulator[0]
      Dispatching KERNEL32.DLL!HeapAlloc at EIP=0x0E000002 ESP=0x001FED38 stack=F2 9E 56 00 40 20 00 01 00 00 00 00 10 00 00 00
info: Win32Emu.Emulator[0]
      [Dispatcher] KERNEL32.DLL!HeapAlloc returned 0x01003000, argBytes=12
info: Win32Emu.Emulator[0]
      [Syscall] AFTER API: Return address at 0x001FED38 = 0x00569EF2
info: Win32Emu.Emulator[0]
      [Syscall] KERNEL32.DLL!HeapAlloc from stub at 0x0F000200
info: Win32Emu.Emulator[0]
      [Syscall] BEFORE API: Return address at 0x001FED38 = 0x00569EF2
info: Win32Emu.Emulator[0]
      Dispatching KERNEL32.DLL!HeapAlloc at EIP=0x0E000002 ESP=0x001FED38 stack=F2 9E 56 00 40 20 00 01 00 00 00 00 10 00 00 00
info: Win32Emu.Emulator[0]
      [Dispatcher] KERNEL32.DLL!HeapAlloc returned 0x01003010, argBytes=12
info: Win32Emu.Emulator[0]
      [Syscall] AFTER API: Return address at 0x001FED38 = 0x00569EF2
info: Win32Emu.Emulator[0]
      [Syscall] KERNEL32.DLL!HeapAlloc from stub at 0x0F000200
info: Win32Emu.Emulator[0]
      [Syscall] BEFORE API: Return address at 0x001FED38 = 0x00569EF2
info: Win32Emu.Emulator[0]
      Dispatching KERNEL32.DLL!HeapAlloc at EIP=0x0E000002 ESP=0x001FED38 stack=F2 9E 56 00 40 20 00 01 00 00 00 00 10 00 00 00
info: Win32Emu.Emulator[0]
      [Dispatcher] KERNEL32.DLL!HeapAlloc returned 0x01003020, argBytes=12
info: Win32Emu.Emulator[0]
      [Syscall] AFTER API: Return address at 0x001FED38 = 0x00569EF2
info: Win32Emu.Emulator[0]
      [Syscall] KERNEL32.DLL!HeapAlloc from stub at 0x0F000200
info: Win32Emu.Emulator[0]
      [Syscall] BEFORE API: Return address at 0x001FED38 = 0x00569EF2
info: Win32Emu.Emulator[0]
      Dispatching KERNEL32.DLL!HeapAlloc at EIP=0x0E000002 ESP=0x001FED38 stack=F2 9E 56 00 40 20 00 01 00 00 00 00 10 00 00 00
info: Win32Emu.Emulator[0]
      [Dispatcher] KERNEL32.DLL!HeapAlloc returned 0x01003030, argBytes=12
info: Win32Emu.Emulator[0]
      [Syscall] AFTER API: Return address at 0x001FED38 = 0x00569EF2
info: Win32Emu.Emulator[0]
      [Syscall] KERNEL32.DLL!HeapAlloc from stub at 0x0F000200
info: Win32Emu.Emulator[0]
      [Syscall] BEFORE API: Return address at 0x001FED38 = 0x00569EF2
info: Win32Emu.Emulator[0]
      Dispatching KERNEL32.DLL!HeapAlloc at EIP=0x0E000002 ESP=0x001FED38 stack=F2 9E 56 00 40 20 00 01 00 00 00 00 10 00 00 00
info: Win32Emu.Emulator[0]
      [ProcessEnv] VirtualAlloc(lp=0x00000000, size=0x00000010, alloc=0x00001000, prot=0x00000004)
info: Win32Emu.Emulator[0]
      [ProcessEnv] VirtualAlloc: allocated at 0x0101A000, size=0x00001000, reserve=False, commit=True, topDown=False
info: Win32Emu.Emulator[0]
      [Dispatcher] KERNEL32.DLL!HeapAlloc returned 0x0101A000, argBytes=12
info: Win32Emu.Emulator[0]
      [Syscall] AFTER API: Return address at 0x001FED38 = 0x00569EF2
info: Win32Emu.Emulator[0]
      [Syscall] KERNEL32.DLL!HeapAlloc from stub at 0x0F000200
info: Win32Emu.Emulator[0]
      [Syscall] BEFORE API: Return address at 0x001FED38 = 0x00569EF2
info: Win32Emu.Emulator[0]
      Dispatching KERNEL32.DLL!HeapAlloc at EIP=0x0E000002 ESP=0x001FED38 stack=F2 9E 56 00 40 20 00 01 00 00 00 00 10 00 00 00
info: Win32Emu.Emulator[0]
      [ProcessEnv] VirtualAlloc(lp=0x00000000, size=0x00000010, alloc=0x00001000, prot=0x00000004)
info: Win32Emu.Emulator[0]
      [ProcessEnv] VirtualAlloc: allocated at 0x0101B000, size=0x00001000, reserve=False, commit=True, topDown=False
info: Win32Emu.Emulator[0]
      [Dispatcher] KERNEL32.DLL!HeapAlloc returned 0x0101B000, argBytes=12
info: Win32Emu.Emulator[0]
      [Syscall] AFTER API: Return address at 0x001FED38 = 0x00569EF2
info: Win32Emu.Emulator[0]
      [Syscall] KERNEL32.DLL!HeapAlloc from stub at 0x0F000200
info: Win32Emu.Emulator[0]
      [Syscall] BEFORE API: Return address at 0x001FED38 = 0x00569EF2
info: Win32Emu.Emulator[0]
      Dispatching KERNEL32.DLL!HeapAlloc at EIP=0x0E000002 ESP=0x001FED38 stack=F2 9E 56 00 40 20 00 01 00 00 00 00 10 00 00 00
info: Win32Emu.Emulator[0]
      [ProcessEnv] VirtualAlloc(lp=0x00000000, size=0x00000010, alloc=0x00001000, prot=0x00000004)
info: Win32Emu.Emulator[0]
      [ProcessEnv] VirtualAlloc: allocated at 0x0101C000, size=0x00001000, reserve=False, commit=True, topDown=False
info: Win32Emu.Emulator[0]
      [Dispatcher] KERNEL32.DLL!HeapAlloc returned 0x0101C000, argBytes=12
info: Win32Emu.Emulator[0]
      [Syscall] AFTER API: Return address at 0x001FED38 = 0x00569EF2
info: Win32Emu.Emulator[0]
      [Syscall] KERNEL32.DLL!HeapAlloc from stub at 0x0F000200
info: Win32Emu.Emulator[0]
      [Syscall] BEFORE API: Return address at 0x001FED38 = 0x00569EF2
info: Win32Emu.Emulator[0]
      Dispatching KERNEL32.DLL!HeapAlloc at EIP=0x0E000002 ESP=0x001FED38 stack=F2 9E 56 00 40 20 00 01 00 00 00 00 10 00 00 00
info: Win32Emu.Emulator[0]
      [ProcessEnv] VirtualAlloc(lp=0x00000000, size=0x00000010, alloc=0x00001000, prot=0x00000004)
info: Win32Emu.Emulator[0]
      [ProcessEnv] VirtualAlloc: allocated at 0x0101D000, size=0x00001000, reserve=False, commit=True, topDown=False
info: Win32Emu.Emulator[0]
      [Dispatcher] KERNEL32.DLL!HeapAlloc returned 0x0101D000, argBytes=12
info: Win32Emu.Emulator[0]
      [Syscall] AFTER API: Return address at 0x001FED38 = 0x00569EF2
info: Win32Emu.Emulator[0]
      [Syscall] KERNEL32.DLL!HeapAlloc from stub at 0x0F000200
info: Win32Emu.Emulator[0]
      [Syscall] BEFORE API: Return address at 0x001FED38 = 0x00569EF2
info: Win32Emu.Emulator[0]
      Dispatching KERNEL32.DLL!HeapAlloc at EIP=0x0E000002 ESP=0x001FED38 stack=F2 9E 56 00 40 20 00 01 00 00 00 00 10 00 00 00
info: Win32Emu.Emulator[0]
      [ProcessEnv] VirtualAlloc(lp=0x00000000, size=0x00000010, alloc=0x00001000, prot=0x00000004)
info: Win32Emu.Emulator[0]
      [ProcessEnv] VirtualAlloc: allocated at 0x0101E000, size=0x00001000, reserve=False, commit=True, topDown=False
info: Win32Emu.Emulator[0]
      [Dispatcher] KERNEL32.DLL!HeapAlloc returned 0x0101E000, argBytes=12
info: Win32Emu.Emulator[0]
      [Syscall] AFTER API: Return address at 0x001FED38 = 0x00569EF2
info: Win32Emu.Emulator[0]
      [Syscall] KERNEL32.DLL!HeapAlloc from stub at 0x0F000200
info: Win32Emu.Emulator[0]
      [Syscall] BEFORE API: Return address at 0x001FED38 = 0x00569EF2
info: Win32Emu.Emulator[0]
      Dispatching KERNEL32.DLL!HeapAlloc at EIP=0x0E000002 ESP=0x001FED38 stack=F2 9E 56 00 40 20 00 01 00 00 00 00 10 00 00 00
info: Win32Emu.Emulator[0]
      [ProcessEnv] VirtualAlloc(lp=0x00000000, size=0x00000010, alloc=0x00001000, prot=0x00000004)
info: Win32Emu.Emulator[0]
      [ProcessEnv] VirtualAlloc: allocated at 0x0101F000, size=0x00001000, reserve=False, commit=True, topDown=False
info: Win32Emu.Emulator[0]
      [Dispatcher] KERNEL32.DLL!HeapAlloc returned 0x0101F000, argBytes=12
info: Win32Emu.Emulator[0]
      [Syscall] AFTER API: Return address at 0x001FED38 = 0x00569EF2
info: Win32Emu.Emulator[0]
      [Syscall] KERNEL32.DLL!HeapAlloc from stub at 0x0F000200
info: Win32Emu.Emulator[0]
      [Syscall] BEFORE API: Return address at 0x001FED38 = 0x00569EF2
info: Win32Emu.Emulator[0]
      Dispatching KERNEL32.DLL!HeapAlloc at EIP=0x0E000002 ESP=0x001FED38 stack=F2 9E 56 00 40 20 00 01 00 00 00 00 10 00 00 00
info: Win32Emu.Emulator[0]
      [ProcessEnv] VirtualAlloc(lp=0x00000000, size=0x00000010, alloc=0x00001000, prot=0x00000004)
info: Win32Emu.Emulator[0]
      [ProcessEnv] VirtualAlloc: allocated at 0x01020000, size=0x00001000, reserve=False, commit=True, topDown=False
info: Win32Emu.Emulator[0]
      [Dispatcher] KERNEL32.DLL!HeapAlloc returned 0x01020000, argBytes=12
info: Win32Emu.Emulator[0]
      [Syscall] AFTER API: Return address at 0x001FED38 = 0x00569EF2
info: Win32Emu.Emulator[0]
      [Syscall] KERNEL32.DLL!HeapAlloc from stub at 0x0F000200
info: Win32Emu.Emulator[0]
      [Syscall] BEFORE API: Return address at 0x001FED38 = 0x00569EF2
info: Win32Emu.Emulator[0]
      Dispatching KERNEL32.DLL!HeapAlloc at EIP=0x0E000002 ESP=0x001FED38 stack=F2 9E 56 00 40 20 00 01 00 00 00 00 10 00 00 00
info: Win32Emu.Emulator[0]
      [ProcessEnv] VirtualAlloc(lp=0x00000000, size=0x00000010, alloc=0x00001000, prot=0x00000004)
info: Win32Emu.Emulator[0]
      [ProcessEnv] VirtualAlloc: allocated at 0x01021000, size=0x00001000, reserve=False, commit=True, topDown=False
info: Win32Emu.Emulator[0]
      [Dispatcher] KERNEL32.DLL!HeapAlloc returned 0x01021000, argBytes=12
info: Win32Emu.Emulator[0]
      [Syscall] AFTER API: Return address at 0x001FED38 = 0x00569EF2
info: Win32Emu.Emulator[0]
      [Syscall] KERNEL32.DLL!HeapAlloc from stub at 0x0F000200
info: Win32Emu.Emulator[0]
      [Syscall] BEFORE API: Return address at 0x001FED38 = 0x00569EF2
info: Win32Emu.Emulator[0]
      Dispatching KERNEL32.DLL!HeapAlloc at EIP=0x0E000002 ESP=0x001FED38 stack=F2 9E 56 00 40 20 00 01 00 00 00 00 10 00 00 00
info: Win32Emu.Emulator[0]
      [ProcessEnv] VirtualAlloc(lp=0x00000000, size=0x00000010, alloc=0x00001000, prot=0x00000004)
info: Win32Emu.Emulator[0]
      [ProcessEnv] VirtualAlloc: allocated at 0x01022000, size=0x00001000, reserve=False, commit=True, topDown=False
info: Win32Emu.Emulator[0]
      [Dispatcher] KERNEL32.DLL!HeapAlloc returned 0x01022000, argBytes=12
info: Win32Emu.Emulator[0]
      [Syscall] AFTER API: Return address at 0x001FED38 = 0x00569EF2
info: Win32Emu.Emulator[0]
      [Syscall] KERNEL32.DLL!HeapAlloc from stub at 0x0F000200
info: Win32Emu.Emulator[0]
      [Syscall] BEFORE API: Return address at 0x001FED38 = 0x00569EF2
info: Win32Emu.Emulator[0]
      Dispatching KERNEL32.DLL!HeapAlloc at EIP=0x0E000002 ESP=0x001FED38 stack=F2 9E 56 00 40 20 00 01 00 00 00 00 10 00 00 00
info: Win32Emu.Emulator[0]
      [ProcessEnv] VirtualAlloc(lp=0x00000000, size=0x00000010, alloc=0x00001000, prot=0x00000004)
info: Win32Emu.Emulator[0]
      [ProcessEnv] VirtualAlloc: allocated at 0x01023000, size=0x00001000, reserve=False, commit=True, topDown=False
info: Win32Emu.Emulator[0]
      [Dispatcher] KERNEL32.DLL!HeapAlloc returned 0x01023000, argBytes=12
info: Win32Emu.Emulator[0]
      [Syscall] AFTER API: Return address at 0x001FED38 = 0x00569EF2
info: Win32Emu.Emulator[0]
      [Syscall] KERNEL32.DLL!HeapAlloc from stub at 0x0F000200
info: Win32Emu.Emulator[0]
      [Syscall] BEFORE API: Return address at 0x001FED38 = 0x00569EF2
info: Win32Emu.Emulator[0]
      Dispatching KERNEL32.DLL!HeapAlloc at EIP=0x0E000002 ESP=0x001FED38 stack=F2 9E 56 00 40 20 00 01 00 00 00 00 10 00 00 00
info: Win32Emu.Emulator[0]
      [ProcessEnv] VirtualAlloc(lp=0x00000000, size=0x00000010, alloc=0x00001000, prot=0x00000004)
info: Win32Emu.Emulator[0]
      [ProcessEnv] VirtualAlloc: allocated at 0x01024000, size=0x00001000, reserve=False, commit=True, topDown=False
info: Win32Emu.Emulator[0]
      [Dispatcher] KERNEL32.DLL!HeapAlloc returned 0x01024000, argBytes=12
info: Win32Emu.Emulator[0]
      [Syscall] AFTER API: Return address at 0x001FED38 = 0x00569EF2
info: Win32Emu.Emulator[0]
      [Syscall] KERNEL32.DLL!HeapAlloc from stub at 0x0F000200
info: Win32Emu.Emulator[0]
      [Syscall] BEFORE API: Return address at 0x001FED38 = 0x00569EF2
info: Win32Emu.Emulator[0]
      Dispatching KERNEL32.DLL!HeapAlloc at EIP=0x0E000002 ESP=0x001FED38 stack=F2 9E 56 00 40 20 00 01 00 00 00 00 10 00 00 00
info: Win32Emu.Emulator[0]
      [ProcessEnv] VirtualAlloc(lp=0x00000000, size=0x00000010, alloc=0x00001000, prot=0x00000004)
info: Win32Emu.Emulator[0]
      [ProcessEnv] VirtualAlloc: allocated at 0x01025000, size=0x00001000, reserve=False, commit=True, topDown=False
info: Win32Emu.Emulator[0]
      [Dispatcher] KERNEL32.DLL!HeapAlloc returned 0x01025000, argBytes=12
info: Win32Emu.Emulator[0]
      [Syscall] AFTER API: Return address at 0x001FED38 = 0x00569EF2
info: Win32Emu.Emulator[0]
      [Syscall] KERNEL32.DLL!HeapAlloc from stub at 0x0F000200
info: Win32Emu.Emulator[0]
      [Syscall] BEFORE API: Return address at 0x001FED38 = 0x00569EF2
info: Win32Emu.Emulator[0]
      Dispatching KERNEL32.DLL!HeapAlloc at EIP=0x0E000002 ESP=0x001FED38 stack=F2 9E 56 00 40 20 00 01 00 00 00 00 10 00 00 00
info: Win32Emu.Emulator[0]
      [ProcessEnv] VirtualAlloc(lp=0x00000000, size=0x00000010, alloc=0x00001000, prot=0x00000004)
info: Win32Emu.Emulator[0]
      [ProcessEnv] VirtualAlloc: allocated at 0x01026000, size=0x00001000, reserve=False, commit=True, topDown=False
info: Win32Emu.Emulator[0]
      [Dispatcher] KERNEL32.DLL!HeapAlloc returned 0x01026000, argBytes=12
info: Win32Emu.Emulator[0]
      [Syscall] AFTER API: Return address at 0x001FED38 = 0x00569EF2
info: Win32Emu.Emulator[0]
      [Syscall] KERNEL32.DLL!HeapAlloc from stub at 0x0F000200
info: Win32Emu.Emulator[0]
      [Syscall] BEFORE API: Return address at 0x001FED38 = 0x00569EF2
info: Win32Emu.Emulator[0]
      Dispatching KERNEL32.DLL!HeapAlloc at EIP=0x0E000002 ESP=0x001FED38 stack=F2 9E 56 00 40 20 00 01 00 00 00 00 10 00 00 00
info: Win32Emu.Emulator[0]
      [ProcessEnv] VirtualAlloc(lp=0x00000000, size=0x00000010, alloc=0x00001000, prot=0x00000004)
info: Win32Emu.Emulator[0]
      [ProcessEnv] VirtualAlloc: allocated at 0x01027000, size=0x00001000, reserve=False, commit=True, topDown=False
info: Win32Emu.Emulator[0]
      [Dispatcher] KERNEL32.DLL!HeapAlloc returned 0x01027000, argBytes=12
info: Win32Emu.Emulator[0]
      [Syscall] AFTER API: Return address at 0x001FED38 = 0x00569EF2
info: Win32Emu.Emulator[0]
      [Syscall] KERNEL32.DLL!HeapAlloc from stub at 0x0F000200
info: Win32Emu.Emulator[0]
      [Syscall] BEFORE API: Return address at 0x001FED38 = 0x00569EF2
info: Win32Emu.Emulator[0]
      Dispatching KERNEL32.DLL!HeapAlloc at EIP=0x0E000002 ESP=0x001FED38 stack=F2 9E 56 00 40 20 00 01 00 00 00 00 10 00 00 00
info: Win32Emu.Emulator[0]
      [ProcessEnv] VirtualAlloc(lp=0x00000000, size=0x00000010, alloc=0x00001000, prot=0x00000004)
info: Win32Emu.Emulator[0]
      [ProcessEnv] VirtualAlloc: allocated at 0x01028000, size=0x00001000, reserve=False, commit=True, topDown=False
info: Win32Emu.Emulator[0]
      [Dispatcher] KERNEL32.DLL!HeapAlloc returned 0x01028000, argBytes=12
info: Win32Emu.Emulator[0]
      [Syscall] AFTER API: Return address at 0x001FED38 = 0x00569EF2
info: Win32Emu.Emulator[0]
      [Syscall] KERNEL32.DLL!HeapAlloc from stub at 0x0F000200
info: Win32Emu.Emulator[0]
      [Syscall] BEFORE API: Return address at 0x001FED38 = 0x00569EF2
info: Win32Emu.Emulator[0]
      Dispatching KERNEL32.DLL!HeapAlloc at EIP=0x0E000002 ESP=0x001FED38 stack=F2 9E 56 00 40 20 00 01 00 00 00 00 10 00 00 00
info: Win32Emu.Emulator[0]
      [ProcessEnv] VirtualAlloc(lp=0x00000000, size=0x00000010, alloc=0x00001000, prot=0x00000004)
info: Win32Emu.Emulator[0]
      [ProcessEnv] VirtualAlloc: allocated at 0x01029000, size=0x00001000, reserve=False, commit=True, topDown=False
info: Win32Emu.Emulator[0]
      [Dispatcher] KERNEL32.DLL!HeapAlloc returned 0x01029000, argBytes=12
info: Win32Emu.Emulator[0]
      [Syscall] AFTER API: Return address at 0x001FED38 = 0x00569EF2
info: Win32Emu.Emulator[0]
      [Syscall] KERNEL32.DLL!HeapAlloc from stub at 0x0F000200
info: Win32Emu.Emulator[0]
      [Syscall] BEFORE API: Return address at 0x001FED38 = 0x00569EF2
info: Win32Emu.Emulator[0]
      Dispatching KERNEL32.DLL!HeapAlloc at EIP=0x0E000002 ESP=0x001FED38 stack=F2 9E 56 00 40 20 00 01 00 00 00 00 10 00 00 00
info: Win32Emu.Emulator[0]
      [ProcessEnv] VirtualAlloc(lp=0x00000000, size=0x00000010, alloc=0x00001000, prot=0x00000004)
info: Win32Emu.Emulator[0]
      [ProcessEnv] VirtualAlloc: allocated at 0x0102A000, size=0x00001000, reserve=False, commit=True, topDown=False
info: Win32Emu.Emulator[0]
      [Dispatcher] KERNEL32.DLL!HeapAlloc returned 0x0102A000, argBytes=12
info: Win32Emu.Emulator[0]
      [Syscall] AFTER API: Return address at 0x001FED38 = 0x00569EF2
info: Win32Emu.Emulator[0]
      [Syscall] KERNEL32.DLL!HeapAlloc from stub at 0x0F000200
info: Win32Emu.Emulator[0]
      [Syscall] BEFORE API: Return address at 0x001FED38 = 0x00569EF2
info: Win32Emu.Emulator[0]
      Dispatching KERNEL32.DLL!HeapAlloc at EIP=0x0E000002 ESP=0x001FED38 stack=F2 9E 56 00 40 20 00 01 00 00 00 00 10 00 00 00
info: Win32Emu.Emulator[0]
      [ProcessEnv] VirtualAlloc(lp=0x00000000, size=0x00000010, alloc=0x00001000, prot=0x00000004)
info: Win32Emu.Emulator[0]
      [ProcessEnv] VirtualAlloc: allocated at 0x0102B000, size=0x00001000, reserve=False, commit=True, topDown=False
info: Win32Emu.Emulator[0]
      [Dispatcher] KERNEL32.DLL!HeapAlloc returned 0x0102B000, argBytes=12
info: Win32Emu.Emulator[0]
      [Syscall] AFTER API: Return address at 0x001FED38 = 0x00569EF2
info: Win32Emu.Emulator[0]
      [Syscall] KERNEL32.DLL!HeapAlloc from stub at 0x0F000200
info: Win32Emu.Emulator[0]
      [Syscall] BEFORE API: Return address at 0x001FED38 = 0x00569EF2
info: Win32Emu.Emulator[0]
      Dispatching KERNEL32.DLL!HeapAlloc at EIP=0x0E000002 ESP=0x001FED38 stack=F2 9E 56 00 40 20 00 01 00 00 00 00 10 00 00 00
info: Win32Emu.Emulator[0]
      [ProcessEnv] VirtualAlloc(lp=0x00000000, size=0x00000010, alloc=0x00001000, prot=0x00000004)
info: Win32Emu.Emulator[0]
      [ProcessEnv] VirtualAlloc: allocated at 0x0102C000, size=0x00001000, reserve=False, commit=True, topDown=False
info: Win32Emu.Emulator[0]
      [Dispatcher] KERNEL32.DLL!HeapAlloc returned 0x0102C000, argBytes=12
info: Win32Emu.Emulator[0]
      [Syscall] AFTER API: Return address at 0x001FED38 = 0x00569EF2
info: Win32Emu.Emulator[0]
      [Syscall] KERNEL32.DLL!HeapAlloc from stub at 0x0F000200
info: Win32Emu.Emulator[0]
      [Syscall] BEFORE API: Return address at 0x001FED38 = 0x00569EF2
info: Win32Emu.Emulator[0]
      Dispatching KERNEL32.DLL!HeapAlloc at EIP=0x0E000002 ESP=0x001FED38 stack=F2 9E 56 00 40 20 00 01 00 00 00 00 10 00 00 00
info: Win32Emu.Emulator[0]
      [ProcessEnv] VirtualAlloc(lp=0x00000000, size=0x00000010, alloc=0x00001000, prot=0x00000004)
info: Win32Emu.Emulator[0]
      [ProcessEnv] VirtualAlloc: allocated at 0x0102D000, size=0x00001000, reserve=False, commit=True, topDown=False
info: Win32Emu.Emulator[0]
      [Dispatcher] KERNEL32.DLL!HeapAlloc returned 0x0102D000, argBytes=12
info: Win32Emu.Emulator[0]
      [Syscall] AFTER API: Return address at 0x001FED38 = 0x00569EF2
info: Win32Emu.Emulator[0]
      [Syscall] KERNEL32.DLL!HeapAlloc from stub at 0x0F000200
info: Win32Emu.Emulator[0]
      [Syscall] BEFORE API: Return address at 0x001FED38 = 0x00569EF2
info: Win32Emu.Emulator[0]
      Dispatching KERNEL32.DLL!HeapAlloc at EIP=0x0E000002 ESP=0x001FED38 stack=F2 9E 56 00 40 20 00 01 00 00 00 00 10 00 00 00
info: Win32Emu.Emulator[0]
      [ProcessEnv] VirtualAlloc(lp=0x00000000, size=0x00000010, alloc=0x00001000, prot=0x00000004)
info: Win32Emu.Emulator[0]
      [ProcessEnv] VirtualAlloc: allocated at 0x0102E000, size=0x00001000, reserve=False, commit=True, topDown=False
info: Win32Emu.Emulator[0]
      [Dispatcher] KERNEL32.DLL!HeapAlloc returned 0x0102E000, argBytes=12
info: Win32Emu.Emulator[0]
      [Syscall] AFTER API: Return address at 0x001FED38 = 0x00569EF2
info: Win32Emu.Emulator[0]
      [Syscall] KERNEL32.DLL!HeapAlloc from stub at 0x0F000200
info: Win32Emu.Emulator[0]
      [Syscall] BEFORE API: Return address at 0x001FED38 = 0x00569EF2
info: Win32Emu.Emulator[0]
      Dispatching KERNEL32.DLL!HeapAlloc at EIP=0x0E000002 ESP=0x001FED38 stack=F2 9E 56 00 40 20 00 01 00 00 00 00 10 00 00 00
info: Win32Emu.Emulator[0]
      [ProcessEnv] VirtualAlloc(lp=0x00000000, size=0x00000010, alloc=0x00001000, prot=0x00000004)
info: Win32Emu.Emulator[0]
      [ProcessEnv] VirtualAlloc: allocated at 0x0102F000, size=0x00001000, reserve=False, commit=True, topDown=False
info: Win32Emu.Emulator[0]
      [Dispatcher] KERNEL32.DLL!HeapAlloc returned 0x0102F000, argBytes=12
info: Win32Emu.Emulator[0]
      [Syscall] AFTER API: Return address at 0x001FED38 = 0x00569EF2
info: Win32Emu.Emulator[0]
      [Syscall] KERNEL32.DLL!HeapAlloc from stub at 0x0F000200
info: Win32Emu.Emulator[0]
      [Syscall] BEFORE API: Return address at 0x001FED38 = 0x00569EF2
info: Win32Emu.Emulator[0]
      Dispatching KERNEL32.DLL!HeapAlloc at EIP=0x0E000002 ESP=0x001FED38 stack=F2 9E 56 00 40 20 00 01 00 00 00 00 10 00 00 00
info: Win32Emu.Emulator[0]
      [ProcessEnv] VirtualAlloc(lp=0x00000000, size=0x00000010, alloc=0x00001000, prot=0x00000004)
info: Win32Emu.Emulator[0]
      [ProcessEnv] VirtualAlloc: allocated at 0x01030000, size=0x00001000, reserve=False, commit=True, topDown=False
info: Win32Emu.Emulator[0]
      [Dispatcher] KERNEL32.DLL!HeapAlloc returned 0x01030000, argBytes=12
info: Win32Emu.Emulator[0]
      [Syscall] AFTER API: Return address at 0x001FED38 = 0x00569EF2
info: Win32Emu.Emulator[0]
      [Syscall] KERNEL32.DLL!HeapAlloc from stub at 0x0F000200
info: Win32Emu.Emulator[0]
      [Syscall] BEFORE API: Return address at 0x001FED38 = 0x00569EF2
info: Win32Emu.Emulator[0]
      Dispatching KERNEL32.DLL!HeapAlloc at EIP=0x0E000002 ESP=0x001FED38 stack=F2 9E 56 00 40 20 00 01 00 00 00 00 10 00 00 00
info: Win32Emu.Emulator[0]
      [ProcessEnv] VirtualAlloc(lp=0x00000000, size=0x00000010, alloc=0x00001000, prot=0x00000004)
info: Win32Emu.Emulator[0]
      [ProcessEnv] VirtualAlloc: allocated at 0x01031000, size=0x00001000, reserve=False, commit=True, topDown=False
info: Win32Emu.Emulator[0]
      [Dispatcher] KERNEL32.DLL!HeapAlloc returned 0x01031000, argBytes=12
info: Win32Emu.Emulator[0]
      [Syscall] AFTER API: Return address at 0x001FED38 = 0x00569EF2
info: Win32Emu.Emulator[0]
      [Syscall] KERNEL32.DLL!GetCurrentDirectoryA from stub at 0x0F000230
info: Win32Emu.Emulator[0]
      [Syscall] BEFORE API: Return address at 0x001FEE30 = 0x00408EFF
info: Win32Emu.Emulator[0]
      Dispatching KERNEL32.DLL!GetCurrentDirectoryA at EIP=0x0E000002 ESP=0x001FEE30 stack=FF 8E 40 00 00 02 00 00 D0 00 00 00 00 00 00 00
info: Win32Emu.Emulator[0]
      [Kernel32] GetCurrentDirectoryA(512, 0x000000D0) -> "C:\cpu-z_1"
info: Win32Emu.Emulator[0]
      [Dispatcher] KERNEL32.DLL!GetCurrentDirectoryA returned 0x0000000A, argBytes=8
info: Win32Emu.Emulator[0]
      [Syscall] AFTER API: Return address at 0x001FEE30 = 0x00408EFF
info: Win32Emu.Emulator[0]
      [Syscall] KERNEL32.DLL!HeapAlloc from stub at 0x0F000200
info: Win32Emu.Emulator[0]
      [Syscall] BEFORE API: Return address at 0x001FEDD4 = 0x00569EF2
info: Win32Emu.Emulator[0]
      Dispatching KERNEL32.DLL!HeapAlloc at EIP=0x0E000002 ESP=0x001FEDD4 stack=F2 9E 56 00 40 20 00 01 00 00 00 00 50 05 00 00
info: Win32Emu.Emulator[0]
      [ProcessEnv] VirtualAlloc(lp=0x00000000, size=0x00000550, alloc=0x00001000, prot=0x00000004)
info: Win32Emu.Emulator[0]
      [ProcessEnv] VirtualAlloc: allocated at 0x01032000, size=0x00001000, reserve=False, commit=True, topDown=False
info: Win32Emu.Emulator[0]
      [Dispatcher] KERNEL32.DLL!HeapAlloc returned 0x01032000, argBytes=12
info: Win32Emu.Emulator[0]
      [Syscall] AFTER API: Return address at 0x001FEDD4 = 0x00569EF2
info: Win32Emu.Emulator[0]
      [Syscall] KERNEL32.DLL!HeapAlloc from stub at 0x0F000200
info: Win32Emu.Emulator[0]
      [Syscall] BEFORE API: Return address at 0x001FEDBC = 0x00569EF2
info: Win32Emu.Emulator[0]
      Dispatching KERNEL32.DLL!HeapAlloc at EIP=0x0E000002 ESP=0x001FEDBC stack=F2 9E 56 00 40 20 00 01 00 00 00 00 00 C0 01 00
info: Win32Emu.Emulator[0]
      [ProcessEnv] VirtualAlloc(lp=0x00000000, size=0x0001C000, alloc=0x00001000, prot=0x00000004)
info: Win32Emu.Emulator[0]
      [ProcessEnv] VirtualAlloc: allocated at 0x01033000, size=0x0001C000, reserve=False, commit=True, topDown=False
info: Win32Emu.Emulator[0]
      [Dispatcher] KERNEL32.DLL!HeapAlloc returned 0x01033000, argBytes=12
info: Win32Emu.Emulator[0]
      [Syscall] AFTER API: Return address at 0x001FEDBC = 0x00569EF2
info: Win32Emu.Emulator[0]
      [Syscall] KERNEL32.DLL!HeapAlloc from stub at 0x0F000200
info: Win32Emu.Emulator[0]
      [Syscall] BEFORE API: Return address at 0x001FEDC8 = 0x00569EF2
info: Win32Emu.Emulator[0]
      Dispatching KERNEL32.DLL!HeapAlloc at EIP=0x0E000002 ESP=0x001FEDC8 stack=F2 9E 56 00 40 20 00 01 00 00 00 00 10 02 00 00
info: Win32Emu.Emulator[0]
      [ProcessEnv] VirtualAlloc(lp=0x00000000, size=0x00000210, alloc=0x00001000, prot=0x00000004)
info: Win32Emu.Emulator[0]
      [ProcessEnv] VirtualAlloc: allocated at 0x0104F000, size=0x00001000, reserve=False, commit=True, topDown=False
info: Win32Emu.Emulator[0]
      [Dispatcher] KERNEL32.DLL!HeapAlloc returned 0x0104F000, argBytes=12
info: Win32Emu.Emulator[0]
      [Syscall] AFTER API: Return address at 0x001FEDC8 = 0x00569EF2
info: Win32Emu.Emulator[0]
      [Syscall] KERNEL32.DLL!GetModuleHandleA from stub at 0x0F000340
info: Win32Emu.Emulator[0]
      [Syscall] BEFORE API: Return address at 0x001FEE34 = 0x00408FB9
info: Win32Emu.Emulator[0]
      Dispatching KERNEL32.DLL!GetModuleHandleA at EIP=0x0E000002 ESP=0x001FEE34 stack=B9 8F 40 00 E8 E5 5E 00 00 00 00 00 68 C0 5A 00
info: Win32Emu.Emulator[0]
      [Kernel32] GetModuleHandleA called: module='??Y'
warn: Win32Emu.Emulator[0]
      [Kernel32] GetModuleHandleA: module '??Y' not found
info: Win32Emu.Emulator[0]
      [Dispatcher] KERNEL32.DLL!GetModuleHandleA returned 0x00000000, argBytes=4
info: Win32Emu.Emulator[0]
      [Syscall] AFTER API: Return address at 0x001FEE34 = 0x00408FB9
info: Win32Emu.Emulator[0]
      [Syscall] KERNEL32.DLL!GetModuleFileNameA from stub at 0x0F000380
info: Win32Emu.Emulator[0]
      [Syscall] BEFORE API: Return address at 0x001FEE2C = 0x00408FCA
info: Win32Emu.Emulator[0]
      Dispatching KERNEL32.DLL!GetModuleFileNameA at EIP=0x0E000002 ESP=0x001FEE2C stack=CA 8F 40 00 00 00 00 00 54 EE 1F 00 04 01 00 00
info: Win32Emu.Emulator[0]
      [Kernel32] GetModuleFileNameA called: h=0x00000000 lp=0x001FEE54 n=260
info: Win32Emu.Emulator[0]
      [Kernel32] GetModuleFileNameA returning 23
info: Win32Emu.Emulator[0]
      [Dispatcher] KERNEL32.DLL!GetModuleFileNameA returned 0x00000017, argBytes=12
info: Win32Emu.Emulator[0]
      [Syscall] AFTER API: Return address at 0x001FEE2C = 0x00408FCA
info: Win32Emu.Emulator[0]
      [Syscall] VERSION.DLL!GetFileVersionInfoSizeA from stub at 0x0F000010
info: Win32Emu.Emulator[0]
      [Syscall] BEFORE API: Return address at 0x001FEDCC = 0x0040B0DD
info: Win32Emu.Emulator[0]
      Dispatching VERSION.DLL!GetFileVersionInfoSizeA at EIP=0x0E000002 ESP=0x001FEDCC stack=DD B0 40 00 54 EE 1F 00 EC ED 1F 00 EC 04 00 00
info: Win32Emu.Emulator[1582473055]
      [Version] GetFileVersionInfoSizeA(filename="C:\cpu-z_1\cpuz_w9x.exe", lpdwHandle=0x001FEDEC)
info: Win32Emu.Emulator[0]
      [Dispatcher] VERSION.DLL!GetFileVersionInfoSizeA returned 0x00000400, argBytes=8
info: Win32Emu.Emulator[0]
      [Syscall] AFTER API: Return address at 0x001FEDCC = 0x0040B0DD
info: Win32Emu.Emulator[0]
      [Syscall] KERNEL32.DLL!HeapAlloc from stub at 0x0F000200
info: Win32Emu.Emulator[0]
      [Syscall] BEFORE API: Return address at 0x001FED70 = 0x00569EF2
info: Win32Emu.Emulator[0]
      Dispatching KERNEL32.DLL!HeapAlloc at EIP=0x0E000002 ESP=0x001FED70 stack=F2 9E 56 00 40 20 00 01 00 00 00 00 00 04 00 00
info: Win32Emu.Emulator[0]
      [ProcessEnv] VirtualAlloc(lp=0x00000000, size=0x00000400, alloc=0x00001000, prot=0x00000004)
info: Win32Emu.Emulator[0]
      [ProcessEnv] VirtualAlloc: allocated at 0x01050000, size=0x00001000, reserve=False, commit=True, topDown=False
info: Win32Emu.Emulator[0]
      [Dispatcher] KERNEL32.DLL!HeapAlloc returned 0x01050000, argBytes=12
info: Win32Emu.Emulator[0]
      [Syscall] AFTER API: Return address at 0x001FED70 = 0x00569EF2
info: Win32Emu.Emulator[0]
      [Syscall] VERSION.DLL!GetFileVersionInfoA from stub at 0x0F000020
info: Win32Emu.Emulator[0]
      [Syscall] BEFORE API: Return address at 0x001FEDC4 = 0x0040B0FC
info: Win32Emu.Emulator[0]
      Dispatching VERSION.DLL!GetFileVersionInfoA at EIP=0x0E000002 ESP=0x001FEDC4 stack=FC B0 40 00 54 EE 1F 00 00 00 00 00 00 04 00 00
info: Win32Emu.Emulator[1434082830]
      [Version] GetFileVersionInfoA(filename="C:\cpu-z_1\cpuz_w9x.exe", dwHandle=0x0, dwLen=1024, lpData=0x01050000)
info: Win32Emu.Emulator[0]
      [Dispatcher] VERSION.DLL!GetFileVersionInfoA returned 0x00000001, argBytes=16
info: Win32Emu.Emulator[0]
      [Syscall] AFTER API: Return address at 0x001FEDC4 = 0x0040B0FC
info: Win32Emu.Emulator[0]
      [Syscall] VERSION.DLL!VerQueryValueA from stub at 0x0F000030
info: Win32Emu.Emulator[0]
      [Syscall] BEFORE API: Return address at 0x001FEDC4 = 0x0040B119
info: Win32Emu.Emulator[0]
      Dispatching VERSION.DLL!VerQueryValueA at EIP=0x0E000002 ESP=0x001FEDC4 stack=19 B1 40 00 00 00 05 01 44 D3 5A 00 E8 ED 1F 00
info: Win32Emu.Emulator[76878502]
      [Version] VerQueryValueA(pBlock=0x01050000, lpSubBlock="\", lplpBuffer=0x001FEDE8, puLen=0x001FEE34)
info: Win32Emu.Emulator[0]
      [Dispatcher] VERSION.DLL!VerQueryValueA returned 0x00000000, argBytes=16
info: Win32Emu.Emulator[0]
      [Syscall] AFTER API: Return address at 0x001FEDC4 = 0x0040B119
info: Win32Emu.Emulator[0]
      [Syscall] KERNEL32.DLL!HeapFree from stub at 0x0F0004B0
info: Win32Emu.Emulator[0]
      [Syscall] BEFORE API: Return address at 0x001FED80 = 0x00569DB8
info: Win32Emu.Emulator[0]
      Dispatching KERNEL32.DLL!HeapFree at EIP=0x0E000002 ESP=0x001FED80 stack=B8 9D 56 00 40 20 00 01 00 00 00 00 00 00 05 01
info: Win32Emu.Emulator[0]
      [Dispatcher] KERNEL32.DLL!HeapFree returned 0x00000001, argBytes=12
info: Win32Emu.Emulator[0]
      [Syscall] AFTER API: Return address at 0x001FED80 = 0x00569DB8
info: Win32Emu.Emulator[0]
      [Syscall] KERNEL32.DLL!EnterCriticalSection from stub at 0x0F000560
info: Win32Emu.Emulator[0]
      [Syscall] BEFORE API: Return address at 0x001FEF38 = 0x005704DC
info: Win32Emu.Emulator[0]
      Dispatching KERNEL32.DLL!EnterCriticalSection at EIP=0x0E000002 ESP=0x001FEF38 stack=DC 04 57 00 E8 39 5F 00 68 C0 5A 00 FC EF 1F 00
info: Win32Emu.Emulator[0]
      [Kernel32] EnterCriticalSection(0x005F39E8)
info: Win32Emu.Emulator[0]
      [Dispatcher] KERNEL32.DLL!EnterCriticalSection returned 0x00000000, argBytes=4
info: Win32Emu.Emulator[0]
      [Syscall] AFTER API: Return address at 0x001FEF38 = 0x005704DC
info: Win32Emu.Emulator[0]
      [Syscall] KERNEL32.DLL!HeapSize from stub at 0x0F000060
info: Win32Emu.Emulator[0]
      [Syscall] BEFORE API: Return address at 0x001FEF00 = 0x0056BBBD
info: Win32Emu.Emulator[0]
      Dispatching KERNEL32.DLL!HeapSize at EIP=0x0E000002 ESP=0x001FEF00 stack=BD BB 56 00 40 20 00 01 00 00 00 00 10 28 00 01
info: Win32Emu.Emulator[0]
      [Kernel32] HeapSize(hHeap=0x01002040, dwFlags=0x00000000, lpMem=0x01002810)
info: Win32Emu.Emulator[0]
      [Kernel32] HeapSize: Block at 0x01002810 has size 128 bytes
info: Win32Emu.Emulator[0]
      [Dispatcher] KERNEL32.DLL!HeapSize returned 0x00000080, argBytes=12
info: Win32Emu.Emulator[0]
      [Syscall] AFTER API: Return address at 0x001FEF00 = 0x0056BBBD
info: Win32Emu.Emulator[0]
      [Syscall] KERNEL32.DLL!LeaveCriticalSection from stub at 0x0F000570
info: Win32Emu.Emulator[0]
      [Syscall] BEFORE API: Return address at 0x001FEF3C = 0x005704F2
info: Win32Emu.Emulator[0]
      Dispatching KERNEL32.DLL!LeaveCriticalSection at EIP=0x0E000002 ESP=0x001FEF3C stack=F2 04 57 00 E8 39 5F 00 FC EF 1F 00 6E B9 56 00
info: Win32Emu.Emulator[0]
      [Kernel32] LeaveCriticalSection(0x005F39E8)
info: Win32Emu.Emulator[0]
      [Dispatcher] KERNEL32.DLL!LeaveCriticalSection returned 0x00000000, argBytes=4
info: Win32Emu.Emulator[0]
      [Syscall] AFTER API: Return address at 0x001FEF3C = 0x005704F2
info: Win32Emu.Emulator[0]
      [Syscall] USER32.DLL!RegisterWindowMessageA from stub at 0x0F001020
info: Win32Emu.Emulator[0]
      [Syscall] BEFORE API: Return address at 0x001FEF60 = 0x0040B98B
info: Win32Emu.Emulator[0]
      Dispatching USER32.DLL!RegisterWindowMessageA at EIP=0x0E000002 ESP=0x001FEF60 stack=8B B9 40 00 3C C1 5A 00 83 B9 56 00 00 00 00 00
info: Win32Emu.Emulator[0]
      [User32] RegisterWindowMessageA: 'CPUZ_CLOSE_APP' -> 0xC000
info: Win32Emu.Emulator[0]
      [Dispatcher] USER32.DLL!RegisterWindowMessageA returned 0x0000C000, argBytes=4
info: Win32Emu.Emulator[0]
      [Syscall] AFTER API: Return address at 0x001FEF60 = 0x0040B98B
info: Win32Emu.Emulator[0]
      [Syscall] USER32.DLL!RegisterWindowMessageA from stub at 0x0F001020
info: Win32Emu.Emulator[0]
      [Syscall] BEFORE API: Return address at 0x001FEF60 = 0x0040C26B
info: Win32Emu.Emulator[0]
      Dispatching USER32.DLL!RegisterWindowMessageA at EIP=0x0E000002 ESP=0x001FEF60 stack=6B C2 40 00 3C C1 5A 00 83 B9 56 00 00 00 00 00
info: Win32Emu.Emulator[0]
      [User32] RegisterWindowMessageA: 'CPUZ_CLOSE_APP' -> 0xC000
info: Win32Emu.Emulator[0]
      [Dispatcher] USER32.DLL!RegisterWindowMessageA returned 0x0000C000, argBytes=4
info: Win32Emu.Emulator[0]
      [Syscall] AFTER API: Return address at 0x001FEF60 = 0x0040C26B
info: Win32Emu.Emulator[0]
      [Syscall] USER32.DLL!RegisterWindowMessageA from stub at 0x0F001020
info: Win32Emu.Emulator[0]
      [Syscall] BEFORE API: Return address at 0x001FEF60 = 0x0040C29B
info: Win32Emu.Emulator[0]
      Dispatching USER32.DLL!RegisterWindowMessageA at EIP=0x0E000002 ESP=0x001FEF60 stack=9B C2 40 00 3C C1 5A 00 83 B9 56 00 00 00 00 00
info: Win32Emu.Emulator[0]
      [User32] RegisterWindowMessageA: 'CPUZ_CLOSE_APP' -> 0xC000
info: Win32Emu.Emulator[0]
      [Dispatcher] USER32.DLL!RegisterWindowMessageA returned 0x0000C000, argBytes=4
info: Win32Emu.Emulator[0]
      [Syscall] AFTER API: Return address at 0x001FEF60 = 0x0040C29B
info: Win32Emu.Emulator[0]
      [Syscall] USER32.DLL!RegisterWindowMessageA from stub at 0x0F001020
info: Win32Emu.Emulator[0]
      [Syscall] BEFORE API: Return address at 0x001FEF60 = 0x0040C39B
info: Win32Emu.Emulator[0]
      Dispatching USER32.DLL!RegisterWindowMessageA at EIP=0x0E000002 ESP=0x001FEF60 stack=9B C3 40 00 3C C1 5A 00 83 B9 56 00 00 00 00 00
info: Win32Emu.Emulator[0]
      [User32] RegisterWindowMessageA: 'CPUZ_CLOSE_APP' -> 0xC000
info: Win32Emu.Emulator[0]
      [Dispatcher] USER32.DLL!RegisterWindowMessageA returned 0x0000C000, argBytes=4
info: Win32Emu.Emulator[0]
      [Syscall] AFTER API: Return address at 0x001FEF60 = 0x0040C39B
info: Win32Emu.Emulator[0]
      [Syscall] USER32.DLL!RegisterWindowMessageA from stub at 0x0F001020
info: Win32Emu.Emulator[0]
      [Syscall] BEFORE API: Return address at 0x001FEF60 = 0x0040DB7B
info: Win32Emu.Emulator[0]
      Dispatching USER32.DLL!RegisterWindowMessageA at EIP=0x0E000002 ESP=0x001FEF60 stack=7B DB 40 00 3C C1 5A 00 83 B9 56 00 00 00 00 00
info: Win32Emu.Emulator[0]
      [User32] RegisterWindowMessageA: 'CPUZ_CLOSE_APP' -> 0xC000
info: Win32Emu.Emulator[0]
      [Dispatcher] USER32.DLL!RegisterWindowMessageA returned 0x0000C000, argBytes=4
info: Win32Emu.Emulator[0]
      [Syscall] AFTER API: Return address at 0x001FEF60 = 0x0040DB7B
info: Win32Emu.Emulator[0]
      [Syscall] USER32.DLL!RegisterWindowMessageA from stub at 0x0F001020
info: Win32Emu.Emulator[0]
      [Syscall] BEFORE API: Return address at 0x001FEF60 = 0x00411C1B
info: Win32Emu.Emulator[0]
      Dispatching USER32.DLL!RegisterWindowMessageA at EIP=0x0E000002 ESP=0x001FEF60 stack=1B 1C 41 00 3C C1 5A 00 83 B9 56 00 00 00 00 00
info: Win32Emu.Emulator[0]
      [User32] RegisterWindowMessageA: 'CPUZ_CLOSE_APP' -> 0xC000
info: Win32Emu.Emulator[0]
      [Dispatcher] USER32.DLL!RegisterWindowMessageA returned 0x0000C000, argBytes=4
info: Win32Emu.Emulator[0]
      [Syscall] AFTER API: Return address at 0x001FEF60 = 0x00411C1B
info: Win32Emu.Emulator[0]
      [Syscall] USER32.DLL!RegisterWindowMessageA from stub at 0x0F001020
info: Win32Emu.Emulator[0]
      [Syscall] BEFORE API: Return address at 0x001FEF60 = 0x00413A8B
info: Win32Emu.Emulator[0]
      Dispatching USER32.DLL!RegisterWindowMessageA at EIP=0x0E000002 ESP=0x001FEF60 stack=8B 3A 41 00 3C C1 5A 00 83 B9 56 00 00 00 00 00
info: Win32Emu.Emulator[0]
      [User32] RegisterWindowMessageA: 'CPUZ_CLOSE_APP' -> 0xC000
info: Win32Emu.Emulator[0]
      [Dispatcher] USER32.DLL!RegisterWindowMessageA returned 0x0000C000, argBytes=4
info: Win32Emu.Emulator[0]
      [Syscall] AFTER API: Return address at 0x001FEF60 = 0x00413A8B
info: Win32Emu.Emulator[0]
      [Syscall] USER32.DLL!RegisterWindowMessageA from stub at 0x0F001020
info: Win32Emu.Emulator[0]
      [Syscall] BEFORE API: Return address at 0x001FEF60 = 0x0041A26B
info: Win32Emu.Emulator[0]
      Dispatching USER32.DLL!RegisterWindowMessageA at EIP=0x0E000002 ESP=0x001FEF60 stack=6B A2 41 00 3C C1 5A 00 83 B9 56 00 00 00 00 00
info: Win32Emu.Emulator[0]
      [User32] RegisterWindowMessageA: 'CPUZ_CLOSE_APP' -> 0xC000
info: Win32Emu.Emulator[0]
      [Dispatcher] USER32.DLL!RegisterWindowMessageA returned 0x0000C000, argBytes=4
info: Win32Emu.Emulator[0]
      [Syscall] AFTER API: Return address at 0x001FEF60 = 0x0041A26B
info: Win32Emu.Emulator[0]
      [Syscall] USER32.DLL!RegisterWindowMessageA from stub at 0x0F001020
info: Win32Emu.Emulator[0]
      [Syscall] BEFORE API: Return address at 0x001FEF60 = 0x0041BFBB
info: Win32Emu.Emulator[0]
      Dispatching USER32.DLL!RegisterWindowMessageA at EIP=0x0E000002 ESP=0x001FEF60 stack=BB BF 41 00 3C C1 5A 00 83 B9 56 00 00 00 00 00
info: Win32Emu.Emulator[0]
      [User32] RegisterWindowMessageA: 'CPUZ_CLOSE_APP' -> 0xC000
info: Win32Emu.Emulator[0]
      [Dispatcher] USER32.DLL!RegisterWindowMessageA returned 0x0000C000, argBytes=4
info: Win32Emu.Emulator[0]
      [Syscall] AFTER API: Return address at 0x001FEF60 = 0x0041BFBB
info: Win32Emu.Emulator[0]
      [Syscall] USER32.DLL!RegisterWindowMessageA from stub at 0x0F001020
info: Win32Emu.Emulator[0]
      [Syscall] BEFORE API: Return address at 0x001FEF60 = 0x0041D32B
info: Win32Emu.Emulator[0]
      Dispatching USER32.DLL!RegisterWindowMessageA at EIP=0x0E000002 ESP=0x001FEF60 stack=2B D3 41 00 3C C1 5A 00 83 B9 56 00 00 00 00 00
info: Win32Emu.Emulator[0]
      [User32] RegisterWindowMessageA: 'CPUZ_CLOSE_APP' -> 0xC000
info: Win32Emu.Emulator[0]
      [Dispatcher] USER32.DLL!RegisterWindowMessageA returned 0x0000C000, argBytes=4
info: Win32Emu.Emulator[0]
      [Syscall] AFTER API: Return address at 0x001FEF60 = 0x0041D32B
info: Win32Emu.Emulator[0]
      [Syscall] USER32.DLL!RegisterWindowMessageA from stub at 0x0F001020
info: Win32Emu.Emulator[0]
      [Syscall] BEFORE API: Return address at 0x001FEF60 = 0x0041DD7B
info: Win32Emu.Emulator[0]
      Dispatching USER32.DLL!RegisterWindowMessageA at EIP=0x0E000002 ESP=0x001FEF60 stack=7B DD 41 00 3C C1 5A 00 83 B9 56 00 00 00 00 00
info: Win32Emu.Emulator[0]
      [User32] RegisterWindowMessageA: 'CPUZ_CLOSE_APP' -> 0xC000
info: Win32Emu.Emulator[0]
      [Dispatcher] USER32.DLL!RegisterWindowMessageA returned 0x0000C000, argBytes=4
info: Win32Emu.Emulator[0]
      [Syscall] AFTER API: Return address at 0x001FEF60 = 0x0041DD7B
info: Win32Emu.Emulator[0]
      [Syscall] USER32.DLL!RegisterWindowMessageA from stub at 0x0F001020
info: Win32Emu.Emulator[0]
      [Syscall] BEFORE API: Return address at 0x001FEF60 = 0x0041E5AB
info: Win32Emu.Emulator[0]
      Dispatching USER32.DLL!RegisterWindowMessageA at EIP=0x0E000002 ESP=0x001FEF60 stack=AB E5 41 00 3C C1 5A 00 83 B9 56 00 00 00 00 00
info: Win32Emu.Emulator[0]
      [User32] RegisterWindowMessageA: 'CPUZ_CLOSE_APP' -> 0xC000
info: Win32Emu.Emulator[0]
      [Dispatcher] USER32.DLL!RegisterWindowMessageA returned 0x0000C000, argBytes=4
info: Win32Emu.Emulator[0]
      [Syscall] AFTER API: Return address at 0x001FEF60 = 0x0041E5AB
info: Win32Emu.Emulator[0]
      [Syscall] USER32.DLL!RegisterWindowMessageA from stub at 0x0F001020
info: Win32Emu.Emulator[0]
      [Syscall] BEFORE API: Return address at 0x001FEF60 = 0x00422C4B
info: Win32Emu.Emulator[0]
      Dispatching USER32.DLL!RegisterWindowMessageA at EIP=0x0E000002 ESP=0x001FEF60 stack=4B 2C 42 00 3C C1 5A 00 83 B9 56 00 00 00 00 00
info: Win32Emu.Emulator[0]
      [User32] RegisterWindowMessageA: 'CPUZ_CLOSE_APP' -> 0xC000
info: Win32Emu.Emulator[0]
      [Dispatcher] USER32.DLL!RegisterWindowMessageA returned 0x0000C000, argBytes=4
info: Win32Emu.Emulator[0]
      [Syscall] AFTER API: Return address at 0x001FEF60 = 0x00422C4B
info: Win32Emu.Emulator[0]
      [Syscall] USER32.DLL!RegisterWindowMessageA from stub at 0x0F001020
info: Win32Emu.Emulator[0]
      [Syscall] BEFORE API: Return address at 0x001FEF60 = 0x0042399B
info: Win32Emu.Emulator[0]
      Dispatching USER32.DLL!RegisterWindowMessageA at EIP=0x0E000002 ESP=0x001FEF60 stack=9B 39 42 00 3C C1 5A 00 83 B9 56 00 00 00 00 00
info: Win32Emu.Emulator[0]
      [User32] RegisterWindowMessageA: 'CPUZ_CLOSE_APP' -> 0xC000
info: Win32Emu.Emulator[0]
      [Dispatcher] USER32.DLL!RegisterWindowMessageA returned 0x0000C000, argBytes=4
info: Win32Emu.Emulator[0]
      [Syscall] AFTER API: Return address at 0x001FEF60 = 0x0042399B
info: Win32Emu.Emulator[0]
      [Syscall] USER32.DLL!RegisterWindowMessageA from stub at 0x0F001020
info: Win32Emu.Emulator[0]
      [Syscall] BEFORE API: Return address at 0x001FEF60 = 0x00423AFB
info: Win32Emu.Emulator[0]
      Dispatching USER32.DLL!RegisterWindowMessageA at EIP=0x0E000002 ESP=0x001FEF60 stack=FB 3A 42 00 3C C1 5A 00 83 B9 56 00 00 00 00 00
info: Win32Emu.Emulator[0]
      [User32] RegisterWindowMessageA: 'CPUZ_CLOSE_APP' -> 0xC000
info: Win32Emu.Emulator[0]
      [Dispatcher] USER32.DLL!RegisterWindowMessageA returned 0x0000C000, argBytes=4
info: Win32Emu.Emulator[0]
      [Syscall] AFTER API: Return address at 0x001FEF60 = 0x00423AFB
info: Win32Emu.Emulator[0]
      [Syscall] USER32.DLL!RegisterWindowMessageA from stub at 0x0F001020
info: Win32Emu.Emulator[0]
      [Syscall] BEFORE API: Return address at 0x001FEF60 = 0x0042745B
info: Win32Emu.Emulator[0]
      Dispatching USER32.DLL!RegisterWindowMessageA at EIP=0x0E000002 ESP=0x001FEF60 stack=5B 74 42 00 3C C1 5A 00 83 B9 56 00 00 00 00 00
info: Win32Emu.Emulator[0]
      [User32] RegisterWindowMessageA: 'CPUZ_CLOSE_APP' -> 0xC000
info: Win32Emu.Emulator[0]
      [Dispatcher] USER32.DLL!RegisterWindowMessageA returned 0x0000C000, argBytes=4
info: Win32Emu.Emulator[0]
      [Syscall] AFTER API: Return address at 0x001FEF60 = 0x0042745B
info: Win32Emu.Emulator[0]
      [Syscall] USER32.DLL!RegisterWindowMessageA from stub at 0x0F001020
info: Win32Emu.Emulator[0]
      [Syscall] BEFORE API: Return address at 0x001FEF60 = 0x00427CEB
info: Win32Emu.Emulator[0]
      Dispatching USER32.DLL!RegisterWindowMessageA at EIP=0x0E000002 ESP=0x001FEF60 stack=EB 7C 42 00 3C C1 5A 00 83 B9 56 00 00 00 00 00
info: Win32Emu.Emulator[0]
      [User32] RegisterWindowMessageA: 'CPUZ_CLOSE_APP' -> 0xC000
info: Win32Emu.Emulator[0]
      [Dispatcher] USER32.DLL!RegisterWindowMessageA returned 0x0000C000, argBytes=4
info: Win32Emu.Emulator[0]
      [Syscall] AFTER API: Return address at 0x001FEF60 = 0x00427CEB
info: Win32Emu.Emulator[0]
      [Syscall] USER32.DLL!RegisterWindowMessageA from stub at 0x0F001020
info: Win32Emu.Emulator[0]
      [Syscall] BEFORE API: Return address at 0x001FEF60 = 0x004282DB
info: Win32Emu.Emulator[0]
      Dispatching USER32.DLL!RegisterWindowMessageA at EIP=0x0E000002 ESP=0x001FEF60 stack=DB 82 42 00 3C C1 5A 00 83 B9 56 00 00 00 00 00
info: Win32Emu.Emulator[0]
      [User32] RegisterWindowMessageA: 'CPUZ_CLOSE_APP' -> 0xC000
info: Win32Emu.Emulator[0]
      [Dispatcher] USER32.DLL!RegisterWindowMessageA returned 0x0000C000, argBytes=4
info: Win32Emu.Emulator[0]
      [Syscall] AFTER API: Return address at 0x001FEF60 = 0x004282DB
info: Win32Emu.Emulator[0]
      [Syscall] USER32.DLL!RegisterWindowMessageA from stub at 0x0F001020
info: Win32Emu.Emulator[0]
      [Syscall] BEFORE API: Return address at 0x001FEF60 = 0x0042CC6B
info: Win32Emu.Emulator[0]
      Dispatching USER32.DLL!RegisterWindowMessageA at EIP=0x0E000002 ESP=0x001FEF60 stack=6B CC 42 00 3C C1 5A 00 83 B9 56 00 00 00 00 00
info: Win32Emu.Emulator[0]
      [User32] RegisterWindowMessageA: 'CPUZ_CLOSE_APP' -> 0xC000
info: Win32Emu.Emulator[0]
      [Dispatcher] USER32.DLL!RegisterWindowMessageA returned 0x0000C000, argBytes=4
info: Win32Emu.Emulator[0]
      [Syscall] AFTER API: Return address at 0x001FEF60 = 0x0042CC6B
info: Win32Emu.Emulator[0]
      [Syscall] USER32.DLL!RegisterWindowMessageA from stub at 0x0F001020
info: Win32Emu.Emulator[0]
      [Syscall] BEFORE API: Return address at 0x001FEF60 = 0x0042D7BB
info: Win32Emu.Emulator[0]
      Dispatching USER32.DLL!RegisterWindowMessageA at EIP=0x0E000002 ESP=0x001FEF60 stack=BB D7 42 00 3C C1 5A 00 83 B9 56 00 00 00 00 00
info: Win32Emu.Emulator[0]
      [User32] RegisterWindowMessageA: 'CPUZ_CLOSE_APP' -> 0xC000
info: Win32Emu.Emulator[0]
      [Dispatcher] USER32.DLL!RegisterWindowMessageA returned 0x0000C000, argBytes=4
info: Win32Emu.Emulator[0]
      [Syscall] AFTER API: Return address at 0x001FEF60 = 0x0042D7BB
info: Win32Emu.Emulator[0]
      [Syscall] USER32.DLL!RegisterWindowMessageA from stub at 0x0F001020
info: Win32Emu.Emulator[0]
      [Syscall] BEFORE API: Return address at 0x001FEF60 = 0x0042DB8B
info: Win32Emu.Emulator[0]
      Dispatching USER32.DLL!RegisterWindowMessageA at EIP=0x0E000002 ESP=0x001FEF60 stack=8B DB 42 00 3C C1 5A 00 83 B9 56 00 00 00 00 00
info: Win32Emu.Emulator[0]
      [User32] RegisterWindowMessageA: 'CPUZ_CLOSE_APP' -> 0xC000
info: Win32Emu.Emulator[0]
      [Dispatcher] USER32.DLL!RegisterWindowMessageA returned 0x0000C000, argBytes=4
info: Win32Emu.Emulator[0]
      [Syscall] AFTER API: Return address at 0x001FEF60 = 0x0042DB8B
info: Win32Emu.Emulator[0]
      [Syscall] USER32.DLL!RegisterWindowMessageA from stub at 0x0F001020
info: Win32Emu.Emulator[0]
      [Syscall] BEFORE API: Return address at 0x001FEF60 = 0x005785E4
info: Win32Emu.Emulator[0]
      Dispatching USER32.DLL!RegisterWindowMessageA at EIP=0x0E000002 ESP=0x001FEF60 stack=E4 85 57 00 7C C7 59 00 83 B9 56 00 00 00 00 00
info: Win32Emu.Emulator[0]
      [ProcessEnv] RegisterWindowMessage: 'commctrl_DragListMsg' registered as 0xC001
info: Win32Emu.Emulator[0]
      [User32] RegisterWindowMessageA: 'commctrl_DragListMsg' -> 0xC001
info: Win32Emu.Emulator[0]
      [Dispatcher] USER32.DLL!RegisterWindowMessageA returned 0x0000C001, argBytes=4
info: Win32Emu.Emulator[0]
      [Syscall] AFTER API: Return address at 0x001FEF60 = 0x005785E4
info: Win32Emu.Emulator[0]
      [Syscall] KERNEL32.DLL!EnterCriticalSection from stub at 0x0F000560
info: Win32Emu.Emulator[0]
      [Syscall] BEFORE API: Return address at 0x001FEF38 = 0x005704DC
info: Win32Emu.Emulator[0]
      Dispatching KERNEL32.DLL!EnterCriticalSection at EIP=0x0E000002 ESP=0x001FEF38 stack=DC 04 57 00 E8 39 5F 00 C4 C0 5A 00 FC EF 1F 00
info: Win32Emu.Emulator[0]
      [Kernel32] EnterCriticalSection(0x005F39E8)
info: Win32Emu.Emulator[0]
      [Dispatcher] KERNEL32.DLL!EnterCriticalSection returned 0x00000000, argBytes=4
info: Win32Emu.Emulator[0]
      [Syscall] AFTER API: Return address at 0x001FEF38 = 0x005704DC
info: Win32Emu.Emulator[0]
      [Syscall] KERNEL32.DLL!HeapSize from stub at 0x0F000060
info: Win32Emu.Emulator[0]
      [Syscall] BEFORE API: Return address at 0x001FEF00 = 0x0056BBBD
info: Win32Emu.Emulator[0]
      Dispatching KERNEL32.DLL!HeapSize at EIP=0x0E000002 ESP=0x001FEF00 stack=BD BB 56 00 40 20 00 01 00 00 00 00 10 28 00 01
info: Win32Emu.Emulator[0]
      [Kernel32] HeapSize(hHeap=0x01002040, dwFlags=0x00000000, lpMem=0x01002810)
info: Win32Emu.Emulator[0]
      [Kernel32] HeapSize: Block at 0x01002810 has size 128 bytes
info: Win32Emu.Emulator[0]
      [Dispatcher] KERNEL32.DLL!HeapSize returned 0x00000080, argBytes=12
info: Win32Emu.Emulator[0]
      [Syscall] AFTER API: Return address at 0x001FEF00 = 0x0056BBBD
info: Win32Emu.Emulator[0]
      [Syscall] KERNEL32.DLL!LeaveCriticalSection from stub at 0x0F000570
info: Win32Emu.Emulator[0]
      [Syscall] BEFORE API: Return address at 0x001FEF3C = 0x005704F2
info: Win32Emu.Emulator[0]
      Dispatching KERNEL32.DLL!LeaveCriticalSection at EIP=0x0E000002 ESP=0x001FEF3C stack=F2 04 57 00 E8 39 5F 00 FC EF 1F 00 6E B9 56 00
info: Win32Emu.Emulator[0]
      [Kernel32] LeaveCriticalSection(0x005F39E8)
info: Win32Emu.Emulator[0]
      [Dispatcher] KERNEL32.DLL!LeaveCriticalSection returned 0x00000000, argBytes=4
info: Win32Emu.Emulator[0]
      [Syscall] AFTER API: Return address at 0x001FEF3C = 0x005704F2
info: Win32Emu.Emulator[0]
      [Syscall] KERNEL32.DLL!EnterCriticalSection from stub at 0x0F000560
info: Win32Emu.Emulator[0]
      [Syscall] BEFORE API: Return address at 0x001FEF38 = 0x005704DC
info: Win32Emu.Emulator[0]
      Dispatching KERNEL32.DLL!EnterCriticalSection at EIP=0x0E000002 ESP=0x001FEF38 stack=DC 04 57 00 E8 39 5F 00 C8 C0 5A 00 FC EF 1F 00
info: Win32Emu.Emulator[0]
      [Kernel32] EnterCriticalSection(0x005F39E8)
info: Win32Emu.Emulator[0]
      [Dispatcher] KERNEL32.DLL!EnterCriticalSection returned 0x00000000, argBytes=4
info: Win32Emu.Emulator[0]
      [Syscall] AFTER API: Return address at 0x001FEF38 = 0x005704DC
info: Win32Emu.Emulator[0]
      [Syscall] KERNEL32.DLL!HeapSize from stub at 0x0F000060
info: Win32Emu.Emulator[0]
      [Syscall] BEFORE API: Return address at 0x001FEF00 = 0x0056BBBD
info: Win32Emu.Emulator[0]
      Dispatching KERNEL32.DLL!HeapSize at EIP=0x0E000002 ESP=0x001FEF00 stack=BD BB 56 00 40 20 00 01 00 00 00 00 10 28 00 01
info: Win32Emu.Emulator[0]
      [Kernel32] HeapSize(hHeap=0x01002040, dwFlags=0x00000000, lpMem=0x01002810)
info: Win32Emu.Emulator[0]
      [Kernel32] HeapSize: Block at 0x01002810 has size 128 bytes
info: Win32Emu.Emulator[0]
      [Dispatcher] KERNEL32.DLL!HeapSize returned 0x00000080, argBytes=12
info: Win32Emu.Emulator[0]
      [Syscall] AFTER API: Return address at 0x001FEF00 = 0x0056BBBD
info: Win32Emu.Emulator[0]
      [Syscall] KERNEL32.DLL!LeaveCriticalSection from stub at 0x0F000570
info: Win32Emu.Emulator[0]
      [Syscall] BEFORE API: Return address at 0x001FEF3C = 0x005704F2
info: Win32Emu.Emulator[0]
      Dispatching KERNEL32.DLL!LeaveCriticalSection at EIP=0x0E000002 ESP=0x001FEF3C stack=F2 04 57 00 E8 39 5F 00 FC EF 1F 00 6E B9 56 00
info: Win32Emu.Emulator[0]
      [Kernel32] LeaveCriticalSection(0x005F39E8)
info: Win32Emu.Emulator[0]
      [Dispatcher] KERNEL32.DLL!LeaveCriticalSection returned 0x00000000, argBytes=4
info: Win32Emu.Emulator[0]
      [Syscall] AFTER API: Return address at 0x001FEF3C = 0x005704F2
info: Win32Emu.Emulator[0]
      [Syscall] KERNEL32.DLL!EnterCriticalSection from stub at 0x0F000560
info: Win32Emu.Emulator[0]
      [Syscall] BEFORE API: Return address at 0x001FEF38 = 0x005704DC
info: Win32Emu.Emulator[0]
      Dispatching KERNEL32.DLL!EnterCriticalSection at EIP=0x0E000002 ESP=0x001FEF38 stack=DC 04 57 00 E8 39 5F 00 CC C0 5A 00 FC EF 1F 00
info: Win32Emu.Emulator[0]
      [Kernel32] EnterCriticalSection(0x005F39E8)
info: Win32Emu.Emulator[0]
      [Dispatcher] KERNEL32.DLL!EnterCriticalSection returned 0x00000000, argBytes=4
info: Win32Emu.Emulator[0]
      [Syscall] AFTER API: Return address at 0x001FEF38 = 0x005704DC
info: Win32Emu.Emulator[0]
      [Syscall] KERNEL32.DLL!HeapSize from stub at 0x0F000060
info: Win32Emu.Emulator[0]
      [Syscall] BEFORE API: Return address at 0x001FEF00 = 0x0056BBBD
info: Win32Emu.Emulator[0]
      Dispatching KERNEL32.DLL!HeapSize at EIP=0x0E000002 ESP=0x001FEF00 stack=BD BB 56 00 40 20 00 01 00 00 00 00 10 28 00 01
info: Win32Emu.Emulator[0]
      [Kernel32] HeapSize(hHeap=0x01002040, dwFlags=0x00000000, lpMem=0x01002810)
info: Win32Emu.Emulator[0]
      [Kernel32] HeapSize: Block at 0x01002810 has size 128 bytes
info: Win32Emu.Emulator[0]
      [Dispatcher] KERNEL32.DLL!HeapSize returned 0x00000080, argBytes=12
info: Win32Emu.Emulator[0]
      [Syscall] AFTER API: Return address at 0x001FEF00 = 0x0056BBBD
info: Win32Emu.Emulator[0]
      [Syscall] KERNEL32.DLL!LeaveCriticalSection from stub at 0x0F000570
info: Win32Emu.Emulator[0]
      [Syscall] BEFORE API: Return address at 0x001FEF3C = 0x005704F2
info: Win32Emu.Emulator[0]
      Dispatching KERNEL32.DLL!LeaveCriticalSection at EIP=0x0E000002 ESP=0x001FEF3C stack=F2 04 57 00 E8 39 5F 00 FC EF 1F 00 6E B9 56 00
info: Win32Emu.Emulator[0]
      [Kernel32] LeaveCriticalSection(0x005F39E8)
info: Win32Emu.Emulator[0]
      [Dispatcher] KERNEL32.DLL!LeaveCriticalSection returned 0x00000000, argBytes=4
info: Win32Emu.Emulator[0]
      [Syscall] AFTER API: Return address at 0x001FEF3C = 0x005704F2
info: Win32Emu.Emulator[0]
      [Syscall] KERNEL32.DLL!EnterCriticalSection from stub at 0x0F000560
info: Win32Emu.Emulator[0]
      [Syscall] BEFORE API: Return address at 0x001FEF38 = 0x005704DC
info: Win32Emu.Emulator[0]
      Dispatching KERNEL32.DLL!EnterCriticalSection at EIP=0x0E000002 ESP=0x001FEF38 stack=DC 04 57 00 E8 39 5F 00 D0 C0 5A 00 FC EF 1F 00
info: Win32Emu.Emulator[0]
      [Kernel32] EnterCriticalSection(0x005F39E8)
info: Win32Emu.Emulator[0]
      [Dispatcher] KERNEL32.DLL!EnterCriticalSection returned 0x00000000, argBytes=4
info: Win32Emu.Emulator[0]
      [Syscall] AFTER API: Return address at 0x001FEF38 = 0x005704DC
info: Win32Emu.Emulator[0]
      [Syscall] KERNEL32.DLL!HeapSize from stub at 0x0F000060
info: Win32Emu.Emulator[0]
      [Syscall] BEFORE API: Return address at 0x001FEF00 = 0x0056BBBD
info: Win32Emu.Emulator[0]
      Dispatching KERNEL32.DLL!HeapSize at EIP=0x0E000002 ESP=0x001FEF00 stack=BD BB 56 00 40 20 00 01 00 00 00 00 10 28 00 01
info: Win32Emu.Emulator[0]
      [Kernel32] HeapSize(hHeap=0x01002040, dwFlags=0x00000000, lpMem=0x01002810)
info: Win32Emu.Emulator[0]
      [Kernel32] HeapSize: Block at 0x01002810 has size 128 bytes
info: Win32Emu.Emulator[0]
      [Dispatcher] KERNEL32.DLL!HeapSize returned 0x00000080, argBytes=12
info: Win32Emu.Emulator[0]
      [Syscall] AFTER API: Return address at 0x001FEF00 = 0x0056BBBD
info: Win32Emu.Emulator[0]
      [Syscall] KERNEL32.DLL!LeaveCriticalSection from stub at 0x0F000570
info: Win32Emu.Emulator[0]
      [Syscall] BEFORE API: Return address at 0x001FEF3C = 0x005704F2
info: Win32Emu.Emulator[0]
      Dispatching KERNEL32.DLL!LeaveCriticalSection at EIP=0x0E000002 ESP=0x001FEF3C stack=F2 04 57 00 E8 39 5F 00 FC EF 1F 00 6E B9 56 00
info: Win32Emu.Emulator[0]
      [Kernel32] LeaveCriticalSection(0x005F39E8)
info: Win32Emu.Emulator[0]
      [Dispatcher] KERNEL32.DLL!LeaveCriticalSection returned 0x00000000, argBytes=4
info: Win32Emu.Emulator[0]
      [Syscall] AFTER API: Return address at 0x001FEF3C = 0x005704F2
info: Win32Emu.Emulator[0]
      [Syscall] KERNEL32.DLL!EnterCriticalSection from stub at 0x0F000560
info: Win32Emu.Emulator[0]
      [Syscall] BEFORE API: Return address at 0x001FEF38 = 0x005704DC
info: Win32Emu.Emulator[0]
      Dispatching KERNEL32.DLL!EnterCriticalSection at EIP=0x0E000002 ESP=0x001FEF38 stack=DC 04 57 00 E8 39 5F 00 D4 C0 5A 00 FC EF 1F 00
info: Win32Emu.Emulator[0]
      [Kernel32] EnterCriticalSection(0x005F39E8)
info: Win32Emu.Emulator[0]
      [Dispatcher] KERNEL32.DLL!EnterCriticalSection returned 0x00000000, argBytes=4
info: Win32Emu.Emulator[0]
      [Syscall] AFTER API: Return address at 0x001FEF38 = 0x005704DC
info: Win32Emu.Emulator[0]
      [Syscall] KERNEL32.DLL!HeapSize from stub at 0x0F000060
info: Win32Emu.Emulator[0]
      [Syscall] BEFORE API: Return address at 0x001FEF00 = 0x0056BBBD
info: Win32Emu.Emulator[0]
      Dispatching KERNEL32.DLL!HeapSize at EIP=0x0E000002 ESP=0x001FEF00 stack=BD BB 56 00 40 20 00 01 00 00 00 00 10 28 00 01
info: Win32Emu.Emulator[0]
      [Kernel32] HeapSize(hHeap=0x01002040, dwFlags=0x00000000, lpMem=0x01002810)
info: Win32Emu.Emulator[0]
      [Kernel32] HeapSize: Block at 0x01002810 has size 128 bytes
info: Win32Emu.Emulator[0]
      [Dispatcher] KERNEL32.DLL!HeapSize returned 0x00000080, argBytes=12
info: Win32Emu.Emulator[0]
      [Syscall] AFTER API: Return address at 0x001FEF00 = 0x0056BBBD
info: Win32Emu.Emulator[0]
      [Syscall] KERNEL32.DLL!LeaveCriticalSection from stub at 0x0F000570
info: Win32Emu.Emulator[0]
      [Syscall] BEFORE API: Return address at 0x001FEF3C = 0x005704F2
info: Win32Emu.Emulator[0]
      Dispatching KERNEL32.DLL!LeaveCriticalSection at EIP=0x0E000002 ESP=0x001FEF3C stack=F2 04 57 00 E8 39 5F 00 FC EF 1F 00 6E B9 56 00
info: Win32Emu.Emulator[0]
      [Kernel32] LeaveCriticalSection(0x005F39E8)
info: Win32Emu.Emulator[0]
      [Dispatcher] KERNEL32.DLL!LeaveCriticalSection returned 0x00000000, argBytes=4
info: Win32Emu.Emulator[0]
      [Syscall] AFTER API: Return address at 0x001FEF3C = 0x005704F2
info: Win32Emu.Emulator[0]
      [Syscall] KERNEL32.DLL!EnterCriticalSection from stub at 0x0F000560
info: Win32Emu.Emulator[0]
      [Syscall] BEFORE API: Return address at 0x001FEF38 = 0x005704DC
info: Win32Emu.Emulator[0]
      Dispatching KERNEL32.DLL!EnterCriticalSection at EIP=0x0E000002 ESP=0x001FEF38 stack=DC 04 57 00 E8 39 5F 00 D8 C0 5A 00 FC EF 1F 00
info: Win32Emu.Emulator[0]
      [Kernel32] EnterCriticalSection(0x005F39E8)
info: Win32Emu.Emulator[0]
      [Dispatcher] KERNEL32.DLL!EnterCriticalSection returned 0x00000000, argBytes=4
info: Win32Emu.Emulator[0]
      [Syscall] AFTER API: Return address at 0x001FEF38 = 0x005704DC
info: Win32Emu.Emulator[0]
      [Syscall] KERNEL32.DLL!HeapSize from stub at 0x0F000060
info: Win32Emu.Emulator[0]
      [Syscall] BEFORE API: Return address at 0x001FEF00 = 0x0056BBBD
info: Win32Emu.Emulator[0]
      Dispatching KERNEL32.DLL!HeapSize at EIP=0x0E000002 ESP=0x001FEF00 stack=BD BB 56 00 40 20 00 01 00 00 00 00 10 28 00 01
info: Win32Emu.Emulator[0]
      [Kernel32] HeapSize(hHeap=0x01002040, dwFlags=0x00000000, lpMem=0x01002810)
info: Win32Emu.Emulator[0]
      [Kernel32] HeapSize: Block at 0x01002810 has size 128 bytes
info: Win32Emu.Emulator[0]
      [Dispatcher] KERNEL32.DLL!HeapSize returned 0x00000080, argBytes=12
info: Win32Emu.Emulator[0]
      [Syscall] AFTER API: Return address at 0x001FEF00 = 0x0056BBBD
info: Win32Emu.Emulator[0]
      [Syscall] KERNEL32.DLL!LeaveCriticalSection from stub at 0x0F000570
info: Win32Emu.Emulator[0]
      [Syscall] BEFORE API: Return address at 0x001FEF3C = 0x005704F2
info: Win32Emu.Emulator[0]
      Dispatching KERNEL32.DLL!LeaveCriticalSection at EIP=0x0E000002 ESP=0x001FEF3C stack=F2 04 57 00 E8 39 5F 00 FC EF 1F 00 6E B9 56 00
info: Win32Emu.Emulator[0]
      [Kernel32] LeaveCriticalSection(0x005F39E8)
info: Win32Emu.Emulator[0]
      [Dispatcher] KERNEL32.DLL!LeaveCriticalSection returned 0x00000000, argBytes=4
info: Win32Emu.Emulator[0]
      [Syscall] AFTER API: Return address at 0x001FEF3C = 0x005704F2
info: Win32Emu.Emulator[0]
      [Syscall] KERNEL32.DLL!EnterCriticalSection from stub at 0x0F000560
info: Win32Emu.Emulator[0]
      [Syscall] BEFORE API: Return address at 0x001FEF38 = 0x005704DC
info: Win32Emu.Emulator[0]
      Dispatching KERNEL32.DLL!EnterCriticalSection at EIP=0x0E000002 ESP=0x001FEF38 stack=DC 04 57 00 E8 39 5F 00 DC C0 5A 00 FC EF 1F 00
info: Win32Emu.Emulator[0]
      [Kernel32] EnterCriticalSection(0x005F39E8)
info: Win32Emu.Emulator[0]
      [Dispatcher] KERNEL32.DLL!EnterCriticalSection returned 0x00000000, argBytes=4
info: Win32Emu.Emulator[0]
      [Syscall] AFTER API: Return address at 0x001FEF38 = 0x005704DC
info: Win32Emu.Emulator[0]
      [Syscall] KERNEL32.DLL!HeapSize from stub at 0x0F000060
info: Win32Emu.Emulator[0]
      [Syscall] BEFORE API: Return address at 0x001FEF00 = 0x0056BBBD
info: Win32Emu.Emulator[0]
      Dispatching KERNEL32.DLL!HeapSize at EIP=0x0E000002 ESP=0x001FEF00 stack=BD BB 56 00 40 20 00 01 00 00 00 00 10 28 00 01
info: Win32Emu.Emulator[0]
      [Kernel32] HeapSize(hHeap=0x01002040, dwFlags=0x00000000, lpMem=0x01002810)
info: Win32Emu.Emulator[0]
      [Kernel32] HeapSize: Block at 0x01002810 has size 128 bytes
info: Win32Emu.Emulator[0]
      [Dispatcher] KERNEL32.DLL!HeapSize returned 0x00000080, argBytes=12
info: Win32Emu.Emulator[0]
      [Syscall] AFTER API: Return address at 0x001FEF00 = 0x0056BBBD
info: Win32Emu.Emulator[0]
      [Syscall] KERNEL32.DLL!LeaveCriticalSection from stub at 0x0F000570
info: Win32Emu.Emulator[0]
      [Syscall] BEFORE API: Return address at 0x001FEF3C = 0x005704F2
info: Win32Emu.Emulator[0]
      Dispatching KERNEL32.DLL!LeaveCriticalSection at EIP=0x0E000002 ESP=0x001FEF3C stack=F2 04 57 00 E8 39 5F 00 FC EF 1F 00 6E B9 56 00
info: Win32Emu.Emulator[0]
      [Kernel32] LeaveCriticalSection(0x005F39E8)
info: Win32Emu.Emulator[0]
      [Dispatcher] KERNEL32.DLL!LeaveCriticalSection returned 0x00000000, argBytes=4
info: Win32Emu.Emulator[0]
      [Syscall] AFTER API: Return address at 0x001FEF3C = 0x005704F2
info: Win32Emu.Emulator[0]
      [Syscall] KERNEL32.DLL!EnterCriticalSection from stub at 0x0F000560
info: Win32Emu.Emulator[0]
      [Syscall] BEFORE API: Return address at 0x001FEF38 = 0x005704DC
info: Win32Emu.Emulator[0]
      Dispatching KERNEL32.DLL!EnterCriticalSection at EIP=0x0E000002 ESP=0x001FEF38 stack=DC 04 57 00 E8 39 5F 00 E0 C0 5A 00 FC EF 1F 00
info: Win32Emu.Emulator[0]
      [Kernel32] EnterCriticalSection(0x005F39E8)
info: Win32Emu.Emulator[0]
      [Dispatcher] KERNEL32.DLL!EnterCriticalSection returned 0x00000000, argBytes=4
info: Win32Emu.Emulator[0]
      [Syscall] AFTER API: Return address at 0x001FEF38 = 0x005704DC
info: Win32Emu.Emulator[0]
      [Syscall] KERNEL32.DLL!HeapSize from stub at 0x0F000060
info: Win32Emu.Emulator[0]
      [Syscall] BEFORE API: Return address at 0x001FEF00 = 0x0056BBBD
info: Win32Emu.Emulator[0]
      Dispatching KERNEL32.DLL!HeapSize at EIP=0x0E000002 ESP=0x001FEF00 stack=BD BB 56 00 40 20 00 01 00 00 00 00 10 28 00 01
info: Win32Emu.Emulator[0]
      [Kernel32] HeapSize(hHeap=0x01002040, dwFlags=0x00000000, lpMem=0x01002810)
info: Win32Emu.Emulator[0]
      [Kernel32] HeapSize: Block at 0x01002810 has size 128 bytes
info: Win32Emu.Emulator[0]
      [Dispatcher] KERNEL32.DLL!HeapSize returned 0x00000080, argBytes=12
info: Win32Emu.Emulator[0]
      [Syscall] AFTER API: Return address at 0x001FEF00 = 0x0056BBBD
info: Win32Emu.Emulator[0]
      [Syscall] KERNEL32.DLL!LeaveCriticalSection from stub at 0x0F000570
info: Win32Emu.Emulator[0]
      [Syscall] BEFORE API: Return address at 0x001FEF3C = 0x005704F2
info: Win32Emu.Emulator[0]
      Dispatching KERNEL32.DLL!LeaveCriticalSection at EIP=0x0E000002 ESP=0x001FEF3C stack=F2 04 57 00 E8 39 5F 00 FC EF 1F 00 6E B9 56 00
info: Win32Emu.Emulator[0]
      [Kernel32] LeaveCriticalSection(0x005F39E8)
info: Win32Emu.Emulator[0]
      [Dispatcher] KERNEL32.DLL!LeaveCriticalSection returned 0x00000000, argBytes=4
info: Win32Emu.Emulator[0]
      [Syscall] AFTER API: Return address at 0x001FEF3C = 0x005704F2
info: Win32Emu.Emulator[0]
      [Syscall] KERNEL32.DLL!GetVersion from stub at 0x0F000630
info: Win32Emu.Emulator[0]
      [Syscall] BEFORE API: Return address at 0x001FEF54 = 0x0057F7EC
info: Win32Emu.Emulator[0]
      Dispatching KERNEL32.DLL!GetVersion at EIP=0x0E000002 ESP=0x001FEF54 stack=EC F7 57 00 00 00 00 00 E4 C0 5A 00 00 00 00 00
info: Win32Emu.Emulator[0]
      [Dispatcher] KERNEL32.DLL!GetVersion returned 0x040003B6, argBytes=0
info: Win32Emu.Emulator[0]
      [Syscall] AFTER API: Return address at 0x001FEF54 = 0x0057F7EC
info: Win32Emu.Emulator[0]
      [Syscall] KERNEL32.DLL!GetProcessVersion from stub at 0x0F0005E0
info: Win32Emu.Emulator[0]
      [Syscall] BEFORE API: Return address at 0x001FEF50 = 0x0057F829
info: Win32Emu.Emulator[0]
      Dispatching KERNEL32.DLL!GetProcessVersion at EIP=0x0E000002 ESP=0x001FEF50 stack=29 F8 57 00 00 00 00 00 00 00 00 00 E4 C0 5A 00
info: Win32Emu.Emulator[0]
      [Kernel32] GetProcessVersion(ProcessId=0)
info: Win32Emu.Emulator[0]
      [Dispatcher] KERNEL32.DLL!GetProcessVersion returned 0x04005A00, argBytes=4
info: Win32Emu.Emulator[0]
      [Syscall] AFTER API: Return address at 0x001FEF50 = 0x0057F829
info: Win32Emu.Emulator[0]
      [Syscall] USER32.DLL!GetSystemMetrics from stub at 0x0F000DC0
info: Win32Emu.Emulator[0]
      [Syscall] BEFORE API: Return address at 0x001FEF40 = 0x0057CE36
info: Win32Emu.Emulator[0]
      Dispatching USER32.DLL!GetSystemMetrics at EIP=0x0E000002 ESP=0x001FEF40 stack=36 CE 57 00 0B 00 00 00 00 00 00 00 D8 34 5F 00
info: Win32Emu.Emulator[0]
      [User32] GetSystemMetrics: nIndex=SM_CXICON
info: Win32Emu.Emulator[0]
      [User32] GetSystemMetrics: Returning SM_CXICON (11): 0
info: Win32Emu.Emulator[0]
      [Dispatcher] USER32.DLL!GetSystemMetrics returned 0x00000000, argBytes=4
info: Win32Emu.Emulator[0]
      [Syscall] AFTER API: Return address at 0x001FEF40 = 0x0057CE36
info: Win32Emu.Emulator[0]
      [Syscall] USER32.DLL!GetSystemMetrics from stub at 0x0F000DC0
info: Win32Emu.Emulator[0]
      [Syscall] BEFORE API: Return address at 0x001FEF40 = 0x0057CE3D
info: Win32Emu.Emulator[0]
      Dispatching USER32.DLL!GetSystemMetrics at EIP=0x0E000002 ESP=0x001FEF40 stack=3D CE 57 00 0C 00 00 00 00 00 00 00 D8 34 5F 00
info: Win32Emu.Emulator[0]
      [User32] GetSystemMetrics: nIndex=SM_CYICON
info: Win32Emu.Emulator[0]
      [User32] GetSystemMetrics: Returning SM_CYICON (12): 0
info: Win32Emu.Emulator[0]
      [Dispatcher] USER32.DLL!GetSystemMetrics returned 0x00000000, argBytes=4
info: Win32Emu.Emulator[0]
      [Syscall] AFTER API: Return address at 0x001FEF40 = 0x0057CE3D
info: Win32Emu.Emulator[0]
      [Syscall] USER32.DLL!GetSystemMetrics from stub at 0x0F000DC0
info: Win32Emu.Emulator[0]
      [Syscall] BEFORE API: Return address at 0x001FEF38 = 0x0057F7A3
info: Win32Emu.Emulator[0]
      Dispatching USER32.DLL!GetSystemMetrics at EIP=0x0E000002 ESP=0x001FEF38 stack=A3 F7 57 00 02 00 00 00 D8 34 5F 00 4B CE 57 00
info: Win32Emu.Emulator[0]
      [User32] GetSystemMetrics: nIndex=SM_CXVSCROLL
info: Win32Emu.Emulator[0]
      [User32] GetSystemMetrics: Returning SM_CXVSCROLL (2): 0
info: Win32Emu.Emulator[0]
      [Dispatcher] USER32.DLL!GetSystemMetrics returned 0x00000000, argBytes=4
info: Win32Emu.Emulator[0]
      [Syscall] AFTER API: Return address at 0x001FEF38 = 0x0057F7A3
info: Win32Emu.Emulator[0]
      [Syscall] USER32.DLL!GetSystemMetrics from stub at 0x0F000DC0
info: Win32Emu.Emulator[0]
      [Syscall] BEFORE API: Return address at 0x001FEF38 = 0x0057F7AD
info: Win32Emu.Emulator[0]
      Dispatching USER32.DLL!GetSystemMetrics at EIP=0x0E000002 ESP=0x001FEF38 stack=AD F7 57 00 03 00 00 00 D8 34 5F 00 4B CE 57 00
info: Win32Emu.Emulator[0]
      [User32] GetSystemMetrics: nIndex=SM_CYHSCROLL
info: Win32Emu.Emulator[0]
      [User32] GetSystemMetrics: Returning SM_CYHSCROLL (3): 0
info: Win32Emu.Emulator[0]
      [Dispatcher] USER32.DLL!GetSystemMetrics returned 0x00000000, argBytes=4
info: Win32Emu.Emulator[0]
      [Syscall] AFTER API: Return address at 0x001FEF38 = 0x0057F7AD
info: Win32Emu.Emulator[0]
      [Syscall] USER32.DLL!GetDC from stub at 0x0F000ED0
info: Win32Emu.Emulator[0]
      [Syscall] BEFORE API: Return address at 0x001FEF40 = 0x0057CE5A
info: Win32Emu.Emulator[0]
      Dispatching USER32.DLL!GetDC at EIP=0x0E000002 ESP=0x001FEF40 stack=5A CE 57 00 00 00 00 00 00 00 00 00 D8 34 5F 00
info: Win32Emu.Emulator[0]
      [User32] GetDC: HWND=0x00000000 -> HDC=0x00001000
info: Win32Emu.Emulator[0]
      [Dispatcher] USER32.DLL!GetDC returned 0x00001000, argBytes=4
info: Win32Emu.Emulator[0]
      [Syscall] AFTER API: Return address at 0x001FEF40 = 0x0057CE5A
info: Win32Emu.Emulator[0]
      [Syscall] GDI32.DLL!GetDeviceCaps from stub at 0x0F0012D0
info: Win32Emu.Emulator[0]
      [Syscall] BEFORE API: Return address at 0x001FEF3C = 0x0057CE67
info: Win32Emu.Emulator[0]
      Dispatching GDI32.DLL!GetDeviceCaps at EIP=0x0E000002 ESP=0x001FEF3C stack=67 CE 57 00 00 10 00 00 58 00 00 00 00 00 00 00
info: Win32Emu.Emulator[0]
      [Gdi32] GetDeviceCaps(HDC=0x00001000, nIndex=88)
info: Win32Emu.Emulator[0]
      [Dispatcher] GDI32.DLL!GetDeviceCaps returned 0x00000060, argBytes=8
info: Win32Emu.Emulator[0]
      [Syscall] AFTER API: Return address at 0x001FEF3C = 0x0057CE67
info: Win32Emu.Emulator[0]
      [Syscall] GDI32.DLL!GetDeviceCaps from stub at 0x0F0012D0
info: Win32Emu.Emulator[0]
      [Syscall] BEFORE API: Return address at 0x001FEF3C = 0x0057CE6F
info: Win32Emu.Emulator[0]
      Dispatching GDI32.DLL!GetDeviceCaps at EIP=0x0E000002 ESP=0x001FEF3C stack=6F CE 57 00 00 10 00 00 5A 00 00 00 00 00 00 00
info: Win32Emu.Emulator[0]
      [Gdi32] GetDeviceCaps(HDC=0x00001000, nIndex=90)
info: Win32Emu.Emulator[0]
      [Dispatcher] GDI32.DLL!GetDeviceCaps returned 0x00000060, argBytes=8
info: Win32Emu.Emulator[0]
      [Syscall] AFTER API: Return address at 0x001FEF3C = 0x0057CE6F
info: Win32Emu.Emulator[0]
      [Syscall] USER32.DLL!ReleaseDC from stub at 0x0F000EE0
info: Win32Emu.Emulator[0]
      [Syscall] BEFORE API: Return address at 0x001FEF3C = 0x0057CE7B
info: Win32Emu.Emulator[0]
      Dispatching USER32.DLL!ReleaseDC at EIP=0x0E000002 ESP=0x001FEF3C stack=7B CE 57 00 00 00 00 00 00 10 00 00 00 00 00 00
info: Win32Emu.Emulator[0]
      [User32] ReleaseDC: HWND=0x00000000 HDC=0x00001000
info: Win32Emu.Emulator[0]
      [Dispatcher] USER32.DLL!ReleaseDC returned 0x00000001, argBytes=8
info: Win32Emu.Emulator[0]
      [Syscall] AFTER API: Return address at 0x001FEF3C = 0x0057CE7B
info: Win32Emu.Emulator[0]
      [Syscall] USER32.DLL!GetSysColor from stub at 0x0F000E30
info: Win32Emu.Emulator[0]
      [Syscall] BEFORE API: Return address at 0x001FEF44 = 0x0057CDF1
info: Win32Emu.Emulator[0]
      Dispatching USER32.DLL!GetSysColor at EIP=0x0E000002 ESP=0x001FEF44 stack=F1 CD 57 00 0F 00 00 00 00 00 00 00 D8 34 5F 00
info: Win32Emu.Emulator[0]
      [User32] GetSysColor(nIndex=15)
info: Win32Emu.Emulator[0]
      [Dispatcher] USER32.DLL!GetSysColor returned 0xFFFFFFFF, argBytes=4
info: Win32Emu.Emulator[0]
      [Syscall] AFTER API: Return address at 0x001FEF44 = 0x0057CDF1
info: Win32Emu.Emulator[0]
      [Syscall] USER32.DLL!GetSysColor from stub at 0x0F000E30
info: Win32Emu.Emulator[0]
      [Syscall] BEFORE API: Return address at 0x001FEF44 = 0x0057CDF8
info: Win32Emu.Emulator[0]
      Dispatching USER32.DLL!GetSysColor at EIP=0x0E000002 ESP=0x001FEF44 stack=F8 CD 57 00 10 00 00 00 00 00 00 00 D8 34 5F 00
info: Win32Emu.Emulator[0]
      [User32] GetSysColor(nIndex=16)
info: Win32Emu.Emulator[0]
      [Dispatcher] USER32.DLL!GetSysColor returned 0xFFFFFFFF, argBytes=4
info: Win32Emu.Emulator[0]
      [Syscall] AFTER API: Return address at 0x001FEF44 = 0x0057CDF8
info: Win32Emu.Emulator[0]
      [Syscall] USER32.DLL!GetSysColor from stub at 0x0F000E30
info: Win32Emu.Emulator[0]
      [Syscall] BEFORE API: Return address at 0x001FEF44 = 0x0057CDFF
info: Win32Emu.Emulator[0]
      Dispatching USER32.DLL!GetSysColor at EIP=0x0E000002 ESP=0x001FEF44 stack=FF CD 57 00 14 00 00 00 00 00 00 00 D8 34 5F 00
info: Win32Emu.Emulator[0]
      [User32] GetSysColor(nIndex=20)
info: Win32Emu.Emulator[0]
      [Dispatcher] USER32.DLL!GetSysColor returned 0xFFFFFFFF, argBytes=4
info: Win32Emu.Emulator[0]
      [Syscall] AFTER API: Return address at 0x001FEF44 = 0x0057CDFF
info: Win32Emu.Emulator[0]
      [Syscall] USER32.DLL!GetSysColor from stub at 0x0F000E30
info: Win32Emu.Emulator[0]
      [Syscall] BEFORE API: Return address at 0x001FEF44 = 0x0057CE06
info: Win32Emu.Emulator[0]
      Dispatching USER32.DLL!GetSysColor at EIP=0x0E000002 ESP=0x001FEF44 stack=06 CE 57 00 12 00 00 00 00 00 00 00 D8 34 5F 00
info: Win32Emu.Emulator[0]
      [User32] GetSysColor(nIndex=18)
info: Win32Emu.Emulator[0]
      [Dispatcher] USER32.DLL!GetSysColor returned 0xFFFFFFFF, argBytes=4
info: Win32Emu.Emulator[0]
      [Syscall] AFTER API: Return address at 0x001FEF44 = 0x0057CE06
info: Win32Emu.Emulator[0]
      [Syscall] USER32.DLL!GetSysColor from stub at 0x0F000E30
info: Win32Emu.Emulator[0]
      [Syscall] BEFORE API: Return address at 0x001FEF44 = 0x0057CE0D
info: Win32Emu.Emulator[0]
      Dispatching USER32.DLL!GetSysColor at EIP=0x0E000002 ESP=0x001FEF44 stack=0D CE 57 00 06 00 00 00 00 00 00 00 D8 34 5F 00
info: Win32Emu.Emulator[0]
      [User32] GetSysColor(nIndex=6)
info: Win32Emu.Emulator[0]
      [Dispatcher] USER32.DLL!GetSysColor returned 0xFFFFFFFF, argBytes=4
info: Win32Emu.Emulator[0]
      [Syscall] AFTER API: Return address at 0x001FEF44 = 0x0057CE0D
info: Win32Emu.Emulator[0]
      [Syscall] USER32.DLL!GetSysColorBrush from stub at 0x0F0008B0
info: Win32Emu.Emulator[0]
      [Syscall] BEFORE API: Return address at 0x001FEF44 = 0x0057CE1A
info: Win32Emu.Emulator[0]
      Dispatching USER32.DLL!GetSysColorBrush at EIP=0x0E000002 ESP=0x001FEF44 stack=1A CE 57 00 0F 00 00 00 00 00 00 00 D8 34 5F 00
info: Win32Emu.Emulator[0]
      [User32] GetSysColorBrush(nIndex=15)
info: Win32Emu.Emulator[0]
      [Dispatcher] USER32.DLL!GetSysColorBrush returned 0x0BF50000, argBytes=4
info: Win32Emu.Emulator[0]
      [Syscall] AFTER API: Return address at 0x001FEF44 = 0x0057CE1A
info: Win32Emu.Emulator[0]
      [Syscall] USER32.DLL!GetSysColorBrush from stub at 0x0F0008B0
info: Win32Emu.Emulator[0]
      [Syscall] BEFORE API: Return address at 0x001FEF44 = 0x0057CE21
info: Win32Emu.Emulator[0]
      Dispatching USER32.DLL!GetSysColorBrush at EIP=0x0E000002 ESP=0x001FEF44 stack=21 CE 57 00 06 00 00 00 00 00 00 00 D8 34 5F 00
info: Win32Emu.Emulator[0]
      [User32] GetSysColorBrush(nIndex=6)
info: Win32Emu.Emulator[0]
      [Dispatcher] USER32.DLL!GetSysColorBrush returned 0x0BF50000, argBytes=4
info: Win32Emu.Emulator[0]
      [Syscall] AFTER API: Return address at 0x001FEF44 = 0x0057CE21
info: Win32Emu.Emulator[0]
      [Syscall] USER32.DLL!LoadCursorA from stub at 0x0F0008A0
info: Win32Emu.Emulator[0]
      [Syscall] BEFORE API: Return address at 0x001FEF4C = 0x0057F853
info: Win32Emu.Emulator[0]
      Dispatching USER32.DLL!LoadCursorA at EIP=0x0E000002 ESP=0x001FEF4C stack=53 F8 57 00 00 00 00 00 02 7F 00 00 00 00 00 00
info: Win32Emu.Emulator[0]
      [User32] LoadCursorA: hInstance=0x00000000 lpCursorName=0x00007F02
info: Win32Emu.Emulator[0]
      [Dispatcher] USER32.DLL!LoadCursorA returned 0x00017F02, argBytes=8
info: Win32Emu.Emulator[0]
      [Syscall] AFTER API: Return address at 0x001FEF4C = 0x0057F853
info: Win32Emu.Emulator[0]
      [Syscall] USER32.DLL!LoadCursorA from stub at 0x0F0008A0
info: Win32Emu.Emulator[0]
      [Syscall] BEFORE API: Return address at 0x001FEF4C = 0x0057F85E
info: Win32Emu.Emulator[0]
      Dispatching USER32.DLL!LoadCursorA at EIP=0x0E000002 ESP=0x001FEF4C stack=5E F8 57 00 00 00 00 00 00 7F 00 00 00 00 00 00
info: Win32Emu.Emulator[0]
      [User32] LoadCursorA: hInstance=0x00000000 lpCursorName=0x00007F00
info: Win32Emu.Emulator[0]
      [Dispatcher] USER32.DLL!LoadCursorA returned 0x00017F00, argBytes=8
info: Win32Emu.Emulator[0]
      [Syscall] AFTER API: Return address at 0x001FEF4C = 0x0057F85E
info: Win32Emu.Emulator[0]
      [Syscall] KERNEL32.DLL!EnterCriticalSection from stub at 0x0F000560
info: Win32Emu.Emulator[0]
      [Syscall] BEFORE API: Return address at 0x001FEF38 = 0x005704DC
info: Win32Emu.Emulator[0]
      Dispatching KERNEL32.DLL!EnterCriticalSection at EIP=0x0E000002 ESP=0x001FEF38 stack=DC 04 57 00 E8 39 5F 00 E4 C0 5A 00 FC EF 1F 00
info: Win32Emu.Emulator[0]
      [Kernel32] EnterCriticalSection(0x005F39E8)
info: Win32Emu.Emulator[0]
      [Dispatcher] KERNEL32.DLL!EnterCriticalSection returned 0x00000000, argBytes=4
info: Win32Emu.Emulator[0]
      [Syscall] AFTER API: Return address at 0x001FEF38 = 0x005704DC
info: Win32Emu.Emulator[0]
      [Syscall] KERNEL32.DLL!HeapSize from stub at 0x0F000060
info: Win32Emu.Emulator[0]
      [Syscall] BEFORE API: Return address at 0x001FEF00 = 0x0056BBBD
info: Win32Emu.Emulator[0]
      Dispatching KERNEL32.DLL!HeapSize at EIP=0x0E000002 ESP=0x001FEF00 stack=BD BB 56 00 40 20 00 01 00 00 00 00 10 28 00 01
info: Win32Emu.Emulator[0]
      [Kernel32] HeapSize(hHeap=0x01002040, dwFlags=0x00000000, lpMem=0x01002810)
info: Win32Emu.Emulator[0]
      [Kernel32] HeapSize: Block at 0x01002810 has size 128 bytes
info: Win32Emu.Emulator[0]
      [Dispatcher] KERNEL32.DLL!HeapSize returned 0x00000080, argBytes=12
info: Win32Emu.Emulator[0]
      [Syscall] AFTER API: Return address at 0x001FEF00 = 0x0056BBBD
info: Win32Emu.Emulator[0]
      [Syscall] KERNEL32.DLL!LeaveCriticalSection from stub at 0x0F000570
info: Win32Emu.Emulator[0]
      [Syscall] BEFORE API: Return address at 0x001FEF3C = 0x005704F2
info: Win32Emu.Emulator[0]
      Dispatching KERNEL32.DLL!LeaveCriticalSection at EIP=0x0E000002 ESP=0x001FEF3C stack=F2 04 57 00 E8 39 5F 00 FC EF 1F 00 6E B9 56 00
info: Win32Emu.Emulator[0]
      [Kernel32] LeaveCriticalSection(0x005F39E8)
info: Win32Emu.Emulator[0]
      [Dispatcher] KERNEL32.DLL!LeaveCriticalSection returned 0x00000000, argBytes=4
info: Win32Emu.Emulator[0]
      [Syscall] AFTER API: Return address at 0x001FEF3C = 0x005704F2
info: Win32Emu.Emulator[0]
      [Syscall] KERNEL32.DLL!EnterCriticalSection from stub at 0x0F000560
info: Win32Emu.Emulator[0]
      [Syscall] BEFORE API: Return address at 0x001FEF38 = 0x005704DC
info: Win32Emu.Emulator[0]
      Dispatching KERNEL32.DLL!EnterCriticalSection at EIP=0x0E000002 ESP=0x001FEF38 stack=DC 04 57 00 E8 39 5F 00 E8 C0 5A 00 FC EF 1F 00
info: Win32Emu.Emulator[0]
      [Kernel32] EnterCriticalSection(0x005F39E8)
info: Win32Emu.Emulator[0]
      [Dispatcher] KERNEL32.DLL!EnterCriticalSection returned 0x00000000, argBytes=4
info: Win32Emu.Emulator[0]
      [Syscall] AFTER API: Return address at 0x001FEF38 = 0x005704DC
info: Win32Emu.Emulator[0]
      [Syscall] KERNEL32.DLL!HeapSize from stub at 0x0F000060
info: Win32Emu.Emulator[0]
      [Syscall] BEFORE API: Return address at 0x001FEF00 = 0x0056BBBD
info: Win32Emu.Emulator[0]
      Dispatching KERNEL32.DLL!HeapSize at EIP=0x0E000002 ESP=0x001FEF00 stack=BD BB 56 00 40 20 00 01 00 00 00 00 10 28 00 01
info: Win32Emu.Emulator[0]
      [Kernel32] HeapSize(hHeap=0x01002040, dwFlags=0x00000000, lpMem=0x01002810)
info: Win32Emu.Emulator[0]
      [Kernel32] HeapSize: Block at 0x01002810 has size 128 bytes
info: Win32Emu.Emulator[0]
      [Dispatcher] KERNEL32.DLL!HeapSize returned 0x00000080, argBytes=12
info: Win32Emu.Emulator[0]
      [Syscall] AFTER API: Return address at 0x001FEF00 = 0x0056BBBD
info: Win32Emu.Emulator[0]
      [Syscall] KERNEL32.DLL!LeaveCriticalSection from stub at 0x0F000570
info: Win32Emu.Emulator[0]
      [Syscall] BEFORE API: Return address at 0x001FEF3C = 0x005704F2
info: Win32Emu.Emulator[0]
      Dispatching KERNEL32.DLL!LeaveCriticalSection at EIP=0x0E000002 ESP=0x001FEF3C stack=F2 04 57 00 E8 39 5F 00 FC EF 1F 00 6E B9 56 00
info: Win32Emu.Emulator[0]
      [Kernel32] LeaveCriticalSection(0x005F39E8)
info: Win32Emu.Emulator[0]
      [Dispatcher] KERNEL32.DLL!LeaveCriticalSection returned 0x00000000, argBytes=4
info: Win32Emu.Emulator[0]
      [Syscall] AFTER API: Return address at 0x001FEF3C = 0x005704F2
info: Win32Emu.Emulator[0]
      [Syscall] KERNEL32.DLL!EnterCriticalSection from stub at 0x0F000560
info: Win32Emu.Emulator[0]
      [Syscall] BEFORE API: Return address at 0x001FEF38 = 0x005704DC
info: Win32Emu.Emulator[0]
      Dispatching KERNEL32.DLL!EnterCriticalSection at EIP=0x0E000002 ESP=0x001FEF38 stack=DC 04 57 00 E8 39 5F 00 EC C0 5A 00 FC EF 1F 00
info: Win32Emu.Emulator[0]
      [Kernel32] EnterCriticalSection(0x005F39E8)
info: Win32Emu.Emulator[0]
      [Dispatcher] KERNEL32.DLL!EnterCriticalSection returned 0x00000000, argBytes=4
info: Win32Emu.Emulator[0]
      [Syscall] AFTER API: Return address at 0x001FEF38 = 0x005704DC
info: Win32Emu.Emulator[0]
      [Syscall] KERNEL32.DLL!HeapSize from stub at 0x0F000060
info: Win32Emu.Emulator[0]
      [Syscall] BEFORE API: Return address at 0x001FEF00 = 0x0056BBBD
info: Win32Emu.Emulator[0]
      Dispatching KERNEL32.DLL!HeapSize at EIP=0x0E000002 ESP=0x001FEF00 stack=BD BB 56 00 40 20 00 01 00 00 00 00 10 28 00 01
info: Win32Emu.Emulator[0]
      [Kernel32] HeapSize(hHeap=0x01002040, dwFlags=0x00000000, lpMem=0x01002810)
info: Win32Emu.Emulator[0]
      [Kernel32] HeapSize: Block at 0x01002810 has size 128 bytes
info: Win32Emu.Emulator[0]
      [Dispatcher] KERNEL32.DLL!HeapSize returned 0x00000080, argBytes=12
info: Win32Emu.Emulator[0]
      [Syscall] AFTER API: Return address at 0x001FEF00 = 0x0056BBBD
info: Win32Emu.Emulator[0]
      [Syscall] KERNEL32.DLL!LeaveCriticalSection from stub at 0x0F000570
info: Win32Emu.Emulator[0]
      [Syscall] BEFORE API: Return address at 0x001FEF3C = 0x005704F2
info: Win32Emu.Emulator[0]
      Dispatching KERNEL32.DLL!LeaveCriticalSection at EIP=0x0E000002 ESP=0x001FEF3C stack=F2 04 57 00 E8 39 5F 00 FC EF 1F 00 6E B9 56 00
info: Win32Emu.Emulator[0]
      [Kernel32] LeaveCriticalSection(0x005F39E8)
info: Win32Emu.Emulator[0]
      [Dispatcher] KERNEL32.DLL!LeaveCriticalSection returned 0x00000000, argBytes=4
info: Win32Emu.Emulator[0]
      [Syscall] AFTER API: Return address at 0x001FEF3C = 0x005704F2
info: Win32Emu.Emulator[0]
      [Syscall] KERNEL32.DLL!GetOEMCP from stub at 0x0F000510
info: Win32Emu.Emulator[0]
      [Syscall] BEFORE API: Return address at 0x001FEF44 = 0x0057FF9D
info: Win32Emu.Emulator[0]
      Dispatching KERNEL32.DLL!GetOEMCP at EIP=0x0E000002 ESP=0x001FEF44 stack=9D FF 57 00 4C EF 1F 00 0D 00 00 00 3F 9B 56 00
info: Win32Emu.Emulator[0]
      [Dispatcher] KERNEL32.DLL!GetOEMCP returned 0x000001B5, argBytes=0
info: Win32Emu.Emulator[0]
      [Syscall] AFTER API: Return address at 0x001FEF44 = 0x0057FF9D
info: Win32Emu.Emulator[0]
      [Syscall] KERNEL32.DLL!GetCPInfo from stub at 0x0F000520
info: Win32Emu.Emulator[0]
      [Syscall] BEFORE API: Return address at 0x001FEF40 = 0x0057FFA4
info: Win32Emu.Emulator[0]
      Dispatching KERNEL32.DLL!GetCPInfo at EIP=0x0E000002 ESP=0x001FEF40 stack=A4 FF 57 00 B5 01 00 00 4C EF 1F 00 0D 00 00 00
info: Win32Emu.Emulator[0]
      [Kernel32] GetCPInfo called: codePage=Oem437 lpCpInfo=0x001FEF4C
info: Win32Emu.Emulator[0]
      [Kernel32] GetCPInfo: actualCodePage=Oem437
info: Win32Emu.Emulator[0]
      [Dispatcher] KERNEL32.DLL!GetCPInfo returned 0x00000001, argBytes=8
info: Win32Emu.Emulator[0]
      [Syscall] AFTER API: Return address at 0x001FEF40 = 0x0057FFA4
info: Win32Emu.Emulator[0]
      [Syscall] KERNEL32.DLL!GetVersion from stub at 0x0F000630
info: Win32Emu.Emulator[0]
      [Syscall] BEFORE API: Return address at 0x001FEF5C = 0x0057E94A
info: Win32Emu.Emulator[0]
      Dispatching KERNEL32.DLL!GetVersion at EIP=0x0E000002 ESP=0x001FEF5C stack=4A E9 57 00 00 00 00 00 F8 C0 5A 00 83 B9 56 00
info: Win32Emu.Emulator[0]
      [Dispatcher] KERNEL32.DLL!GetVersion returned 0x040003B6, argBytes=0
info: Win32Emu.Emulator[0]
      [Syscall] AFTER API: Return address at 0x001FEF5C = 0x0057E94A
info: Win32Emu.Emulator[0]
      [Syscall] KERNEL32.DLL!GetVersion from stub at 0x0F000630
info: Win32Emu.Emulator[0]
      [Syscall] BEFORE API: Return address at 0x001FEF5C = 0x0057E95D
info: Win32Emu.Emulator[0]
      Dispatching KERNEL32.DLL!GetVersion at EIP=0x0E000002 ESP=0x001FEF5C stack=5D E9 57 00 00 00 00 00 F8 C0 5A 00 83 B9 56 00
info: Win32Emu.Emulator[0]
      [Dispatcher] KERNEL32.DLL!GetVersion returned 0x040003B6, argBytes=0
info: Win32Emu.Emulator[0]
      [Syscall] AFTER API: Return address at 0x001FEF5C = 0x0057E95D
info: Win32Emu.Emulator[0]
      [Syscall] KERNEL32.DLL!GetVersion from stub at 0x0F000630
info: Win32Emu.Emulator[0]
      [Syscall] BEFORE API: Return address at 0x001FEF5C = 0x0057E963
info: Win32Emu.Emulator[0]
      Dispatching KERNEL32.DLL!GetVersion at EIP=0x0E000002 ESP=0x001FEF5C stack=63 E9 57 00 00 00 00 00 F8 C0 5A 00 83 B9 56 00
info: Win32Emu.Emulator[0]
      [Dispatcher] KERNEL32.DLL!GetVersion returned 0x040003B6, argBytes=0
info: Win32Emu.Emulator[0]
      [Syscall] AFTER API: Return address at 0x001FEF5C = 0x0057E963
info: Win32Emu.Emulator[0]
      [Syscall] KERNEL32.DLL!GetStartupInfoA from stub at 0x0F0001F0
info: Win32Emu.Emulator[0]
      [Syscall] BEFORE API: Return address at 0x001FEF80 = 0x0056A276
info: Win32Emu.Emulator[0]
      Dispatching KERNEL32.DLL!GetStartupInfoA at EIP=0x0E000002 ESP=0x001FEF80 stack=76 A2 56 00 A0 EF 1F 00 00 00 00 00 00 00 00 00
info: Win32Emu.Emulator[0]
      [Dispatcher] KERNEL32.DLL!GetStartupInfoA returned 0x00000000, argBytes=4
info: Win32Emu.Emulator[0]
      [Syscall] AFTER API: Return address at 0x001FEF80 = 0x0056A276
info: Win32Emu.Emulator[0]
      [Syscall] KERNEL32.DLL!GetModuleHandleA from stub at 0x0F000340
info: Win32Emu.Emulator[0]
      [Syscall] BEFORE API: Return address at 0x001FEF74 = 0x0056A299
info: Win32Emu.Emulator[0]
      Dispatching KERNEL32.DLL!GetModuleHandleA at EIP=0x0E000002 ESP=0x001FEF74 stack=99 A2 56 00 00 00 00 00 00 00 00 00 19 00 00 01
info: Win32Emu.Emulator[0]
      [Kernel32] GetModuleHandleA called: module='NULL (current process)'
info: Win32Emu.Emulator[0]
      [Dispatcher] KERNEL32.DLL!GetModuleHandleA returned 0x00400000, argBytes=4
info: Win32Emu.Emulator[0]
      [Syscall] AFTER API: Return address at 0x001FEF74 = 0x0056A299
info: Win32Emu.Emulator[0]
      [Syscall] KERNEL32.DLL!TlsGetValue from stub at 0x0F000530
info: Win32Emu.Emulator[0]
      [Syscall] BEFORE API: Return address at 0x001FEF30 = 0x0057FDBC
info: Win32Emu.Emulator[0]
      Dispatching KERNEL32.DLL!TlsGetValue at EIP=0x0E000002 ESP=0x001FEF30 stack=BC FD 57 00 01 00 00 00 00 00 00 00 00 00 00 00
info: Win32Emu.Emulator[0]
      [ProcessEnv] TlsGetValue: threadId=1 index=1 value=0x010093F0
info: Win32Emu.Emulator[0]
      [Kernel32] TlsGetValue(1) = 0x010093F0
info: Win32Emu.Emulator[0]
      [Dispatcher] KERNEL32.DLL!TlsGetValue returned 0x010093F0, argBytes=4
info: Win32Emu.Emulator[0]
      [Syscall] AFTER API: Return address at 0x001FEF30 = 0x0057FDBC
info: Win32Emu.Emulator[0]
      [Syscall] KERNEL32.DLL!TlsGetValue from stub at 0x0F000530
info: Win32Emu.Emulator[0]
      [Syscall] BEFORE API: Return address at 0x001FEF34 = 0x0057FDBC
info: Win32Emu.Emulator[0]
      Dispatching KERNEL32.DLL!TlsGetValue at EIP=0x0E000002 ESP=0x001FEF34 stack=BC FD 57 00 01 00 00 00 00 00 00 00 00 00 00 00
info: Win32Emu.Emulator[0]
      [ProcessEnv] TlsGetValue: threadId=1 index=1 value=0x010093F0
info: Win32Emu.Emulator[0]
      [Kernel32] TlsGetValue(1) = 0x010093F0
info: Win32Emu.Emulator[0]
      [Dispatcher] KERNEL32.DLL!TlsGetValue returned 0x010093F0, argBytes=4
info: Win32Emu.Emulator[0]
      [Syscall] AFTER API: Return address at 0x001FEF34 = 0x0057FDBC
info: Win32Emu.Emulator[0]
      [Syscall] KERNEL32.DLL!TlsGetValue from stub at 0x0F000530
info: Win32Emu.Emulator[0]
      [Syscall] BEFORE API: Return address at 0x001FEF14 = 0x0057FB90
info: Win32Emu.Emulator[0]
      Dispatching KERNEL32.DLL!TlsGetValue at EIP=0x0E000002 ESP=0x001FEF14 stack=90 FB 57 00 01 00 00 00 E0 93 00 01 F0 93 00 01
info: Win32Emu.Emulator[0]
      [ProcessEnv] TlsGetValue: threadId=1 index=1 value=0x010093F0
info: Win32Emu.Emulator[0]
      [Kernel32] TlsGetValue(1) = 0x010093F0
info: Win32Emu.Emulator[0]
      [Dispatcher] KERNEL32.DLL!TlsGetValue returned 0x010093F0, argBytes=4
info: Win32Emu.Emulator[0]
      [Syscall] AFTER API: Return address at 0x001FEF14 = 0x0057FB90
info: Win32Emu.Emulator[0]
      [Syscall] KERNEL32.DLL!LocalReAlloc from stub at 0x0F000540
info: Win32Emu.Emulator[0]
      [Syscall] BEFORE API: Return address at 0x001FEF0C = 0x0057FC1A
info: Win32Emu.Emulator[0]
      Dispatching KERNEL32.DLL!LocalReAlloc at EIP=0x0E000002 ESP=0x001FEF0C stack=1A FC 57 00 00 94 00 01 0C 00 00 00 02 00 00 00
info: Win32Emu.Emulator[0]
      [Kernel32] LocalReAlloc(hMem=0x01009400, uBytes=12, uFlags=0x2)
info: Win32Emu.Emulator[0]
      [Dispatcher] KERNEL32.DLL!LocalReAlloc returned 0x01009400, argBytes=12
info: Win32Emu.Emulator[0]
      [Syscall] AFTER API: Return address at 0x001FEF0C = 0x0057FC1A
info: Win32Emu.Emulator[0]
      [Syscall] KERNEL32.DLL!TlsSetValue from stub at 0x0F000550
info: Win32Emu.Emulator[0]
      [Syscall] BEFORE API: Return address at 0x001FEF10 = 0x0057FC56
info: Win32Emu.Emulator[0]
      Dispatching KERNEL32.DLL!TlsSetValue at EIP=0x0E000002 ESP=0x001FEF10 stack=56 FC 57 00 01 00 00 00 F0 93 00 01 E0 93 00 01
info: Win32Emu.Emulator[0]
      [ProcessEnv] TlsSetValue: threadId=1 index=1 value=0x010093F0
info: Win32Emu.Emulator[0]
      [Kernel32] TlsSetValue(1, 0x010093F0) = True
info: Win32Emu.Emulator[0]
      [Dispatcher] KERNEL32.DLL!TlsSetValue returned 0x00000001, argBytes=8
info: Win32Emu.Emulator[0]
      [Syscall] AFTER API: Return address at 0x001FEF10 = 0x0057FC56
info: Win32Emu.Emulator[0]
      [Syscall] KERNEL32.DLL!TlsGetValue from stub at 0x0F000530
info: Win32Emu.Emulator[0]
      [Syscall] BEFORE API: Return address at 0x001FEF34 = 0x0057FDBC
info: Win32Emu.Emulator[0]
      Dispatching KERNEL32.DLL!TlsGetValue at EIP=0x0E000002 ESP=0x001FEF34 stack=BC FD 57 00 01 00 00 00 00 00 00 00 00 00 00 00
info: Win32Emu.Emulator[0]
      [ProcessEnv] TlsGetValue: threadId=1 index=1 value=0x010093F0
info: Win32Emu.Emulator[0]
      [Kernel32] TlsGetValue(1) = 0x010093F0
info: Win32Emu.Emulator[0]
      [Dispatcher] KERNEL32.DLL!TlsGetValue returned 0x010093F0, argBytes=4
info: Win32Emu.Emulator[0]
      [Syscall] AFTER API: Return address at 0x001FEF34 = 0x0057FDBC
info: Win32Emu.Emulator[0]
      [Syscall] KERNEL32.DLL!TlsGetValue from stub at 0x0F000530
info: Win32Emu.Emulator[0]
      [Syscall] BEFORE API: Return address at 0x001FEF38 = 0x0057FDBC
info: Win32Emu.Emulator[0]
      Dispatching KERNEL32.DLL!TlsGetValue at EIP=0x0E000002 ESP=0x001FEF38 stack=BC FD 57 00 01 00 00 00 00 00 00 00 00 00 00 00
info: Win32Emu.Emulator[0]
      [ProcessEnv] TlsGetValue: threadId=1 index=1 value=0x010093F0
info: Win32Emu.Emulator[0]
      [Kernel32] TlsGetValue(1) = 0x010093F0
info: Win32Emu.Emulator[0]
      [Dispatcher] KERNEL32.DLL!TlsGetValue returned 0x010093F0, argBytes=4
info: Win32Emu.Emulator[0]
      [Syscall] AFTER API: Return address at 0x001FEF38 = 0x0057FDBC
info: Win32Emu.Emulator[0]
      [Syscall] KERNEL32.DLL!SetErrorMode from stub at 0x0F0004F0
info: Win32Emu.Emulator[0]
      [Syscall] BEFORE API: Return address at 0x001FEF34 = 0x005801C9
info: Win32Emu.Emulator[0]
      Dispatching KERNEL32.DLL!SetErrorMode at EIP=0x0E000002 ESP=0x001FEF34 stack=C9 01 58 00 00 00 00 00 00 00 00 00 A8 D1 57 00
info: Win32Emu.Emulator[0]
      [Kernel32] SetErrorMode(uMode=0x0)
info: Win32Emu.Emulator[0]
      [Dispatcher] KERNEL32.DLL!SetErrorMode returned 0x00000000, argBytes=4
info: Win32Emu.Emulator[0]
      [Syscall] AFTER API: Return address at 0x001FEF34 = 0x005801C9
info: Win32Emu.Emulator[0]
      [Syscall] KERNEL32.DLL!SetErrorMode from stub at 0x0F0004F0
info: Win32Emu.Emulator[0]
      [Syscall] BEFORE API: Return address at 0x001FEF34 = 0x005801D0
info: Win32Emu.Emulator[0]
      Dispatching KERNEL32.DLL!SetErrorMode at EIP=0x0E000002 ESP=0x001FEF34 stack=D0 01 58 00 00 00 00 00 00 00 00 00 A8 D1 57 00
info: Win32Emu.Emulator[0]
      [Kernel32] SetErrorMode(uMode=0x0)
info: Win32Emu.Emulator[0]
      [Dispatcher] KERNEL32.DLL!SetErrorMode returned 0x00000000, argBytes=4
info: Win32Emu.Emulator[0]
      [Syscall] AFTER API: Return address at 0x001FEF34 = 0x005801D0
info: Win32Emu.Emulator[0]
      [Syscall] KERNEL32.DLL!TlsGetValue from stub at 0x0F000530
info: Win32Emu.Emulator[0]
      [Syscall] BEFORE API: Return address at 0x001FEF20 = 0x0057FDBC
info: Win32Emu.Emulator[0]
      Dispatching KERNEL32.DLL!TlsGetValue at EIP=0x0E000002 ESP=0x001FEF20 stack=BC FD 57 00 01 00 00 00 00 00 00 00 F0 04 00 0F
info: Win32Emu.Emulator[0]
      [ProcessEnv] TlsGetValue: threadId=1 index=1 value=0x010093F0
info: Win32Emu.Emulator[0]
      [Kernel32] TlsGetValue(1) = 0x010093F0
info: Win32Emu.Emulator[0]
      [Dispatcher] KERNEL32.DLL!TlsGetValue returned 0x010093F0, argBytes=4
info: Win32Emu.Emulator[0]
      [Syscall] AFTER API: Return address at 0x001FEF20 = 0x0057FDBC
info: Win32Emu.Emulator[0]
      [Syscall] KERNEL32.DLL!TlsGetValue from stub at 0x0F000530
info: Win32Emu.Emulator[0]
      [Syscall] BEFORE API: Return address at 0x001FEF20 = 0x0057FDBC
info: Win32Emu.Emulator[0]
      Dispatching KERNEL32.DLL!TlsGetValue at EIP=0x0E000002 ESP=0x001FEF20 stack=BC FD 57 00 01 00 00 00 00 00 00 00 00 00 40 00
info: Win32Emu.Emulator[0]
      [ProcessEnv] TlsGetValue: threadId=1 index=1 value=0x010093F0
info: Win32Emu.Emulator[0]
      [Kernel32] TlsGetValue(1) = 0x010093F0
info: Win32Emu.Emulator[0]
      [Dispatcher] KERNEL32.DLL!TlsGetValue returned 0x010093F0, argBytes=4
info: Win32Emu.Emulator[0]
      [Syscall] AFTER API: Return address at 0x001FEF20 = 0x0057FDBC
info: Win32Emu.Emulator[0]
      [Syscall] KERNEL32.DLL!TlsGetValue from stub at 0x0F000530
info: Win32Emu.Emulator[0]
      [Syscall] BEFORE API: Return address at 0x001FEF20 = 0x0057FDBC
info: Win32Emu.Emulator[0]
      Dispatching KERNEL32.DLL!TlsGetValue at EIP=0x0E000002 ESP=0x001FEF20 stack=BC FD 57 00 01 00 00 00 00 00 00 00 00 00 40 00
info: Win32Emu.Emulator[0]
      [ProcessEnv] TlsGetValue: threadId=1 index=1 value=0x010093F0
info: Win32Emu.Emulator[0]
      [Kernel32] TlsGetValue(1) = 0x010093F0
info: Win32Emu.Emulator[0]
      [Dispatcher] KERNEL32.DLL!TlsGetValue returned 0x010093F0, argBytes=4
info: Win32Emu.Emulator[0]
      [Syscall] AFTER API: Return address at 0x001FEF20 = 0x0057FDBC
info: Win32Emu.Emulator[0]
      [Syscall] KERNEL32.DLL!TlsGetValue from stub at 0x0F000530
info: Win32Emu.Emulator[0]
      [Syscall] BEFORE API: Return address at 0x001FEF20 = 0x0057FDBC
info: Win32Emu.Emulator[0]
      Dispatching KERNEL32.DLL!TlsGetValue at EIP=0x0E000002 ESP=0x001FEF20 stack=BC FD 57 00 01 00 00 00 00 00 00 00 00 00 00 00
info: Win32Emu.Emulator[0]
      [ProcessEnv] TlsGetValue: threadId=1 index=1 value=0x010093F0
info: Win32Emu.Emulator[0]
      [Kernel32] TlsGetValue(1) = 0x010093F0
info: Win32Emu.Emulator[0]
      [Dispatcher] KERNEL32.DLL!TlsGetValue returned 0x010093F0, argBytes=4
info: Win32Emu.Emulator[0]
      [Syscall] AFTER API: Return address at 0x001FEF20 = 0x0057FDBC
info: Win32Emu.Emulator[0]
      [Syscall] KERNEL32.DLL!TlsGetValue from stub at 0x0F000530
info: Win32Emu.Emulator[0]
      [Syscall] BEFORE API: Return address at 0x001FEF1C = 0x0057FDBC
info: Win32Emu.Emulator[0]
      Dispatching KERNEL32.DLL!TlsGetValue at EIP=0x0E000002 ESP=0x001FEF1C stack=BC FD 57 00 01 00 00 00 00 00 00 00 00 00 00 00
info: Win32Emu.Emulator[0]
      [ProcessEnv] TlsGetValue: threadId=1 index=1 value=0x010093F0
info: Win32Emu.Emulator[0]
      [Kernel32] TlsGetValue(1) = 0x010093F0
info: Win32Emu.Emulator[0]
      [Dispatcher] KERNEL32.DLL!TlsGetValue returned 0x010093F0, argBytes=4
info: Win32Emu.Emulator[0]
      [Syscall] AFTER API: Return address at 0x001FEF1C = 0x0057FDBC
info: Win32Emu.Emulator[0]
      [Syscall] KERNEL32.DLL!GetCurrentThreadId from stub at 0x0F000640
info: Win32Emu.Emulator[0]
      [Syscall] BEFORE API: Return address at 0x001FEF34 = 0x0057BFE1
info: Win32Emu.Emulator[0]
      Dispatching KERNEL32.DLL!GetCurrentThreadId at EIP=0x0E000002 ESP=0x001FEF34 stack=E1 BF 57 00 00 00 00 00 1B 02 58 00 A8 D1 57 00
info: Win32Emu.Emulator[0]
      [Kernel32] GetCurrentThreadId() = 1
info: Win32Emu.Emulator[0]
      [Dispatcher] KERNEL32.DLL!GetCurrentThreadId returned 0x00000001, argBytes=0
info: Win32Emu.Emulator[0]
      [Syscall] AFTER API: Return address at 0x001FEF34 = 0x0057BFE1
info: Win32Emu.Emulator[0]
      [Syscall] USER32.DLL!SetWindowsHookExA from stub at 0x0F000FE0
info: Win32Emu.Emulator[0]
      [Syscall] BEFORE API: Return address at 0x001FEF24 = 0x0057BFF1
info: Win32Emu.Emulator[0]
      Dispatching USER32.DLL!SetWindowsHookExA at EIP=0x0E000002 ESP=0x001FEF24 stack=F1 BF 57 00 FF FF FF FF 1D C3 57 00 00 00 00 00
info: Win32Emu.Emulator[0]
      [User32] SetWindowsHookExA(idHook=-1, lpfn=0x0057C31D, hMod=0x00000000, dwThreadId=1)
info: Win32Emu.Emulator[0]
      [User32] SetWindowsHookExA: Installed hook handle=0x00010001, type=-1, proc=0x0057C31D
info: Win32Emu.Emulator[0]
      [Dispatcher] USER32.DLL!SetWindowsHookExA returned 0x00010001, argBytes=16
info: Win32Emu.Emulator[0]
      [Syscall] AFTER API: Return address at 0x001FEF24 = 0x0057BFF1
info: Win32Emu.Emulator[0]
      [Syscall] KERNEL32.DLL!EnterCriticalSection from stub at 0x0F000560
info: Win32Emu.Emulator[0]
      [Syscall] BEFORE API: Return address at 0x001FEEF0 = 0x005800BD
info: Win32Emu.Emulator[0]
      Dispatching KERNEL32.DLL!EnterCriticalSection at EIP=0x0E000002 ESP=0x001FEEF0 stack=BD 00 58 00 A0 38 5F 00 00 00 00 00 B8 36 5F 00
info: Win32Emu.Emulator[0]
      [Kernel32] EnterCriticalSection(0x005F38A0)
info: Win32Emu.Emulator[0]
      [Dispatcher] KERNEL32.DLL!EnterCriticalSection returned 0x00000000, argBytes=4
info: Win32Emu.Emulator[0]
      [Syscall] AFTER API: Return address at 0x001FEEF0 = 0x005800BD
info: Win32Emu.Emulator[0]
      [Syscall] KERNEL32.DLL!LocalAlloc from stub at 0x0F0007C0
info: Win32Emu.Emulator[0]
      [Syscall] BEFORE API: Return address at 0x001FEEF0 = 0x0057F952
info: Win32Emu.Emulator[0]
      Dispatching KERNEL32.DLL!LocalAlloc at EIP=0x0E000002 ESP=0x001FEEF0 stack=52 F9 57 00 40 00 00 00 30 00 00 00 B8 36 5F 00
info: Win32Emu.Emulator[0]
      [Kernel32] LocalAlloc(uFlags=0x40, uBytes=48)
info: Win32Emu.Emulator[0]
      [Dispatcher] KERNEL32.DLL!LocalAlloc returned 0x01051000, argBytes=8
info: Win32Emu.Emulator[0]
      [Syscall] AFTER API: Return address at 0x001FEEF0 = 0x0057F952
info: Win32Emu.Emulator[0]
      [Syscall] KERNEL32.DLL!LeaveCriticalSection from stub at 0x0F000570
info: Win32Emu.Emulator[0]
      [Syscall] BEFORE API: Return address at 0x001FEEFC = 0x005800E1
info: Win32Emu.Emulator[0]
      Dispatching KERNEL32.DLL!LeaveCriticalSection at EIP=0x0E000002 ESP=0x001FEEFC stack=E1 00 58 00 A0 38 5F 00 44 FE 57 00 10 00 00 00
info: Win32Emu.Emulator[0]
      [Kernel32] LeaveCriticalSection(0x005F38A0)
info: Win32Emu.Emulator[0]
      [Dispatcher] KERNEL32.DLL!LeaveCriticalSection returned 0x00000000, argBytes=4
info: Win32Emu.Emulator[0]
      [Syscall] AFTER API: Return address at 0x001FEEFC = 0x005800E1
info: Win32Emu.Emulator[0]
      [Syscall] KERNEL32.DLL!EnterCriticalSection from stub at 0x0F000560
info: Win32Emu.Emulator[0]
      [Syscall] BEFORE API: Return address at 0x001FEF08 = 0x0057FA25
info: Win32Emu.Emulator[0]
      Dispatching KERNEL32.DLL!EnterCriticalSection at EIP=0x0E000002 ESP=0x001FEF08 stack=25 FA 57 00 9C 36 5F 00 B4 36 5F 00 00 10 05 01
info: Win32Emu.Emulator[0]
      [Kernel32] EnterCriticalSection(0x005F369C)
info: Win32Emu.Emulator[0]
      [Dispatcher] KERNEL32.DLL!EnterCriticalSection returned 0x00000000, argBytes=4
info: Win32Emu.Emulator[0]
      [Syscall] AFTER API: Return address at 0x001FEF08 = 0x0057FA25
info: Win32Emu.Emulator[0]
      [Syscall] KERNEL32.DLL!LeaveCriticalSection from stub at 0x0F000570
info: Win32Emu.Emulator[0]
      [Syscall] BEFORE API: Return address at 0x001FEF08 = 0x0057FB1A
info: Win32Emu.Emulator[0]
      Dispatching KERNEL32.DLL!LeaveCriticalSection at EIP=0x0E000002 ESP=0x001FEF08 stack=1A FB 57 00 9C 36 5F 00 B4 36 5F 00 00 10 05 01
info: Win32Emu.Emulator[0]
      [Kernel32] LeaveCriticalSection(0x005F369C)
info: Win32Emu.Emulator[0]
      [Dispatcher] KERNEL32.DLL!LeaveCriticalSection returned 0x00000000, argBytes=4
info: Win32Emu.Emulator[0]
      [Syscall] AFTER API: Return address at 0x001FEF08 = 0x0057FB1A
info: Win32Emu.Emulator[0]
      [Syscall] KERNEL32.DLL!TlsGetValue from stub at 0x0F000530
info: Win32Emu.Emulator[0]
      [Syscall] BEFORE API: Return address at 0x001FEF20 = 0x0057FDBC
info: Win32Emu.Emulator[0]
      Dispatching KERNEL32.DLL!TlsGetValue at EIP=0x0E000002 ESP=0x001FEF20 stack=BC FD 57 00 01 00 00 00 00 00 00 00 00 10 05 01
info: Win32Emu.Emulator[0]
      [ProcessEnv] TlsGetValue: threadId=1 index=1 value=0x010093F0
info: Win32Emu.Emulator[0]
      [Kernel32] TlsGetValue(1) = 0x010093F0
info: Win32Emu.Emulator[0]
      [Dispatcher] KERNEL32.DLL!TlsGetValue returned 0x010093F0, argBytes=4
info: Win32Emu.Emulator[0]
      [Syscall] AFTER API: Return address at 0x001FEF20 = 0x0057FDBC
fail: Win32Emu.Emulator[0]
      [Emulator] EIP=0x00000001 is in suspicious low memory range. Previous EIP=0x00000000, ESP=0x001FEF2C, EBP=0x001FEFFC. Likely corrupted return address or indirect jump.
fail: Win32Emu.Emulator[0]
      [Emulator] EIP=0x00000002 is in suspicious low memory range. Previous EIP=0x00000001, ESP=0x001FEF2C, EBP=0x001FEFFC. Likely corrupted return address or indirect jump.
fail: Win32Emu.Emulator[0]
      [Emulator] EIP=0x00000003 is in suspicious low memory range. Previous EIP=0x00000002, ESP=0x001FEF2E, EBP=0x001FEFFC. Likely corrupted return address or indirect jump.
fail: Win32Emu.Emulator[0]
      [Emulator] EIP=0x00000005 is in suspicious low memory range. Previous EIP=0x00000003, ESP=0x001FEF2E, EBP=0x001FEFFC. Likely corrupted return address or indirect jump.
fail: Win32Emu.Emulator[0]
      [Emulator] EIP=0x00000007 is in suspicious low memory range. Previous EIP=0x00000005, ESP=0x001FEF2E, EBP=0x001FEFFC. Likely corrupted return address or indirect jump.
fail: Win32Emu.Emulator[0]
      [Emulator] EIP=0x00000009 is in suspicious low memory range. Previous EIP=0x00000007, ESP=0x001FEF2E, EBP=0x001FEFFC. Likely corrupted return address or indirect jump.
fail: Win32Emu.Emulator[0]
      [Emulator] EIP=0x0000000B is in suspicious low memory range. Previous EIP=0x00000009, ESP=0x001FEF2E, EBP=0x001FEFFC. Likely corrupted return address or indirect jump.
fail: Win32Emu.Emulator[0]
      [Emulator] EIP=0x0000000D is in suspicious low memory range. Previous EIP=0x0000000B, ESP=0x001FEF2E, EBP=0x001FEFFC. Likely corrupted return address or indirect jump.
fail: Win32Emu.Emulator[0]
      [Emulator] EIP=0x0000000F is in suspicious low memory range. Previous EIP=0x0000000D, ESP=0x001FEF2E, EBP=0x001FEFFC. Likely corrupted return address or indirect jump.
fail: Win32Emu.Emulator[0]
      [Emulator] EIP=0x00000011 is in suspicious low memory range. Previous EIP=0x0000000F, ESP=0x001FEF2E, EBP=0x001FEFFC. Likely corrupted return address or indirect jump.
fail: Win32Emu.Emulator[0]
      [Emulator] EIP=0x00000013 is in suspicious low memory range. Previous EIP=0x00000011, ESP=0x001FEF2E, EBP=0x001FEFFC. Likely corrupted return address or indirect jump.
fail: Win32Emu.Emulator[0]
      [Emulator] EIP=0x00000015 is in suspicious low memory range. Previous EIP=0x00000013, ESP=0x001FEF2E, EBP=0x001FEFFC. Likely corrupted return address or indirect jump.
fail: Win32Emu.Emulator[0]
      [Emulator] EIP=0x00000017 is in suspicious low memory range. Previous EIP=0x00000015, ESP=0x001FEF2E, EBP=0x001FEFFC. Likely corrupted return address or indirect jump.
fail: Win32Emu.Emulator[0]
      [Emulator] EIP=0x00000019 is in suspicious low memory range. Previous EIP=0x00000017, ESP=0x001FEF2E, EBP=0x001FEFFC. Likely corrupted return address or indirect jump.
fail: Win32Emu.Emulator[0]
      [Emulator] EIP=0x0000001B is in suspicious low memory range. Previous EIP=0x00000019, ESP=0x001FEF2E, EBP=0x001FEFFC. Likely corrupted return address or indirect jump.
fail: Win32Emu.Emulator[0]
      [Emulator] EIP=0x0000001D is in suspicious low memory range. Previous EIP=0x0000001B, ESP=0x001FEF2E, EBP=0x001FEFFC. Likely corrupted return address or indirect jump.
fail: Win32Emu.Emulator[0]
      [Emulator] EIP=0x0000001F is in suspicious low memory range. Previous EIP=0x0000001D, ESP=0x001FEF2E, EBP=0x001FEFFC. Likely corrupted return address or indirect jump.
fail: Win32Emu.Emulator[0]
      [Emulator] EIP=0x00000021 is in suspicious low memory range. Previous EIP=0x0000001F, ESP=0x001FEF2E, EBP=0x001FEFFC. Likely corrupted return address or indirect jump.
fail: Win32Emu.Emulator[0]
      [Emulator] EIP=0x00000023 is in suspicious low memory range. Previous EIP=0x00000021, ESP=0x001FEF2E, EBP=0x001FEFFC. Likely corrupted return address or indirect jump.
fail: Win32Emu.Emulator[0]
      [Emulator] EIP=0x00000025 is in suspicious low memory range. Previous EIP=0x00000023, ESP=0x001FEF2E, EBP=0x001FEFFC. Likely corrupted return address or indirect jump.
fail: Win32Emu.Emulator[0]
      [Emulator] EIP=0x00000027 is in suspicious low memory range. Previous EIP=0x00000025, ESP=0x001FEF2E, EBP=0x001FEFFC. Likely corrupted return address or indirect jump.
fail: Win32Emu.Emulator[0]
      [Emulator] EIP=0x00000029 is in suspicious low memory range. Previous EIP=0x00000027, ESP=0x001FEF2E, EBP=0x001FEFFC. Likely corrupted return address or indirect jump.
fail: Win32Emu.Emulator[0]
      [IcedCpu] Unhandled mnemonic INVALID at 0x00000029, ESP=0x001FEF2E, EBP=0x001FEFFC, EAX=0x01009300. Likely executing data as code or invalid jump target.
fail: Win32Emu.Emulator[0]
      [IcedCpu] INVALID instruction encountered - definitely not valid code. Check for corrupted return addresses or bad jumps.
fail: Win32Emu.Emulator[0]
      [Emulator] Exception during SingleStep at EIP=0x00000029, ESP=0x001FEF2E, EBP=0x001FEFFC: INVALID instruction at 0x00000029 (NULL page/guard pages - likely NULL pointer dereference). This indicates execution has jumped to invalid memory. Common causes: (1) corrupted return address on stack (check for stack overflow/underflow), (2) uninitialized or corrupted function pointer, (3) bad indirect jump/call, (4) buffer overflow corrupting code pointers. ESP=0x001FEF2E, EBP=0x001FEFFC
      System.InvalidOperationException: INVALID instruction at 0x00000029 (NULL page/guard pages - likely NULL pointer dereference). This indicates execution has jumped to invalid memory. Common causes: (1) corrupted return address on stack (check for stack overflow/underflow), (2) uninitialized or corrupted function pointer, (3) bad indirect jump/call, (4) buffer overflow corrupting code pointers. ESP=0x001FEF2E, EBP=0x001FEFFC
         at Win32Emu.Cpu.Iced.IcedCpu.SingleStep(VirtualMemory mem) in /Users/pierce/RiderProjects/Win32Emu/Win32Emu/Cpu/Iced/IcedCpu.cs:line 818
         at Win32Emu.Emulator.RunNormalAsync() in /Users/pierce/RiderProjects/Win32Emu/Win32Emu/Emulator.cs:line 889
fail: Win32Emu.Emulator[0]
      [Emulator] Unhandled exception during emulation
      System.InvalidOperationException: INVALID instruction at 0x00000029 (NULL page/guard pages - likely NULL pointer dereference). This indicates execution has jumped to invalid memory. Common causes: (1) corrupted return address on stack (check for stack overflow/underflow), (2) uninitialized or corrupted function pointer, (3) bad indirect jump/call, (4) buffer overflow corrupting code pointers. ESP=0x001FEF2E, EBP=0x001FEFFC
         at Win32Emu.Cpu.Iced.IcedCpu.SingleStep(VirtualMemory mem) in /Users/pierce/RiderProjects/Win32Emu/Win32Emu/Cpu/Iced/IcedCpu.cs:line 818
         at Win32Emu.Emulator.RunNormalAsync() in /Users/pierce/RiderProjects/Win32Emu/Win32Emu/Emulator.cs:line 889
         at Win32Emu.Emulator.RunAsync() in /Users/pierce/RiderProjects/Win32Emu/Win32Emu/Emulator.cs:line 589
info: Win32Emu.Emulator[0]
      No unimplemented functions found!
fail: Win32Emu.Emulator[0]
      Unhandled exception during emulation
      System.InvalidOperationException: INVALID instruction at 0x00000029 (NULL page/guard pages - likely NULL pointer dereference). This indicates execution has jumped to invalid memory. Common causes: (1) corrupted return address on stack (check for stack overflow/underflow), (2) uninitialized or corrupted function pointer, (3) bad indirect jump/call, (4) buffer overflow corrupting code pointers. ESP=0x001FEF2E, EBP=0x001FEFFC
         at Win32Emu.Cpu.Iced.IcedCpu.SingleStep(VirtualMemory mem) in /Users/pierce/RiderProjects/Win32Emu/Win32Emu/Cpu/Iced/IcedCpu.cs:line 818
         at Win32Emu.Emulator.RunNormalAsync() in /Users/pierce/RiderProjects/Win32Emu/Win32Emu/Emulator.cs:line 889
         at Win32Emu.Emulator.RunAsync() in /Users/pierce/RiderProjects/Win32Emu/Win32Emu/Emulator.cs:line 589
fail: Win32Emu.Emulator[0]
      Unhandled exception: INVALID instruction at 0x00000029 (NULL page/guard pages - likely NULL pointer dereference). This indicates execution has jumped to invalid memory. Common causes: (1) corrupted return address on stack (check for stack overflow/underflow), (2) uninitialized or corrupted function pointer, (3) bad indirect jump/call, (4) buffer overflow corrupting code pointers. ESP=0x001FEF2E, EBP=0x001FEFFC
