info: Win32Emu.Gui.App[0]
      Win32Emu.Gui logging initialized
info: Win32Emu.Emulator[0]
      Launching game: IGN_DEMO /Users/pierce/RiderProjects/Win32Emu/EXEs/ign_demo/IGN_DEMO.EXE
info: Win32Emu.Emulator[0]
      Set rendering backend to: GLFW
info: Win32Emu.Emulator[0]
      [EmulatorService] Using existing virtual disk: /Users/pierce/Library/Application Support/Win32Emu/VirtualDisks/IGN_DEMO.vhd
info: Win32Emu.Emulator[0]
      [EmulatorService] Loading executable: C:\ign_demo\IGN_DEMO.EXE
info: Win32Emu.Emulator[0]
      [Loader] Extracting executable from virtual disk: C:\ign_demo\IGN_DEMO.EXE
info: Win32Emu.Emulator[0]
      [DiskVFS] Mounted VHD: /Users/pierce/Library/Application Support/Win32Emu/VirtualDisks/IGN_DEMO.vhd (Read-Write)
info: Win32Emu.Emulator[0]
      [Loader] Extracted 891392 bytes from virtual disk
info: Win32Emu.Emulator[0]
      [DiskVFS] Disposed
info: Win32Emu.Emulator[0]
      [Loader] Host OS: Darwin 25.0.0 Darwin Kernel Version 25.0.0: Wed Sep 17 21:35:32 PDT 2025; root:xnu-12377.1.9~141/RELEASE_ARM64_T6020
info: Win32Emu.Emulator[0]
      [Loader] Host OS Architecture: Arm64
info: Win32Emu.Emulator[0]
      [Loader] Host Process Architecture: Arm64
info: Win32Emu.Emulator[0]
      [Loader] Host Framework: .NET 9.0.10
info: Win32Emu.Emulator[0]
      [Loader] Host Runtime Identifier: osx-arm64
info: Win32Emu.Emulator[0]
      [Memory] Configured size: 256 MB, Address space: 4096 MB (sparse, pages allocated on-demand)
info: Win32Emu.Emulator[0]
      [Loader] Created syscall dispatcher at 0x0E000000
info: Win32Emu.Emulator[0]
      [Loader] Import mapping complete: 114 imports mapped to addresses 0x0F000000 - 0x0F000710
info: Win32Emu.Emulator[0]
      [Loader] IAT verification passed: all 114 entries are correct
info: Win32Emu.Emulator[0]
      [Loader] Registered 114 IAT entries for runtime protection
info: Win32Emu.Emulator[0]
      [Loader] Extracted 8 sections from PE file
info: Win32Emu.Emulator[0]
      [RegistryHive] Created in-memory hive: SYSTEM
info: Win32Emu.Emulator[0]
      [RegistryHive] Created in-memory hive: SOFTWARE
info: Win32Emu.Emulator[0]
      [RegistryHive] Created in-memory hive: NTUSER.DAT
info: Win32Emu.Emulator[0]
      [RegistryHive] Initialized 3 registry hives
info: Win32Emu.Emulator[0]
      [RegistryHive] Initialized system environment variables
info: Win32Emu.Emulator[0]
      [RegistryHive] Initialized user environment variables
info: Win32Emu.Emulator[0]
      [ProcessEnv] Registry hive initialized
info: Win32Emu.Emulator[0]
      [ProcessEnv] Synced environment variables from registry
info: Win32Emu.Emulator[0]
      [ProcessEnv] Pre-registered standard control class: BUTTON with WndProc=0x0D000000
info: Win32Emu.Emulator[0]
      [ProcessEnv] Pre-registered standard control class: EDIT with WndProc=0x0D000001
info: Win32Emu.Emulator[0]
      [ProcessEnv] Pre-registered standard control class: STATIC with WndProc=0x0D000002
info: Win32Emu.Emulator[0]
      [ProcessEnv] Pre-registered standard control class: LISTBOX with WndProc=0x0D000003
info: Win32Emu.Emulator[0]
      [ProcessEnv] Pre-registered standard control class: COMBOBOX with WndProc=0x0D000004
info: Win32Emu.Emulator[0]
      [ProcessEnv] Pre-registered standard control class: SCROLLBAR with WndProc=0x0D000005
info: Win32Emu.Emulator[0]
      [ProcessEnv] Pre-registered standard control class: MDICLIENT with WndProc=0x0D000006
info: Win32Emu.Emulator[0]
      [ProcessEnv] Pre-registered standard control class: COMBOLBOX with WndProc=0x0D000007
info: Win32Emu.Emulator[0]
      [ProcessEnv] Pre-registered standard control class: DDEMLEVENT with WndProc=0x0D000008
info: Win32Emu.Emulator[0]
      [ProcessEnv] Pre-registered standard control class: MESSAGE with WndProc=0x0D000009
info: Win32Emu.Emulator[0]
      [ProcessEnv] Pre-registered standard control class: #32768 with WndProc=0x0D00000A
info: Win32Emu.Emulator[0]
      [ProcessEnv] Pre-registered standard control class: #32769 with WndProc=0x0D00000B
info: Win32Emu.Emulator[0]
      [ProcessEnv] Pre-registered standard control class: #32770 with WndProc=0x0D00000C
info: Win32Emu.Emulator[0]
      [ProcessEnv] Pre-registered standard control class: #32771 with WndProc=0x0D00000D
info: Win32Emu.Emulator[0]
      [ProcessEnv] Pre-registered standard control class: #32772 with WndProc=0x0D00000E
info: Win32Emu.Emulator[0]
      [Loader] Initializing virtual file system with disk: /Users/pierce/Library/Application Support/Win32Emu/VirtualDisks/IGN_DEMO.vhd
info: Win32Emu.Emulator[0]
      [DiskVFS] Mounted VHD: /Users/pierce/Library/Application Support/Win32Emu/VirtualDisks/IGN_DEMO.vhd (Read-Write)
info: Win32Emu.Emulator[0]
      [ProcessEnv] Virtual File System initialized with disk: /Users/pierce/Library/Application Support/Win32Emu/VirtualDisks/IGN_DEMO.vhd
info: Win32Emu.Emulator[0]
      [RegistryHive] Disposed registry hive manager
info: Win32Emu.Emulator[0]
      [RegistryHive] Created in-memory hive: SYSTEM
info: Win32Emu.Emulator[0]
      [RegistryHive] Created in-memory hive: SOFTWARE
info: Win32Emu.Emulator[0]
      [RegistryHive] Created in-memory hive: NTUSER.DAT
info: Win32Emu.Emulator[0]
      [RegistryHive] Initialized 3 registry hives
info: Win32Emu.Emulator[0]
      [RegistryHive] Initialized system environment variables
info: Win32Emu.Emulator[0]
      [RegistryHive] Initialized user environment variables
info: Win32Emu.Emulator[0]
      [ProcessEnv] Registry hive initialized
info: Win32Emu.Emulator[0]
      [ProcessEnv] Synced environment variables from registry
info: Win32Emu.Emulator[0]
      [Loader] Virtual file system initialized successfully
info: Win32Emu.Emulator[0]
      [ProcessEnv] Registered main executable: C:\ign_demo\IGN_DEMO.EXE at 0x00400000
info: Win32Emu.Emulator[0]
      [ProcessEnv] Set current directory to: C:\ign_demo
info: Win32Emu.Emulator[0]
      [ProcessEnv] TEB allocated at 0x01000040
info: Win32Emu.Emulator[0]
      [ProcessEnv] PEB allocated at 0x01001040
info: Win32Emu.Emulator[0]
      [ProcessEnvironment] Detected GUI subsystem, no console allocated
info: Win32Emu.Emulator[0]
      [Loader] Selected CPU Emulator: IcedCpu
info: Win32Emu.Emulator[0]
      [Loader] Stack initialized: Base=0x00200000 Limit=0x00100000 ESP=0x001FF000 Reserve=0x100000 Commit=0x1000
info: Win32Emu.Emulator[0]
      [Loader] Heap base: 0x01000000
info: Win32Emu.Emulator[0]
      [ThreadScheduler] Initialized main thread 1 (handle=0x00001000)
info: Win32Emu.Emulator[0]
      [ProcessEnv] Main thread initialized with ID=1
info: Win32Emu.Emulator[0]
      [Syscall] KERNEL32.DLL!GetVersion from stub at 0x0F0001A0
info: Win32Emu.Emulator[0]
      [Syscall] BEFORE API: Return address at 0x001FEF7C = 0x00467A9C
info: Win32Emu.Emulator[0]
      Dispatching KERNEL32.DLL!GetVersion at EIP=0x0E000002 ESP=0x001FEF7C stack=9C 7A 46 00 00 00 00 00 00 00 00 00 00 00 00 00
info: Win32Emu.Emulator[0]
      [Dispatcher] KERNEL32.DLL!GetVersion returned 0x040003B6, argBytes=0
info: Win32Emu.Emulator[0]
      [Syscall] AFTER API: Return address at 0x001FEF7C = 0x00467A9C
info: Win32Emu.Emulator[0]
      [Syscall] KERNEL32.DLL!HeapCreate from stub at 0x0F000260
info: Win32Emu.Emulator[0]
      [Syscall] BEFORE API: Return address at 0x001FEF6C = 0x00468FBF
info: Win32Emu.Emulator[0]
      Dispatching KERNEL32.DLL!HeapCreate at EIP=0x0E000002 ESP=0x001FEF6C stack=BF 8F 46 00 01 00 00 00 00 10 00 00 00 00 00 00
info: Win32Emu.Emulator[0]
      [Dispatcher] KERNEL32.DLL!HeapCreate returned 0x01002040, argBytes=12
info: Win32Emu.Emulator[0]
      [Syscall] AFTER API: Return address at 0x001FEF6C = 0x00468FBF
info: Win32Emu.Emulator[0]
      [Syscall] KERNEL32.DLL!VirtualAlloc from stub at 0x0F000280
info: Win32Emu.Emulator[0]
      [Syscall] BEFORE API: Return address at 0x001FEF54 = 0x00469088
info: Win32Emu.Emulator[0]
      Dispatching KERNEL32.DLL!VirtualAlloc at EIP=0x0E000002 ESP=0x001FEF54 stack=88 90 46 00 00 00 00 00 00 00 40 00 00 20 00 00
info: Win32Emu.Emulator[0]
      [Kernel32] VirtualAlloc(lpAddress=0x00000000, dwSize=0x00400000, alloc=0x00002000, protect=0x00000004)
info: Win32Emu.Emulator[0]
      [ProcessEnv] VirtualAlloc(lp=0x00000000, size=0x00400000, alloc=0x00002000, prot=0x00000004)
info: Win32Emu.Emulator[0]
      [ProcessEnv] VirtualAlloc: allocated at 0x01010000, size=0x00400000, reserve=True, commit=False, topDown=False
info: Win32Emu.Emulator[0]
      [Kernel32] VirtualAlloc -> 0x01010000
info: Win32Emu.Emulator[0]
      [Dispatcher] KERNEL32.DLL!VirtualAlloc returned 0x01010000, argBytes=16
info: Win32Emu.Emulator[0]
      [Syscall] AFTER API: Return address at 0x001FEF54 = 0x00469088
info: Win32Emu.Emulator[0]
      [Syscall] KERNEL32.DLL!VirtualAlloc from stub at 0x0F000280
info: Win32Emu.Emulator[0]
      [Syscall] BEFORE API: Return address at 0x001FEF54 = 0x004690A1
info: Win32Emu.Emulator[0]
      Dispatching KERNEL32.DLL!VirtualAlloc at EIP=0x0E000002 ESP=0x001FEF54 stack=A1 90 46 00 00 00 01 01 00 00 01 00 00 10 00 00
info: Win32Emu.Emulator[0]
      [Kernel32] VirtualAlloc(lpAddress=0x01010000, dwSize=0x00010000, alloc=0x00001000, protect=0x00000004)
info: Win32Emu.Emulator[0]
      [ProcessEnv] VirtualAlloc(lp=0x01010000, size=0x00010000, alloc=0x00001000, prot=0x00000004)
info: Win32Emu.Emulator[0]
      [ProcessEnv] VirtualAlloc: Re-committing already allocated region at 0x01010000
info: Win32Emu.Emulator[0]
      [ProcessEnv] VirtualAlloc: Allocated 0x10000 bytes at specific address 0x01010000 (reserve=False, commit=True)
info: Win32Emu.Emulator[0]
      [Kernel32] VirtualAlloc -> 0x01010000
info: Win32Emu.Emulator[0]
      [Dispatcher] KERNEL32.DLL!VirtualAlloc returned 0x01010000, argBytes=16
info: Win32Emu.Emulator[0]
      [Syscall] AFTER API: Return address at 0x001FEF54 = 0x004690A1
info: Win32Emu.Emulator[0]
      [Syscall] KERNEL32.DLL!GetStartupInfoA from stub at 0x0F000180
info: Win32Emu.Emulator[0]
      [Syscall] BEFORE API: Return address at 0x001FEF20 = 0x0046D09E
info: Win32Emu.Emulator[0]
      Dispatching KERNEL32.DLL!GetStartupInfoA at EIP=0x0E000002 ESP=0x001FEF20 stack=9E D0 46 00 38 EF 1F 00 FC EF 1F 00 00 00 00 00
info: Win32Emu.Emulator[0]
      [Dispatcher] KERNEL32.DLL!GetStartupInfoA returned 0x00000000, argBytes=4
info: Win32Emu.Emulator[0]
      [Syscall] AFTER API: Return address at 0x001FEF20 = 0x0046D09E
info: Win32Emu.Emulator[0]
      [Syscall] KERNEL32.DLL!GetStdHandle from stub at 0x0F000030
info: Win32Emu.Emulator[0]
      [Syscall] BEFORE API: Return address at 0x001FEF20 = 0x0046D1B5
info: Win32Emu.Emulator[0]
      Dispatching KERNEL32.DLL!GetStdHandle at EIP=0x0E000002 ESP=0x001FEF20 stack=B5 D1 46 00 F6 FF FF FF FC EF 1F 00 00 00 00 00
info: Win32Emu.Emulator[0]
      [Dispatcher] KERNEL32.DLL!GetStdHandle returned 0x00000000, argBytes=4
info: Win32Emu.Emulator[0]
      [Syscall] AFTER API: Return address at 0x001FEF20 = 0x0046D1B5
info: Win32Emu.Emulator[0]
      [Syscall] KERNEL32.DLL!GetFileType from stub at 0x0F000020
info: Win32Emu.Emulator[0]
      [Syscall] BEFORE API: Return address at 0x001FEF20 = 0x0046D1C3
info: Win32Emu.Emulator[0]
      Dispatching KERNEL32.DLL!GetFileType at EIP=0x0E000002 ESP=0x001FEF20 stack=C3 D1 46 00 00 00 00 00 FC EF 1F 00 00 00 00 00
info: Win32Emu.Emulator[0]
      [Dispatcher] KERNEL32.DLL!GetFileType returned 0x00000000, argBytes=4
info: Win32Emu.Emulator[0]
      [Syscall] AFTER API: Return address at 0x001FEF20 = 0x0046D1C3
info: Win32Emu.Emulator[0]
      [Syscall] KERNEL32.DLL!GetStdHandle from stub at 0x0F000030
info: Win32Emu.Emulator[0]
      [Syscall] BEFORE API: Return address at 0x001FEF20 = 0x0046D1B5
info: Win32Emu.Emulator[0]
      Dispatching KERNEL32.DLL!GetStdHandle at EIP=0x0E000002 ESP=0x001FEF20 stack=B5 D1 46 00 F5 FF FF FF FC EF 1F 00 00 00 00 00
info: Win32Emu.Emulator[0]
      [Dispatcher] KERNEL32.DLL!GetStdHandle returned 0x00000000, argBytes=4
info: Win32Emu.Emulator[0]
      [Syscall] AFTER API: Return address at 0x001FEF20 = 0x0046D1B5
info: Win32Emu.Emulator[0]
      [Syscall] KERNEL32.DLL!GetFileType from stub at 0x0F000020
info: Win32Emu.Emulator[0]
      [Syscall] BEFORE API: Return address at 0x001FEF20 = 0x0046D1C3
info: Win32Emu.Emulator[0]
      Dispatching KERNEL32.DLL!GetFileType at EIP=0x0E000002 ESP=0x001FEF20 stack=C3 D1 46 00 00 00 00 00 FC EF 1F 00 00 00 00 00
info: Win32Emu.Emulator[0]
      [Dispatcher] KERNEL32.DLL!GetFileType returned 0x00000000, argBytes=4
info: Win32Emu.Emulator[0]
      [Syscall] AFTER API: Return address at 0x001FEF20 = 0x0046D1C3
info: Win32Emu.Emulator[0]
      [Syscall] KERNEL32.DLL!GetStdHandle from stub at 0x0F000030
info: Win32Emu.Emulator[0]
      [Syscall] BEFORE API: Return address at 0x001FEF20 = 0x0046D1B5
info: Win32Emu.Emulator[0]
      Dispatching KERNEL32.DLL!GetStdHandle at EIP=0x0E000002 ESP=0x001FEF20 stack=B5 D1 46 00 F4 FF FF FF FC EF 1F 00 00 00 00 00
info: Win32Emu.Emulator[0]
      [Dispatcher] KERNEL32.DLL!GetStdHandle returned 0x00000000, argBytes=4
info: Win32Emu.Emulator[0]
      [Syscall] AFTER API: Return address at 0x001FEF20 = 0x0046D1B5
info: Win32Emu.Emulator[0]
      [Syscall] KERNEL32.DLL!GetFileType from stub at 0x0F000020
info: Win32Emu.Emulator[0]
      [Syscall] BEFORE API: Return address at 0x001FEF20 = 0x0046D1C3
info: Win32Emu.Emulator[0]
      Dispatching KERNEL32.DLL!GetFileType at EIP=0x0E000002 ESP=0x001FEF20 stack=C3 D1 46 00 00 00 00 00 FC EF 1F 00 00 00 00 00
info: Win32Emu.Emulator[0]
      [Dispatcher] KERNEL32.DLL!GetFileType returned 0x00000000, argBytes=4
info: Win32Emu.Emulator[0]
      [Syscall] AFTER API: Return address at 0x001FEF20 = 0x0046D1C3
info: Win32Emu.Emulator[0]
      [Syscall] KERNEL32.DLL!SetHandleCount from stub at 0x0F000360
info: Win32Emu.Emulator[0]
      [Syscall] BEFORE API: Return address at 0x001FEF20 = 0x0046D200
info: Win32Emu.Emulator[0]
      Dispatching KERNEL32.DLL!SetHandleCount at EIP=0x0E000002 ESP=0x001FEF20 stack=00 D2 46 00 20 00 00 00 FC EF 1F 00 00 00 00 00
info: Win32Emu.Emulator[0]
      [Dispatcher] KERNEL32.DLL!SetHandleCount returned 0x00000020, argBytes=4
info: Win32Emu.Emulator[0]
      [Syscall] AFTER API: Return address at 0x001FEF20 = 0x0046D200
info: Win32Emu.Emulator[0]
      [Syscall] KERNEL32.DLL!GetACP from stub at 0x0F000340
info: Win32Emu.Emulator[0]
      [Syscall] BEFORE API: Return address at 0x001FEF44 = 0x0046CD61
info: Win32Emu.Emulator[0]
      Dispatching KERNEL32.DLL!GetACP at EIP=0x0E000002 ESP=0x001FEF44 stack=61 CD 46 00 FD FF FF FF FC EF 1F 00 00 00 00 00
info: Win32Emu.Emulator[0]
      [Dispatcher] KERNEL32.DLL!GetACP returned 0x0000FDE9, argBytes=0
info: Win32Emu.Emulator[0]
      [Syscall] AFTER API: Return address at 0x001FEF44 = 0x0046CD61
info: Win32Emu.Emulator[0]
      [Syscall] KERNEL32.DLL!GetCPInfo from stub at 0x0F000330
info: Win32Emu.Emulator[0]
      [Syscall] BEFORE API: Return address at 0x001FEF40 = 0x0046CDBA
info: Win32Emu.Emulator[0]
      Dispatching KERNEL32.DLL!GetCPInfo at EIP=0x0E000002 ESP=0x001FEF40 stack=BA CD 46 00 E9 FD 00 00 60 EF 1F 00 FC EF 1F 00
info: Win32Emu.Emulator[0]
      [Kernel32] GetCPInfo called: codePage=Utf8 lpCpInfo=0x001FEF60
info: Win32Emu.Emulator[0]
      [Kernel32] GetCPInfo: actualCodePage=Utf8
info: Win32Emu.Emulator[0]
      [Dispatcher] KERNEL32.DLL!GetCPInfo returned 0x00000001, argBytes=8
info: Win32Emu.Emulator[0]
      [Syscall] AFTER API: Return address at 0x001FEF40 = 0x0046CDBA
info: Win32Emu.Emulator[0]
      [Syscall] KERNEL32.DLL!GetCommandLineA from stub at 0x0F000190
info: Win32Emu.Emulator[0]
      [Syscall] BEFORE API: Return address at 0x001FEF7C = 0x00467AFB
info: Win32Emu.Emulator[0]
      Dispatching KERNEL32.DLL!GetCommandLineA at EIP=0x0E000002 ESP=0x001FEF7C stack=FB 7A 46 00 00 00 00 00 00 00 00 00 00 00 00 00
info: Win32Emu.Emulator[0]
      [Kernel32] GetCommandLineA returning 0x01000000: ""C:\ign_demo\IGN_DEMO.EXE""
info: Win32Emu.Emulator[0]
      [Dispatcher] KERNEL32.DLL!GetCommandLineA returned 0x01000000, argBytes=0
info: Win32Emu.Emulator[0]
      [Syscall] AFTER API: Return address at 0x001FEF7C = 0x00467AFB
info: Win32Emu.Emulator[0]
      [Syscall] KERNEL32.DLL!GetEnvironmentStringsW from stub at 0x0F000310
info: Win32Emu.Emulator[0]
      [Syscall] BEFORE API: Return address at 0x001FEF64 = 0x0046CBDB
info: Win32Emu.Emulator[0]
      Dispatching KERNEL32.DLL!GetEnvironmentStringsW at EIP=0x0E000002 ESP=0x001FEF64 stack=DB CB 46 00 FC EF 1F 00 00 00 00 00 00 00 00 00
info: Win32Emu.Emulator[0]
      [Dispatcher] KERNEL32.DLL!GetEnvironmentStringsW returned 0x01410000, argBytes=0
info: Win32Emu.Emulator[0]
      [Syscall] AFTER API: Return address at 0x001FEF64 = 0x0046CBDB
info: Win32Emu.Emulator[0]
      [Syscall] KERNEL32.DLL!WideCharToMultiByte from stub at 0x0F000320
info: Win32Emu.Emulator[0]
      [Syscall] BEFORE API: Return address at 0x001FEF44 = 0x0046CC66
info: Win32Emu.Emulator[0]
      Dispatching KERNEL32.DLL!WideCharToMultiByte at EIP=0x0E000002 ESP=0x001FEF44 stack=66 CC 46 00 00 00 00 00 00 00 00 00 00 00 41 01
info: Win32Emu.Emulator[0]
      [Kernel32] WideCharToMultiByte: CP=Acp cchWide=312 lpWide=0x01410000 cbMulti=0 lpMulti=0x00000000
info: Win32Emu.Emulator[0]
      [Kernel32] WideCharToMultiByte: Read 312 chars (specified count)
info: Win32Emu.Emulator[0]
      [Kernel32] WideCharToMultiByte: Returning size 312
info: Win32Emu.Emulator[0]
      [Dispatcher] KERNEL32.DLL!WideCharToMultiByte returned 0x00000138, argBytes=32
info: Win32Emu.Emulator[0]
      [Syscall] AFTER API: Return address at 0x001FEF44 = 0x0046CC66
info: Win32Emu.Emulator[0]
      [Syscall] KERNEL32.DLL!WideCharToMultiByte from stub at 0x0F000320
info: Win32Emu.Emulator[0]
      [Syscall] BEFORE API: Return address at 0x001FEF44 = 0x0046CC8D
info: Win32Emu.Emulator[0]
      Dispatching KERNEL32.DLL!WideCharToMultiByte at EIP=0x0E000002 ESP=0x001FEF44 stack=8D CC 46 00 00 00 00 00 00 00 00 00 00 00 41 01
info: Win32Emu.Emulator[0]
      [Kernel32] WideCharToMultiByte: CP=Acp cchWide=312 lpWide=0x01410000 cbMulti=312 lpMulti=0x01010200
info: Win32Emu.Emulator[0]
      [Kernel32] WideCharToMultiByte: Read 312 chars (specified count)
info: Win32Emu.Emulator[0]
      [Dispatcher] KERNEL32.DLL!WideCharToMultiByte returned 0x00000138, argBytes=32
info: Win32Emu.Emulator[0]
      [Syscall] AFTER API: Return address at 0x001FEF44 = 0x0046CC8D
info: Win32Emu.Emulator[0]
      [Syscall] KERNEL32.DLL!FreeEnvironmentStringsW from stub at 0x0F000010
info: Win32Emu.Emulator[0]
      [Syscall] BEFORE API: Return address at 0x001FEF60 = 0x0046CCA3
info: Win32Emu.Emulator[0]
      Dispatching KERNEL32.DLL!FreeEnvironmentStringsW at EIP=0x0E000002 ESP=0x001FEF60 stack=A3 CC 46 00 00 00 41 01 FC EF 1F 00 00 00 00 00
info: Win32Emu.Emulator[0]
      [Dispatcher] KERNEL32.DLL!FreeEnvironmentStringsW returned 0x00000001, argBytes=4
info: Win32Emu.Emulator[0]
      [Syscall] AFTER API: Return address at 0x001FEF60 = 0x0046CCA3
info: Win32Emu.Emulator[0]
      [Syscall] KERNEL32.DLL!GetModuleFileNameA from stub at 0x0F0002C0
info: Win32Emu.Emulator[0]
      [Syscall] BEFORE API: Return address at 0x001FEF5C = 0x0046C758
info: Win32Emu.Emulator[0]
      Dispatching KERNEL32.DLL!GetModuleFileNameA at EIP=0x0E000002 ESP=0x001FEF5C stack=58 C7 46 00 00 00 00 00 40 06 52 00 04 01 00 00
info: Win32Emu.Emulator[0]
      [Kernel32] GetModuleFileNameA called: h=0x00000000 lp=0x00520640 n=260
info: Win32Emu.Emulator[0]
      [Kernel32] GetModuleFileNameA returning 24
info: Win32Emu.Emulator[0]
      [Dispatcher] KERNEL32.DLL!GetModuleFileNameA returned 0x00000018, argBytes=12
info: Win32Emu.Emulator[0]
      [Syscall] AFTER API: Return address at 0x001FEF5C = 0x0046C758
info: Win32Emu.Emulator[0]
      [Syscall] KERNEL32.DLL!GetModuleHandleA from stub at 0x0F000170
info: Win32Emu.Emulator[0]
      [Syscall] BEFORE API: Return address at 0x001FEF6C = 0x00469D6B
info: Win32Emu.Emulator[0]
      Dispatching KERNEL32.DLL!GetModuleHandleA at EIP=0x0E000002 ESP=0x001FEF6C stack=6B 9D 46 00 EC 8F 47 00 5A 76 46 00 DB 78 46 00
info: Win32Emu.Emulator[0]
      [Kernel32] GetModuleHandleA called: module='KERNEL32'
info: Win32Emu.Emulator[0]
      [Dispatcher] KERNEL32.DLL!GetModuleHandleA returned 0x10000000, argBytes=4
info: Win32Emu.Emulator[0]
      [Syscall] AFTER API: Return address at 0x001FEF6C = 0x00469D6B
info: Win32Emu.Emulator[0]
      [Syscall] KERNEL32.DLL!GetProcAddress from stub at 0x0F000290
info: Win32Emu.Emulator[0]
      [Syscall] BEFORE API: Return address at 0x001FEF68 = 0x00469D7B
info: Win32Emu.Emulator[0]
      Dispatching KERNEL32.DLL!GetProcAddress at EIP=0x0E000002 ESP=0x001FEF68 stack=7B 9D 46 00 00 00 00 10 D0 8F 47 00 5A 76 46 00
info: Win32Emu.Emulator[0]
      [Kernel32] GetProcAddress(0x10000000, 0x00478FD0)
info: Win32Emu.Emulator[0]
      [Kernel32] GetProcAddress: Looking up 'IsProcessorFeaturePresent'
info: Win32Emu.Emulator[0]
      [ProcessEnv] Registered synthetic export: KERNEL32.DLL!IsProcessorFeaturePresent at 0x0F800000
info: Win32Emu.Emulator[0]
      [Kernel32] GetProcAddress: Registered synthetic export 'KERNEL32.DLL!IsProcessorFeaturePresent' at 0x0F800000
info: Win32Emu.Emulator[0]
      [Dispatcher] KERNEL32.DLL!GetProcAddress returned 0x0F800000, argBytes=8
info: Win32Emu.Emulator[0]
      [Syscall] AFTER API: Return address at 0x001FEF68 = 0x00469D7B
info: Win32Emu.Emulator[0]
      [Syscall] KERNEL32.DLL!IsProcessorFeaturePresent from stub at 0x0F800000
info: Win32Emu.Emulator[0]
      [Syscall] BEFORE API: Return address at 0x001FEF6C = 0x00469D83
info: Win32Emu.Emulator[0]
      Dispatching KERNEL32.DLL!IsProcessorFeaturePresent at EIP=0x0E000002 ESP=0x001FEF6C stack=83 9D 46 00 00 00 00 00 5A 76 46 00 DB 78 46 00
info: Win32Emu.Emulator[0]
      [Dispatcher] KERNEL32.DLL!IsProcessorFeaturePresent returned 0x00000000, argBytes=4
info: Win32Emu.Emulator[0]
      [Syscall] AFTER API: Return address at 0x001FEF6C = 0x00469D83
info: Win32Emu.Emulator[0]
      [Syscall] KERNEL32.DLL!HeapAlloc from stub at 0x0F000120
info: Win32Emu.Emulator[0]
      [Syscall] BEFORE API: Return address at 0x001FEF38 = 0x0046744C
info: Win32Emu.Emulator[0]
      Dispatching KERNEL32.DLL!HeapAlloc at EIP=0x0E000002 ESP=0x001FEF38 stack=4C 74 46 00 40 20 00 01 08 00 00 00 00 00 04 00
info: Win32Emu.Emulator[0]
      [ProcessEnv] VirtualAlloc(lp=0x00000000, size=0x00040000, alloc=0x00001000, prot=0x00000004)
info: Win32Emu.Emulator[0]
      [ProcessEnv] VirtualAlloc: allocated at 0x01411000, size=0x00040000, reserve=False, commit=True, topDown=False
info: Win32Emu.Emulator[0]
      [Dispatcher] KERNEL32.DLL!HeapAlloc returned 0x01411000, argBytes=12
info: Win32Emu.Emulator[0]
      [Syscall] AFTER API: Return address at 0x001FEF38 = 0x0046744C
info: Win32Emu.Emulator[0]
      [Syscall] KERNEL32.DLL!GetStartupInfoA from stub at 0x0F000180
info: Win32Emu.Emulator[0]
      [Syscall] BEFORE API: Return address at 0x001FEF78 = 0x00467B96
info: Win32Emu.Emulator[0]
      Dispatching KERNEL32.DLL!GetStartupInfoA at EIP=0x0E000002 ESP=0x001FEF78 stack=96 7B 46 00 8C EF 1F 00 00 00 00 00 00 00 00 00
info: Win32Emu.Emulator[0]
      [Dispatcher] KERNEL32.DLL!GetStartupInfoA returned 0x00000000, argBytes=4
info: Win32Emu.Emulator[0]
      [Syscall] AFTER API: Return address at 0x001FEF78 = 0x00467B96
info: Win32Emu.Emulator[0]
      [Syscall] KERNEL32.DLL!GetModuleHandleA from stub at 0x0F000170
info: Win32Emu.Emulator[0]
      [Syscall] BEFORE API: Return address at 0x001FEF6C = 0x00467BB5
info: Win32Emu.Emulator[0]
      Dispatching KERNEL32.DLL!GetModuleHandleA at EIP=0x0E000002 ESP=0x001FEF6C stack=B5 7B 46 00 00 00 00 00 00 00 00 00 1A 00 00 01
info: Win32Emu.Emulator[0]
      [Kernel32] GetModuleHandleA called: module='NULL (current process)'
info: Win32Emu.Emulator[0]
      [Dispatcher] KERNEL32.DLL!GetModuleHandleA returned 0x00400000, argBytes=4
info: Win32Emu.Emulator[0]
      [Syscall] AFTER API: Return address at 0x001FEF6C = 0x00467BB5
info: Win32Emu.Emulator[0]
      [Syscall] USER32.DLL!LoadCursorA from stub at 0x0F000580
info: Win32Emu.Emulator[0]
      [Syscall] BEFORE API: Return address at 0x001FEF0C = 0x00411248
info: Win32Emu.Emulator[0]
      Dispatching USER32.DLL!LoadCursorA at EIP=0x0E000002 ESP=0x001FEF0C stack=48 12 41 00 00 00 00 00 00 7F 00 00 FC EF 1F 00
info: Win32Emu.Emulator[0]
      [User32] LoadCursorA: hInstance=0x00000000 lpCursorName=0x00007F00
info: Win32Emu.Emulator[0]
      [Dispatcher] USER32.DLL!LoadCursorA returned 0x00017F00, argBytes=8
info: Win32Emu.Emulator[0]
      [Syscall] AFTER API: Return address at 0x001FEF0C = 0x00411248
info: Win32Emu.Emulator[0]
      [Syscall] USER32.DLL!LoadIconA from stub at 0x0F000610
info: Win32Emu.Emulator[0]
      [Syscall] BEFORE API: Return address at 0x001FEF0C = 0x0041127C
info: Win32Emu.Emulator[0]
      Dispatching USER32.DLL!LoadIconA at EIP=0x0E000002 ESP=0x001FEF0C stack=7C 12 41 00 00 00 00 00 00 7F 00 00 FC EF 1F 00
info: Win32Emu.Emulator[0]
      [User32] LoadIconA: hInstance=0x00000000 lpIconName=0x00007F00
info: Win32Emu.Emulator[0]
      [Dispatcher] USER32.DLL!LoadIconA returned 0x00017F00, argBytes=8
info: Win32Emu.Emulator[0]
      [Syscall] AFTER API: Return address at 0x001FEF0C = 0x0041127C
info: Win32Emu.Emulator[0]
      [Syscall] GDI32.DLL!GetStockObject from stub at 0x0F000640
info: Win32Emu.Emulator[0]
      [Syscall] BEFORE API: Return address at 0x001FEF10 = 0x00411292
info: Win32Emu.Emulator[0]
      Dispatching GDI32.DLL!GetStockObject at EIP=0x0E000002 ESP=0x001FEF10 stack=92 12 41 00 04 00 00 00 FC EF 1F 00 00 00 00 00
info: Win32Emu.Emulator[0]
      [Gdi32] GetStockObject(4) -> 0x80000000
info: Win32Emu.Emulator[0]
      [Dispatcher] GDI32.DLL!GetStockObject returned 0x80000000, argBytes=4
info: Win32Emu.Emulator[0]
      [Syscall] AFTER API: Return address at 0x001FEF10 = 0x00411292
info: Win32Emu.Emulator[0]
      [Syscall] USER32.DLL!RegisterClassA from stub at 0x0F000620
info: Win32Emu.Emulator[0]
      [Syscall] BEFORE API: Return address at 0x001FEF10 = 0x004112AD
info: Win32Emu.Emulator[0]
      Dispatching USER32.DLL!RegisterClassA at EIP=0x0E000002 ESP=0x001FEF10 stack=AD 12 41 00 44 EF 1F 00 FC EF 1F 00 00 00 00 00
info: Win32Emu.Emulator[0]
      [ProcessEnv] Registered window class: Ignition
info: Win32Emu.Emulator[0]
      [User32] RegisterClassA: 'Ignition' -> atom 0xC000
info: Win32Emu.Emulator[0]
      [Dispatcher] USER32.DLL!RegisterClassA returned 0x0000C000, argBytes=4
info: Win32Emu.Emulator[0]
      [Syscall] AFTER API: Return address at 0x001FEF10 = 0x004112AD
info: Win32Emu.Emulator[0]
      [Syscall] KERNEL32.DLL!QueryPerformanceFrequency from stub at 0x0F000000
info: Win32Emu.Emulator[0]
      [Syscall] BEFORE API: Return address at 0x001FEF10 = 0x004112CB
info: Win32Emu.Emulator[0]
      Dispatching KERNEL32.DLL!QueryPerformanceFrequency at EIP=0x0E000002 ESP=0x001FEF10 stack=CB 12 41 00 50 FD 4B 00 FC EF 1F 00 00 00 00 00
info: Win32Emu.Emulator[0]
      [Kernel32] QueryPerformanceFrequency: 1000000000 Hz
info: Win32Emu.Emulator[0]
      [Dispatcher] KERNEL32.DLL!QueryPerformanceFrequency returned 0x00000001, argBytes=4
info: Win32Emu.Emulator[0]
      [Syscall] AFTER API: Return address at 0x001FEF10 = 0x004112CB
info: Win32Emu.Emulator[0]
      [Syscall] KERNEL32.DLL!QueryPerformanceCounter from stub at 0x0F000300
info: Win32Emu.Emulator[0]
      [Syscall] BEFORE API: Return address at 0x001FEF10 = 0x004112E6
info: Win32Emu.Emulator[0]
      Dispatching KERNEL32.DLL!QueryPerformanceCounter at EIP=0x0E000002 ESP=0x001FEF10 stack=E6 12 41 00 70 FD 4B 00 FC EF 1F 00 00 00 00 00
info: Win32Emu.Emulator[0]
      [Dispatcher] KERNEL32.DLL!QueryPerformanceCounter returned 0x00000001, argBytes=4
info: Win32Emu.Emulator[0]
      [Syscall] AFTER API: Return address at 0x001FEF10 = 0x004112E6
info: Win32Emu.Emulator[0]
      [Syscall] KERNEL32.DLL!HeapAlloc from stub at 0x0F000120
info: Win32Emu.Emulator[0]
      [Syscall] BEFORE API: Return address at 0x001FEC24 = 0x004675C4
info: Win32Emu.Emulator[0]
      Dispatching KERNEL32.DLL!HeapAlloc at EIP=0x0E000002 ESP=0x001FEC24 stack=C4 75 46 00 40 20 00 01 00 00 00 00 00 10 00 00
info: Win32Emu.Emulator[0]
      [Dispatcher] KERNEL32.DLL!HeapAlloc returned 0x01002040, argBytes=12
info: Win32Emu.Emulator[0]
      [Syscall] AFTER API: Return address at 0x001FEC24 = 0x004675C4
info: Win32Emu.Emulator[0]
      [Syscall] KERNEL32.DLL!HeapAlloc from stub at 0x0F000120
info: Win32Emu.Emulator[0]
      [Syscall] BEFORE API: Return address at 0x001FEECC = 0x004675C4
info: Win32Emu.Emulator[0]
      Dispatching KERNEL32.DLL!HeapAlloc at EIP=0x0E000002 ESP=0x001FEECC stack=C4 75 46 00 40 20 00 01 00 00 00 00 E0 20 00 00
info: Win32Emu.Emulator[0]
      [ProcessEnv] VirtualAlloc(lp=0x00000000, size=0x000020E0, alloc=0x00001000, prot=0x00000004)
info: Win32Emu.Emulator[0]
      [ProcessEnv] VirtualAlloc: allocated at 0x01451000, size=0x00003000, reserve=False, commit=True, topDown=False
info: Win32Emu.Emulator[0]
      [Dispatcher] KERNEL32.DLL!HeapAlloc returned 0x01451000, argBytes=12
info: Win32Emu.Emulator[0]
      [Syscall] AFTER API: Return address at 0x001FEECC = 0x004675C4
info: Win32Emu.Emulator[0]
      [Syscall] KERNEL32.DLL!HeapAlloc from stub at 0x0F000120
info: Win32Emu.Emulator[0]
      [Syscall] BEFORE API: Return address at 0x001FEECC = 0x004675C4
info: Win32Emu.Emulator[0]
      Dispatching KERNEL32.DLL!HeapAlloc at EIP=0x0E000002 ESP=0x001FEECC stack=C4 75 46 00 40 20 00 01 00 00 00 00 E0 20 00 00
info: Win32Emu.Emulator[0]
      [ProcessEnv] VirtualAlloc(lp=0x00000000, size=0x000020E0, alloc=0x00001000, prot=0x00000004)
info: Win32Emu.Emulator[0]
      [ProcessEnv] VirtualAlloc: allocated at 0x01454000, size=0x00003000, reserve=False, commit=True, topDown=False
info: Win32Emu.Emulator[0]
      [Dispatcher] KERNEL32.DLL!HeapAlloc returned 0x01454000, argBytes=12
info: Win32Emu.Emulator[0]
      [Syscall] AFTER API: Return address at 0x001FEECC = 0x004675C4
info: Win32Emu.Emulator[0]
      [Syscall] KERNEL32.DLL!HeapAlloc from stub at 0x0F000120
info: Win32Emu.Emulator[0]
      [Syscall] BEFORE API: Return address at 0x001FEECC = 0x004675C4
info: Win32Emu.Emulator[0]
      Dispatching KERNEL32.DLL!HeapAlloc at EIP=0x0E000002 ESP=0x001FEECC stack=C4 75 46 00 40 20 00 01 00 00 00 00 E0 20 00 00
info: Win32Emu.Emulator[0]
      [ProcessEnv] VirtualAlloc(lp=0x00000000, size=0x000020E0, alloc=0x00001000, prot=0x00000004)
info: Win32Emu.Emulator[0]
      [ProcessEnv] VirtualAlloc: allocated at 0x01457000, size=0x00003000, reserve=False, commit=True, topDown=False
info: Win32Emu.Emulator[0]
      [Dispatcher] KERNEL32.DLL!HeapAlloc returned 0x01457000, argBytes=12
info: Win32Emu.Emulator[0]
      [Syscall] AFTER API: Return address at 0x001FEECC = 0x004675C4
info: Win32Emu.Emulator[0]
      [Syscall] KERNEL32.DLL!HeapAlloc from stub at 0x0F000120
info: Win32Emu.Emulator[0]
      [Syscall] BEFORE API: Return address at 0x001FEECC = 0x004675C4
info: Win32Emu.Emulator[0]
      Dispatching KERNEL32.DLL!HeapAlloc at EIP=0x0E000002 ESP=0x001FEECC stack=C4 75 46 00 40 20 00 01 00 00 00 00 E0 20 00 00
info: Win32Emu.Emulator[0]
      [ProcessEnv] VirtualAlloc(lp=0x00000000, size=0x000020E0, alloc=0x00001000, prot=0x00000004)
info: Win32Emu.Emulator[0]
      [ProcessEnv] VirtualAlloc: allocated at 0x0145A000, size=0x00003000, reserve=False, commit=True, topDown=False
info: Win32Emu.Emulator[0]
      [Dispatcher] KERNEL32.DLL!HeapAlloc returned 0x0145A000, argBytes=12
info: Win32Emu.Emulator[0]
      [Syscall] AFTER API: Return address at 0x001FEECC = 0x004675C4
info: Win32Emu.Emulator[0]
      [Syscall] KERNEL32.DLL!HeapAlloc from stub at 0x0F000120
info: Win32Emu.Emulator[0]
      [Syscall] BEFORE API: Return address at 0x001FEECC = 0x004675C4
info: Win32Emu.Emulator[0]
      Dispatching KERNEL32.DLL!HeapAlloc at EIP=0x0E000002 ESP=0x001FEECC stack=C4 75 46 00 40 20 00 01 00 00 00 00 E0 20 00 00
info: Win32Emu.Emulator[0]
      [ProcessEnv] VirtualAlloc(lp=0x00000000, size=0x000020E0, alloc=0x00001000, prot=0x00000004)
info: Win32Emu.Emulator[0]
      [ProcessEnv] VirtualAlloc: allocated at 0x0145D000, size=0x00003000, reserve=False, commit=True, topDown=False
info: Win32Emu.Emulator[0]
      [Dispatcher] KERNEL32.DLL!HeapAlloc returned 0x0145D000, argBytes=12
info: Win32Emu.Emulator[0]
      [Syscall] AFTER API: Return address at 0x001FEECC = 0x004675C4
info: Win32Emu.Emulator[0]
      [Syscall] KERNEL32.DLL!HeapAlloc from stub at 0x0F000120
info: Win32Emu.Emulator[0]
      [Syscall] BEFORE API: Return address at 0x001FEECC = 0x004675C4
info: Win32Emu.Emulator[0]
      Dispatching KERNEL32.DLL!HeapAlloc at EIP=0x0E000002 ESP=0x001FEECC stack=C4 75 46 00 40 20 00 01 00 00 00 00 E0 20 00 00
info: Win32Emu.Emulator[0]
      [ProcessEnv] VirtualAlloc(lp=0x00000000, size=0x000020E0, alloc=0x00001000, prot=0x00000004)
info: Win32Emu.Emulator[0]
      [ProcessEnv] VirtualAlloc: allocated at 0x01460000, size=0x00003000, reserve=False, commit=True, topDown=False
info: Win32Emu.Emulator[0]
      [Dispatcher] KERNEL32.DLL!HeapAlloc returned 0x01460000, argBytes=12
info: Win32Emu.Emulator[0]
      [Syscall] AFTER API: Return address at 0x001FEECC = 0x004675C4
info: Win32Emu.Emulator[0]
      [Syscall] USER32.DLL!GetSystemMetrics from stub at 0x0F000440
info: Win32Emu.Emulator[0]
      [Syscall] BEFORE API: Return address at 0x001FEE50 = 0x00459885
info: Win32Emu.Emulator[0]
      Dispatching USER32.DLL!GetSystemMetrics at EIP=0x0E000002 ESP=0x001FEE50 stack=85 98 45 00 01 00 00 00 00 00 00 00 00 00 00 00
info: Win32Emu.Emulator[0]
      [User32] GetSystemMetrics: nIndex=SM_CYSCREEN
info: Win32Emu.Emulator[0]
      [User32] GetSystemMetrics: Returning SM_CYSCREEN (1): 480
info: Win32Emu.Emulator[0]
      [Dispatcher] USER32.DLL!GetSystemMetrics returned 0x000001E0, argBytes=4
info: Win32Emu.Emulator[0]
      [Syscall] AFTER API: Return address at 0x001FEE50 = 0x00459885
info: Win32Emu.Emulator[0]
      [Syscall] USER32.DLL!GetSystemMetrics from stub at 0x0F000440
info: Win32Emu.Emulator[0]
      [Syscall] BEFORE API: Return address at 0x001FEE4C = 0x0045988A
info: Win32Emu.Emulator[0]
      Dispatching USER32.DLL!GetSystemMetrics at EIP=0x0E000002 ESP=0x001FEE4C stack=8A 98 45 00 00 00 00 00 E0 01 00 00 00 00 00 00
info: Win32Emu.Emulator[0]
      [User32] GetSystemMetrics: nIndex=SM_CXSCREEN
info: Win32Emu.Emulator[0]
      [User32] GetSystemMetrics: Returning SM_CXSCREEN (0): 640
info: Win32Emu.Emulator[0]
      [Dispatcher] USER32.DLL!GetSystemMetrics returned 0x00000280, argBytes=4
info: Win32Emu.Emulator[0]
      [Syscall] AFTER API: Return address at 0x001FEE4C = 0x0045988A
info: Win32Emu.Emulator[0]
      [Syscall] USER32.DLL!CreateWindowExA from stub at 0x0F0005C0
info: Win32Emu.Emulator[0]
      [Syscall] BEFORE API: Return address at 0x001FEE34 = 0x004598A9
info: Win32Emu.Emulator[0]
      Dispatching USER32.DLL!CreateWindowExA at EIP=0x0E000002 ESP=0x001FEE34 stack=A9 98 45 00 00 00 04 00 D8 E1 48 00 10 E2 48 00
info: Win32Emu.Emulator[0]
      [ProcessEnv] Created window: HWND=0x00010000 Class='Ignition' Title='Ignition'
info: Win32Emu.Emulator[0]
      Creating Avalonia window for HWND=0x00010000: Ignition (640x480), Class='Ignition', Parent=0x00000000
info: Win32Emu.Emulator[0]
      [ProcessEnv] PostMessage: queued MSG=0x0001 HWND=0x00010000
info: Win32Emu.Emulator[0]
      [ProcessEnv] PostMessage: queued MSG=0x0005 HWND=0x00010000
info: Win32Emu.Emulator[0]
      [ProcessEnv] PostMessage: queued MSG=0x0003 HWND=0x00010000
info: Win32Emu.Emulator[0]
      [User32] CreateWindowExA: Created HWND=0x00010000 Class='Ignition' Title='Ignition'
info: Win32Emu.Emulator[0]
      [Dispatcher] USER32.DLL!CreateWindowExA returned 0x00010000, argBytes=48
info: Win32Emu.Emulator[0]
      [Syscall] AFTER API: Return address at 0x001FEE34 = 0x004598A9
info: Win32Emu.Emulator[0]
      [Syscall] USER32.DLL!UpdateWindow from stub at 0x0F0005B0
info: Win32Emu.Emulator[0]
      [Syscall] BEFORE API: Return address at 0x001FEE60 = 0x004598D0
info: Win32Emu.Emulator[0]
      Dispatching USER32.DLL!UpdateWindow at EIP=0x0E000002 ESP=0x001FEE60 stack=D0 98 45 00 00 00 01 00 10 06 00 0F 00 00 00 00
info: Win32Emu.Emulator[0]
      [User32] UpdateWindow: HWND=0x00010000
info: Win32Emu.Emulator[0]
      [User32] UpdateWindow: Sending WM_PAINT to HWND=0x00010000
info: Win32Emu.Emulator[0]
      [User32] SendMessageA: HWND=0x00010000 MSG=0x000F wParam=0x00000000 lParam=0x00000000
info: Win32Emu.Emulator[0]
      [User32] SendMessageA: Found WndProc=0x00411450 for HWND=0x00010000
info: Win32Emu.Emulator[0]
      [User32] CallWindowProcedureAsync: Calling 0x00411450 with HWND=0x00010000 MSG=0x000F
info: Win32Emu.Emulator[0]
      Dispatching USER32.DLL!DefWindowProcA at EIP=0x0F0005E0 ESP=0x001FED2C stack=C5 15 41 00 00 00 01 00 0F 00 00 00 00 00 00 00
info: Win32Emu.Emulator[0]
      [User32] DefWindowProcA: HWND=0x00010000 MSG=0x000F wParam=0x00000000 lParam=0x00000000
info: Win32Emu.Emulator[0]
      [User32] DefWindowProcA: WM_PAINT
info: Win32Emu.Emulator[0]
      [Dispatcher] USER32.DLL!DefWindowProcA returned 0x00000000, argBytes=16
info: Win32Emu.Emulator[0]
      [User32] CallWindowProcedureAsync: Completed with return value 0x00000000, timedOut=False, cancelled=False, failed=False
info: Win32Emu.Emulator[0]
      [User32] SendMessageA: WndProc returned 0x00000000
info: Win32Emu.Emulator[0]
      [Dispatcher] USER32.DLL!UpdateWindow returned 0x00000001, argBytes=4
info: Win32Emu.Emulator[0]
      [Syscall] AFTER API: Return address at 0x001FEE60 = 0x004598D0
info: Win32Emu.Emulator[0]
      [Syscall] USER32.DLL!SetFocus from stub at 0x0F0005A0
info: Win32Emu.Emulator[0]
      [Syscall] BEFORE API: Return address at 0x001FEE60 = 0x004598DD
info: Win32Emu.Emulator[0]
      Dispatching USER32.DLL!SetFocus at EIP=0x0E000002 ESP=0x001FEE60 stack=DD 98 45 00 00 00 01 00 10 06 00 0F 00 00 00 00
info: Win32Emu.Emulator[0]
      [User32] SetFocus: HWND=0x00010000
info: Win32Emu.Emulator[0]
      [Dispatcher] USER32.DLL!SetFocus returned 0x00000000, argBytes=4
info: Win32Emu.Emulator[0]
      [Syscall] AFTER API: Return address at 0x001FEE60 = 0x004598DD
info: Win32Emu.Emulator[0]
      [Syscall] DDRAW.DLL!DirectDrawCreate from stub at 0x0F0006E0
info: Win32Emu.Emulator[0]
      [Syscall] BEFORE API: Return address at 0x001FEE58 = 0x004598EB
info: Win32Emu.Emulator[0]
      Dispatching DDRAW.DLL!DirectDrawCreate at EIP=0x0E000002 ESP=0x001FEE58 stack=EB 98 45 00 00 00 00 00 58 D6 50 00 00 00 00 00
info: Win32Emu.Emulator[0]
      [DDraw] DirectDrawCreate(lpGuid=0x00000000, lplpDD=0x0050D658, pUnkOuter=0x00000000)
info: Win32Emu.Emulator[0]
      [ProcessEnv] PostMessage: queued MSG=0x0005 HWND=0x00010000
info: Win32Emu.Emulator[0]
      [COM] Created IDirectDraw object at 0x01463000 (vtable at 0x01463010)
info: Win32Emu.Emulator[0]
      [DDraw] Writing COM object 0x01463000 to address 0x0050D658
info: Win32Emu.Emulator[0]
      [DDraw] Verification: Read back 0x01463000 from 0x0050D658 - SUCCESS
info: Win32Emu.Emulator[0]
      [DDraw] Created IDirectDraw COM object at 0x01463000
info: Win32Emu.Emulator[0]
      [Dispatcher] DDRAW.DLL!DirectDrawCreate returned 0x00000000, argBytes=12
info: Win32Emu.Emulator[0]
      [Syscall] AFTER API: Return address at 0x001FEE58 = 0x004598EB
info: Win32Emu.Emulator[0]
      [ProcessEnv] PostMessage: queued MSG=0x0005 HWND=0x00010000
info: Win32Emu.Emulator[0]
      [COM] Invoking vtable method: IDirectDraw::SetCooperativeLevel at address 0x0D001140
info: Win32Emu.Emulator[0]
      [ProcessEnv] PostMessage: queued MSG=0x001C HWND=0x00010000
info: Win32Emu.Emulator[0]
      [DDraw COM] IDirectDraw::SetCooperativeLevel(this=0x01463000, hWnd=0x00010000, flags=0x00000053)
info: Win32Emu.Emulator[0]
      [DDraw] Using Avalonia rendering backend for GUI integration
info: Win32Emu.Emulator[0]
      [ProcessEnv] Subscribed to rendering backend UI events
info: Win32Emu.Emulator[0]
      [DDraw] Subscribed to UI events from rendering backend
info: Win32Emu.Emulator[0]
      [DDraw COM] SetCooperativeLevel succeeded, returning DD_OK (0)
info: Win32Emu.Emulator[0]
      [COM] IDirectDraw::SetCooperativeLevel returned 0x00000000 (argBytes=12)
info: Win32Emu.Emulator[0]
      [COM vtable] Return address from stack: ESP=0x001FEE58, retEIP=0x0045991D
info: Win32Emu.Emulator[0]
      [COM vtable] Stack state before cleanup:
        [ESP+00] = 0x001FEE58: 0x0045991D (return addr)
        [ESP+04] = 0x001FEE5C: 0x01463000 (arg1)
        [ESP+08] = 0x001FEE60: 0x00010000 (arg2)
        [ESP+12] = 0x001FEE64: 0x00000053 (arg3)
        [ESP+16] = 0x001FEE68: 0x0F000610
        [ESP+20] = 0x001FEE6C: 0x00000000
      
info: Win32Emu.Emulator[0]
      [COM vtable] Stack cleanup: ESP=0x001FEE58, retEIP=0x0045991D, argBytes=12, new ESP=0x001FEE68
info: Win32Emu.Emulator[0]
      [COM] After vtable call: ESP changed from 0x001FEE58 to 0x001FEE68 (delta=16), Call site EIP=0x0D001140, Return EIP=0x0045991D
info: Win32Emu.Emulator[0]
      [COM] Invoking vtable method: IDirectDraw::SetDisplayMode at address 0x0D001150
info: Win32Emu.Emulator[0]
      [DDraw COM] IDirectDraw::SetDisplayMode(this=0x01463000, width=640, height=480, bpp=8)
info: Win32Emu.Emulator[0]
      [DDraw] Updated ProcessEnvironment display mode to 640x480x8
info: Win32Emu.Emulator[0]
      [ProcessEnv] PostMessage: queued MSG=0x0018 HWND=0x00010000
info: Win32Emu.Emulator[0]
      Avalonia window shown for HWND=0x00010000 with keyboard and mouse input routing enabled
info: Win32Emu.Emulator[0]
      [Avalonia] Initializing Avalonia rendering backend (640x480)...
info: Win32Emu.Emulator[0]
      [Avalonia] Avalonia rendering backend initialized successfully
info: Win32Emu.Emulator[0]
      [DDraw] Rendering backend initialized successfully with 640x480
info: Win32Emu.Emulator[0]
      [DDraw] Subscribed to UI events from rendering backend
info: Win32Emu.Emulator[0]
      [DDraw COM] SetDisplayMode succeeded, returning DD_OK (0)
info: Win32Emu.Emulator[0]
      [COM] IDirectDraw::SetDisplayMode returned 0x00000000 (argBytes=16)
info: Win32Emu.Emulator[0]
      [COM vtable] Return address from stack: ESP=0x001FEE54, retEIP=0x00459956
info: Win32Emu.Emulator[0]
      [COM vtable] Stack state before cleanup:
        [ESP+00] = 0x001FEE54: 0x00459956 (return addr)
        [ESP+04] = 0x001FEE58: 0x01463000 (arg1)
        [ESP+08] = 0x001FEE5C: 0x00000280 (arg2)
        [ESP+12] = 0x001FEE60: 0x000001E0 (arg3)
        [ESP+16] = 0x001FEE64: 0x00000008 (arg4)
        [ESP+20] = 0x001FEE68: 0x0F000610
      
info: Win32Emu.Emulator[0]
      [COM vtable] Stack cleanup: ESP=0x001FEE54, retEIP=0x00459956, argBytes=16, new ESP=0x001FEE68
info: Win32Emu.Emulator[0]
      [COM] After vtable call: ESP changed from 0x001FEE54 to 0x001FEE68 (delta=20), Call site EIP=0x0D001150, Return EIP=0x00459956
info: Win32Emu.Emulator[0]
      [COM] Invoking vtable method: IDirectDraw::CreateSurface at address 0x0D001060
info: Win32Emu.Emulator[0]
      [DDraw COM] IDirectDraw::CreateSurface(this=0x01463000, lpDDSurfaceDesc=0x001FEEA0, lplpDDSurface=0x005091AC, pUnkOuter=0x00000000)
info: Win32Emu.Emulator[0]
      [DDraw] Surface creation: dwSize=108, flags=0x00000021, caps=0x00000218, width=0, height=0, backbufferCount=1
info: Win32Emu.Emulator[0]
      [COM] Created IDirectDrawSurface object at 0x01463070 (vtable at 0x01463080)
info: Win32Emu.Emulator[0]
      [DDraw] Creating 1 backbuffer(s) for primary surface
info: Win32Emu.Emulator[0]
      [COM] Created IDirectDrawSurface object at 0x01463110 (vtable at 0x01463120)
info: Win32Emu.Emulator[0]
      [DDraw] Created backbuffer 1 at surface handle 0x71000001, COM object at 0x01463110
info: Win32Emu.Emulator[0]
      [DDraw] Attached backbuffer 0x71000001 to primary surface 0x71000000 (COM=0x01463070), AttachedSurfaces.Count=1
info: Win32Emu.Emulator[0]
      [DDraw] Created IDirectDrawSurface COM object at 0x01463070 for surface 0x71000000
info: Win32Emu.Emulator[0]
      [COM] IDirectDraw::CreateSurface returned 0x00000000 (argBytes=16)
info: Win32Emu.Emulator[0]
      [COM vtable] Return address from stack: ESP=0x001FEE54, retEIP=0x00459AFF
info: Win32Emu.Emulator[0]
      [COM vtable] Stack state before cleanup:
        [ESP+00] = 0x001FEE54: 0x00459AFF (return addr)
        [ESP+04] = 0x001FEE58: 0x01463000 (arg1)
        [ESP+08] = 0x001FEE5C: 0x001FEEA0 (arg2)
        [ESP+12] = 0x001FEE60: 0x005091AC (arg3)
        [ESP+16] = 0x001FEE64: 0x00000000 (arg4)
        [ESP+20] = 0x001FEE68: 0x0F000610
      
info: Win32Emu.Emulator[0]
      [COM vtable] Stack cleanup: ESP=0x001FEE54, retEIP=0x00459AFF, argBytes=16, new ESP=0x001FEE68
info: Win32Emu.Emulator[0]
      [COM] After vtable call: ESP changed from 0x001FEE54 to 0x001FEE68 (delta=20), Call site EIP=0x0D001060, Return EIP=0x00459AFF
info: Win32Emu.Emulator[0]
      [COM] Invoking vtable method: IDirectDrawSurface::GetAttachedSurface at address 0x0D0020C0
info: Win32Emu.Emulator[0]
      [DDraw COM] IDirectDrawSurface::GetAttachedSurface(this=0x01463070, lpDDSCaps=0x001FEE8C, lplp=0x001FEE78)
info: Win32Emu.Emulator[0]
      [DDraw] Found surface: Handle=0x71000000, ComAddr=0x01463070, IsPrimary=True, AttachedSurfaces.Count=1
info: Win32Emu.Emulator[0]
      [DDraw] Attached surfaces: 0x71000001
info: Win32Emu.Emulator[0]
      [DDraw] Requested surface caps: 0x00000004
info: Win32Emu.Emulator[0]
      [DDraw] Returning attached surface COM object at 0x01463110
info: Win32Emu.Emulator[0]
      [COM] IDirectDrawSurface::GetAttachedSurface returned 0x00000000 (argBytes=12)
info: Win32Emu.Emulator[0]
      [COM vtable] Return address from stack: ESP=0x001FEE58, retEIP=0x00459BB7
info: Win32Emu.Emulator[0]
      [COM vtable] Stack state before cleanup:
        [ESP+00] = 0x001FEE58: 0x00459BB7 (return addr)
        [ESP+04] = 0x001FEE5C: 0x01463070 (arg1)
        [ESP+08] = 0x001FEE60: 0x001FEE8C (arg2)
        [ESP+12] = 0x001FEE64: 0x001FEE78 (arg3)
        [ESP+16] = 0x001FEE68: 0x0F000610
        [ESP+20] = 0x001FEE6C: 0x00000000
      
info: Win32Emu.Emulator[0]
      [COM vtable] Stack cleanup: ESP=0x001FEE58, retEIP=0x00459BB7, argBytes=12, new ESP=0x001FEE68
info: Win32Emu.Emulator[0]
      [COM] After vtable call: ESP changed from 0x001FEE58 to 0x001FEE68 (delta=16), Call site EIP=0x0D0020C0, Return EIP=0x00459BB7
info: Win32Emu.Emulator[0]
      [COM] Invoking vtable method: IDirectDraw::CreatePalette at address 0x0D001050
info: Win32Emu.Emulator[0]
      [DDraw COM] IDirectDraw::CreatePalette(this=0x01463000, dwFlags=0x00000044, lpColorTable=0x0050CA50, lplpDDPalette=0x0050CE50, pUnkOuter=0x00000000)
info: Win32Emu.Emulator[0]
      [COM] Created IDirectDrawPalette object at 0x014631B0 (vtable at 0x014631C0)
info: Win32Emu.Emulator[0]
      [DDraw] Created IDirectDrawPalette COM object at 0x014631B0 for palette 0x72000000
info: Win32Emu.Emulator[0]
      [COM] IDirectDraw::CreatePalette returned 0x00000000 (argBytes=20)
info: Win32Emu.Emulator[0]
      [COM vtable] Return address from stack: ESP=0x001FEE50, retEIP=0x00459C75
info: Win32Emu.Emulator[0]
      [COM vtable] Stack state before cleanup:
        [ESP+00] = 0x001FEE50: 0x00459C75 (return addr)
        [ESP+04] = 0x001FEE54: 0x01463000 (arg1)
        [ESP+08] = 0x001FEE58: 0x00000044 (arg2)
        [ESP+12] = 0x001FEE5C: 0x0050CA50 (arg3)
        [ESP+16] = 0x001FEE60: 0x0050CE50 (arg4)
        [ESP+20] = 0x001FEE64: 0x00000000 (arg5)
      
info: Win32Emu.Emulator[0]
      [COM vtable] Stack cleanup: ESP=0x001FEE50, retEIP=0x00459C75, argBytes=20, new ESP=0x001FEE68
info: Win32Emu.Emulator[0]
      [COM] After vtable call: ESP changed from 0x001FEE50 to 0x001FEE68 (delta=24), Call site EIP=0x0D001050, Return EIP=0x00459C75
info: Win32Emu.Emulator[0]
      [COM] Invoking vtable method: IDirectDrawSurface::SetPalette at address 0x0D0021F0
info: Win32Emu.Emulator[0]
      [DDraw COM] IDirectDrawSurface::SetPalette(this=0x01463070, lpDDPalette=0x014631B0)
info: Win32Emu.Emulator[0]
      [DDraw] Surface 0x71000000 palette set to 0x72000000
info: Win32Emu.Emulator[0]
      [COM] IDirectDrawSurface::SetPalette returned 0x00000000 (argBytes=8)
info: Win32Emu.Emulator[0]
      [COM vtable] Return address from stack: ESP=0x001FEE5C, retEIP=0x00459E53
info: Win32Emu.Emulator[0]
      [COM vtable] Stack state before cleanup:
        [ESP+00] = 0x001FEE5C: 0x00459E53 (return addr)
        [ESP+04] = 0x001FEE60: 0x01463070 (arg1)
        [ESP+08] = 0x001FEE64: 0x014631B0 (arg2)
        [ESP+12] = 0x001FEE68: 0x0F000610
        [ESP+16] = 0x001FEE6C: 0x00000000
        [ESP+20] = 0x001FEE70: 0x00000000
      
info: Win32Emu.Emulator[0]
      [COM vtable] Stack cleanup: ESP=0x001FEE5C, retEIP=0x00459E53, argBytes=8, new ESP=0x001FEE68
info: Win32Emu.Emulator[0]
      [COM] After vtable call: ESP changed from 0x001FEE5C to 0x001FEE68 (delta=12), Call site EIP=0x0D0021F0, Return EIP=0x00459E53
info: Win32Emu.Emulator[0]
      [COM] Invoking vtable method: IDirectDrawSurface::IsLost at address 0x0D002180
info: Win32Emu.Emulator[0]
      [DDraw COM] IDirectDrawSurface::IsLost(this=0x01463070)
info: Win32Emu.Emulator[0]
      [COM] IDirectDrawSurface::IsLost returned 0x00000000 (argBytes=4)
info: Win32Emu.Emulator[0]
      [COM vtable] Return address from stack: ESP=0x001FEE50, retEIP=0x0045A86D
info: Win32Emu.Emulator[0]
      [COM vtable] Stack state before cleanup:
        [ESP+00] = 0x001FEE50: 0x0045A86D (return addr)
        [ESP+04] = 0x001FEE54: 0x01463070 (arg1)
        [ESP+08] = 0x001FEE58: 0x00000010
        [ESP+12] = 0x001FEE5C: 0x005090EC
        [ESP+16] = 0x001FEE60: 0x01463010
        [ESP+20] = 0x001FEE64: 0x00459E69
      
info: Win32Emu.Emulator[0]
      [COM vtable] Stack cleanup: ESP=0x001FEE50, retEIP=0x0045A86D, argBytes=4, new ESP=0x001FEE58
info: Win32Emu.Emulator[0]
      [COM] After vtable call: ESP changed from 0x001FEE50 to 0x001FEE58 (delta=8), Call site EIP=0x0D002180, Return EIP=0x0045A86D
info: Win32Emu.Emulator[0]
      [COM] Invoking vtable method: IDirectDrawSurface::IsLost at address 0x0D003180
info: Win32Emu.Emulator[0]
      [DDraw COM] IDirectDrawSurface::IsLost(this=0x01463110)
info: Win32Emu.Emulator[0]
      [COM] IDirectDrawSurface::IsLost returned 0x00000000 (argBytes=4)
info: Win32Emu.Emulator[0]
      [COM vtable] Return address from stack: ESP=0x001FEE50, retEIP=0x0045A89E
info: Win32Emu.Emulator[0]
      [COM vtable] Stack state before cleanup:
        [ESP+00] = 0x001FEE50: 0x0045A89E (return addr)
        [ESP+04] = 0x001FEE54: 0x01463110 (arg1)
        [ESP+08] = 0x001FEE58: 0x00000010
        [ESP+12] = 0x001FEE5C: 0x005090EC
        [ESP+16] = 0x001FEE60: 0x01463010
        [ESP+20] = 0x001FEE64: 0x00459E69
      
info: Win32Emu.Emulator[0]
      [COM vtable] Stack cleanup: ESP=0x001FEE50, retEIP=0x0045A89E, argBytes=4, new ESP=0x001FEE58
info: Win32Emu.Emulator[0]
      [COM] After vtable call: ESP changed from 0x001FEE50 to 0x001FEE58 (delta=8), Call site EIP=0x0D003180, Return EIP=0x0045A89E
info: Win32Emu.Emulator[0]
      [Syscall] USER32.DLL!ShowWindow from stub at 0x0F0004F0
info: Win32Emu.Emulator[0]
      [Syscall] BEFORE API: Return address at 0x001FEE5C = 0x00459E77
info: Win32Emu.Emulator[0]
      Dispatching USER32.DLL!ShowWindow at EIP=0x0E000002 ESP=0x001FEE5C stack=77 9E 45 00 00 00 01 00 05 00 00 00 10 06 00 0F
info: Win32Emu.Emulator[0]
      [User32] ShowWindow: HWND=0x00010000 nCmdShow=5
info: Win32Emu.Emulator[0]
      [User32] ShowWindow: Window 0x00010000 is now visible
info: Win32Emu.Emulator[0]
      [ProcessEnv] PostMessage: queued MSG=0x001C HWND=0x00010000
info: Win32Emu.Emulator[0]
      [Dispatcher] USER32.DLL!ShowWindow returned 0x00000000, argBytes=8
info: Win32Emu.Emulator[0]
      [Syscall] AFTER API: Return address at 0x001FEE5C = 0x00459E77
info: Win32Emu.Emulator[0]
      [Syscall] DINPUT.DLL!DirectInputCreateA from stub at 0x0F0006D0
info: Win32Emu.Emulator[0]
      [Syscall] BEFORE API: Return address at 0x001FEED4 = 0x00453C4F
info: Win32Emu.Emulator[0]
      Dispatching DINPUT.DLL!DirectInputCreateA at EIP=0x0E000002 ESP=0x001FEED4 stack=4F 3C 45 00 00 00 40 00 00 03 00 00 68 89 50 00
info: Win32Emu.Emulator[0]
      [DInput] DirectInputCreateA(hinst=0x00400000, dwVersion=0x00000300, lplpDirectInput=0x00508968, pUnkOuter=0x00000000)
info: Win32Emu.Emulator[0]
      [SilkInput] Input subsystem initialized
info: Win32Emu.Emulator[0]
      [COM] Created IDirectInput object at 0x014631E0 (vtable at 0x014631F0)
info: Win32Emu.Emulator[0]
      [DInput] Writing COM object 0x014631E0 to address 0x00508968
info: Win32Emu.Emulator[0]
      [DInput] Verification: Read back 0x014631E0 from 0x00508968 - SUCCESS
info: Win32Emu.Emulator[0]
      [DInput] Created IDirectInput COM object at 0x014631E0
info: Win32Emu.Emulator[0]
      [Dispatcher] DINPUT.DLL!DirectInputCreateA returned 0x00000000, argBytes=16
info: Win32Emu.Emulator[0]
      [Syscall] AFTER API: Return address at 0x001FEED4 = 0x00453C4F
info: Win32Emu.Emulator[0]
      [COM] Invoking vtable method: IDirectInput::CreateDevice at address 0x0D005030
info: Win32Emu.Emulator[0]
      [DInput COM] IDirectInput::CreateDevice(this=0x014631E0, rguid=0x001FEF00, lplpDevice=0x00508C74, pUnkOuter=0x00000000)
info: Win32Emu.Emulator[0]
      [COM] Created IDirectInputDevice object at 0x01463210 (vtable at 0x01463220)
info: Win32Emu.Emulator[0]
      [DInput COM] Created IDirectInputDevice COM object at 0x01463210
info: Win32Emu.Emulator[0]
      [COM] IDirectInput::CreateDevice returned 0x00000000 (argBytes=16)
info: Win32Emu.Emulator[0]
      [COM vtable] Return address from stack: ESP=0x001FEED4, retEIP=0x00453C72
info: Win32Emu.Emulator[0]
      [COM vtable] Stack state before cleanup:
        [ESP+00] = 0x001FEED4: 0x00453C72 (return addr)
        [ESP+04] = 0x001FEED8: 0x014631E0 (arg1)
        [ESP+08] = 0x001FEEDC: 0x001FEF00 (arg2)
        [ESP+12] = 0x001FEEE0: 0x00508C74 (arg3)
        [ESP+16] = 0x001FEEE4: 0x00000000 (arg4)
        [ESP+20] = 0x001FEEE8: 0x00000000
      
info: Win32Emu.Emulator[0]
      [COM vtable] Stack cleanup: ESP=0x001FEED4, retEIP=0x00453C72, argBytes=16, new ESP=0x001FEEE8
info: Win32Emu.Emulator[0]
      [COM] After vtable call: ESP changed from 0x001FEED4 to 0x001FEEE8 (delta=20), Call site EIP=0x0D005030, Return EIP=0x00453C72
info: Win32Emu.Emulator[0]
      [COM] Invoking vtable method: IDirectInputDevice::SetDataFormat at address 0x0D0060B0
info: Win32Emu.Emulator[0]
      [DInput COM] IDirectInputDevice::SetDataFormat(this=0x01463210, lpdf=0x00476880)
info: Win32Emu.Emulator[0]
      [DInput COM]   DIDATAFORMAT: size=24, objSize=16, flags=0x2, dataSize=256, numObjs=256, rgodf=0x00475880
info: Win32Emu.Emulator[0]
      [COM] IDirectInputDevice::SetDataFormat returned 0x00000000 (argBytes=8)
info: Win32Emu.Emulator[0]
      [COM vtable] Return address from stack: ESP=0x001FEEDC, retEIP=0x00453C8D
info: Win32Emu.Emulator[0]
      [COM vtable] Stack state before cleanup:
        [ESP+00] = 0x001FEEDC: 0x00453C8D (return addr)
        [ESP+04] = 0x001FEEE0: 0x01463210 (arg1)
        [ESP+08] = 0x001FEEE4: 0x00476880 (arg2)
        [ESP+12] = 0x001FEEE8: 0x00000000
        [ESP+16] = 0x001FEEEC: 0x00000014
        [ESP+20] = 0x001FEEF0: 0x00000010
      
info: Win32Emu.Emulator[0]
      [COM vtable] Stack cleanup: ESP=0x001FEEDC, retEIP=0x00453C8D, argBytes=8, new ESP=0x001FEEE8
info: Win32Emu.Emulator[0]
      [COM] After vtable call: ESP changed from 0x001FEEDC to 0x001FEEE8 (delta=12), Call site EIP=0x0D0060B0, Return EIP=0x00453C8D
info: Win32Emu.Emulator[0]
      [COM] Invoking vtable method: IDirectInputDevice::SetCooperativeLevel at address 0x0D0060D0
info: Win32Emu.Emulator[0]
      [DInput COM] IDirectInputDevice::SetCooperativeLevel(this=0x01463210, hwnd=0x00010000, flags=0x00000006)
info: Win32Emu.Emulator[0]
      [DInput COM]   Flags: DISCL_NONEXCLUSIVE | DISCL_FOREGROUND
info: Win32Emu.Emulator[0]
      [COM] IDirectInputDevice::SetCooperativeLevel returned 0x00000000 (argBytes=12)
info: Win32Emu.Emulator[0]
      [COM vtable] Return address from stack: ESP=0x001FEED8, retEIP=0x00453CAC
info: Win32Emu.Emulator[0]
      [COM vtable] Stack state before cleanup:
        [ESP+00] = 0x001FEED8: 0x00453CAC (return addr)
        [ESP+04] = 0x001FEEDC: 0x01463210 (arg1)
        [ESP+08] = 0x001FEEE0: 0x00010000 (arg2)
        [ESP+12] = 0x001FEEE4: 0x00000006 (arg3)
        [ESP+16] = 0x001FEEE8: 0x00000000
        [ESP+20] = 0x001FEEEC: 0x00000014
      
info: Win32Emu.Emulator[0]
      [COM vtable] Stack cleanup: ESP=0x001FEED8, retEIP=0x00453CAC, argBytes=12, new ESP=0x001FEEE8
info: Win32Emu.Emulator[0]
      [COM] After vtable call: ESP changed from 0x001FEED8 to 0x001FEEE8 (delta=16), Call site EIP=0x0D0060D0, Return EIP=0x00453CAC
info: Win32Emu.Emulator[0]
      [COM] Invoking vtable method: IDirectInputDevice::SetProperty at address 0x0D006060
info: Win32Emu.Emulator[0]
      [DInput COM] IDirectInputDevice::SetProperty(this=0x01463210, rguidProp=0x00000001, pdiph=0x001FEEEC)
info: Win32Emu.Emulator[0]
      [DInput COM]   DIPROPHEADER: size=20, headerSize=16, obj=0, how=0
info: Win32Emu.Emulator[0]
      [DInput COM]   Property value: 32
info: Win32Emu.Emulator[0]
      [COM] IDirectInputDevice::SetProperty returned 0x00000000 (argBytes=12)
info: Win32Emu.Emulator[0]
      [COM vtable] Return address from stack: ESP=0x001FEED8, retEIP=0x00453CCA
info: Win32Emu.Emulator[0]
      [COM vtable] Stack state before cleanup:
        [ESP+00] = 0x001FEED8: 0x00453CCA (return addr)
        [ESP+04] = 0x001FEEDC: 0x01463210 (arg1)
        [ESP+08] = 0x001FEEE0: 0x00000001 (arg2)
        [ESP+12] = 0x001FEEE4: 0x001FEEEC (arg3)
        [ESP+16] = 0x001FEEE8: 0x00000000
        [ESP+20] = 0x001FEEEC: 0x00000014
      
info: Win32Emu.Emulator[0]
      [COM vtable] Stack cleanup: ESP=0x001FEED8, retEIP=0x00453CCA, argBytes=12, new ESP=0x001FEEE8
info: Win32Emu.Emulator[0]
      [COM] After vtable call: ESP changed from 0x001FEED8 to 0x001FEEE8 (delta=16), Call site EIP=0x0D006060, Return EIP=0x00453CCA
info: Win32Emu.Emulator[0]
      [COM] Invoking vtable method: IDirectInputDevice::Acquire at address 0x0D006070
info: Win32Emu.Emulator[0]
      [DInput COM] IDirectInputDevice::Acquire(this=0x01463210)
info: Win32Emu.Emulator[0]
      [DInput COM]   Device acquired successfully
info: Win32Emu.Emulator[0]
      [COM] IDirectInputDevice::Acquire returned 0x00000000 (argBytes=4)
info: Win32Emu.Emulator[0]
      [COM vtable] Return address from stack: ESP=0x001FEEE0, retEIP=0x00453CE0
info: Win32Emu.Emulator[0]
      [COM vtable] Stack state before cleanup:
        [ESP+00] = 0x001FEEE0: 0x00453CE0 (return addr)
        [ESP+04] = 0x001FEEE4: 0x01463210 (arg1)
        [ESP+08] = 0x001FEEE8: 0x00000000
        [ESP+12] = 0x001FEEEC: 0x00000014
        [ESP+16] = 0x001FEEF0: 0x00000010
        [ESP+20] = 0x001FEEF4: 0x00000000
      
info: Win32Emu.Emulator[0]
      [COM vtable] Stack cleanup: ESP=0x001FEEE0, retEIP=0x00453CE0, argBytes=4, new ESP=0x001FEEE8
info: Win32Emu.Emulator[0]
      [COM] After vtable call: ESP changed from 0x001FEEE0 to 0x001FEEE8 (delta=8), Call site EIP=0x0D006070, Return EIP=0x00453CE0
info: Win32Emu.Emulator[0]
      [Syscall] USER32.DLL!GetMessageA from stub at 0x0F000600
info: Win32Emu.Emulator[0]
      [Syscall] BEFORE API: Return address at 0x001FEF04 = 0x00411376
info: Win32Emu.Emulator[0]
      Dispatching USER32.DLL!GetMessageA at EIP=0x0E000002 ESP=0x001FEF04 stack=76 13 41 00 28 EF 1F 00 00 00 00 00 00 00 00 00
info: Win32Emu.Emulator[0]
      [User32] GetMessageA: retrieved MSG=0x0001 HWND=0x00010000
info: Win32Emu.Emulator[0]
      [Dispatcher] USER32.DLL!GetMessageA returned 0x00000001, argBytes=16
info: Win32Emu.Emulator[0]
      [Syscall] AFTER API: Return address at 0x001FEF04 = 0x00411376
info: Win32Emu.Emulator[0]
      [Syscall] USER32.DLL!TranslateMessage from stub at 0x0F000470
info: Win32Emu.Emulator[0]
      [Syscall] BEFORE API: Return address at 0x001FEF10 = 0x00411381
info: Win32Emu.Emulator[0]
      Dispatching USER32.DLL!TranslateMessage at EIP=0x0E000002 ESP=0x001FEF10 stack=81 13 41 00 28 EF 1F 00 FC EF 1F 00 00 00 00 00
info: Win32Emu.Emulator[0]
      [User32] TranslateMessage: HWND=0x00010000 MSG=0x0001 wParam=0x00000000 lParam=0x00000000
info: Win32Emu.Emulator[0]
      [Dispatcher] USER32.DLL!TranslateMessage returned 0x00000000, argBytes=4
info: Win32Emu.Emulator[0]
      [Syscall] AFTER API: Return address at 0x001FEF10 = 0x00411381
info: Win32Emu.Emulator[0]
      [Syscall] USER32.DLL!DispatchMessageA from stub at 0x0F000480
info: Win32Emu.Emulator[0]
      [Syscall] BEFORE API: Return address at 0x001FEF10 = 0x00411388
info: Win32Emu.Emulator[0]
      Dispatching USER32.DLL!DispatchMessageA at EIP=0x0E000002 ESP=0x001FEF10 stack=88 13 41 00 28 EF 1F 00 FC EF 1F 00 00 00 00 00
info: Win32Emu.Emulator[0]
      [User32] DispatchMessageA: HWND=0x00010000 MSG=0x0001 wParam=0x00000000 lParam=0x00000000
info: Win32Emu.Emulator[0]
      [User32] DispatchMessageA: Found WndProc=0x00411450 for HWND=0x00010000
info: Win32Emu.Emulator[0]
      [User32] CallWindowProcedureAsync: Calling 0x00411450 with HWND=0x00010000 MSG=0x0001
info: Win32Emu.Emulator[0]
      [User32] CallWindowProcedureAsync: Completed with return value 0x00000000, timedOut=False, cancelled=False, failed=False
info: Win32Emu.Emulator[0]
      [User32] DispatchMessageA: WndProc returned 0x00000000
info: Win32Emu.Emulator[0]
      [Dispatcher] USER32.DLL!DispatchMessageA returned 0x00000000, argBytes=4
info: Win32Emu.Emulator[0]
      [Syscall] AFTER API: Return address at 0x001FEF10 = 0x00411388
info: Win32Emu.Emulator[0]
      [Syscall] USER32.DLL!GetMessageA from stub at 0x0F000600
info: Win32Emu.Emulator[0]
      [Syscall] BEFORE API: Return address at 0x001FEF04 = 0x00411376
info: Win32Emu.Emulator[0]
      Dispatching USER32.DLL!GetMessageA at EIP=0x0E000002 ESP=0x001FEF04 stack=76 13 41 00 28 EF 1F 00 00 00 00 00 00 00 00 00
info: Win32Emu.Emulator[0]
      [User32] GetMessageA: retrieved MSG=0x0005 HWND=0x00010000
info: Win32Emu.Emulator[0]
      [Dispatcher] USER32.DLL!GetMessageA returned 0x00000001, argBytes=16
info: Win32Emu.Emulator[0]
      [Syscall] AFTER API: Return address at 0x001FEF04 = 0x00411376
info: Win32Emu.Emulator[0]
      [Syscall] USER32.DLL!TranslateMessage from stub at 0x0F000470
info: Win32Emu.Emulator[0]
      [Syscall] BEFORE API: Return address at 0x001FEF10 = 0x00411381
info: Win32Emu.Emulator[0]
      Dispatching USER32.DLL!TranslateMessage at EIP=0x0E000002 ESP=0x001FEF10 stack=81 13 41 00 28 EF 1F 00 FC EF 1F 00 00 00 00 00
info: Win32Emu.Emulator[0]
      [User32] TranslateMessage: HWND=0x00010000 MSG=0x0005 wParam=0x00000000 lParam=0x01E00280
info: Win32Emu.Emulator[0]
      [Dispatcher] USER32.DLL!TranslateMessage returned 0x00000000, argBytes=4
info: Win32Emu.Emulator[0]
      [Syscall] AFTER API: Return address at 0x001FEF10 = 0x00411381
info: Win32Emu.Emulator[0]
      [Syscall] USER32.DLL!DispatchMessageA from stub at 0x0F000480
info: Win32Emu.Emulator[0]
      [Syscall] BEFORE API: Return address at 0x001FEF10 = 0x00411388
info: Win32Emu.Emulator[0]
      Dispatching USER32.DLL!DispatchMessageA at EIP=0x0E000002 ESP=0x001FEF10 stack=88 13 41 00 28 EF 1F 00 FC EF 1F 00 00 00 00 00
info: Win32Emu.Emulator[0]
      [User32] DispatchMessageA: HWND=0x00010000 MSG=0x0005 wParam=0x00000000 lParam=0x01E00280
info: Win32Emu.Emulator[0]
      [User32] DispatchMessageA: Found WndProc=0x00411450 for HWND=0x00010000
info: Win32Emu.Emulator[0]
      [User32] CallWindowProcedureAsync: Calling 0x00411450 with HWND=0x00010000 MSG=0x0005
info: Win32Emu.Emulator[0]
      Dispatching USER32.DLL!GetSystemMetrics at EIP=0x0F000440 ESP=0x001FEDE8 stack=CA 14 41 00 01 00 00 00 00 06 00 0F F0 05 00 0F
info: Win32Emu.Emulator[0]
      [User32] GetSystemMetrics: nIndex=SM_CYSCREEN
info: Win32Emu.Emulator[0]
      [User32] GetSystemMetrics: Returning SM_CYSCREEN (1): 480
info: Win32Emu.Emulator[0]
      [Dispatcher] USER32.DLL!GetSystemMetrics returned 0x000001E0, argBytes=4
info: Win32Emu.Emulator[0]
      Dispatching USER32.DLL!GetSystemMetrics at EIP=0x0F000440 ESP=0x001FEDE4 stack=CF 14 41 00 00 00 00 00 E0 01 00 00 00 06 00 0F
info: Win32Emu.Emulator[0]
      [User32] GetSystemMetrics: nIndex=SM_CXSCREEN
info: Win32Emu.Emulator[0]
      [User32] GetSystemMetrics: Returning SM_CXSCREEN (0): 640
info: Win32Emu.Emulator[0]
      [Dispatcher] USER32.DLL!GetSystemMetrics returned 0x00000280, argBytes=4
info: Win32Emu.Emulator[0]
      Dispatching USER32.DLL!SetRect at EIP=0x0F000400 ESP=0x001FEDD8 stack=DF 14 41 00 58 FD 4B 00 00 00 00 00 00 00 00 00
info: Win32Emu.Emulator[0]
      [User32] SetRect: lpRect=0x004BFD58 (0,0,640,480)
info: Win32Emu.Emulator[0]
      [Dispatcher] USER32.DLL!SetRect returned 0x00000001, argBytes=20
info: Win32Emu.Emulator[0]
      Dispatching USER32.DLL!DefWindowProcA at EIP=0x0F0005E0 ESP=0x001FEDDC stack=C5 15 41 00 00 00 01 00 05 00 00 00 00 00 00 00
info: Win32Emu.Emulator[0]
      [User32] DefWindowProcA: HWND=0x00010000 MSG=0x0005 wParam=0x00000000 lParam=0x01E00280
info: Win32Emu.Emulator[0]
      [Dispatcher] USER32.DLL!DefWindowProcA returned 0x00000000, argBytes=16
info: Win32Emu.Emulator[0]
      [User32] CallWindowProcedureAsync: Completed with return value 0x00000000, timedOut=False, cancelled=False, failed=False
info: Win32Emu.Emulator[0]
      [User32] DispatchMessageA: WndProc returned 0x00000000
info: Win32Emu.Emulator[0]
      [Dispatcher] USER32.DLL!DispatchMessageA returned 0x00000000, argBytes=4
info: Win32Emu.Emulator[0]
      [Syscall] AFTER API: Return address at 0x001FEF10 = 0x00411388
info: Win32Emu.Emulator[0]
      [Syscall] USER32.DLL!GetMessageA from stub at 0x0F000600
info: Win32Emu.Emulator[0]
      [Syscall] BEFORE API: Return address at 0x001FEF04 = 0x00411376
info: Win32Emu.Emulator[0]
      Dispatching USER32.DLL!GetMessageA at EIP=0x0E000002 ESP=0x001FEF04 stack=76 13 41 00 28 EF 1F 00 00 00 00 00 00 00 00 00
info: Win32Emu.Emulator[0]
      [User32] GetMessageA: retrieved MSG=0x0003 HWND=0x00010000
info: Win32Emu.Emulator[0]
      [Dispatcher] USER32.DLL!GetMessageA returned 0x00000001, argBytes=16
info: Win32Emu.Emulator[0]
      [Syscall] AFTER API: Return address at 0x001FEF04 = 0x00411376
info: Win32Emu.Emulator[0]
      [Syscall] USER32.DLL!TranslateMessage from stub at 0x0F000470
info: Win32Emu.Emulator[0]
      [Syscall] BEFORE API: Return address at 0x001FEF10 = 0x00411381
info: Win32Emu.Emulator[0]
      Dispatching USER32.DLL!TranslateMessage at EIP=0x0E000002 ESP=0x001FEF10 stack=81 13 41 00 28 EF 1F 00 FC EF 1F 00 00 00 00 00
info: Win32Emu.Emulator[0]
      [User32] TranslateMessage: HWND=0x00010000 MSG=0x0003 wParam=0x00000000 lParam=0x00000000
info: Win32Emu.Emulator[0]
      [Dispatcher] USER32.DLL!TranslateMessage returned 0x00000000, argBytes=4
info: Win32Emu.Emulator[0]
      [Syscall] AFTER API: Return address at 0x001FEF10 = 0x00411381
info: Win32Emu.Emulator[0]
      [Syscall] USER32.DLL!DispatchMessageA from stub at 0x0F000480
info: Win32Emu.Emulator[0]
      [Syscall] BEFORE API: Return address at 0x001FEF10 = 0x00411388
info: Win32Emu.Emulator[0]
      Dispatching USER32.DLL!DispatchMessageA at EIP=0x0E000002 ESP=0x001FEF10 stack=88 13 41 00 28 EF 1F 00 FC EF 1F 00 00 00 00 00
info: Win32Emu.Emulator[0]
      [User32] DispatchMessageA: HWND=0x00010000 MSG=0x0003 wParam=0x00000000 lParam=0x00000000
info: Win32Emu.Emulator[0]
      [User32] DispatchMessageA: Found WndProc=0x00411450 for HWND=0x00010000
info: Win32Emu.Emulator[0]
      [User32] CallWindowProcedureAsync: Calling 0x00411450 with HWND=0x00010000 MSG=0x0003
info: Win32Emu.Emulator[0]
      Dispatching USER32.DLL!GetSystemMetrics at EIP=0x0F000440 ESP=0x001FEDE8 stack=CA 14 41 00 01 00 00 00 00 06 00 0F F0 05 00 0F
info: Win32Emu.Emulator[0]
      [User32] GetSystemMetrics: nIndex=SM_CYSCREEN
info: Win32Emu.Emulator[0]
      [User32] GetSystemMetrics: Returning SM_CYSCREEN (1): 480
info: Win32Emu.Emulator[0]
      [Dispatcher] USER32.DLL!GetSystemMetrics returned 0x000001E0, argBytes=4
info: Win32Emu.Emulator[0]
      Dispatching USER32.DLL!GetSystemMetrics at EIP=0x0F000440 ESP=0x001FEDE4 stack=CF 14 41 00 00 00 00 00 E0 01 00 00 00 06 00 0F
info: Win32Emu.Emulator[0]
      [User32] GetSystemMetrics: nIndex=SM_CXSCREEN
info: Win32Emu.Emulator[0]
      [User32] GetSystemMetrics: Returning SM_CXSCREEN (0): 640
info: Win32Emu.Emulator[0]
      [Dispatcher] USER32.DLL!GetSystemMetrics returned 0x00000280, argBytes=4
info: Win32Emu.Emulator[0]
      Dispatching USER32.DLL!SetRect at EIP=0x0F000400 ESP=0x001FEDD8 stack=DF 14 41 00 58 FD 4B 00 00 00 00 00 00 00 00 00
info: Win32Emu.Emulator[0]
      [User32] SetRect: lpRect=0x004BFD58 (0,0,640,480)
info: Win32Emu.Emulator[0]
      [Dispatcher] USER32.DLL!SetRect returned 0x00000001, argBytes=20
info: Win32Emu.Emulator[0]
      Dispatching USER32.DLL!DefWindowProcA at EIP=0x0F0005E0 ESP=0x001FEDDC stack=C5 15 41 00 00 00 01 00 03 00 00 00 00 00 00 00
info: Win32Emu.Emulator[0]
      [User32] DefWindowProcA: HWND=0x00010000 MSG=0x0003 wParam=0x00000000 lParam=0x00000000
info: Win32Emu.Emulator[0]
      [Dispatcher] USER32.DLL!DefWindowProcA returned 0x00000000, argBytes=16
info: Win32Emu.Emulator[0]
      [User32] CallWindowProcedureAsync: Completed with return value 0x00000000, timedOut=False, cancelled=False, failed=False
info: Win32Emu.Emulator[0]
      [User32] DispatchMessageA: WndProc returned 0x00000000
info: Win32Emu.Emulator[0]
      [Dispatcher] USER32.DLL!DispatchMessageA returned 0x00000000, argBytes=4
info: Win32Emu.Emulator[0]
      [Syscall] AFTER API: Return address at 0x001FEF10 = 0x00411388
info: Win32Emu.Emulator[0]
      [Syscall] USER32.DLL!GetMessageA from stub at 0x0F000600
info: Win32Emu.Emulator[0]
      [Syscall] BEFORE API: Return address at 0x001FEF04 = 0x00411376
info: Win32Emu.Emulator[0]
      Dispatching USER32.DLL!GetMessageA at EIP=0x0E000002 ESP=0x001FEF04 stack=76 13 41 00 28 EF 1F 00 00 00 00 00 00 00 00 00
info: Win32Emu.Emulator[0]
      [User32] GetMessageA: retrieved MSG=0x0005 HWND=0x00010000
info: Win32Emu.Emulator[0]
      [Dispatcher] USER32.DLL!GetMessageA returned 0x00000001, argBytes=16
info: Win32Emu.Emulator[0]
      [Syscall] AFTER API: Return address at 0x001FEF04 = 0x00411376
info: Win32Emu.Emulator[0]
      [Syscall] USER32.DLL!TranslateMessage from stub at 0x0F000470
info: Win32Emu.Emulator[0]
      [Syscall] BEFORE API: Return address at 0x001FEF10 = 0x00411381
info: Win32Emu.Emulator[0]
      Dispatching USER32.DLL!TranslateMessage at EIP=0x0E000002 ESP=0x001FEF10 stack=81 13 41 00 28 EF 1F 00 FC EF 1F 00 00 00 00 00
info: Win32Emu.Emulator[0]
      [User32] TranslateMessage: HWND=0x00010000 MSG=0x0005 wParam=0x00000000 lParam=0x01E00280
info: Win32Emu.Emulator[0]
      [Dispatcher] USER32.DLL!TranslateMessage returned 0x00000000, argBytes=4
info: Win32Emu.Emulator[0]
      [Syscall] AFTER API: Return address at 0x001FEF10 = 0x00411381
info: Win32Emu.Emulator[0]
      [Syscall] USER32.DLL!DispatchMessageA from stub at 0x0F000480
info: Win32Emu.Emulator[0]
      [Syscall] BEFORE API: Return address at 0x001FEF10 = 0x00411388
info: Win32Emu.Emulator[0]
      Dispatching USER32.DLL!DispatchMessageA at EIP=0x0E000002 ESP=0x001FEF10 stack=88 13 41 00 28 EF 1F 00 FC EF 1F 00 00 00 00 00
info: Win32Emu.Emulator[0]
      [User32] DispatchMessageA: HWND=0x00010000 MSG=0x0005 wParam=0x00000000 lParam=0x01E00280
info: Win32Emu.Emulator[0]
      [User32] DispatchMessageA: Found WndProc=0x00411450 for HWND=0x00010000
info: Win32Emu.Emulator[0]
      [User32] CallWindowProcedureAsync: Calling 0x00411450 with HWND=0x00010000 MSG=0x0005
info: Win32Emu.Emulator[0]
      Dispatching USER32.DLL!GetSystemMetrics at EIP=0x0F000440 ESP=0x001FEDE8 stack=CA 14 41 00 01 00 00 00 00 06 00 0F F0 05 00 0F
info: Win32Emu.Emulator[0]
      [User32] GetSystemMetrics: nIndex=SM_CYSCREEN
info: Win32Emu.Emulator[0]
      [User32] GetSystemMetrics: Returning SM_CYSCREEN (1): 480
info: Win32Emu.Emulator[0]
      [Dispatcher] USER32.DLL!GetSystemMetrics returned 0x000001E0, argBytes=4
info: Win32Emu.Emulator[0]
      Dispatching USER32.DLL!GetSystemMetrics at EIP=0x0F000440 ESP=0x001FEDE4 stack=CF 14 41 00 00 00 00 00 E0 01 00 00 00 06 00 0F
info: Win32Emu.Emulator[0]
      [User32] GetSystemMetrics: nIndex=SM_CXSCREEN
info: Win32Emu.Emulator[0]
      [User32] GetSystemMetrics: Returning SM_CXSCREEN (0): 640
info: Win32Emu.Emulator[0]
      [Dispatcher] USER32.DLL!GetSystemMetrics returned 0x00000280, argBytes=4
info: Win32Emu.Emulator[0]
      Dispatching USER32.DLL!SetRect at EIP=0x0F000400 ESP=0x001FEDD8 stack=DF 14 41 00 58 FD 4B 00 00 00 00 00 00 00 00 00
info: Win32Emu.Emulator[0]
      [User32] SetRect: lpRect=0x004BFD58 (0,0,640,480)
info: Win32Emu.Emulator[0]
      [Dispatcher] USER32.DLL!SetRect returned 0x00000001, argBytes=20
info: Win32Emu.Emulator[0]
      Dispatching USER32.DLL!DefWindowProcA at EIP=0x0F0005E0 ESP=0x001FEDDC stack=C5 15 41 00 00 00 01 00 05 00 00 00 00 00 00 00
info: Win32Emu.Emulator[0]
      [User32] DefWindowProcA: HWND=0x00010000 MSG=0x0005 wParam=0x00000000 lParam=0x01E00280
info: Win32Emu.Emulator[0]
      [Dispatcher] USER32.DLL!DefWindowProcA returned 0x00000000, argBytes=16
info: Win32Emu.Emulator[0]
      [User32] CallWindowProcedureAsync: Completed with return value 0x00000000, timedOut=False, cancelled=False, failed=False
info: Win32Emu.Emulator[0]
      [User32] DispatchMessageA: WndProc returned 0x00000000
info: Win32Emu.Emulator[0]
      [Dispatcher] USER32.DLL!DispatchMessageA returned 0x00000000, argBytes=4
info: Win32Emu.Emulator[0]
      [Syscall] AFTER API: Return address at 0x001FEF10 = 0x00411388
info: Win32Emu.Emulator[0]
      [Syscall] USER32.DLL!GetMessageA from stub at 0x0F000600
info: Win32Emu.Emulator[0]
      [Syscall] BEFORE API: Return address at 0x001FEF04 = 0x00411376
info: Win32Emu.Emulator[0]
      Dispatching USER32.DLL!GetMessageA at EIP=0x0E000002 ESP=0x001FEF04 stack=76 13 41 00 28 EF 1F 00 00 00 00 00 00 00 00 00
info: Win32Emu.Emulator[0]
      [User32] GetMessageA: retrieved MSG=0x0005 HWND=0x00010000
info: Win32Emu.Emulator[0]
      [Dispatcher] USER32.DLL!GetMessageA returned 0x00000001, argBytes=16
info: Win32Emu.Emulator[0]
      [Syscall] AFTER API: Return address at 0x001FEF04 = 0x00411376
info: Win32Emu.Emulator[0]
      [Syscall] USER32.DLL!TranslateMessage from stub at 0x0F000470
info: Win32Emu.Emulator[0]
      [Syscall] BEFORE API: Return address at 0x001FEF10 = 0x00411381
info: Win32Emu.Emulator[0]
      Dispatching USER32.DLL!TranslateMessage at EIP=0x0E000002 ESP=0x001FEF10 stack=81 13 41 00 28 EF 1F 00 FC EF 1F 00 00 00 00 00
info: Win32Emu.Emulator[0]
      [User32] TranslateMessage: HWND=0x00010000 MSG=0x0005 wParam=0x00000000 lParam=0x01E00280
info: Win32Emu.Emulator[0]
      [Dispatcher] USER32.DLL!TranslateMessage returned 0x00000000, argBytes=4
info: Win32Emu.Emulator[0]
      [Syscall] AFTER API: Return address at 0x001FEF10 = 0x00411381
info: Win32Emu.Emulator[0]
      [Syscall] USER32.DLL!DispatchMessageA from stub at 0x0F000480
info: Win32Emu.Emulator[0]
      [Syscall] BEFORE API: Return address at 0x001FEF10 = 0x00411388
info: Win32Emu.Emulator[0]
      Dispatching USER32.DLL!DispatchMessageA at EIP=0x0E000002 ESP=0x001FEF10 stack=88 13 41 00 28 EF 1F 00 FC EF 1F 00 00 00 00 00
info: Win32Emu.Emulator[0]
      [User32] DispatchMessageA: HWND=0x00010000 MSG=0x0005 wParam=0x00000000 lParam=0x01E00280
info: Win32Emu.Emulator[0]
      [User32] DispatchMessageA: Found WndProc=0x00411450 for HWND=0x00010000
info: Win32Emu.Emulator[0]
      [User32] CallWindowProcedureAsync: Calling 0x00411450 with HWND=0x00010000 MSG=0x0005
info: Win32Emu.Emulator[0]
      Dispatching USER32.DLL!GetSystemMetrics at EIP=0x0F000440 ESP=0x001FEDE8 stack=CA 14 41 00 01 00 00 00 00 06 00 0F F0 05 00 0F
info: Win32Emu.Emulator[0]
      [User32] GetSystemMetrics: nIndex=SM_CYSCREEN
info: Win32Emu.Emulator[0]
      [User32] GetSystemMetrics: Returning SM_CYSCREEN (1): 480
info: Win32Emu.Emulator[0]
      [Dispatcher] USER32.DLL!GetSystemMetrics returned 0x000001E0, argBytes=4
info: Win32Emu.Emulator[0]
      Dispatching USER32.DLL!GetSystemMetrics at EIP=0x0F000440 ESP=0x001FEDE4 stack=CF 14 41 00 00 00 00 00 E0 01 00 00 00 06 00 0F
info: Win32Emu.Emulator[0]
      [User32] GetSystemMetrics: nIndex=SM_CXSCREEN
info: Win32Emu.Emulator[0]
      [User32] GetSystemMetrics: Returning SM_CXSCREEN (0): 640
info: Win32Emu.Emulator[0]
      [Dispatcher] USER32.DLL!GetSystemMetrics returned 0x00000280, argBytes=4
info: Win32Emu.Emulator[0]
      Dispatching USER32.DLL!SetRect at EIP=0x0F000400 ESP=0x001FEDD8 stack=DF 14 41 00 58 FD 4B 00 00 00 00 00 00 00 00 00
info: Win32Emu.Emulator[0]
      [User32] SetRect: lpRect=0x004BFD58 (0,0,640,480)
info: Win32Emu.Emulator[0]
      [Dispatcher] USER32.DLL!SetRect returned 0x00000001, argBytes=20
info: Win32Emu.Emulator[0]
      Dispatching USER32.DLL!DefWindowProcA at EIP=0x0F0005E0 ESP=0x001FEDDC stack=C5 15 41 00 00 00 01 00 05 00 00 00 00 00 00 00
info: Win32Emu.Emulator[0]
      [User32] DefWindowProcA: HWND=0x00010000 MSG=0x0005 wParam=0x00000000 lParam=0x01E00280
info: Win32Emu.Emulator[0]
      [Dispatcher] USER32.DLL!DefWindowProcA returned 0x00000000, argBytes=16
info: Win32Emu.Emulator[0]
      [User32] CallWindowProcedureAsync: Completed with return value 0x00000000, timedOut=False, cancelled=False, failed=False
info: Win32Emu.Emulator[0]
      [User32] DispatchMessageA: WndProc returned 0x00000000
info: Win32Emu.Emulator[0]
      [Dispatcher] USER32.DLL!DispatchMessageA returned 0x00000000, argBytes=4
info: Win32Emu.Emulator[0]
      [Syscall] AFTER API: Return address at 0x001FEF10 = 0x00411388
info: Win32Emu.Emulator[0]
      [Syscall] USER32.DLL!GetMessageA from stub at 0x0F000600
info: Win32Emu.Emulator[0]
      [Syscall] BEFORE API: Return address at 0x001FEF04 = 0x00411376
info: Win32Emu.Emulator[0]
      Dispatching USER32.DLL!GetMessageA at EIP=0x0E000002 ESP=0x001FEF04 stack=76 13 41 00 28 EF 1F 00 00 00 00 00 00 00 00 00
info: Win32Emu.Emulator[0]
      [User32] GetMessageA: retrieved MSG=0x001C HWND=0x00010000
info: Win32Emu.Emulator[0]
      [Dispatcher] USER32.DLL!GetMessageA returned 0x00000001, argBytes=16
info: Win32Emu.Emulator[0]
      [Syscall] AFTER API: Return address at 0x001FEF04 = 0x00411376
info: Win32Emu.Emulator[0]
      [Syscall] USER32.DLL!TranslateMessage from stub at 0x0F000470
info: Win32Emu.Emulator[0]
      [Syscall] BEFORE API: Return address at 0x001FEF10 = 0x00411381
info: Win32Emu.Emulator[0]
      Dispatching USER32.DLL!TranslateMessage at EIP=0x0E000002 ESP=0x001FEF10 stack=81 13 41 00 28 EF 1F 00 FC EF 1F 00 00 00 00 00
info: Win32Emu.Emulator[0]
      [User32] TranslateMessage: HWND=0x00010000 MSG=0x001C wParam=0x00000001 lParam=0x00000000
info: Win32Emu.Emulator[0]
      [Dispatcher] USER32.DLL!TranslateMessage returned 0x00000000, argBytes=4
info: Win32Emu.Emulator[0]
      [Syscall] AFTER API: Return address at 0x001FEF10 = 0x00411381
info: Win32Emu.Emulator[0]
      [Syscall] USER32.DLL!DispatchMessageA from stub at 0x0F000480
info: Win32Emu.Emulator[0]
      [Syscall] BEFORE API: Return address at 0x001FEF10 = 0x00411388
info: Win32Emu.Emulator[0]
      Dispatching USER32.DLL!DispatchMessageA at EIP=0x0E000002 ESP=0x001FEF10 stack=88 13 41 00 28 EF 1F 00 FC EF 1F 00 00 00 00 00
info: Win32Emu.Emulator[0]
      [User32] DispatchMessageA: HWND=0x00010000 MSG=0x001C wParam=0x00000001 lParam=0x00000000
info: Win32Emu.Emulator[0]
      [User32] DispatchMessageA: Found WndProc=0x00411450 for HWND=0x00010000
info: Win32Emu.Emulator[0]
      [User32] CallWindowProcedureAsync: Calling 0x00411450 with HWND=0x00010000 MSG=0x001C
info: Win32Emu.Emulator[0]
      Dispatching USER32.DLL!DefWindowProcA at EIP=0x0F0005E0 ESP=0x001FEDDC stack=C5 15 41 00 00 00 01 00 1C 00 00 00 01 00 00 00
info: Win32Emu.Emulator[0]
      [User32] DefWindowProcA: HWND=0x00010000 MSG=0x001C wParam=0x00000001 lParam=0x00000000
info: Win32Emu.Emulator[0]
      [Dispatcher] USER32.DLL!DefWindowProcA returned 0x00000000, argBytes=16
info: Win32Emu.Emulator[0]
      [User32] CallWindowProcedureAsync: Completed with return value 0x00000000, timedOut=False, cancelled=False, failed=False
info: Win32Emu.Emulator[0]
      [User32] DispatchMessageA: WndProc returned 0x00000000
info: Win32Emu.Emulator[0]
      [Dispatcher] USER32.DLL!DispatchMessageA returned 0x00000000, argBytes=4
info: Win32Emu.Emulator[0]
      [Syscall] AFTER API: Return address at 0x001FEF10 = 0x00411388
info: Win32Emu.Emulator[0]
      [Syscall] USER32.DLL!PeekMessageA from stub at 0x0F0005F0
info: Win32Emu.Emulator[0]
      [Syscall] BEFORE API: Return address at 0x001FEF00 = 0x0041133A
info: Win32Emu.Emulator[0]
      Dispatching USER32.DLL!PeekMessageA at EIP=0x0E000002 ESP=0x001FEF00 stack=3A 13 41 00 28 EF 1F 00 00 00 00 00 00 00 00 00
info: Win32Emu.Emulator[0]
      [User32] PeekMessageA: lpMsg=0x001FEF28 HWND=0x00000000
info: Win32Emu.Emulator[0]
      [User32] PeekMessageA: found MSG=0x0018
info: Win32Emu.Emulator[0]
      [Dispatcher] USER32.DLL!PeekMessageA returned 0x00000001, argBytes=20
info: Win32Emu.Emulator[0]
      [Syscall] AFTER API: Return address at 0x001FEF00 = 0x0041133A
info: Win32Emu.Emulator[0]
      [Syscall] USER32.DLL!GetMessageA from stub at 0x0F000600
info: Win32Emu.Emulator[0]
      [Syscall] BEFORE API: Return address at 0x001FEF04 = 0x0041134B
info: Win32Emu.Emulator[0]
      Dispatching USER32.DLL!GetMessageA at EIP=0x0E000002 ESP=0x001FEF04 stack=4B 13 41 00 28 EF 1F 00 00 00 00 00 00 00 00 00
info: Win32Emu.Emulator[0]
      [User32] GetMessageA: retrieved MSG=0x001C HWND=0x00010000
info: Win32Emu.Emulator[0]
      [Dispatcher] USER32.DLL!GetMessageA returned 0x00000001, argBytes=16
info: Win32Emu.Emulator[0]
      [Syscall] AFTER API: Return address at 0x001FEF04 = 0x0041134B
info: Win32Emu.Emulator[0]
      [Syscall] USER32.DLL!TranslateMessage from stub at 0x0F000470
info: Win32Emu.Emulator[0]
      [Syscall] BEFORE API: Return address at 0x001FEF10 = 0x00411356
info: Win32Emu.Emulator[0]
      Dispatching USER32.DLL!TranslateMessage at EIP=0x0E000002 ESP=0x001FEF10 stack=56 13 41 00 28 EF 1F 00 FC EF 1F 00 00 00 00 00
info: Win32Emu.Emulator[0]
      [User32] TranslateMessage: HWND=0x00010000 MSG=0x001C wParam=0x00000001 lParam=0x00000000
info: Win32Emu.Emulator[0]
      [Dispatcher] USER32.DLL!TranslateMessage returned 0x00000000, argBytes=4
info: Win32Emu.Emulator[0]
      [Syscall] AFTER API: Return address at 0x001FEF10 = 0x00411356
info: Win32Emu.Emulator[0]
      [Syscall] USER32.DLL!DispatchMessageA from stub at 0x0F000480
info: Win32Emu.Emulator[0]
      [Syscall] BEFORE API: Return address at 0x001FEF10 = 0x0041135D
info: Win32Emu.Emulator[0]
      Dispatching USER32.DLL!DispatchMessageA at EIP=0x0E000002 ESP=0x001FEF10 stack=5D 13 41 00 28 EF 1F 00 FC EF 1F 00 00 00 00 00
info: Win32Emu.Emulator[0]
      [User32] DispatchMessageA: HWND=0x00010000 MSG=0x001C wParam=0x00000001 lParam=0x00000000
info: Win32Emu.Emulator[0]
      [User32] DispatchMessageA: Found WndProc=0x00411450 for HWND=0x00010000
info: Win32Emu.Emulator[0]
      [User32] CallWindowProcedureAsync: Calling 0x00411450 with HWND=0x00010000 MSG=0x001C
info: Win32Emu.Emulator[0]
      Dispatching USER32.DLL!DefWindowProcA at EIP=0x0F0005E0 ESP=0x001FEDDC stack=C5 15 41 00 00 00 01 00 1C 00 00 00 01 00 00 00
info: Win32Emu.Emulator[0]
      [User32] DefWindowProcA: HWND=0x00010000 MSG=0x001C wParam=0x00000001 lParam=0x00000000
info: Win32Emu.Emulator[0]
      [Dispatcher] USER32.DLL!DefWindowProcA returned 0x00000000, argBytes=16
info: Win32Emu.Emulator[0]
      [User32] CallWindowProcedureAsync: Completed with return value 0x00000000, timedOut=False, cancelled=False, failed=False
info: Win32Emu.Emulator[0]
      [User32] DispatchMessageA: WndProc returned 0x00000000
info: Win32Emu.Emulator[0]
      [Dispatcher] USER32.DLL!DispatchMessageA returned 0x00000000, argBytes=4
info: Win32Emu.Emulator[0]
      [Syscall] AFTER API: Return address at 0x001FEF10 = 0x0041135D
info: Win32Emu.Emulator[0]
      [Syscall] USER32.DLL!PeekMessageA from stub at 0x0F0005F0
info: Win32Emu.Emulator[0]
      [Syscall] BEFORE API: Return address at 0x001FEF00 = 0x0041133A
info: Win32Emu.Emulator[0]
      Dispatching USER32.DLL!PeekMessageA at EIP=0x0E000002 ESP=0x001FEF00 stack=3A 13 41 00 28 EF 1F 00 00 00 00 00 00 00 00 00
info: Win32Emu.Emulator[0]
      [User32] PeekMessageA: lpMsg=0x001FEF28 HWND=0x00000000
info: Win32Emu.Emulator[0]
      [User32] PeekMessageA: found MSG=0x0018
info: Win32Emu.Emulator[0]
      [Dispatcher] USER32.DLL!PeekMessageA returned 0x00000001, argBytes=20
info: Win32Emu.Emulator[0]
      [Syscall] AFTER API: Return address at 0x001FEF00 = 0x0041133A
info: Win32Emu.Emulator[0]
      [Syscall] USER32.DLL!GetMessageA from stub at 0x0F000600
info: Win32Emu.Emulator[0]
      [Syscall] BEFORE API: Return address at 0x001FEF04 = 0x0041134B
info: Win32Emu.Emulator[0]
      Dispatching USER32.DLL!GetMessageA at EIP=0x0E000002 ESP=0x001FEF04 stack=4B 13 41 00 28 EF 1F 00 00 00 00 00 00 00 00 00
info: Win32Emu.Emulator[0]
      [User32] GetMessageA: retrieved MSG=0x0018 HWND=0x00010000
info: Win32Emu.Emulator[0]
      [Dispatcher] USER32.DLL!GetMessageA returned 0x00000001, argBytes=16
info: Win32Emu.Emulator[0]
      [Syscall] AFTER API: Return address at 0x001FEF04 = 0x0041134B
info: Win32Emu.Emulator[0]
      [Syscall] USER32.DLL!TranslateMessage from stub at 0x0F000470
info: Win32Emu.Emulator[0]
      [Syscall] BEFORE API: Return address at 0x001FEF10 = 0x00411356
info: Win32Emu.Emulator[0]
      Dispatching USER32.DLL!TranslateMessage at EIP=0x0E000002 ESP=0x001FEF10 stack=56 13 41 00 28 EF 1F 00 FC EF 1F 00 00 00 00 00
info: Win32Emu.Emulator[0]
      [User32] TranslateMessage: HWND=0x00010000 MSG=0x0018 wParam=0x00000001 lParam=0x00000000
info: Win32Emu.Emulator[0]
      [Dispatcher] USER32.DLL!TranslateMessage returned 0x00000000, argBytes=4
info: Win32Emu.Emulator[0]
      [Syscall] AFTER API: Return address at 0x001FEF10 = 0x00411356
info: Win32Emu.Emulator[0]
      [Syscall] USER32.DLL!DispatchMessageA from stub at 0x0F000480
info: Win32Emu.Emulator[0]
      [Syscall] BEFORE API: Return address at 0x001FEF10 = 0x0041135D
info: Win32Emu.Emulator[0]
      Dispatching USER32.DLL!DispatchMessageA at EIP=0x0E000002 ESP=0x001FEF10 stack=5D 13 41 00 28 EF 1F 00 FC EF 1F 00 00 00 00 00
info: Win32Emu.Emulator[0]
      [User32] DispatchMessageA: HWND=0x00010000 MSG=0x0018 wParam=0x00000001 lParam=0x00000000
info: Win32Emu.Emulator[0]
      [User32] DispatchMessageA: Found WndProc=0x00411450 for HWND=0x00010000
info: Win32Emu.Emulator[0]
      [User32] CallWindowProcedureAsync: Calling 0x00411450 with HWND=0x00010000 MSG=0x0018
info: Win32Emu.Emulator[0]
      Dispatching USER32.DLL!DefWindowProcA at EIP=0x0F0005E0 ESP=0x001FEDDC stack=C5 15 41 00 00 00 01 00 18 00 00 00 01 00 00 00
info: Win32Emu.Emulator[0]
      [User32] DefWindowProcA: HWND=0x00010000 MSG=0x0018 wParam=0x00000001 lParam=0x00000000
info: Win32Emu.Emulator[0]
      [Dispatcher] USER32.DLL!DefWindowProcA returned 0x00000000, argBytes=16
info: Win32Emu.Emulator[0]
      [User32] CallWindowProcedureAsync: Completed with return value 0x00000000, timedOut=False, cancelled=False, failed=False
info: Win32Emu.Emulator[0]
      [User32] DispatchMessageA: WndProc returned 0x00000000
info: Win32Emu.Emulator[0]
      [Dispatcher] USER32.DLL!DispatchMessageA returned 0x00000000, argBytes=4
info: Win32Emu.Emulator[0]
      [Syscall] AFTER API: Return address at 0x001FEF10 = 0x0041135D
info: Win32Emu.Emulator[0]
      [Syscall] USER32.DLL!PeekMessageA from stub at 0x0F0005F0
info: Win32Emu.Emulator[0]
      [Syscall] BEFORE API: Return address at 0x001FEF00 = 0x0041133A
info: Win32Emu.Emulator[0]
      Dispatching USER32.DLL!PeekMessageA at EIP=0x0E000002 ESP=0x001FEF00 stack=3A 13 41 00 28 EF 1F 00 00 00 00 00 00 00 00 00
info: Win32Emu.Emulator[0]
      [User32] PeekMessageA: lpMsg=0x001FEF28 HWND=0x00000000
info: Win32Emu.Emulator[0]
      [Dispatcher] USER32.DLL!PeekMessageA returned 0x00000000, argBytes=20
info: Win32Emu.Emulator[0]
      [Syscall] AFTER API: Return address at 0x001FEF00 = 0x0041133A
info: Win32Emu.Emulator[0]
      [Syscall] KERNEL32.DLL!QueryPerformanceCounter from stub at 0x0F000300
info: Win32Emu.Emulator[0]
      [Syscall] BEFORE API: Return address at 0x001FEF00 = 0x004115F7
info: Win32Emu.Emulator[0]
      Dispatching KERNEL32.DLL!QueryPerformanceCounter at EIP=0x0E000002 ESP=0x001FEF00 stack=F7 15 41 00 80 FD 4B 00 F0 05 00 0F 80 04 00 0F
info: Win32Emu.Emulator[0]
      [Dispatcher] KERNEL32.DLL!QueryPerformanceCounter returned 0x00000001, argBytes=4
info: Win32Emu.Emulator[0]
      [Syscall] AFTER API: Return address at 0x001FEF00 = 0x004115F7
info: Win32Emu.Emulator[0]
      [COM] Invoking vtable method: IDirectDrawSurface::Release at address 0x0D002020
info: Win32Emu.Emulator[0]
      [DDraw COM] IUnknown::Release(this=0x01463070)
info: Win32Emu.Emulator[0]
      [COM] IDirectDrawSurface::Release returned 0x00000000 (argBytes=4)
info: Win32Emu.Emulator[0]
      [COM vtable] Return address from stack: ESP=0x001FEE4C, retEIP=0x00459EB2
info: Win32Emu.Emulator[0]
      [COM vtable] Stack state before cleanup:
        [ESP+00] = 0x001FEE4C: 0x00459EB2 (return addr)
        [ESP+04] = 0x001FEE50: 0x01463070 (arg1)
        [ESP+08] = 0x001FEE54: 0x0F000470
        [ESP+12] = 0x001FEE58: 0x0F000600
        [ESP+16] = 0x001FEE5C: 0x00000001
        [ESP+20] = 0x001FEE60: 0x00000100
      
info: Win32Emu.Emulator[0]
      [COM vtable] Stack cleanup: ESP=0x001FEE4C, retEIP=0x00459EB2, argBytes=4, new ESP=0x001FEE54
info: Win32Emu.Emulator[0]
      [COM] After vtable call: ESP changed from 0x001FEE4C to 0x001FEE54 (delta=8), Call site EIP=0x0D002020, Return EIP=0x00459EB2
info: Win32Emu.Emulator[0]
      [COM] Invoking vtable method: IDirectDrawPalette::Release at address 0x0D004020
info: Win32Emu.Emulator[0]
      [DDraw COM] IUnknown::Release(this=0x014631B0)
info: Win32Emu.Emulator[0]
      [COM] IDirectDrawPalette::Release returned 0x00000000 (argBytes=4)
info: Win32Emu.Emulator[0]
      [COM vtable] Return address from stack: ESP=0x001FEE4C, retEIP=0x00459F02
info: Win32Emu.Emulator[0]
      [COM vtable] Stack state before cleanup:
        [ESP+00] = 0x001FEE4C: 0x00459F02 (return addr)
        [ESP+04] = 0x001FEE50: 0x014631B0 (arg1)
        [ESP+08] = 0x001FEE54: 0x0F000470
        [ESP+12] = 0x001FEE58: 0x0F000600
        [ESP+16] = 0x001FEE5C: 0x00000001
        [ESP+20] = 0x001FEE60: 0x00000100
      
info: Win32Emu.Emulator[0]
      [COM vtable] Stack cleanup: ESP=0x001FEE4C, retEIP=0x00459F02, argBytes=4, new ESP=0x001FEE54
info: Win32Emu.Emulator[0]
      [COM] After vtable call: ESP changed from 0x001FEE4C to 0x001FEE54 (delta=8), Call site EIP=0x0D004020, Return EIP=0x00459F02
info: Win32Emu.Emulator[0]
      [COM] Invoking vtable method: IDirectDraw::SetDisplayMode at address 0x0D001150
info: Win32Emu.Emulator[0]
      [DDraw COM] IDirectDraw::SetDisplayMode(this=0x01463000, width=640, height=480, bpp=8)
info: Win32Emu.Emulator[0]
      [DDraw] Updated ProcessEnvironment display mode to 640x480x8
info: Win32Emu.Emulator[0]
      [DDraw] Display mode changed to 640x480x8
info: Win32Emu.Emulator[0]
      [DDraw] Subscribed to UI events from rendering backend
info: Win32Emu.Emulator[0]
      [DDraw COM] SetDisplayMode succeeded, returning DD_OK (0)
info: Win32Emu.Emulator[0]
      [COM] IDirectDraw::SetDisplayMode returned 0x00000000 (argBytes=16)
info: Win32Emu.Emulator[0]
      [COM vtable] Return address from stack: ESP=0x001FEE40, retEIP=0x00459F39
info: Win32Emu.Emulator[0]
      [COM vtable] Stack state before cleanup:
        [ESP+00] = 0x001FEE40: 0x00459F39 (return addr)
        [ESP+04] = 0x001FEE44: 0x01463000 (arg1)
        [ESP+08] = 0x001FEE48: 0x00000280 (arg2)
        [ESP+12] = 0x001FEE4C: 0x000001E0 (arg3)
        [ESP+16] = 0x001FEE50: 0x00000008 (arg4)
        [ESP+20] = 0x001FEE54: 0x0F000470
      
info: Win32Emu.Emulator[0]
      [COM vtable] Stack cleanup: ESP=0x001FEE40, retEIP=0x00459F39, argBytes=16, new ESP=0x001FEE54
info: Win32Emu.Emulator[0]
      [COM] After vtable call: ESP changed from 0x001FEE40 to 0x001FEE54 (delta=20), Call site EIP=0x0D001150, Return EIP=0x00459F39
info: Win32Emu.Emulator[0]
      [COM] Invoking vtable method: IDirectDraw::CreateSurface at address 0x0D001060
info: Win32Emu.Emulator[0]
      [DDraw COM] IDirectDraw::CreateSurface(this=0x01463000, lpDDSurfaceDesc=0x001FEE6C, lplpDDSurface=0x005091AC, pUnkOuter=0x00000000)
info: Win32Emu.Emulator[0]
      [DDraw] Surface creation: dwSize=108, flags=0x00000021, caps=0x00000218, width=0, height=0, backbufferCount=1
info: Win32Emu.Emulator[0]
      [COM] Created IDirectDrawSurface object at 0x01463270 (vtable at 0x01463280)
info: Win32Emu.Emulator[0]
      [DDraw] Creating 1 backbuffer(s) for primary surface
info: Win32Emu.Emulator[0]
      [COM] Created IDirectDrawSurface object at 0x01463310 (vtable at 0x01463320)
info: Win32Emu.Emulator[0]
      [DDraw] Created backbuffer 1 at surface handle 0x71000003, COM object at 0x01463310
info: Win32Emu.Emulator[0]
      [DDraw] Attached backbuffer 0x71000003 to primary surface 0x71000002 (COM=0x01463270), AttachedSurfaces.Count=1
info: Win32Emu.Emulator[0]
      [DDraw] Created IDirectDrawSurface COM object at 0x01463270 for surface 0x71000002
info: Win32Emu.Emulator[0]
      [COM] IDirectDraw::CreateSurface returned 0x00000000 (argBytes=16)
info: Win32Emu.Emulator[0]
      [COM vtable] Return address from stack: ESP=0x001FEE40, retEIP=0x00459F9C
info: Win32Emu.Emulator[0]
      [COM vtable] Stack state before cleanup:
        [ESP+00] = 0x001FEE40: 0x00459F9C (return addr)
        [ESP+04] = 0x001FEE44: 0x01463000 (arg1)
        [ESP+08] = 0x001FEE48: 0x001FEE6C (arg2)
        [ESP+12] = 0x001FEE4C: 0x005091AC (arg3)
        [ESP+16] = 0x001FEE50: 0x00000000 (arg4)
        [ESP+20] = 0x001FEE54: 0x0F000470
      
info: Win32Emu.Emulator[0]
      [COM vtable] Stack cleanup: ESP=0x001FEE40, retEIP=0x00459F9C, argBytes=16, new ESP=0x001FEE54
info: Win32Emu.Emulator[0]
      [COM] After vtable call: ESP changed from 0x001FEE40 to 0x001FEE54 (delta=20), Call site EIP=0x0D001060, Return EIP=0x00459F9C
info: Win32Emu.Emulator[0]
      [COM] Invoking vtable method: IDirectDrawSurface::GetAttachedSurface at address 0x0D0070C0
info: Win32Emu.Emulator[0]
      [DDraw COM] IDirectDrawSurface::GetAttachedSurface(this=0x01463270, lpDDSCaps=0x001FEE68, lplp=0x001FEE64)
info: Win32Emu.Emulator[0]
      [DDraw] Found surface: Handle=0x71000002, ComAddr=0x01463270, IsPrimary=True, AttachedSurfaces.Count=1
info: Win32Emu.Emulator[0]
      [DDraw] Attached surfaces: 0x71000003
info: Win32Emu.Emulator[0]
      [DDraw] Requested surface caps: 0x00000004
info: Win32Emu.Emulator[0]
      [DDraw] Returning attached surface COM object at 0x01463310
info: Win32Emu.Emulator[0]
      [COM] IDirectDrawSurface::GetAttachedSurface returned 0x00000000 (argBytes=12)
info: Win32Emu.Emulator[0]
      [COM vtable] Return address from stack: ESP=0x001FEE44, retEIP=0x0045A04E
info: Win32Emu.Emulator[0]
      [COM vtable] Stack state before cleanup:
        [ESP+00] = 0x001FEE44: 0x0045A04E (return addr)
        [ESP+04] = 0x001FEE48: 0x01463270 (arg1)
        [ESP+08] = 0x001FEE4C: 0x001FEE68 (arg2)
        [ESP+12] = 0x001FEE50: 0x001FEE64 (arg3)
        [ESP+16] = 0x001FEE54: 0x0F000470
        [ESP+20] = 0x001FEE58: 0x0F000600
      
info: Win32Emu.Emulator[0]
      [COM vtable] Stack cleanup: ESP=0x001FEE44, retEIP=0x0045A04E, argBytes=12, new ESP=0x001FEE54
info: Win32Emu.Emulator[0]
      [COM] After vtable call: ESP changed from 0x001FEE44 to 0x001FEE54 (delta=16), Call site EIP=0x0D0070C0, Return EIP=0x0045A04E
info: Win32Emu.Emulator[0]
      [COM] Invoking vtable method: IDirectDraw::CreatePalette at address 0x0D001050
info: Win32Emu.Emulator[0]
      [DDraw COM] IDirectDraw::CreatePalette(this=0x01463000, dwFlags=0x00000044, lpColorTable=0x0050D258, lplpDDPalette=0x0050CE50, pUnkOuter=0x00000000)
info: Win32Emu.Emulator[0]
      [COM] Created IDirectDrawPalette object at 0x014633B0 (vtable at 0x014633C0)
info: Win32Emu.Emulator[0]
      [DDraw] Created IDirectDrawPalette COM object at 0x014633B0 for palette 0x72000001
info: Win32Emu.Emulator[0]
      [COM] IDirectDraw::CreatePalette returned 0x00000000 (argBytes=20)
info: Win32Emu.Emulator[0]
      [COM vtable] Return address from stack: ESP=0x001FEE3C, retEIP=0x0045A10C
info: Win32Emu.Emulator[0]
      [COM vtable] Stack state before cleanup:
        [ESP+00] = 0x001FEE3C: 0x0045A10C (return addr)
        [ESP+04] = 0x001FEE40: 0x01463000 (arg1)
        [ESP+08] = 0x001FEE44: 0x00000044 (arg2)
        [ESP+12] = 0x001FEE48: 0x0050D258 (arg3)
        [ESP+16] = 0x001FEE4C: 0x0050CE50 (arg4)
        [ESP+20] = 0x001FEE50: 0x00000000 (arg5)
      
info: Win32Emu.Emulator[0]
      [COM vtable] Stack cleanup: ESP=0x001FEE3C, retEIP=0x0045A10C, argBytes=20, new ESP=0x001FEE54
info: Win32Emu.Emulator[0]
      [COM] After vtable call: ESP changed from 0x001FEE3C to 0x001FEE54 (delta=24), Call site EIP=0x0D001050, Return EIP=0x0045A10C
info: Win32Emu.Emulator[0]
      [COM] Invoking vtable method: IDirectDrawSurface::SetPalette at address 0x0D0071F0
info: Win32Emu.Emulator[0]
      [DDraw COM] IDirectDrawSurface::SetPalette(this=0x01463270, lpDDPalette=0x014633B0)
info: Win32Emu.Emulator[0]
      [DDraw] Surface 0x71000002 palette set to 0x72000001
info: Win32Emu.Emulator[0]
      [COM] IDirectDrawSurface::SetPalette returned 0x00000000 (argBytes=8)
info: Win32Emu.Emulator[0]
      [COM vtable] Return address from stack: ESP=0x001FEE48, retEIP=0x0045A14B
info: Win32Emu.Emulator[0]
      [COM vtable] Stack state before cleanup:
        [ESP+00] = 0x001FEE48: 0x0045A14B (return addr)
        [ESP+04] = 0x001FEE4C: 0x01463270 (arg1)
        [ESP+08] = 0x001FEE50: 0x014633B0 (arg2)
        [ESP+12] = 0x001FEE54: 0x0F000470
        [ESP+16] = 0x001FEE58: 0x0F000600
        [ESP+20] = 0x001FEE5C: 0x00000001
      
info: Win32Emu.Emulator[0]
      [COM vtable] Stack cleanup: ESP=0x001FEE48, retEIP=0x0045A14B, argBytes=8, new ESP=0x001FEE54
info: Win32Emu.Emulator[0]
      [COM] After vtable call: ESP changed from 0x001FEE48 to 0x001FEE54 (delta=12), Call site EIP=0x0D0071F0, Return EIP=0x0045A14B
info: Win32Emu.Emulator[0]
      [COM] Invoking vtable method: IDirectDrawSurface::IsLost at address 0x0D007180
info: Win32Emu.Emulator[0]
      [DDraw COM] IDirectDrawSurface::IsLost(this=0x01463270)
info: Win32Emu.Emulator[0]
      [COM] IDirectDrawSurface::IsLost returned 0x00000000 (argBytes=4)
info: Win32Emu.Emulator[0]
      [COM vtable] Return address from stack: ESP=0x001FEE3C, retEIP=0x0045A86D
info: Win32Emu.Emulator[0]
      [COM vtable] Stack state before cleanup:
        [ESP+00] = 0x001FEE3C: 0x0045A86D (return addr)
        [ESP+04] = 0x001FEE40: 0x01463270 (arg1)
        [ESP+08] = 0x001FEE44: 0x005090EC
        [ESP+12] = 0x001FEE48: 0x00000001
        [ESP+16] = 0x001FEE4C: 0x01463010
        [ESP+20] = 0x001FEE50: 0x0045A15E
      
info: Win32Emu.Emulator[0]
      [COM vtable] Stack cleanup: ESP=0x001FEE3C, retEIP=0x0045A86D, argBytes=4, new ESP=0x001FEE44
info: Win32Emu.Emulator[0]
      [COM] After vtable call: ESP changed from 0x001FEE3C to 0x001FEE44 (delta=8), Call site EIP=0x0D007180, Return EIP=0x0045A86D
info: Win32Emu.Emulator[0]
      [COM] Invoking vtable method: IDirectDrawSurface::IsLost at address 0x0D008180
info: Win32Emu.Emulator[0]
      [DDraw COM] IDirectDrawSurface::IsLost(this=0x01463310)
info: Win32Emu.Emulator[0]
      [COM] IDirectDrawSurface::IsLost returned 0x00000000 (argBytes=4)
info: Win32Emu.Emulator[0]
      [COM vtable] Return address from stack: ESP=0x001FEE3C, retEIP=0x0045A89E
info: Win32Emu.Emulator[0]
      [COM vtable] Stack state before cleanup:
        [ESP+00] = 0x001FEE3C: 0x0045A89E (return addr)
        [ESP+04] = 0x001FEE40: 0x01463310 (arg1)
        [ESP+08] = 0x001FEE44: 0x005090EC
        [ESP+12] = 0x001FEE48: 0x00000001
        [ESP+16] = 0x001FEE4C: 0x01463010
        [ESP+20] = 0x001FEE50: 0x0045A15E
      
info: Win32Emu.Emulator[0]
      [COM vtable] Stack cleanup: ESP=0x001FEE3C, retEIP=0x0045A89E, argBytes=4, new ESP=0x001FEE44
info: Win32Emu.Emulator[0]
      [COM] After vtable call: ESP changed from 0x001FEE3C to 0x001FEE44 (delta=8), Call site EIP=0x0D008180, Return EIP=0x0045A89E
info: Win32Emu.Emulator[0]
      [Syscall] USER32.DLL!ShowWindow from stub at 0x0F0004F0
info: Win32Emu.Emulator[0]
      [Syscall] BEFORE API: Return address at 0x001FEE48 = 0x0045A16C
info: Win32Emu.Emulator[0]
      Dispatching USER32.DLL!ShowWindow at EIP=0x0E000002 ESP=0x001FEE48 stack=6C A1 45 00 00 00 01 00 05 00 00 00 70 04 00 0F
info: Win32Emu.Emulator[0]
      [User32] ShowWindow: HWND=0x00010000 nCmdShow=5
info: Win32Emu.Emulator[0]
      [User32] ShowWindow: Window 0x00010000 is now visible
info: Win32Emu.Emulator[0]
      [ProcessEnv] PostMessage: queued MSG=0x001C HWND=0x00010000
info: Win32Emu.Emulator[0]
      [Dispatcher] USER32.DLL!ShowWindow returned 0x00000000, argBytes=8
info: Win32Emu.Emulator[0]
      [Syscall] AFTER API: Return address at 0x001FEE48 = 0x0045A16C
info: Win32Emu.Emulator[0]
      [COM] Invoking vtable method: IDirectDrawSurface::Release at address 0x0D007020
info: Win32Emu.Emulator[0]
      [DDraw COM] IUnknown::Release(this=0x01463270)
info: Win32Emu.Emulator[0]
      [COM] IDirectDrawSurface::Release returned 0x00000000 (argBytes=4)
info: Win32Emu.Emulator[0]
      [COM vtable] Return address from stack: ESP=0x001FEE4C, retEIP=0x00459EB2
info: Win32Emu.Emulator[0]
      [COM vtable] Stack state before cleanup:
        [ESP+00] = 0x001FEE4C: 0x00459EB2 (return addr)
        [ESP+04] = 0x001FEE50: 0x01463270 (arg1)
        [ESP+08] = 0x001FEE54: 0x0F000470
        [ESP+12] = 0x001FEE58: 0x0F000600
        [ESP+16] = 0x001FEE5C: 0x00000001
        [ESP+20] = 0x001FEE60: 0x00000100
      
info: Win32Emu.Emulator[0]
      [COM vtable] Stack cleanup: ESP=0x001FEE4C, retEIP=0x00459EB2, argBytes=4, new ESP=0x001FEE54
info: Win32Emu.Emulator[0]
      [COM] After vtable call: ESP changed from 0x001FEE4C to 0x001FEE54 (delta=8), Call site EIP=0x0D007020, Return EIP=0x00459EB2
info: Win32Emu.Emulator[0]
      [COM] Invoking vtable method: IDirectDrawPalette::Release at address 0x0D009020
info: Win32Emu.Emulator[0]
      [DDraw COM] IUnknown::Release(this=0x014633B0)
info: Win32Emu.Emulator[0]
      [COM] IDirectDrawPalette::Release returned 0x00000000 (argBytes=4)
info: Win32Emu.Emulator[0]
      [COM vtable] Return address from stack: ESP=0x001FEE4C, retEIP=0x00459F02
info: Win32Emu.Emulator[0]
      [COM vtable] Stack state before cleanup:
        [ESP+00] = 0x001FEE4C: 0x00459F02 (return addr)
        [ESP+04] = 0x001FEE50: 0x014633B0 (arg1)
        [ESP+08] = 0x001FEE54: 0x0F000470
        [ESP+12] = 0x001FEE58: 0x0F000600
        [ESP+16] = 0x001FEE5C: 0x00000001
        [ESP+20] = 0x001FEE60: 0x00000100
      
info: Win32Emu.Emulator[0]
      [COM vtable] Stack cleanup: ESP=0x001FEE4C, retEIP=0x00459F02, argBytes=4, new ESP=0x001FEE54
info: Win32Emu.Emulator[0]
      [COM] After vtable call: ESP changed from 0x001FEE4C to 0x001FEE54 (delta=8), Call site EIP=0x0D009020, Return EIP=0x00459F02
info: Win32Emu.Emulator[0]
      [COM] Invoking vtable method: IDirectDraw::SetDisplayMode at address 0x0D001150
info: Win32Emu.Emulator[0]
      [DDraw COM] IDirectDraw::SetDisplayMode(this=0x01463000, width=320, height=200, bpp=8)
info: Win32Emu.Emulator[0]
      [DDraw] Updated ProcessEnvironment display mode to 320x200x8
info: Win32Emu.Emulator[0]
      [DDraw] Display mode changed to 320x200x8
info: Win32Emu.Emulator[0]
      [DDraw] Subscribed to UI events from rendering backend
info: Win32Emu.Emulator[0]
      [DDraw COM] SetDisplayMode succeeded, returning DD_OK (0)
info: Win32Emu.Emulator[0]
      [COM] IDirectDraw::SetDisplayMode returned 0x00000000 (argBytes=16)
info: Win32Emu.Emulator[0]
      [COM vtable] Return address from stack: ESP=0x001FEE40, retEIP=0x00459F39
info: Win32Emu.Emulator[0]
      [COM vtable] Stack state before cleanup:
        [ESP+00] = 0x001FEE40: 0x00459F39 (return addr)
        [ESP+04] = 0x001FEE44: 0x01463000 (arg1)
        [ESP+08] = 0x001FEE48: 0x00000140 (arg2)
        [ESP+12] = 0x001FEE4C: 0x000000C8 (arg3)
        [ESP+16] = 0x001FEE50: 0x00000008 (arg4)
        [ESP+20] = 0x001FEE54: 0x0F000470
      
info: Win32Emu.Emulator[0]
      [COM vtable] Stack cleanup: ESP=0x001FEE40, retEIP=0x00459F39, argBytes=16, new ESP=0x001FEE54
info: Win32Emu.Emulator[0]
      [COM] After vtable call: ESP changed from 0x001FEE40 to 0x001FEE54 (delta=20), Call site EIP=0x0D001150, Return EIP=0x00459F39
info: Win32Emu.Emulator[0]
      [COM] Invoking vtable method: IDirectDraw::CreateSurface at address 0x0D001060
info: Win32Emu.Emulator[0]
      [DDraw COM] IDirectDraw::CreateSurface(this=0x01463000, lpDDSurfaceDesc=0x001FEE6C, lplpDDSurface=0x005091AC, pUnkOuter=0x00000000)
info: Win32Emu.Emulator[0]
      [DDraw] Surface creation: dwSize=108, flags=0x00000021, caps=0x00000218, width=0, height=0, backbufferCount=1
info: Win32Emu.Emulator[0]
      [COM] Created IDirectDrawSurface object at 0x014633E0 (vtable at 0x014633F0)
info: Win32Emu.Emulator[0]
      [DDraw] Creating 1 backbuffer(s) for primary surface
info: Win32Emu.Emulator[0]
      [COM] Created IDirectDrawSurface object at 0x01463480 (vtable at 0x01463490)
info: Win32Emu.Emulator[0]
      [DDraw] Created backbuffer 1 at surface handle 0x71000005, COM object at 0x01463480
info: Win32Emu.Emulator[0]
      [DDraw] Attached backbuffer 0x71000005 to primary surface 0x71000004 (COM=0x014633E0), AttachedSurfaces.Count=1
info: Win32Emu.Emulator[0]
      [DDraw] Created IDirectDrawSurface COM object at 0x014633E0 for surface 0x71000004
info: Win32Emu.Emulator[0]
      [COM] IDirectDraw::CreateSurface returned 0x00000000 (argBytes=16)
info: Win32Emu.Emulator[0]
      [COM vtable] Return address from stack: ESP=0x001FEE40, retEIP=0x00459F9C
info: Win32Emu.Emulator[0]
      [COM vtable] Stack state before cleanup:
        [ESP+00] = 0x001FEE40: 0x00459F9C (return addr)
        [ESP+04] = 0x001FEE44: 0x01463000 (arg1)
        [ESP+08] = 0x001FEE48: 0x001FEE6C (arg2)
        [ESP+12] = 0x001FEE4C: 0x005091AC (arg3)
        [ESP+16] = 0x001FEE50: 0x00000000 (arg4)
        [ESP+20] = 0x001FEE54: 0x0F000470
      
info: Win32Emu.Emulator[0]
      [COM vtable] Stack cleanup: ESP=0x001FEE40, retEIP=0x00459F9C, argBytes=16, new ESP=0x001FEE54
info: Win32Emu.Emulator[0]
      [COM] After vtable call: ESP changed from 0x001FEE40 to 0x001FEE54 (delta=20), Call site EIP=0x0D001060, Return EIP=0x00459F9C
info: Win32Emu.Emulator[0]
      [COM] Invoking vtable method: IDirectDrawSurface::GetAttachedSurface at address 0x0D00A0C0
info: Win32Emu.Emulator[0]
      [DDraw COM] IDirectDrawSurface::GetAttachedSurface(this=0x014633E0, lpDDSCaps=0x001FEE68, lplp=0x001FEE64)
info: Win32Emu.Emulator[0]
      [DDraw] Found surface: Handle=0x71000004, ComAddr=0x014633E0, IsPrimary=True, AttachedSurfaces.Count=1
info: Win32Emu.Emulator[0]
      [DDraw] Attached surfaces: 0x71000005
info: Win32Emu.Emulator[0]
      [DDraw] Requested surface caps: 0x00000004
info: Win32Emu.Emulator[0]
      [DDraw] Returning attached surface COM object at 0x01463480
info: Win32Emu.Emulator[0]
      [COM] IDirectDrawSurface::GetAttachedSurface returned 0x00000000 (argBytes=12)
info: Win32Emu.Emulator[0]
      [COM vtable] Return address from stack: ESP=0x001FEE44, retEIP=0x0045A04E
info: Win32Emu.Emulator[0]
      [COM vtable] Stack state before cleanup:
        [ESP+00] = 0x001FEE44: 0x0045A04E (return addr)
        [ESP+04] = 0x001FEE48: 0x014633E0 (arg1)
        [ESP+08] = 0x001FEE4C: 0x001FEE68 (arg2)
        [ESP+12] = 0x001FEE50: 0x001FEE64 (arg3)
        [ESP+16] = 0x001FEE54: 0x0F000470
        [ESP+20] = 0x001FEE58: 0x0F000600
      
info: Win32Emu.Emulator[0]
      [COM vtable] Stack cleanup: ESP=0x001FEE44, retEIP=0x0045A04E, argBytes=12, new ESP=0x001FEE54
info: Win32Emu.Emulator[0]
      [COM] After vtable call: ESP changed from 0x001FEE44 to 0x001FEE54 (delta=16), Call site EIP=0x0D00A0C0, Return EIP=0x0045A04E
info: Win32Emu.Emulator[0]
      [COM] Invoking vtable method: IDirectDraw::CreatePalette at address 0x0D001050
info: Win32Emu.Emulator[0]
      [DDraw COM] IDirectDraw::CreatePalette(this=0x01463000, dwFlags=0x00000044, lpColorTable=0x0050D258, lplpDDPalette=0x0050CE50, pUnkOuter=0x00000000)
info: Win32Emu.Emulator[0]
      [COM] Created IDirectDrawPalette object at 0x01463520 (vtable at 0x01463530)
info: Win32Emu.Emulator[0]
      [DDraw] Created IDirectDrawPalette COM object at 0x01463520 for palette 0x72000002
info: Win32Emu.Emulator[0]
      [COM] IDirectDraw::CreatePalette returned 0x00000000 (argBytes=20)
info: Win32Emu.Emulator[0]
      [COM vtable] Return address from stack: ESP=0x001FEE3C, retEIP=0x0045A10C
info: Win32Emu.Emulator[0]
      [COM vtable] Stack state before cleanup:
        [ESP+00] = 0x001FEE3C: 0x0045A10C (return addr)
        [ESP+04] = 0x001FEE40: 0x01463000 (arg1)
        [ESP+08] = 0x001FEE44: 0x00000044 (arg2)
        [ESP+12] = 0x001FEE48: 0x0050D258 (arg3)
        [ESP+16] = 0x001FEE4C: 0x0050CE50 (arg4)
        [ESP+20] = 0x001FEE50: 0x00000000 (arg5)
      
info: Win32Emu.Emulator[0]
      [COM vtable] Stack cleanup: ESP=0x001FEE3C, retEIP=0x0045A10C, argBytes=20, new ESP=0x001FEE54
info: Win32Emu.Emulator[0]
      [COM] After vtable call: ESP changed from 0x001FEE3C to 0x001FEE54 (delta=24), Call site EIP=0x0D001050, Return EIP=0x0045A10C
info: Win32Emu.Emulator[0]
      [COM] Invoking vtable method: IDirectDrawSurface::SetPalette at address 0x0D00A1F0
info: Win32Emu.Emulator[0]
      [DDraw COM] IDirectDrawSurface::SetPalette(this=0x014633E0, lpDDPalette=0x01463520)
info: Win32Emu.Emulator[0]
      [DDraw] Surface 0x71000004 palette set to 0x72000002
info: Win32Emu.Emulator[0]
      [COM] IDirectDrawSurface::SetPalette returned 0x00000000 (argBytes=8)
info: Win32Emu.Emulator[0]
      [COM vtable] Return address from stack: ESP=0x001FEE48, retEIP=0x0045A14B
info: Win32Emu.Emulator[0]
      [COM vtable] Stack state before cleanup:
        [ESP+00] = 0x001FEE48: 0x0045A14B (return addr)
        [ESP+04] = 0x001FEE4C: 0x014633E0 (arg1)
        [ESP+08] = 0x001FEE50: 0x01463520 (arg2)
        [ESP+12] = 0x001FEE54: 0x0F000470
        [ESP+16] = 0x001FEE58: 0x0F000600
        [ESP+20] = 0x001FEE5C: 0x00000001
      
info: Win32Emu.Emulator[0]
      [COM vtable] Stack cleanup: ESP=0x001FEE48, retEIP=0x0045A14B, argBytes=8, new ESP=0x001FEE54
info: Win32Emu.Emulator[0]
      [COM] After vtable call: ESP changed from 0x001FEE48 to 0x001FEE54 (delta=12), Call site EIP=0x0D00A1F0, Return EIP=0x0045A14B
info: Win32Emu.Emulator[0]
      [COM] Invoking vtable method: IDirectDrawSurface::IsLost at address 0x0D00A180
info: Win32Emu.Emulator[0]
      [DDraw COM] IDirectDrawSurface::IsLost(this=0x014633E0)
info: Win32Emu.Emulator[0]
      [COM] IDirectDrawSurface::IsLost returned 0x00000000 (argBytes=4)
info: Win32Emu.Emulator[0]
      [COM vtable] Return address from stack: ESP=0x001FEE3C, retEIP=0x0045A86D
info: Win32Emu.Emulator[0]
      [COM vtable] Stack state before cleanup:
        [ESP+00] = 0x001FEE3C: 0x0045A86D (return addr)
        [ESP+04] = 0x001FEE40: 0x014633E0 (arg1)
        [ESP+08] = 0x001FEE44: 0x005090EC
        [ESP+12] = 0x001FEE48: 0x00000001
        [ESP+16] = 0x001FEE4C: 0x01463010
        [ESP+20] = 0x001FEE50: 0x0045A15E
      
info: Win32Emu.Emulator[0]
      [COM vtable] Stack cleanup: ESP=0x001FEE3C, retEIP=0x0045A86D, argBytes=4, new ESP=0x001FEE44
info: Win32Emu.Emulator[0]
      [COM] After vtable call: ESP changed from 0x001FEE3C to 0x001FEE44 (delta=8), Call site EIP=0x0D00A180, Return EIP=0x0045A86D
info: Win32Emu.Emulator[0]
      [COM] Invoking vtable method: IDirectDrawSurface::IsLost at address 0x0D00B180
info: Win32Emu.Emulator[0]
      [DDraw COM] IDirectDrawSurface::IsLost(this=0x01463480)
info: Win32Emu.Emulator[0]
      [COM] IDirectDrawSurface::IsLost returned 0x00000000 (argBytes=4)
info: Win32Emu.Emulator[0]
      [COM vtable] Return address from stack: ESP=0x001FEE3C, retEIP=0x0045A89E
info: Win32Emu.Emulator[0]
      [COM vtable] Stack state before cleanup:
        [ESP+00] = 0x001FEE3C: 0x0045A89E (return addr)
        [ESP+04] = 0x001FEE40: 0x01463480 (arg1)
        [ESP+08] = 0x001FEE44: 0x005090EC
        [ESP+12] = 0x001FEE48: 0x00000001
        [ESP+16] = 0x001FEE4C: 0x01463010
        [ESP+20] = 0x001FEE50: 0x0045A15E
      
info: Win32Emu.Emulator[0]
      [COM vtable] Stack cleanup: ESP=0x001FEE3C, retEIP=0x0045A89E, argBytes=4, new ESP=0x001FEE44
info: Win32Emu.Emulator[0]
      [COM] After vtable call: ESP changed from 0x001FEE3C to 0x001FEE44 (delta=8), Call site EIP=0x0D00B180, Return EIP=0x0045A89E
info: Win32Emu.Emulator[0]
      [Syscall] USER32.DLL!ShowWindow from stub at 0x0F0004F0
info: Win32Emu.Emulator[0]
      [Syscall] BEFORE API: Return address at 0x001FEE48 = 0x0045A16C
info: Win32Emu.Emulator[0]
      Dispatching USER32.DLL!ShowWindow at EIP=0x0E000002 ESP=0x001FEE48 stack=6C A1 45 00 00 00 01 00 05 00 00 00 70 04 00 0F
info: Win32Emu.Emulator[0]
      [User32] ShowWindow: HWND=0x00010000 nCmdShow=5
info: Win32Emu.Emulator[0]
      [User32] ShowWindow: Window 0x00010000 is now visible
info: Win32Emu.Emulator[0]
      [ProcessEnv] PostMessage: queued MSG=0x001C HWND=0x00010000
info: Win32Emu.Emulator[0]
      [Dispatcher] USER32.DLL!ShowWindow returned 0x00000000, argBytes=8
info: Win32Emu.Emulator[0]
      [Syscall] AFTER API: Return address at 0x001FEE48 = 0x0045A16C
info: Win32Emu.Emulator[0]
      [COM] Invoking vtable method: IDirectDrawPalette::SetEntries at address 0x0D00C060
info: Win32Emu.Emulator[0]
      [DDraw COM] IDirectDrawPalette::SetEntries(this=0x01463520, dwFlags=0x00000000, dwStartingEntry=0, dwCount=256, lpEntries=0x0050CE58)
info: Win32Emu.Emulator[0]
      [DDraw] Updated 256 palette entries starting at index 0
info: Win32Emu.Emulator[0]
      [COM] IDirectDrawPalette::SetEntries returned 0x00000000 (argBytes=20)
info: Win32Emu.Emulator[0]
      [COM vtable] Return address from stack: ESP=0x001FEEB4, retEIP=0x0045A83B
info: Win32Emu.Emulator[0]
      [COM vtable] Stack state before cleanup:
        [ESP+00] = 0x001FEEB4: 0x0045A83B (return addr)
        [ESP+04] = 0x001FEEB8: 0x01463520 (arg1)
        [ESP+08] = 0x001FEEBC: 0x00000000 (arg2)
        [ESP+12] = 0x001FEEC0: 0x00000000 (arg3)
        [ESP+16] = 0x001FEEC4: 0x00000100 (arg4)
        [ESP+20] = 0x001FEEC8: 0x0050CE58 (arg5)
      
info: Win32Emu.Emulator[0]
      [COM vtable] Stack cleanup: ESP=0x001FEEB4, retEIP=0x0045A83B, argBytes=20, new ESP=0x001FEECC
info: Win32Emu.Emulator[0]
      [COM] After vtable call: ESP changed from 0x001FEEB4 to 0x001FEECC (delta=24), Call site EIP=0x0D00C060, Return EIP=0x0045A83B
info: Win32Emu.Emulator[0]
      [Syscall] KERNEL32.DLL!CreateFileA from stub at 0x0F0003C0
info: Win32Emu.Emulator[0]
      [Syscall] BEFORE API: Return address at 0x001FED60 = 0x0046F21F
info: Win32Emu.Emulator[0]
      Dispatching KERNEL32.DLL!CreateFileA at EIP=0x0E000002 ESP=0x001FED60 stack=1F F2 46 00 98 55 4B 00 00 00 00 40 03 00 00 00
info: Win32Emu.Emulator[0]
      [Dispatcher] KERNEL32.DLL!CreateFileA returned 0x00001000, argBytes=28
info: Win32Emu.Emulator[0]
      [Syscall] AFTER API: Return address at 0x001FED60 = 0x0046F21F
info: Win32Emu.Emulator[0]
      [Syscall] KERNEL32.DLL!GetFileType from stub at 0x0F000020
info: Win32Emu.Emulator[0]
      [Syscall] BEFORE API: Return address at 0x001FED78 = 0x0046F249
info: Win32Emu.Emulator[0]
      Dispatching KERNEL32.DLL!GetFileType at EIP=0x0E000002 ESP=0x001FED78 stack=49 F2 46 00 00 10 00 00 01 00 00 00 00 00 00 00
info: Win32Emu.Emulator[0]
      [Dispatcher] KERNEL32.DLL!GetFileType returned 0x00000001, argBytes=4
info: Win32Emu.Emulator[0]
      [Syscall] AFTER API: Return address at 0x001FED78 = 0x0046F249
info: Win32Emu.Emulator[0]
      [Syscall] KERNEL32.DLL!HeapAlloc from stub at 0x0F000120
info: Win32Emu.Emulator[0]
      [Syscall] BEFORE API: Return address at 0x001FEAEC = 0x004675C4
info: Win32Emu.Emulator[0]
      Dispatching KERNEL32.DLL!HeapAlloc at EIP=0x0E000002 ESP=0x001FEAEC stack=C4 75 46 00 40 20 00 01 00 00 00 00 00 10 00 00
info: Win32Emu.Emulator[0]
      [ProcessEnv] VirtualAlloc(lp=0x00000000, size=0x00001000, alloc=0x00001000, prot=0x00000004)
info: Win32Emu.Emulator[0]
      [ProcessEnv] VirtualAlloc: allocated at 0x01464000, size=0x00001000, reserve=False, commit=True, topDown=False
info: Win32Emu.Emulator[0]
      [Dispatcher] KERNEL32.DLL!HeapAlloc returned 0x01464000, argBytes=12
info: Win32Emu.Emulator[0]
      [Syscall] AFTER API: Return address at 0x001FEAEC = 0x004675C4
info: Win32Emu.Emulator[0]
      [Syscall] KERNEL32.DLL!WriteFile from stub at 0x0F000380
info: Win32Emu.Emulator[0]
      [Syscall] BEFORE API: Return address at 0x001FE994 = 0x0046D6BF
info: Win32Emu.Emulator[0]
      Dispatching KERNEL32.DLL!WriteFile at EIP=0x0E000002 ESP=0x001FE994 stack=BF D6 46 00 00 10 00 00 00 40 46 01 20 00 00 00
info: Win32Emu.Emulator[0]
      [Kernel32] WriteFile(handle=0x00001000, lpBuffer=0x01464000, nNumberOfBytesToWrite=32, lpNumberOfBytesWritten=0x001FE9C0, lpOverlapped=0x00000000)
warn: Win32Emu.Emulator[0]
      [Kernel32] WriteFile not StdOutput, StdError or StdInput, called on non-standard handle 0x00001000
info: Win32Emu.Emulator[0]
      [Dispatcher] KERNEL32.DLL!WriteFile returned 0x00000001, argBytes=20
info: Win32Emu.Emulator[0]
      [Syscall] AFTER API: Return address at 0x001FE994 = 0x0046D6BF
info: Win32Emu.Emulator[0]
      [Syscall] KERNEL32.DLL!CreateFileA from stub at 0x0F0003C0
info: Win32Emu.Emulator[0]
      [Syscall] BEFORE API: Return address at 0x001FEDD4 = 0x0046F21F
info: Win32Emu.Emulator[0]
      Dispatching KERNEL32.DLL!CreateFileA at EIP=0x0E000002 ESP=0x001FEDD4 stack=1F F2 46 00 BC 33 49 00 00 00 00 80 03 00 00 00
info: Win32Emu.Emulator[0]
      [Dispatcher] KERNEL32.DLL!CreateFileA returned 0x00001004, argBytes=28
info: Win32Emu.Emulator[0]
      [Syscall] AFTER API: Return address at 0x001FEDD4 = 0x0046F21F
info: Win32Emu.Emulator[0]
      [Syscall] KERNEL32.DLL!GetFileType from stub at 0x0F000020
info: Win32Emu.Emulator[0]
      [Syscall] BEFORE API: Return address at 0x001FEDEC = 0x0046F249
info: Win32Emu.Emulator[0]
      Dispatching KERNEL32.DLL!GetFileType at EIP=0x0E000002 ESP=0x001FEDEC stack=49 F2 46 00 04 10 00 00 01 00 00 00 00 00 00 00
info: Win32Emu.Emulator[0]
      [Dispatcher] KERNEL32.DLL!GetFileType returned 0x00000001, argBytes=4
info: Win32Emu.Emulator[0]
      [Syscall] AFTER API: Return address at 0x001FEDEC = 0x0046F249
info: Win32Emu.Emulator[0]
      [Syscall] KERNEL32.DLL!CloseHandle from stub at 0x0F000230
info: Win32Emu.Emulator[0]
      [Syscall] BEFORE API: Return address at 0x001FEE48 = 0x00468B5B
info: Win32Emu.Emulator[0]
      Dispatching KERNEL32.DLL!CloseHandle at EIP=0x0E000002 ESP=0x001FEE48 stack=5B 8B 46 00 04 10 00 00 70 04 00 0F 00 00 00 00
info: Win32Emu.Emulator[0]
      [Dispatcher] KERNEL32.DLL!CloseHandle returned 0x00000001, argBytes=4
info: Win32Emu.Emulator[0]
      [Syscall] AFTER API: Return address at 0x001FEE48 = 0x00468B5B
info: Win32Emu.Emulator[0]
      [Syscall] KERNEL32.DLL!CreateFileA from stub at 0x0F0003C0
info: Win32Emu.Emulator[0]
      [Syscall] BEFORE API: Return address at 0x001FEDCC = 0x0046F21F
info: Win32Emu.Emulator[0]
      Dispatching KERNEL32.DLL!CreateFileA at EIP=0x0E000002 ESP=0x001FEDCC stack=1F F2 46 00 BC 33 49 00 00 00 00 80 03 00 00 00
info: Win32Emu.Emulator[0]
      [Dispatcher] KERNEL32.DLL!CreateFileA returned 0x00001008, argBytes=28
info: Win32Emu.Emulator[0]
      [Syscall] AFTER API: Return address at 0x001FEDCC = 0x0046F21F
info: Win32Emu.Emulator[0]
      [Syscall] KERNEL32.DLL!GetFileType from stub at 0x0F000020
info: Win32Emu.Emulator[0]
      [Syscall] BEFORE API: Return address at 0x001FEDE4 = 0x0046F249
info: Win32Emu.Emulator[0]
      Dispatching KERNEL32.DLL!GetFileType at EIP=0x0E000002 ESP=0x001FEDE4 stack=49 F2 46 00 08 10 00 00 01 00 00 00 00 00 00 00
info: Win32Emu.Emulator[0]
      [Dispatcher] KERNEL32.DLL!GetFileType returned 0x00000001, argBytes=4
info: Win32Emu.Emulator[0]
      [Syscall] AFTER API: Return address at 0x001FEDE4 = 0x0046F249
info: Win32Emu.Emulator[0]
      [Syscall] KERNEL32.DLL!SetFilePointer from stub at 0x0F000390
info: Win32Emu.Emulator[0]
      [Syscall] BEFORE API: Return address at 0x001FEE00 = 0x0046D9AA
info: Win32Emu.Emulator[0]
      Dispatching KERNEL32.DLL!SetFilePointer at EIP=0x0E000002 ESP=0x001FEE00 stack=AA D9 46 00 08 10 00 00 00 00 00 00 00 00 00 00
info: Win32Emu.Emulator[0]
      [Dispatcher] KERNEL32.DLL!SetFilePointer returned 0x00000000, argBytes=16
info: Win32Emu.Emulator[0]
      [Syscall] AFTER API: Return address at 0x001FEE00 = 0x0046D9AA
info: Win32Emu.Emulator[0]
      [Syscall] KERNEL32.DLL!SetFilePointer from stub at 0x0F000390
info: Win32Emu.Emulator[0]
      [Syscall] BEFORE API: Return address at 0x001FEE10 = 0x0046D9AA
info: Win32Emu.Emulator[0]
      Dispatching KERNEL32.DLL!SetFilePointer at EIP=0x0E000002 ESP=0x001FEE10 stack=AA D9 46 00 08 10 00 00 00 00 00 00 00 00 00 00
info: Win32Emu.Emulator[0]
      [Dispatcher] KERNEL32.DLL!SetFilePointer returned 0x00019F4E, argBytes=16
info: Win32Emu.Emulator[0]
      [Syscall] AFTER API: Return address at 0x001FEE10 = 0x0046D9AA
info: Win32Emu.Emulator[0]
      [Syscall] KERNEL32.DLL!SetFilePointer from stub at 0x0F000390
info: Win32Emu.Emulator[0]
      [Syscall] BEFORE API: Return address at 0x001FEE00 = 0x0046D9AA
info: Win32Emu.Emulator[0]
      Dispatching KERNEL32.DLL!SetFilePointer at EIP=0x0E000002 ESP=0x001FEE00 stack=AA D9 46 00 08 10 00 00 00 00 00 00 00 00 00 00
info: Win32Emu.Emulator[0]
      [Dispatcher] KERNEL32.DLL!SetFilePointer returned 0x00019F4E, argBytes=16
info: Win32Emu.Emulator[0]
      [Syscall] AFTER API: Return address at 0x001FEE00 = 0x0046D9AA
info: Win32Emu.Emulator[0]
      [Syscall] KERNEL32.DLL!SetFilePointer from stub at 0x0F000390
info: Win32Emu.Emulator[0]
      [Syscall] BEFORE API: Return address at 0x001FEE10 = 0x0046D9AA
info: Win32Emu.Emulator[0]
      Dispatching KERNEL32.DLL!SetFilePointer at EIP=0x0E000002 ESP=0x001FEE10 stack=AA D9 46 00 08 10 00 00 00 00 00 00 00 00 00 00
info: Win32Emu.Emulator[0]
      [Dispatcher] KERNEL32.DLL!SetFilePointer returned 0x00000000, argBytes=16
info: Win32Emu.Emulator[0]
      [Syscall] AFTER API: Return address at 0x001FEE10 = 0x0046D9AA
info: Win32Emu.Emulator[0]
      [Syscall] KERNEL32.DLL!CloseHandle from stub at 0x0F000230
info: Win32Emu.Emulator[0]
      [Syscall] BEFORE API: Return address at 0x001FEE40 = 0x00468B5B
info: Win32Emu.Emulator[0]
      Dispatching KERNEL32.DLL!CloseHandle at EIP=0x0E000002 ESP=0x001FEE40 stack=5B 8B 46 00 08 10 00 00 70 04 00 0F 00 00 00 00
info: Win32Emu.Emulator[0]
      [Dispatcher] KERNEL32.DLL!CloseHandle returned 0x00000001, argBytes=4
info: Win32Emu.Emulator[0]
      [Syscall] AFTER API: Return address at 0x001FEE40 = 0x00468B5B
info: Win32Emu.Emulator[0]
      [Syscall] KERNEL32.DLL!HeapAlloc from stub at 0x0F000120
info: Win32Emu.Emulator[0]
      [Syscall] BEFORE API: Return address at 0x001FEE24 = 0x004675C4
info: Win32Emu.Emulator[0]
      Dispatching KERNEL32.DLL!HeapAlloc at EIP=0x0E000002 ESP=0x001FEE24 stack=C4 75 46 00 40 20 00 01 00 00 00 00 50 9F 01 00
info: Win32Emu.Emulator[0]
      [ProcessEnv] VirtualAlloc(lp=0x00000000, size=0x00019F50, alloc=0x00001000, prot=0x00000004)
info: Win32Emu.Emulator[0]
      [ProcessEnv] VirtualAlloc: allocated at 0x01465000, size=0x0001A000, reserve=False, commit=True, topDown=False
info: Win32Emu.Emulator[0]
      [Dispatcher] KERNEL32.DLL!HeapAlloc returned 0x01465000, argBytes=12
info: Win32Emu.Emulator[0]
      [Syscall] AFTER API: Return address at 0x001FEE24 = 0x004675C4
info: Win32Emu.Emulator[0]
      [Syscall] KERNEL32.DLL!CreateFileA from stub at 0x0F0003C0
info: Win32Emu.Emulator[0]
      [Syscall] BEFORE API: Return address at 0x001FEDDC = 0x0046F21F
info: Win32Emu.Emulator[0]
      Dispatching KERNEL32.DLL!CreateFileA at EIP=0x0E000002 ESP=0x001FEDDC stack=1F F2 46 00 BC 33 49 00 00 00 00 80 03 00 00 00
info: Win32Emu.Emulator[0]
      [Dispatcher] KERNEL32.DLL!CreateFileA returned 0x0000100C, argBytes=28
info: Win32Emu.Emulator[0]
      [Syscall] AFTER API: Return address at 0x001FEDDC = 0x0046F21F
info: Win32Emu.Emulator[0]
      [Syscall] KERNEL32.DLL!GetFileType from stub at 0x0F000020
info: Win32Emu.Emulator[0]
      [Syscall] BEFORE API: Return address at 0x001FEDF4 = 0x0046F249
info: Win32Emu.Emulator[0]
      Dispatching KERNEL32.DLL!GetFileType at EIP=0x0E000002 ESP=0x001FEDF4 stack=49 F2 46 00 0C 10 00 00 01 00 00 00 00 00 00 00
info: Win32Emu.Emulator[0]
      [Dispatcher] KERNEL32.DLL!GetFileType returned 0x00000001, argBytes=4
info: Win32Emu.Emulator[0]
      [Syscall] AFTER API: Return address at 0x001FEDF4 = 0x0046F249
info: Win32Emu.Emulator[0]
      [Syscall] KERNEL32.DLL!SetFilePointer from stub at 0x0F000390
info: Win32Emu.Emulator[0]
      [Syscall] BEFORE API: Return address at 0x001FEE20 = 0x00470587
info: Win32Emu.Emulator[0]
      Dispatching KERNEL32.DLL!SetFilePointer at EIP=0x0E000002 ESP=0x001FEE20 stack=87 05 47 00 0C 10 00 00 00 00 00 00 40 EE 1F 00
info: Win32Emu.Emulator[0]
      [Dispatcher] KERNEL32.DLL!SetFilePointer returned 0x00000000, argBytes=16
info: Win32Emu.Emulator[0]
      [Syscall] AFTER API: Return address at 0x001FEE20 = 0x00470587
info: Win32Emu.Emulator[0]
      [Syscall] KERNEL32.DLL!HeapAlloc from stub at 0x0F000120
info: Win32Emu.Emulator[0]
      [Syscall] BEFORE API: Return address at 0x001FEE00 = 0x004675C4
info: Win32Emu.Emulator[0]
      Dispatching KERNEL32.DLL!HeapAlloc at EIP=0x0E000002 ESP=0x001FEE00 stack=C4 75 46 00 40 20 00 01 00 00 00 00 00 10 00 00
info: Win32Emu.Emulator[0]
      [ProcessEnv] VirtualAlloc(lp=0x00000000, size=0x00001000, alloc=0x00001000, prot=0x00000004)
info: Win32Emu.Emulator[0]
      [ProcessEnv] VirtualAlloc: allocated at 0x0147F000, size=0x00001000, reserve=False, commit=True, topDown=False
info: Win32Emu.Emulator[0]
      [Dispatcher] KERNEL32.DLL!HeapAlloc returned 0x0147F000, argBytes=12
info: Win32Emu.Emulator[0]
      [Syscall] AFTER API: Return address at 0x001FEE00 = 0x004675C4
info: Win32Emu.Emulator[0]
      [Syscall] KERNEL32.DLL!ReadFile from stub at 0x0F000040
info: Win32Emu.Emulator[0]
      [Syscall] BEFORE API: Return address at 0x001FEDFC = 0x00468D89
info: Win32Emu.Emulator[0]
      Dispatching KERNEL32.DLL!ReadFile at EIP=0x0E000002 ESP=0x001FEDFC stack=89 8D 46 00 0C 10 00 00 00 F0 47 01 00 10 00 00
info: Win32Emu.Emulator[0]
      [Dispatcher] KERNEL32.DLL!ReadFile returned 0x00000001, argBytes=20
info: Win32Emu.Emulator[0]
      [Syscall] AFTER API: Return address at 0x001FEDFC = 0x00468D89
info: Win32Emu.Emulator[0]
      [Syscall] KERNEL32.DLL!HeapFree from stub at 0x0F000130
info: Win32Emu.Emulator[0]
      [Syscall] BEFORE API: Return address at 0x001FEE40 = 0x0046751A
info: Win32Emu.Emulator[0]
      Dispatching KERNEL32.DLL!HeapFree at EIP=0x0E000002 ESP=0x001FEE40 stack=1A 75 46 00 40 20 00 01 00 00 00 00 00 F0 47 01
info: Win32Emu.Emulator[0]
      [Dispatcher] KERNEL32.DLL!HeapFree returned 0x00000001, argBytes=12
info: Win32Emu.Emulator[0]
      [Syscall] AFTER API: Return address at 0x001FEE40 = 0x0046751A
info: Win32Emu.Emulator[0]
      [Syscall] KERNEL32.DLL!CloseHandle from stub at 0x0F000230
info: Win32Emu.Emulator[0]
      [Syscall] BEFORE API: Return address at 0x001FEE50 = 0x00468B5B
info: Win32Emu.Emulator[0]
      Dispatching KERNEL32.DLL!CloseHandle at EIP=0x0E000002 ESP=0x001FEE50 stack=5B 8B 46 00 0C 10 00 00 70 04 00 0F 00 00 00 00
info: Win32Emu.Emulator[0]
      [Dispatcher] KERNEL32.DLL!CloseHandle returned 0x00000001, argBytes=4
info: Win32Emu.Emulator[0]
      [Syscall] AFTER API: Return address at 0x001FEE50 = 0x00468B5B
info: Win32Emu.Emulator[0]
      [Syscall] KERNEL32.DLL!CreateFileA from stub at 0x0F0003C0
info: Win32Emu.Emulator[0]
      [Syscall] BEFORE API: Return address at 0x001FEDD4 = 0x0046F21F
info: Win32Emu.Emulator[0]
      Dispatching KERNEL32.DLL!CreateFileA at EIP=0x0E000002 ESP=0x001FEDD4 stack=1F F2 46 00 88 33 49 00 00 00 00 80 03 00 00 00
info: Win32Emu.Emulator[0]
      [Dispatcher] KERNEL32.DLL!CreateFileA returned 0x00001010, argBytes=28
info: Win32Emu.Emulator[0]
      [Syscall] AFTER API: Return address at 0x001FEDD4 = 0x0046F21F
info: Win32Emu.Emulator[0]
      [Syscall] KERNEL32.DLL!GetFileType from stub at 0x0F000020
info: Win32Emu.Emulator[0]
      [Syscall] BEFORE API: Return address at 0x001FEDEC = 0x0046F249
info: Win32Emu.Emulator[0]
      Dispatching KERNEL32.DLL!GetFileType at EIP=0x0E000002 ESP=0x001FEDEC stack=49 F2 46 00 10 10 00 00 01 00 00 00 00 00 00 00
info: Win32Emu.Emulator[0]
      [Dispatcher] KERNEL32.DLL!GetFileType returned 0x00000001, argBytes=4
info: Win32Emu.Emulator[0]
      [Syscall] AFTER API: Return address at 0x001FEDEC = 0x0046F249
info: Win32Emu.Emulator[0]
      [Syscall] KERNEL32.DLL!CloseHandle from stub at 0x0F000230
info: Win32Emu.Emulator[0]
      [Syscall] BEFORE API: Return address at 0x001FEE48 = 0x00468B5B
info: Win32Emu.Emulator[0]
      Dispatching KERNEL32.DLL!CloseHandle at EIP=0x0E000002 ESP=0x001FEE48 stack=5B 8B 46 00 10 10 00 00 70 04 00 0F 00 00 00 00
info: Win32Emu.Emulator[0]
      [Dispatcher] KERNEL32.DLL!CloseHandle returned 0x00000001, argBytes=4
info: Win32Emu.Emulator[0]
      [Syscall] AFTER API: Return address at 0x001FEE48 = 0x00468B5B
info: Win32Emu.Emulator[0]
      [Syscall] KERNEL32.DLL!CreateFileA from stub at 0x0F0003C0
info: Win32Emu.Emulator[0]
      [Syscall] BEFORE API: Return address at 0x001FEDCC = 0x0046F21F
info: Win32Emu.Emulator[0]
      Dispatching KERNEL32.DLL!CreateFileA at EIP=0x0E000002 ESP=0x001FEDCC stack=1F F2 46 00 88 33 49 00 00 00 00 80 03 00 00 00
info: Win32Emu.Emulator[0]
      [Dispatcher] KERNEL32.DLL!CreateFileA returned 0x00001014, argBytes=28
info: Win32Emu.Emulator[0]
      [Syscall] AFTER API: Return address at 0x001FEDCC = 0x0046F21F
info: Win32Emu.Emulator[0]
      [Syscall] KERNEL32.DLL!GetFileType from stub at 0x0F000020
info: Win32Emu.Emulator[0]
      [Syscall] BEFORE API: Return address at 0x001FEDE4 = 0x0046F249
info: Win32Emu.Emulator[0]
      Dispatching KERNEL32.DLL!GetFileType at EIP=0x0E000002 ESP=0x001FEDE4 stack=49 F2 46 00 14 10 00 00 01 00 00 00 00 00 00 00
info: Win32Emu.Emulator[0]
      [Dispatcher] KERNEL32.DLL!GetFileType returned 0x00000001, argBytes=4
info: Win32Emu.Emulator[0]
      [Syscall] AFTER API: Return address at 0x001FEDE4 = 0x0046F249
info: Win32Emu.Emulator[0]
      [Syscall] KERNEL32.DLL!SetFilePointer from stub at 0x0F000390
info: Win32Emu.Emulator[0]
      [Syscall] BEFORE API: Return address at 0x001FEE00 = 0x0046D9AA
info: Win32Emu.Emulator[0]
      Dispatching KERNEL32.DLL!SetFilePointer at EIP=0x0E000002 ESP=0x001FEE00 stack=AA D9 46 00 14 10 00 00 00 00 00 00 00 00 00 00
info: Win32Emu.Emulator[0]
      [Dispatcher] KERNEL32.DLL!SetFilePointer returned 0x00000000, argBytes=16
info: Win32Emu.Emulator[0]
      [Syscall] AFTER API: Return address at 0x001FEE00 = 0x0046D9AA
info: Win32Emu.Emulator[0]
      [Syscall] KERNEL32.DLL!SetFilePointer from stub at 0x0F000390
info: Win32Emu.Emulator[0]
      [Syscall] BEFORE API: Return address at 0x001FEE10 = 0x0046D9AA
info: Win32Emu.Emulator[0]
      Dispatching KERNEL32.DLL!SetFilePointer at EIP=0x0E000002 ESP=0x001FEE10 stack=AA D9 46 00 14 10 00 00 00 00 00 00 00 00 00 00
info: Win32Emu.Emulator[0]
      [Dispatcher] KERNEL32.DLL!SetFilePointer returned 0x0000A5E6, argBytes=16
info: Win32Emu.Emulator[0]
      [Syscall] AFTER API: Return address at 0x001FEE10 = 0x0046D9AA
info: Win32Emu.Emulator[0]
      [Syscall] KERNEL32.DLL!SetFilePointer from stub at 0x0F000390
info: Win32Emu.Emulator[0]
      [Syscall] BEFORE API: Return address at 0x001FEE00 = 0x0046D9AA
info: Win32Emu.Emulator[0]
      Dispatching KERNEL32.DLL!SetFilePointer at EIP=0x0E000002 ESP=0x001FEE00 stack=AA D9 46 00 14 10 00 00 00 00 00 00 00 00 00 00
info: Win32Emu.Emulator[0]
      [Dispatcher] KERNEL32.DLL!SetFilePointer returned 0x0000A5E6, argBytes=16
info: Win32Emu.Emulator[0]
      [Syscall] AFTER API: Return address at 0x001FEE00 = 0x0046D9AA
info: Win32Emu.Emulator[0]
      [Syscall] KERNEL32.DLL!SetFilePointer from stub at 0x0F000390
info: Win32Emu.Emulator[0]
      [Syscall] BEFORE API: Return address at 0x001FEE10 = 0x0046D9AA
info: Win32Emu.Emulator[0]
      Dispatching KERNEL32.DLL!SetFilePointer at EIP=0x0E000002 ESP=0x001FEE10 stack=AA D9 46 00 14 10 00 00 00 00 00 00 00 00 00 00
info: Win32Emu.Emulator[0]
      [Dispatcher] KERNEL32.DLL!SetFilePointer returned 0x00000000, argBytes=16
info: Win32Emu.Emulator[0]
      [Syscall] AFTER API: Return address at 0x001FEE10 = 0x0046D9AA
info: Win32Emu.Emulator[0]
      [Syscall] KERNEL32.DLL!CloseHandle from stub at 0x0F000230
info: Win32Emu.Emulator[0]
      [Syscall] BEFORE API: Return address at 0x001FEE40 = 0x00468B5B
info: Win32Emu.Emulator[0]
      Dispatching KERNEL32.DLL!CloseHandle at EIP=0x0E000002 ESP=0x001FEE40 stack=5B 8B 46 00 14 10 00 00 70 04 00 0F 00 00 00 00
info: Win32Emu.Emulator[0]
      [Dispatcher] KERNEL32.DLL!CloseHandle returned 0x00000001, argBytes=4
info: Win32Emu.Emulator[0]
      [Syscall] AFTER API: Return address at 0x001FEE40 = 0x00468B5B
info: Win32Emu.Emulator[0]
      [Syscall] KERNEL32.DLL!HeapAlloc from stub at 0x0F000120
info: Win32Emu.Emulator[0]
      [Syscall] BEFORE API: Return address at 0x001FEE24 = 0x004675C4
info: Win32Emu.Emulator[0]
      Dispatching KERNEL32.DLL!HeapAlloc at EIP=0x0E000002 ESP=0x001FEE24 stack=C4 75 46 00 40 20 00 01 00 00 00 00 F0 A5 00 00
info: Win32Emu.Emulator[0]
      [ProcessEnv] VirtualAlloc(lp=0x00000000, size=0x0000A5F0, alloc=0x00001000, prot=0x00000004)
info: Win32Emu.Emulator[0]
      [ProcessEnv] VirtualAlloc: allocated at 0x01480000, size=0x0000B000, reserve=False, commit=True, topDown=False
info: Win32Emu.Emulator[0]
      [Dispatcher] KERNEL32.DLL!HeapAlloc returned 0x01480000, argBytes=12
info: Win32Emu.Emulator[0]
      [Syscall] AFTER API: Return address at 0x001FEE24 = 0x004675C4
info: Win32Emu.Emulator[0]
      [Syscall] KERNEL32.DLL!CreateFileA from stub at 0x0F0003C0
info: Win32Emu.Emulator[0]
      [Syscall] BEFORE API: Return address at 0x001FEDDC = 0x0046F21F
info: Win32Emu.Emulator[0]
      Dispatching KERNEL32.DLL!CreateFileA at EIP=0x0E000002 ESP=0x001FEDDC stack=1F F2 46 00 88 33 49 00 00 00 00 80 03 00 00 00
info: Win32Emu.Emulator[0]
      [Dispatcher] KERNEL32.DLL!CreateFileA returned 0x00001018, argBytes=28
info: Win32Emu.Emulator[0]
      [Syscall] AFTER API: Return address at 0x001FEDDC = 0x0046F21F
info: Win32Emu.Emulator[0]
      [Syscall] KERNEL32.DLL!GetFileType from stub at 0x0F000020
info: Win32Emu.Emulator[0]
      [Syscall] BEFORE API: Return address at 0x001FEDF4 = 0x0046F249
info: Win32Emu.Emulator[0]
      Dispatching KERNEL32.DLL!GetFileType at EIP=0x0E000002 ESP=0x001FEDF4 stack=49 F2 46 00 18 10 00 00 01 00 00 00 00 00 00 00
info: Win32Emu.Emulator[0]
      [Dispatcher] KERNEL32.DLL!GetFileType returned 0x00000001, argBytes=4
info: Win32Emu.Emulator[0]
      [Syscall] AFTER API: Return address at 0x001FEDF4 = 0x0046F249
info: Win32Emu.Emulator[0]
      [Syscall] KERNEL32.DLL!SetFilePointer from stub at 0x0F000390
info: Win32Emu.Emulator[0]
      [Syscall] BEFORE API: Return address at 0x001FEE20 = 0x00470587
info: Win32Emu.Emulator[0]
      Dispatching KERNEL32.DLL!SetFilePointer at EIP=0x0E000002 ESP=0x001FEE20 stack=87 05 47 00 18 10 00 00 00 00 00 00 40 EE 1F 00
info: Win32Emu.Emulator[0]
      [Dispatcher] KERNEL32.DLL!SetFilePointer returned 0x00000000, argBytes=16
info: Win32Emu.Emulator[0]
      [Syscall] AFTER API: Return address at 0x001FEE20 = 0x00470587
info: Win32Emu.Emulator[0]
      [Syscall] KERNEL32.DLL!HeapAlloc from stub at 0x0F000120
info: Win32Emu.Emulator[0]
      [Syscall] BEFORE API: Return address at 0x001FEE00 = 0x004675C4
info: Win32Emu.Emulator[0]
      Dispatching KERNEL32.DLL!HeapAlloc at EIP=0x0E000002 ESP=0x001FEE00 stack=C4 75 46 00 40 20 00 01 00 00 00 00 00 10 00 00
info: Win32Emu.Emulator[0]
      [ProcessEnv] VirtualAlloc(lp=0x00000000, size=0x00001000, alloc=0x00001000, prot=0x00000004)
info: Win32Emu.Emulator[0]
      [ProcessEnv] VirtualAlloc: allocated at 0x0148B000, size=0x00001000, reserve=False, commit=True, topDown=False
info: Win32Emu.Emulator[0]
      [Dispatcher] KERNEL32.DLL!HeapAlloc returned 0x0148B000, argBytes=12
info: Win32Emu.Emulator[0]
      [Syscall] AFTER API: Return address at 0x001FEE00 = 0x004675C4
info: Win32Emu.Emulator[0]
      [Syscall] KERNEL32.DLL!ReadFile from stub at 0x0F000040
info: Win32Emu.Emulator[0]
      [Syscall] BEFORE API: Return address at 0x001FEDFC = 0x00468D89
info: Win32Emu.Emulator[0]
      Dispatching KERNEL32.DLL!ReadFile at EIP=0x0E000002 ESP=0x001FEDFC stack=89 8D 46 00 18 10 00 00 00 B0 48 01 00 10 00 00
info: Win32Emu.Emulator[0]
      [Dispatcher] KERNEL32.DLL!ReadFile returned 0x00000001, argBytes=20
info: Win32Emu.Emulator[0]
      [Syscall] AFTER API: Return address at 0x001FEDFC = 0x00468D89
info: Win32Emu.Emulator[0]
      [Syscall] KERNEL32.DLL!HeapFree from stub at 0x0F000130
info: Win32Emu.Emulator[0]
      [Syscall] BEFORE API: Return address at 0x001FEE40 = 0x0046751A
info: Win32Emu.Emulator[0]
      Dispatching KERNEL32.DLL!HeapFree at EIP=0x0E000002 ESP=0x001FEE40 stack=1A 75 46 00 40 20 00 01 00 00 00 00 00 B0 48 01
info: Win32Emu.Emulator[0]
      [Dispatcher] KERNEL32.DLL!HeapFree returned 0x00000001, argBytes=12
info: Win32Emu.Emulator[0]
      [Syscall] AFTER API: Return address at 0x001FEE40 = 0x0046751A
info: Win32Emu.Emulator[0]
      [Syscall] KERNEL32.DLL!CloseHandle from stub at 0x0F000230
info: Win32Emu.Emulator[0]
      [Syscall] BEFORE API: Return address at 0x001FEE50 = 0x00468B5B
info: Win32Emu.Emulator[0]
      Dispatching KERNEL32.DLL!CloseHandle at EIP=0x0E000002 ESP=0x001FEE50 stack=5B 8B 46 00 18 10 00 00 70 04 00 0F 00 00 00 00
info: Win32Emu.Emulator[0]
      [Dispatcher] KERNEL32.DLL!CloseHandle returned 0x00000001, argBytes=4
info: Win32Emu.Emulator[0]
      [Syscall] AFTER API: Return address at 0x001FEE50 = 0x00468B5B
info: Win32Emu.Emulator[0]
      [Syscall] KERNEL32.DLL!CreateFileA from stub at 0x0F0003C0
info: Win32Emu.Emulator[0]
      [Syscall] BEFORE API: Return address at 0x001FEDD4 = 0x0046F21F
info: Win32Emu.Emulator[0]
      Dispatching KERNEL32.DLL!CreateFileA at EIP=0x0E000002 ESP=0x001FEDD4 stack=1F F2 46 00 A4 EE 1F 00 00 00 00 80 03 00 00 00
info: Win32Emu.Emulator[0]
      [Dispatcher] KERNEL32.DLL!CreateFileA returned 0x0000101C, argBytes=28
info: Win32Emu.Emulator[0]
      [Syscall] AFTER API: Return address at 0x001FEDD4 = 0x0046F21F
info: Win32Emu.Emulator[0]
      [Syscall] KERNEL32.DLL!GetFileType from stub at 0x0F000020
info: Win32Emu.Emulator[0]
      [Syscall] BEFORE API: Return address at 0x001FEDEC = 0x0046F249
info: Win32Emu.Emulator[0]
      Dispatching KERNEL32.DLL!GetFileType at EIP=0x0E000002 ESP=0x001FEDEC stack=49 F2 46 00 1C 10 00 00 01 00 00 00 00 00 00 00
info: Win32Emu.Emulator[0]
      [Dispatcher] KERNEL32.DLL!GetFileType returned 0x00000001, argBytes=4
info: Win32Emu.Emulator[0]
      [Syscall] AFTER API: Return address at 0x001FEDEC = 0x0046F249
info: Win32Emu.Emulator[0]
      [Syscall] KERNEL32.DLL!CloseHandle from stub at 0x0F000230
info: Win32Emu.Emulator[0]
      [Syscall] BEFORE API: Return address at 0x001FEE48 = 0x00468B5B
info: Win32Emu.Emulator[0]
      Dispatching KERNEL32.DLL!CloseHandle at EIP=0x0E000002 ESP=0x001FEE48 stack=5B 8B 46 00 1C 10 00 00 70 04 00 0F 00 00 00 00
info: Win32Emu.Emulator[0]
      [Dispatcher] KERNEL32.DLL!CloseHandle returned 0x00000001, argBytes=4
info: Win32Emu.Emulator[0]
      [Syscall] AFTER API: Return address at 0x001FEE48 = 0x00468B5B
info: Win32Emu.Emulator[0]
      [Syscall] KERNEL32.DLL!CreateFileA from stub at 0x0F0003C0
info: Win32Emu.Emulator[0]
      [Syscall] BEFORE API: Return address at 0x001FEDCC = 0x0046F21F
info: Win32Emu.Emulator[0]
      Dispatching KERNEL32.DLL!CreateFileA at EIP=0x0E000002 ESP=0x001FEDCC stack=1F F2 46 00 A4 EE 1F 00 00 00 00 80 03 00 00 00
info: Win32Emu.Emulator[0]
      [Dispatcher] KERNEL32.DLL!CreateFileA returned 0x00001020, argBytes=28
info: Win32Emu.Emulator[0]
      [Syscall] AFTER API: Return address at 0x001FEDCC = 0x0046F21F
info: Win32Emu.Emulator[0]
      [Syscall] KERNEL32.DLL!GetFileType from stub at 0x0F000020
info: Win32Emu.Emulator[0]
      [Syscall] BEFORE API: Return address at 0x001FEDE4 = 0x0046F249
info: Win32Emu.Emulator[0]
      Dispatching KERNEL32.DLL!GetFileType at EIP=0x0E000002 ESP=0x001FEDE4 stack=49 F2 46 00 20 10 00 00 01 00 00 00 00 00 00 00
info: Win32Emu.Emulator[0]
      [Dispatcher] KERNEL32.DLL!GetFileType returned 0x00000001, argBytes=4
info: Win32Emu.Emulator[0]
      [Syscall] AFTER API: Return address at 0x001FEDE4 = 0x0046F249
info: Win32Emu.Emulator[0]
      [Syscall] KERNEL32.DLL!SetFilePointer from stub at 0x0F000390
info: Win32Emu.Emulator[0]
      [Syscall] BEFORE API: Return address at 0x001FEE00 = 0x0046D9AA
info: Win32Emu.Emulator[0]
      Dispatching KERNEL32.DLL!SetFilePointer at EIP=0x0E000002 ESP=0x001FEE00 stack=AA D9 46 00 20 10 00 00 00 00 00 00 00 00 00 00
info: Win32Emu.Emulator[0]
      [Dispatcher] KERNEL32.DLL!SetFilePointer returned 0x00000000, argBytes=16
info: Win32Emu.Emulator[0]
      [Syscall] AFTER API: Return address at 0x001FEE00 = 0x0046D9AA
info: Win32Emu.Emulator[0]
      [Syscall] KERNEL32.DLL!SetFilePointer from stub at 0x0F000390
info: Win32Emu.Emulator[0]
      [Syscall] BEFORE API: Return address at 0x001FEE10 = 0x0046D9AA
info: Win32Emu.Emulator[0]
      Dispatching KERNEL32.DLL!SetFilePointer at EIP=0x0E000002 ESP=0x001FEE10 stack=AA D9 46 00 20 10 00 00 00 00 00 00 00 00 00 00
info: Win32Emu.Emulator[0]
      [Dispatcher] KERNEL32.DLL!SetFilePointer returned 0x00000308, argBytes=16
info: Win32Emu.Emulator[0]
      [Syscall] AFTER API: Return address at 0x001FEE10 = 0x0046D9AA
info: Win32Emu.Emulator[0]
      [Syscall] KERNEL32.DLL!SetFilePointer from stub at 0x0F000390
info: Win32Emu.Emulator[0]
      [Syscall] BEFORE API: Return address at 0x001FEE00 = 0x0046D9AA
info: Win32Emu.Emulator[0]
      Dispatching KERNEL32.DLL!SetFilePointer at EIP=0x0E000002 ESP=0x001FEE00 stack=AA D9 46 00 20 10 00 00 00 00 00 00 00 00 00 00
info: Win32Emu.Emulator[0]
      [Dispatcher] KERNEL32.DLL!SetFilePointer returned 0x00000308, argBytes=16
info: Win32Emu.Emulator[0]
      [Syscall] AFTER API: Return address at 0x001FEE00 = 0x0046D9AA
info: Win32Emu.Emulator[0]
      [Syscall] KERNEL32.DLL!SetFilePointer from stub at 0x0F000390
info: Win32Emu.Emulator[0]
      [Syscall] BEFORE API: Return address at 0x001FEE10 = 0x0046D9AA
info: Win32Emu.Emulator[0]
      Dispatching KERNEL32.DLL!SetFilePointer at EIP=0x0E000002 ESP=0x001FEE10 stack=AA D9 46 00 20 10 00 00 00 00 00 00 00 00 00 00
info: Win32Emu.Emulator[0]
      [Dispatcher] KERNEL32.DLL!SetFilePointer returned 0x00000000, argBytes=16
info: Win32Emu.Emulator[0]
      [Syscall] AFTER API: Return address at 0x001FEE10 = 0x0046D9AA
info: Win32Emu.Emulator[0]
      [Syscall] KERNEL32.DLL!CloseHandle from stub at 0x0F000230
info: Win32Emu.Emulator[0]
      [Syscall] BEFORE API: Return address at 0x001FEE40 = 0x00468B5B
info: Win32Emu.Emulator[0]
      Dispatching KERNEL32.DLL!CloseHandle at EIP=0x0E000002 ESP=0x001FEE40 stack=5B 8B 46 00 20 10 00 00 70 04 00 0F 00 00 00 00
info: Win32Emu.Emulator[0]
      [Dispatcher] KERNEL32.DLL!CloseHandle returned 0x00000001, argBytes=4
info: Win32Emu.Emulator[0]
      [Syscall] AFTER API: Return address at 0x001FEE40 = 0x00468B5B
info: Win32Emu.Emulator[0]
      [Syscall] KERNEL32.DLL!HeapAlloc from stub at 0x0F000120
info: Win32Emu.Emulator[0]
      [Syscall] BEFORE API: Return address at 0x001FEE24 = 0x004675C4
info: Win32Emu.Emulator[0]
      Dispatching KERNEL32.DLL!HeapAlloc at EIP=0x0E000002 ESP=0x001FEE24 stack=C4 75 46 00 40 20 00 01 00 00 00 00 10 03 00 00
info: Win32Emu.Emulator[0]
      [ProcessEnv] VirtualAlloc(lp=0x00000000, size=0x00000310, alloc=0x00001000, prot=0x00000004)
info: Win32Emu.Emulator[0]
      [ProcessEnv] VirtualAlloc: allocated at 0x0148C000, size=0x00001000, reserve=False, commit=True, topDown=False
info: Win32Emu.Emulator[0]
      [Dispatcher] KERNEL32.DLL!HeapAlloc returned 0x0148C000, argBytes=12
info: Win32Emu.Emulator[0]
      [Syscall] AFTER API: Return address at 0x001FEE24 = 0x004675C4
info: Win32Emu.Emulator[0]
      [Syscall] KERNEL32.DLL!CreateFileA from stub at 0x0F0003C0
info: Win32Emu.Emulator[0]
      [Syscall] BEFORE API: Return address at 0x001FEDDC = 0x0046F21F
info: Win32Emu.Emulator[0]
      Dispatching KERNEL32.DLL!CreateFileA at EIP=0x0E000002 ESP=0x001FEDDC stack=1F F2 46 00 A4 EE 1F 00 00 00 00 80 03 00 00 00
info: Win32Emu.Emulator[0]
      [Dispatcher] KERNEL32.DLL!CreateFileA returned 0x00001024, argBytes=28
info: Win32Emu.Emulator[0]
      [Syscall] AFTER API: Return address at 0x001FEDDC = 0x0046F21F
info: Win32Emu.Emulator[0]
      [Syscall] KERNEL32.DLL!GetFileType from stub at 0x0F000020
info: Win32Emu.Emulator[0]
      [Syscall] BEFORE API: Return address at 0x001FEDF4 = 0x0046F249
info: Win32Emu.Emulator[0]
      Dispatching KERNEL32.DLL!GetFileType at EIP=0x0E000002 ESP=0x001FEDF4 stack=49 F2 46 00 24 10 00 00 01 00 00 00 00 00 00 00
info: Win32Emu.Emulator[0]
      [Dispatcher] KERNEL32.DLL!GetFileType returned 0x00000001, argBytes=4
info: Win32Emu.Emulator[0]
      [Syscall] AFTER API: Return address at 0x001FEDF4 = 0x0046F249
info: Win32Emu.Emulator[0]
      [Syscall] KERNEL32.DLL!SetFilePointer from stub at 0x0F000390
info: Win32Emu.Emulator[0]
      [Syscall] BEFORE API: Return address at 0x001FEE20 = 0x00470587
info: Win32Emu.Emulator[0]
      Dispatching KERNEL32.DLL!SetFilePointer at EIP=0x0E000002 ESP=0x001FEE20 stack=87 05 47 00 24 10 00 00 00 00 00 00 40 EE 1F 00
info: Win32Emu.Emulator[0]
      [Dispatcher] KERNEL32.DLL!SetFilePointer returned 0x00000000, argBytes=16
info: Win32Emu.Emulator[0]
      [Syscall] AFTER API: Return address at 0x001FEE20 = 0x00470587
info: Win32Emu.Emulator[0]
      [Syscall] KERNEL32.DLL!HeapAlloc from stub at 0x0F000120
info: Win32Emu.Emulator[0]
      [Syscall] BEFORE API: Return address at 0x001FEE00 = 0x004675C4
info: Win32Emu.Emulator[0]
      Dispatching KERNEL32.DLL!HeapAlloc at EIP=0x0E000002 ESP=0x001FEE00 stack=C4 75 46 00 40 20 00 01 00 00 00 00 00 10 00 00
info: Win32Emu.Emulator[0]
      [ProcessEnv] VirtualAlloc(lp=0x00000000, size=0x00001000, alloc=0x00001000, prot=0x00000004)
info: Win32Emu.Emulator[0]
      [ProcessEnv] VirtualAlloc: allocated at 0x0148D000, size=0x00001000, reserve=False, commit=True, topDown=False
info: Win32Emu.Emulator[0]
      [Dispatcher] KERNEL32.DLL!HeapAlloc returned 0x0148D000, argBytes=12
info: Win32Emu.Emulator[0]
      [Syscall] AFTER API: Return address at 0x001FEE00 = 0x004675C4
info: Win32Emu.Emulator[0]
      [Syscall] KERNEL32.DLL!ReadFile from stub at 0x0F000040
info: Win32Emu.Emulator[0]
      [Syscall] BEFORE API: Return address at 0x001FEDFC = 0x00468D89
info: Win32Emu.Emulator[0]
      Dispatching KERNEL32.DLL!ReadFile at EIP=0x0E000002 ESP=0x001FEDFC stack=89 8D 46 00 24 10 00 00 00 D0 48 01 00 10 00 00
info: Win32Emu.Emulator[0]
      [Dispatcher] KERNEL32.DLL!ReadFile returned 0x00000001, argBytes=20
info: Win32Emu.Emulator[0]
      [Syscall] AFTER API: Return address at 0x001FEDFC = 0x00468D89
info: Win32Emu.Emulator[0]
      [Syscall] KERNEL32.DLL!HeapFree from stub at 0x0F000130
info: Win32Emu.Emulator[0]
      [Syscall] BEFORE API: Return address at 0x001FEE40 = 0x0046751A
info: Win32Emu.Emulator[0]
      Dispatching KERNEL32.DLL!HeapFree at EIP=0x0E000002 ESP=0x001FEE40 stack=1A 75 46 00 40 20 00 01 00 00 00 00 00 D0 48 01
info: Win32Emu.Emulator[0]
      [Dispatcher] KERNEL32.DLL!HeapFree returned 0x00000001, argBytes=12
info: Win32Emu.Emulator[0]
      [Syscall] AFTER API: Return address at 0x001FEE40 = 0x0046751A
info: Win32Emu.Emulator[0]
      [Syscall] KERNEL32.DLL!CloseHandle from stub at 0x0F000230
info: Win32Emu.Emulator[0]
      [Syscall] BEFORE API: Return address at 0x001FEE50 = 0x00468B5B
info: Win32Emu.Emulator[0]
      Dispatching KERNEL32.DLL!CloseHandle at EIP=0x0E000002 ESP=0x001FEE50 stack=5B 8B 46 00 24 10 00 00 70 04 00 0F 00 00 00 00
info: Win32Emu.Emulator[0]
      [Dispatcher] KERNEL32.DLL!CloseHandle returned 0x00000001, argBytes=4
info: Win32Emu.Emulator[0]
      [Syscall] AFTER API: Return address at 0x001FEE50 = 0x00468B5B
info: Win32Emu.Emulator[0]
      [Syscall] KERNEL32.DLL!CreateFileA from stub at 0x0F0003C0
info: Win32Emu.Emulator[0]
      [Syscall] BEFORE API: Return address at 0x001FEDC0 = 0x0046F21F
info: Win32Emu.Emulator[0]
      Dispatching KERNEL32.DLL!CreateFileA at EIP=0x0E000002 ESP=0x001FEDC0 stack=1F F2 46 00 20 33 49 00 00 00 00 80 03 00 00 00
info: Win32Emu.Emulator[0]
      [Dispatcher] KERNEL32.DLL!CreateFileA returned 0x00001028, argBytes=28
info: Win32Emu.Emulator[0]
      [Syscall] AFTER API: Return address at 0x001FEDC0 = 0x0046F21F
info: Win32Emu.Emulator[0]
      [Syscall] KERNEL32.DLL!GetFileType from stub at 0x0F000020
info: Win32Emu.Emulator[0]
      [Syscall] BEFORE API: Return address at 0x001FEDD8 = 0x0046F249
info: Win32Emu.Emulator[0]
      Dispatching KERNEL32.DLL!GetFileType at EIP=0x0E000002 ESP=0x001FEDD8 stack=49 F2 46 00 28 10 00 00 01 00 00 00 00 00 00 00
info: Win32Emu.Emulator[0]
      [Dispatcher] KERNEL32.DLL!GetFileType returned 0x00000001, argBytes=4
info: Win32Emu.Emulator[0]
      [Syscall] AFTER API: Return address at 0x001FEDD8 = 0x0046F249
info: Win32Emu.Emulator[0]
      [Syscall] KERNEL32.DLL!CloseHandle from stub at 0x0F000230
info: Win32Emu.Emulator[0]
      [Syscall] BEFORE API: Return address at 0x001FEE34 = 0x00468B5B
info: Win32Emu.Emulator[0]
      Dispatching KERNEL32.DLL!CloseHandle at EIP=0x0E000002 ESP=0x001FEE34 stack=5B 8B 46 00 28 10 00 00 70 04 00 0F 00 00 00 00
info: Win32Emu.Emulator[0]
      [Dispatcher] KERNEL32.DLL!CloseHandle returned 0x00000001, argBytes=4
info: Win32Emu.Emulator[0]
      [Syscall] AFTER API: Return address at 0x001FEE34 = 0x00468B5B
info: Win32Emu.Emulator[0]
      [Syscall] KERNEL32.DLL!CreateFileA from stub at 0x0F0003C0
info: Win32Emu.Emulator[0]
      [Syscall] BEFORE API: Return address at 0x001FEDB8 = 0x0046F21F
info: Win32Emu.Emulator[0]
      Dispatching KERNEL32.DLL!CreateFileA at EIP=0x0E000002 ESP=0x001FEDB8 stack=1F F2 46 00 20 33 49 00 00 00 00 80 03 00 00 00
info: Win32Emu.Emulator[0]
      [Dispatcher] KERNEL32.DLL!CreateFileA returned 0x0000102C, argBytes=28
info: Win32Emu.Emulator[0]
      [Syscall] AFTER API: Return address at 0x001FEDB8 = 0x0046F21F
info: Win32Emu.Emulator[0]
      [Syscall] KERNEL32.DLL!GetFileType from stub at 0x0F000020
info: Win32Emu.Emulator[0]
      [Syscall] BEFORE API: Return address at 0x001FEDD0 = 0x0046F249
info: Win32Emu.Emulator[0]
      Dispatching KERNEL32.DLL!GetFileType at EIP=0x0E000002 ESP=0x001FEDD0 stack=49 F2 46 00 2C 10 00 00 01 00 00 00 00 00 00 00
info: Win32Emu.Emulator[0]
      [Dispatcher] KERNEL32.DLL!GetFileType returned 0x00000001, argBytes=4
info: Win32Emu.Emulator[0]
      [Syscall] AFTER API: Return address at 0x001FEDD0 = 0x0046F249
info: Win32Emu.Emulator[0]
      [Syscall] KERNEL32.DLL!SetFilePointer from stub at 0x0F000390
info: Win32Emu.Emulator[0]
      [Syscall] BEFORE API: Return address at 0x001FEDEC = 0x0046D9AA
info: Win32Emu.Emulator[0]
      Dispatching KERNEL32.DLL!SetFilePointer at EIP=0x0E000002 ESP=0x001FEDEC stack=AA D9 46 00 2C 10 00 00 00 00 00 00 00 00 00 00
info: Win32Emu.Emulator[0]
      [Dispatcher] KERNEL32.DLL!SetFilePointer returned 0x00000000, argBytes=16
info: Win32Emu.Emulator[0]
      [Syscall] AFTER API: Return address at 0x001FEDEC = 0x0046D9AA
info: Win32Emu.Emulator[0]
      [Syscall] KERNEL32.DLL!SetFilePointer from stub at 0x0F000390
info: Win32Emu.Emulator[0]
      [Syscall] BEFORE API: Return address at 0x001FEDFC = 0x0046D9AA
info: Win32Emu.Emulator[0]
      Dispatching KERNEL32.DLL!SetFilePointer at EIP=0x0E000002 ESP=0x001FEDFC stack=AA D9 46 00 2C 10 00 00 00 00 00 00 00 00 00 00
info: Win32Emu.Emulator[0]
      [Dispatcher] KERNEL32.DLL!SetFilePointer returned 0x0000380D, argBytes=16
info: Win32Emu.Emulator[0]
      [Syscall] AFTER API: Return address at 0x001FEDFC = 0x0046D9AA
info: Win32Emu.Emulator[0]
      [Syscall] KERNEL32.DLL!SetFilePointer from stub at 0x0F000390
info: Win32Emu.Emulator[0]
      [Syscall] BEFORE API: Return address at 0x001FEDEC = 0x0046D9AA
info: Win32Emu.Emulator[0]
      Dispatching KERNEL32.DLL!SetFilePointer at EIP=0x0E000002 ESP=0x001FEDEC stack=AA D9 46 00 2C 10 00 00 00 00 00 00 00 00 00 00
info: Win32Emu.Emulator[0]
      [Dispatcher] KERNEL32.DLL!SetFilePointer returned 0x0000380D, argBytes=16
info: Win32Emu.Emulator[0]
      [Syscall] AFTER API: Return address at 0x001FEDEC = 0x0046D9AA
info: Win32Emu.Emulator[0]
      [Syscall] KERNEL32.DLL!SetFilePointer from stub at 0x0F000390
info: Win32Emu.Emulator[0]
      [Syscall] BEFORE API: Return address at 0x001FEDFC = 0x0046D9AA
info: Win32Emu.Emulator[0]
      Dispatching KERNEL32.DLL!SetFilePointer at EIP=0x0E000002 ESP=0x001FEDFC stack=AA D9 46 00 2C 10 00 00 00 00 00 00 00 00 00 00
info: Win32Emu.Emulator[0]
      [Dispatcher] KERNEL32.DLL!SetFilePointer returned 0x00000000, argBytes=16
info: Win32Emu.Emulator[0]
      [Syscall] AFTER API: Return address at 0x001FEDFC = 0x0046D9AA
info: Win32Emu.Emulator[0]
      [Syscall] KERNEL32.DLL!CloseHandle from stub at 0x0F000230
info: Win32Emu.Emulator[0]
      [Syscall] BEFORE API: Return address at 0x001FEE2C = 0x00468B5B
info: Win32Emu.Emulator[0]
      Dispatching KERNEL32.DLL!CloseHandle at EIP=0x0E000002 ESP=0x001FEE2C stack=5B 8B 46 00 2C 10 00 00 70 04 00 0F 00 00 00 00
info: Win32Emu.Emulator[0]
      [Dispatcher] KERNEL32.DLL!CloseHandle returned 0x00000001, argBytes=4
info: Win32Emu.Emulator[0]
      [Syscall] AFTER API: Return address at 0x001FEE2C = 0x00468B5B
info: Win32Emu.Emulator[0]
      [Syscall] KERNEL32.DLL!HeapAlloc from stub at 0x0F000120
info: Win32Emu.Emulator[0]
      [Syscall] BEFORE API: Return address at 0x001FEE10 = 0x004675C4
info: Win32Emu.Emulator[0]
      Dispatching KERNEL32.DLL!HeapAlloc at EIP=0x0E000002 ESP=0x001FEE10 stack=C4 75 46 00 40 20 00 01 00 00 00 00 10 38 00 00
info: Win32Emu.Emulator[0]
      [ProcessEnv] VirtualAlloc(lp=0x00000000, size=0x00003810, alloc=0x00001000, prot=0x00000004)
info: Win32Emu.Emulator[0]
      [ProcessEnv] VirtualAlloc: allocated at 0x0148E000, size=0x00004000, reserve=False, commit=True, topDown=False
info: Win32Emu.Emulator[0]
      [Dispatcher] KERNEL32.DLL!HeapAlloc returned 0x0148E000, argBytes=12
info: Win32Emu.Emulator[0]
      [Syscall] AFTER API: Return address at 0x001FEE10 = 0x004675C4
info: Win32Emu.Emulator[0]
      [Syscall] KERNEL32.DLL!CreateFileA from stub at 0x0F0003C0
info: Win32Emu.Emulator[0]
      [Syscall] BEFORE API: Return address at 0x001FEDC8 = 0x0046F21F
info: Win32Emu.Emulator[0]
      Dispatching KERNEL32.DLL!CreateFileA at EIP=0x0E000002 ESP=0x001FEDC8 stack=1F F2 46 00 20 33 49 00 00 00 00 80 03 00 00 00
info: Win32Emu.Emulator[0]
      [Dispatcher] KERNEL32.DLL!CreateFileA returned 0x00001030, argBytes=28
info: Win32Emu.Emulator[0]
      [Syscall] AFTER API: Return address at 0x001FEDC8 = 0x0046F21F
info: Win32Emu.Emulator[0]
      [Syscall] KERNEL32.DLL!GetFileType from stub at 0x0F000020
info: Win32Emu.Emulator[0]
      [Syscall] BEFORE API: Return address at 0x001FEDE0 = 0x0046F249
info: Win32Emu.Emulator[0]
      Dispatching KERNEL32.DLL!GetFileType at EIP=0x0E000002 ESP=0x001FEDE0 stack=49 F2 46 00 30 10 00 00 01 00 00 00 00 00 00 00
info: Win32Emu.Emulator[0]
      [Dispatcher] KERNEL32.DLL!GetFileType returned 0x00000001, argBytes=4
info: Win32Emu.Emulator[0]
      [Syscall] AFTER API: Return address at 0x001FEDE0 = 0x0046F249
info: Win32Emu.Emulator[0]
      [Syscall] KERNEL32.DLL!SetFilePointer from stub at 0x0F000390
info: Win32Emu.Emulator[0]
      [Syscall] BEFORE API: Return address at 0x001FEE0C = 0x00470587
info: Win32Emu.Emulator[0]
      Dispatching KERNEL32.DLL!SetFilePointer at EIP=0x0E000002 ESP=0x001FEE0C stack=87 05 47 00 30 10 00 00 00 00 00 00 2C EE 1F 00
info: Win32Emu.Emulator[0]
      [Dispatcher] KERNEL32.DLL!SetFilePointer returned 0x00000000, argBytes=16
info: Win32Emu.Emulator[0]
      [Syscall] AFTER API: Return address at 0x001FEE0C = 0x00470587
info: Win32Emu.Emulator[0]
      [Syscall] KERNEL32.DLL!HeapAlloc from stub at 0x0F000120
info: Win32Emu.Emulator[0]
      [Syscall] BEFORE API: Return address at 0x001FEDEC = 0x004675C4
info: Win32Emu.Emulator[0]
      Dispatching KERNEL32.DLL!HeapAlloc at EIP=0x0E000002 ESP=0x001FEDEC stack=C4 75 46 00 40 20 00 01 00 00 00 00 00 10 00 00
info: Win32Emu.Emulator[0]
      [ProcessEnv] VirtualAlloc(lp=0x00000000, size=0x00001000, alloc=0x00001000, prot=0x00000004)
info: Win32Emu.Emulator[0]
      [ProcessEnv] VirtualAlloc: allocated at 0x01492000, size=0x00001000, reserve=False, commit=True, topDown=False
info: Win32Emu.Emulator[0]
      [Dispatcher] KERNEL32.DLL!HeapAlloc returned 0x01492000, argBytes=12
info: Win32Emu.Emulator[0]
      [Syscall] AFTER API: Return address at 0x001FEDEC = 0x004675C4
info: Win32Emu.Emulator[0]
      [Syscall] KERNEL32.DLL!ReadFile from stub at 0x0F000040
info: Win32Emu.Emulator[0]
      [Syscall] BEFORE API: Return address at 0x001FEDE8 = 0x00468D89
info: Win32Emu.Emulator[0]
      Dispatching KERNEL32.DLL!ReadFile at EIP=0x0E000002 ESP=0x001FEDE8 stack=89 8D 46 00 30 10 00 00 00 20 49 01 00 10 00 00
info: Win32Emu.Emulator[0]
      [Dispatcher] KERNEL32.DLL!ReadFile returned 0x00000001, argBytes=20
info: Win32Emu.Emulator[0]
      [Syscall] AFTER API: Return address at 0x001FEDE8 = 0x00468D89
info: Win32Emu.Emulator[0]
      [Syscall] KERNEL32.DLL!HeapFree from stub at 0x0F000130
info: Win32Emu.Emulator[0]
      [Syscall] BEFORE API: Return address at 0x001FEE2C = 0x0046751A
info: Win32Emu.Emulator[0]
      Dispatching KERNEL32.DLL!HeapFree at EIP=0x0E000002 ESP=0x001FEE2C stack=1A 75 46 00 40 20 00 01 00 00 00 00 00 20 49 01
info: Win32Emu.Emulator[0]
      [Dispatcher] KERNEL32.DLL!HeapFree returned 0x00000001, argBytes=12
info: Win32Emu.Emulator[0]
      [Syscall] AFTER API: Return address at 0x001FEE2C = 0x0046751A
info: Win32Emu.Emulator[0]
      [Syscall] KERNEL32.DLL!CloseHandle from stub at 0x0F000230
info: Win32Emu.Emulator[0]
      [Syscall] BEFORE API: Return address at 0x001FEE3C = 0x00468B5B
info: Win32Emu.Emulator[0]
      Dispatching KERNEL32.DLL!CloseHandle at EIP=0x0E000002 ESP=0x001FEE3C stack=5B 8B 46 00 30 10 00 00 70 04 00 0F 00 00 00 00
info: Win32Emu.Emulator[0]
      [Dispatcher] KERNEL32.DLL!CloseHandle returned 0x00000001, argBytes=4
info: Win32Emu.Emulator[0]
      [Syscall] AFTER API: Return address at 0x001FEE3C = 0x00468B5B
info: Win32Emu.Emulator[0]
      [Syscall] KERNEL32.DLL!HeapFree from stub at 0x0F000130
info: Win32Emu.Emulator[0]
      [Syscall] BEFORE API: Return address at 0x001FEE44 = 0x0046751A
info: Win32Emu.Emulator[0]
      Dispatching KERNEL32.DLL!HeapFree at EIP=0x0E000002 ESP=0x001FEE44 stack=1A 75 46 00 40 20 00 01 00 00 00 00 00 E0 48 01
info: Win32Emu.Emulator[0]
      [Dispatcher] KERNEL32.DLL!HeapFree returned 0x00000001, argBytes=12
info: Win32Emu.Emulator[0]
      [Syscall] AFTER API: Return address at 0x001FEE44 = 0x0046751A
info: Win32Emu.Emulator[0]
      [Syscall] KERNEL32.DLL!CreateFileA from stub at 0x0F0003C0
info: Win32Emu.Emulator[0]
      [Syscall] BEFORE API: Return address at 0x001FEDC0 = 0x0046F21F
info: Win32Emu.Emulator[0]
      Dispatching KERNEL32.DLL!CreateFileA at EIP=0x0E000002 ESP=0x001FEDC0 stack=1F F2 46 00 04 33 49 00 00 00 00 80 03 00 00 00
info: Win32Emu.Emulator[0]
      [Dispatcher] KERNEL32.DLL!CreateFileA returned 0x00001034, argBytes=28
info: Win32Emu.Emulator[0]
      [Syscall] AFTER API: Return address at 0x001FEDC0 = 0x0046F21F
info: Win32Emu.Emulator[0]
      [Syscall] KERNEL32.DLL!GetFileType from stub at 0x0F000020
info: Win32Emu.Emulator[0]
      [Syscall] BEFORE API: Return address at 0x001FEDD8 = 0x0046F249
info: Win32Emu.Emulator[0]
      Dispatching KERNEL32.DLL!GetFileType at EIP=0x0E000002 ESP=0x001FEDD8 stack=49 F2 46 00 34 10 00 00 01 00 00 00 00 00 00 00
info: Win32Emu.Emulator[0]
      [Dispatcher] KERNEL32.DLL!GetFileType returned 0x00000001, argBytes=4
info: Win32Emu.Emulator[0]
      [Syscall] AFTER API: Return address at 0x001FEDD8 = 0x0046F249
info: Win32Emu.Emulator[0]
      [Syscall] KERNEL32.DLL!CloseHandle from stub at 0x0F000230
info: Win32Emu.Emulator[0]
      [Syscall] BEFORE API: Return address at 0x001FEE34 = 0x00468B5B
info: Win32Emu.Emulator[0]
      Dispatching KERNEL32.DLL!CloseHandle at EIP=0x0E000002 ESP=0x001FEE34 stack=5B 8B 46 00 34 10 00 00 70 04 00 0F 00 00 00 00
info: Win32Emu.Emulator[0]
      [Dispatcher] KERNEL32.DLL!CloseHandle returned 0x00000001, argBytes=4
info: Win32Emu.Emulator[0]
      [Syscall] AFTER API: Return address at 0x001FEE34 = 0x00468B5B
info: Win32Emu.Emulator[0]
      [Syscall] KERNEL32.DLL!CreateFileA from stub at 0x0F0003C0
info: Win32Emu.Emulator[0]
      [Syscall] BEFORE API: Return address at 0x001FEDB8 = 0x0046F21F
info: Win32Emu.Emulator[0]
      Dispatching KERNEL32.DLL!CreateFileA at EIP=0x0E000002 ESP=0x001FEDB8 stack=1F F2 46 00 04 33 49 00 00 00 00 80 03 00 00 00
info: Win32Emu.Emulator[0]
      [Dispatcher] KERNEL32.DLL!CreateFileA returned 0x00001038, argBytes=28
info: Win32Emu.Emulator[0]
      [Syscall] AFTER API: Return address at 0x001FEDB8 = 0x0046F21F
info: Win32Emu.Emulator[0]
      [Syscall] KERNEL32.DLL!GetFileType from stub at 0x0F000020
info: Win32Emu.Emulator[0]
      [Syscall] BEFORE API: Return address at 0x001FEDD0 = 0x0046F249
info: Win32Emu.Emulator[0]
      Dispatching KERNEL32.DLL!GetFileType at EIP=0x0E000002 ESP=0x001FEDD0 stack=49 F2 46 00 38 10 00 00 01 00 00 00 00 00 00 00
info: Win32Emu.Emulator[0]
      [Dispatcher] KERNEL32.DLL!GetFileType returned 0x00000001, argBytes=4
info: Win32Emu.Emulator[0]
      [Syscall] AFTER API: Return address at 0x001FEDD0 = 0x0046F249
info: Win32Emu.Emulator[0]
      [Syscall] KERNEL32.DLL!SetFilePointer from stub at 0x0F000390
info: Win32Emu.Emulator[0]
      [Syscall] BEFORE API: Return address at 0x001FEDEC = 0x0046D9AA
info: Win32Emu.Emulator[0]
      Dispatching KERNEL32.DLL!SetFilePointer at EIP=0x0E000002 ESP=0x001FEDEC stack=AA D9 46 00 38 10 00 00 00 00 00 00 00 00 00 00
info: Win32Emu.Emulator[0]
      [Dispatcher] KERNEL32.DLL!SetFilePointer returned 0x00000000, argBytes=16
info: Win32Emu.Emulator[0]
      [Syscall] AFTER API: Return address at 0x001FEDEC = 0x0046D9AA
info: Win32Emu.Emulator[0]
      [Syscall] KERNEL32.DLL!SetFilePointer from stub at 0x0F000390
info: Win32Emu.Emulator[0]
      [Syscall] BEFORE API: Return address at 0x001FEDFC = 0x0046D9AA
info: Win32Emu.Emulator[0]
      Dispatching KERNEL32.DLL!SetFilePointer at EIP=0x0E000002 ESP=0x001FEDFC stack=AA D9 46 00 38 10 00 00 00 00 00 00 00 00 00 00
info: Win32Emu.Emulator[0]
      [Dispatcher] KERNEL32.DLL!SetFilePointer returned 0x0000380D, argBytes=16
info: Win32Emu.Emulator[0]
      [Syscall] AFTER API: Return address at 0x001FEDFC = 0x0046D9AA
info: Win32Emu.Emulator[0]
      [Syscall] KERNEL32.DLL!SetFilePointer from stub at 0x0F000390
info: Win32Emu.Emulator[0]
      [Syscall] BEFORE API: Return address at 0x001FEDEC = 0x0046D9AA
info: Win32Emu.Emulator[0]
      Dispatching KERNEL32.DLL!SetFilePointer at EIP=0x0E000002 ESP=0x001FEDEC stack=AA D9 46 00 38 10 00 00 00 00 00 00 00 00 00 00
info: Win32Emu.Emulator[0]
      [Dispatcher] KERNEL32.DLL!SetFilePointer returned 0x0000380D, argBytes=16
info: Win32Emu.Emulator[0]
      [Syscall] AFTER API: Return address at 0x001FEDEC = 0x0046D9AA
info: Win32Emu.Emulator[0]
      [Syscall] KERNEL32.DLL!SetFilePointer from stub at 0x0F000390
info: Win32Emu.Emulator[0]
      [Syscall] BEFORE API: Return address at 0x001FEDFC = 0x0046D9AA
info: Win32Emu.Emulator[0]
      Dispatching KERNEL32.DLL!SetFilePointer at EIP=0x0E000002 ESP=0x001FEDFC stack=AA D9 46 00 38 10 00 00 00 00 00 00 00 00 00 00
info: Win32Emu.Emulator[0]
      [Dispatcher] KERNEL32.DLL!SetFilePointer returned 0x00000000, argBytes=16
info: Win32Emu.Emulator[0]
      [Syscall] AFTER API: Return address at 0x001FEDFC = 0x0046D9AA
info: Win32Emu.Emulator[0]
      [Syscall] KERNEL32.DLL!CloseHandle from stub at 0x0F000230
info: Win32Emu.Emulator[0]
      [Syscall] BEFORE API: Return address at 0x001FEE2C = 0x00468B5B
info: Win32Emu.Emulator[0]
      Dispatching KERNEL32.DLL!CloseHandle at EIP=0x0E000002 ESP=0x001FEE2C stack=5B 8B 46 00 38 10 00 00 70 04 00 0F 00 00 00 00
info: Win32Emu.Emulator[0]
      [Dispatcher] KERNEL32.DLL!CloseHandle returned 0x00000001, argBytes=4
info: Win32Emu.Emulator[0]
      [Syscall] AFTER API: Return address at 0x001FEE2C = 0x00468B5B
info: Win32Emu.Emulator[0]
      [Syscall] KERNEL32.DLL!HeapAlloc from stub at 0x0F000120
info: Win32Emu.Emulator[0]
      [Syscall] BEFORE API: Return address at 0x001FEE10 = 0x004675C4
info: Win32Emu.Emulator[0]
      Dispatching KERNEL32.DLL!HeapAlloc at EIP=0x0E000002 ESP=0x001FEE10 stack=C4 75 46 00 40 20 00 01 00 00 00 00 10 38 00 00
info: Win32Emu.Emulator[0]
      [ProcessEnv] VirtualAlloc(lp=0x00000000, size=0x00003810, alloc=0x00001000, prot=0x00000004)
info: Win32Emu.Emulator[0]
      [ProcessEnv] VirtualAlloc: allocated at 0x01493000, size=0x00004000, reserve=False, commit=True, topDown=False
info: Win32Emu.Emulator[0]
      [Dispatcher] KERNEL32.DLL!HeapAlloc returned 0x01493000, argBytes=12
info: Win32Emu.Emulator[0]
      [Syscall] AFTER API: Return address at 0x001FEE10 = 0x004675C4
info: Win32Emu.Emulator[0]
      [Syscall] KERNEL32.DLL!CreateFileA from stub at 0x0F0003C0
info: Win32Emu.Emulator[0]
      [Syscall] BEFORE API: Return address at 0x001FEDC8 = 0x0046F21F
info: Win32Emu.Emulator[0]
      Dispatching KERNEL32.DLL!CreateFileA at EIP=0x0E000002 ESP=0x001FEDC8 stack=1F F2 46 00 04 33 49 00 00 00 00 80 03 00 00 00
info: Win32Emu.Emulator[0]
      [Dispatcher] KERNEL32.DLL!CreateFileA returned 0x0000103C, argBytes=28
info: Win32Emu.Emulator[0]
      [Syscall] AFTER API: Return address at 0x001FEDC8 = 0x0046F21F
info: Win32Emu.Emulator[0]
      [Syscall] KERNEL32.DLL!GetFileType from stub at 0x0F000020
info: Win32Emu.Emulator[0]
      [Syscall] BEFORE API: Return address at 0x001FEDE0 = 0x0046F249
info: Win32Emu.Emulator[0]
      Dispatching KERNEL32.DLL!GetFileType at EIP=0x0E000002 ESP=0x001FEDE0 stack=49 F2 46 00 3C 10 00 00 01 00 00 00 00 00 00 00
info: Win32Emu.Emulator[0]
      [Dispatcher] KERNEL32.DLL!GetFileType returned 0x00000001, argBytes=4
info: Win32Emu.Emulator[0]
      [Syscall] AFTER API: Return address at 0x001FEDE0 = 0x0046F249
info: Win32Emu.Emulator[0]
      [Syscall] KERNEL32.DLL!SetFilePointer from stub at 0x0F000390
info: Win32Emu.Emulator[0]
      [Syscall] BEFORE API: Return address at 0x001FEE0C = 0x00470587
info: Win32Emu.Emulator[0]
      Dispatching KERNEL32.DLL!SetFilePointer at EIP=0x0E000002 ESP=0x001FEE0C stack=87 05 47 00 3C 10 00 00 00 00 00 00 2C EE 1F 00
info: Win32Emu.Emulator[0]
      [Dispatcher] KERNEL32.DLL!SetFilePointer returned 0x00000000, argBytes=16
info: Win32Emu.Emulator[0]
      [Syscall] AFTER API: Return address at 0x001FEE0C = 0x00470587
info: Win32Emu.Emulator[0]
      [Syscall] KERNEL32.DLL!HeapAlloc from stub at 0x0F000120
info: Win32Emu.Emulator[0]
      [Syscall] BEFORE API: Return address at 0x001FEDEC = 0x004675C4
info: Win32Emu.Emulator[0]
      Dispatching KERNEL32.DLL!HeapAlloc at EIP=0x0E000002 ESP=0x001FEDEC stack=C4 75 46 00 40 20 00 01 00 00 00 00 00 10 00 00
info: Win32Emu.Emulator[0]
      [ProcessEnv] VirtualAlloc(lp=0x00000000, size=0x00001000, alloc=0x00001000, prot=0x00000004)
info: Win32Emu.Emulator[0]
      [ProcessEnv] VirtualAlloc: allocated at 0x01497000, size=0x00001000, reserve=False, commit=True, topDown=False
info: Win32Emu.Emulator[0]
      [Dispatcher] KERNEL32.DLL!HeapAlloc returned 0x01497000, argBytes=12
info: Win32Emu.Emulator[0]
      [Syscall] AFTER API: Return address at 0x001FEDEC = 0x004675C4
info: Win32Emu.Emulator[0]
      [Syscall] KERNEL32.DLL!ReadFile from stub at 0x0F000040
info: Win32Emu.Emulator[0]
      [Syscall] BEFORE API: Return address at 0x001FEDE8 = 0x00468D89
info: Win32Emu.Emulator[0]
      Dispatching KERNEL32.DLL!ReadFile at EIP=0x0E000002 ESP=0x001FEDE8 stack=89 8D 46 00 3C 10 00 00 00 70 49 01 00 10 00 00
info: Win32Emu.Emulator[0]
      [Dispatcher] KERNEL32.DLL!ReadFile returned 0x00000001, argBytes=20
info: Win32Emu.Emulator[0]
      [Syscall] AFTER API: Return address at 0x001FEDE8 = 0x00468D89
info: Win32Emu.Emulator[0]
      [Syscall] KERNEL32.DLL!HeapFree from stub at 0x0F000130
info: Win32Emu.Emulator[0]
      [Syscall] BEFORE API: Return address at 0x001FEE2C = 0x0046751A
info: Win32Emu.Emulator[0]
      Dispatching KERNEL32.DLL!HeapFree at EIP=0x0E000002 ESP=0x001FEE2C stack=1A 75 46 00 40 20 00 01 00 00 00 00 00 70 49 01
info: Win32Emu.Emulator[0]
      [Dispatcher] KERNEL32.DLL!HeapFree returned 0x00000001, argBytes=12
info: Win32Emu.Emulator[0]
      [Syscall] AFTER API: Return address at 0x001FEE2C = 0x0046751A
info: Win32Emu.Emulator[0]
      [Syscall] KERNEL32.DLL!CloseHandle from stub at 0x0F000230
info: Win32Emu.Emulator[0]
      [Syscall] BEFORE API: Return address at 0x001FEE3C = 0x00468B5B
info: Win32Emu.Emulator[0]
      Dispatching KERNEL32.DLL!CloseHandle at EIP=0x0E000002 ESP=0x001FEE3C stack=5B 8B 46 00 3C 10 00 00 70 04 00 0F 00 00 00 00
info: Win32Emu.Emulator[0]
      [Dispatcher] KERNEL32.DLL!CloseHandle returned 0x00000001, argBytes=4
info: Win32Emu.Emulator[0]
      [Syscall] AFTER API: Return address at 0x001FEE3C = 0x00468B5B
info: Win32Emu.Emulator[0]
      [Syscall] KERNEL32.DLL!HeapFree from stub at 0x0F000130
info: Win32Emu.Emulator[0]
      [Syscall] BEFORE API: Return address at 0x001FEE44 = 0x0046751A
info: Win32Emu.Emulator[0]
      Dispatching KERNEL32.DLL!HeapFree at EIP=0x0E000002 ESP=0x001FEE44 stack=1A 75 46 00 40 20 00 01 00 00 00 00 00 30 49 01
info: Win32Emu.Emulator[0]
      [Dispatcher] KERNEL32.DLL!HeapFree returned 0x00000001, argBytes=12
info: Win32Emu.Emulator[0]
      [Syscall] AFTER API: Return address at 0x001FEE44 = 0x0046751A
info: Win32Emu.Emulator[0]
      [Syscall] KERNEL32.DLL!CreateFileA from stub at 0x0F0003C0
info: Win32Emu.Emulator[0]
      [Syscall] BEFORE API: Return address at 0x001FEDC0 = 0x0046F21F
info: Win32Emu.Emulator[0]
      Dispatching KERNEL32.DLL!CreateFileA at EIP=0x0E000002 ESP=0x001FEDC0 stack=1F F2 46 00 E8 32 49 00 00 00 00 80 03 00 00 00
info: Win32Emu.Emulator[0]
      [Dispatcher] KERNEL32.DLL!CreateFileA returned 0x00001040, argBytes=28
info: Win32Emu.Emulator[0]
      [Syscall] AFTER API: Return address at 0x001FEDC0 = 0x0046F21F
info: Win32Emu.Emulator[0]
      [Syscall] KERNEL32.DLL!GetFileType from stub at 0x0F000020
info: Win32Emu.Emulator[0]
      [Syscall] BEFORE API: Return address at 0x001FEDD8 = 0x0046F249
info: Win32Emu.Emulator[0]
      Dispatching KERNEL32.DLL!GetFileType at EIP=0x0E000002 ESP=0x001FEDD8 stack=49 F2 46 00 40 10 00 00 01 00 00 00 00 00 00 00
info: Win32Emu.Emulator[0]
      [Dispatcher] KERNEL32.DLL!GetFileType returned 0x00000001, argBytes=4
info: Win32Emu.Emulator[0]
      [Syscall] AFTER API: Return address at 0x001FEDD8 = 0x0046F249
info: Win32Emu.Emulator[0]
      [Syscall] KERNEL32.DLL!CloseHandle from stub at 0x0F000230
info: Win32Emu.Emulator[0]
      [Syscall] BEFORE API: Return address at 0x001FEE34 = 0x00468B5B
info: Win32Emu.Emulator[0]
      Dispatching KERNEL32.DLL!CloseHandle at EIP=0x0E000002 ESP=0x001FEE34 stack=5B 8B 46 00 40 10 00 00 70 04 00 0F 00 00 00 00
info: Win32Emu.Emulator[0]
      [Dispatcher] KERNEL32.DLL!CloseHandle returned 0x00000001, argBytes=4
info: Win32Emu.Emulator[0]
      [Syscall] AFTER API: Return address at 0x001FEE34 = 0x00468B5B
info: Win32Emu.Emulator[0]
      [Syscall] KERNEL32.DLL!CreateFileA from stub at 0x0F0003C0
info: Win32Emu.Emulator[0]
      [Syscall] BEFORE API: Return address at 0x001FEDB8 = 0x0046F21F
info: Win32Emu.Emulator[0]
      Dispatching KERNEL32.DLL!CreateFileA at EIP=0x0E000002 ESP=0x001FEDB8 stack=1F F2 46 00 E8 32 49 00 00 00 00 80 03 00 00 00
info: Win32Emu.Emulator[0]
      [Dispatcher] KERNEL32.DLL!CreateFileA returned 0x00001044, argBytes=28
info: Win32Emu.Emulator[0]
      [Syscall] AFTER API: Return address at 0x001FEDB8 = 0x0046F21F
info: Win32Emu.Emulator[0]
      [Syscall] KERNEL32.DLL!GetFileType from stub at 0x0F000020
info: Win32Emu.Emulator[0]
      [Syscall] BEFORE API: Return address at 0x001FEDD0 = 0x0046F249
info: Win32Emu.Emulator[0]
      Dispatching KERNEL32.DLL!GetFileType at EIP=0x0E000002 ESP=0x001FEDD0 stack=49 F2 46 00 44 10 00 00 01 00 00 00 00 00 00 00
info: Win32Emu.Emulator[0]
      [Dispatcher] KERNEL32.DLL!GetFileType returned 0x00000001, argBytes=4
info: Win32Emu.Emulator[0]
      [Syscall] AFTER API: Return address at 0x001FEDD0 = 0x0046F249
info: Win32Emu.Emulator[0]
      [Syscall] KERNEL32.DLL!SetFilePointer from stub at 0x0F000390
info: Win32Emu.Emulator[0]
      [Syscall] BEFORE API: Return address at 0x001FEDEC = 0x0046D9AA
info: Win32Emu.Emulator[0]
      Dispatching KERNEL32.DLL!SetFilePointer at EIP=0x0E000002 ESP=0x001FEDEC stack=AA D9 46 00 44 10 00 00 00 00 00 00 00 00 00 00
info: Win32Emu.Emulator[0]
      [Dispatcher] KERNEL32.DLL!SetFilePointer returned 0x00000000, argBytes=16
info: Win32Emu.Emulator[0]
      [Syscall] AFTER API: Return address at 0x001FEDEC = 0x0046D9AA
info: Win32Emu.Emulator[0]
      [Syscall] KERNEL32.DLL!SetFilePointer from stub at 0x0F000390
info: Win32Emu.Emulator[0]
      [Syscall] BEFORE API: Return address at 0x001FEDFC = 0x0046D9AA
info: Win32Emu.Emulator[0]
      Dispatching KERNEL32.DLL!SetFilePointer at EIP=0x0E000002 ESP=0x001FEDFC stack=AA D9 46 00 44 10 00 00 00 00 00 00 00 00 00 00
info: Win32Emu.Emulator[0]
      [Dispatcher] KERNEL32.DLL!SetFilePointer returned 0x0000380D, argBytes=16
info: Win32Emu.Emulator[0]
      [Syscall] AFTER API: Return address at 0x001FEDFC = 0x0046D9AA
info: Win32Emu.Emulator[0]
      [Syscall] KERNEL32.DLL!SetFilePointer from stub at 0x0F000390
info: Win32Emu.Emulator[0]
      [Syscall] BEFORE API: Return address at 0x001FEDEC = 0x0046D9AA
info: Win32Emu.Emulator[0]
      Dispatching KERNEL32.DLL!SetFilePointer at EIP=0x0E000002 ESP=0x001FEDEC stack=AA D9 46 00 44 10 00 00 00 00 00 00 00 00 00 00
info: Win32Emu.Emulator[0]
      [Dispatcher] KERNEL32.DLL!SetFilePointer returned 0x0000380D, argBytes=16
info: Win32Emu.Emulator[0]
      [Syscall] AFTER API: Return address at 0x001FEDEC = 0x0046D9AA
info: Win32Emu.Emulator[0]
      [Syscall] KERNEL32.DLL!SetFilePointer from stub at 0x0F000390
info: Win32Emu.Emulator[0]
      [Syscall] BEFORE API: Return address at 0x001FEDFC = 0x0046D9AA
info: Win32Emu.Emulator[0]
      Dispatching KERNEL32.DLL!SetFilePointer at EIP=0x0E000002 ESP=0x001FEDFC stack=AA D9 46 00 44 10 00 00 00 00 00 00 00 00 00 00
info: Win32Emu.Emulator[0]
      [Dispatcher] KERNEL32.DLL!SetFilePointer returned 0x00000000, argBytes=16
info: Win32Emu.Emulator[0]
      [Syscall] AFTER API: Return address at 0x001FEDFC = 0x0046D9AA
info: Win32Emu.Emulator[0]
      [Syscall] KERNEL32.DLL!CloseHandle from stub at 0x0F000230
info: Win32Emu.Emulator[0]
      [Syscall] BEFORE API: Return address at 0x001FEE2C = 0x00468B5B
info: Win32Emu.Emulator[0]
      Dispatching KERNEL32.DLL!CloseHandle at EIP=0x0E000002 ESP=0x001FEE2C stack=5B 8B 46 00 44 10 00 00 70 04 00 0F 00 00 00 00
info: Win32Emu.Emulator[0]
      [Dispatcher] KERNEL32.DLL!CloseHandle returned 0x00000001, argBytes=4
info: Win32Emu.Emulator[0]
      [Syscall] AFTER API: Return address at 0x001FEE2C = 0x00468B5B
info: Win32Emu.Emulator[0]
      [Syscall] KERNEL32.DLL!HeapAlloc from stub at 0x0F000120
info: Win32Emu.Emulator[0]
      [Syscall] BEFORE API: Return address at 0x001FEE10 = 0x004675C4
info: Win32Emu.Emulator[0]
      Dispatching KERNEL32.DLL!HeapAlloc at EIP=0x0E000002 ESP=0x001FEE10 stack=C4 75 46 00 40 20 00 01 00 00 00 00 10 38 00 00
info: Win32Emu.Emulator[0]
      [ProcessEnv] VirtualAlloc(lp=0x00000000, size=0x00003810, alloc=0x00001000, prot=0x00000004)
info: Win32Emu.Emulator[0]
      [ProcessEnv] VirtualAlloc: allocated at 0x01498000, size=0x00004000, reserve=False, commit=True, topDown=False
info: Win32Emu.Emulator[0]
      [Dispatcher] KERNEL32.DLL!HeapAlloc returned 0x01498000, argBytes=12
info: Win32Emu.Emulator[0]
      [Syscall] AFTER API: Return address at 0x001FEE10 = 0x004675C4
info: Win32Emu.Emulator[0]
      [Syscall] KERNEL32.DLL!CreateFileA from stub at 0x0F0003C0
info: Win32Emu.Emulator[0]
      [Syscall] BEFORE API: Return address at 0x001FEDC8 = 0x0046F21F
info: Win32Emu.Emulator[0]
      Dispatching KERNEL32.DLL!CreateFileA at EIP=0x0E000002 ESP=0x001FEDC8 stack=1F F2 46 00 E8 32 49 00 00 00 00 80 03 00 00 00
info: Win32Emu.Emulator[0]
      [Dispatcher] KERNEL32.DLL!CreateFileA returned 0x00001048, argBytes=28
info: Win32Emu.Emulator[0]
      [Syscall] AFTER API: Return address at 0x001FEDC8 = 0x0046F21F
info: Win32Emu.Emulator[0]
      [Syscall] KERNEL32.DLL!GetFileType from stub at 0x0F000020
info: Win32Emu.Emulator[0]
      [Syscall] BEFORE API: Return address at 0x001FEDE0 = 0x0046F249
info: Win32Emu.Emulator[0]
      Dispatching KERNEL32.DLL!GetFileType at EIP=0x0E000002 ESP=0x001FEDE0 stack=49 F2 46 00 48 10 00 00 01 00 00 00 00 00 00 00
info: Win32Emu.Emulator[0]
      [Dispatcher] KERNEL32.DLL!GetFileType returned 0x00000001, argBytes=4
info: Win32Emu.Emulator[0]
      [Syscall] AFTER API: Return address at 0x001FEDE0 = 0x0046F249
info: Win32Emu.Emulator[0]
      [Syscall] KERNEL32.DLL!SetFilePointer from stub at 0x0F000390
info: Win32Emu.Emulator[0]
      [Syscall] BEFORE API: Return address at 0x001FEE0C = 0x00470587
info: Win32Emu.Emulator[0]
      Dispatching KERNEL32.DLL!SetFilePointer at EIP=0x0E000002 ESP=0x001FEE0C stack=87 05 47 00 48 10 00 00 00 00 00 00 2C EE 1F 00
info: Win32Emu.Emulator[0]
      [Dispatcher] KERNEL32.DLL!SetFilePointer returned 0x00000000, argBytes=16
info: Win32Emu.Emulator[0]
      [Syscall] AFTER API: Return address at 0x001FEE0C = 0x00470587
info: Win32Emu.Emulator[0]
      [Syscall] KERNEL32.DLL!HeapAlloc from stub at 0x0F000120
info: Win32Emu.Emulator[0]
      [Syscall] BEFORE API: Return address at 0x001FEDEC = 0x004675C4
info: Win32Emu.Emulator[0]
      Dispatching KERNEL32.DLL!HeapAlloc at EIP=0x0E000002 ESP=0x001FEDEC stack=C4 75 46 00 40 20 00 01 00 00 00 00 00 10 00 00
info: Win32Emu.Emulator[0]
      [ProcessEnv] VirtualAlloc(lp=0x00000000, size=0x00001000, alloc=0x00001000, prot=0x00000004)
info: Win32Emu.Emulator[0]
      [ProcessEnv] VirtualAlloc: allocated at 0x0149C000, size=0x00001000, reserve=False, commit=True, topDown=False
info: Win32Emu.Emulator[0]
      [Dispatcher] KERNEL32.DLL!HeapAlloc returned 0x0149C000, argBytes=12
info: Win32Emu.Emulator[0]
      [Syscall] AFTER API: Return address at 0x001FEDEC = 0x004675C4
info: Win32Emu.Emulator[0]
      [Syscall] KERNEL32.DLL!ReadFile from stub at 0x0F000040
info: Win32Emu.Emulator[0]
      [Syscall] BEFORE API: Return address at 0x001FEDE8 = 0x00468D89
info: Win32Emu.Emulator[0]
      Dispatching KERNEL32.DLL!ReadFile at EIP=0x0E000002 ESP=0x001FEDE8 stack=89 8D 46 00 48 10 00 00 00 C0 49 01 00 10 00 00
info: Win32Emu.Emulator[0]
      [Dispatcher] KERNEL32.DLL!ReadFile returned 0x00000001, argBytes=20
info: Win32Emu.Emulator[0]
      [Syscall] AFTER API: Return address at 0x001FEDE8 = 0x00468D89
info: Win32Emu.Emulator[0]
      [Syscall] KERNEL32.DLL!HeapFree from stub at 0x0F000130
info: Win32Emu.Emulator[0]
      [Syscall] BEFORE API: Return address at 0x001FEE2C = 0x0046751A
info: Win32Emu.Emulator[0]
      Dispatching KERNEL32.DLL!HeapFree at EIP=0x0E000002 ESP=0x001FEE2C stack=1A 75 46 00 40 20 00 01 00 00 00 00 00 C0 49 01
info: Win32Emu.Emulator[0]
      [Dispatcher] KERNEL32.DLL!HeapFree returned 0x00000001, argBytes=12
info: Win32Emu.Emulator[0]
      [Syscall] AFTER API: Return address at 0x001FEE2C = 0x0046751A
info: Win32Emu.Emulator[0]
      [Syscall] KERNEL32.DLL!CloseHandle from stub at 0x0F000230
info: Win32Emu.Emulator[0]
      [Syscall] BEFORE API: Return address at 0x001FEE3C = 0x00468B5B
info: Win32Emu.Emulator[0]
      Dispatching KERNEL32.DLL!CloseHandle at EIP=0x0E000002 ESP=0x001FEE3C stack=5B 8B 46 00 48 10 00 00 70 04 00 0F 00 00 00 00
info: Win32Emu.Emulator[0]
      [Dispatcher] KERNEL32.DLL!CloseHandle returned 0x00000001, argBytes=4
info: Win32Emu.Emulator[0]
      [Syscall] AFTER API: Return address at 0x001FEE3C = 0x00468B5B
info: Win32Emu.Emulator[0]
      [Syscall] KERNEL32.DLL!HeapFree from stub at 0x0F000130
info: Win32Emu.Emulator[0]
      [Syscall] BEFORE API: Return address at 0x001FEE44 = 0x0046751A
info: Win32Emu.Emulator[0]
      Dispatching KERNEL32.DLL!HeapFree at EIP=0x0E000002 ESP=0x001FEE44 stack=1A 75 46 00 40 20 00 01 00 00 00 00 00 80 49 01
info: Win32Emu.Emulator[0]
      [Dispatcher] KERNEL32.DLL!HeapFree returned 0x00000001, argBytes=12
info: Win32Emu.Emulator[0]
      [Syscall] AFTER API: Return address at 0x001FEE44 = 0x0046751A
info: Win32Emu.Emulator[0]
      [Syscall] KERNEL32.DLL!CreateFileA from stub at 0x0F0003C0
info: Win32Emu.Emulator[0]
      [Syscall] BEFORE API: Return address at 0x001FEDC0 = 0x0046F21F
info: Win32Emu.Emulator[0]
      Dispatching KERNEL32.DLL!CreateFileA at EIP=0x0E000002 ESP=0x001FEDC0 stack=1F F2 46 00 CC 32 49 00 00 00 00 80 03 00 00 00
info: Win32Emu.Emulator[0]
      [Dispatcher] KERNEL32.DLL!CreateFileA returned 0x0000104C, argBytes=28
info: Win32Emu.Emulator[0]
      [Syscall] AFTER API: Return address at 0x001FEDC0 = 0x0046F21F
info: Win32Emu.Emulator[0]
      [Syscall] KERNEL32.DLL!GetFileType from stub at 0x0F000020
info: Win32Emu.Emulator[0]
      [Syscall] BEFORE API: Return address at 0x001FEDD8 = 0x0046F249
info: Win32Emu.Emulator[0]
      Dispatching KERNEL32.DLL!GetFileType at EIP=0x0E000002 ESP=0x001FEDD8 stack=49 F2 46 00 4C 10 00 00 01 00 00 00 00 00 00 00
info: Win32Emu.Emulator[0]
      [Dispatcher] KERNEL32.DLL!GetFileType returned 0x00000001, argBytes=4
info: Win32Emu.Emulator[0]
      [Syscall] AFTER API: Return address at 0x001FEDD8 = 0x0046F249
info: Win32Emu.Emulator[0]
      [Syscall] KERNEL32.DLL!CloseHandle from stub at 0x0F000230
info: Win32Emu.Emulator[0]
      [Syscall] BEFORE API: Return address at 0x001FEE34 = 0x00468B5B
info: Win32Emu.Emulator[0]
      Dispatching KERNEL32.DLL!CloseHandle at EIP=0x0E000002 ESP=0x001FEE34 stack=5B 8B 46 00 4C 10 00 00 70 04 00 0F 00 00 00 00
info: Win32Emu.Emulator[0]
      [Dispatcher] KERNEL32.DLL!CloseHandle returned 0x00000001, argBytes=4
info: Win32Emu.Emulator[0]
      [Syscall] AFTER API: Return address at 0x001FEE34 = 0x00468B5B
info: Win32Emu.Emulator[0]
      [Syscall] KERNEL32.DLL!CreateFileA from stub at 0x0F0003C0
info: Win32Emu.Emulator[0]
      [Syscall] BEFORE API: Return address at 0x001FEDB8 = 0x0046F21F
info: Win32Emu.Emulator[0]
      Dispatching KERNEL32.DLL!CreateFileA at EIP=0x0E000002 ESP=0x001FEDB8 stack=1F F2 46 00 CC 32 49 00 00 00 00 80 03 00 00 00
info: Win32Emu.Emulator[0]
      [Dispatcher] KERNEL32.DLL!CreateFileA returned 0x00001050, argBytes=28
info: Win32Emu.Emulator[0]
      [Syscall] AFTER API: Return address at 0x001FEDB8 = 0x0046F21F
info: Win32Emu.Emulator[0]
      [Syscall] KERNEL32.DLL!GetFileType from stub at 0x0F000020
info: Win32Emu.Emulator[0]
      [Syscall] BEFORE API: Return address at 0x001FEDD0 = 0x0046F249
info: Win32Emu.Emulator[0]
      Dispatching KERNEL32.DLL!GetFileType at EIP=0x0E000002 ESP=0x001FEDD0 stack=49 F2 46 00 50 10 00 00 01 00 00 00 00 00 00 00
info: Win32Emu.Emulator[0]
      [Dispatcher] KERNEL32.DLL!GetFileType returned 0x00000001, argBytes=4
info: Win32Emu.Emulator[0]
      [Syscall] AFTER API: Return address at 0x001FEDD0 = 0x0046F249
info: Win32Emu.Emulator[0]
      [Syscall] KERNEL32.DLL!SetFilePointer from stub at 0x0F000390
info: Win32Emu.Emulator[0]
      [Syscall] BEFORE API: Return address at 0x001FEDEC = 0x0046D9AA
info: Win32Emu.Emulator[0]
      Dispatching KERNEL32.DLL!SetFilePointer at EIP=0x0E000002 ESP=0x001FEDEC stack=AA D9 46 00 50 10 00 00 00 00 00 00 00 00 00 00
info: Win32Emu.Emulator[0]
      [Dispatcher] KERNEL32.DLL!SetFilePointer returned 0x00000000, argBytes=16
info: Win32Emu.Emulator[0]
      [Syscall] AFTER API: Return address at 0x001FEDEC = 0x0046D9AA
info: Win32Emu.Emulator[0]
      [Syscall] KERNEL32.DLL!SetFilePointer from stub at 0x0F000390
info: Win32Emu.Emulator[0]
      [Syscall] BEFORE API: Return address at 0x001FEDFC = 0x0046D9AA
info: Win32Emu.Emulator[0]
      Dispatching KERNEL32.DLL!SetFilePointer at EIP=0x0E000002 ESP=0x001FEDFC stack=AA D9 46 00 50 10 00 00 00 00 00 00 00 00 00 00
info: Win32Emu.Emulator[0]
      [Dispatcher] KERNEL32.DLL!SetFilePointer returned 0x0000380D, argBytes=16
info: Win32Emu.Emulator[0]
      [Syscall] AFTER API: Return address at 0x001FEDFC = 0x0046D9AA
info: Win32Emu.Emulator[0]
      [Syscall] KERNEL32.DLL!SetFilePointer from stub at 0x0F000390
info: Win32Emu.Emulator[0]
      [Syscall] BEFORE API: Return address at 0x001FEDEC = 0x0046D9AA
info: Win32Emu.Emulator[0]
      Dispatching KERNEL32.DLL!SetFilePointer at EIP=0x0E000002 ESP=0x001FEDEC stack=AA D9 46 00 50 10 00 00 00 00 00 00 00 00 00 00
info: Win32Emu.Emulator[0]
      [Dispatcher] KERNEL32.DLL!SetFilePointer returned 0x0000380D, argBytes=16
info: Win32Emu.Emulator[0]
      [Syscall] AFTER API: Return address at 0x001FEDEC = 0x0046D9AA
info: Win32Emu.Emulator[0]
      [Syscall] KERNEL32.DLL!SetFilePointer from stub at 0x0F000390
info: Win32Emu.Emulator[0]
      [Syscall] BEFORE API: Return address at 0x001FEDFC = 0x0046D9AA
info: Win32Emu.Emulator[0]
      Dispatching KERNEL32.DLL!SetFilePointer at EIP=0x0E000002 ESP=0x001FEDFC stack=AA D9 46 00 50 10 00 00 00 00 00 00 00 00 00 00
info: Win32Emu.Emulator[0]
      [Dispatcher] KERNEL32.DLL!SetFilePointer returned 0x00000000, argBytes=16
info: Win32Emu.Emulator[0]
      [Syscall] AFTER API: Return address at 0x001FEDFC = 0x0046D9AA
info: Win32Emu.Emulator[0]
      [Syscall] KERNEL32.DLL!CloseHandle from stub at 0x0F000230
info: Win32Emu.Emulator[0]
      [Syscall] BEFORE API: Return address at 0x001FEE2C = 0x00468B5B
info: Win32Emu.Emulator[0]
      Dispatching KERNEL32.DLL!CloseHandle at EIP=0x0E000002 ESP=0x001FEE2C stack=5B 8B 46 00 50 10 00 00 70 04 00 0F 00 00 00 00
info: Win32Emu.Emulator[0]
      [Dispatcher] KERNEL32.DLL!CloseHandle returned 0x00000001, argBytes=4
info: Win32Emu.Emulator[0]
      [Syscall] AFTER API: Return address at 0x001FEE2C = 0x00468B5B
info: Win32Emu.Emulator[0]
      [Syscall] KERNEL32.DLL!HeapAlloc from stub at 0x0F000120
info: Win32Emu.Emulator[0]
      [Syscall] BEFORE API: Return address at 0x001FEE10 = 0x004675C4
info: Win32Emu.Emulator[0]
      Dispatching KERNEL32.DLL!HeapAlloc at EIP=0x0E000002 ESP=0x001FEE10 stack=C4 75 46 00 40 20 00 01 00 00 00 00 10 38 00 00
info: Win32Emu.Emulator[0]
      [ProcessEnv] VirtualAlloc(lp=0x00000000, size=0x00003810, alloc=0x00001000, prot=0x00000004)
info: Win32Emu.Emulator[0]
      [ProcessEnv] VirtualAlloc: allocated at 0x0149D000, size=0x00004000, reserve=False, commit=True, topDown=False
info: Win32Emu.Emulator[0]
      [Dispatcher] KERNEL32.DLL!HeapAlloc returned 0x0149D000, argBytes=12
info: Win32Emu.Emulator[0]
      [Syscall] AFTER API: Return address at 0x001FEE10 = 0x004675C4
info: Win32Emu.Emulator[0]
      [Syscall] KERNEL32.DLL!CreateFileA from stub at 0x0F0003C0
info: Win32Emu.Emulator[0]
      [Syscall] BEFORE API: Return address at 0x001FEDC8 = 0x0046F21F
info: Win32Emu.Emulator[0]
      Dispatching KERNEL32.DLL!CreateFileA at EIP=0x0E000002 ESP=0x001FEDC8 stack=1F F2 46 00 CC 32 49 00 00 00 00 80 03 00 00 00
info: Win32Emu.Emulator[0]
      [Dispatcher] KERNEL32.DLL!CreateFileA returned 0x00001054, argBytes=28
info: Win32Emu.Emulator[0]
      [Syscall] AFTER API: Return address at 0x001FEDC8 = 0x0046F21F
info: Win32Emu.Emulator[0]
      [Syscall] KERNEL32.DLL!GetFileType from stub at 0x0F000020
info: Win32Emu.Emulator[0]
      [Syscall] BEFORE API: Return address at 0x001FEDE0 = 0x0046F249
info: Win32Emu.Emulator[0]
      Dispatching KERNEL32.DLL!GetFileType at EIP=0x0E000002 ESP=0x001FEDE0 stack=49 F2 46 00 54 10 00 00 01 00 00 00 00 00 00 00
info: Win32Emu.Emulator[0]
      [Dispatcher] KERNEL32.DLL!GetFileType returned 0x00000001, argBytes=4
info: Win32Emu.Emulator[0]
      [Syscall] AFTER API: Return address at 0x001FEDE0 = 0x0046F249
info: Win32Emu.Emulator[0]
      [Syscall] KERNEL32.DLL!SetFilePointer from stub at 0x0F000390
info: Win32Emu.Emulator[0]
      [Syscall] BEFORE API: Return address at 0x001FEE0C = 0x00470587
info: Win32Emu.Emulator[0]
      Dispatching KERNEL32.DLL!SetFilePointer at EIP=0x0E000002 ESP=0x001FEE0C stack=87 05 47 00 54 10 00 00 00 00 00 00 2C EE 1F 00
info: Win32Emu.Emulator[0]
      [Dispatcher] KERNEL32.DLL!SetFilePointer returned 0x00000000, argBytes=16
info: Win32Emu.Emulator[0]
      [Syscall] AFTER API: Return address at 0x001FEE0C = 0x00470587
info: Win32Emu.Emulator[0]
      [Syscall] KERNEL32.DLL!HeapAlloc from stub at 0x0F000120
info: Win32Emu.Emulator[0]
      [Syscall] BEFORE API: Return address at 0x001FEDEC = 0x004675C4
info: Win32Emu.Emulator[0]
      Dispatching KERNEL32.DLL!HeapAlloc at EIP=0x0E000002 ESP=0x001FEDEC stack=C4 75 46 00 40 20 00 01 00 00 00 00 00 10 00 00
info: Win32Emu.Emulator[0]
      [ProcessEnv] VirtualAlloc(lp=0x00000000, size=0x00001000, alloc=0x00001000, prot=0x00000004)
info: Win32Emu.Emulator[0]
      [ProcessEnv] VirtualAlloc: allocated at 0x014A1000, size=0x00001000, reserve=False, commit=True, topDown=False
info: Win32Emu.Emulator[0]
      [Dispatcher] KERNEL32.DLL!HeapAlloc returned 0x014A1000, argBytes=12
info: Win32Emu.Emulator[0]
      [Syscall] AFTER API: Return address at 0x001FEDEC = 0x004675C4
info: Win32Emu.Emulator[0]
      [Syscall] KERNEL32.DLL!ReadFile from stub at 0x0F000040
info: Win32Emu.Emulator[0]
      [Syscall] BEFORE API: Return address at 0x001FEDE8 = 0x00468D89
info: Win32Emu.Emulator[0]
      Dispatching KERNEL32.DLL!ReadFile at EIP=0x0E000002 ESP=0x001FEDE8 stack=89 8D 46 00 54 10 00 00 00 10 4A 01 00 10 00 00
info: Win32Emu.Emulator[0]
      [Dispatcher] KERNEL32.DLL!ReadFile returned 0x00000001, argBytes=20
info: Win32Emu.Emulator[0]
      [Syscall] AFTER API: Return address at 0x001FEDE8 = 0x00468D89
info: Win32Emu.Emulator[0]
      [Syscall] KERNEL32.DLL!HeapFree from stub at 0x0F000130
info: Win32Emu.Emulator[0]
      [Syscall] BEFORE API: Return address at 0x001FEE2C = 0x0046751A
info: Win32Emu.Emulator[0]
      Dispatching KERNEL32.DLL!HeapFree at EIP=0x0E000002 ESP=0x001FEE2C stack=1A 75 46 00 40 20 00 01 00 00 00 00 00 10 4A 01
info: Win32Emu.Emulator[0]
      [Dispatcher] KERNEL32.DLL!HeapFree returned 0x00000001, argBytes=12
info: Win32Emu.Emulator[0]
      [Syscall] AFTER API: Return address at 0x001FEE2C = 0x0046751A
info: Win32Emu.Emulator[0]
      [Syscall] KERNEL32.DLL!CloseHandle from stub at 0x0F000230
info: Win32Emu.Emulator[0]
      [Syscall] BEFORE API: Return address at 0x001FEE3C = 0x00468B5B
info: Win32Emu.Emulator[0]
      Dispatching KERNEL32.DLL!CloseHandle at EIP=0x0E000002 ESP=0x001FEE3C stack=5B 8B 46 00 54 10 00 00 70 04 00 0F 00 00 00 00
info: Win32Emu.Emulator[0]
      [Dispatcher] KERNEL32.DLL!CloseHandle returned 0x00000001, argBytes=4
info: Win32Emu.Emulator[0]
      [Syscall] AFTER API: Return address at 0x001FEE3C = 0x00468B5B
info: Win32Emu.Emulator[0]
      [Syscall] KERNEL32.DLL!HeapFree from stub at 0x0F000130
info: Win32Emu.Emulator[0]
      [Syscall] BEFORE API: Return address at 0x001FEE44 = 0x0046751A
info: Win32Emu.Emulator[0]
      Dispatching KERNEL32.DLL!HeapFree at EIP=0x0E000002 ESP=0x001FEE44 stack=1A 75 46 00 40 20 00 01 00 00 00 00 00 D0 49 01
info: Win32Emu.Emulator[0]
      [Dispatcher] KERNEL32.DLL!HeapFree returned 0x00000001, argBytes=12
info: Win32Emu.Emulator[0]
      [Syscall] AFTER API: Return address at 0x001FEE44 = 0x0046751A
info: Win32Emu.Emulator[0]
      [Syscall] KERNEL32.DLL!CreateFileA from stub at 0x0F0003C0
info: Win32Emu.Emulator[0]
      [Syscall] BEFORE API: Return address at 0x001FEDC0 = 0x0046F21F
info: Win32Emu.Emulator[0]
      Dispatching KERNEL32.DLL!CreateFileA at EIP=0x0E000002 ESP=0x001FEDC0 stack=1F F2 46 00 B0 32 49 00 00 00 00 80 03 00 00 00
info: Win32Emu.Emulator[0]
      [Dispatcher] KERNEL32.DLL!CreateFileA returned 0x00001058, argBytes=28
info: Win32Emu.Emulator[0]
      [Syscall] AFTER API: Return address at 0x001FEDC0 = 0x0046F21F
info: Win32Emu.Emulator[0]
      [Syscall] KERNEL32.DLL!GetFileType from stub at 0x0F000020
info: Win32Emu.Emulator[0]
      [Syscall] BEFORE API: Return address at 0x001FEDD8 = 0x0046F249
info: Win32Emu.Emulator[0]
      Dispatching KERNEL32.DLL!GetFileType at EIP=0x0E000002 ESP=0x001FEDD8 stack=49 F2 46 00 58 10 00 00 01 00 00 00 00 00 00 00
info: Win32Emu.Emulator[0]
      [Dispatcher] KERNEL32.DLL!GetFileType returned 0x00000001, argBytes=4
info: Win32Emu.Emulator[0]
      [Syscall] AFTER API: Return address at 0x001FEDD8 = 0x0046F249
info: Win32Emu.Emulator[0]
      [Syscall] KERNEL32.DLL!CloseHandle from stub at 0x0F000230
info: Win32Emu.Emulator[0]
      [Syscall] BEFORE API: Return address at 0x001FEE34 = 0x00468B5B
info: Win32Emu.Emulator[0]
      Dispatching KERNEL32.DLL!CloseHandle at EIP=0x0E000002 ESP=0x001FEE34 stack=5B 8B 46 00 58 10 00 00 70 04 00 0F 00 00 00 00
info: Win32Emu.Emulator[0]
      [Dispatcher] KERNEL32.DLL!CloseHandle returned 0x00000001, argBytes=4
info: Win32Emu.Emulator[0]
      [Syscall] AFTER API: Return address at 0x001FEE34 = 0x00468B5B
info: Win32Emu.Emulator[0]
      [Syscall] KERNEL32.DLL!CreateFileA from stub at 0x0F0003C0
info: Win32Emu.Emulator[0]
      [Syscall] BEFORE API: Return address at 0x001FEDB8 = 0x0046F21F
info: Win32Emu.Emulator[0]
      Dispatching KERNEL32.DLL!CreateFileA at EIP=0x0E000002 ESP=0x001FEDB8 stack=1F F2 46 00 B0 32 49 00 00 00 00 80 03 00 00 00
info: Win32Emu.Emulator[0]
      [Dispatcher] KERNEL32.DLL!CreateFileA returned 0x0000105C, argBytes=28
info: Win32Emu.Emulator[0]
      [Syscall] AFTER API: Return address at 0x001FEDB8 = 0x0046F21F
info: Win32Emu.Emulator[0]
      [Syscall] KERNEL32.DLL!GetFileType from stub at 0x0F000020
info: Win32Emu.Emulator[0]
      [Syscall] BEFORE API: Return address at 0x001FEDD0 = 0x0046F249
info: Win32Emu.Emulator[0]
      Dispatching KERNEL32.DLL!GetFileType at EIP=0x0E000002 ESP=0x001FEDD0 stack=49 F2 46 00 5C 10 00 00 01 00 00 00 00 00 00 00
info: Win32Emu.Emulator[0]
      [Dispatcher] KERNEL32.DLL!GetFileType returned 0x00000001, argBytes=4
info: Win32Emu.Emulator[0]
      [Syscall] AFTER API: Return address at 0x001FEDD0 = 0x0046F249
info: Win32Emu.Emulator[0]
      [Syscall] KERNEL32.DLL!SetFilePointer from stub at 0x0F000390
info: Win32Emu.Emulator[0]
      [Syscall] BEFORE API: Return address at 0x001FEDEC = 0x0046D9AA
info: Win32Emu.Emulator[0]
      Dispatching KERNEL32.DLL!SetFilePointer at EIP=0x0E000002 ESP=0x001FEDEC stack=AA D9 46 00 5C 10 00 00 00 00 00 00 00 00 00 00
info: Win32Emu.Emulator[0]
      [Dispatcher] KERNEL32.DLL!SetFilePointer returned 0x00000000, argBytes=16
info: Win32Emu.Emulator[0]
      [Syscall] AFTER API: Return address at 0x001FEDEC = 0x0046D9AA
info: Win32Emu.Emulator[0]
      [Syscall] KERNEL32.DLL!SetFilePointer from stub at 0x0F000390
info: Win32Emu.Emulator[0]
      [Syscall] BEFORE API: Return address at 0x001FEDFC = 0x0046D9AA
info: Win32Emu.Emulator[0]
      Dispatching KERNEL32.DLL!SetFilePointer at EIP=0x0E000002 ESP=0x001FEDFC stack=AA D9 46 00 5C 10 00 00 00 00 00 00 00 00 00 00
info: Win32Emu.Emulator[0]
      [Dispatcher] KERNEL32.DLL!SetFilePointer returned 0x0000380D, argBytes=16
info: Win32Emu.Emulator[0]
      [Syscall] AFTER API: Return address at 0x001FEDFC = 0x0046D9AA
info: Win32Emu.Emulator[0]
      [Syscall] KERNEL32.DLL!SetFilePointer from stub at 0x0F000390
info: Win32Emu.Emulator[0]
      [Syscall] BEFORE API: Return address at 0x001FEDEC = 0x0046D9AA
info: Win32Emu.Emulator[0]
      Dispatching KERNEL32.DLL!SetFilePointer at EIP=0x0E000002 ESP=0x001FEDEC stack=AA D9 46 00 5C 10 00 00 00 00 00 00 00 00 00 00
info: Win32Emu.Emulator[0]
      [Dispatcher] KERNEL32.DLL!SetFilePointer returned 0x0000380D, argBytes=16
info: Win32Emu.Emulator[0]
      [Syscall] AFTER API: Return address at 0x001FEDEC = 0x0046D9AA
info: Win32Emu.Emulator[0]
      [Syscall] KERNEL32.DLL!SetFilePointer from stub at 0x0F000390
info: Win32Emu.Emulator[0]
      [Syscall] BEFORE API: Return address at 0x001FEDFC = 0x0046D9AA
info: Win32Emu.Emulator[0]
      Dispatching KERNEL32.DLL!SetFilePointer at EIP=0x0E000002 ESP=0x001FEDFC stack=AA D9 46 00 5C 10 00 00 00 00 00 00 00 00 00 00
info: Win32Emu.Emulator[0]
      [Dispatcher] KERNEL32.DLL!SetFilePointer returned 0x00000000, argBytes=16
info: Win32Emu.Emulator[0]
      [Syscall] AFTER API: Return address at 0x001FEDFC = 0x0046D9AA
info: Win32Emu.Emulator[0]
      [Syscall] KERNEL32.DLL!CloseHandle from stub at 0x0F000230
info: Win32Emu.Emulator[0]
      [Syscall] BEFORE API: Return address at 0x001FEE2C = 0x00468B5B
info: Win32Emu.Emulator[0]
      Dispatching KERNEL32.DLL!CloseHandle at EIP=0x0E000002 ESP=0x001FEE2C stack=5B 8B 46 00 5C 10 00 00 70 04 00 0F 00 00 00 00
info: Win32Emu.Emulator[0]
      [Dispatcher] KERNEL32.DLL!CloseHandle returned 0x00000001, argBytes=4
info: Win32Emu.Emulator[0]
      [Syscall] AFTER API: Return address at 0x001FEE2C = 0x00468B5B
info: Win32Emu.Emulator[0]
      [Syscall] KERNEL32.DLL!HeapAlloc from stub at 0x0F000120
info: Win32Emu.Emulator[0]
      [Syscall] BEFORE API: Return address at 0x001FEE10 = 0x004675C4
info: Win32Emu.Emulator[0]
      Dispatching KERNEL32.DLL!HeapAlloc at EIP=0x0E000002 ESP=0x001FEE10 stack=C4 75 46 00 40 20 00 01 00 00 00 00 10 38 00 00
info: Win32Emu.Emulator[0]
      [ProcessEnv] VirtualAlloc(lp=0x00000000, size=0x00003810, alloc=0x00001000, prot=0x00000004)
info: Win32Emu.Emulator[0]
      [ProcessEnv] VirtualAlloc: allocated at 0x014A2000, size=0x00004000, reserve=False, commit=True, topDown=False
info: Win32Emu.Emulator[0]
      [Dispatcher] KERNEL32.DLL!HeapAlloc returned 0x014A2000, argBytes=12
info: Win32Emu.Emulator[0]
      [Syscall] AFTER API: Return address at 0x001FEE10 = 0x004675C4
info: Win32Emu.Emulator[0]
      [Syscall] KERNEL32.DLL!CreateFileA from stub at 0x0F0003C0
info: Win32Emu.Emulator[0]
      [Syscall] BEFORE API: Return address at 0x001FEDC8 = 0x0046F21F
info: Win32Emu.Emulator[0]
      Dispatching KERNEL32.DLL!CreateFileA at EIP=0x0E000002 ESP=0x001FEDC8 stack=1F F2 46 00 B0 32 49 00 00 00 00 80 03 00 00 00
info: Win32Emu.Emulator[0]
      [Dispatcher] KERNEL32.DLL!CreateFileA returned 0x00001060, argBytes=28
info: Win32Emu.Emulator[0]
      [Syscall] AFTER API: Return address at 0x001FEDC8 = 0x0046F21F
info: Win32Emu.Emulator[0]
      [Syscall] KERNEL32.DLL!GetFileType from stub at 0x0F000020
info: Win32Emu.Emulator[0]
      [Syscall] BEFORE API: Return address at 0x001FEDE0 = 0x0046F249
info: Win32Emu.Emulator[0]
      Dispatching KERNEL32.DLL!GetFileType at EIP=0x0E000002 ESP=0x001FEDE0 stack=49 F2 46 00 60 10 00 00 01 00 00 00 00 00 00 00
info: Win32Emu.Emulator[0]
      [Dispatcher] KERNEL32.DLL!GetFileType returned 0x00000001, argBytes=4
info: Win32Emu.Emulator[0]
      [Syscall] AFTER API: Return address at 0x001FEDE0 = 0x0046F249
info: Win32Emu.Emulator[0]
      [Syscall] KERNEL32.DLL!SetFilePointer from stub at 0x0F000390
info: Win32Emu.Emulator[0]
      [Syscall] BEFORE API: Return address at 0x001FEE0C = 0x00470587
info: Win32Emu.Emulator[0]
      Dispatching KERNEL32.DLL!SetFilePointer at EIP=0x0E000002 ESP=0x001FEE0C stack=87 05 47 00 60 10 00 00 00 00 00 00 2C EE 1F 00
info: Win32Emu.Emulator[0]
      [Dispatcher] KERNEL32.DLL!SetFilePointer returned 0x00000000, argBytes=16
info: Win32Emu.Emulator[0]
      [Syscall] AFTER API: Return address at 0x001FEE0C = 0x00470587
info: Win32Emu.Emulator[0]
      [Syscall] KERNEL32.DLL!HeapAlloc from stub at 0x0F000120
info: Win32Emu.Emulator[0]
      [Syscall] BEFORE API: Return address at 0x001FEDEC = 0x004675C4
info: Win32Emu.Emulator[0]
      Dispatching KERNEL32.DLL!HeapAlloc at EIP=0x0E000002 ESP=0x001FEDEC stack=C4 75 46 00 40 20 00 01 00 00 00 00 00 10 00 00
info: Win32Emu.Emulator[0]
      [ProcessEnv] VirtualAlloc(lp=0x00000000, size=0x00001000, alloc=0x00001000, prot=0x00000004)
info: Win32Emu.Emulator[0]
      [ProcessEnv] VirtualAlloc: allocated at 0x014A6000, size=0x00001000, reserve=False, commit=True, topDown=False
info: Win32Emu.Emulator[0]
      [Dispatcher] KERNEL32.DLL!HeapAlloc returned 0x014A6000, argBytes=12
info: Win32Emu.Emulator[0]
      [Syscall] AFTER API: Return address at 0x001FEDEC = 0x004675C4
info: Win32Emu.Emulator[0]
      [Syscall] KERNEL32.DLL!ReadFile from stub at 0x0F000040
info: Win32Emu.Emulator[0]
      [Syscall] BEFORE API: Return address at 0x001FEDE8 = 0x00468D89
info: Win32Emu.Emulator[0]
      Dispatching KERNEL32.DLL!ReadFile at EIP=0x0E000002 ESP=0x001FEDE8 stack=89 8D 46 00 60 10 00 00 00 60 4A 01 00 10 00 00
info: Win32Emu.Emulator[0]
      [Dispatcher] KERNEL32.DLL!ReadFile returned 0x00000001, argBytes=20
info: Win32Emu.Emulator[0]
      [Syscall] AFTER API: Return address at 0x001FEDE8 = 0x00468D89
info: Win32Emu.Emulator[0]
      [Syscall] KERNEL32.DLL!HeapFree from stub at 0x0F000130
info: Win32Emu.Emulator[0]
      [Syscall] BEFORE API: Return address at 0x001FEE2C = 0x0046751A
info: Win32Emu.Emulator[0]
      Dispatching KERNEL32.DLL!HeapFree at EIP=0x0E000002 ESP=0x001FEE2C stack=1A 75 46 00 40 20 00 01 00 00 00 00 00 60 4A 01
info: Win32Emu.Emulator[0]
      [Dispatcher] KERNEL32.DLL!HeapFree returned 0x00000001, argBytes=12
info: Win32Emu.Emulator[0]
      [Syscall] AFTER API: Return address at 0x001FEE2C = 0x0046751A
info: Win32Emu.Emulator[0]
      [Syscall] KERNEL32.DLL!CloseHandle from stub at 0x0F000230
info: Win32Emu.Emulator[0]
      [Syscall] BEFORE API: Return address at 0x001FEE3C = 0x00468B5B
info: Win32Emu.Emulator[0]
      Dispatching KERNEL32.DLL!CloseHandle at EIP=0x0E000002 ESP=0x001FEE3C stack=5B 8B 46 00 60 10 00 00 70 04 00 0F 00 00 00 00
info: Win32Emu.Emulator[0]
      [Dispatcher] KERNEL32.DLL!CloseHandle returned 0x00000001, argBytes=4
info: Win32Emu.Emulator[0]
      [Syscall] AFTER API: Return address at 0x001FEE3C = 0x00468B5B
info: Win32Emu.Emulator[0]
      [Syscall] KERNEL32.DLL!HeapFree from stub at 0x0F000130
info: Win32Emu.Emulator[0]
      [Syscall] BEFORE API: Return address at 0x001FEE44 = 0x0046751A
info: Win32Emu.Emulator[0]
      Dispatching KERNEL32.DLL!HeapFree at EIP=0x0E000002 ESP=0x001FEE44 stack=1A 75 46 00 40 20 00 01 00 00 00 00 00 20 4A 01
info: Win32Emu.Emulator[0]
      [Dispatcher] KERNEL32.DLL!HeapFree returned 0x00000001, argBytes=12
info: Win32Emu.Emulator[0]
      [Syscall] AFTER API: Return address at 0x001FEE44 = 0x0046751A
info: Win32Emu.Emulator[0]
      [Syscall] KERNEL32.DLL!CreateFileA from stub at 0x0F0003C0
info: Win32Emu.Emulator[0]
      [Syscall] BEFORE API: Return address at 0x001FEDC0 = 0x0046F21F
info: Win32Emu.Emulator[0]
      Dispatching KERNEL32.DLL!CreateFileA at EIP=0x0E000002 ESP=0x001FEDC0 stack=1F F2 46 00 94 32 49 00 00 00 00 80 03 00 00 00
info: Win32Emu.Emulator[0]
      [Dispatcher] KERNEL32.DLL!CreateFileA returned 0x00001064, argBytes=28
info: Win32Emu.Emulator[0]
      [Syscall] AFTER API: Return address at 0x001FEDC0 = 0x0046F21F
info: Win32Emu.Emulator[0]
      [Syscall] KERNEL32.DLL!GetFileType from stub at 0x0F000020
info: Win32Emu.Emulator[0]
      [Syscall] BEFORE API: Return address at 0x001FEDD8 = 0x0046F249
info: Win32Emu.Emulator[0]
      Dispatching KERNEL32.DLL!GetFileType at EIP=0x0E000002 ESP=0x001FEDD8 stack=49 F2 46 00 64 10 00 00 01 00 00 00 00 00 00 00
info: Win32Emu.Emulator[0]
      [Dispatcher] KERNEL32.DLL!GetFileType returned 0x00000001, argBytes=4
info: Win32Emu.Emulator[0]
      [Syscall] AFTER API: Return address at 0x001FEDD8 = 0x0046F249
info: Win32Emu.Emulator[0]
      [Syscall] KERNEL32.DLL!CloseHandle from stub at 0x0F000230
info: Win32Emu.Emulator[0]
      [Syscall] BEFORE API: Return address at 0x001FEE34 = 0x00468B5B
info: Win32Emu.Emulator[0]
      Dispatching KERNEL32.DLL!CloseHandle at EIP=0x0E000002 ESP=0x001FEE34 stack=5B 8B 46 00 64 10 00 00 70 04 00 0F 00 00 00 00
info: Win32Emu.Emulator[0]
      [Dispatcher] KERNEL32.DLL!CloseHandle returned 0x00000001, argBytes=4
info: Win32Emu.Emulator[0]
      [Syscall] AFTER API: Return address at 0x001FEE34 = 0x00468B5B
info: Win32Emu.Emulator[0]
      [Syscall] KERNEL32.DLL!CreateFileA from stub at 0x0F0003C0
info: Win32Emu.Emulator[0]
      [Syscall] BEFORE API: Return address at 0x001FEDB8 = 0x0046F21F
info: Win32Emu.Emulator[0]
      Dispatching KERNEL32.DLL!CreateFileA at EIP=0x0E000002 ESP=0x001FEDB8 stack=1F F2 46 00 94 32 49 00 00 00 00 80 03 00 00 00
info: Win32Emu.Emulator[0]
      [Dispatcher] KERNEL32.DLL!CreateFileA returned 0x00001068, argBytes=28
info: Win32Emu.Emulator[0]
      [Syscall] AFTER API: Return address at 0x001FEDB8 = 0x0046F21F
info: Win32Emu.Emulator[0]
      [Syscall] KERNEL32.DLL!GetFileType from stub at 0x0F000020
info: Win32Emu.Emulator[0]
      [Syscall] BEFORE API: Return address at 0x001FEDD0 = 0x0046F249
info: Win32Emu.Emulator[0]
      Dispatching KERNEL32.DLL!GetFileType at EIP=0x0E000002 ESP=0x001FEDD0 stack=49 F2 46 00 68 10 00 00 01 00 00 00 00 00 00 00
info: Win32Emu.Emulator[0]
      [Dispatcher] KERNEL32.DLL!GetFileType returned 0x00000001, argBytes=4
info: Win32Emu.Emulator[0]
      [Syscall] AFTER API: Return address at 0x001FEDD0 = 0x0046F249
info: Win32Emu.Emulator[0]
      [Syscall] KERNEL32.DLL!SetFilePointer from stub at 0x0F000390
info: Win32Emu.Emulator[0]
      [Syscall] BEFORE API: Return address at 0x001FEDEC = 0x0046D9AA
info: Win32Emu.Emulator[0]
      Dispatching KERNEL32.DLL!SetFilePointer at EIP=0x0E000002 ESP=0x001FEDEC stack=AA D9 46 00 68 10 00 00 00 00 00 00 00 00 00 00
info: Win32Emu.Emulator[0]
      [Dispatcher] KERNEL32.DLL!SetFilePointer returned 0x00000000, argBytes=16
info: Win32Emu.Emulator[0]
      [Syscall] AFTER API: Return address at 0x001FEDEC = 0x0046D9AA
info: Win32Emu.Emulator[0]
      [Syscall] KERNEL32.DLL!SetFilePointer from stub at 0x0F000390
info: Win32Emu.Emulator[0]
      [Syscall] BEFORE API: Return address at 0x001FEDFC = 0x0046D9AA
info: Win32Emu.Emulator[0]
      Dispatching KERNEL32.DLL!SetFilePointer at EIP=0x0E000002 ESP=0x001FEDFC stack=AA D9 46 00 68 10 00 00 00 00 00 00 00 00 00 00
info: Win32Emu.Emulator[0]
      [Dispatcher] KERNEL32.DLL!SetFilePointer returned 0x0000380D, argBytes=16
info: Win32Emu.Emulator[0]
      [Syscall] AFTER API: Return address at 0x001FEDFC = 0x0046D9AA
info: Win32Emu.Emulator[0]
      [Syscall] KERNEL32.DLL!SetFilePointer from stub at 0x0F000390
info: Win32Emu.Emulator[0]
      [Syscall] BEFORE API: Return address at 0x001FEDEC = 0x0046D9AA
info: Win32Emu.Emulator[0]
      Dispatching KERNEL32.DLL!SetFilePointer at EIP=0x0E000002 ESP=0x001FEDEC stack=AA D9 46 00 68 10 00 00 00 00 00 00 00 00 00 00
info: Win32Emu.Emulator[0]
      [Dispatcher] KERNEL32.DLL!SetFilePointer returned 0x0000380D, argBytes=16
info: Win32Emu.Emulator[0]
      [Syscall] AFTER API: Return address at 0x001FEDEC = 0x0046D9AA
info: Win32Emu.Emulator[0]
      [Syscall] KERNEL32.DLL!SetFilePointer from stub at 0x0F000390
info: Win32Emu.Emulator[0]
      [Syscall] BEFORE API: Return address at 0x001FEDFC = 0x0046D9AA
info: Win32Emu.Emulator[0]
      Dispatching KERNEL32.DLL!SetFilePointer at EIP=0x0E000002 ESP=0x001FEDFC stack=AA D9 46 00 68 10 00 00 00 00 00 00 00 00 00 00
info: Win32Emu.Emulator[0]
      [Dispatcher] KERNEL32.DLL!SetFilePointer returned 0x00000000, argBytes=16
info: Win32Emu.Emulator[0]
      [Syscall] AFTER API: Return address at 0x001FEDFC = 0x0046D9AA
info: Win32Emu.Emulator[0]
      [Syscall] KERNEL32.DLL!CloseHandle from stub at 0x0F000230
info: Win32Emu.Emulator[0]
      [Syscall] BEFORE API: Return address at 0x001FEE2C = 0x00468B5B
info: Win32Emu.Emulator[0]
      Dispatching KERNEL32.DLL!CloseHandle at EIP=0x0E000002 ESP=0x001FEE2C stack=5B 8B 46 00 68 10 00 00 70 04 00 0F 00 00 00 00
info: Win32Emu.Emulator[0]
      [Dispatcher] KERNEL32.DLL!CloseHandle returned 0x00000001, argBytes=4
info: Win32Emu.Emulator[0]
      [Syscall] AFTER API: Return address at 0x001FEE2C = 0x00468B5B
info: Win32Emu.Emulator[0]
      [Syscall] KERNEL32.DLL!HeapAlloc from stub at 0x0F000120
info: Win32Emu.Emulator[0]
      [Syscall] BEFORE API: Return address at 0x001FEE10 = 0x004675C4
info: Win32Emu.Emulator[0]
      Dispatching KERNEL32.DLL!HeapAlloc at EIP=0x0E000002 ESP=0x001FEE10 stack=C4 75 46 00 40 20 00 01 00 00 00 00 10 38 00 00
info: Win32Emu.Emulator[0]
      [ProcessEnv] VirtualAlloc(lp=0x00000000, size=0x00003810, alloc=0x00001000, prot=0x00000004)
info: Win32Emu.Emulator[0]
      [ProcessEnv] VirtualAlloc: allocated at 0x014A7000, size=0x00004000, reserve=False, commit=True, topDown=False
info: Win32Emu.Emulator[0]
      [Dispatcher] KERNEL32.DLL!HeapAlloc returned 0x014A7000, argBytes=12
info: Win32Emu.Emulator[0]
      [Syscall] AFTER API: Return address at 0x001FEE10 = 0x004675C4
info: Win32Emu.Emulator[0]
      [Syscall] KERNEL32.DLL!CreateFileA from stub at 0x0F0003C0
info: Win32Emu.Emulator[0]
      [Syscall] BEFORE API: Return address at 0x001FEDC8 = 0x0046F21F
info: Win32Emu.Emulator[0]
      Dispatching KERNEL32.DLL!CreateFileA at EIP=0x0E000002 ESP=0x001FEDC8 stack=1F F2 46 00 94 32 49 00 00 00 00 80 03 00 00 00
info: Win32Emu.Emulator[0]
      [Dispatcher] KERNEL32.DLL!CreateFileA returned 0x0000106C, argBytes=28
info: Win32Emu.Emulator[0]
      [Syscall] AFTER API: Return address at 0x001FEDC8 = 0x0046F21F
info: Win32Emu.Emulator[0]
      [Syscall] KERNEL32.DLL!GetFileType from stub at 0x0F000020
info: Win32Emu.Emulator[0]
      [Syscall] BEFORE API: Return address at 0x001FEDE0 = 0x0046F249
info: Win32Emu.Emulator[0]
      Dispatching KERNEL32.DLL!GetFileType at EIP=0x0E000002 ESP=0x001FEDE0 stack=49 F2 46 00 6C 10 00 00 01 00 00 00 00 00 00 00
info: Win32Emu.Emulator[0]
      [Dispatcher] KERNEL32.DLL!GetFileType returned 0x00000001, argBytes=4
info: Win32Emu.Emulator[0]
      [Syscall] AFTER API: Return address at 0x001FEDE0 = 0x0046F249
info: Win32Emu.Emulator[0]
      [Syscall] KERNEL32.DLL!SetFilePointer from stub at 0x0F000390
info: Win32Emu.Emulator[0]
      [Syscall] BEFORE API: Return address at 0x001FEE0C = 0x00470587
info: Win32Emu.Emulator[0]
      Dispatching KERNEL32.DLL!SetFilePointer at EIP=0x0E000002 ESP=0x001FEE0C stack=87 05 47 00 6C 10 00 00 00 00 00 00 2C EE 1F 00
info: Win32Emu.Emulator[0]
      [Dispatcher] KERNEL32.DLL!SetFilePointer returned 0x00000000, argBytes=16
info: Win32Emu.Emulator[0]
      [Syscall] AFTER API: Return address at 0x001FEE0C = 0x00470587
info: Win32Emu.Emulator[0]
      [Syscall] KERNEL32.DLL!HeapAlloc from stub at 0x0F000120
info: Win32Emu.Emulator[0]
      [Syscall] BEFORE API: Return address at 0x001FEDEC = 0x004675C4
info: Win32Emu.Emulator[0]
      Dispatching KERNEL32.DLL!HeapAlloc at EIP=0x0E000002 ESP=0x001FEDEC stack=C4 75 46 00 40 20 00 01 00 00 00 00 00 10 00 00
info: Win32Emu.Emulator[0]
      [ProcessEnv] VirtualAlloc(lp=0x00000000, size=0x00001000, alloc=0x00001000, prot=0x00000004)
info: Win32Emu.Emulator[0]
      [ProcessEnv] VirtualAlloc: allocated at 0x014AB000, size=0x00001000, reserve=False, commit=True, topDown=False
info: Win32Emu.Emulator[0]
      [Dispatcher] KERNEL32.DLL!HeapAlloc returned 0x014AB000, argBytes=12
info: Win32Emu.Emulator[0]
      [Syscall] AFTER API: Return address at 0x001FEDEC = 0x004675C4
info: Win32Emu.Emulator[0]
      [Syscall] KERNEL32.DLL!ReadFile from stub at 0x0F000040
info: Win32Emu.Emulator[0]
      [Syscall] BEFORE API: Return address at 0x001FEDE8 = 0x00468D89
info: Win32Emu.Emulator[0]
      Dispatching KERNEL32.DLL!ReadFile at EIP=0x0E000002 ESP=0x001FEDE8 stack=89 8D 46 00 6C 10 00 00 00 B0 4A 01 00 10 00 00
info: Win32Emu.Emulator[0]
      [Dispatcher] KERNEL32.DLL!ReadFile returned 0x00000001, argBytes=20
info: Win32Emu.Emulator[0]
      [Syscall] AFTER API: Return address at 0x001FEDE8 = 0x00468D89
info: Win32Emu.Emulator[0]
      [Syscall] KERNEL32.DLL!HeapFree from stub at 0x0F000130
info: Win32Emu.Emulator[0]
      [Syscall] BEFORE API: Return address at 0x001FEE2C = 0x0046751A
info: Win32Emu.Emulator[0]
      Dispatching KERNEL32.DLL!HeapFree at EIP=0x0E000002 ESP=0x001FEE2C stack=1A 75 46 00 40 20 00 01 00 00 00 00 00 B0 4A 01
info: Win32Emu.Emulator[0]
      [Dispatcher] KERNEL32.DLL!HeapFree returned 0x00000001, argBytes=12
info: Win32Emu.Emulator[0]
      [Syscall] AFTER API: Return address at 0x001FEE2C = 0x0046751A
info: Win32Emu.Emulator[0]
      [Syscall] KERNEL32.DLL!CloseHandle from stub at 0x0F000230
info: Win32Emu.Emulator[0]
      [Syscall] BEFORE API: Return address at 0x001FEE3C = 0x00468B5B
info: Win32Emu.Emulator[0]
      Dispatching KERNEL32.DLL!CloseHandle at EIP=0x0E000002 ESP=0x001FEE3C stack=5B 8B 46 00 6C 10 00 00 70 04 00 0F 00 00 00 00
info: Win32Emu.Emulator[0]
      [Dispatcher] KERNEL32.DLL!CloseHandle returned 0x00000001, argBytes=4
info: Win32Emu.Emulator[0]
      [Syscall] AFTER API: Return address at 0x001FEE3C = 0x00468B5B
info: Win32Emu.Emulator[0]
      [Syscall] KERNEL32.DLL!HeapFree from stub at 0x0F000130
info: Win32Emu.Emulator[0]
      [Syscall] BEFORE API: Return address at 0x001FEE44 = 0x0046751A
info: Win32Emu.Emulator[0]
      Dispatching KERNEL32.DLL!HeapFree at EIP=0x0E000002 ESP=0x001FEE44 stack=1A 75 46 00 40 20 00 01 00 00 00 00 00 70 4A 01
info: Win32Emu.Emulator[0]
      [Dispatcher] KERNEL32.DLL!HeapFree returned 0x00000001, argBytes=12
info: Win32Emu.Emulator[0]
      [Syscall] AFTER API: Return address at 0x001FEE44 = 0x0046751A
info: Win32Emu.Emulator[0]
      [Syscall] KERNEL32.DLL!CreateFileA from stub at 0x0F0003C0
info: Win32Emu.Emulator[0]
      [Syscall] BEFORE API: Return address at 0x001FEDC0 = 0x0046F21F
info: Win32Emu.Emulator[0]
      Dispatching KERNEL32.DLL!CreateFileA at EIP=0x0E000002 ESP=0x001FEDC0 stack=1F F2 46 00 84 32 49 00 00 00 00 80 03 00 00 00
info: Win32Emu.Emulator[0]
      [Dispatcher] KERNEL32.DLL!CreateFileA returned 0x00001070, argBytes=28
info: Win32Emu.Emulator[0]
      [Syscall] AFTER API: Return address at 0x001FEDC0 = 0x0046F21F
info: Win32Emu.Emulator[0]
      [Syscall] KERNEL32.DLL!GetFileType from stub at 0x0F000020
info: Win32Emu.Emulator[0]
      [Syscall] BEFORE API: Return address at 0x001FEDD8 = 0x0046F249
info: Win32Emu.Emulator[0]
      Dispatching KERNEL32.DLL!GetFileType at EIP=0x0E000002 ESP=0x001FEDD8 stack=49 F2 46 00 70 10 00 00 01 00 00 00 00 00 00 00
info: Win32Emu.Emulator[0]
      [Dispatcher] KERNEL32.DLL!GetFileType returned 0x00000001, argBytes=4
info: Win32Emu.Emulator[0]
      [Syscall] AFTER API: Return address at 0x001FEDD8 = 0x0046F249
info: Win32Emu.Emulator[0]
      [Syscall] KERNEL32.DLL!CloseHandle from stub at 0x0F000230
info: Win32Emu.Emulator[0]
      [Syscall] BEFORE API: Return address at 0x001FEE34 = 0x00468B5B
info: Win32Emu.Emulator[0]
      Dispatching KERNEL32.DLL!CloseHandle at EIP=0x0E000002 ESP=0x001FEE34 stack=5B 8B 46 00 70 10 00 00 70 04 00 0F 00 00 00 00
info: Win32Emu.Emulator[0]
      [Dispatcher] KERNEL32.DLL!CloseHandle returned 0x00000001, argBytes=4
info: Win32Emu.Emulator[0]
      [Syscall] AFTER API: Return address at 0x001FEE34 = 0x00468B5B
info: Win32Emu.Emulator[0]
      [Syscall] KERNEL32.DLL!CreateFileA from stub at 0x0F0003C0
info: Win32Emu.Emulator[0]
      [Syscall] BEFORE API: Return address at 0x001FEDB8 = 0x0046F21F
info: Win32Emu.Emulator[0]
      Dispatching KERNEL32.DLL!CreateFileA at EIP=0x0E000002 ESP=0x001FEDB8 stack=1F F2 46 00 84 32 49 00 00 00 00 80 03 00 00 00
info: Win32Emu.Emulator[0]
      [Dispatcher] KERNEL32.DLL!CreateFileA returned 0x00001074, argBytes=28
info: Win32Emu.Emulator[0]
      [Syscall] AFTER API: Return address at 0x001FEDB8 = 0x0046F21F
info: Win32Emu.Emulator[0]
      [Syscall] KERNEL32.DLL!GetFileType from stub at 0x0F000020
info: Win32Emu.Emulator[0]
      [Syscall] BEFORE API: Return address at 0x001FEDD0 = 0x0046F249
info: Win32Emu.Emulator[0]
      Dispatching KERNEL32.DLL!GetFileType at EIP=0x0E000002 ESP=0x001FEDD0 stack=49 F2 46 00 74 10 00 00 01 00 00 00 00 00 00 00
info: Win32Emu.Emulator[0]
      [Dispatcher] KERNEL32.DLL!GetFileType returned 0x00000001, argBytes=4
info: Win32Emu.Emulator[0]
      [Syscall] AFTER API: Return address at 0x001FEDD0 = 0x0046F249
info: Win32Emu.Emulator[0]
      [Syscall] KERNEL32.DLL!SetFilePointer from stub at 0x0F000390
info: Win32Emu.Emulator[0]
      [Syscall] BEFORE API: Return address at 0x001FEDEC = 0x0046D9AA
info: Win32Emu.Emulator[0]
      Dispatching KERNEL32.DLL!SetFilePointer at EIP=0x0E000002 ESP=0x001FEDEC stack=AA D9 46 00 74 10 00 00 00 00 00 00 00 00 00 00
info: Win32Emu.Emulator[0]
      [Dispatcher] KERNEL32.DLL!SetFilePointer returned 0x00000000, argBytes=16
info: Win32Emu.Emulator[0]
      [Syscall] AFTER API: Return address at 0x001FEDEC = 0x0046D9AA
info: Win32Emu.Emulator[0]
      [Syscall] KERNEL32.DLL!SetFilePointer from stub at 0x0F000390
info: Win32Emu.Emulator[0]
      [Syscall] BEFORE API: Return address at 0x001FEDFC = 0x0046D9AA
info: Win32Emu.Emulator[0]
      Dispatching KERNEL32.DLL!SetFilePointer at EIP=0x0E000002 ESP=0x001FEDFC stack=AA D9 46 00 74 10 00 00 00 00 00 00 00 00 00 00
info: Win32Emu.Emulator[0]
      [Dispatcher] KERNEL32.DLL!SetFilePointer returned 0x00001234, argBytes=16
info: Win32Emu.Emulator[0]
      [Syscall] AFTER API: Return address at 0x001FEDFC = 0x0046D9AA
info: Win32Emu.Emulator[0]
      [Syscall] KERNEL32.DLL!SetFilePointer from stub at 0x0F000390
info: Win32Emu.Emulator[0]
      [Syscall] BEFORE API: Return address at 0x001FEDEC = 0x0046D9AA
info: Win32Emu.Emulator[0]
      Dispatching KERNEL32.DLL!SetFilePointer at EIP=0x0E000002 ESP=0x001FEDEC stack=AA D9 46 00 74 10 00 00 00 00 00 00 00 00 00 00
info: Win32Emu.Emulator[0]
      [Dispatcher] KERNEL32.DLL!SetFilePointer returned 0x00001234, argBytes=16
info: Win32Emu.Emulator[0]
      [Syscall] AFTER API: Return address at 0x001FEDEC = 0x0046D9AA
info: Win32Emu.Emulator[0]
      [Syscall] KERNEL32.DLL!SetFilePointer from stub at 0x0F000390
info: Win32Emu.Emulator[0]
      [Syscall] BEFORE API: Return address at 0x001FEDFC = 0x0046D9AA
info: Win32Emu.Emulator[0]
      Dispatching KERNEL32.DLL!SetFilePointer at EIP=0x0E000002 ESP=0x001FEDFC stack=AA D9 46 00 74 10 00 00 00 00 00 00 00 00 00 00
info: Win32Emu.Emulator[0]
      [Dispatcher] KERNEL32.DLL!SetFilePointer returned 0x00000000, argBytes=16
info: Win32Emu.Emulator[0]
      [Syscall] AFTER API: Return address at 0x001FEDFC = 0x0046D9AA
info: Win32Emu.Emulator[0]
      [Syscall] KERNEL32.DLL!CloseHandle from stub at 0x0F000230
info: Win32Emu.Emulator[0]
      [Syscall] BEFORE API: Return address at 0x001FEE2C = 0x00468B5B
info: Win32Emu.Emulator[0]
      Dispatching KERNEL32.DLL!CloseHandle at EIP=0x0E000002 ESP=0x001FEE2C stack=5B 8B 46 00 74 10 00 00 70 04 00 0F 00 00 00 00
info: Win32Emu.Emulator[0]
      [Dispatcher] KERNEL32.DLL!CloseHandle returned 0x00000001, argBytes=4
info: Win32Emu.Emulator[0]
      [Syscall] AFTER API: Return address at 0x001FEE2C = 0x00468B5B
info: Win32Emu.Emulator[0]
      [Syscall] KERNEL32.DLL!HeapAlloc from stub at 0x0F000120
info: Win32Emu.Emulator[0]
      [Syscall] BEFORE API: Return address at 0x001FEE10 = 0x004675C4
info: Win32Emu.Emulator[0]
      Dispatching KERNEL32.DLL!HeapAlloc at EIP=0x0E000002 ESP=0x001FEE10 stack=C4 75 46 00 40 20 00 01 00 00 00 00 40 12 00 00
info: Win32Emu.Emulator[0]
      [ProcessEnv] VirtualAlloc(lp=0x00000000, size=0x00001240, alloc=0x00001000, prot=0x00000004)
info: Win32Emu.Emulator[0]
      [ProcessEnv] VirtualAlloc: allocated at 0x014AC000, size=0x00002000, reserve=False, commit=True, topDown=False
info: Win32Emu.Emulator[0]
      [Dispatcher] KERNEL32.DLL!HeapAlloc returned 0x014AC000, argBytes=12
info: Win32Emu.Emulator[0]
      [Syscall] AFTER API: Return address at 0x001FEE10 = 0x004675C4
info: Win32Emu.Emulator[0]
      [Syscall] KERNEL32.DLL!CreateFileA from stub at 0x0F0003C0
info: Win32Emu.Emulator[0]
      [Syscall] BEFORE API: Return address at 0x001FEDC8 = 0x0046F21F
info: Win32Emu.Emulator[0]
      Dispatching KERNEL32.DLL!CreateFileA at EIP=0x0E000002 ESP=0x001FEDC8 stack=1F F2 46 00 84 32 49 00 00 00 00 80 03 00 00 00
info: Win32Emu.Emulator[0]
      [Dispatcher] KERNEL32.DLL!CreateFileA returned 0x00001078, argBytes=28
info: Win32Emu.Emulator[0]
      [Syscall] AFTER API: Return address at 0x001FEDC8 = 0x0046F21F
info: Win32Emu.Emulator[0]
      [Syscall] KERNEL32.DLL!GetFileType from stub at 0x0F000020
info: Win32Emu.Emulator[0]
      [Syscall] BEFORE API: Return address at 0x001FEDE0 = 0x0046F249
info: Win32Emu.Emulator[0]
      Dispatching KERNEL32.DLL!GetFileType at EIP=0x0E000002 ESP=0x001FEDE0 stack=49 F2 46 00 78 10 00 00 01 00 00 00 00 00 00 00
info: Win32Emu.Emulator[0]
      [Dispatcher] KERNEL32.DLL!GetFileType returned 0x00000001, argBytes=4
info: Win32Emu.Emulator[0]
      [Syscall] AFTER API: Return address at 0x001FEDE0 = 0x0046F249
info: Win32Emu.Emulator[0]
      [Syscall] KERNEL32.DLL!SetFilePointer from stub at 0x0F000390
info: Win32Emu.Emulator[0]
      [Syscall] BEFORE API: Return address at 0x001FEE0C = 0x00470587
info: Win32Emu.Emulator[0]
      Dispatching KERNEL32.DLL!SetFilePointer at EIP=0x0E000002 ESP=0x001FEE0C stack=87 05 47 00 78 10 00 00 00 00 00 00 2C EE 1F 00
info: Win32Emu.Emulator[0]
      [Dispatcher] KERNEL32.DLL!SetFilePointer returned 0x00000000, argBytes=16
info: Win32Emu.Emulator[0]
      [Syscall] AFTER API: Return address at 0x001FEE0C = 0x00470587
info: Win32Emu.Emulator[0]
      [Syscall] KERNEL32.DLL!HeapAlloc from stub at 0x0F000120
info: Win32Emu.Emulator[0]
      [Syscall] BEFORE API: Return address at 0x001FEDEC = 0x004675C4
info: Win32Emu.Emulator[0]
      Dispatching KERNEL32.DLL!HeapAlloc at EIP=0x0E000002 ESP=0x001FEDEC stack=C4 75 46 00 40 20 00 01 00 00 00 00 00 10 00 00
info: Win32Emu.Emulator[0]
      [ProcessEnv] VirtualAlloc(lp=0x00000000, size=0x00001000, alloc=0x00001000, prot=0x00000004)
info: Win32Emu.Emulator[0]
      [ProcessEnv] VirtualAlloc: allocated at 0x014AE000, size=0x00001000, reserve=False, commit=True, topDown=False
info: Win32Emu.Emulator[0]
      [Dispatcher] KERNEL32.DLL!HeapAlloc returned 0x014AE000, argBytes=12
info: Win32Emu.Emulator[0]
      [Syscall] AFTER API: Return address at 0x001FEDEC = 0x004675C4
info: Win32Emu.Emulator[0]
      [Syscall] KERNEL32.DLL!ReadFile from stub at 0x0F000040
info: Win32Emu.Emulator[0]
      [Syscall] BEFORE API: Return address at 0x001FEDE8 = 0x00468D89
info: Win32Emu.Emulator[0]
      Dispatching KERNEL32.DLL!ReadFile at EIP=0x0E000002 ESP=0x001FEDE8 stack=89 8D 46 00 78 10 00 00 00 E0 4A 01 00 10 00 00
info: Win32Emu.Emulator[0]
      [Dispatcher] KERNEL32.DLL!ReadFile returned 0x00000001, argBytes=20
info: Win32Emu.Emulator[0]
      [Syscall] AFTER API: Return address at 0x001FEDE8 = 0x00468D89
info: Win32Emu.Emulator[0]
      [Syscall] KERNEL32.DLL!HeapFree from stub at 0x0F000130
info: Win32Emu.Emulator[0]
      [Syscall] BEFORE API: Return address at 0x001FEE2C = 0x0046751A
info: Win32Emu.Emulator[0]
      Dispatching KERNEL32.DLL!HeapFree at EIP=0x0E000002 ESP=0x001FEE2C stack=1A 75 46 00 40 20 00 01 00 00 00 00 00 E0 4A 01
info: Win32Emu.Emulator[0]
      [Dispatcher] KERNEL32.DLL!HeapFree returned 0x00000001, argBytes=12
info: Win32Emu.Emulator[0]
      [Syscall] AFTER API: Return address at 0x001FEE2C = 0x0046751A
info: Win32Emu.Emulator[0]
      [Syscall] KERNEL32.DLL!CloseHandle from stub at 0x0F000230
info: Win32Emu.Emulator[0]
      [Syscall] BEFORE API: Return address at 0x001FEE3C = 0x00468B5B
info: Win32Emu.Emulator[0]
      Dispatching KERNEL32.DLL!CloseHandle at EIP=0x0E000002 ESP=0x001FEE3C stack=5B 8B 46 00 78 10 00 00 70 04 00 0F 00 00 00 00
info: Win32Emu.Emulator[0]
      [Dispatcher] KERNEL32.DLL!CloseHandle returned 0x00000001, argBytes=4
info: Win32Emu.Emulator[0]
      [Syscall] AFTER API: Return address at 0x001FEE3C = 0x00468B5B
info: Win32Emu.Emulator[0]
      [Syscall] KERNEL32.DLL!HeapFree from stub at 0x0F000130
info: Win32Emu.Emulator[0]
      [Syscall] BEFORE API: Return address at 0x001FEE44 = 0x0046751A
info: Win32Emu.Emulator[0]
      Dispatching KERNEL32.DLL!HeapFree at EIP=0x0E000002 ESP=0x001FEE44 stack=1A 75 46 00 40 20 00 01 00 00 00 00 00 C0 4A 01
info: Win32Emu.Emulator[0]
      [Dispatcher] KERNEL32.DLL!HeapFree returned 0x00000001, argBytes=12
info: Win32Emu.Emulator[0]
      [Syscall] AFTER API: Return address at 0x001FEE44 = 0x0046751A
info: Win32Emu.Emulator[0]
      [Syscall] KERNEL32.DLL!CreateFileA from stub at 0x0F0003C0
info: Win32Emu.Emulator[0]
      [Syscall] BEFORE API: Return address at 0x001FEDC0 = 0x0046F21F
info: Win32Emu.Emulator[0]
      Dispatching KERNEL32.DLL!CreateFileA at EIP=0x0E000002 ESP=0x001FEDC0 stack=1F F2 46 00 74 32 49 00 00 00 00 80 03 00 00 00
info: Win32Emu.Emulator[0]
      [Dispatcher] KERNEL32.DLL!CreateFileA returned 0x0000107C, argBytes=28
info: Win32Emu.Emulator[0]
      [Syscall] AFTER API: Return address at 0x001FEDC0 = 0x0046F21F
info: Win32Emu.Emulator[0]
      [Syscall] KERNEL32.DLL!GetFileType from stub at 0x0F000020
info: Win32Emu.Emulator[0]
      [Syscall] BEFORE API: Return address at 0x001FEDD8 = 0x0046F249
info: Win32Emu.Emulator[0]
      Dispatching KERNEL32.DLL!GetFileType at EIP=0x0E000002 ESP=0x001FEDD8 stack=49 F2 46 00 7C 10 00 00 01 00 00 00 00 00 00 00
info: Win32Emu.Emulator[0]
      [Dispatcher] KERNEL32.DLL!GetFileType returned 0x00000001, argBytes=4
info: Win32Emu.Emulator[0]
      [Syscall] AFTER API: Return address at 0x001FEDD8 = 0x0046F249
info: Win32Emu.Emulator[0]
      [Syscall] KERNEL32.DLL!CloseHandle from stub at 0x0F000230
info: Win32Emu.Emulator[0]
      [Syscall] BEFORE API: Return address at 0x001FEE34 = 0x00468B5B
info: Win32Emu.Emulator[0]
      Dispatching KERNEL32.DLL!CloseHandle at EIP=0x0E000002 ESP=0x001FEE34 stack=5B 8B 46 00 7C 10 00 00 70 04 00 0F 00 00 00 00
info: Win32Emu.Emulator[0]
      [Dispatcher] KERNEL32.DLL!CloseHandle returned 0x00000001, argBytes=4
info: Win32Emu.Emulator[0]
      [Syscall] AFTER API: Return address at 0x001FEE34 = 0x00468B5B
info: Win32Emu.Emulator[0]
      [Syscall] KERNEL32.DLL!CreateFileA from stub at 0x0F0003C0
info: Win32Emu.Emulator[0]
      [Syscall] BEFORE API: Return address at 0x001FEDB8 = 0x0046F21F
info: Win32Emu.Emulator[0]
      Dispatching KERNEL32.DLL!CreateFileA at EIP=0x0E000002 ESP=0x001FEDB8 stack=1F F2 46 00 74 32 49 00 00 00 00 80 03 00 00 00
info: Win32Emu.Emulator[0]
      [Dispatcher] KERNEL32.DLL!CreateFileA returned 0x00001080, argBytes=28
info: Win32Emu.Emulator[0]
      [Syscall] AFTER API: Return address at 0x001FEDB8 = 0x0046F21F
info: Win32Emu.Emulator[0]
      [Syscall] KERNEL32.DLL!GetFileType from stub at 0x0F000020
info: Win32Emu.Emulator[0]
      [Syscall] BEFORE API: Return address at 0x001FEDD0 = 0x0046F249
info: Win32Emu.Emulator[0]
      Dispatching KERNEL32.DLL!GetFileType at EIP=0x0E000002 ESP=0x001FEDD0 stack=49 F2 46 00 80 10 00 00 01 00 00 00 00 00 00 00
info: Win32Emu.Emulator[0]
      [Dispatcher] KERNEL32.DLL!GetFileType returned 0x00000001, argBytes=4
info: Win32Emu.Emulator[0]
      [Syscall] AFTER API: Return address at 0x001FEDD0 = 0x0046F249
info: Win32Emu.Emulator[0]
      [Syscall] KERNEL32.DLL!SetFilePointer from stub at 0x0F000390
info: Win32Emu.Emulator[0]
      [Syscall] BEFORE API: Return address at 0x001FEDEC = 0x0046D9AA
info: Win32Emu.Emulator[0]
      Dispatching KERNEL32.DLL!SetFilePointer at EIP=0x0E000002 ESP=0x001FEDEC stack=AA D9 46 00 80 10 00 00 00 00 00 00 00 00 00 00
info: Win32Emu.Emulator[0]
      [Dispatcher] KERNEL32.DLL!SetFilePointer returned 0x00000000, argBytes=16
info: Win32Emu.Emulator[0]
      [Syscall] AFTER API: Return address at 0x001FEDEC = 0x0046D9AA
info: Win32Emu.Emulator[0]
      [Syscall] KERNEL32.DLL!SetFilePointer from stub at 0x0F000390
info: Win32Emu.Emulator[0]
      [Syscall] BEFORE API: Return address at 0x001FEDFC = 0x0046D9AA
info: Win32Emu.Emulator[0]
      Dispatching KERNEL32.DLL!SetFilePointer at EIP=0x0E000002 ESP=0x001FEDFC stack=AA D9 46 00 80 10 00 00 00 00 00 00 00 00 00 00
info: Win32Emu.Emulator[0]
      [Dispatcher] KERNEL32.DLL!SetFilePointer returned 0x00002334, argBytes=16
info: Win32Emu.Emulator[0]
      [Syscall] AFTER API: Return address at 0x001FEDFC = 0x0046D9AA
info: Win32Emu.Emulator[0]
      [Syscall] KERNEL32.DLL!SetFilePointer from stub at 0x0F000390
info: Win32Emu.Emulator[0]
      [Syscall] BEFORE API: Return address at 0x001FEDEC = 0x0046D9AA
info: Win32Emu.Emulator[0]
      Dispatching KERNEL32.DLL!SetFilePointer at EIP=0x0E000002 ESP=0x001FEDEC stack=AA D9 46 00 80 10 00 00 00 00 00 00 00 00 00 00
info: Win32Emu.Emulator[0]
      [Dispatcher] KERNEL32.DLL!SetFilePointer returned 0x00002334, argBytes=16
info: Win32Emu.Emulator[0]
      [Syscall] AFTER API: Return address at 0x001FEDEC = 0x0046D9AA
info: Win32Emu.Emulator[0]
      [Syscall] KERNEL32.DLL!SetFilePointer from stub at 0x0F000390
info: Win32Emu.Emulator[0]
      [Syscall] BEFORE API: Return address at 0x001FEDFC = 0x0046D9AA
info: Win32Emu.Emulator[0]
      Dispatching KERNEL32.DLL!SetFilePointer at EIP=0x0E000002 ESP=0x001FEDFC stack=AA D9 46 00 80 10 00 00 00 00 00 00 00 00 00 00
info: Win32Emu.Emulator[0]
      [Dispatcher] KERNEL32.DLL!SetFilePointer returned 0x00000000, argBytes=16
info: Win32Emu.Emulator[0]
      [Syscall] AFTER API: Return address at 0x001FEDFC = 0x0046D9AA
info: Win32Emu.Emulator[0]
      [Syscall] KERNEL32.DLL!CloseHandle from stub at 0x0F000230
info: Win32Emu.Emulator[0]
      [Syscall] BEFORE API: Return address at 0x001FEE2C = 0x00468B5B
info: Win32Emu.Emulator[0]
      Dispatching KERNEL32.DLL!CloseHandle at EIP=0x0E000002 ESP=0x001FEE2C stack=5B 8B 46 00 80 10 00 00 70 04 00 0F 00 00 00 00
info: Win32Emu.Emulator[0]
      [Dispatcher] KERNEL32.DLL!CloseHandle returned 0x00000001, argBytes=4
info: Win32Emu.Emulator[0]
      [Syscall] AFTER API: Return address at 0x001FEE2C = 0x00468B5B
info: Win32Emu.Emulator[0]
      [Syscall] KERNEL32.DLL!HeapAlloc from stub at 0x0F000120
info: Win32Emu.Emulator[0]
      [Syscall] BEFORE API: Return address at 0x001FEE10 = 0x004675C4
info: Win32Emu.Emulator[0]
      Dispatching KERNEL32.DLL!HeapAlloc at EIP=0x0E000002 ESP=0x001FEE10 stack=C4 75 46 00 40 20 00 01 00 00 00 00 40 23 00 00
info: Win32Emu.Emulator[0]
      [ProcessEnv] VirtualAlloc(lp=0x00000000, size=0x00002340, alloc=0x00001000, prot=0x00000004)
info: Win32Emu.Emulator[0]
      [ProcessEnv] VirtualAlloc: allocated at 0x014AF000, size=0x00003000, reserve=False, commit=True, topDown=False
info: Win32Emu.Emulator[0]
      [Dispatcher] KERNEL32.DLL!HeapAlloc returned 0x014AF000, argBytes=12
info: Win32Emu.Emulator[0]
      [Syscall] AFTER API: Return address at 0x001FEE10 = 0x004675C4
info: Win32Emu.Emulator[0]
      [Syscall] KERNEL32.DLL!CreateFileA from stub at 0x0F0003C0
info: Win32Emu.Emulator[0]
      [Syscall] BEFORE API: Return address at 0x001FEDC8 = 0x0046F21F
info: Win32Emu.Emulator[0]
      Dispatching KERNEL32.DLL!CreateFileA at EIP=0x0E000002 ESP=0x001FEDC8 stack=1F F2 46 00 74 32 49 00 00 00 00 80 03 00 00 00
info: Win32Emu.Emulator[0]
      [Dispatcher] KERNEL32.DLL!CreateFileA returned 0x00001084, argBytes=28
info: Win32Emu.Emulator[0]
      [Syscall] AFTER API: Return address at 0x001FEDC8 = 0x0046F21F
info: Win32Emu.Emulator[0]
      [Syscall] KERNEL32.DLL!GetFileType from stub at 0x0F000020
info: Win32Emu.Emulator[0]
      [Syscall] BEFORE API: Return address at 0x001FEDE0 = 0x0046F249
info: Win32Emu.Emulator[0]
      Dispatching KERNEL32.DLL!GetFileType at EIP=0x0E000002 ESP=0x001FEDE0 stack=49 F2 46 00 84 10 00 00 01 00 00 00 00 00 00 00
info: Win32Emu.Emulator[0]
      [Dispatcher] KERNEL32.DLL!GetFileType returned 0x00000001, argBytes=4
info: Win32Emu.Emulator[0]
      [Syscall] AFTER API: Return address at 0x001FEDE0 = 0x0046F249
info: Win32Emu.Emulator[0]
      [Syscall] KERNEL32.DLL!SetFilePointer from stub at 0x0F000390
info: Win32Emu.Emulator[0]
      [Syscall] BEFORE API: Return address at 0x001FEE0C = 0x00470587
info: Win32Emu.Emulator[0]
      Dispatching KERNEL32.DLL!SetFilePointer at EIP=0x0E000002 ESP=0x001FEE0C stack=87 05 47 00 84 10 00 00 00 00 00 00 2C EE 1F 00
info: Win32Emu.Emulator[0]
      [Dispatcher] KERNEL32.DLL!SetFilePointer returned 0x00000000, argBytes=16
info: Win32Emu.Emulator[0]
      [Syscall] AFTER API: Return address at 0x001FEE0C = 0x00470587
info: Win32Emu.Emulator[0]
      [Syscall] KERNEL32.DLL!HeapAlloc from stub at 0x0F000120
info: Win32Emu.Emulator[0]
      [Syscall] BEFORE API: Return address at 0x001FEDEC = 0x004675C4
info: Win32Emu.Emulator[0]
      Dispatching KERNEL32.DLL!HeapAlloc at EIP=0x0E000002 ESP=0x001FEDEC stack=C4 75 46 00 40 20 00 01 00 00 00 00 00 10 00 00
info: Win32Emu.Emulator[0]
      [ProcessEnv] VirtualAlloc(lp=0x00000000, size=0x00001000, alloc=0x00001000, prot=0x00000004)
info: Win32Emu.Emulator[0]
      [ProcessEnv] VirtualAlloc: allocated at 0x014B2000, size=0x00001000, reserve=False, commit=True, topDown=False
info: Win32Emu.Emulator[0]
      [Dispatcher] KERNEL32.DLL!HeapAlloc returned 0x014B2000, argBytes=12
info: Win32Emu.Emulator[0]
      [Syscall] AFTER API: Return address at 0x001FEDEC = 0x004675C4
info: Win32Emu.Emulator[0]
      [Syscall] KERNEL32.DLL!ReadFile from stub at 0x0F000040
info: Win32Emu.Emulator[0]
      [Syscall] BEFORE API: Return address at 0x001FEDE8 = 0x00468D89
info: Win32Emu.Emulator[0]
      Dispatching KERNEL32.DLL!ReadFile at EIP=0x0E000002 ESP=0x001FEDE8 stack=89 8D 46 00 84 10 00 00 00 20 4B 01 00 10 00 00
info: Win32Emu.Emulator[0]
      [Dispatcher] KERNEL32.DLL!ReadFile returned 0x00000001, argBytes=20
info: Win32Emu.Emulator[0]
      [Syscall] AFTER API: Return address at 0x001FEDE8 = 0x00468D89
info: Win32Emu.Emulator[0]
      [Syscall] KERNEL32.DLL!HeapFree from stub at 0x0F000130
info: Win32Emu.Emulator[0]
      [Syscall] BEFORE API: Return address at 0x001FEE2C = 0x0046751A
info: Win32Emu.Emulator[0]
      Dispatching KERNEL32.DLL!HeapFree at EIP=0x0E000002 ESP=0x001FEE2C stack=1A 75 46 00 40 20 00 01 00 00 00 00 00 20 4B 01
info: Win32Emu.Emulator[0]
      [Dispatcher] KERNEL32.DLL!HeapFree returned 0x00000001, argBytes=12
info: Win32Emu.Emulator[0]
      [Syscall] AFTER API: Return address at 0x001FEE2C = 0x0046751A
info: Win32Emu.Emulator[0]
      [Syscall] KERNEL32.DLL!CloseHandle from stub at 0x0F000230
info: Win32Emu.Emulator[0]
      [Syscall] BEFORE API: Return address at 0x001FEE3C = 0x00468B5B
info: Win32Emu.Emulator[0]
      Dispatching KERNEL32.DLL!CloseHandle at EIP=0x0E000002 ESP=0x001FEE3C stack=5B 8B 46 00 84 10 00 00 70 04 00 0F 00 00 00 00
info: Win32Emu.Emulator[0]
      [Dispatcher] KERNEL32.DLL!CloseHandle returned 0x00000001, argBytes=4
info: Win32Emu.Emulator[0]
      [Syscall] AFTER API: Return address at 0x001FEE3C = 0x00468B5B
info: Win32Emu.Emulator[0]
      [Syscall] KERNEL32.DLL!HeapFree from stub at 0x0F000130
info: Win32Emu.Emulator[0]
      [Syscall] BEFORE API: Return address at 0x001FEE44 = 0x0046751A
info: Win32Emu.Emulator[0]
      Dispatching KERNEL32.DLL!HeapFree at EIP=0x0E000002 ESP=0x001FEE44 stack=1A 75 46 00 40 20 00 01 00 00 00 00 00 F0 4A 01
info: Win32Emu.Emulator[0]
      [Dispatcher] KERNEL32.DLL!HeapFree returned 0x00000001, argBytes=12
info: Win32Emu.Emulator[0]
      [Syscall] AFTER API: Return address at 0x001FEE44 = 0x0046751A
info: Win32Emu.Emulator[0]
      [Syscall] KERNEL32.DLL!ExitProcess from stub at 0x0F000140
info: Win32Emu.Emulator[0]
      [Syscall] BEFORE API: Return address at 0x001FEE70 = 0x004679FF
info: Win32Emu.Emulator[0]
      Dispatching KERNEL32.DLL!ExitProcess at EIP=0x0E000002 ESP=0x001FEE70 stack=FF 79 46 00 FF FF FF FF 01 00 00 00 00 00 00 00
info: Win32Emu.Emulator[0]
      [Kernel32] ExitProcess(4294967295)
info: Win32Emu.Emulator[0]
      [Dispatcher] KERNEL32.DLL!ExitProcess returned 0x00000000, argBytes=4
info: Win32Emu.Emulator[0]
      [Syscall] AFTER API: Return address at 0x001FEE70 = 0x004679FF
info: Win32Emu.Emulator[0]
      No unimplemented functions found!
info: Win32Emu.Emulator[0]
      Avalonia window closed for HWND=0x00010000
