info: Win32Emu.Gui.App[0]
      Win32Emu.Gui logging initialized
info: Win32Emu.Emulator[0]
      Launching game: Ign_win /Users/pierce/RiderProjects/Win32Emu/EXEs/ign_win/Ign_win.exe
info: Win32Emu.Emulator[0]
      Set rendering backend to: GLFW
info: Win32Emu.Emulator[0]
      [EmulatorService] Using existing virtual disk: /Users/pierce/Library/Application Support/Win32Emu/VirtualDisks/Ign_win.vhd
info: Win32Emu.Emulator[0]
      [EmulatorService] Loading executable: C:\ign_win\Ign_win.exe
info: Win32Emu.Emulator[0]
      [Loader] Extracting executable from virtual disk: C:\ign_win\Ign_win.exe
info: Win32Emu.Emulator[0]
      [DiskVFS] Mounted VHD: /Users/pierce/Library/Application Support/Win32Emu/VirtualDisks/Ign_win.vhd (Read-Write)
info: Win32Emu.Emulator[0]
      [Loader] Extracted 915968 bytes from virtual disk
info: Win32Emu.Emulator[0]
      [DiskVFS] Disposed
info: Win32Emu.Emulator[0]
      [Loader] Host OS: Darwin 25.0.0 Darwin Kernel Version 25.0.0: Wed Sep 17 21:35:32 PDT 2025; root:xnu-12377.1.9~141/RELEASE_ARM64_T6020
info: Win32Emu.Emulator[0]
      [Loader] Host OS Architecture: Arm64
info: Win32Emu.Emulator[0]
      [Loader] Host Process Architecture: Arm64
info: Win32Emu.Emulator[0]
      [Loader] Host Framework: .NET 9.0.10
info: Win32Emu.Emulator[0]
      [Loader] Host Runtime Identifier: osx-arm64
info: Win32Emu.Emulator[0]
      [Memory] Configured size: 256 MB, Address space: 4096 MB (sparse, pages allocated on-demand)
info: Win32Emu.Emulator[0]
      [Loader] Created syscall dispatcher at 0x0E000000
info: Win32Emu.Emulator[0]
      [Loader] Import mapping complete: 114 imports mapped to addresses 0x0F000000 - 0x0F000710
info: Win32Emu.Emulator[0]
      [Loader] IAT verification passed: all 114 entries are correct
info: Win32Emu.Emulator[0]
      [Loader] Registered 114 IAT entries for runtime protection
info: Win32Emu.Emulator[0]
      [Loader] Extracted 8 sections from PE file
info: Win32Emu.Emulator[0]
      [RegistryHive] Created in-memory hive: SYSTEM
info: Win32Emu.Emulator[0]
      [RegistryHive] Created in-memory hive: SOFTWARE
info: Win32Emu.Emulator[0]
      [RegistryHive] Created in-memory hive: NTUSER.DAT
info: Win32Emu.Emulator[0]
      [RegistryHive] Initialized 3 registry hives
info: Win32Emu.Emulator[0]
      [RegistryHive] Initialized system environment variables
info: Win32Emu.Emulator[0]
      [RegistryHive] Initialized user environment variables
info: Win32Emu.Emulator[0]
      [ProcessEnv] Registry hive initialized
info: Win32Emu.Emulator[0]
      [ProcessEnv] Synced environment variables from registry
info: Win32Emu.Emulator[0]
      [ProcessEnv] Pre-registered standard control class: BUTTON with WndProc=0x0D000000
info: Win32Emu.Emulator[0]
      [ProcessEnv] Pre-registered standard control class: EDIT with WndProc=0x0D000001
info: Win32Emu.Emulator[0]
      [ProcessEnv] Pre-registered standard control class: STATIC with WndProc=0x0D000002
info: Win32Emu.Emulator[0]
      [ProcessEnv] Pre-registered standard control class: LISTBOX with WndProc=0x0D000003
info: Win32Emu.Emulator[0]
      [ProcessEnv] Pre-registered standard control class: COMBOBOX with WndProc=0x0D000004
info: Win32Emu.Emulator[0]
      [ProcessEnv] Pre-registered standard control class: SCROLLBAR with WndProc=0x0D000005
info: Win32Emu.Emulator[0]
      [ProcessEnv] Pre-registered standard control class: MDICLIENT with WndProc=0x0D000006
info: Win32Emu.Emulator[0]
      [ProcessEnv] Pre-registered standard control class: COMBOLBOX with WndProc=0x0D000007
info: Win32Emu.Emulator[0]
      [ProcessEnv] Pre-registered standard control class: DDEMLEVENT with WndProc=0x0D000008
info: Win32Emu.Emulator[0]
      [ProcessEnv] Pre-registered standard control class: MESSAGE with WndProc=0x0D000009
info: Win32Emu.Emulator[0]
      [ProcessEnv] Pre-registered standard control class: #32768 with WndProc=0x0D00000A
info: Win32Emu.Emulator[0]
      [ProcessEnv] Pre-registered standard control class: #32769 with WndProc=0x0D00000B
info: Win32Emu.Emulator[0]
      [ProcessEnv] Pre-registered standard control class: #32770 with WndProc=0x0D00000C
info: Win32Emu.Emulator[0]
      [ProcessEnv] Pre-registered standard control class: #32771 with WndProc=0x0D00000D
info: Win32Emu.Emulator[0]
      [ProcessEnv] Pre-registered standard control class: #32772 with WndProc=0x0D00000E
info: Win32Emu.Emulator[0]
      [Loader] Initializing virtual file system with disk: /Users/pierce/Library/Application Support/Win32Emu/VirtualDisks/Ign_win.vhd
info: Win32Emu.Emulator[0]
      [DiskVFS] Mounted VHD: /Users/pierce/Library/Application Support/Win32Emu/VirtualDisks/Ign_win.vhd (Read-Write)
info: Win32Emu.Emulator[0]
      [ProcessEnv] Virtual File System initialized with disk: /Users/pierce/Library/Application Support/Win32Emu/VirtualDisks/Ign_win.vhd
info: Win32Emu.Emulator[0]
      [RegistryHive] Disposed registry hive manager
info: Win32Emu.Emulator[0]
      [RegistryHive] Created in-memory hive: SYSTEM
info: Win32Emu.Emulator[0]
      [RegistryHive] Created in-memory hive: SOFTWARE
info: Win32Emu.Emulator[0]
      [RegistryHive] Created in-memory hive: NTUSER.DAT
info: Win32Emu.Emulator[0]
      [RegistryHive] Initialized 3 registry hives
info: Win32Emu.Emulator[0]
      [RegistryHive] Initialized system environment variables
info: Win32Emu.Emulator[0]
      [RegistryHive] Initialized user environment variables
info: Win32Emu.Emulator[0]
      [ProcessEnv] Registry hive initialized
info: Win32Emu.Emulator[0]
      [ProcessEnv] Synced environment variables from registry
info: Win32Emu.Emulator[0]
      [Loader] Virtual file system initialized successfully
info: Win32Emu.Emulator[0]
      [ProcessEnv] Registered main executable: C:\ign_win\Ign_win.exe at 0x00400000
info: Win32Emu.Emulator[0]
      [ProcessEnv] Set current directory to: C:\ign_win
info: Win32Emu.Emulator[0]
      [ProcessEnv] TEB allocated at 0x01000040
info: Win32Emu.Emulator[0]
      [ProcessEnv] PEB allocated at 0x01001040
info: Win32Emu.Emulator[0]
      [ProcessEnvironment] Detected GUI subsystem, no console allocated
info: Win32Emu.Emulator[0]
      [Loader] Selected CPU Emulator: IcedCpu
info: Win32Emu.Emulator[0]
      [Loader] Stack initialized: Base=0x00200000 Limit=0x00100000 ESP=0x001FF000 Reserve=0x100000 Commit=0x1000
info: Win32Emu.Emulator[0]
      [Loader] Heap base: 0x01000000
info: Win32Emu.Emulator[0]
      [ThreadScheduler] Initialized main thread 1 (handle=0x00001000)
info: Win32Emu.Emulator[0]
      [ProcessEnv] Main thread initialized with ID=1
info: Win32Emu.Emulator[0]
      [Syscall] KERNEL32.DLL!GetVersion from stub at 0x0F0001A0
info: Win32Emu.Emulator[0]
      [Syscall] BEFORE API: Return address at 0x001FEF7C = 0x0046997C
info: Win32Emu.Emulator[0]
      Dispatching KERNEL32.DLL!GetVersion at EIP=0x0E000002 ESP=0x001FEF7C stack=7C 99 46 00 00 00 00 00 00 00 00 00 00 00 00 00
info: Win32Emu.Emulator[0]
      [Dispatcher] KERNEL32.DLL!GetVersion returned 0x040003B6, argBytes=0
info: Win32Emu.Emulator[0]
      [Syscall] AFTER API: Return address at 0x001FEF7C = 0x0046997C
info: Win32Emu.Emulator[0]
      [Syscall] KERNEL32.DLL!HeapCreate from stub at 0x0F000260
info: Win32Emu.Emulator[0]
      [Syscall] BEFORE API: Return address at 0x001FEF6C = 0x0046AE9F
info: Win32Emu.Emulator[0]
      Dispatching KERNEL32.DLL!HeapCreate at EIP=0x0E000002 ESP=0x001FEF6C stack=9F AE 46 00 01 00 00 00 00 10 00 00 00 00 00 00
info: Win32Emu.Emulator[0]
      [Dispatcher] KERNEL32.DLL!HeapCreate returned 0x01002040, argBytes=12
info: Win32Emu.Emulator[0]
      [Syscall] AFTER API: Return address at 0x001FEF6C = 0x0046AE9F
info: Win32Emu.Emulator[0]
      [Syscall] KERNEL32.DLL!VirtualAlloc from stub at 0x0F000280
info: Win32Emu.Emulator[0]
      [Syscall] BEFORE API: Return address at 0x001FEF54 = 0x0046AF68
info: Win32Emu.Emulator[0]
      Dispatching KERNEL32.DLL!VirtualAlloc at EIP=0x0E000002 ESP=0x001FEF54 stack=68 AF 46 00 00 00 00 00 00 00 40 00 00 20 00 00
info: Win32Emu.Emulator[0]
      [Kernel32] VirtualAlloc(lpAddress=0x00000000, dwSize=0x00400000, alloc=0x00002000, protect=0x00000004)
info: Win32Emu.Emulator[0]
      [ProcessEnv] VirtualAlloc(lp=0x00000000, size=0x00400000, alloc=0x00002000, prot=0x00000004)
info: Win32Emu.Emulator[0]
      [ProcessEnv] VirtualAlloc: allocated at 0x01010000, size=0x00400000, reserve=True, commit=False, topDown=False
info: Win32Emu.Emulator[0]
      [Kernel32] VirtualAlloc -> 0x01010000
info: Win32Emu.Emulator[0]
      [Dispatcher] KERNEL32.DLL!VirtualAlloc returned 0x01010000, argBytes=16
info: Win32Emu.Emulator[0]
      [Syscall] AFTER API: Return address at 0x001FEF54 = 0x0046AF68
info: Win32Emu.Emulator[0]
      [Syscall] KERNEL32.DLL!VirtualAlloc from stub at 0x0F000280
info: Win32Emu.Emulator[0]
      [Syscall] BEFORE API: Return address at 0x001FEF54 = 0x0046AF81
info: Win32Emu.Emulator[0]
      Dispatching KERNEL32.DLL!VirtualAlloc at EIP=0x0E000002 ESP=0x001FEF54 stack=81 AF 46 00 00 00 01 01 00 00 01 00 00 10 00 00
info: Win32Emu.Emulator[0]
      [Kernel32] VirtualAlloc(lpAddress=0x01010000, dwSize=0x00010000, alloc=0x00001000, protect=0x00000004)
info: Win32Emu.Emulator[0]
      [ProcessEnv] VirtualAlloc(lp=0x01010000, size=0x00010000, alloc=0x00001000, prot=0x00000004)
info: Win32Emu.Emulator[0]
      [ProcessEnv] VirtualAlloc: Re-committing already allocated region at 0x01010000
info: Win32Emu.Emulator[0]
      [ProcessEnv] VirtualAlloc: Allocated 0x10000 bytes at specific address 0x01010000 (reserve=False, commit=True)
info: Win32Emu.Emulator[0]
      [Kernel32] VirtualAlloc -> 0x01010000
info: Win32Emu.Emulator[0]
      [Dispatcher] KERNEL32.DLL!VirtualAlloc returned 0x01010000, argBytes=16
info: Win32Emu.Emulator[0]
      [Syscall] AFTER API: Return address at 0x001FEF54 = 0x0046AF81
info: Win32Emu.Emulator[0]
      [Syscall] KERNEL32.DLL!GetStartupInfoA from stub at 0x0F000180
info: Win32Emu.Emulator[0]
      [Syscall] BEFORE API: Return address at 0x001FEF20 = 0x0046EF7E
info: Win32Emu.Emulator[0]
      Dispatching KERNEL32.DLL!GetStartupInfoA at EIP=0x0E000002 ESP=0x001FEF20 stack=7E EF 46 00 38 EF 1F 00 FC EF 1F 00 00 00 00 00
info: Win32Emu.Emulator[0]
      [Dispatcher] KERNEL32.DLL!GetStartupInfoA returned 0x00000000, argBytes=4
info: Win32Emu.Emulator[0]
      [Syscall] AFTER API: Return address at 0x001FEF20 = 0x0046EF7E
info: Win32Emu.Emulator[0]
      [Syscall] KERNEL32.DLL!GetStdHandle from stub at 0x0F000030
info: Win32Emu.Emulator[0]
      [Syscall] BEFORE API: Return address at 0x001FEF20 = 0x0046F095
info: Win32Emu.Emulator[0]
      Dispatching KERNEL32.DLL!GetStdHandle at EIP=0x0E000002 ESP=0x001FEF20 stack=95 F0 46 00 F6 FF FF FF FC EF 1F 00 00 00 00 00
info: Win32Emu.Emulator[0]
      [Dispatcher] KERNEL32.DLL!GetStdHandle returned 0x00000000, argBytes=4
info: Win32Emu.Emulator[0]
      [Syscall] AFTER API: Return address at 0x001FEF20 = 0x0046F095
info: Win32Emu.Emulator[0]
      [Syscall] KERNEL32.DLL!GetFileType from stub at 0x0F000020
info: Win32Emu.Emulator[0]
      [Syscall] BEFORE API: Return address at 0x001FEF20 = 0x0046F0A3
info: Win32Emu.Emulator[0]
      Dispatching KERNEL32.DLL!GetFileType at EIP=0x0E000002 ESP=0x001FEF20 stack=A3 F0 46 00 00 00 00 00 FC EF 1F 00 00 00 00 00
info: Win32Emu.Emulator[0]
      [Dispatcher] KERNEL32.DLL!GetFileType returned 0x00000000, argBytes=4
info: Win32Emu.Emulator[0]
      [Syscall] AFTER API: Return address at 0x001FEF20 = 0x0046F0A3
info: Win32Emu.Emulator[0]
      [Syscall] KERNEL32.DLL!GetStdHandle from stub at 0x0F000030
info: Win32Emu.Emulator[0]
      [Syscall] BEFORE API: Return address at 0x001FEF20 = 0x0046F095
info: Win32Emu.Emulator[0]
      Dispatching KERNEL32.DLL!GetStdHandle at EIP=0x0E000002 ESP=0x001FEF20 stack=95 F0 46 00 F5 FF FF FF FC EF 1F 00 00 00 00 00
info: Win32Emu.Emulator[0]
      [Dispatcher] KERNEL32.DLL!GetStdHandle returned 0x00000000, argBytes=4
info: Win32Emu.Emulator[0]
      [Syscall] AFTER API: Return address at 0x001FEF20 = 0x0046F095
info: Win32Emu.Emulator[0]
      [Syscall] KERNEL32.DLL!GetFileType from stub at 0x0F000020
info: Win32Emu.Emulator[0]
      [Syscall] BEFORE API: Return address at 0x001FEF20 = 0x0046F0A3
info: Win32Emu.Emulator[0]
      Dispatching KERNEL32.DLL!GetFileType at EIP=0x0E000002 ESP=0x001FEF20 stack=A3 F0 46 00 00 00 00 00 FC EF 1F 00 00 00 00 00
info: Win32Emu.Emulator[0]
      [Dispatcher] KERNEL32.DLL!GetFileType returned 0x00000000, argBytes=4
info: Win32Emu.Emulator[0]
      [Syscall] AFTER API: Return address at 0x001FEF20 = 0x0046F0A3
info: Win32Emu.Emulator[0]
      [Syscall] KERNEL32.DLL!GetStdHandle from stub at 0x0F000030
info: Win32Emu.Emulator[0]
      [Syscall] BEFORE API: Return address at 0x001FEF20 = 0x0046F095
info: Win32Emu.Emulator[0]
      Dispatching KERNEL32.DLL!GetStdHandle at EIP=0x0E000002 ESP=0x001FEF20 stack=95 F0 46 00 F4 FF FF FF FC EF 1F 00 00 00 00 00
info: Win32Emu.Emulator[0]
      [Dispatcher] KERNEL32.DLL!GetStdHandle returned 0x00000000, argBytes=4
info: Win32Emu.Emulator[0]
      [Syscall] AFTER API: Return address at 0x001FEF20 = 0x0046F095
info: Win32Emu.Emulator[0]
      [Syscall] KERNEL32.DLL!GetFileType from stub at 0x0F000020
info: Win32Emu.Emulator[0]
      [Syscall] BEFORE API: Return address at 0x001FEF20 = 0x0046F0A3
info: Win32Emu.Emulator[0]
      Dispatching KERNEL32.DLL!GetFileType at EIP=0x0E000002 ESP=0x001FEF20 stack=A3 F0 46 00 00 00 00 00 FC EF 1F 00 00 00 00 00
info: Win32Emu.Emulator[0]
      [Dispatcher] KERNEL32.DLL!GetFileType returned 0x00000000, argBytes=4
info: Win32Emu.Emulator[0]
      [Syscall] AFTER API: Return address at 0x001FEF20 = 0x0046F0A3
info: Win32Emu.Emulator[0]
      [Syscall] KERNEL32.DLL!SetHandleCount from stub at 0x0F000360
info: Win32Emu.Emulator[0]
      [Syscall] BEFORE API: Return address at 0x001FEF20 = 0x0046F0E0
info: Win32Emu.Emulator[0]
      Dispatching KERNEL32.DLL!SetHandleCount at EIP=0x0E000002 ESP=0x001FEF20 stack=E0 F0 46 00 20 00 00 00 FC EF 1F 00 00 00 00 00
info: Win32Emu.Emulator[0]
      [Dispatcher] KERNEL32.DLL!SetHandleCount returned 0x00000020, argBytes=4
info: Win32Emu.Emulator[0]
      [Syscall] AFTER API: Return address at 0x001FEF20 = 0x0046F0E0
info: Win32Emu.Emulator[0]
      [Syscall] KERNEL32.DLL!GetACP from stub at 0x0F000340
info: Win32Emu.Emulator[0]
      [Syscall] BEFORE API: Return address at 0x001FEF44 = 0x0046EC41
info: Win32Emu.Emulator[0]
      Dispatching KERNEL32.DLL!GetACP at EIP=0x0E000002 ESP=0x001FEF44 stack=41 EC 46 00 FD FF FF FF FC EF 1F 00 00 00 00 00
info: Win32Emu.Emulator[0]
      [Dispatcher] KERNEL32.DLL!GetACP returned 0x0000FDE9, argBytes=0
info: Win32Emu.Emulator[0]
      [Syscall] AFTER API: Return address at 0x001FEF44 = 0x0046EC41
info: Win32Emu.Emulator[0]
      [Syscall] KERNEL32.DLL!GetCPInfo from stub at 0x0F000330
info: Win32Emu.Emulator[0]
      [Syscall] BEFORE API: Return address at 0x001FEF40 = 0x0046EC9A
info: Win32Emu.Emulator[0]
      Dispatching KERNEL32.DLL!GetCPInfo at EIP=0x0E000002 ESP=0x001FEF40 stack=9A EC 46 00 E9 FD 00 00 60 EF 1F 00 FC EF 1F 00
info: Win32Emu.Emulator[0]
      [Kernel32] GetCPInfo called: codePage=Utf8 lpCpInfo=0x001FEF60
info: Win32Emu.Emulator[0]
      [Kernel32] GetCPInfo: actualCodePage=Utf8
info: Win32Emu.Emulator[0]
      [Dispatcher] KERNEL32.DLL!GetCPInfo returned 0x00000001, argBytes=8
info: Win32Emu.Emulator[0]
      [Syscall] AFTER API: Return address at 0x001FEF40 = 0x0046EC9A
info: Win32Emu.Emulator[0]
      [Syscall] KERNEL32.DLL!GetCommandLineA from stub at 0x0F000190
info: Win32Emu.Emulator[0]
      [Syscall] BEFORE API: Return address at 0x001FEF7C = 0x004699DB
info: Win32Emu.Emulator[0]
      Dispatching KERNEL32.DLL!GetCommandLineA at EIP=0x0E000002 ESP=0x001FEF7C stack=DB 99 46 00 00 00 00 00 00 00 00 00 00 00 00 00
info: Win32Emu.Emulator[0]
      [Kernel32] GetCommandLineA returning 0x01000000: ""C:\ign_win\Ign_win.exe""
info: Win32Emu.Emulator[0]
      [Dispatcher] KERNEL32.DLL!GetCommandLineA returned 0x01000000, argBytes=0
info: Win32Emu.Emulator[0]
      [Syscall] AFTER API: Return address at 0x001FEF7C = 0x004699DB
info: Win32Emu.Emulator[0]
      [Syscall] KERNEL32.DLL!GetEnvironmentStringsW from stub at 0x0F000310
info: Win32Emu.Emulator[0]
      [Syscall] BEFORE API: Return address at 0x001FEF64 = 0x0046EABB
info: Win32Emu.Emulator[0]
      Dispatching KERNEL32.DLL!GetEnvironmentStringsW at EIP=0x0E000002 ESP=0x001FEF64 stack=BB EA 46 00 FC EF 1F 00 00 00 00 00 00 00 00 00
info: Win32Emu.Emulator[0]
      [Dispatcher] KERNEL32.DLL!GetEnvironmentStringsW returned 0x01410000, argBytes=0
info: Win32Emu.Emulator[0]
      [Syscall] AFTER API: Return address at 0x001FEF64 = 0x0046EABB
info: Win32Emu.Emulator[0]
      [Syscall] KERNEL32.DLL!WideCharToMultiByte from stub at 0x0F000320
info: Win32Emu.Emulator[0]
      [Syscall] BEFORE API: Return address at 0x001FEF44 = 0x0046EB46
info: Win32Emu.Emulator[0]
      Dispatching KERNEL32.DLL!WideCharToMultiByte at EIP=0x0E000002 ESP=0x001FEF44 stack=46 EB 46 00 00 00 00 00 00 00 00 00 00 00 41 01
info: Win32Emu.Emulator[0]
      [Kernel32] WideCharToMultiByte: CP=Acp cchWide=312 lpWide=0x01410000 cbMulti=0 lpMulti=0x00000000
info: Win32Emu.Emulator[0]
      [Kernel32] WideCharToMultiByte: Read 312 chars (specified count)
info: Win32Emu.Emulator[0]
      [Kernel32] WideCharToMultiByte: Returning size 312
info: Win32Emu.Emulator[0]
      [Dispatcher] KERNEL32.DLL!WideCharToMultiByte returned 0x00000138, argBytes=32
info: Win32Emu.Emulator[0]
      [Syscall] AFTER API: Return address at 0x001FEF44 = 0x0046EB46
info: Win32Emu.Emulator[0]
      [Syscall] KERNEL32.DLL!WideCharToMultiByte from stub at 0x0F000320
info: Win32Emu.Emulator[0]
      [Syscall] BEFORE API: Return address at 0x001FEF44 = 0x0046EB6D
info: Win32Emu.Emulator[0]
      Dispatching KERNEL32.DLL!WideCharToMultiByte at EIP=0x0E000002 ESP=0x001FEF44 stack=6D EB 46 00 00 00 00 00 00 00 00 00 00 00 41 01
info: Win32Emu.Emulator[0]
      [Kernel32] WideCharToMultiByte: CP=Acp cchWide=312 lpWide=0x01410000 cbMulti=312 lpMulti=0x01010200
info: Win32Emu.Emulator[0]
      [Kernel32] WideCharToMultiByte: Read 312 chars (specified count)
info: Win32Emu.Emulator[0]
      [Dispatcher] KERNEL32.DLL!WideCharToMultiByte returned 0x00000138, argBytes=32
info: Win32Emu.Emulator[0]
      [Syscall] AFTER API: Return address at 0x001FEF44 = 0x0046EB6D
info: Win32Emu.Emulator[0]
      [Syscall] KERNEL32.DLL!FreeEnvironmentStringsW from stub at 0x0F000010
info: Win32Emu.Emulator[0]
      [Syscall] BEFORE API: Return address at 0x001FEF60 = 0x0046EB83
info: Win32Emu.Emulator[0]
      Dispatching KERNEL32.DLL!FreeEnvironmentStringsW at EIP=0x0E000002 ESP=0x001FEF60 stack=83 EB 46 00 00 00 41 01 FC EF 1F 00 00 00 00 00
info: Win32Emu.Emulator[0]
      [Dispatcher] KERNEL32.DLL!FreeEnvironmentStringsW returned 0x00000001, argBytes=4
info: Win32Emu.Emulator[0]
      [Syscall] AFTER API: Return address at 0x001FEF60 = 0x0046EB83
info: Win32Emu.Emulator[0]
      [Syscall] KERNEL32.DLL!GetModuleFileNameA from stub at 0x0F0002C0
info: Win32Emu.Emulator[0]
      [Syscall] BEFORE API: Return address at 0x001FEF5C = 0x0046E638
info: Win32Emu.Emulator[0]
      Dispatching KERNEL32.DLL!GetModuleFileNameA at EIP=0x0E000002 ESP=0x001FEF5C stack=38 E6 46 00 00 00 00 00 40 5C 52 00 04 01 00 00
info: Win32Emu.Emulator[0]
      [Kernel32] GetModuleFileNameA called: h=0x00000000 lp=0x00525C40 n=260
info: Win32Emu.Emulator[0]
      [Kernel32] GetModuleFileNameA returning 22
info: Win32Emu.Emulator[0]
      [Dispatcher] KERNEL32.DLL!GetModuleFileNameA returned 0x00000016, argBytes=12
info: Win32Emu.Emulator[0]
      [Syscall] AFTER API: Return address at 0x001FEF5C = 0x0046E638
info: Win32Emu.Emulator[0]
      [Syscall] KERNEL32.DLL!GetModuleHandleA from stub at 0x0F000170
info: Win32Emu.Emulator[0]
      [Syscall] BEFORE API: Return address at 0x001FEF6C = 0x0046BC4B
info: Win32Emu.Emulator[0]
      Dispatching KERNEL32.DLL!GetModuleHandleA at EIP=0x0E000002 ESP=0x001FEF6C stack=4B BC 46 00 24 B0 47 00 4A 95 46 00 BB 97 46 00
info: Win32Emu.Emulator[0]
      [Kernel32] GetModuleHandleA called: module='KERNEL32'
info: Win32Emu.Emulator[0]
      [Dispatcher] KERNEL32.DLL!GetModuleHandleA returned 0x10000000, argBytes=4
info: Win32Emu.Emulator[0]
      [Syscall] AFTER API: Return address at 0x001FEF6C = 0x0046BC4B
info: Win32Emu.Emulator[0]
      [Syscall] KERNEL32.DLL!GetProcAddress from stub at 0x0F000290
info: Win32Emu.Emulator[0]
      [Syscall] BEFORE API: Return address at 0x001FEF68 = 0x0046BC5B
info: Win32Emu.Emulator[0]
      Dispatching KERNEL32.DLL!GetProcAddress at EIP=0x0E000002 ESP=0x001FEF68 stack=5B BC 46 00 00 00 00 10 08 B0 47 00 4A 95 46 00
info: Win32Emu.Emulator[0]
      [Kernel32] GetProcAddress(0x10000000, 0x0047B008)
info: Win32Emu.Emulator[0]
      [Kernel32] GetProcAddress: Looking up 'IsProcessorFeaturePresent'
info: Win32Emu.Emulator[0]
      [ProcessEnv] Registered synthetic export: KERNEL32.DLL!IsProcessorFeaturePresent at 0x0F800000
info: Win32Emu.Emulator[0]
      [Kernel32] GetProcAddress: Registered synthetic export 'KERNEL32.DLL!IsProcessorFeaturePresent' at 0x0F800000
info: Win32Emu.Emulator[0]
      [Dispatcher] KERNEL32.DLL!GetProcAddress returned 0x0F800000, argBytes=8
info: Win32Emu.Emulator[0]
      [Syscall] AFTER API: Return address at 0x001FEF68 = 0x0046BC5B
info: Win32Emu.Emulator[0]
      [Syscall] KERNEL32.DLL!IsProcessorFeaturePresent from stub at 0x0F800000
info: Win32Emu.Emulator[0]
      [Syscall] BEFORE API: Return address at 0x001FEF6C = 0x0046BC63
info: Win32Emu.Emulator[0]
      Dispatching KERNEL32.DLL!IsProcessorFeaturePresent at EIP=0x0E000002 ESP=0x001FEF6C stack=63 BC 46 00 00 00 00 00 4A 95 46 00 BB 97 46 00
info: Win32Emu.Emulator[0]
      [Dispatcher] KERNEL32.DLL!IsProcessorFeaturePresent returned 0x00000000, argBytes=4
info: Win32Emu.Emulator[0]
      [Syscall] AFTER API: Return address at 0x001FEF6C = 0x0046BC63
info: Win32Emu.Emulator[0]
      [Syscall] KERNEL32.DLL!HeapAlloc from stub at 0x0F000120
info: Win32Emu.Emulator[0]
      [Syscall] BEFORE API: Return address at 0x001FEF38 = 0x0046932C
info: Win32Emu.Emulator[0]
      Dispatching KERNEL32.DLL!HeapAlloc at EIP=0x0E000002 ESP=0x001FEF38 stack=2C 93 46 00 40 20 00 01 08 00 00 00 00 00 04 00
info: Win32Emu.Emulator[0]
      [ProcessEnv] VirtualAlloc(lp=0x00000000, size=0x00040000, alloc=0x00001000, prot=0x00000004)
info: Win32Emu.Emulator[0]
      [ProcessEnv] VirtualAlloc: allocated at 0x01411000, size=0x00040000, reserve=False, commit=True, topDown=False
info: Win32Emu.Emulator[0]
      [Dispatcher] KERNEL32.DLL!HeapAlloc returned 0x01411000, argBytes=12
info: Win32Emu.Emulator[0]
      [Syscall] AFTER API: Return address at 0x001FEF38 = 0x0046932C
info: Win32Emu.Emulator[0]
      [Syscall] KERNEL32.DLL!GetStartupInfoA from stub at 0x0F000180
info: Win32Emu.Emulator[0]
      [Syscall] BEFORE API: Return address at 0x001FEF78 = 0x00469A76
info: Win32Emu.Emulator[0]
      Dispatching KERNEL32.DLL!GetStartupInfoA at EIP=0x0E000002 ESP=0x001FEF78 stack=76 9A 46 00 8C EF 1F 00 00 00 00 00 00 00 00 00
info: Win32Emu.Emulator[0]
      [Dispatcher] KERNEL32.DLL!GetStartupInfoA returned 0x00000000, argBytes=4
info: Win32Emu.Emulator[0]
      [Syscall] AFTER API: Return address at 0x001FEF78 = 0x00469A76
info: Win32Emu.Emulator[0]
      [Syscall] KERNEL32.DLL!GetModuleHandleA from stub at 0x0F000170
info: Win32Emu.Emulator[0]
      [Syscall] BEFORE API: Return address at 0x001FEF6C = 0x00469A95
info: Win32Emu.Emulator[0]
      Dispatching KERNEL32.DLL!GetModuleHandleA at EIP=0x0E000002 ESP=0x001FEF6C stack=95 9A 46 00 00 00 00 00 00 00 00 00 18 00 00 01
info: Win32Emu.Emulator[0]
      [Kernel32] GetModuleHandleA called: module='NULL (current process)'
info: Win32Emu.Emulator[0]
      [Dispatcher] KERNEL32.DLL!GetModuleHandleA returned 0x00400000, argBytes=4
info: Win32Emu.Emulator[0]
      [Syscall] AFTER API: Return address at 0x001FEF6C = 0x00469A95
info: Win32Emu.Emulator[0]
      [Syscall] USER32.DLL!LoadCursorA from stub at 0x0F000580
info: Win32Emu.Emulator[0]
      [Syscall] BEFORE API: Return address at 0x001FEF0C = 0x004120C8
info: Win32Emu.Emulator[0]
      Dispatching USER32.DLL!LoadCursorA at EIP=0x0E000002 ESP=0x001FEF0C stack=C8 20 41 00 00 00 00 00 00 7F 00 00 FC EF 1F 00
info: Win32Emu.Emulator[0]
      [User32] LoadCursorA: hInstance=0x00000000 lpCursorName=0x00007F00
info: Win32Emu.Emulator[0]
      [Dispatcher] USER32.DLL!LoadCursorA returned 0x00017F00, argBytes=8
info: Win32Emu.Emulator[0]
      [Syscall] AFTER API: Return address at 0x001FEF0C = 0x004120C8
info: Win32Emu.Emulator[0]
      [Syscall] USER32.DLL!LoadIconA from stub at 0x0F000610
info: Win32Emu.Emulator[0]
      [Syscall] BEFORE API: Return address at 0x001FEF0C = 0x004120FC
info: Win32Emu.Emulator[0]
      Dispatching USER32.DLL!LoadIconA at EIP=0x0E000002 ESP=0x001FEF0C stack=FC 20 41 00 00 00 00 00 00 7F 00 00 FC EF 1F 00
info: Win32Emu.Emulator[0]
      [User32] LoadIconA: hInstance=0x00000000 lpIconName=0x00007F00
info: Win32Emu.Emulator[0]
      [Dispatcher] USER32.DLL!LoadIconA returned 0x00017F00, argBytes=8
info: Win32Emu.Emulator[0]
      [Syscall] AFTER API: Return address at 0x001FEF0C = 0x004120FC
info: Win32Emu.Emulator[0]
      [Syscall] GDI32.DLL!GetStockObject from stub at 0x0F000640
info: Win32Emu.Emulator[0]
      [Syscall] BEFORE API: Return address at 0x001FEF10 = 0x00412112
info: Win32Emu.Emulator[0]
      Dispatching GDI32.DLL!GetStockObject at EIP=0x0E000002 ESP=0x001FEF10 stack=12 21 41 00 04 00 00 00 FC EF 1F 00 00 00 00 00
info: Win32Emu.Emulator[0]
      [Gdi32] GetStockObject(4) -> 0x80000000
info: Win32Emu.Emulator[0]
      [Dispatcher] GDI32.DLL!GetStockObject returned 0x80000000, argBytes=4
info: Win32Emu.Emulator[0]
      [Syscall] AFTER API: Return address at 0x001FEF10 = 0x00412112
info: Win32Emu.Emulator[0]
      [Syscall] USER32.DLL!RegisterClassA from stub at 0x0F000620
info: Win32Emu.Emulator[0]
      [Syscall] BEFORE API: Return address at 0x001FEF10 = 0x0041212D
info: Win32Emu.Emulator[0]
      Dispatching USER32.DLL!RegisterClassA at EIP=0x0E000002 ESP=0x001FEF10 stack=2D 21 41 00 44 EF 1F 00 FC EF 1F 00 00 00 00 00
info: Win32Emu.Emulator[0]
      [ProcessEnv] Registered window class: Ignition
info: Win32Emu.Emulator[0]
      [User32] RegisterClassA: 'Ignition' -> atom 0xC000
info: Win32Emu.Emulator[0]
      [Dispatcher] USER32.DLL!RegisterClassA returned 0x0000C000, argBytes=4
info: Win32Emu.Emulator[0]
      [Syscall] AFTER API: Return address at 0x001FEF10 = 0x0041212D
info: Win32Emu.Emulator[0]
      [Syscall] KERNEL32.DLL!QueryPerformanceFrequency from stub at 0x0F000000
info: Win32Emu.Emulator[0]
      [Syscall] BEFORE API: Return address at 0x001FEF10 = 0x0041214B
info: Win32Emu.Emulator[0]
      Dispatching KERNEL32.DLL!QueryPerformanceFrequency at EIP=0x0E000002 ESP=0x001FEF10 stack=4B 21 41 00 48 53 4C 00 FC EF 1F 00 00 00 00 00
info: Win32Emu.Emulator[0]
      [Kernel32] QueryPerformanceFrequency: 1000000000 Hz
info: Win32Emu.Emulator[0]
      [Dispatcher] KERNEL32.DLL!QueryPerformanceFrequency returned 0x00000001, argBytes=4
info: Win32Emu.Emulator[0]
      [Syscall] AFTER API: Return address at 0x001FEF10 = 0x0041214B
info: Win32Emu.Emulator[0]
      [Syscall] KERNEL32.DLL!QueryPerformanceCounter from stub at 0x0F000300
info: Win32Emu.Emulator[0]
      [Syscall] BEFORE API: Return address at 0x001FEF10 = 0x00412166
info: Win32Emu.Emulator[0]
      Dispatching KERNEL32.DLL!QueryPerformanceCounter at EIP=0x0E000002 ESP=0x001FEF10 stack=66 21 41 00 68 53 4C 00 FC EF 1F 00 00 00 00 00
info: Win32Emu.Emulator[0]
      [Dispatcher] KERNEL32.DLL!QueryPerformanceCounter returned 0x00000001, argBytes=4
info: Win32Emu.Emulator[0]
      [Syscall] AFTER API: Return address at 0x001FEF10 = 0x00412166
info: Win32Emu.Emulator[0]
      [Syscall] KERNEL32.DLL!HeapAlloc from stub at 0x0F000120
info: Win32Emu.Emulator[0]
      [Syscall] BEFORE API: Return address at 0x001FEC24 = 0x004694A4
info: Win32Emu.Emulator[0]
      Dispatching KERNEL32.DLL!HeapAlloc at EIP=0x0E000002 ESP=0x001FEC24 stack=A4 94 46 00 40 20 00 01 00 00 00 00 00 10 00 00
info: Win32Emu.Emulator[0]
      [Dispatcher] KERNEL32.DLL!HeapAlloc returned 0x01002040, argBytes=12
info: Win32Emu.Emulator[0]
      [Syscall] AFTER API: Return address at 0x001FEC24 = 0x004694A4
info: Win32Emu.Emulator[0]
      [Syscall] KERNEL32.DLL!HeapAlloc from stub at 0x0F000120
info: Win32Emu.Emulator[0]
      [Syscall] BEFORE API: Return address at 0x001FEECC = 0x004694A4
info: Win32Emu.Emulator[0]
      Dispatching KERNEL32.DLL!HeapAlloc at EIP=0x0E000002 ESP=0x001FEECC stack=A4 94 46 00 40 20 00 01 00 00 00 00 E0 20 00 00
info: Win32Emu.Emulator[0]
      [ProcessEnv] VirtualAlloc(lp=0x00000000, size=0x000020E0, alloc=0x00001000, prot=0x00000004)
info: Win32Emu.Emulator[0]
      [ProcessEnv] VirtualAlloc: allocated at 0x01451000, size=0x00003000, reserve=False, commit=True, topDown=False
info: Win32Emu.Emulator[0]
      [Dispatcher] KERNEL32.DLL!HeapAlloc returned 0x01451000, argBytes=12
info: Win32Emu.Emulator[0]
      [Syscall] AFTER API: Return address at 0x001FEECC = 0x004694A4
info: Win32Emu.Emulator[0]
      [Syscall] KERNEL32.DLL!HeapAlloc from stub at 0x0F000120
info: Win32Emu.Emulator[0]
      [Syscall] BEFORE API: Return address at 0x001FEECC = 0x004694A4
info: Win32Emu.Emulator[0]
      Dispatching KERNEL32.DLL!HeapAlloc at EIP=0x0E000002 ESP=0x001FEECC stack=A4 94 46 00 40 20 00 01 00 00 00 00 E0 20 00 00
info: Win32Emu.Emulator[0]
      [ProcessEnv] VirtualAlloc(lp=0x00000000, size=0x000020E0, alloc=0x00001000, prot=0x00000004)
info: Win32Emu.Emulator[0]
      [ProcessEnv] VirtualAlloc: allocated at 0x01454000, size=0x00003000, reserve=False, commit=True, topDown=False
info: Win32Emu.Emulator[0]
      [Dispatcher] KERNEL32.DLL!HeapAlloc returned 0x01454000, argBytes=12
info: Win32Emu.Emulator[0]
      [Syscall] AFTER API: Return address at 0x001FEECC = 0x004694A4
info: Win32Emu.Emulator[0]
      [Syscall] KERNEL32.DLL!HeapAlloc from stub at 0x0F000120
info: Win32Emu.Emulator[0]
      [Syscall] BEFORE API: Return address at 0x001FEECC = 0x004694A4
info: Win32Emu.Emulator[0]
      Dispatching KERNEL32.DLL!HeapAlloc at EIP=0x0E000002 ESP=0x001FEECC stack=A4 94 46 00 40 20 00 01 00 00 00 00 E0 20 00 00
info: Win32Emu.Emulator[0]
      [ProcessEnv] VirtualAlloc(lp=0x00000000, size=0x000020E0, alloc=0x00001000, prot=0x00000004)
info: Win32Emu.Emulator[0]
      [ProcessEnv] VirtualAlloc: allocated at 0x01457000, size=0x00003000, reserve=False, commit=True, topDown=False
info: Win32Emu.Emulator[0]
      [Dispatcher] KERNEL32.DLL!HeapAlloc returned 0x01457000, argBytes=12
info: Win32Emu.Emulator[0]
      [Syscall] AFTER API: Return address at 0x001FEECC = 0x004694A4
info: Win32Emu.Emulator[0]
      [Syscall] KERNEL32.DLL!HeapAlloc from stub at 0x0F000120
info: Win32Emu.Emulator[0]
      [Syscall] BEFORE API: Return address at 0x001FEECC = 0x004694A4
info: Win32Emu.Emulator[0]
      Dispatching KERNEL32.DLL!HeapAlloc at EIP=0x0E000002 ESP=0x001FEECC stack=A4 94 46 00 40 20 00 01 00 00 00 00 E0 20 00 00
info: Win32Emu.Emulator[0]
      [ProcessEnv] VirtualAlloc(lp=0x00000000, size=0x000020E0, alloc=0x00001000, prot=0x00000004)
info: Win32Emu.Emulator[0]
      [ProcessEnv] VirtualAlloc: allocated at 0x0145A000, size=0x00003000, reserve=False, commit=True, topDown=False
info: Win32Emu.Emulator[0]
      [Dispatcher] KERNEL32.DLL!HeapAlloc returned 0x0145A000, argBytes=12
info: Win32Emu.Emulator[0]
      [Syscall] AFTER API: Return address at 0x001FEECC = 0x004694A4
info: Win32Emu.Emulator[0]
      [Syscall] KERNEL32.DLL!HeapAlloc from stub at 0x0F000120
info: Win32Emu.Emulator[0]
      [Syscall] BEFORE API: Return address at 0x001FEECC = 0x004694A4
info: Win32Emu.Emulator[0]
      Dispatching KERNEL32.DLL!HeapAlloc at EIP=0x0E000002 ESP=0x001FEECC stack=A4 94 46 00 40 20 00 01 00 00 00 00 E0 20 00 00
info: Win32Emu.Emulator[0]
      [ProcessEnv] VirtualAlloc(lp=0x00000000, size=0x000020E0, alloc=0x00001000, prot=0x00000004)
info: Win32Emu.Emulator[0]
      [ProcessEnv] VirtualAlloc: allocated at 0x0145D000, size=0x00003000, reserve=False, commit=True, topDown=False
info: Win32Emu.Emulator[0]
      [Dispatcher] KERNEL32.DLL!HeapAlloc returned 0x0145D000, argBytes=12
info: Win32Emu.Emulator[0]
      [Syscall] AFTER API: Return address at 0x001FEECC = 0x004694A4
info: Win32Emu.Emulator[0]
      [Syscall] KERNEL32.DLL!HeapAlloc from stub at 0x0F000120
info: Win32Emu.Emulator[0]
      [Syscall] BEFORE API: Return address at 0x001FEECC = 0x004694A4
info: Win32Emu.Emulator[0]
      Dispatching KERNEL32.DLL!HeapAlloc at EIP=0x0E000002 ESP=0x001FEECC stack=A4 94 46 00 40 20 00 01 00 00 00 00 E0 20 00 00
info: Win32Emu.Emulator[0]
      [ProcessEnv] VirtualAlloc(lp=0x00000000, size=0x000020E0, alloc=0x00001000, prot=0x00000004)
info: Win32Emu.Emulator[0]
      [ProcessEnv] VirtualAlloc: allocated at 0x01460000, size=0x00003000, reserve=False, commit=True, topDown=False
info: Win32Emu.Emulator[0]
      [Dispatcher] KERNEL32.DLL!HeapAlloc returned 0x01460000, argBytes=12
info: Win32Emu.Emulator[0]
      [Syscall] AFTER API: Return address at 0x001FEECC = 0x004694A4
info: Win32Emu.Emulator[0]
      [Syscall] USER32.DLL!GetSystemMetrics from stub at 0x0F000440
info: Win32Emu.Emulator[0]
      [Syscall] BEFORE API: Return address at 0x001FEE50 = 0x0045B765
info: Win32Emu.Emulator[0]
      Dispatching USER32.DLL!GetSystemMetrics at EIP=0x0E000002 ESP=0x001FEE50 stack=65 B7 45 00 01 00 00 00 00 00 00 00 00 00 00 00
info: Win32Emu.Emulator[0]
      [User32] GetSystemMetrics: nIndex=SM_CYSCREEN
info: Win32Emu.Emulator[0]
      [User32] GetSystemMetrics: Returning SM_CYSCREEN (1): 480
info: Win32Emu.Emulator[0]
      [Dispatcher] USER32.DLL!GetSystemMetrics returned 0x000001E0, argBytes=4
info: Win32Emu.Emulator[0]
      [Syscall] AFTER API: Return address at 0x001FEE50 = 0x0045B765
info: Win32Emu.Emulator[0]
      [Syscall] USER32.DLL!GetSystemMetrics from stub at 0x0F000440
info: Win32Emu.Emulator[0]
      [Syscall] BEFORE API: Return address at 0x001FEE4C = 0x0045B76A
info: Win32Emu.Emulator[0]
      Dispatching USER32.DLL!GetSystemMetrics at EIP=0x0E000002 ESP=0x001FEE4C stack=6A B7 45 00 00 00 00 00 E0 01 00 00 00 00 00 00
info: Win32Emu.Emulator[0]
      [User32] GetSystemMetrics: nIndex=SM_CXSCREEN
info: Win32Emu.Emulator[0]
      [User32] GetSystemMetrics: Returning SM_CXSCREEN (0): 640
info: Win32Emu.Emulator[0]
      [Dispatcher] USER32.DLL!GetSystemMetrics returned 0x00000280, argBytes=4
info: Win32Emu.Emulator[0]
      [Syscall] AFTER API: Return address at 0x001FEE4C = 0x0045B76A
info: Win32Emu.Emulator[0]
      [Syscall] USER32.DLL!CreateWindowExA from stub at 0x0F0005C0
info: Win32Emu.Emulator[0]
      [Syscall] BEFORE API: Return address at 0x001FEE34 = 0x0045B789
info: Win32Emu.Emulator[0]
      Dispatching USER32.DLL!CreateWindowExA at EIP=0x0E000002 ESP=0x001FEE34 stack=89 B7 45 00 00 00 04 00 40 37 49 00 78 37 49 00
info: Win32Emu.Emulator[0]
      [ProcessEnv] Created window: HWND=0x00010000 Class='Ignition' Title='Ignition'
info: Win32Emu.Emulator[0]
      [ProcessEnv] PostMessage: queued MSG=0x0001 HWND=0x00010000
info: Win32Emu.Emulator[0]
      [ProcessEnv] PostMessage: queued MSG=0x0005 HWND=0x00010000
info: Win32Emu.Emulator[0]
      [ProcessEnv] PostMessage: queued MSG=0x0003 HWND=0x00010000
info: Win32Emu.Emulator[0]
      [User32] CreateWindowExA: Created HWND=0x00010000 Class='Ignition' Title='Ignition'
info: Win32Emu.Emulator[0]
      [Dispatcher] USER32.DLL!CreateWindowExA returned 0x00010000, argBytes=48
info: Win32Emu.Emulator[0]
      [Syscall] AFTER API: Return address at 0x001FEE34 = 0x0045B789
info: Win32Emu.Emulator[0]
      [Syscall] USER32.DLL!UpdateWindow from stub at 0x0F0005B0
info: Win32Emu.Emulator[0]
      [Syscall] BEFORE API: Return address at 0x001FEE60 = 0x0045B7B0
info: Win32Emu.Emulator[0]
      Dispatching USER32.DLL!UpdateWindow at EIP=0x0E000002 ESP=0x001FEE60 stack=B0 B7 45 00 00 00 01 00 10 06 00 0F 00 00 00 00
info: Win32Emu.Emulator[0]
      [User32] UpdateWindow: HWND=0x00010000
info: Win32Emu.Emulator[0]
      [User32] UpdateWindow: Sending WM_PAINT to HWND=0x00010000
info: Win32Emu.Emulator[0]
      [User32] SendMessageA: HWND=0x00010000 MSG=0x000F wParam=0x00000000 lParam=0x00000000
info: Win32Emu.Emulator[0]
      [User32] SendMessageA: Found WndProc=0x004122D0 for HWND=0x00010000
info: Win32Emu.Emulator[0]
      [User32] CallWindowProcedureAsync: Calling 0x004122D0 with HWND=0x00010000 MSG=0x000F
info: Win32Emu.Emulator[0]
      Dispatching USER32.DLL!DefWindowProcA at EIP=0x0F0005E0 ESP=0x001FED2C stack=45 24 41 00 00 00 01 00 0F 00 00 00 00 00 00 00
info: Win32Emu.Emulator[0]
      [User32] DefWindowProcA: HWND=0x00010000 MSG=0x000F wParam=0x00000000 lParam=0x00000000
info: Win32Emu.Emulator[0]
      [User32] DefWindowProcA: WM_PAINT
info: Win32Emu.Emulator[0]
      [Dispatcher] USER32.DLL!DefWindowProcA returned 0x00000000, argBytes=16
info: Win32Emu.Emulator[0]
      [User32] CallWindowProcedureAsync: Completed with return value 0x00000000, timedOut=False, cancelled=False, failed=False
info: Win32Emu.Emulator[0]
      [User32] SendMessageA: WndProc returned 0x00000000
info: Win32Emu.Emulator[0]
      [Dispatcher] USER32.DLL!UpdateWindow returned 0x00000001, argBytes=4
info: Win32Emu.Emulator[0]
      [Syscall] AFTER API: Return address at 0x001FEE60 = 0x0045B7B0
info: Win32Emu.Emulator[0]
      [Syscall] USER32.DLL!SetFocus from stub at 0x0F0005A0
info: Win32Emu.Emulator[0]
      [Syscall] BEFORE API: Return address at 0x001FEE60 = 0x0045B7BD
info: Win32Emu.Emulator[0]
      Dispatching USER32.DLL!SetFocus at EIP=0x0E000002 ESP=0x001FEE60 stack=BD B7 45 00 00 00 01 00 10 06 00 0F 00 00 00 00
info: Win32Emu.Emulator[0]
      [User32] SetFocus: HWND=0x00010000
info: Win32Emu.Emulator[0]
      [Dispatcher] USER32.DLL!SetFocus returned 0x00000000, argBytes=4
info: Win32Emu.Emulator[0]
      [Syscall] AFTER API: Return address at 0x001FEE60 = 0x0045B7BD
info: Win32Emu.Emulator[0]
      [Syscall] DDRAW.DLL!DirectDrawCreate from stub at 0x0F0006E0
info: Win32Emu.Emulator[0]
      [Syscall] BEFORE API: Return address at 0x001FEE58 = 0x0045B7CB
info: Win32Emu.Emulator[0]
      Dispatching DDRAW.DLL!DirectDrawCreate at EIP=0x0E000002 ESP=0x001FEE58 stack=CB B7 45 00 00 00 00 00 50 2C 51 00 00 00 00 00
info: Win32Emu.Emulator[0]
      [DDraw] DirectDrawCreate(lpGuid=0x00000000, lplpDD=0x00512C50, pUnkOuter=0x00000000)
info: Win32Emu.Emulator[0]
      [COM] Created IDirectDraw object at 0x01463000 (vtable at 0x01463010)
info: Win32Emu.Emulator[0]
      [DDraw] Writing COM object 0x01463000 to address 0x00512C50
info: Win32Emu.Emulator[0]
      [DDraw] Verification: Read back 0x01463000 from 0x00512C50 - SUCCESS
info: Win32Emu.Emulator[0]
      [DDraw] Created IDirectDraw COM object at 0x01463000
info: Win32Emu.Emulator[0]
      [Dispatcher] DDRAW.DLL!DirectDrawCreate returned 0x00000000, argBytes=12
info: Win32Emu.Emulator[0]
      [Syscall] AFTER API: Return address at 0x001FEE58 = 0x0045B7CB
info: Win32Emu.Emulator[0]
      [COM] Invoking vtable method: IDirectDraw::SetCooperativeLevel at address 0x0D001140
info: Win32Emu.Emulator[0]
      [DDraw COM] IDirectDraw::SetCooperativeLevel(this=0x01463000, hWnd=0x00010000, flags=0x00000053)
info: Win32Emu.Emulator[0]
      [DDraw] Using Avalonia rendering backend for GUI integration
info: Win32Emu.Emulator[0]
      [ProcessEnv] Subscribed to rendering backend UI events
info: Win32Emu.Emulator[0]
      [DDraw] Subscribed to UI events from rendering backend
info: Win32Emu.Emulator[0]
      [DDraw COM] SetCooperativeLevel succeeded, returning DD_OK (0)
info: Win32Emu.Emulator[0]
      [COM] IDirectDraw::SetCooperativeLevel returned 0x00000000 (argBytes=12)
info: Win32Emu.Emulator[0]
      [COM vtable] Return address from stack: ESP=0x001FEE58, retEIP=0x0045B7FD
info: Win32Emu.Emulator[0]
      [COM vtable] Stack state before cleanup:
        [ESP+00] = 0x001FEE58: 0x0045B7FD (return addr)
        [ESP+04] = 0x001FEE5C: 0x01463000 (arg1)
        [ESP+08] = 0x001FEE60: 0x00010000 (arg2)
        [ESP+12] = 0x001FEE64: 0x00000053 (arg3)
        [ESP+16] = 0x001FEE68: 0x0F000610
        [ESP+20] = 0x001FEE6C: 0x00000000
      
info: Win32Emu.Emulator[0]
      [COM vtable] Stack cleanup: ESP=0x001FEE58, retEIP=0x0045B7FD, argBytes=12, new ESP=0x001FEE68
info: Win32Emu.Emulator[0]
      [COM] After vtable call: ESP changed from 0x001FEE58 to 0x001FEE68 (delta=16), Call site EIP=0x0D001140, Return EIP=0x0045B7FD
info: Win32Emu.Emulator[0]
      [COM] Invoking vtable method: IDirectDraw::SetDisplayMode at address 0x0D001150
info: Win32Emu.Emulator[0]
      [DDraw COM] IDirectDraw::SetDisplayMode(this=0x01463000, width=640, height=480, bpp=8)
info: Win32Emu.Emulator[0]
      [DDraw] Updated ProcessEnvironment display mode to 640x480x8
info: Win32Emu.Emulator[0]
      [Avalonia] Initializing Avalonia rendering backend (640x480)...
info: Win32Emu.Emulator[0]
      [Avalonia] Avalonia rendering backend initialized successfully
info: Win32Emu.Emulator[0]
      [DDraw] Rendering backend initialized successfully with 640x480
info: Win32Emu.Emulator[0]
      [DDraw] Subscribed to UI events from rendering backend
info: Win32Emu.Emulator[0]
      [DDraw COM] SetDisplayMode succeeded, returning DD_OK (0)
info: Win32Emu.Emulator[0]
      [COM] IDirectDraw::SetDisplayMode returned 0x00000000 (argBytes=16)
info: Win32Emu.Emulator[0]
      [COM vtable] Return address from stack: ESP=0x001FEE54, retEIP=0x0045B836
info: Win32Emu.Emulator[0]
      [COM vtable] Stack state before cleanup:
        [ESP+00] = 0x001FEE54: 0x0045B836 (return addr)
        [ESP+04] = 0x001FEE58: 0x01463000 (arg1)
        [ESP+08] = 0x001FEE5C: 0x00000280 (arg2)
        [ESP+12] = 0x001FEE60: 0x000001E0 (arg3)
        [ESP+16] = 0x001FEE64: 0x00000008 (arg4)
        [ESP+20] = 0x001FEE68: 0x0F000610
      
info: Win32Emu.Emulator[0]
      [COM vtable] Stack cleanup: ESP=0x001FEE54, retEIP=0x0045B836, argBytes=16, new ESP=0x001FEE68
info: Win32Emu.Emulator[0]
      [COM] After vtable call: ESP changed from 0x001FEE54 to 0x001FEE68 (delta=20), Call site EIP=0x0D001150, Return EIP=0x0045B836
info: Win32Emu.Emulator[0]
      [COM] Invoking vtable method: IDirectDraw::CreateSurface at address 0x0D001060
info: Win32Emu.Emulator[0]
      [DDraw COM] IDirectDraw::CreateSurface(this=0x01463000, lpDDSurfaceDesc=0x001FEEA0, lplpDDSurface=0x0050E7A4, pUnkOuter=0x00000000)
info: Win32Emu.Emulator[0]
      [DDraw] Surface creation: dwSize=108, flags=0x00000021, caps=0x00000218, width=0, height=0, backbufferCount=1
info: Win32Emu.Emulator[0]
      [COM] Created IDirectDrawSurface object at 0x01463070 (vtable at 0x01463080)
info: Win32Emu.Emulator[0]
      [DDraw] Creating 1 backbuffer(s) for primary surface
info: Win32Emu.Emulator[0]
      [COM] Created IDirectDrawSurface object at 0x01463110 (vtable at 0x01463120)
info: Win32Emu.Emulator[0]
      [DDraw] Created backbuffer 1 at surface handle 0x71000001, COM object at 0x01463110
info: Win32Emu.Emulator[0]
      [DDraw] Attached backbuffer 0x71000001 to primary surface 0x71000000 (COM=0x01463070), AttachedSurfaces.Count=1
info: Win32Emu.Emulator[0]
      [DDraw] Created IDirectDrawSurface COM object at 0x01463070 for surface 0x71000000
info: Win32Emu.Emulator[0]
      [COM] IDirectDraw::CreateSurface returned 0x00000000 (argBytes=16)
info: Win32Emu.Emulator[0]
      [COM vtable] Return address from stack: ESP=0x001FEE54, retEIP=0x0045B9DF
info: Win32Emu.Emulator[0]
      [COM vtable] Stack state before cleanup:
        [ESP+00] = 0x001FEE54: 0x0045B9DF (return addr)
        [ESP+04] = 0x001FEE58: 0x01463000 (arg1)
        [ESP+08] = 0x001FEE5C: 0x001FEEA0 (arg2)
        [ESP+12] = 0x001FEE60: 0x0050E7A4 (arg3)
        [ESP+16] = 0x001FEE64: 0x00000000 (arg4)
        [ESP+20] = 0x001FEE68: 0x0F000610
      
info: Win32Emu.Emulator[0]
      [COM vtable] Stack cleanup: ESP=0x001FEE54, retEIP=0x0045B9DF, argBytes=16, new ESP=0x001FEE68
info: Win32Emu.Emulator[0]
      [COM] After vtable call: ESP changed from 0x001FEE54 to 0x001FEE68 (delta=20), Call site EIP=0x0D001060, Return EIP=0x0045B9DF
info: Win32Emu.Emulator[0]
      [COM] Invoking vtable method: IDirectDrawSurface::GetAttachedSurface at address 0x0D0020C0
info: Win32Emu.Emulator[0]
      [DDraw COM] IDirectDrawSurface::GetAttachedSurface(this=0x01463070, lpDDSCaps=0x001FEE8C, lplp=0x001FEE78)
info: Win32Emu.Emulator[0]
      [DDraw] Found surface: Handle=0x71000000, ComAddr=0x01463070, IsPrimary=True, AttachedSurfaces.Count=1
info: Win32Emu.Emulator[0]
      [DDraw] Attached surfaces: 0x71000001
info: Win32Emu.Emulator[0]
      [DDraw] Requested surface caps: 0x00000004
info: Win32Emu.Emulator[0]
      [DDraw] Returning attached surface COM object at 0x01463110
info: Win32Emu.Emulator[0]
      [COM] IDirectDrawSurface::GetAttachedSurface returned 0x00000000 (argBytes=12)
info: Win32Emu.Emulator[0]
      [COM vtable] Return address from stack: ESP=0x001FEE58, retEIP=0x0045BA97
info: Win32Emu.Emulator[0]
      [COM vtable] Stack state before cleanup:
        [ESP+00] = 0x001FEE58: 0x0045BA97 (return addr)
        [ESP+04] = 0x001FEE5C: 0x01463070 (arg1)
        [ESP+08] = 0x001FEE60: 0x001FEE8C (arg2)
        [ESP+12] = 0x001FEE64: 0x001FEE78 (arg3)
        [ESP+16] = 0x001FEE68: 0x0F000610
        [ESP+20] = 0x001FEE6C: 0x00000000
      
info: Win32Emu.Emulator[0]
      [COM vtable] Stack cleanup: ESP=0x001FEE58, retEIP=0x0045BA97, argBytes=12, new ESP=0x001FEE68
info: Win32Emu.Emulator[0]
      [COM] After vtable call: ESP changed from 0x001FEE58 to 0x001FEE68 (delta=16), Call site EIP=0x0D0020C0, Return EIP=0x0045BA97
info: Win32Emu.Emulator[0]
      [COM] Invoking vtable method: IDirectDraw::CreatePalette at address 0x0D001050
info: Win32Emu.Emulator[0]
      [DDraw COM] IDirectDraw::CreatePalette(this=0x01463000, dwFlags=0x00000044, lpColorTable=0x00512048, lplpDDPalette=0x00512448, pUnkOuter=0x00000000)
info: Win32Emu.Emulator[0]
      [COM] Created IDirectDrawPalette object at 0x014631B0 (vtable at 0x014631C0)
info: Win32Emu.Emulator[0]
      [DDraw] Created IDirectDrawPalette COM object at 0x014631B0 for palette 0x72000000
info: Win32Emu.Emulator[0]
      [COM] IDirectDraw::CreatePalette returned 0x00000000 (argBytes=20)
info: Win32Emu.Emulator[0]
      [COM vtable] Return address from stack: ESP=0x001FEE50, retEIP=0x0045BB55
info: Win32Emu.Emulator[0]
      [COM vtable] Stack state before cleanup:
        [ESP+00] = 0x001FEE50: 0x0045BB55 (return addr)
        [ESP+04] = 0x001FEE54: 0x01463000 (arg1)
        [ESP+08] = 0x001FEE58: 0x00000044 (arg2)
        [ESP+12] = 0x001FEE5C: 0x00512048 (arg3)
        [ESP+16] = 0x001FEE60: 0x00512448 (arg4)
        [ESP+20] = 0x001FEE64: 0x00000000 (arg5)
      
info: Win32Emu.Emulator[0]
      [COM vtable] Stack cleanup: ESP=0x001FEE50, retEIP=0x0045BB55, argBytes=20, new ESP=0x001FEE68
info: Win32Emu.Emulator[0]
      [COM] After vtable call: ESP changed from 0x001FEE50 to 0x001FEE68 (delta=24), Call site EIP=0x0D001050, Return EIP=0x0045BB55
info: Win32Emu.Emulator[0]
      [COM] Invoking vtable method: IDirectDrawSurface::SetPalette at address 0x0D0021F0
info: Win32Emu.Emulator[0]
      [DDraw COM] IDirectDrawSurface::SetPalette(this=0x01463070, lpDDPalette=0x014631B0)
info: Win32Emu.Emulator[0]
      [DDraw] Surface 0x71000000 palette set to 0x72000000
info: Win32Emu.Emulator[0]
      [COM] IDirectDrawSurface::SetPalette returned 0x00000000 (argBytes=8)
info: Win32Emu.Emulator[0]
      [COM vtable] Return address from stack: ESP=0x001FEE5C, retEIP=0x0045BD33
info: Win32Emu.Emulator[0]
      [COM vtable] Stack state before cleanup:
        [ESP+00] = 0x001FEE5C: 0x0045BD33 (return addr)
        [ESP+04] = 0x001FEE60: 0x01463070 (arg1)
        [ESP+08] = 0x001FEE64: 0x014631B0 (arg2)
        [ESP+12] = 0x001FEE68: 0x0F000610
        [ESP+16] = 0x001FEE6C: 0x00000000
        [ESP+20] = 0x001FEE70: 0x00000000
      
info: Win32Emu.Emulator[0]
      [COM vtable] Stack cleanup: ESP=0x001FEE5C, retEIP=0x0045BD33, argBytes=8, new ESP=0x001FEE68
info: Win32Emu.Emulator[0]
      [COM] After vtable call: ESP changed from 0x001FEE5C to 0x001FEE68 (delta=12), Call site EIP=0x0D0021F0, Return EIP=0x0045BD33
info: Win32Emu.Emulator[0]
      [COM] Invoking vtable method: IDirectDrawSurface::IsLost at address 0x0D002180
info: Win32Emu.Emulator[0]
      [DDraw COM] IDirectDrawSurface::IsLost(this=0x01463070)
info: Win32Emu.Emulator[0]
      [COM] IDirectDrawSurface::IsLost returned 0x00000000 (argBytes=4)
info: Win32Emu.Emulator[0]
      [COM vtable] Return address from stack: ESP=0x001FEE50, retEIP=0x0045C74D
info: Win32Emu.Emulator[0]
      [COM vtable] Stack state before cleanup:
        [ESP+00] = 0x001FEE50: 0x0045C74D (return addr)
        [ESP+04] = 0x001FEE54: 0x01463070 (arg1)
        [ESP+08] = 0x001FEE58: 0x00000010
        [ESP+12] = 0x001FEE5C: 0x0050E6E4
        [ESP+16] = 0x001FEE60: 0x01463010
        [ESP+20] = 0x001FEE64: 0x0045BD49
      
info: Win32Emu.Emulator[0]
      [COM vtable] Stack cleanup: ESP=0x001FEE50, retEIP=0x0045C74D, argBytes=4, new ESP=0x001FEE58
info: Win32Emu.Emulator[0]
      [COM] After vtable call: ESP changed from 0x001FEE50 to 0x001FEE58 (delta=8), Call site EIP=0x0D002180, Return EIP=0x0045C74D
info: Win32Emu.Emulator[0]
      [COM] Invoking vtable method: IDirectDrawSurface::IsLost at address 0x0D003180
info: Win32Emu.Emulator[0]
      [DDraw COM] IDirectDrawSurface::IsLost(this=0x01463110)
info: Win32Emu.Emulator[0]
      [COM] IDirectDrawSurface::IsLost returned 0x00000000 (argBytes=4)
info: Win32Emu.Emulator[0]
      [COM vtable] Return address from stack: ESP=0x001FEE50, retEIP=0x0045C77E
info: Win32Emu.Emulator[0]
      [COM vtable] Stack state before cleanup:
        [ESP+00] = 0x001FEE50: 0x0045C77E (return addr)
        [ESP+04] = 0x001FEE54: 0x01463110 (arg1)
        [ESP+08] = 0x001FEE58: 0x00000010
        [ESP+12] = 0x001FEE5C: 0x0050E6E4
        [ESP+16] = 0x001FEE60: 0x01463010
        [ESP+20] = 0x001FEE64: 0x0045BD49
      
info: Win32Emu.Emulator[0]
      [COM vtable] Stack cleanup: ESP=0x001FEE50, retEIP=0x0045C77E, argBytes=4, new ESP=0x001FEE58
info: Win32Emu.Emulator[0]
      [COM] After vtable call: ESP changed from 0x001FEE50 to 0x001FEE58 (delta=8), Call site EIP=0x0D003180, Return EIP=0x0045C77E
info: Win32Emu.Emulator[0]
      [Syscall] USER32.DLL!ShowWindow from stub at 0x0F0004F0
info: Win32Emu.Emulator[0]
      [Syscall] BEFORE API: Return address at 0x001FEE5C = 0x0045BD57
info: Win32Emu.Emulator[0]
      Dispatching USER32.DLL!ShowWindow at EIP=0x0E000002 ESP=0x001FEE5C stack=57 BD 45 00 00 00 01 00 05 00 00 00 10 06 00 0F
info: Win32Emu.Emulator[0]
      [User32] ShowWindow: HWND=0x00010000 nCmdShow=5
info: Win32Emu.Emulator[0]
      [User32] ShowWindow: Window 0x00010000 is now visible
info: Win32Emu.Emulator[0]
      [ProcessEnv] PostMessage: queued MSG=0x001C HWND=0x00010000
info: Win32Emu.Emulator[0]
      [Dispatcher] USER32.DLL!ShowWindow returned 0x00000000, argBytes=8
info: Win32Emu.Emulator[0]
      [Syscall] AFTER API: Return address at 0x001FEE5C = 0x0045BD57
info: Win32Emu.Emulator[0]
      [Syscall] DINPUT.DLL!DirectInputCreateA from stub at 0x0F0006D0
info: Win32Emu.Emulator[0]
      [Syscall] BEFORE API: Return address at 0x001FEED4 = 0x00455B1F
info: Win32Emu.Emulator[0]
      Dispatching DINPUT.DLL!DirectInputCreateA at EIP=0x0E000002 ESP=0x001FEED4 stack=1F 5B 45 00 00 00 40 00 00 03 00 00 60 DF 50 00
info: Win32Emu.Emulator[0]
      [DInput] DirectInputCreateA(hinst=0x00400000, dwVersion=0x00000300, lplpDirectInput=0x0050DF60, pUnkOuter=0x00000000)
info: Win32Emu.Emulator[0]
      [SilkInput] Input subsystem initialized
info: Win32Emu.Emulator[0]
      [COM] Created IDirectInput object at 0x014631E0 (vtable at 0x014631F0)
info: Win32Emu.Emulator[0]
      [DInput] Writing COM object 0x014631E0 to address 0x0050DF60
info: Win32Emu.Emulator[0]
      [DInput] Verification: Read back 0x014631E0 from 0x0050DF60 - SUCCESS
info: Win32Emu.Emulator[0]
      [DInput] Created IDirectInput COM object at 0x014631E0
info: Win32Emu.Emulator[0]
      [Dispatcher] DINPUT.DLL!DirectInputCreateA returned 0x00000000, argBytes=16
info: Win32Emu.Emulator[0]
      [Syscall] AFTER API: Return address at 0x001FEED4 = 0x00455B1F
info: Win32Emu.Emulator[0]
      [COM] Invoking vtable method: IDirectInput::CreateDevice at address 0x0D005030
info: Win32Emu.Emulator[0]
      [DInput COM] IDirectInput::CreateDevice(this=0x014631E0, rguid=0x001FEF00, lplpDevice=0x0050E26C, pUnkOuter=0x00000000)
info: Win32Emu.Emulator[0]
      [COM] Created IDirectInputDevice object at 0x01463210 (vtable at 0x01463220)
info: Win32Emu.Emulator[0]
      [DInput COM] Created IDirectInputDevice COM object at 0x01463210
info: Win32Emu.Emulator[0]
      [COM] IDirectInput::CreateDevice returned 0x00000000 (argBytes=16)
info: Win32Emu.Emulator[0]
      [COM vtable] Return address from stack: ESP=0x001FEED4, retEIP=0x00455B42
info: Win32Emu.Emulator[0]
      [COM vtable] Stack state before cleanup:
        [ESP+00] = 0x001FEED4: 0x00455B42 (return addr)
        [ESP+04] = 0x001FEED8: 0x014631E0 (arg1)
        [ESP+08] = 0x001FEEDC: 0x001FEF00 (arg2)
        [ESP+12] = 0x001FEEE0: 0x0050E26C (arg3)
        [ESP+16] = 0x001FEEE4: 0x00000000 (arg4)
        [ESP+20] = 0x001FEEE8: 0x00000000
      
info: Win32Emu.Emulator[0]
      [COM vtable] Stack cleanup: ESP=0x001FEED4, retEIP=0x00455B42, argBytes=16, new ESP=0x001FEEE8
info: Win32Emu.Emulator[0]
      [COM] After vtable call: ESP changed from 0x001FEED4 to 0x001FEEE8 (delta=20), Call site EIP=0x0D005030, Return EIP=0x00455B42
info: Win32Emu.Emulator[0]
      [COM] Invoking vtable method: IDirectInputDevice::SetDataFormat at address 0x0D0060B0
info: Win32Emu.Emulator[0]
      [DInput COM] IDirectInputDevice::SetDataFormat(this=0x01463210, lpdf=0x00478760)
info: Win32Emu.Emulator[0]
      [DInput COM]   DIDATAFORMAT: size=24, objSize=16, flags=0x2, dataSize=256, numObjs=256, rgodf=0x00477760
info: Win32Emu.Emulator[0]
      [COM] IDirectInputDevice::SetDataFormat returned 0x00000000 (argBytes=8)
info: Win32Emu.Emulator[0]
      [COM vtable] Return address from stack: ESP=0x001FEEDC, retEIP=0x00455B5D
info: Win32Emu.Emulator[0]
      [COM vtable] Stack state before cleanup:
        [ESP+00] = 0x001FEEDC: 0x00455B5D (return addr)
        [ESP+04] = 0x001FEEE0: 0x01463210 (arg1)
        [ESP+08] = 0x001FEEE4: 0x00478760 (arg2)
        [ESP+12] = 0x001FEEE8: 0x00000000
        [ESP+16] = 0x001FEEEC: 0x00000014
        [ESP+20] = 0x001FEEF0: 0x00000010
      
info: Win32Emu.Emulator[0]
      [COM vtable] Stack cleanup: ESP=0x001FEEDC, retEIP=0x00455B5D, argBytes=8, new ESP=0x001FEEE8
info: Win32Emu.Emulator[0]
      [COM] After vtable call: ESP changed from 0x001FEEDC to 0x001FEEE8 (delta=12), Call site EIP=0x0D0060B0, Return EIP=0x00455B5D
info: Win32Emu.Emulator[0]
      [COM] Invoking vtable method: IDirectInputDevice::SetCooperativeLevel at address 0x0D0060D0
info: Win32Emu.Emulator[0]
      [DInput COM] IDirectInputDevice::SetCooperativeLevel(this=0x01463210, hwnd=0x00010000, flags=0x00000006)
info: Win32Emu.Emulator[0]
      [DInput COM]   Flags: DISCL_NONEXCLUSIVE | DISCL_FOREGROUND
info: Win32Emu.Emulator[0]
      [COM] IDirectInputDevice::SetCooperativeLevel returned 0x00000000 (argBytes=12)
info: Win32Emu.Emulator[0]
      [COM vtable] Return address from stack: ESP=0x001FEED8, retEIP=0x00455B7C
info: Win32Emu.Emulator[0]
      [COM vtable] Stack state before cleanup:
        [ESP+00] = 0x001FEED8: 0x00455B7C (return addr)
        [ESP+04] = 0x001FEEDC: 0x01463210 (arg1)
        [ESP+08] = 0x001FEEE0: 0x00010000 (arg2)
        [ESP+12] = 0x001FEEE4: 0x00000006 (arg3)
        [ESP+16] = 0x001FEEE8: 0x00000000
        [ESP+20] = 0x001FEEEC: 0x00000014
      
info: Win32Emu.Emulator[0]
      [COM vtable] Stack cleanup: ESP=0x001FEED8, retEIP=0x00455B7C, argBytes=12, new ESP=0x001FEEE8
info: Win32Emu.Emulator[0]
      [COM] After vtable call: ESP changed from 0x001FEED8 to 0x001FEEE8 (delta=16), Call site EIP=0x0D0060D0, Return EIP=0x00455B7C
info: Win32Emu.Emulator[0]
      [COM] Invoking vtable method: IDirectInputDevice::SetProperty at address 0x0D006060
info: Win32Emu.Emulator[0]
      [DInput COM] IDirectInputDevice::SetProperty(this=0x01463210, rguidProp=0x00000001, pdiph=0x001FEEEC)
info: Win32Emu.Emulator[0]
      [DInput COM]   DIPROPHEADER: size=20, headerSize=16, obj=0, how=0
info: Win32Emu.Emulator[0]
      [DInput COM]   Property value: 32
info: Win32Emu.Emulator[0]
      [COM] IDirectInputDevice::SetProperty returned 0x00000000 (argBytes=12)
info: Win32Emu.Emulator[0]
      [COM vtable] Return address from stack: ESP=0x001FEED8, retEIP=0x00455B9A
info: Win32Emu.Emulator[0]
      [COM vtable] Stack state before cleanup:
        [ESP+00] = 0x001FEED8: 0x00455B9A (return addr)
        [ESP+04] = 0x001FEEDC: 0x01463210 (arg1)
        [ESP+08] = 0x001FEEE0: 0x00000001 (arg2)
        [ESP+12] = 0x001FEEE4: 0x001FEEEC (arg3)
        [ESP+16] = 0x001FEEE8: 0x00000000
        [ESP+20] = 0x001FEEEC: 0x00000014
      
info: Win32Emu.Emulator[0]
      [COM vtable] Stack cleanup: ESP=0x001FEED8, retEIP=0x00455B9A, argBytes=12, new ESP=0x001FEEE8
info: Win32Emu.Emulator[0]
      [COM] After vtable call: ESP changed from 0x001FEED8 to 0x001FEEE8 (delta=16), Call site EIP=0x0D006060, Return EIP=0x00455B9A
info: Win32Emu.Emulator[0]
      [COM] Invoking vtable method: IDirectInputDevice::Acquire at address 0x0D006070
info: Win32Emu.Emulator[0]
      [DInput COM] IDirectInputDevice::Acquire(this=0x01463210)
info: Win32Emu.Emulator[0]
      [DInput COM]   Device acquired successfully
info: Win32Emu.Emulator[0]
      [COM] IDirectInputDevice::Acquire returned 0x00000000 (argBytes=4)
info: Win32Emu.Emulator[0]
      [COM vtable] Return address from stack: ESP=0x001FEEE0, retEIP=0x00455BB0
info: Win32Emu.Emulator[0]
      [COM vtable] Stack state before cleanup:
        [ESP+00] = 0x001FEEE0: 0x00455BB0 (return addr)
        [ESP+04] = 0x001FEEE4: 0x01463210 (arg1)
        [ESP+08] = 0x001FEEE8: 0x00000000
        [ESP+12] = 0x001FEEEC: 0x00000014
        [ESP+16] = 0x001FEEF0: 0x00000010
        [ESP+20] = 0x001FEEF4: 0x00000000
      
info: Win32Emu.Emulator[0]
      [COM vtable] Stack cleanup: ESP=0x001FEEE0, retEIP=0x00455BB0, argBytes=4, new ESP=0x001FEEE8
info: Win32Emu.Emulator[0]
      [COM] After vtable call: ESP changed from 0x001FEEE0 to 0x001FEEE8 (delta=8), Call site EIP=0x0D006070, Return EIP=0x00455BB0
info: Win32Emu.Emulator[0]
      [Syscall] USER32.DLL!GetMessageA from stub at 0x0F000600
info: Win32Emu.Emulator[0]
      [Syscall] BEFORE API: Return address at 0x001FEF04 = 0x004121F6
info: Win32Emu.Emulator[0]
      Dispatching USER32.DLL!GetMessageA at EIP=0x0E000002 ESP=0x001FEF04 stack=F6 21 41 00 28 EF 1F 00 00 00 00 00 00 00 00 00
info: Win32Emu.Emulator[0]
      [User32] GetMessageA: retrieved MSG=0x0001 HWND=0x00010000
info: Win32Emu.Emulator[0]
      [Dispatcher] USER32.DLL!GetMessageA returned 0x00000001, argBytes=16
info: Win32Emu.Emulator[0]
      [Syscall] AFTER API: Return address at 0x001FEF04 = 0x004121F6
info: Win32Emu.Emulator[0]
      [Syscall] USER32.DLL!TranslateMessage from stub at 0x0F000470
info: Win32Emu.Emulator[0]
      [Syscall] BEFORE API: Return address at 0x001FEF10 = 0x00412201
info: Win32Emu.Emulator[0]
      Dispatching USER32.DLL!TranslateMessage at EIP=0x0E000002 ESP=0x001FEF10 stack=01 22 41 00 28 EF 1F 00 FC EF 1F 00 00 00 00 00
info: Win32Emu.Emulator[0]
      [User32] TranslateMessage: HWND=0x00010000 MSG=0x0001 wParam=0x00000000 lParam=0x00000000
info: Win32Emu.Emulator[0]
      [Dispatcher] USER32.DLL!TranslateMessage returned 0x00000000, argBytes=4
info: Win32Emu.Emulator[0]
      [Syscall] AFTER API: Return address at 0x001FEF10 = 0x00412201
info: Win32Emu.Emulator[0]
      [Syscall] USER32.DLL!DispatchMessageA from stub at 0x0F000480
info: Win32Emu.Emulator[0]
      [Syscall] BEFORE API: Return address at 0x001FEF10 = 0x00412208
info: Win32Emu.Emulator[0]
      Dispatching USER32.DLL!DispatchMessageA at EIP=0x0E000002 ESP=0x001FEF10 stack=08 22 41 00 28 EF 1F 00 FC EF 1F 00 00 00 00 00
info: Win32Emu.Emulator[0]
      [User32] DispatchMessageA: HWND=0x00010000 MSG=0x0001 wParam=0x00000000 lParam=0x00000000
info: Win32Emu.Emulator[0]
      [User32] DispatchMessageA: Found WndProc=0x004122D0 for HWND=0x00010000
info: Win32Emu.Emulator[0]
      [User32] CallWindowProcedureAsync: Calling 0x004122D0 with HWND=0x00010000 MSG=0x0001
info: Win32Emu.Emulator[0]
      [User32] CallWindowProcedureAsync: Completed with return value 0x00000000, timedOut=False, cancelled=False, failed=False
info: Win32Emu.Emulator[0]
      [User32] DispatchMessageA: WndProc returned 0x00000000
info: Win32Emu.Emulator[0]
      [Dispatcher] USER32.DLL!DispatchMessageA returned 0x00000000, argBytes=4
info: Win32Emu.Emulator[0]
      [Syscall] AFTER API: Return address at 0x001FEF10 = 0x00412208
info: Win32Emu.Emulator[0]
      [Syscall] USER32.DLL!GetMessageA from stub at 0x0F000600
info: Win32Emu.Emulator[0]
      [Syscall] BEFORE API: Return address at 0x001FEF04 = 0x004121F6
info: Win32Emu.Emulator[0]
      Dispatching USER32.DLL!GetMessageA at EIP=0x0E000002 ESP=0x001FEF04 stack=F6 21 41 00 28 EF 1F 00 00 00 00 00 00 00 00 00
info: Win32Emu.Emulator[0]
      [User32] GetMessageA: retrieved MSG=0x0005 HWND=0x00010000
info: Win32Emu.Emulator[0]
      [Dispatcher] USER32.DLL!GetMessageA returned 0x00000001, argBytes=16
info: Win32Emu.Emulator[0]
      [Syscall] AFTER API: Return address at 0x001FEF04 = 0x004121F6
info: Win32Emu.Emulator[0]
      [Syscall] USER32.DLL!TranslateMessage from stub at 0x0F000470
info: Win32Emu.Emulator[0]
      [Syscall] BEFORE API: Return address at 0x001FEF10 = 0x00412201
info: Win32Emu.Emulator[0]
      Dispatching USER32.DLL!TranslateMessage at EIP=0x0E000002 ESP=0x001FEF10 stack=01 22 41 00 28 EF 1F 00 FC EF 1F 00 00 00 00 00
info: Win32Emu.Emulator[0]
      [User32] TranslateMessage: HWND=0x00010000 MSG=0x0005 wParam=0x00000000 lParam=0x01E00280
info: Win32Emu.Emulator[0]
      [Dispatcher] USER32.DLL!TranslateMessage returned 0x00000000, argBytes=4
info: Win32Emu.Emulator[0]
      [Syscall] AFTER API: Return address at 0x001FEF10 = 0x00412201
info: Win32Emu.Emulator[0]
      [Syscall] USER32.DLL!DispatchMessageA from stub at 0x0F000480
info: Win32Emu.Emulator[0]
      [Syscall] BEFORE API: Return address at 0x001FEF10 = 0x00412208
info: Win32Emu.Emulator[0]
      Dispatching USER32.DLL!DispatchMessageA at EIP=0x0E000002 ESP=0x001FEF10 stack=08 22 41 00 28 EF 1F 00 FC EF 1F 00 00 00 00 00
info: Win32Emu.Emulator[0]
      [User32] DispatchMessageA: HWND=0x00010000 MSG=0x0005 wParam=0x00000000 lParam=0x01E00280
info: Win32Emu.Emulator[0]
      [User32] DispatchMessageA: Found WndProc=0x004122D0 for HWND=0x00010000
info: Win32Emu.Emulator[0]
      [User32] CallWindowProcedureAsync: Calling 0x004122D0 with HWND=0x00010000 MSG=0x0005
info: Win32Emu.Emulator[0]
      Dispatching USER32.DLL!GetSystemMetrics at EIP=0x0F000440 ESP=0x001FEDE8 stack=4A 23 41 00 01 00 00 00 00 06 00 0F F0 05 00 0F
info: Win32Emu.Emulator[0]
      [User32] GetSystemMetrics: nIndex=SM_CYSCREEN
info: Win32Emu.Emulator[0]
      [User32] GetSystemMetrics: Returning SM_CYSCREEN (1): 480
info: Win32Emu.Emulator[0]
      [Dispatcher] USER32.DLL!GetSystemMetrics returned 0x000001E0, argBytes=4
info: Win32Emu.Emulator[0]
      Dispatching USER32.DLL!GetSystemMetrics at EIP=0x0F000440 ESP=0x001FEDE4 stack=4F 23 41 00 00 00 00 00 E0 01 00 00 00 06 00 0F
info: Win32Emu.Emulator[0]
      [User32] GetSystemMetrics: nIndex=SM_CXSCREEN
info: Win32Emu.Emulator[0]
      [User32] GetSystemMetrics: Returning SM_CXSCREEN (0): 640
info: Win32Emu.Emulator[0]
      [Dispatcher] USER32.DLL!GetSystemMetrics returned 0x00000280, argBytes=4
info: Win32Emu.Emulator[0]
      Dispatching USER32.DLL!SetRect at EIP=0x0F000400 ESP=0x001FEDD8 stack=5F 23 41 00 50 53 4C 00 00 00 00 00 00 00 00 00
info: Win32Emu.Emulator[0]
      [User32] SetRect: lpRect=0x004C5350 (0,0,640,480)
info: Win32Emu.Emulator[0]
      [Dispatcher] USER32.DLL!SetRect returned 0x00000001, argBytes=20
info: Win32Emu.Emulator[0]
      Dispatching USER32.DLL!DefWindowProcA at EIP=0x0F0005E0 ESP=0x001FEDDC stack=45 24 41 00 00 00 01 00 05 00 00 00 00 00 00 00
info: Win32Emu.Emulator[0]
      [User32] DefWindowProcA: HWND=0x00010000 MSG=0x0005 wParam=0x00000000 lParam=0x01E00280
info: Win32Emu.Emulator[0]
      [Dispatcher] USER32.DLL!DefWindowProcA returned 0x00000000, argBytes=16
info: Win32Emu.Emulator[0]
      [User32] CallWindowProcedureAsync: Completed with return value 0x00000000, timedOut=False, cancelled=False, failed=False
info: Win32Emu.Emulator[0]
      [User32] DispatchMessageA: WndProc returned 0x00000000
info: Win32Emu.Emulator[0]
      [Dispatcher] USER32.DLL!DispatchMessageA returned 0x00000000, argBytes=4
info: Win32Emu.Emulator[0]
      [Syscall] AFTER API: Return address at 0x001FEF10 = 0x00412208
info: Win32Emu.Emulator[0]
      [Syscall] USER32.DLL!GetMessageA from stub at 0x0F000600
info: Win32Emu.Emulator[0]
      [Syscall] BEFORE API: Return address at 0x001FEF04 = 0x004121F6
info: Win32Emu.Emulator[0]
      Dispatching USER32.DLL!GetMessageA at EIP=0x0E000002 ESP=0x001FEF04 stack=F6 21 41 00 28 EF 1F 00 00 00 00 00 00 00 00 00
info: Win32Emu.Emulator[0]
      [User32] GetMessageA: retrieved MSG=0x0003 HWND=0x00010000
info: Win32Emu.Emulator[0]
      [Dispatcher] USER32.DLL!GetMessageA returned 0x00000001, argBytes=16
info: Win32Emu.Emulator[0]
      [Syscall] AFTER API: Return address at 0x001FEF04 = 0x004121F6
info: Win32Emu.Emulator[0]
      [Syscall] USER32.DLL!TranslateMessage from stub at 0x0F000470
info: Win32Emu.Emulator[0]
      [Syscall] BEFORE API: Return address at 0x001FEF10 = 0x00412201
info: Win32Emu.Emulator[0]
      Dispatching USER32.DLL!TranslateMessage at EIP=0x0E000002 ESP=0x001FEF10 stack=01 22 41 00 28 EF 1F 00 FC EF 1F 00 00 00 00 00
info: Win32Emu.Emulator[0]
      [User32] TranslateMessage: HWND=0x00010000 MSG=0x0003 wParam=0x00000000 lParam=0x00000000
info: Win32Emu.Emulator[0]
      [Dispatcher] USER32.DLL!TranslateMessage returned 0x00000000, argBytes=4
info: Win32Emu.Emulator[0]
      [Syscall] AFTER API: Return address at 0x001FEF10 = 0x00412201
info: Win32Emu.Emulator[0]
      [Syscall] USER32.DLL!DispatchMessageA from stub at 0x0F000480
info: Win32Emu.Emulator[0]
      [Syscall] BEFORE API: Return address at 0x001FEF10 = 0x00412208
info: Win32Emu.Emulator[0]
      Dispatching USER32.DLL!DispatchMessageA at EIP=0x0E000002 ESP=0x001FEF10 stack=08 22 41 00 28 EF 1F 00 FC EF 1F 00 00 00 00 00
info: Win32Emu.Emulator[0]
      [User32] DispatchMessageA: HWND=0x00010000 MSG=0x0003 wParam=0x00000000 lParam=0x00000000
info: Win32Emu.Emulator[0]
      [User32] DispatchMessageA: Found WndProc=0x004122D0 for HWND=0x00010000
info: Win32Emu.Emulator[0]
      [User32] CallWindowProcedureAsync: Calling 0x004122D0 with HWND=0x00010000 MSG=0x0003
info: Win32Emu.Emulator[0]
      Dispatching USER32.DLL!GetSystemMetrics at EIP=0x0F000440 ESP=0x001FEDE8 stack=4A 23 41 00 01 00 00 00 00 06 00 0F F0 05 00 0F
info: Win32Emu.Emulator[0]
      [User32] GetSystemMetrics: nIndex=SM_CYSCREEN
info: Win32Emu.Emulator[0]
      [User32] GetSystemMetrics: Returning SM_CYSCREEN (1): 480
info: Win32Emu.Emulator[0]
      [Dispatcher] USER32.DLL!GetSystemMetrics returned 0x000001E0, argBytes=4
info: Win32Emu.Emulator[0]
      Dispatching USER32.DLL!GetSystemMetrics at EIP=0x0F000440 ESP=0x001FEDE4 stack=4F 23 41 00 00 00 00 00 E0 01 00 00 00 06 00 0F
info: Win32Emu.Emulator[0]
      [User32] GetSystemMetrics: nIndex=SM_CXSCREEN
info: Win32Emu.Emulator[0]
      [User32] GetSystemMetrics: Returning SM_CXSCREEN (0): 640
info: Win32Emu.Emulator[0]
      [Dispatcher] USER32.DLL!GetSystemMetrics returned 0x00000280, argBytes=4
info: Win32Emu.Emulator[0]
      Dispatching USER32.DLL!SetRect at EIP=0x0F000400 ESP=0x001FEDD8 stack=5F 23 41 00 50 53 4C 00 00 00 00 00 00 00 00 00
info: Win32Emu.Emulator[0]
      [User32] SetRect: lpRect=0x004C5350 (0,0,640,480)
info: Win32Emu.Emulator[0]
      [Dispatcher] USER32.DLL!SetRect returned 0x00000001, argBytes=20
info: Win32Emu.Emulator[0]
      Dispatching USER32.DLL!DefWindowProcA at EIP=0x0F0005E0 ESP=0x001FEDDC stack=45 24 41 00 00 00 01 00 03 00 00 00 00 00 00 00
info: Win32Emu.Emulator[0]
      [User32] DefWindowProcA: HWND=0x00010000 MSG=0x0003 wParam=0x00000000 lParam=0x00000000
info: Win32Emu.Emulator[0]
      [Dispatcher] USER32.DLL!DefWindowProcA returned 0x00000000, argBytes=16
info: Win32Emu.Emulator[0]
      [User32] CallWindowProcedureAsync: Completed with return value 0x00000000, timedOut=False, cancelled=False, failed=False
info: Win32Emu.Emulator[0]
      [User32] DispatchMessageA: WndProc returned 0x00000000
info: Win32Emu.Emulator[0]
      [Dispatcher] USER32.DLL!DispatchMessageA returned 0x00000000, argBytes=4
info: Win32Emu.Emulator[0]
      [Syscall] AFTER API: Return address at 0x001FEF10 = 0x00412208
info: Win32Emu.Emulator[0]
      [Syscall] USER32.DLL!GetMessageA from stub at 0x0F000600
info: Win32Emu.Emulator[0]
      [Syscall] BEFORE API: Return address at 0x001FEF04 = 0x004121F6
info: Win32Emu.Emulator[0]
      Dispatching USER32.DLL!GetMessageA at EIP=0x0E000002 ESP=0x001FEF04 stack=F6 21 41 00 28 EF 1F 00 00 00 00 00 00 00 00 00
info: Win32Emu.Emulator[0]
      [User32] GetMessageA: retrieved MSG=0x001C HWND=0x00010000
info: Win32Emu.Emulator[0]
      [Dispatcher] USER32.DLL!GetMessageA returned 0x00000001, argBytes=16
info: Win32Emu.Emulator[0]
      [Syscall] AFTER API: Return address at 0x001FEF04 = 0x004121F6
info: Win32Emu.Emulator[0]
      [Syscall] USER32.DLL!TranslateMessage from stub at 0x0F000470
info: Win32Emu.Emulator[0]
      [Syscall] BEFORE API: Return address at 0x001FEF10 = 0x00412201
info: Win32Emu.Emulator[0]
      Dispatching USER32.DLL!TranslateMessage at EIP=0x0E000002 ESP=0x001FEF10 stack=01 22 41 00 28 EF 1F 00 FC EF 1F 00 00 00 00 00
info: Win32Emu.Emulator[0]
      [User32] TranslateMessage: HWND=0x00010000 MSG=0x001C wParam=0x00000001 lParam=0x00000000
info: Win32Emu.Emulator[0]
      [Dispatcher] USER32.DLL!TranslateMessage returned 0x00000000, argBytes=4
info: Win32Emu.Emulator[0]
      [Syscall] AFTER API: Return address at 0x001FEF10 = 0x00412201
info: Win32Emu.Emulator[0]
      [Syscall] USER32.DLL!DispatchMessageA from stub at 0x0F000480
info: Win32Emu.Emulator[0]
      [Syscall] BEFORE API: Return address at 0x001FEF10 = 0x00412208
info: Win32Emu.Emulator[0]
      Dispatching USER32.DLL!DispatchMessageA at EIP=0x0E000002 ESP=0x001FEF10 stack=08 22 41 00 28 EF 1F 00 FC EF 1F 00 00 00 00 00
info: Win32Emu.Emulator[0]
      [User32] DispatchMessageA: HWND=0x00010000 MSG=0x001C wParam=0x00000001 lParam=0x00000000
info: Win32Emu.Emulator[0]
      [User32] DispatchMessageA: Found WndProc=0x004122D0 for HWND=0x00010000
info: Win32Emu.Emulator[0]
      [User32] CallWindowProcedureAsync: Calling 0x004122D0 with HWND=0x00010000 MSG=0x001C
info: Win32Emu.Emulator[0]
      Dispatching USER32.DLL!DefWindowProcA at EIP=0x0F0005E0 ESP=0x001FEDDC stack=45 24 41 00 00 00 01 00 1C 00 00 00 01 00 00 00
info: Win32Emu.Emulator[0]
      [User32] DefWindowProcA: HWND=0x00010000 MSG=0x001C wParam=0x00000001 lParam=0x00000000
info: Win32Emu.Emulator[0]
      [Dispatcher] USER32.DLL!DefWindowProcA returned 0x00000000, argBytes=16
info: Win32Emu.Emulator[0]
      [User32] CallWindowProcedureAsync: Completed with return value 0x00000000, timedOut=False, cancelled=False, failed=False
info: Win32Emu.Emulator[0]
      [User32] DispatchMessageA: WndProc returned 0x00000000
info: Win32Emu.Emulator[0]
      [Dispatcher] USER32.DLL!DispatchMessageA returned 0x00000000, argBytes=4
info: Win32Emu.Emulator[0]
      [Syscall] AFTER API: Return address at 0x001FEF10 = 0x00412208
info: Win32Emu.Emulator[0]
      [Syscall] USER32.DLL!PeekMessageA from stub at 0x0F0005F0
info: Win32Emu.Emulator[0]
      [Syscall] BEFORE API: Return address at 0x001FEF00 = 0x004121BA
info: Win32Emu.Emulator[0]
      Dispatching USER32.DLL!PeekMessageA at EIP=0x0E000002 ESP=0x001FEF00 stack=BA 21 41 00 28 EF 1F 00 00 00 00 00 00 00 00 00
info: Win32Emu.Emulator[0]
      [User32] PeekMessageA: lpMsg=0x001FEF28 HWND=0x00000000
info: Win32Emu.Emulator[0]
      [Dispatcher] USER32.DLL!PeekMessageA returned 0x00000000, argBytes=20
info: Win32Emu.Emulator[0]
      [Syscall] AFTER API: Return address at 0x001FEF00 = 0x004121BA
info: Win32Emu.Emulator[0]
      [Syscall] KERNEL32.DLL!QueryPerformanceCounter from stub at 0x0F000300
info: Win32Emu.Emulator[0]
      [Syscall] BEFORE API: Return address at 0x001FEF00 = 0x00412477
info: Win32Emu.Emulator[0]
      Dispatching KERNEL32.DLL!QueryPerformanceCounter at EIP=0x0E000002 ESP=0x001FEF00 stack=77 24 41 00 78 53 4C 00 F0 05 00 0F 80 04 00 0F
info: Win32Emu.Emulator[0]
      [Dispatcher] KERNEL32.DLL!QueryPerformanceCounter returned 0x00000001, argBytes=4
info: Win32Emu.Emulator[0]
      [Syscall] AFTER API: Return address at 0x001FEF00 = 0x00412477
info: Win32Emu.Emulator[0]
      [COM] Invoking vtable method: IDirectDrawSurface::Release at address 0x0D002020
info: Win32Emu.Emulator[0]
      [DDraw COM] IUnknown::Release(this=0x01463070)
info: Win32Emu.Emulator[0]
      [COM] IDirectDrawSurface::Release returned 0x00000000 (argBytes=4)
info: Win32Emu.Emulator[0]
      [COM vtable] Return address from stack: ESP=0x001FEE4C, retEIP=0x0045BD92
info: Win32Emu.Emulator[0]
      [COM vtable] Stack state before cleanup:
        [ESP+00] = 0x001FEE4C: 0x0045BD92 (return addr)
        [ESP+04] = 0x001FEE50: 0x01463070 (arg1)
        [ESP+08] = 0x001FEE54: 0x0F000470
        [ESP+12] = 0x001FEE58: 0x0F000600
        [ESP+16] = 0x001FEE5C: 0x00000001
        [ESP+20] = 0x001FEE60: 0x00000100
      
info: Win32Emu.Emulator[0]
      [COM vtable] Stack cleanup: ESP=0x001FEE4C, retEIP=0x0045BD92, argBytes=4, new ESP=0x001FEE54
info: Win32Emu.Emulator[0]
      [COM] After vtable call: ESP changed from 0x001FEE4C to 0x001FEE54 (delta=8), Call site EIP=0x0D002020, Return EIP=0x0045BD92
info: Win32Emu.Emulator[0]
      [COM] Invoking vtable method: IDirectDrawPalette::Release at address 0x0D004020
info: Win32Emu.Emulator[0]
      [DDraw COM] IUnknown::Release(this=0x014631B0)
info: Win32Emu.Emulator[0]
      [COM] IDirectDrawPalette::Release returned 0x00000000 (argBytes=4)
info: Win32Emu.Emulator[0]
      [COM vtable] Return address from stack: ESP=0x001FEE4C, retEIP=0x0045BDE2
info: Win32Emu.Emulator[0]
      [COM vtable] Stack state before cleanup:
        [ESP+00] = 0x001FEE4C: 0x0045BDE2 (return addr)
        [ESP+04] = 0x001FEE50: 0x014631B0 (arg1)
        [ESP+08] = 0x001FEE54: 0x0F000470
        [ESP+12] = 0x001FEE58: 0x0F000600
        [ESP+16] = 0x001FEE5C: 0x00000001
        [ESP+20] = 0x001FEE60: 0x00000100
      
info: Win32Emu.Emulator[0]
      [COM vtable] Stack cleanup: ESP=0x001FEE4C, retEIP=0x0045BDE2, argBytes=4, new ESP=0x001FEE54
info: Win32Emu.Emulator[0]
      [COM] After vtable call: ESP changed from 0x001FEE4C to 0x001FEE54 (delta=8), Call site EIP=0x0D004020, Return EIP=0x0045BDE2
info: Win32Emu.Emulator[0]
      [COM] Invoking vtable method: IDirectDraw::SetDisplayMode at address 0x0D001150
info: Win32Emu.Emulator[0]
      [DDraw COM] IDirectDraw::SetDisplayMode(this=0x01463000, width=640, height=480, bpp=8)
info: Win32Emu.Emulator[0]
      [DDraw] Updated ProcessEnvironment display mode to 640x480x8
info: Win32Emu.Emulator[0]
      [DDraw] Display mode changed to 640x480x8
info: Win32Emu.Emulator[0]
      [DDraw] Subscribed to UI events from rendering backend
info: Win32Emu.Emulator[0]
      [DDraw COM] SetDisplayMode succeeded, returning DD_OK (0)
info: Win32Emu.Emulator[0]
      [COM] IDirectDraw::SetDisplayMode returned 0x00000000 (argBytes=16)
info: Win32Emu.Emulator[0]
      [COM vtable] Return address from stack: ESP=0x001FEE40, retEIP=0x0045BE19
info: Win32Emu.Emulator[0]
      [COM vtable] Stack state before cleanup:
        [ESP+00] = 0x001FEE40: 0x0045BE19 (return addr)
        [ESP+04] = 0x001FEE44: 0x01463000 (arg1)
        [ESP+08] = 0x001FEE48: 0x00000280 (arg2)
        [ESP+12] = 0x001FEE4C: 0x000001E0 (arg3)
        [ESP+16] = 0x001FEE50: 0x00000008 (arg4)
        [ESP+20] = 0x001FEE54: 0x0F000470
      
info: Win32Emu.Emulator[0]
      [COM vtable] Stack cleanup: ESP=0x001FEE40, retEIP=0x0045BE19, argBytes=16, new ESP=0x001FEE54
info: Win32Emu.Emulator[0]
      [COM] After vtable call: ESP changed from 0x001FEE40 to 0x001FEE54 (delta=20), Call site EIP=0x0D001150, Return EIP=0x0045BE19
info: Win32Emu.Emulator[0]
      [COM] Invoking vtable method: IDirectDraw::CreateSurface at address 0x0D001060
info: Win32Emu.Emulator[0]
      [DDraw COM] IDirectDraw::CreateSurface(this=0x01463000, lpDDSurfaceDesc=0x001FEE6C, lplpDDSurface=0x0050E7A4, pUnkOuter=0x00000000)
info: Win32Emu.Emulator[0]
      [DDraw] Surface creation: dwSize=108, flags=0x00000021, caps=0x00000218, width=0, height=0, backbufferCount=1
info: Win32Emu.Emulator[0]
      [COM] Created IDirectDrawSurface object at 0x01463270 (vtable at 0x01463280)
info: Win32Emu.Emulator[0]
      [DDraw] Creating 1 backbuffer(s) for primary surface
info: Win32Emu.Emulator[0]
      [COM] Created IDirectDrawSurface object at 0x01463310 (vtable at 0x01463320)
info: Win32Emu.Emulator[0]
      [DDraw] Created backbuffer 1 at surface handle 0x71000003, COM object at 0x01463310
info: Win32Emu.Emulator[0]
      [DDraw] Attached backbuffer 0x71000003 to primary surface 0x71000002 (COM=0x01463270), AttachedSurfaces.Count=1
info: Win32Emu.Emulator[0]
      [DDraw] Created IDirectDrawSurface COM object at 0x01463270 for surface 0x71000002
info: Win32Emu.Emulator[0]
      [COM] IDirectDraw::CreateSurface returned 0x00000000 (argBytes=16)
info: Win32Emu.Emulator[0]
      [COM vtable] Return address from stack: ESP=0x001FEE40, retEIP=0x0045BE7C
info: Win32Emu.Emulator[0]
      [COM vtable] Stack state before cleanup:
        [ESP+00] = 0x001FEE40: 0x0045BE7C (return addr)
        [ESP+04] = 0x001FEE44: 0x01463000 (arg1)
        [ESP+08] = 0x001FEE48: 0x001FEE6C (arg2)
        [ESP+12] = 0x001FEE4C: 0x0050E7A4 (arg3)
        [ESP+16] = 0x001FEE50: 0x00000000 (arg4)
        [ESP+20] = 0x001FEE54: 0x0F000470
      
info: Win32Emu.Emulator[0]
      [COM vtable] Stack cleanup: ESP=0x001FEE40, retEIP=0x0045BE7C, argBytes=16, new ESP=0x001FEE54
info: Win32Emu.Emulator[0]
      [COM] After vtable call: ESP changed from 0x001FEE40 to 0x001FEE54 (delta=20), Call site EIP=0x0D001060, Return EIP=0x0045BE7C
info: Win32Emu.Emulator[0]
      [COM] Invoking vtable method: IDirectDrawSurface::GetAttachedSurface at address 0x0D0070C0
info: Win32Emu.Emulator[0]
      [DDraw COM] IDirectDrawSurface::GetAttachedSurface(this=0x01463270, lpDDSCaps=0x001FEE68, lplp=0x001FEE64)
info: Win32Emu.Emulator[0]
      [DDraw] Found surface: Handle=0x71000002, ComAddr=0x01463270, IsPrimary=True, AttachedSurfaces.Count=1
info: Win32Emu.Emulator[0]
      [DDraw] Attached surfaces: 0x71000003
info: Win32Emu.Emulator[0]
      [DDraw] Requested surface caps: 0x00000004
info: Win32Emu.Emulator[0]
      [DDraw] Returning attached surface COM object at 0x01463310
info: Win32Emu.Emulator[0]
      [COM] IDirectDrawSurface::GetAttachedSurface returned 0x00000000 (argBytes=12)
info: Win32Emu.Emulator[0]
      [COM vtable] Return address from stack: ESP=0x001FEE44, retEIP=0x0045BF2E
info: Win32Emu.Emulator[0]
      [COM vtable] Stack state before cleanup:
        [ESP+00] = 0x001FEE44: 0x0045BF2E (return addr)
        [ESP+04] = 0x001FEE48: 0x01463270 (arg1)
        [ESP+08] = 0x001FEE4C: 0x001FEE68 (arg2)
        [ESP+12] = 0x001FEE50: 0x001FEE64 (arg3)
        [ESP+16] = 0x001FEE54: 0x0F000470
        [ESP+20] = 0x001FEE58: 0x0F000600
      
info: Win32Emu.Emulator[0]
      [COM vtable] Stack cleanup: ESP=0x001FEE44, retEIP=0x0045BF2E, argBytes=12, new ESP=0x001FEE54
info: Win32Emu.Emulator[0]
      [COM] After vtable call: ESP changed from 0x001FEE44 to 0x001FEE54 (delta=16), Call site EIP=0x0D0070C0, Return EIP=0x0045BF2E
info: Win32Emu.Emulator[0]
      [COM] Invoking vtable method: IDirectDraw::CreatePalette at address 0x0D001050
info: Win32Emu.Emulator[0]
      [DDraw COM] IDirectDraw::CreatePalette(this=0x01463000, dwFlags=0x00000044, lpColorTable=0x00512850, lplpDDPalette=0x00512448, pUnkOuter=0x00000000)
info: Win32Emu.Emulator[0]
      [COM] Created IDirectDrawPalette object at 0x014633B0 (vtable at 0x014633C0)
info: Win32Emu.Emulator[0]
      [DDraw] Created IDirectDrawPalette COM object at 0x014633B0 for palette 0x72000001
info: Win32Emu.Emulator[0]
      [COM] IDirectDraw::CreatePalette returned 0x00000000 (argBytes=20)
info: Win32Emu.Emulator[0]
      [COM vtable] Return address from stack: ESP=0x001FEE3C, retEIP=0x0045BFEC
info: Win32Emu.Emulator[0]
      [COM vtable] Stack state before cleanup:
        [ESP+00] = 0x001FEE3C: 0x0045BFEC (return addr)
        [ESP+04] = 0x001FEE40: 0x01463000 (arg1)
        [ESP+08] = 0x001FEE44: 0x00000044 (arg2)
        [ESP+12] = 0x001FEE48: 0x00512850 (arg3)
        [ESP+16] = 0x001FEE4C: 0x00512448 (arg4)
        [ESP+20] = 0x001FEE50: 0x00000000 (arg5)
      
info: Win32Emu.Emulator[0]
      [COM vtable] Stack cleanup: ESP=0x001FEE3C, retEIP=0x0045BFEC, argBytes=20, new ESP=0x001FEE54
info: Win32Emu.Emulator[0]
      [COM] After vtable call: ESP changed from 0x001FEE3C to 0x001FEE54 (delta=24), Call site EIP=0x0D001050, Return EIP=0x0045BFEC
info: Win32Emu.Emulator[0]
      [COM] Invoking vtable method: IDirectDrawSurface::SetPalette at address 0x0D0071F0
info: Win32Emu.Emulator[0]
      [DDraw COM] IDirectDrawSurface::SetPalette(this=0x01463270, lpDDPalette=0x014633B0)
info: Win32Emu.Emulator[0]
      [DDraw] Surface 0x71000002 palette set to 0x72000001
info: Win32Emu.Emulator[0]
      [COM] IDirectDrawSurface::SetPalette returned 0x00000000 (argBytes=8)
info: Win32Emu.Emulator[0]
      [COM vtable] Return address from stack: ESP=0x001FEE48, retEIP=0x0045C02B
info: Win32Emu.Emulator[0]
      [COM vtable] Stack state before cleanup:
        [ESP+00] = 0x001FEE48: 0x0045C02B (return addr)
        [ESP+04] = 0x001FEE4C: 0x01463270 (arg1)
        [ESP+08] = 0x001FEE50: 0x014633B0 (arg2)
        [ESP+12] = 0x001FEE54: 0x0F000470
        [ESP+16] = 0x001FEE58: 0x0F000600
        [ESP+20] = 0x001FEE5C: 0x00000001
      
info: Win32Emu.Emulator[0]
      [COM vtable] Stack cleanup: ESP=0x001FEE48, retEIP=0x0045C02B, argBytes=8, new ESP=0x001FEE54
info: Win32Emu.Emulator[0]
      [COM] After vtable call: ESP changed from 0x001FEE48 to 0x001FEE54 (delta=12), Call site EIP=0x0D0071F0, Return EIP=0x0045C02B
info: Win32Emu.Emulator[0]
      [COM] Invoking vtable method: IDirectDrawSurface::IsLost at address 0x0D007180
info: Win32Emu.Emulator[0]
      [DDraw COM] IDirectDrawSurface::IsLost(this=0x01463270)
info: Win32Emu.Emulator[0]
      [COM] IDirectDrawSurface::IsLost returned 0x00000000 (argBytes=4)
info: Win32Emu.Emulator[0]
      [COM vtable] Return address from stack: ESP=0x001FEE3C, retEIP=0x0045C74D
info: Win32Emu.Emulator[0]
      [COM vtable] Stack state before cleanup:
        [ESP+00] = 0x001FEE3C: 0x0045C74D (return addr)
        [ESP+04] = 0x001FEE40: 0x01463270 (arg1)
        [ESP+08] = 0x001FEE44: 0x0050E6E4
        [ESP+12] = 0x001FEE48: 0x00000001
        [ESP+16] = 0x001FEE4C: 0x01463010
        [ESP+20] = 0x001FEE50: 0x0045C03E
      
info: Win32Emu.Emulator[0]
      [COM vtable] Stack cleanup: ESP=0x001FEE3C, retEIP=0x0045C74D, argBytes=4, new ESP=0x001FEE44
info: Win32Emu.Emulator[0]
      [COM] After vtable call: ESP changed from 0x001FEE3C to 0x001FEE44 (delta=8), Call site EIP=0x0D007180, Return EIP=0x0045C74D
info: Win32Emu.Emulator[0]
      [COM] Invoking vtable method: IDirectDrawSurface::IsLost at address 0x0D008180
info: Win32Emu.Emulator[0]
      [DDraw COM] IDirectDrawSurface::IsLost(this=0x01463310)
info: Win32Emu.Emulator[0]
      [COM] IDirectDrawSurface::IsLost returned 0x00000000 (argBytes=4)
info: Win32Emu.Emulator[0]
      [COM vtable] Return address from stack: ESP=0x001FEE3C, retEIP=0x0045C77E
info: Win32Emu.Emulator[0]
      [COM vtable] Stack state before cleanup:
        [ESP+00] = 0x001FEE3C: 0x0045C77E (return addr)
        [ESP+04] = 0x001FEE40: 0x01463310 (arg1)
        [ESP+08] = 0x001FEE44: 0x0050E6E4
        [ESP+12] = 0x001FEE48: 0x00000001
        [ESP+16] = 0x001FEE4C: 0x01463010
        [ESP+20] = 0x001FEE50: 0x0045C03E
      
info: Win32Emu.Emulator[0]
      [COM vtable] Stack cleanup: ESP=0x001FEE3C, retEIP=0x0045C77E, argBytes=4, new ESP=0x001FEE44
info: Win32Emu.Emulator[0]
      [COM] After vtable call: ESP changed from 0x001FEE3C to 0x001FEE44 (delta=8), Call site EIP=0x0D008180, Return EIP=0x0045C77E
info: Win32Emu.Emulator[0]
      [Syscall] USER32.DLL!ShowWindow from stub at 0x0F0004F0
info: Win32Emu.Emulator[0]
      [Syscall] BEFORE API: Return address at 0x001FEE48 = 0x0045C04C
info: Win32Emu.Emulator[0]
      Dispatching USER32.DLL!ShowWindow at EIP=0x0E000002 ESP=0x001FEE48 stack=4C C0 45 00 00 00 01 00 05 00 00 00 70 04 00 0F
info: Win32Emu.Emulator[0]
      [User32] ShowWindow: HWND=0x00010000 nCmdShow=5
info: Win32Emu.Emulator[0]
      [User32] ShowWindow: Window 0x00010000 is now visible
info: Win32Emu.Emulator[0]
      [ProcessEnv] PostMessage: queued MSG=0x001C HWND=0x00010000
info: Win32Emu.Emulator[0]
      [Dispatcher] USER32.DLL!ShowWindow returned 0x00000000, argBytes=8
info: Win32Emu.Emulator[0]
      [Syscall] AFTER API: Return address at 0x001FEE48 = 0x0045C04C
info: Win32Emu.Emulator[0]
      [COM] Invoking vtable method: IDirectDrawSurface::Release at address 0x0D007020
info: Win32Emu.Emulator[0]
      [DDraw COM] IUnknown::Release(this=0x01463270)
info: Win32Emu.Emulator[0]
      [COM] IDirectDrawSurface::Release returned 0x00000000 (argBytes=4)
info: Win32Emu.Emulator[0]
      [COM vtable] Return address from stack: ESP=0x001FEE4C, retEIP=0x0045BD92
info: Win32Emu.Emulator[0]
      [COM vtable] Stack state before cleanup:
        [ESP+00] = 0x001FEE4C: 0x0045BD92 (return addr)
        [ESP+04] = 0x001FEE50: 0x01463270 (arg1)
        [ESP+08] = 0x001FEE54: 0x0F000470
        [ESP+12] = 0x001FEE58: 0x0F000600
        [ESP+16] = 0x001FEE5C: 0x00000001
        [ESP+20] = 0x001FEE60: 0x00000100
      
info: Win32Emu.Emulator[0]
      [COM vtable] Stack cleanup: ESP=0x001FEE4C, retEIP=0x0045BD92, argBytes=4, new ESP=0x001FEE54
info: Win32Emu.Emulator[0]
      [COM] After vtable call: ESP changed from 0x001FEE4C to 0x001FEE54 (delta=8), Call site EIP=0x0D007020, Return EIP=0x0045BD92
info: Win32Emu.Emulator[0]
      [COM] Invoking vtable method: IDirectDrawPalette::Release at address 0x0D009020
info: Win32Emu.Emulator[0]
      [DDraw COM] IUnknown::Release(this=0x014633B0)
info: Win32Emu.Emulator[0]
      [COM] IDirectDrawPalette::Release returned 0x00000000 (argBytes=4)
info: Win32Emu.Emulator[0]
      [COM vtable] Return address from stack: ESP=0x001FEE4C, retEIP=0x0045BDE2
info: Win32Emu.Emulator[0]
      [COM vtable] Stack state before cleanup:
        [ESP+00] = 0x001FEE4C: 0x0045BDE2 (return addr)
        [ESP+04] = 0x001FEE50: 0x014633B0 (arg1)
        [ESP+08] = 0x001FEE54: 0x0F000470
        [ESP+12] = 0x001FEE58: 0x0F000600
        [ESP+16] = 0x001FEE5C: 0x00000001
        [ESP+20] = 0x001FEE60: 0x00000100
      
info: Win32Emu.Emulator[0]
      [COM vtable] Stack cleanup: ESP=0x001FEE4C, retEIP=0x0045BDE2, argBytes=4, new ESP=0x001FEE54
info: Win32Emu.Emulator[0]
      [COM] After vtable call: ESP changed from 0x001FEE4C to 0x001FEE54 (delta=8), Call site EIP=0x0D009020, Return EIP=0x0045BDE2
info: Win32Emu.Emulator[0]
      [COM] Invoking vtable method: IDirectDraw::SetDisplayMode at address 0x0D001150
info: Win32Emu.Emulator[0]
      [DDraw COM] IDirectDraw::SetDisplayMode(this=0x01463000, width=320, height=200, bpp=8)
info: Win32Emu.Emulator[0]
      [DDraw] Updated ProcessEnvironment display mode to 320x200x8
info: Win32Emu.Emulator[0]
      [DDraw] Display mode changed to 320x200x8
info: Win32Emu.Emulator[0]
      [DDraw] Subscribed to UI events from rendering backend
info: Win32Emu.Emulator[0]
      [DDraw COM] SetDisplayMode succeeded, returning DD_OK (0)
info: Win32Emu.Emulator[0]
      [COM] IDirectDraw::SetDisplayMode returned 0x00000000 (argBytes=16)
info: Win32Emu.Emulator[0]
      [COM vtable] Return address from stack: ESP=0x001FEE40, retEIP=0x0045BE19
info: Win32Emu.Emulator[0]
      [COM vtable] Stack state before cleanup:
        [ESP+00] = 0x001FEE40: 0x0045BE19 (return addr)
        [ESP+04] = 0x001FEE44: 0x01463000 (arg1)
        [ESP+08] = 0x001FEE48: 0x00000140 (arg2)
        [ESP+12] = 0x001FEE4C: 0x000000C8 (arg3)
        [ESP+16] = 0x001FEE50: 0x00000008 (arg4)
        [ESP+20] = 0x001FEE54: 0x0F000470
      
info: Win32Emu.Emulator[0]
      [COM vtable] Stack cleanup: ESP=0x001FEE40, retEIP=0x0045BE19, argBytes=16, new ESP=0x001FEE54
info: Win32Emu.Emulator[0]
      [COM] After vtable call: ESP changed from 0x001FEE40 to 0x001FEE54 (delta=20), Call site EIP=0x0D001150, Return EIP=0x0045BE19
info: Win32Emu.Emulator[0]
      [COM] Invoking vtable method: IDirectDraw::CreateSurface at address 0x0D001060
info: Win32Emu.Emulator[0]
      [DDraw COM] IDirectDraw::CreateSurface(this=0x01463000, lpDDSurfaceDesc=0x001FEE6C, lplpDDSurface=0x0050E7A4, pUnkOuter=0x00000000)
info: Win32Emu.Emulator[0]
      [DDraw] Surface creation: dwSize=108, flags=0x00000021, caps=0x00000218, width=0, height=0, backbufferCount=1
info: Win32Emu.Emulator[0]
      [COM] Created IDirectDrawSurface object at 0x014633E0 (vtable at 0x014633F0)
info: Win32Emu.Emulator[0]
      [DDraw] Creating 1 backbuffer(s) for primary surface
info: Win32Emu.Emulator[0]
      [COM] Created IDirectDrawSurface object at 0x01463480 (vtable at 0x01463490)
info: Win32Emu.Emulator[0]
      [DDraw] Created backbuffer 1 at surface handle 0x71000005, COM object at 0x01463480
info: Win32Emu.Emulator[0]
      [DDraw] Attached backbuffer 0x71000005 to primary surface 0x71000004 (COM=0x014633E0), AttachedSurfaces.Count=1
info: Win32Emu.Emulator[0]
      [DDraw] Created IDirectDrawSurface COM object at 0x014633E0 for surface 0x71000004
info: Win32Emu.Emulator[0]
      [COM] IDirectDraw::CreateSurface returned 0x00000000 (argBytes=16)
info: Win32Emu.Emulator[0]
      [COM vtable] Return address from stack: ESP=0x001FEE40, retEIP=0x0045BE7C
info: Win32Emu.Emulator[0]
      [COM vtable] Stack state before cleanup:
        [ESP+00] = 0x001FEE40: 0x0045BE7C (return addr)
        [ESP+04] = 0x001FEE44: 0x01463000 (arg1)
        [ESP+08] = 0x001FEE48: 0x001FEE6C (arg2)
        [ESP+12] = 0x001FEE4C: 0x0050E7A4 (arg3)
        [ESP+16] = 0x001FEE50: 0x00000000 (arg4)
        [ESP+20] = 0x001FEE54: 0x0F000470
      
info: Win32Emu.Emulator[0]
      [COM vtable] Stack cleanup: ESP=0x001FEE40, retEIP=0x0045BE7C, argBytes=16, new ESP=0x001FEE54
info: Win32Emu.Emulator[0]
      [COM] After vtable call: ESP changed from 0x001FEE40 to 0x001FEE54 (delta=20), Call site EIP=0x0D001060, Return EIP=0x0045BE7C
info: Win32Emu.Emulator[0]
      [COM] Invoking vtable method: IDirectDrawSurface::GetAttachedSurface at address 0x0D00A0C0
info: Win32Emu.Emulator[0]
      [DDraw COM] IDirectDrawSurface::GetAttachedSurface(this=0x014633E0, lpDDSCaps=0x001FEE68, lplp=0x001FEE64)
info: Win32Emu.Emulator[0]
      [DDraw] Found surface: Handle=0x71000004, ComAddr=0x014633E0, IsPrimary=True, AttachedSurfaces.Count=1
info: Win32Emu.Emulator[0]
      [DDraw] Attached surfaces: 0x71000005
info: Win32Emu.Emulator[0]
      [DDraw] Requested surface caps: 0x00000004
info: Win32Emu.Emulator[0]
      [DDraw] Returning attached surface COM object at 0x01463480
info: Win32Emu.Emulator[0]
      [COM] IDirectDrawSurface::GetAttachedSurface returned 0x00000000 (argBytes=12)
info: Win32Emu.Emulator[0]
      [COM vtable] Return address from stack: ESP=0x001FEE44, retEIP=0x0045BF2E
info: Win32Emu.Emulator[0]
      [COM vtable] Stack state before cleanup:
        [ESP+00] = 0x001FEE44: 0x0045BF2E (return addr)
        [ESP+04] = 0x001FEE48: 0x014633E0 (arg1)
        [ESP+08] = 0x001FEE4C: 0x001FEE68 (arg2)
        [ESP+12] = 0x001FEE50: 0x001FEE64 (arg3)
        [ESP+16] = 0x001FEE54: 0x0F000470
        [ESP+20] = 0x001FEE58: 0x0F000600
      
info: Win32Emu.Emulator[0]
      [COM vtable] Stack cleanup: ESP=0x001FEE44, retEIP=0x0045BF2E, argBytes=12, new ESP=0x001FEE54
info: Win32Emu.Emulator[0]
      [COM] After vtable call: ESP changed from 0x001FEE44 to 0x001FEE54 (delta=16), Call site EIP=0x0D00A0C0, Return EIP=0x0045BF2E
info: Win32Emu.Emulator[0]
      [COM] Invoking vtable method: IDirectDraw::CreatePalette at address 0x0D001050
info: Win32Emu.Emulator[0]
      [DDraw COM] IDirectDraw::CreatePalette(this=0x01463000, dwFlags=0x00000044, lpColorTable=0x00512850, lplpDDPalette=0x00512448, pUnkOuter=0x00000000)
info: Win32Emu.Emulator[0]
      [COM] Created IDirectDrawPalette object at 0x01463520 (vtable at 0x01463530)
info: Win32Emu.Emulator[0]
      [DDraw] Created IDirectDrawPalette COM object at 0x01463520 for palette 0x72000002
info: Win32Emu.Emulator[0]
      [COM] IDirectDraw::CreatePalette returned 0x00000000 (argBytes=20)
info: Win32Emu.Emulator[0]
      [COM vtable] Return address from stack: ESP=0x001FEE3C, retEIP=0x0045BFEC
info: Win32Emu.Emulator[0]
      [COM vtable] Stack state before cleanup:
        [ESP+00] = 0x001FEE3C: 0x0045BFEC (return addr)
        [ESP+04] = 0x001FEE40: 0x01463000 (arg1)
        [ESP+08] = 0x001FEE44: 0x00000044 (arg2)
        [ESP+12] = 0x001FEE48: 0x00512850 (arg3)
        [ESP+16] = 0x001FEE4C: 0x00512448 (arg4)
        [ESP+20] = 0x001FEE50: 0x00000000 (arg5)
      
info: Win32Emu.Emulator[0]
      [COM vtable] Stack cleanup: ESP=0x001FEE3C, retEIP=0x0045BFEC, argBytes=20, new ESP=0x001FEE54
info: Win32Emu.Emulator[0]
      [COM] After vtable call: ESP changed from 0x001FEE3C to 0x001FEE54 (delta=24), Call site EIP=0x0D001050, Return EIP=0x0045BFEC
info: Win32Emu.Emulator[0]
      [COM] Invoking vtable method: IDirectDrawSurface::SetPalette at address 0x0D00A1F0
info: Win32Emu.Emulator[0]
      [DDraw COM] IDirectDrawSurface::SetPalette(this=0x014633E0, lpDDPalette=0x01463520)
info: Win32Emu.Emulator[0]
      [DDraw] Surface 0x71000004 palette set to 0x72000002
info: Win32Emu.Emulator[0]
      [COM] IDirectDrawSurface::SetPalette returned 0x00000000 (argBytes=8)
info: Win32Emu.Emulator[0]
      [COM vtable] Return address from stack: ESP=0x001FEE48, retEIP=0x0045C02B
info: Win32Emu.Emulator[0]
      [COM vtable] Stack state before cleanup:
        [ESP+00] = 0x001FEE48: 0x0045C02B (return addr)
        [ESP+04] = 0x001FEE4C: 0x014633E0 (arg1)
        [ESP+08] = 0x001FEE50: 0x01463520 (arg2)
        [ESP+12] = 0x001FEE54: 0x0F000470
        [ESP+16] = 0x001FEE58: 0x0F000600
        [ESP+20] = 0x001FEE5C: 0x00000001
      
info: Win32Emu.Emulator[0]
      [COM vtable] Stack cleanup: ESP=0x001FEE48, retEIP=0x0045C02B, argBytes=8, new ESP=0x001FEE54
info: Win32Emu.Emulator[0]
      [COM] After vtable call: ESP changed from 0x001FEE48 to 0x001FEE54 (delta=12), Call site EIP=0x0D00A1F0, Return EIP=0x0045C02B
info: Win32Emu.Emulator[0]
      [COM] Invoking vtable method: IDirectDrawSurface::IsLost at address 0x0D00A180
info: Win32Emu.Emulator[0]
      [DDraw COM] IDirectDrawSurface::IsLost(this=0x014633E0)
info: Win32Emu.Emulator[0]
      [COM] IDirectDrawSurface::IsLost returned 0x00000000 (argBytes=4)
info: Win32Emu.Emulator[0]
      [COM vtable] Return address from stack: ESP=0x001FEE3C, retEIP=0x0045C74D
info: Win32Emu.Emulator[0]
      [COM vtable] Stack state before cleanup:
        [ESP+00] = 0x001FEE3C: 0x0045C74D (return addr)
        [ESP+04] = 0x001FEE40: 0x014633E0 (arg1)
        [ESP+08] = 0x001FEE44: 0x0050E6E4
        [ESP+12] = 0x001FEE48: 0x00000001
        [ESP+16] = 0x001FEE4C: 0x01463010
        [ESP+20] = 0x001FEE50: 0x0045C03E
      
info: Win32Emu.Emulator[0]
      [COM vtable] Stack cleanup: ESP=0x001FEE3C, retEIP=0x0045C74D, argBytes=4, new ESP=0x001FEE44
info: Win32Emu.Emulator[0]
      [COM] After vtable call: ESP changed from 0x001FEE3C to 0x001FEE44 (delta=8), Call site EIP=0x0D00A180, Return EIP=0x0045C74D
info: Win32Emu.Emulator[0]
      [COM] Invoking vtable method: IDirectDrawSurface::IsLost at address 0x0D00B180
info: Win32Emu.Emulator[0]
      [DDraw COM] IDirectDrawSurface::IsLost(this=0x01463480)
info: Win32Emu.Emulator[0]
      [COM] IDirectDrawSurface::IsLost returned 0x00000000 (argBytes=4)
info: Win32Emu.Emulator[0]
      [COM vtable] Return address from stack: ESP=0x001FEE3C, retEIP=0x0045C77E
info: Win32Emu.Emulator[0]
      [COM vtable] Stack state before cleanup:
        [ESP+00] = 0x001FEE3C: 0x0045C77E (return addr)
        [ESP+04] = 0x001FEE40: 0x01463480 (arg1)
        [ESP+08] = 0x001FEE44: 0x0050E6E4
        [ESP+12] = 0x001FEE48: 0x00000001
        [ESP+16] = 0x001FEE4C: 0x01463010
        [ESP+20] = 0x001FEE50: 0x0045C03E
      
info: Win32Emu.Emulator[0]
      [COM vtable] Stack cleanup: ESP=0x001FEE3C, retEIP=0x0045C77E, argBytes=4, new ESP=0x001FEE44
info: Win32Emu.Emulator[0]
      [COM] After vtable call: ESP changed from 0x001FEE3C to 0x001FEE44 (delta=8), Call site EIP=0x0D00B180, Return EIP=0x0045C77E
info: Win32Emu.Emulator[0]
      [Syscall] USER32.DLL!ShowWindow from stub at 0x0F0004F0
info: Win32Emu.Emulator[0]
      [Syscall] BEFORE API: Return address at 0x001FEE48 = 0x0045C04C
info: Win32Emu.Emulator[0]
      Dispatching USER32.DLL!ShowWindow at EIP=0x0E000002 ESP=0x001FEE48 stack=4C C0 45 00 00 00 01 00 05 00 00 00 70 04 00 0F
info: Win32Emu.Emulator[0]
      [User32] ShowWindow: HWND=0x00010000 nCmdShow=5
info: Win32Emu.Emulator[0]
      [User32] ShowWindow: Window 0x00010000 is now visible
info: Win32Emu.Emulator[0]
      [ProcessEnv] PostMessage: queued MSG=0x001C HWND=0x00010000
info: Win32Emu.Emulator[0]
      [Dispatcher] USER32.DLL!ShowWindow returned 0x00000000, argBytes=8
info: Win32Emu.Emulator[0]
      [Syscall] AFTER API: Return address at 0x001FEE48 = 0x0045C04C
info: Win32Emu.Emulator[0]
      [COM] Invoking vtable method: IDirectDrawPalette::SetEntries at address 0x0D00C060
info: Win32Emu.Emulator[0]
      [DDraw COM] IDirectDrawPalette::SetEntries(this=0x01463520, dwFlags=0x00000000, dwStartingEntry=0, dwCount=256, lpEntries=0x00512450)
info: Win32Emu.Emulator[0]
      [DDraw] Updated 256 palette entries starting at index 0
info: Win32Emu.Emulator[0]
      [COM] IDirectDrawPalette::SetEntries returned 0x00000000 (argBytes=20)
info: Win32Emu.Emulator[0]
      [COM vtable] Return address from stack: ESP=0x001FEEB4, retEIP=0x0045C71B
info: Win32Emu.Emulator[0]
      [COM vtable] Stack state before cleanup:
        [ESP+00] = 0x001FEEB4: 0x0045C71B (return addr)
        [ESP+04] = 0x001FEEB8: 0x01463520 (arg1)
        [ESP+08] = 0x001FEEBC: 0x00000000 (arg2)
        [ESP+12] = 0x001FEEC0: 0x00000000 (arg3)
        [ESP+16] = 0x001FEEC4: 0x00000100 (arg4)
        [ESP+20] = 0x001FEEC8: 0x00512450 (arg5)
      
info: Win32Emu.Emulator[0]
      [COM vtable] Stack cleanup: ESP=0x001FEEB4, retEIP=0x0045C71B, argBytes=20, new ESP=0x001FEECC
info: Win32Emu.Emulator[0]
      [COM] After vtable call: ESP changed from 0x001FEEB4 to 0x001FEECC (delta=24), Call site EIP=0x0D00C060, Return EIP=0x0045C71B
info: Win32Emu.Emulator[0]
      [Syscall] KERNEL32.DLL!CreateFileA from stub at 0x0F0003C0
info: Win32Emu.Emulator[0]
      [Syscall] BEFORE API: Return address at 0x001FED60 = 0x004710FF
info: Win32Emu.Emulator[0]
      Dispatching KERNEL32.DLL!CreateFileA at EIP=0x0E000002 ESP=0x001FED60 stack=FF 10 47 00 88 AB 4B 00 00 00 00 40 03 00 00 00
info: Win32Emu.Emulator[0]
      [Dispatcher] KERNEL32.DLL!CreateFileA returned 0x00001000, argBytes=28
info: Win32Emu.Emulator[0]
      [Syscall] AFTER API: Return address at 0x001FED60 = 0x004710FF
info: Win32Emu.Emulator[0]
      [Syscall] KERNEL32.DLL!GetFileType from stub at 0x0F000020
info: Win32Emu.Emulator[0]
      [Syscall] BEFORE API: Return address at 0x001FED78 = 0x00471129
info: Win32Emu.Emulator[0]
      Dispatching KERNEL32.DLL!GetFileType at EIP=0x0E000002 ESP=0x001FED78 stack=29 11 47 00 00 10 00 00 01 00 00 00 00 00 00 00
info: Win32Emu.Emulator[0]
      [Dispatcher] KERNEL32.DLL!GetFileType returned 0x00000001, argBytes=4
info: Win32Emu.Emulator[0]
      [Syscall] AFTER API: Return address at 0x001FED78 = 0x00471129
info: Win32Emu.Emulator[0]
      [Syscall] KERNEL32.DLL!HeapAlloc from stub at 0x0F000120
info: Win32Emu.Emulator[0]
      [Syscall] BEFORE API: Return address at 0x001FEAEC = 0x004694A4
info: Win32Emu.Emulator[0]
      Dispatching KERNEL32.DLL!HeapAlloc at EIP=0x0E000002 ESP=0x001FEAEC stack=A4 94 46 00 40 20 00 01 00 00 00 00 00 10 00 00
info: Win32Emu.Emulator[0]
      [ProcessEnv] VirtualAlloc(lp=0x00000000, size=0x00001000, alloc=0x00001000, prot=0x00000004)
info: Win32Emu.Emulator[0]
      [ProcessEnv] VirtualAlloc: allocated at 0x01464000, size=0x00001000, reserve=False, commit=True, topDown=False
info: Win32Emu.Emulator[0]
      [Dispatcher] KERNEL32.DLL!HeapAlloc returned 0x01464000, argBytes=12
info: Win32Emu.Emulator[0]
      [Syscall] AFTER API: Return address at 0x001FEAEC = 0x004694A4
info: Win32Emu.Emulator[0]
      [Syscall] KERNEL32.DLL!WriteFile from stub at 0x0F000380
info: Win32Emu.Emulator[0]
      [Syscall] BEFORE API: Return address at 0x001FE994 = 0x0046F59F
info: Win32Emu.Emulator[0]
      Dispatching KERNEL32.DLL!WriteFile at EIP=0x0E000002 ESP=0x001FE994 stack=9F F5 46 00 00 10 00 00 00 40 46 01 20 00 00 00
info: Win32Emu.Emulator[0]
      [Kernel32] WriteFile(handle=0x00001000, lpBuffer=0x01464000, nNumberOfBytesToWrite=32, lpNumberOfBytesWritten=0x001FE9C0, lpOverlapped=0x00000000)
warn: Win32Emu.Emulator[0]
      [Kernel32] WriteFile not StdOutput, StdError or StdInput, called on non-standard handle 0x00001000
info: Win32Emu.Emulator[0]
      [Dispatcher] KERNEL32.DLL!WriteFile returned 0x00000001, argBytes=20
info: Win32Emu.Emulator[0]
      [Syscall] AFTER API: Return address at 0x001FE994 = 0x0046F59F
info: Win32Emu.Emulator[0]
      [Syscall] KERNEL32.DLL!CreateFileA from stub at 0x0F0003C0
info: Win32Emu.Emulator[0]
      [Syscall] BEFORE API: Return address at 0x001FEDD4 = 0x004710FF
info: Win32Emu.Emulator[0]
      Dispatching KERNEL32.DLL!CreateFileA at EIP=0x0E000002 ESP=0x001FEDD4 stack=FF 10 47 00 CC 89 49 00 00 00 00 80 03 00 00 00
info: Win32Emu.Emulator[0]
      [Dispatcher] KERNEL32.DLL!CreateFileA returned 0x00001004, argBytes=28
info: Win32Emu.Emulator[0]
      [Syscall] AFTER API: Return address at 0x001FEDD4 = 0x004710FF
info: Win32Emu.Emulator[0]
      [Syscall] KERNEL32.DLL!GetFileType from stub at 0x0F000020
info: Win32Emu.Emulator[0]
      [Syscall] BEFORE API: Return address at 0x001FEDEC = 0x00471129
info: Win32Emu.Emulator[0]
      Dispatching KERNEL32.DLL!GetFileType at EIP=0x0E000002 ESP=0x001FEDEC stack=29 11 47 00 04 10 00 00 01 00 00 00 00 00 00 00
info: Win32Emu.Emulator[0]
      [Dispatcher] KERNEL32.DLL!GetFileType returned 0x00000001, argBytes=4
info: Win32Emu.Emulator[0]
      [Syscall] AFTER API: Return address at 0x001FEDEC = 0x00471129
info: Win32Emu.Emulator[0]
      [Syscall] KERNEL32.DLL!CloseHandle from stub at 0x0F000230
info: Win32Emu.Emulator[0]
      [Syscall] BEFORE API: Return address at 0x001FEE48 = 0x0046AA3B
info: Win32Emu.Emulator[0]
      Dispatching KERNEL32.DLL!CloseHandle at EIP=0x0E000002 ESP=0x001FEE48 stack=3B AA 46 00 04 10 00 00 70 04 00 0F 00 00 00 00
info: Win32Emu.Emulator[0]
      [Dispatcher] KERNEL32.DLL!CloseHandle returned 0x00000001, argBytes=4
info: Win32Emu.Emulator[0]
      [Syscall] AFTER API: Return address at 0x001FEE48 = 0x0046AA3B
info: Win32Emu.Emulator[0]
      [Syscall] KERNEL32.DLL!CreateFileA from stub at 0x0F0003C0
info: Win32Emu.Emulator[0]
      [Syscall] BEFORE API: Return address at 0x001FEDCC = 0x004710FF
info: Win32Emu.Emulator[0]
      Dispatching KERNEL32.DLL!CreateFileA at EIP=0x0E000002 ESP=0x001FEDCC stack=FF 10 47 00 CC 89 49 00 00 00 00 80 03 00 00 00
info: Win32Emu.Emulator[0]
      [Dispatcher] KERNEL32.DLL!CreateFileA returned 0x00001008, argBytes=28
info: Win32Emu.Emulator[0]
      [Syscall] AFTER API: Return address at 0x001FEDCC = 0x004710FF
info: Win32Emu.Emulator[0]
      [Syscall] KERNEL32.DLL!GetFileType from stub at 0x0F000020
info: Win32Emu.Emulator[0]
      [Syscall] BEFORE API: Return address at 0x001FEDE4 = 0x00471129
info: Win32Emu.Emulator[0]
      Dispatching KERNEL32.DLL!GetFileType at EIP=0x0E000002 ESP=0x001FEDE4 stack=29 11 47 00 08 10 00 00 01 00 00 00 00 00 00 00
info: Win32Emu.Emulator[0]
      [Dispatcher] KERNEL32.DLL!GetFileType returned 0x00000001, argBytes=4
info: Win32Emu.Emulator[0]
      [Syscall] AFTER API: Return address at 0x001FEDE4 = 0x00471129
info: Win32Emu.Emulator[0]
      [Syscall] KERNEL32.DLL!SetFilePointer from stub at 0x0F000390
info: Win32Emu.Emulator[0]
      [Syscall] BEFORE API: Return address at 0x001FEE00 = 0x0046F88A
info: Win32Emu.Emulator[0]
      Dispatching KERNEL32.DLL!SetFilePointer at EIP=0x0E000002 ESP=0x001FEE00 stack=8A F8 46 00 08 10 00 00 00 00 00 00 00 00 00 00
info: Win32Emu.Emulator[0]
      [Dispatcher] KERNEL32.DLL!SetFilePointer returned 0x00000000, argBytes=16
info: Win32Emu.Emulator[0]
      [Syscall] AFTER API: Return address at 0x001FEE00 = 0x0046F88A
info: Win32Emu.Emulator[0]
      [Syscall] KERNEL32.DLL!SetFilePointer from stub at 0x0F000390
info: Win32Emu.Emulator[0]
      [Syscall] BEFORE API: Return address at 0x001FEE10 = 0x0046F88A
info: Win32Emu.Emulator[0]
      Dispatching KERNEL32.DLL!SetFilePointer at EIP=0x0E000002 ESP=0x001FEE10 stack=8A F8 46 00 08 10 00 00 00 00 00 00 00 00 00 00
info: Win32Emu.Emulator[0]
      [Dispatcher] KERNEL32.DLL!SetFilePointer returned 0x00019F4E, argBytes=16
info: Win32Emu.Emulator[0]
      [Syscall] AFTER API: Return address at 0x001FEE10 = 0x0046F88A
info: Win32Emu.Emulator[0]
      [Syscall] KERNEL32.DLL!SetFilePointer from stub at 0x0F000390
info: Win32Emu.Emulator[0]
      [Syscall] BEFORE API: Return address at 0x001FEE00 = 0x0046F88A
info: Win32Emu.Emulator[0]
      Dispatching KERNEL32.DLL!SetFilePointer at EIP=0x0E000002 ESP=0x001FEE00 stack=8A F8 46 00 08 10 00 00 00 00 00 00 00 00 00 00
info: Win32Emu.Emulator[0]
      [Dispatcher] KERNEL32.DLL!SetFilePointer returned 0x00019F4E, argBytes=16
info: Win32Emu.Emulator[0]
      [Syscall] AFTER API: Return address at 0x001FEE00 = 0x0046F88A
info: Win32Emu.Emulator[0]
      [Syscall] KERNEL32.DLL!SetFilePointer from stub at 0x0F000390
info: Win32Emu.Emulator[0]
      [Syscall] BEFORE API: Return address at 0x001FEE10 = 0x0046F88A
info: Win32Emu.Emulator[0]
      Dispatching KERNEL32.DLL!SetFilePointer at EIP=0x0E000002 ESP=0x001FEE10 stack=8A F8 46 00 08 10 00 00 00 00 00 00 00 00 00 00
info: Win32Emu.Emulator[0]
      [Dispatcher] KERNEL32.DLL!SetFilePointer returned 0x00000000, argBytes=16
info: Win32Emu.Emulator[0]
      [Syscall] AFTER API: Return address at 0x001FEE10 = 0x0046F88A
info: Win32Emu.Emulator[0]
      [Syscall] KERNEL32.DLL!CloseHandle from stub at 0x0F000230
info: Win32Emu.Emulator[0]
      [Syscall] BEFORE API: Return address at 0x001FEE40 = 0x0046AA3B
info: Win32Emu.Emulator[0]
      Dispatching KERNEL32.DLL!CloseHandle at EIP=0x0E000002 ESP=0x001FEE40 stack=3B AA 46 00 08 10 00 00 70 04 00 0F 00 00 00 00
info: Win32Emu.Emulator[0]
      [Dispatcher] KERNEL32.DLL!CloseHandle returned 0x00000001, argBytes=4
info: Win32Emu.Emulator[0]
      [Syscall] AFTER API: Return address at 0x001FEE40 = 0x0046AA3B
info: Win32Emu.Emulator[0]
      [Syscall] KERNEL32.DLL!HeapAlloc from stub at 0x0F000120
info: Win32Emu.Emulator[0]
      [Syscall] BEFORE API: Return address at 0x001FEE24 = 0x004694A4
info: Win32Emu.Emulator[0]
      Dispatching KERNEL32.DLL!HeapAlloc at EIP=0x0E000002 ESP=0x001FEE24 stack=A4 94 46 00 40 20 00 01 00 00 00 00 50 9F 01 00
info: Win32Emu.Emulator[0]
      [ProcessEnv] VirtualAlloc(lp=0x00000000, size=0x00019F50, alloc=0x00001000, prot=0x00000004)
info: Win32Emu.Emulator[0]
      [ProcessEnv] VirtualAlloc: allocated at 0x01465000, size=0x0001A000, reserve=False, commit=True, topDown=False
info: Win32Emu.Emulator[0]
      [Dispatcher] KERNEL32.DLL!HeapAlloc returned 0x01465000, argBytes=12
info: Win32Emu.Emulator[0]
      [Syscall] AFTER API: Return address at 0x001FEE24 = 0x004694A4
info: Win32Emu.Emulator[0]
      [Syscall] KERNEL32.DLL!CreateFileA from stub at 0x0F0003C0
info: Win32Emu.Emulator[0]
      [Syscall] BEFORE API: Return address at 0x001FEDDC = 0x004710FF
info: Win32Emu.Emulator[0]
      Dispatching KERNEL32.DLL!CreateFileA at EIP=0x0E000002 ESP=0x001FEDDC stack=FF 10 47 00 CC 89 49 00 00 00 00 80 03 00 00 00
info: Win32Emu.Emulator[0]
      [Dispatcher] KERNEL32.DLL!CreateFileA returned 0x0000100C, argBytes=28
info: Win32Emu.Emulator[0]
      [Syscall] AFTER API: Return address at 0x001FEDDC = 0x004710FF
info: Win32Emu.Emulator[0]
      [Syscall] KERNEL32.DLL!GetFileType from stub at 0x0F000020
info: Win32Emu.Emulator[0]
      [Syscall] BEFORE API: Return address at 0x001FEDF4 = 0x00471129
info: Win32Emu.Emulator[0]
      Dispatching KERNEL32.DLL!GetFileType at EIP=0x0E000002 ESP=0x001FEDF4 stack=29 11 47 00 0C 10 00 00 01 00 00 00 00 00 00 00
info: Win32Emu.Emulator[0]
      [Dispatcher] KERNEL32.DLL!GetFileType returned 0x00000001, argBytes=4
info: Win32Emu.Emulator[0]
      [Syscall] AFTER API: Return address at 0x001FEDF4 = 0x00471129
info: Win32Emu.Emulator[0]
      [Syscall] KERNEL32.DLL!SetFilePointer from stub at 0x0F000390
info: Win32Emu.Emulator[0]
      [Syscall] BEFORE API: Return address at 0x001FEE20 = 0x00472467
info: Win32Emu.Emulator[0]
      Dispatching KERNEL32.DLL!SetFilePointer at EIP=0x0E000002 ESP=0x001FEE20 stack=67 24 47 00 0C 10 00 00 00 00 00 00 40 EE 1F 00
info: Win32Emu.Emulator[0]
      [Dispatcher] KERNEL32.DLL!SetFilePointer returned 0x00000000, argBytes=16
info: Win32Emu.Emulator[0]
      [Syscall] AFTER API: Return address at 0x001FEE20 = 0x00472467
info: Win32Emu.Emulator[0]
      [Syscall] KERNEL32.DLL!HeapAlloc from stub at 0x0F000120
info: Win32Emu.Emulator[0]
      [Syscall] BEFORE API: Return address at 0x001FEE00 = 0x004694A4
info: Win32Emu.Emulator[0]
      Dispatching KERNEL32.DLL!HeapAlloc at EIP=0x0E000002 ESP=0x001FEE00 stack=A4 94 46 00 40 20 00 01 00 00 00 00 00 10 00 00
info: Win32Emu.Emulator[0]
      [ProcessEnv] VirtualAlloc(lp=0x00000000, size=0x00001000, alloc=0x00001000, prot=0x00000004)
info: Win32Emu.Emulator[0]
      [ProcessEnv] VirtualAlloc: allocated at 0x0147F000, size=0x00001000, reserve=False, commit=True, topDown=False
info: Win32Emu.Emulator[0]
      [Dispatcher] KERNEL32.DLL!HeapAlloc returned 0x0147F000, argBytes=12
info: Win32Emu.Emulator[0]
      [Syscall] AFTER API: Return address at 0x001FEE00 = 0x004694A4
info: Win32Emu.Emulator[0]
      [Syscall] KERNEL32.DLL!ReadFile from stub at 0x0F000040
info: Win32Emu.Emulator[0]
      [Syscall] BEFORE API: Return address at 0x001FEDFC = 0x0046AC69
info: Win32Emu.Emulator[0]
      Dispatching KERNEL32.DLL!ReadFile at EIP=0x0E000002 ESP=0x001FEDFC stack=69 AC 46 00 0C 10 00 00 00 F0 47 01 00 10 00 00
info: Win32Emu.Emulator[0]
      [Dispatcher] KERNEL32.DLL!ReadFile returned 0x00000001, argBytes=20
info: Win32Emu.Emulator[0]
      [Syscall] AFTER API: Return address at 0x001FEDFC = 0x0046AC69
info: Win32Emu.Emulator[0]
      [Syscall] KERNEL32.DLL!HeapFree from stub at 0x0F000130
info: Win32Emu.Emulator[0]
      [Syscall] BEFORE API: Return address at 0x001FEE40 = 0x004693FA
info: Win32Emu.Emulator[0]
      Dispatching KERNEL32.DLL!HeapFree at EIP=0x0E000002 ESP=0x001FEE40 stack=FA 93 46 00 40 20 00 01 00 00 00 00 00 F0 47 01
info: Win32Emu.Emulator[0]
      [Dispatcher] KERNEL32.DLL!HeapFree returned 0x00000001, argBytes=12
info: Win32Emu.Emulator[0]
      [Syscall] AFTER API: Return address at 0x001FEE40 = 0x004693FA
info: Win32Emu.Emulator[0]
      [Syscall] KERNEL32.DLL!CloseHandle from stub at 0x0F000230
info: Win32Emu.Emulator[0]
      [Syscall] BEFORE API: Return address at 0x001FEE50 = 0x0046AA3B
info: Win32Emu.Emulator[0]
      Dispatching KERNEL32.DLL!CloseHandle at EIP=0x0E000002 ESP=0x001FEE50 stack=3B AA 46 00 0C 10 00 00 70 04 00 0F 00 00 00 00
info: Win32Emu.Emulator[0]
      [Dispatcher] KERNEL32.DLL!CloseHandle returned 0x00000001, argBytes=4
info: Win32Emu.Emulator[0]
      [Syscall] AFTER API: Return address at 0x001FEE50 = 0x0046AA3B
info: Win32Emu.Emulator[0]
      [Syscall] KERNEL32.DLL!CreateFileA from stub at 0x0F0003C0
info: Win32Emu.Emulator[0]
      [Syscall] BEFORE API: Return address at 0x001FEDD4 = 0x004710FF
info: Win32Emu.Emulator[0]
      Dispatching KERNEL32.DLL!CreateFileA at EIP=0x0E000002 ESP=0x001FEDD4 stack=FF 10 47 00 98 89 49 00 00 00 00 80 03 00 00 00
info: Win32Emu.Emulator[0]
      [Dispatcher] KERNEL32.DLL!CreateFileA returned 0x00001010, argBytes=28
info: Win32Emu.Emulator[0]
      [Syscall] AFTER API: Return address at 0x001FEDD4 = 0x004710FF
info: Win32Emu.Emulator[0]
      [Syscall] KERNEL32.DLL!GetFileType from stub at 0x0F000020
info: Win32Emu.Emulator[0]
      [Syscall] BEFORE API: Return address at 0x001FEDEC = 0x00471129
info: Win32Emu.Emulator[0]
      Dispatching KERNEL32.DLL!GetFileType at EIP=0x0E000002 ESP=0x001FEDEC stack=29 11 47 00 10 10 00 00 01 00 00 00 00 00 00 00
info: Win32Emu.Emulator[0]
      [Dispatcher] KERNEL32.DLL!GetFileType returned 0x00000001, argBytes=4
info: Win32Emu.Emulator[0]
      [Syscall] AFTER API: Return address at 0x001FEDEC = 0x00471129
info: Win32Emu.Emulator[0]
      [Syscall] KERNEL32.DLL!CloseHandle from stub at 0x0F000230
info: Win32Emu.Emulator[0]
      [Syscall] BEFORE API: Return address at 0x001FEE48 = 0x0046AA3B
info: Win32Emu.Emulator[0]
      Dispatching KERNEL32.DLL!CloseHandle at EIP=0x0E000002 ESP=0x001FEE48 stack=3B AA 46 00 10 10 00 00 70 04 00 0F 00 00 00 00
info: Win32Emu.Emulator[0]
      [Dispatcher] KERNEL32.DLL!CloseHandle returned 0x00000001, argBytes=4
info: Win32Emu.Emulator[0]
      [Syscall] AFTER API: Return address at 0x001FEE48 = 0x0046AA3B
info: Win32Emu.Emulator[0]
      [Syscall] KERNEL32.DLL!CreateFileA from stub at 0x0F0003C0
info: Win32Emu.Emulator[0]
      [Syscall] BEFORE API: Return address at 0x001FEDCC = 0x004710FF
info: Win32Emu.Emulator[0]
      Dispatching KERNEL32.DLL!CreateFileA at EIP=0x0E000002 ESP=0x001FEDCC stack=FF 10 47 00 98 89 49 00 00 00 00 80 03 00 00 00
info: Win32Emu.Emulator[0]
      [Dispatcher] KERNEL32.DLL!CreateFileA returned 0x00001014, argBytes=28
info: Win32Emu.Emulator[0]
      [Syscall] AFTER API: Return address at 0x001FEDCC = 0x004710FF
info: Win32Emu.Emulator[0]
      [Syscall] KERNEL32.DLL!GetFileType from stub at 0x0F000020
info: Win32Emu.Emulator[0]
      [Syscall] BEFORE API: Return address at 0x001FEDE4 = 0x00471129
info: Win32Emu.Emulator[0]
      Dispatching KERNEL32.DLL!GetFileType at EIP=0x0E000002 ESP=0x001FEDE4 stack=29 11 47 00 14 10 00 00 01 00 00 00 00 00 00 00
info: Win32Emu.Emulator[0]
      [Dispatcher] KERNEL32.DLL!GetFileType returned 0x00000001, argBytes=4
info: Win32Emu.Emulator[0]
      [Syscall] AFTER API: Return address at 0x001FEDE4 = 0x00471129
info: Win32Emu.Emulator[0]
      [Syscall] KERNEL32.DLL!SetFilePointer from stub at 0x0F000390
info: Win32Emu.Emulator[0]
      [Syscall] BEFORE API: Return address at 0x001FEE00 = 0x0046F88A
info: Win32Emu.Emulator[0]
      Dispatching KERNEL32.DLL!SetFilePointer at EIP=0x0E000002 ESP=0x001FEE00 stack=8A F8 46 00 14 10 00 00 00 00 00 00 00 00 00 00
info: Win32Emu.Emulator[0]
      [Dispatcher] KERNEL32.DLL!SetFilePointer returned 0x00000000, argBytes=16
info: Win32Emu.Emulator[0]
      [Syscall] AFTER API: Return address at 0x001FEE00 = 0x0046F88A
info: Win32Emu.Emulator[0]
      [Syscall] KERNEL32.DLL!SetFilePointer from stub at 0x0F000390
info: Win32Emu.Emulator[0]
      [Syscall] BEFORE API: Return address at 0x001FEE10 = 0x0046F88A
info: Win32Emu.Emulator[0]
      Dispatching KERNEL32.DLL!SetFilePointer at EIP=0x0E000002 ESP=0x001FEE10 stack=8A F8 46 00 14 10 00 00 00 00 00 00 00 00 00 00
info: Win32Emu.Emulator[0]
      [Dispatcher] KERNEL32.DLL!SetFilePointer returned 0x0000A5E6, argBytes=16
info: Win32Emu.Emulator[0]
      [Syscall] AFTER API: Return address at 0x001FEE10 = 0x0046F88A
info: Win32Emu.Emulator[0]
      [Syscall] KERNEL32.DLL!SetFilePointer from stub at 0x0F000390
info: Win32Emu.Emulator[0]
      [Syscall] BEFORE API: Return address at 0x001FEE00 = 0x0046F88A
info: Win32Emu.Emulator[0]
      Dispatching KERNEL32.DLL!SetFilePointer at EIP=0x0E000002 ESP=0x001FEE00 stack=8A F8 46 00 14 10 00 00 00 00 00 00 00 00 00 00
info: Win32Emu.Emulator[0]
      [Dispatcher] KERNEL32.DLL!SetFilePointer returned 0x0000A5E6, argBytes=16
info: Win32Emu.Emulator[0]
      [Syscall] AFTER API: Return address at 0x001FEE00 = 0x0046F88A
info: Win32Emu.Emulator[0]
      [Syscall] KERNEL32.DLL!SetFilePointer from stub at 0x0F000390
info: Win32Emu.Emulator[0]
      [Syscall] BEFORE API: Return address at 0x001FEE10 = 0x0046F88A
info: Win32Emu.Emulator[0]
      Dispatching KERNEL32.DLL!SetFilePointer at EIP=0x0E000002 ESP=0x001FEE10 stack=8A F8 46 00 14 10 00 00 00 00 00 00 00 00 00 00
info: Win32Emu.Emulator[0]
      [Dispatcher] KERNEL32.DLL!SetFilePointer returned 0x00000000, argBytes=16
info: Win32Emu.Emulator[0]
      [Syscall] AFTER API: Return address at 0x001FEE10 = 0x0046F88A
info: Win32Emu.Emulator[0]
      [Syscall] KERNEL32.DLL!CloseHandle from stub at 0x0F000230
info: Win32Emu.Emulator[0]
      [Syscall] BEFORE API: Return address at 0x001FEE40 = 0x0046AA3B
info: Win32Emu.Emulator[0]
      Dispatching KERNEL32.DLL!CloseHandle at EIP=0x0E000002 ESP=0x001FEE40 stack=3B AA 46 00 14 10 00 00 70 04 00 0F 00 00 00 00
info: Win32Emu.Emulator[0]
      [Dispatcher] KERNEL32.DLL!CloseHandle returned 0x00000001, argBytes=4
info: Win32Emu.Emulator[0]
      [Syscall] AFTER API: Return address at 0x001FEE40 = 0x0046AA3B
info: Win32Emu.Emulator[0]
      [Syscall] KERNEL32.DLL!HeapAlloc from stub at 0x0F000120
info: Win32Emu.Emulator[0]
      [Syscall] BEFORE API: Return address at 0x001FEE24 = 0x004694A4
info: Win32Emu.Emulator[0]
      Dispatching KERNEL32.DLL!HeapAlloc at EIP=0x0E000002 ESP=0x001FEE24 stack=A4 94 46 00 40 20 00 01 00 00 00 00 F0 A5 00 00
info: Win32Emu.Emulator[0]
      [ProcessEnv] VirtualAlloc(lp=0x00000000, size=0x0000A5F0, alloc=0x00001000, prot=0x00000004)
info: Win32Emu.Emulator[0]
      [ProcessEnv] VirtualAlloc: allocated at 0x01480000, size=0x0000B000, reserve=False, commit=True, topDown=False
info: Win32Emu.Emulator[0]
      [Dispatcher] KERNEL32.DLL!HeapAlloc returned 0x01480000, argBytes=12
info: Win32Emu.Emulator[0]
      [Syscall] AFTER API: Return address at 0x001FEE24 = 0x004694A4
info: Win32Emu.Emulator[0]
      [Syscall] KERNEL32.DLL!CreateFileA from stub at 0x0F0003C0
info: Win32Emu.Emulator[0]
      [Syscall] BEFORE API: Return address at 0x001FEDDC = 0x004710FF
info: Win32Emu.Emulator[0]
      Dispatching KERNEL32.DLL!CreateFileA at EIP=0x0E000002 ESP=0x001FEDDC stack=FF 10 47 00 98 89 49 00 00 00 00 80 03 00 00 00
info: Win32Emu.Emulator[0]
      [Dispatcher] KERNEL32.DLL!CreateFileA returned 0x00001018, argBytes=28
info: Win32Emu.Emulator[0]
      [Syscall] AFTER API: Return address at 0x001FEDDC = 0x004710FF
info: Win32Emu.Emulator[0]
      [Syscall] KERNEL32.DLL!GetFileType from stub at 0x0F000020
info: Win32Emu.Emulator[0]
      [Syscall] BEFORE API: Return address at 0x001FEDF4 = 0x00471129
info: Win32Emu.Emulator[0]
      Dispatching KERNEL32.DLL!GetFileType at EIP=0x0E000002 ESP=0x001FEDF4 stack=29 11 47 00 18 10 00 00 01 00 00 00 00 00 00 00
info: Win32Emu.Emulator[0]
      [Dispatcher] KERNEL32.DLL!GetFileType returned 0x00000001, argBytes=4
info: Win32Emu.Emulator[0]
      [Syscall] AFTER API: Return address at 0x001FEDF4 = 0x00471129
info: Win32Emu.Emulator[0]
      [Syscall] KERNEL32.DLL!SetFilePointer from stub at 0x0F000390
info: Win32Emu.Emulator[0]
      [Syscall] BEFORE API: Return address at 0x001FEE20 = 0x00472467
info: Win32Emu.Emulator[0]
      Dispatching KERNEL32.DLL!SetFilePointer at EIP=0x0E000002 ESP=0x001FEE20 stack=67 24 47 00 18 10 00 00 00 00 00 00 40 EE 1F 00
info: Win32Emu.Emulator[0]
      [Dispatcher] KERNEL32.DLL!SetFilePointer returned 0x00000000, argBytes=16
info: Win32Emu.Emulator[0]
      [Syscall] AFTER API: Return address at 0x001FEE20 = 0x00472467
info: Win32Emu.Emulator[0]
      [Syscall] KERNEL32.DLL!HeapAlloc from stub at 0x0F000120
info: Win32Emu.Emulator[0]
      [Syscall] BEFORE API: Return address at 0x001FEE00 = 0x004694A4
info: Win32Emu.Emulator[0]
      Dispatching KERNEL32.DLL!HeapAlloc at EIP=0x0E000002 ESP=0x001FEE00 stack=A4 94 46 00 40 20 00 01 00 00 00 00 00 10 00 00
info: Win32Emu.Emulator[0]
      [ProcessEnv] VirtualAlloc(lp=0x00000000, size=0x00001000, alloc=0x00001000, prot=0x00000004)
info: Win32Emu.Emulator[0]
      [ProcessEnv] VirtualAlloc: allocated at 0x0148B000, size=0x00001000, reserve=False, commit=True, topDown=False
info: Win32Emu.Emulator[0]
      [Dispatcher] KERNEL32.DLL!HeapAlloc returned 0x0148B000, argBytes=12
info: Win32Emu.Emulator[0]
      [Syscall] AFTER API: Return address at 0x001FEE00 = 0x004694A4
info: Win32Emu.Emulator[0]
      [Syscall] KERNEL32.DLL!ReadFile from stub at 0x0F000040
info: Win32Emu.Emulator[0]
      [Syscall] BEFORE API: Return address at 0x001FEDFC = 0x0046AC69
info: Win32Emu.Emulator[0]
      Dispatching KERNEL32.DLL!ReadFile at EIP=0x0E000002 ESP=0x001FEDFC stack=69 AC 46 00 18 10 00 00 00 B0 48 01 00 10 00 00
info: Win32Emu.Emulator[0]
      [Dispatcher] KERNEL32.DLL!ReadFile returned 0x00000001, argBytes=20
info: Win32Emu.Emulator[0]
      [Syscall] AFTER API: Return address at 0x001FEDFC = 0x0046AC69
info: Win32Emu.Emulator[0]
      [Syscall] KERNEL32.DLL!HeapFree from stub at 0x0F000130
info: Win32Emu.Emulator[0]
      [Syscall] BEFORE API: Return address at 0x001FEE40 = 0x004693FA
info: Win32Emu.Emulator[0]
      Dispatching KERNEL32.DLL!HeapFree at EIP=0x0E000002 ESP=0x001FEE40 stack=FA 93 46 00 40 20 00 01 00 00 00 00 00 B0 48 01
info: Win32Emu.Emulator[0]
      [Dispatcher] KERNEL32.DLL!HeapFree returned 0x00000001, argBytes=12
info: Win32Emu.Emulator[0]
      [Syscall] AFTER API: Return address at 0x001FEE40 = 0x004693FA
info: Win32Emu.Emulator[0]
      [Syscall] KERNEL32.DLL!CloseHandle from stub at 0x0F000230
info: Win32Emu.Emulator[0]
      [Syscall] BEFORE API: Return address at 0x001FEE50 = 0x0046AA3B
info: Win32Emu.Emulator[0]
      Dispatching KERNEL32.DLL!CloseHandle at EIP=0x0E000002 ESP=0x001FEE50 stack=3B AA 46 00 18 10 00 00 70 04 00 0F 00 00 00 00
info: Win32Emu.Emulator[0]
      [Dispatcher] KERNEL32.DLL!CloseHandle returned 0x00000001, argBytes=4
info: Win32Emu.Emulator[0]
      [Syscall] AFTER API: Return address at 0x001FEE50 = 0x0046AA3B
info: Win32Emu.Emulator[0]
      [Syscall] KERNEL32.DLL!CreateFileA from stub at 0x0F0003C0
info: Win32Emu.Emulator[0]
      [Syscall] BEFORE API: Return address at 0x001FEDD4 = 0x004710FF
info: Win32Emu.Emulator[0]
      Dispatching KERNEL32.DLL!CreateFileA at EIP=0x0E000002 ESP=0x001FEDD4 stack=FF 10 47 00 A4 EE 1F 00 00 00 00 80 03 00 00 00
info: Win32Emu.Emulator[0]
      [Dispatcher] KERNEL32.DLL!CreateFileA returned 0x0000101C, argBytes=28
info: Win32Emu.Emulator[0]
      [Syscall] AFTER API: Return address at 0x001FEDD4 = 0x004710FF
info: Win32Emu.Emulator[0]
      [Syscall] KERNEL32.DLL!GetFileType from stub at 0x0F000020
info: Win32Emu.Emulator[0]
      [Syscall] BEFORE API: Return address at 0x001FEDEC = 0x00471129
info: Win32Emu.Emulator[0]
      Dispatching KERNEL32.DLL!GetFileType at EIP=0x0E000002 ESP=0x001FEDEC stack=29 11 47 00 1C 10 00 00 01 00 00 00 00 00 00 00
info: Win32Emu.Emulator[0]
      [Dispatcher] KERNEL32.DLL!GetFileType returned 0x00000001, argBytes=4
info: Win32Emu.Emulator[0]
      [Syscall] AFTER API: Return address at 0x001FEDEC = 0x00471129
info: Win32Emu.Emulator[0]
      [Syscall] KERNEL32.DLL!CloseHandle from stub at 0x0F000230
info: Win32Emu.Emulator[0]
      [Syscall] BEFORE API: Return address at 0x001FEE48 = 0x0046AA3B
info: Win32Emu.Emulator[0]
      Dispatching KERNEL32.DLL!CloseHandle at EIP=0x0E000002 ESP=0x001FEE48 stack=3B AA 46 00 1C 10 00 00 70 04 00 0F 00 00 00 00
info: Win32Emu.Emulator[0]
      [Dispatcher] KERNEL32.DLL!CloseHandle returned 0x00000001, argBytes=4
info: Win32Emu.Emulator[0]
      [Syscall] AFTER API: Return address at 0x001FEE48 = 0x0046AA3B
info: Win32Emu.Emulator[0]
      [Syscall] KERNEL32.DLL!CreateFileA from stub at 0x0F0003C0
info: Win32Emu.Emulator[0]
      [Syscall] BEFORE API: Return address at 0x001FEDCC = 0x004710FF
info: Win32Emu.Emulator[0]
      Dispatching KERNEL32.DLL!CreateFileA at EIP=0x0E000002 ESP=0x001FEDCC stack=FF 10 47 00 A4 EE 1F 00 00 00 00 80 03 00 00 00
info: Win32Emu.Emulator[0]
      [Dispatcher] KERNEL32.DLL!CreateFileA returned 0x00001020, argBytes=28
info: Win32Emu.Emulator[0]
      [Syscall] AFTER API: Return address at 0x001FEDCC = 0x004710FF
info: Win32Emu.Emulator[0]
      [Syscall] KERNEL32.DLL!GetFileType from stub at 0x0F000020
info: Win32Emu.Emulator[0]
      [Syscall] BEFORE API: Return address at 0x001FEDE4 = 0x00471129
info: Win32Emu.Emulator[0]
      Dispatching KERNEL32.DLL!GetFileType at EIP=0x0E000002 ESP=0x001FEDE4 stack=29 11 47 00 20 10 00 00 01 00 00 00 00 00 00 00
info: Win32Emu.Emulator[0]
      [Dispatcher] KERNEL32.DLL!GetFileType returned 0x00000001, argBytes=4
info: Win32Emu.Emulator[0]
      [Syscall] AFTER API: Return address at 0x001FEDE4 = 0x00471129
info: Win32Emu.Emulator[0]
      [Syscall] KERNEL32.DLL!SetFilePointer from stub at 0x0F000390
info: Win32Emu.Emulator[0]
      [Syscall] BEFORE API: Return address at 0x001FEE00 = 0x0046F88A
info: Win32Emu.Emulator[0]
      Dispatching KERNEL32.DLL!SetFilePointer at EIP=0x0E000002 ESP=0x001FEE00 stack=8A F8 46 00 20 10 00 00 00 00 00 00 00 00 00 00
info: Win32Emu.Emulator[0]
      [Dispatcher] KERNEL32.DLL!SetFilePointer returned 0x00000000, argBytes=16
info: Win32Emu.Emulator[0]
      [Syscall] AFTER API: Return address at 0x001FEE00 = 0x0046F88A
info: Win32Emu.Emulator[0]
      [Syscall] KERNEL32.DLL!SetFilePointer from stub at 0x0F000390
info: Win32Emu.Emulator[0]
      [Syscall] BEFORE API: Return address at 0x001FEE10 = 0x0046F88A
info: Win32Emu.Emulator[0]
      Dispatching KERNEL32.DLL!SetFilePointer at EIP=0x0E000002 ESP=0x001FEE10 stack=8A F8 46 00 20 10 00 00 00 00 00 00 00 00 00 00
info: Win32Emu.Emulator[0]
      [Dispatcher] KERNEL32.DLL!SetFilePointer returned 0x00000308, argBytes=16
info: Win32Emu.Emulator[0]
      [Syscall] AFTER API: Return address at 0x001FEE10 = 0x0046F88A
info: Win32Emu.Emulator[0]
      [Syscall] KERNEL32.DLL!SetFilePointer from stub at 0x0F000390
info: Win32Emu.Emulator[0]
      [Syscall] BEFORE API: Return address at 0x001FEE00 = 0x0046F88A
info: Win32Emu.Emulator[0]
      Dispatching KERNEL32.DLL!SetFilePointer at EIP=0x0E000002 ESP=0x001FEE00 stack=8A F8 46 00 20 10 00 00 00 00 00 00 00 00 00 00
info: Win32Emu.Emulator[0]
      [Dispatcher] KERNEL32.DLL!SetFilePointer returned 0x00000308, argBytes=16
info: Win32Emu.Emulator[0]
      [Syscall] AFTER API: Return address at 0x001FEE00 = 0x0046F88A
info: Win32Emu.Emulator[0]
      [Syscall] KERNEL32.DLL!SetFilePointer from stub at 0x0F000390
info: Win32Emu.Emulator[0]
      [Syscall] BEFORE API: Return address at 0x001FEE10 = 0x0046F88A
info: Win32Emu.Emulator[0]
      Dispatching KERNEL32.DLL!SetFilePointer at EIP=0x0E000002 ESP=0x001FEE10 stack=8A F8 46 00 20 10 00 00 00 00 00 00 00 00 00 00
info: Win32Emu.Emulator[0]
      [Dispatcher] KERNEL32.DLL!SetFilePointer returned 0x00000000, argBytes=16
info: Win32Emu.Emulator[0]
      [Syscall] AFTER API: Return address at 0x001FEE10 = 0x0046F88A
info: Win32Emu.Emulator[0]
      [Syscall] KERNEL32.DLL!CloseHandle from stub at 0x0F000230
info: Win32Emu.Emulator[0]
      [Syscall] BEFORE API: Return address at 0x001FEE40 = 0x0046AA3B
info: Win32Emu.Emulator[0]
      Dispatching KERNEL32.DLL!CloseHandle at EIP=0x0E000002 ESP=0x001FEE40 stack=3B AA 46 00 20 10 00 00 70 04 00 0F 00 00 00 00
info: Win32Emu.Emulator[0]
      [Dispatcher] KERNEL32.DLL!CloseHandle returned 0x00000001, argBytes=4
info: Win32Emu.Emulator[0]
      [Syscall] AFTER API: Return address at 0x001FEE40 = 0x0046AA3B
info: Win32Emu.Emulator[0]
      [Syscall] KERNEL32.DLL!HeapAlloc from stub at 0x0F000120
info: Win32Emu.Emulator[0]
      [Syscall] BEFORE API: Return address at 0x001FEE24 = 0x004694A4
info: Win32Emu.Emulator[0]
      Dispatching KERNEL32.DLL!HeapAlloc at EIP=0x0E000002 ESP=0x001FEE24 stack=A4 94 46 00 40 20 00 01 00 00 00 00 10 03 00 00
info: Win32Emu.Emulator[0]
      [ProcessEnv] VirtualAlloc(lp=0x00000000, size=0x00000310, alloc=0x00001000, prot=0x00000004)
info: Win32Emu.Emulator[0]
      [ProcessEnv] VirtualAlloc: allocated at 0x0148C000, size=0x00001000, reserve=False, commit=True, topDown=False
info: Win32Emu.Emulator[0]
      [Dispatcher] KERNEL32.DLL!HeapAlloc returned 0x0148C000, argBytes=12
info: Win32Emu.Emulator[0]
      [Syscall] AFTER API: Return address at 0x001FEE24 = 0x004694A4
info: Win32Emu.Emulator[0]
      [Syscall] KERNEL32.DLL!CreateFileA from stub at 0x0F0003C0
info: Win32Emu.Emulator[0]
      [Syscall] BEFORE API: Return address at 0x001FEDDC = 0x004710FF
info: Win32Emu.Emulator[0]
      Dispatching KERNEL32.DLL!CreateFileA at EIP=0x0E000002 ESP=0x001FEDDC stack=FF 10 47 00 A4 EE 1F 00 00 00 00 80 03 00 00 00
info: Win32Emu.Emulator[0]
      [Dispatcher] KERNEL32.DLL!CreateFileA returned 0x00001024, argBytes=28
info: Win32Emu.Emulator[0]
      [Syscall] AFTER API: Return address at 0x001FEDDC = 0x004710FF
info: Win32Emu.Emulator[0]
      [Syscall] KERNEL32.DLL!GetFileType from stub at 0x0F000020
info: Win32Emu.Emulator[0]
      [Syscall] BEFORE API: Return address at 0x001FEDF4 = 0x00471129
info: Win32Emu.Emulator[0]
      Dispatching KERNEL32.DLL!GetFileType at EIP=0x0E000002 ESP=0x001FEDF4 stack=29 11 47 00 24 10 00 00 01 00 00 00 00 00 00 00
info: Win32Emu.Emulator[0]
      [Dispatcher] KERNEL32.DLL!GetFileType returned 0x00000001, argBytes=4
info: Win32Emu.Emulator[0]
      [Syscall] AFTER API: Return address at 0x001FEDF4 = 0x00471129
info: Win32Emu.Emulator[0]
      [Syscall] KERNEL32.DLL!SetFilePointer from stub at 0x0F000390
info: Win32Emu.Emulator[0]
      [Syscall] BEFORE API: Return address at 0x001FEE20 = 0x00472467
info: Win32Emu.Emulator[0]
      Dispatching KERNEL32.DLL!SetFilePointer at EIP=0x0E000002 ESP=0x001FEE20 stack=67 24 47 00 24 10 00 00 00 00 00 00 40 EE 1F 00
info: Win32Emu.Emulator[0]
      [Dispatcher] KERNEL32.DLL!SetFilePointer returned 0x00000000, argBytes=16
info: Win32Emu.Emulator[0]
      [Syscall] AFTER API: Return address at 0x001FEE20 = 0x00472467
info: Win32Emu.Emulator[0]
      [Syscall] KERNEL32.DLL!HeapAlloc from stub at 0x0F000120
info: Win32Emu.Emulator[0]
      [Syscall] BEFORE API: Return address at 0x001FEE00 = 0x004694A4
info: Win32Emu.Emulator[0]
      Dispatching KERNEL32.DLL!HeapAlloc at EIP=0x0E000002 ESP=0x001FEE00 stack=A4 94 46 00 40 20 00 01 00 00 00 00 00 10 00 00
info: Win32Emu.Emulator[0]
      [ProcessEnv] VirtualAlloc(lp=0x00000000, size=0x00001000, alloc=0x00001000, prot=0x00000004)
info: Win32Emu.Emulator[0]
      [ProcessEnv] VirtualAlloc: allocated at 0x0148D000, size=0x00001000, reserve=False, commit=True, topDown=False
info: Win32Emu.Emulator[0]
      [Dispatcher] KERNEL32.DLL!HeapAlloc returned 0x0148D000, argBytes=12
info: Win32Emu.Emulator[0]
      [Syscall] AFTER API: Return address at 0x001FEE00 = 0x004694A4
info: Win32Emu.Emulator[0]
      [Syscall] KERNEL32.DLL!ReadFile from stub at 0x0F000040
info: Win32Emu.Emulator[0]
      [Syscall] BEFORE API: Return address at 0x001FEDFC = 0x0046AC69
info: Win32Emu.Emulator[0]
      Dispatching KERNEL32.DLL!ReadFile at EIP=0x0E000002 ESP=0x001FEDFC stack=69 AC 46 00 24 10 00 00 00 D0 48 01 00 10 00 00
info: Win32Emu.Emulator[0]
      [Dispatcher] KERNEL32.DLL!ReadFile returned 0x00000001, argBytes=20
info: Win32Emu.Emulator[0]
      [Syscall] AFTER API: Return address at 0x001FEDFC = 0x0046AC69
info: Win32Emu.Emulator[0]
      [Syscall] KERNEL32.DLL!HeapFree from stub at 0x0F000130
info: Win32Emu.Emulator[0]
      [Syscall] BEFORE API: Return address at 0x001FEE40 = 0x004693FA
info: Win32Emu.Emulator[0]
      Dispatching KERNEL32.DLL!HeapFree at EIP=0x0E000002 ESP=0x001FEE40 stack=FA 93 46 00 40 20 00 01 00 00 00 00 00 D0 48 01
info: Win32Emu.Emulator[0]
      [Dispatcher] KERNEL32.DLL!HeapFree returned 0x00000001, argBytes=12
info: Win32Emu.Emulator[0]
      [Syscall] AFTER API: Return address at 0x001FEE40 = 0x004693FA
info: Win32Emu.Emulator[0]
      [Syscall] KERNEL32.DLL!CloseHandle from stub at 0x0F000230
info: Win32Emu.Emulator[0]
      [Syscall] BEFORE API: Return address at 0x001FEE50 = 0x0046AA3B
info: Win32Emu.Emulator[0]
      Dispatching KERNEL32.DLL!CloseHandle at EIP=0x0E000002 ESP=0x001FEE50 stack=3B AA 46 00 24 10 00 00 70 04 00 0F 00 00 00 00
info: Win32Emu.Emulator[0]
      [Dispatcher] KERNEL32.DLL!CloseHandle returned 0x00000001, argBytes=4
info: Win32Emu.Emulator[0]
      [Syscall] AFTER API: Return address at 0x001FEE50 = 0x0046AA3B
info: Win32Emu.Emulator[0]
      [Syscall] KERNEL32.DLL!CreateFileA from stub at 0x0F0003C0
info: Win32Emu.Emulator[0]
      [Syscall] BEFORE API: Return address at 0x001FEDC0 = 0x004710FF
info: Win32Emu.Emulator[0]
      Dispatching KERNEL32.DLL!CreateFileA at EIP=0x0E000002 ESP=0x001FEDC0 stack=FF 10 47 00 30 89 49 00 00 00 00 80 03 00 00 00
info: Win32Emu.Emulator[0]
      [Dispatcher] KERNEL32.DLL!CreateFileA returned 0x00001028, argBytes=28
info: Win32Emu.Emulator[0]
      [Syscall] AFTER API: Return address at 0x001FEDC0 = 0x004710FF
info: Win32Emu.Emulator[0]
      [Syscall] KERNEL32.DLL!GetFileType from stub at 0x0F000020
info: Win32Emu.Emulator[0]
      [Syscall] BEFORE API: Return address at 0x001FEDD8 = 0x00471129
info: Win32Emu.Emulator[0]
      Dispatching KERNEL32.DLL!GetFileType at EIP=0x0E000002 ESP=0x001FEDD8 stack=29 11 47 00 28 10 00 00 01 00 00 00 00 00 00 00
info: Win32Emu.Emulator[0]
      [Dispatcher] KERNEL32.DLL!GetFileType returned 0x00000001, argBytes=4
info: Win32Emu.Emulator[0]
      [Syscall] AFTER API: Return address at 0x001FEDD8 = 0x00471129
info: Win32Emu.Emulator[0]
      [Syscall] KERNEL32.DLL!CloseHandle from stub at 0x0F000230
info: Win32Emu.Emulator[0]
      [Syscall] BEFORE API: Return address at 0x001FEE34 = 0x0046AA3B
info: Win32Emu.Emulator[0]
      Dispatching KERNEL32.DLL!CloseHandle at EIP=0x0E000002 ESP=0x001FEE34 stack=3B AA 46 00 28 10 00 00 70 04 00 0F 00 00 00 00
info: Win32Emu.Emulator[0]
      [Dispatcher] KERNEL32.DLL!CloseHandle returned 0x00000001, argBytes=4
info: Win32Emu.Emulator[0]
      [Syscall] AFTER API: Return address at 0x001FEE34 = 0x0046AA3B
info: Win32Emu.Emulator[0]
      [Syscall] KERNEL32.DLL!CreateFileA from stub at 0x0F0003C0
info: Win32Emu.Emulator[0]
      [Syscall] BEFORE API: Return address at 0x001FEDB8 = 0x004710FF
info: Win32Emu.Emulator[0]
      Dispatching KERNEL32.DLL!CreateFileA at EIP=0x0E000002 ESP=0x001FEDB8 stack=FF 10 47 00 30 89 49 00 00 00 00 80 03 00 00 00
info: Win32Emu.Emulator[0]
      [Dispatcher] KERNEL32.DLL!CreateFileA returned 0x0000102C, argBytes=28
info: Win32Emu.Emulator[0]
      [Syscall] AFTER API: Return address at 0x001FEDB8 = 0x004710FF
info: Win32Emu.Emulator[0]
      [Syscall] KERNEL32.DLL!GetFileType from stub at 0x0F000020
info: Win32Emu.Emulator[0]
      [Syscall] BEFORE API: Return address at 0x001FEDD0 = 0x00471129
info: Win32Emu.Emulator[0]
      Dispatching KERNEL32.DLL!GetFileType at EIP=0x0E000002 ESP=0x001FEDD0 stack=29 11 47 00 2C 10 00 00 01 00 00 00 00 00 00 00
info: Win32Emu.Emulator[0]
      [Dispatcher] KERNEL32.DLL!GetFileType returned 0x00000001, argBytes=4
info: Win32Emu.Emulator[0]
      [Syscall] AFTER API: Return address at 0x001FEDD0 = 0x00471129
info: Win32Emu.Emulator[0]
      [Syscall] KERNEL32.DLL!SetFilePointer from stub at 0x0F000390
info: Win32Emu.Emulator[0]
      [Syscall] BEFORE API: Return address at 0x001FEDEC = 0x0046F88A
info: Win32Emu.Emulator[0]
      Dispatching KERNEL32.DLL!SetFilePointer at EIP=0x0E000002 ESP=0x001FEDEC stack=8A F8 46 00 2C 10 00 00 00 00 00 00 00 00 00 00
info: Win32Emu.Emulator[0]
      [Dispatcher] KERNEL32.DLL!SetFilePointer returned 0x00000000, argBytes=16
info: Win32Emu.Emulator[0]
      [Syscall] AFTER API: Return address at 0x001FEDEC = 0x0046F88A
info: Win32Emu.Emulator[0]
      [Syscall] KERNEL32.DLL!SetFilePointer from stub at 0x0F000390
info: Win32Emu.Emulator[0]
      [Syscall] BEFORE API: Return address at 0x001FEDFC = 0x0046F88A
info: Win32Emu.Emulator[0]
      Dispatching KERNEL32.DLL!SetFilePointer at EIP=0x0E000002 ESP=0x001FEDFC stack=8A F8 46 00 2C 10 00 00 00 00 00 00 00 00 00 00
info: Win32Emu.Emulator[0]
      [Dispatcher] KERNEL32.DLL!SetFilePointer returned 0x0000380D, argBytes=16
info: Win32Emu.Emulator[0]
      [Syscall] AFTER API: Return address at 0x001FEDFC = 0x0046F88A
info: Win32Emu.Emulator[0]
      [Syscall] KERNEL32.DLL!SetFilePointer from stub at 0x0F000390
info: Win32Emu.Emulator[0]
      [Syscall] BEFORE API: Return address at 0x001FEDEC = 0x0046F88A
info: Win32Emu.Emulator[0]
      Dispatching KERNEL32.DLL!SetFilePointer at EIP=0x0E000002 ESP=0x001FEDEC stack=8A F8 46 00 2C 10 00 00 00 00 00 00 00 00 00 00
info: Win32Emu.Emulator[0]
      [Dispatcher] KERNEL32.DLL!SetFilePointer returned 0x0000380D, argBytes=16
info: Win32Emu.Emulator[0]
      [Syscall] AFTER API: Return address at 0x001FEDEC = 0x0046F88A
info: Win32Emu.Emulator[0]
      [Syscall] KERNEL32.DLL!SetFilePointer from stub at 0x0F000390
info: Win32Emu.Emulator[0]
      [Syscall] BEFORE API: Return address at 0x001FEDFC = 0x0046F88A
info: Win32Emu.Emulator[0]
      Dispatching KERNEL32.DLL!SetFilePointer at EIP=0x0E000002 ESP=0x001FEDFC stack=8A F8 46 00 2C 10 00 00 00 00 00 00 00 00 00 00
info: Win32Emu.Emulator[0]
      [Dispatcher] KERNEL32.DLL!SetFilePointer returned 0x00000000, argBytes=16
info: Win32Emu.Emulator[0]
      [Syscall] AFTER API: Return address at 0x001FEDFC = 0x0046F88A
info: Win32Emu.Emulator[0]
      [Syscall] KERNEL32.DLL!CloseHandle from stub at 0x0F000230
info: Win32Emu.Emulator[0]
      [Syscall] BEFORE API: Return address at 0x001FEE2C = 0x0046AA3B
info: Win32Emu.Emulator[0]
      Dispatching KERNEL32.DLL!CloseHandle at EIP=0x0E000002 ESP=0x001FEE2C stack=3B AA 46 00 2C 10 00 00 70 04 00 0F 00 00 00 00
info: Win32Emu.Emulator[0]
      [Dispatcher] KERNEL32.DLL!CloseHandle returned 0x00000001, argBytes=4
info: Win32Emu.Emulator[0]
      [Syscall] AFTER API: Return address at 0x001FEE2C = 0x0046AA3B
info: Win32Emu.Emulator[0]
      [Syscall] KERNEL32.DLL!HeapAlloc from stub at 0x0F000120
info: Win32Emu.Emulator[0]
      [Syscall] BEFORE API: Return address at 0x001FEE10 = 0x004694A4
info: Win32Emu.Emulator[0]
      Dispatching KERNEL32.DLL!HeapAlloc at EIP=0x0E000002 ESP=0x001FEE10 stack=A4 94 46 00 40 20 00 01 00 00 00 00 10 38 00 00
info: Win32Emu.Emulator[0]
      [ProcessEnv] VirtualAlloc(lp=0x00000000, size=0x00003810, alloc=0x00001000, prot=0x00000004)
info: Win32Emu.Emulator[0]
      [ProcessEnv] VirtualAlloc: allocated at 0x0148E000, size=0x00004000, reserve=False, commit=True, topDown=False
info: Win32Emu.Emulator[0]
      [Dispatcher] KERNEL32.DLL!HeapAlloc returned 0x0148E000, argBytes=12
info: Win32Emu.Emulator[0]
      [Syscall] AFTER API: Return address at 0x001FEE10 = 0x004694A4
info: Win32Emu.Emulator[0]
      [Syscall] KERNEL32.DLL!CreateFileA from stub at 0x0F0003C0
info: Win32Emu.Emulator[0]
      [Syscall] BEFORE API: Return address at 0x001FEDC8 = 0x004710FF
info: Win32Emu.Emulator[0]
      Dispatching KERNEL32.DLL!CreateFileA at EIP=0x0E000002 ESP=0x001FEDC8 stack=FF 10 47 00 30 89 49 00 00 00 00 80 03 00 00 00
info: Win32Emu.Emulator[0]
      [Dispatcher] KERNEL32.DLL!CreateFileA returned 0x00001030, argBytes=28
info: Win32Emu.Emulator[0]
      [Syscall] AFTER API: Return address at 0x001FEDC8 = 0x004710FF
info: Win32Emu.Emulator[0]
      [Syscall] KERNEL32.DLL!GetFileType from stub at 0x0F000020
info: Win32Emu.Emulator[0]
      [Syscall] BEFORE API: Return address at 0x001FEDE0 = 0x00471129
info: Win32Emu.Emulator[0]
      Dispatching KERNEL32.DLL!GetFileType at EIP=0x0E000002 ESP=0x001FEDE0 stack=29 11 47 00 30 10 00 00 01 00 00 00 00 00 00 00
info: Win32Emu.Emulator[0]
      [Dispatcher] KERNEL32.DLL!GetFileType returned 0x00000001, argBytes=4
info: Win32Emu.Emulator[0]
      [Syscall] AFTER API: Return address at 0x001FEDE0 = 0x00471129
info: Win32Emu.Emulator[0]
      [Syscall] KERNEL32.DLL!SetFilePointer from stub at 0x0F000390
info: Win32Emu.Emulator[0]
      [Syscall] BEFORE API: Return address at 0x001FEE0C = 0x00472467
info: Win32Emu.Emulator[0]
      Dispatching KERNEL32.DLL!SetFilePointer at EIP=0x0E000002 ESP=0x001FEE0C stack=67 24 47 00 30 10 00 00 00 00 00 00 2C EE 1F 00
info: Win32Emu.Emulator[0]
      [Dispatcher] KERNEL32.DLL!SetFilePointer returned 0x00000000, argBytes=16
info: Win32Emu.Emulator[0]
      [Syscall] AFTER API: Return address at 0x001FEE0C = 0x00472467
info: Win32Emu.Emulator[0]
      [Syscall] KERNEL32.DLL!HeapAlloc from stub at 0x0F000120
info: Win32Emu.Emulator[0]
      [Syscall] BEFORE API: Return address at 0x001FEDEC = 0x004694A4
info: Win32Emu.Emulator[0]
      Dispatching KERNEL32.DLL!HeapAlloc at EIP=0x0E000002 ESP=0x001FEDEC stack=A4 94 46 00 40 20 00 01 00 00 00 00 00 10 00 00
info: Win32Emu.Emulator[0]
      [ProcessEnv] VirtualAlloc(lp=0x00000000, size=0x00001000, alloc=0x00001000, prot=0x00000004)
info: Win32Emu.Emulator[0]
      [ProcessEnv] VirtualAlloc: allocated at 0x01492000, size=0x00001000, reserve=False, commit=True, topDown=False
info: Win32Emu.Emulator[0]
      [Dispatcher] KERNEL32.DLL!HeapAlloc returned 0x01492000, argBytes=12
info: Win32Emu.Emulator[0]
      [Syscall] AFTER API: Return address at 0x001FEDEC = 0x004694A4
info: Win32Emu.Emulator[0]
      [Syscall] KERNEL32.DLL!ReadFile from stub at 0x0F000040
info: Win32Emu.Emulator[0]
      [Syscall] BEFORE API: Return address at 0x001FEDE8 = 0x0046AC69
info: Win32Emu.Emulator[0]
      Dispatching KERNEL32.DLL!ReadFile at EIP=0x0E000002 ESP=0x001FEDE8 stack=69 AC 46 00 30 10 00 00 00 20 49 01 00 10 00 00
info: Win32Emu.Emulator[0]
      [Dispatcher] KERNEL32.DLL!ReadFile returned 0x00000001, argBytes=20
info: Win32Emu.Emulator[0]
      [Syscall] AFTER API: Return address at 0x001FEDE8 = 0x0046AC69
info: Win32Emu.Emulator[0]
      [Syscall] KERNEL32.DLL!HeapFree from stub at 0x0F000130
info: Win32Emu.Emulator[0]
      [Syscall] BEFORE API: Return address at 0x001FEE2C = 0x004693FA
info: Win32Emu.Emulator[0]
      Dispatching KERNEL32.DLL!HeapFree at EIP=0x0E000002 ESP=0x001FEE2C stack=FA 93 46 00 40 20 00 01 00 00 00 00 00 20 49 01
info: Win32Emu.Emulator[0]
      [Dispatcher] KERNEL32.DLL!HeapFree returned 0x00000001, argBytes=12
info: Win32Emu.Emulator[0]
      [Syscall] AFTER API: Return address at 0x001FEE2C = 0x004693FA
info: Win32Emu.Emulator[0]
      [Syscall] KERNEL32.DLL!CloseHandle from stub at 0x0F000230
info: Win32Emu.Emulator[0]
      [Syscall] BEFORE API: Return address at 0x001FEE3C = 0x0046AA3B
info: Win32Emu.Emulator[0]
      Dispatching KERNEL32.DLL!CloseHandle at EIP=0x0E000002 ESP=0x001FEE3C stack=3B AA 46 00 30 10 00 00 70 04 00 0F 00 00 00 00
info: Win32Emu.Emulator[0]
      [Dispatcher] KERNEL32.DLL!CloseHandle returned 0x00000001, argBytes=4
info: Win32Emu.Emulator[0]
      [Syscall] AFTER API: Return address at 0x001FEE3C = 0x0046AA3B
info: Win32Emu.Emulator[0]
      [Syscall] KERNEL32.DLL!HeapFree from stub at 0x0F000130
info: Win32Emu.Emulator[0]
      [Syscall] BEFORE API: Return address at 0x001FEE44 = 0x004693FA
info: Win32Emu.Emulator[0]
      Dispatching KERNEL32.DLL!HeapFree at EIP=0x0E000002 ESP=0x001FEE44 stack=FA 93 46 00 40 20 00 01 00 00 00 00 00 E0 48 01
info: Win32Emu.Emulator[0]
      [Dispatcher] KERNEL32.DLL!HeapFree returned 0x00000001, argBytes=12
info: Win32Emu.Emulator[0]
      [Syscall] AFTER API: Return address at 0x001FEE44 = 0x004693FA
info: Win32Emu.Emulator[0]
      [Syscall] KERNEL32.DLL!CreateFileA from stub at 0x0F0003C0
info: Win32Emu.Emulator[0]
      [Syscall] BEFORE API: Return address at 0x001FEDC0 = 0x004710FF
info: Win32Emu.Emulator[0]
      Dispatching KERNEL32.DLL!CreateFileA at EIP=0x0E000002 ESP=0x001FEDC0 stack=FF 10 47 00 14 89 49 00 00 00 00 80 03 00 00 00
info: Win32Emu.Emulator[0]
      [Dispatcher] KERNEL32.DLL!CreateFileA returned 0x00001034, argBytes=28
info: Win32Emu.Emulator[0]
      [Syscall] AFTER API: Return address at 0x001FEDC0 = 0x004710FF
info: Win32Emu.Emulator[0]
      [Syscall] KERNEL32.DLL!GetFileType from stub at 0x0F000020
info: Win32Emu.Emulator[0]
      [Syscall] BEFORE API: Return address at 0x001FEDD8 = 0x00471129
info: Win32Emu.Emulator[0]
      Dispatching KERNEL32.DLL!GetFileType at EIP=0x0E000002 ESP=0x001FEDD8 stack=29 11 47 00 34 10 00 00 01 00 00 00 00 00 00 00
info: Win32Emu.Emulator[0]
      [Dispatcher] KERNEL32.DLL!GetFileType returned 0x00000001, argBytes=4
info: Win32Emu.Emulator[0]
      [Syscall] AFTER API: Return address at 0x001FEDD8 = 0x00471129
info: Win32Emu.Emulator[0]
      [Syscall] KERNEL32.DLL!CloseHandle from stub at 0x0F000230
info: Win32Emu.Emulator[0]
      [Syscall] BEFORE API: Return address at 0x001FEE34 = 0x0046AA3B
info: Win32Emu.Emulator[0]
      Dispatching KERNEL32.DLL!CloseHandle at EIP=0x0E000002 ESP=0x001FEE34 stack=3B AA 46 00 34 10 00 00 70 04 00 0F 00 00 00 00
info: Win32Emu.Emulator[0]
      [Dispatcher] KERNEL32.DLL!CloseHandle returned 0x00000001, argBytes=4
info: Win32Emu.Emulator[0]
      [Syscall] AFTER API: Return address at 0x001FEE34 = 0x0046AA3B
info: Win32Emu.Emulator[0]
      [Syscall] KERNEL32.DLL!CreateFileA from stub at 0x0F0003C0
info: Win32Emu.Emulator[0]
      [Syscall] BEFORE API: Return address at 0x001FEDB8 = 0x004710FF
info: Win32Emu.Emulator[0]
      Dispatching KERNEL32.DLL!CreateFileA at EIP=0x0E000002 ESP=0x001FEDB8 stack=FF 10 47 00 14 89 49 00 00 00 00 80 03 00 00 00
info: Win32Emu.Emulator[0]
      [Dispatcher] KERNEL32.DLL!CreateFileA returned 0x00001038, argBytes=28
info: Win32Emu.Emulator[0]
      [Syscall] AFTER API: Return address at 0x001FEDB8 = 0x004710FF
info: Win32Emu.Emulator[0]
      [Syscall] KERNEL32.DLL!GetFileType from stub at 0x0F000020
info: Win32Emu.Emulator[0]
      [Syscall] BEFORE API: Return address at 0x001FEDD0 = 0x00471129
info: Win32Emu.Emulator[0]
      Dispatching KERNEL32.DLL!GetFileType at EIP=0x0E000002 ESP=0x001FEDD0 stack=29 11 47 00 38 10 00 00 01 00 00 00 00 00 00 00
info: Win32Emu.Emulator[0]
      [Dispatcher] KERNEL32.DLL!GetFileType returned 0x00000001, argBytes=4
info: Win32Emu.Emulator[0]
      [Syscall] AFTER API: Return address at 0x001FEDD0 = 0x00471129
info: Win32Emu.Emulator[0]
      [Syscall] KERNEL32.DLL!SetFilePointer from stub at 0x0F000390
info: Win32Emu.Emulator[0]
      [Syscall] BEFORE API: Return address at 0x001FEDEC = 0x0046F88A
info: Win32Emu.Emulator[0]
      Dispatching KERNEL32.DLL!SetFilePointer at EIP=0x0E000002 ESP=0x001FEDEC stack=8A F8 46 00 38 10 00 00 00 00 00 00 00 00 00 00
info: Win32Emu.Emulator[0]
      [Dispatcher] KERNEL32.DLL!SetFilePointer returned 0x00000000, argBytes=16
info: Win32Emu.Emulator[0]
      [Syscall] AFTER API: Return address at 0x001FEDEC = 0x0046F88A
info: Win32Emu.Emulator[0]
      [Syscall] KERNEL32.DLL!SetFilePointer from stub at 0x0F000390
info: Win32Emu.Emulator[0]
      [Syscall] BEFORE API: Return address at 0x001FEDFC = 0x0046F88A
info: Win32Emu.Emulator[0]
      Dispatching KERNEL32.DLL!SetFilePointer at EIP=0x0E000002 ESP=0x001FEDFC stack=8A F8 46 00 38 10 00 00 00 00 00 00 00 00 00 00
info: Win32Emu.Emulator[0]
      [Dispatcher] KERNEL32.DLL!SetFilePointer returned 0x0000380D, argBytes=16
info: Win32Emu.Emulator[0]
      [Syscall] AFTER API: Return address at 0x001FEDFC = 0x0046F88A
info: Win32Emu.Emulator[0]
      [Syscall] KERNEL32.DLL!SetFilePointer from stub at 0x0F000390
info: Win32Emu.Emulator[0]
      [Syscall] BEFORE API: Return address at 0x001FEDEC = 0x0046F88A
info: Win32Emu.Emulator[0]
      Dispatching KERNEL32.DLL!SetFilePointer at EIP=0x0E000002 ESP=0x001FEDEC stack=8A F8 46 00 38 10 00 00 00 00 00 00 00 00 00 00
info: Win32Emu.Emulator[0]
      [Dispatcher] KERNEL32.DLL!SetFilePointer returned 0x0000380D, argBytes=16
info: Win32Emu.Emulator[0]
      [Syscall] AFTER API: Return address at 0x001FEDEC = 0x0046F88A
info: Win32Emu.Emulator[0]
      [Syscall] KERNEL32.DLL!SetFilePointer from stub at 0x0F000390
info: Win32Emu.Emulator[0]
      [Syscall] BEFORE API: Return address at 0x001FEDFC = 0x0046F88A
info: Win32Emu.Emulator[0]
      Dispatching KERNEL32.DLL!SetFilePointer at EIP=0x0E000002 ESP=0x001FEDFC stack=8A F8 46 00 38 10 00 00 00 00 00 00 00 00 00 00
info: Win32Emu.Emulator[0]
      [Dispatcher] KERNEL32.DLL!SetFilePointer returned 0x00000000, argBytes=16
info: Win32Emu.Emulator[0]
      [Syscall] AFTER API: Return address at 0x001FEDFC = 0x0046F88A
info: Win32Emu.Emulator[0]
      [Syscall] KERNEL32.DLL!CloseHandle from stub at 0x0F000230
info: Win32Emu.Emulator[0]
      [Syscall] BEFORE API: Return address at 0x001FEE2C = 0x0046AA3B
info: Win32Emu.Emulator[0]
      Dispatching KERNEL32.DLL!CloseHandle at EIP=0x0E000002 ESP=0x001FEE2C stack=3B AA 46 00 38 10 00 00 70 04 00 0F 00 00 00 00
info: Win32Emu.Emulator[0]
      [Dispatcher] KERNEL32.DLL!CloseHandle returned 0x00000001, argBytes=4
info: Win32Emu.Emulator[0]
      [Syscall] AFTER API: Return address at 0x001FEE2C = 0x0046AA3B
info: Win32Emu.Emulator[0]
      [Syscall] KERNEL32.DLL!HeapAlloc from stub at 0x0F000120
info: Win32Emu.Emulator[0]
      [Syscall] BEFORE API: Return address at 0x001FEE10 = 0x004694A4
info: Win32Emu.Emulator[0]
      Dispatching KERNEL32.DLL!HeapAlloc at EIP=0x0E000002 ESP=0x001FEE10 stack=A4 94 46 00 40 20 00 01 00 00 00 00 10 38 00 00
info: Win32Emu.Emulator[0]
      [ProcessEnv] VirtualAlloc(lp=0x00000000, size=0x00003810, alloc=0x00001000, prot=0x00000004)
info: Win32Emu.Emulator[0]
      [ProcessEnv] VirtualAlloc: allocated at 0x01493000, size=0x00004000, reserve=False, commit=True, topDown=False
info: Win32Emu.Emulator[0]
      [Dispatcher] KERNEL32.DLL!HeapAlloc returned 0x01493000, argBytes=12
info: Win32Emu.Emulator[0]
      [Syscall] AFTER API: Return address at 0x001FEE10 = 0x004694A4
info: Win32Emu.Emulator[0]
      [Syscall] KERNEL32.DLL!CreateFileA from stub at 0x0F0003C0
info: Win32Emu.Emulator[0]
      [Syscall] BEFORE API: Return address at 0x001FEDC8 = 0x004710FF
info: Win32Emu.Emulator[0]
      Dispatching KERNEL32.DLL!CreateFileA at EIP=0x0E000002 ESP=0x001FEDC8 stack=FF 10 47 00 14 89 49 00 00 00 00 80 03 00 00 00
info: Win32Emu.Emulator[0]
      [Dispatcher] KERNEL32.DLL!CreateFileA returned 0x0000103C, argBytes=28
info: Win32Emu.Emulator[0]
      [Syscall] AFTER API: Return address at 0x001FEDC8 = 0x004710FF
info: Win32Emu.Emulator[0]
      [Syscall] KERNEL32.DLL!GetFileType from stub at 0x0F000020
info: Win32Emu.Emulator[0]
      [Syscall] BEFORE API: Return address at 0x001FEDE0 = 0x00471129
info: Win32Emu.Emulator[0]
      Dispatching KERNEL32.DLL!GetFileType at EIP=0x0E000002 ESP=0x001FEDE0 stack=29 11 47 00 3C 10 00 00 01 00 00 00 00 00 00 00
info: Win32Emu.Emulator[0]
      [Dispatcher] KERNEL32.DLL!GetFileType returned 0x00000001, argBytes=4
info: Win32Emu.Emulator[0]
      [Syscall] AFTER API: Return address at 0x001FEDE0 = 0x00471129
info: Win32Emu.Emulator[0]
      [Syscall] KERNEL32.DLL!SetFilePointer from stub at 0x0F000390
info: Win32Emu.Emulator[0]
      [Syscall] BEFORE API: Return address at 0x001FEE0C = 0x00472467
info: Win32Emu.Emulator[0]
      Dispatching KERNEL32.DLL!SetFilePointer at EIP=0x0E000002 ESP=0x001FEE0C stack=67 24 47 00 3C 10 00 00 00 00 00 00 2C EE 1F 00
info: Win32Emu.Emulator[0]
      [Dispatcher] KERNEL32.DLL!SetFilePointer returned 0x00000000, argBytes=16
info: Win32Emu.Emulator[0]
      [Syscall] AFTER API: Return address at 0x001FEE0C = 0x00472467
info: Win32Emu.Emulator[0]
      [Syscall] KERNEL32.DLL!HeapAlloc from stub at 0x0F000120
info: Win32Emu.Emulator[0]
      [Syscall] BEFORE API: Return address at 0x001FEDEC = 0x004694A4
info: Win32Emu.Emulator[0]
      Dispatching KERNEL32.DLL!HeapAlloc at EIP=0x0E000002 ESP=0x001FEDEC stack=A4 94 46 00 40 20 00 01 00 00 00 00 00 10 00 00
info: Win32Emu.Emulator[0]
      [ProcessEnv] VirtualAlloc(lp=0x00000000, size=0x00001000, alloc=0x00001000, prot=0x00000004)
info: Win32Emu.Emulator[0]
      [ProcessEnv] VirtualAlloc: allocated at 0x01497000, size=0x00001000, reserve=False, commit=True, topDown=False
info: Win32Emu.Emulator[0]
      [Dispatcher] KERNEL32.DLL!HeapAlloc returned 0x01497000, argBytes=12
info: Win32Emu.Emulator[0]
      [Syscall] AFTER API: Return address at 0x001FEDEC = 0x004694A4
info: Win32Emu.Emulator[0]
      [Syscall] KERNEL32.DLL!ReadFile from stub at 0x0F000040
info: Win32Emu.Emulator[0]
      [Syscall] BEFORE API: Return address at 0x001FEDE8 = 0x0046AC69
info: Win32Emu.Emulator[0]
      Dispatching KERNEL32.DLL!ReadFile at EIP=0x0E000002 ESP=0x001FEDE8 stack=69 AC 46 00 3C 10 00 00 00 70 49 01 00 10 00 00
info: Win32Emu.Emulator[0]
      [Dispatcher] KERNEL32.DLL!ReadFile returned 0x00000001, argBytes=20
info: Win32Emu.Emulator[0]
      [Syscall] AFTER API: Return address at 0x001FEDE8 = 0x0046AC69
info: Win32Emu.Emulator[0]
      [Syscall] KERNEL32.DLL!HeapFree from stub at 0x0F000130
info: Win32Emu.Emulator[0]
      [Syscall] BEFORE API: Return address at 0x001FEE2C = 0x004693FA
info: Win32Emu.Emulator[0]
      Dispatching KERNEL32.DLL!HeapFree at EIP=0x0E000002 ESP=0x001FEE2C stack=FA 93 46 00 40 20 00 01 00 00 00 00 00 70 49 01
info: Win32Emu.Emulator[0]
      [Dispatcher] KERNEL32.DLL!HeapFree returned 0x00000001, argBytes=12
info: Win32Emu.Emulator[0]
      [Syscall] AFTER API: Return address at 0x001FEE2C = 0x004693FA
info: Win32Emu.Emulator[0]
      [Syscall] KERNEL32.DLL!CloseHandle from stub at 0x0F000230
info: Win32Emu.Emulator[0]
      [Syscall] BEFORE API: Return address at 0x001FEE3C = 0x0046AA3B
info: Win32Emu.Emulator[0]
      Dispatching KERNEL32.DLL!CloseHandle at EIP=0x0E000002 ESP=0x001FEE3C stack=3B AA 46 00 3C 10 00 00 70 04 00 0F 00 00 00 00
info: Win32Emu.Emulator[0]
      [Dispatcher] KERNEL32.DLL!CloseHandle returned 0x00000001, argBytes=4
info: Win32Emu.Emulator[0]
      [Syscall] AFTER API: Return address at 0x001FEE3C = 0x0046AA3B
info: Win32Emu.Emulator[0]
      [Syscall] KERNEL32.DLL!HeapFree from stub at 0x0F000130
info: Win32Emu.Emulator[0]
      [Syscall] BEFORE API: Return address at 0x001FEE44 = 0x004693FA
info: Win32Emu.Emulator[0]
      Dispatching KERNEL32.DLL!HeapFree at EIP=0x0E000002 ESP=0x001FEE44 stack=FA 93 46 00 40 20 00 01 00 00 00 00 00 30 49 01
info: Win32Emu.Emulator[0]
      [Dispatcher] KERNEL32.DLL!HeapFree returned 0x00000001, argBytes=12
info: Win32Emu.Emulator[0]
      [Syscall] AFTER API: Return address at 0x001FEE44 = 0x004693FA
info: Win32Emu.Emulator[0]
      [Syscall] KERNEL32.DLL!CreateFileA from stub at 0x0F0003C0
info: Win32Emu.Emulator[0]
      [Syscall] BEFORE API: Return address at 0x001FEDC0 = 0x004710FF
info: Win32Emu.Emulator[0]
      Dispatching KERNEL32.DLL!CreateFileA at EIP=0x0E000002 ESP=0x001FEDC0 stack=FF 10 47 00 F8 88 49 00 00 00 00 80 03 00 00 00
info: Win32Emu.Emulator[0]
      [Dispatcher] KERNEL32.DLL!CreateFileA returned 0x00001040, argBytes=28
info: Win32Emu.Emulator[0]
      [Syscall] AFTER API: Return address at 0x001FEDC0 = 0x004710FF
info: Win32Emu.Emulator[0]
      [Syscall] KERNEL32.DLL!GetFileType from stub at 0x0F000020
info: Win32Emu.Emulator[0]
      [Syscall] BEFORE API: Return address at 0x001FEDD8 = 0x00471129
info: Win32Emu.Emulator[0]
      Dispatching KERNEL32.DLL!GetFileType at EIP=0x0E000002 ESP=0x001FEDD8 stack=29 11 47 00 40 10 00 00 01 00 00 00 00 00 00 00
info: Win32Emu.Emulator[0]
      [Dispatcher] KERNEL32.DLL!GetFileType returned 0x00000001, argBytes=4
info: Win32Emu.Emulator[0]
      [Syscall] AFTER API: Return address at 0x001FEDD8 = 0x00471129
info: Win32Emu.Emulator[0]
      [Syscall] KERNEL32.DLL!CloseHandle from stub at 0x0F000230
info: Win32Emu.Emulator[0]
      [Syscall] BEFORE API: Return address at 0x001FEE34 = 0x0046AA3B
info: Win32Emu.Emulator[0]
      Dispatching KERNEL32.DLL!CloseHandle at EIP=0x0E000002 ESP=0x001FEE34 stack=3B AA 46 00 40 10 00 00 70 04 00 0F 00 00 00 00
info: Win32Emu.Emulator[0]
      [Dispatcher] KERNEL32.DLL!CloseHandle returned 0x00000001, argBytes=4
info: Win32Emu.Emulator[0]
      [Syscall] AFTER API: Return address at 0x001FEE34 = 0x0046AA3B
info: Win32Emu.Emulator[0]
      [Syscall] KERNEL32.DLL!CreateFileA from stub at 0x0F0003C0
info: Win32Emu.Emulator[0]
      [Syscall] BEFORE API: Return address at 0x001FEDB8 = 0x004710FF
info: Win32Emu.Emulator[0]
      Dispatching KERNEL32.DLL!CreateFileA at EIP=0x0E000002 ESP=0x001FEDB8 stack=FF 10 47 00 F8 88 49 00 00 00 00 80 03 00 00 00
info: Win32Emu.Emulator[0]
      [Dispatcher] KERNEL32.DLL!CreateFileA returned 0x00001044, argBytes=28
info: Win32Emu.Emulator[0]
      [Syscall] AFTER API: Return address at 0x001FEDB8 = 0x004710FF
info: Win32Emu.Emulator[0]
      [Syscall] KERNEL32.DLL!GetFileType from stub at 0x0F000020
info: Win32Emu.Emulator[0]
      [Syscall] BEFORE API: Return address at 0x001FEDD0 = 0x00471129
info: Win32Emu.Emulator[0]
      Dispatching KERNEL32.DLL!GetFileType at EIP=0x0E000002 ESP=0x001FEDD0 stack=29 11 47 00 44 10 00 00 01 00 00 00 00 00 00 00
info: Win32Emu.Emulator[0]
      [Dispatcher] KERNEL32.DLL!GetFileType returned 0x00000001, argBytes=4
info: Win32Emu.Emulator[0]
      [Syscall] AFTER API: Return address at 0x001FEDD0 = 0x00471129
info: Win32Emu.Emulator[0]
      [Syscall] KERNEL32.DLL!SetFilePointer from stub at 0x0F000390
info: Win32Emu.Emulator[0]
      [Syscall] BEFORE API: Return address at 0x001FEDEC = 0x0046F88A
info: Win32Emu.Emulator[0]
      Dispatching KERNEL32.DLL!SetFilePointer at EIP=0x0E000002 ESP=0x001FEDEC stack=8A F8 46 00 44 10 00 00 00 00 00 00 00 00 00 00
info: Win32Emu.Emulator[0]
      [Dispatcher] KERNEL32.DLL!SetFilePointer returned 0x00000000, argBytes=16
info: Win32Emu.Emulator[0]
      [Syscall] AFTER API: Return address at 0x001FEDEC = 0x0046F88A
info: Win32Emu.Emulator[0]
      [Syscall] KERNEL32.DLL!SetFilePointer from stub at 0x0F000390
info: Win32Emu.Emulator[0]
      [Syscall] BEFORE API: Return address at 0x001FEDFC = 0x0046F88A
info: Win32Emu.Emulator[0]
      Dispatching KERNEL32.DLL!SetFilePointer at EIP=0x0E000002 ESP=0x001FEDFC stack=8A F8 46 00 44 10 00 00 00 00 00 00 00 00 00 00
info: Win32Emu.Emulator[0]
      [Dispatcher] KERNEL32.DLL!SetFilePointer returned 0x0000380D, argBytes=16
info: Win32Emu.Emulator[0]
      [Syscall] AFTER API: Return address at 0x001FEDFC = 0x0046F88A
info: Win32Emu.Emulator[0]
      [Syscall] KERNEL32.DLL!SetFilePointer from stub at 0x0F000390
info: Win32Emu.Emulator[0]
      [Syscall] BEFORE API: Return address at 0x001FEDEC = 0x0046F88A
info: Win32Emu.Emulator[0]
      Dispatching KERNEL32.DLL!SetFilePointer at EIP=0x0E000002 ESP=0x001FEDEC stack=8A F8 46 00 44 10 00 00 00 00 00 00 00 00 00 00
info: Win32Emu.Emulator[0]
      [Dispatcher] KERNEL32.DLL!SetFilePointer returned 0x0000380D, argBytes=16
info: Win32Emu.Emulator[0]
      [Syscall] AFTER API: Return address at 0x001FEDEC = 0x0046F88A
info: Win32Emu.Emulator[0]
      [Syscall] KERNEL32.DLL!SetFilePointer from stub at 0x0F000390
info: Win32Emu.Emulator[0]
      [Syscall] BEFORE API: Return address at 0x001FEDFC = 0x0046F88A
info: Win32Emu.Emulator[0]
      Dispatching KERNEL32.DLL!SetFilePointer at EIP=0x0E000002 ESP=0x001FEDFC stack=8A F8 46 00 44 10 00 00 00 00 00 00 00 00 00 00
info: Win32Emu.Emulator[0]
      [Dispatcher] KERNEL32.DLL!SetFilePointer returned 0x00000000, argBytes=16
info: Win32Emu.Emulator[0]
      [Syscall] AFTER API: Return address at 0x001FEDFC = 0x0046F88A
info: Win32Emu.Emulator[0]
      [Syscall] KERNEL32.DLL!CloseHandle from stub at 0x0F000230
info: Win32Emu.Emulator[0]
      [Syscall] BEFORE API: Return address at 0x001FEE2C = 0x0046AA3B
info: Win32Emu.Emulator[0]
      Dispatching KERNEL32.DLL!CloseHandle at EIP=0x0E000002 ESP=0x001FEE2C stack=3B AA 46 00 44 10 00 00 70 04 00 0F 00 00 00 00
info: Win32Emu.Emulator[0]
      [Dispatcher] KERNEL32.DLL!CloseHandle returned 0x00000001, argBytes=4
info: Win32Emu.Emulator[0]
      [Syscall] AFTER API: Return address at 0x001FEE2C = 0x0046AA3B
info: Win32Emu.Emulator[0]
      [Syscall] KERNEL32.DLL!HeapAlloc from stub at 0x0F000120
info: Win32Emu.Emulator[0]
      [Syscall] BEFORE API: Return address at 0x001FEE10 = 0x004694A4
info: Win32Emu.Emulator[0]
      Dispatching KERNEL32.DLL!HeapAlloc at EIP=0x0E000002 ESP=0x001FEE10 stack=A4 94 46 00 40 20 00 01 00 00 00 00 10 38 00 00
info: Win32Emu.Emulator[0]
      [ProcessEnv] VirtualAlloc(lp=0x00000000, size=0x00003810, alloc=0x00001000, prot=0x00000004)
info: Win32Emu.Emulator[0]
      [ProcessEnv] VirtualAlloc: allocated at 0x01498000, size=0x00004000, reserve=False, commit=True, topDown=False
info: Win32Emu.Emulator[0]
      [Dispatcher] KERNEL32.DLL!HeapAlloc returned 0x01498000, argBytes=12
info: Win32Emu.Emulator[0]
      [Syscall] AFTER API: Return address at 0x001FEE10 = 0x004694A4
info: Win32Emu.Emulator[0]
      [Syscall] KERNEL32.DLL!CreateFileA from stub at 0x0F0003C0
info: Win32Emu.Emulator[0]
      [Syscall] BEFORE API: Return address at 0x001FEDC8 = 0x004710FF
info: Win32Emu.Emulator[0]
      Dispatching KERNEL32.DLL!CreateFileA at EIP=0x0E000002 ESP=0x001FEDC8 stack=FF 10 47 00 F8 88 49 00 00 00 00 80 03 00 00 00
info: Win32Emu.Emulator[0]
      [Dispatcher] KERNEL32.DLL!CreateFileA returned 0x00001048, argBytes=28
info: Win32Emu.Emulator[0]
      [Syscall] AFTER API: Return address at 0x001FEDC8 = 0x004710FF
info: Win32Emu.Emulator[0]
      [Syscall] KERNEL32.DLL!GetFileType from stub at 0x0F000020
info: Win32Emu.Emulator[0]
      [Syscall] BEFORE API: Return address at 0x001FEDE0 = 0x00471129
info: Win32Emu.Emulator[0]
      Dispatching KERNEL32.DLL!GetFileType at EIP=0x0E000002 ESP=0x001FEDE0 stack=29 11 47 00 48 10 00 00 01 00 00 00 00 00 00 00
info: Win32Emu.Emulator[0]
      [Dispatcher] KERNEL32.DLL!GetFileType returned 0x00000001, argBytes=4
info: Win32Emu.Emulator[0]
      [Syscall] AFTER API: Return address at 0x001FEDE0 = 0x00471129
info: Win32Emu.Emulator[0]
      [Syscall] KERNEL32.DLL!SetFilePointer from stub at 0x0F000390
info: Win32Emu.Emulator[0]
      [Syscall] BEFORE API: Return address at 0x001FEE0C = 0x00472467
info: Win32Emu.Emulator[0]
      Dispatching KERNEL32.DLL!SetFilePointer at EIP=0x0E000002 ESP=0x001FEE0C stack=67 24 47 00 48 10 00 00 00 00 00 00 2C EE 1F 00
info: Win32Emu.Emulator[0]
      [Dispatcher] KERNEL32.DLL!SetFilePointer returned 0x00000000, argBytes=16
info: Win32Emu.Emulator[0]
      [Syscall] AFTER API: Return address at 0x001FEE0C = 0x00472467
info: Win32Emu.Emulator[0]
      [Syscall] KERNEL32.DLL!HeapAlloc from stub at 0x0F000120
info: Win32Emu.Emulator[0]
      [Syscall] BEFORE API: Return address at 0x001FEDEC = 0x004694A4
info: Win32Emu.Emulator[0]
      Dispatching KERNEL32.DLL!HeapAlloc at EIP=0x0E000002 ESP=0x001FEDEC stack=A4 94 46 00 40 20 00 01 00 00 00 00 00 10 00 00
info: Win32Emu.Emulator[0]
      [ProcessEnv] VirtualAlloc(lp=0x00000000, size=0x00001000, alloc=0x00001000, prot=0x00000004)
info: Win32Emu.Emulator[0]
      [ProcessEnv] VirtualAlloc: allocated at 0x0149C000, size=0x00001000, reserve=False, commit=True, topDown=False
info: Win32Emu.Emulator[0]
      [Dispatcher] KERNEL32.DLL!HeapAlloc returned 0x0149C000, argBytes=12
info: Win32Emu.Emulator[0]
      [Syscall] AFTER API: Return address at 0x001FEDEC = 0x004694A4
info: Win32Emu.Emulator[0]
      [Syscall] KERNEL32.DLL!ReadFile from stub at 0x0F000040
info: Win32Emu.Emulator[0]
      [Syscall] BEFORE API: Return address at 0x001FEDE8 = 0x0046AC69
info: Win32Emu.Emulator[0]
      Dispatching KERNEL32.DLL!ReadFile at EIP=0x0E000002 ESP=0x001FEDE8 stack=69 AC 46 00 48 10 00 00 00 C0 49 01 00 10 00 00
info: Win32Emu.Emulator[0]
      [Dispatcher] KERNEL32.DLL!ReadFile returned 0x00000001, argBytes=20
info: Win32Emu.Emulator[0]
      [Syscall] AFTER API: Return address at 0x001FEDE8 = 0x0046AC69
info: Win32Emu.Emulator[0]
      [Syscall] KERNEL32.DLL!HeapFree from stub at 0x0F000130
info: Win32Emu.Emulator[0]
      [Syscall] BEFORE API: Return address at 0x001FEE2C = 0x004693FA
info: Win32Emu.Emulator[0]
      Dispatching KERNEL32.DLL!HeapFree at EIP=0x0E000002 ESP=0x001FEE2C stack=FA 93 46 00 40 20 00 01 00 00 00 00 00 C0 49 01
info: Win32Emu.Emulator[0]
      [Dispatcher] KERNEL32.DLL!HeapFree returned 0x00000001, argBytes=12
info: Win32Emu.Emulator[0]
      [Syscall] AFTER API: Return address at 0x001FEE2C = 0x004693FA
info: Win32Emu.Emulator[0]
      [Syscall] KERNEL32.DLL!CloseHandle from stub at 0x0F000230
info: Win32Emu.Emulator[0]
      [Syscall] BEFORE API: Return address at 0x001FEE3C = 0x0046AA3B
info: Win32Emu.Emulator[0]
      Dispatching KERNEL32.DLL!CloseHandle at EIP=0x0E000002 ESP=0x001FEE3C stack=3B AA 46 00 48 10 00 00 70 04 00 0F 00 00 00 00
info: Win32Emu.Emulator[0]
      [Dispatcher] KERNEL32.DLL!CloseHandle returned 0x00000001, argBytes=4
info: Win32Emu.Emulator[0]
      [Syscall] AFTER API: Return address at 0x001FEE3C = 0x0046AA3B
info: Win32Emu.Emulator[0]
      [Syscall] KERNEL32.DLL!HeapFree from stub at 0x0F000130
info: Win32Emu.Emulator[0]
      [Syscall] BEFORE API: Return address at 0x001FEE44 = 0x004693FA
info: Win32Emu.Emulator[0]
      Dispatching KERNEL32.DLL!HeapFree at EIP=0x0E000002 ESP=0x001FEE44 stack=FA 93 46 00 40 20 00 01 00 00 00 00 00 80 49 01
info: Win32Emu.Emulator[0]
      [Dispatcher] KERNEL32.DLL!HeapFree returned 0x00000001, argBytes=12
info: Win32Emu.Emulator[0]
      [Syscall] AFTER API: Return address at 0x001FEE44 = 0x004693FA
info: Win32Emu.Emulator[0]
      [Syscall] KERNEL32.DLL!CreateFileA from stub at 0x0F0003C0
info: Win32Emu.Emulator[0]
      [Syscall] BEFORE API: Return address at 0x001FEDC0 = 0x004710FF
info: Win32Emu.Emulator[0]
      Dispatching KERNEL32.DLL!CreateFileA at EIP=0x0E000002 ESP=0x001FEDC0 stack=FF 10 47 00 DC 88 49 00 00 00 00 80 03 00 00 00
info: Win32Emu.Emulator[0]
      [Dispatcher] KERNEL32.DLL!CreateFileA returned 0x0000104C, argBytes=28
info: Win32Emu.Emulator[0]
      [Syscall] AFTER API: Return address at 0x001FEDC0 = 0x004710FF
info: Win32Emu.Emulator[0]
      [Syscall] KERNEL32.DLL!GetFileType from stub at 0x0F000020
info: Win32Emu.Emulator[0]
      [Syscall] BEFORE API: Return address at 0x001FEDD8 = 0x00471129
info: Win32Emu.Emulator[0]
      Dispatching KERNEL32.DLL!GetFileType at EIP=0x0E000002 ESP=0x001FEDD8 stack=29 11 47 00 4C 10 00 00 01 00 00 00 00 00 00 00
info: Win32Emu.Emulator[0]
      [Dispatcher] KERNEL32.DLL!GetFileType returned 0x00000001, argBytes=4
info: Win32Emu.Emulator[0]
      [Syscall] AFTER API: Return address at 0x001FEDD8 = 0x00471129
info: Win32Emu.Emulator[0]
      [Syscall] KERNEL32.DLL!CloseHandle from stub at 0x0F000230
info: Win32Emu.Emulator[0]
      [Syscall] BEFORE API: Return address at 0x001FEE34 = 0x0046AA3B
info: Win32Emu.Emulator[0]
      Dispatching KERNEL32.DLL!CloseHandle at EIP=0x0E000002 ESP=0x001FEE34 stack=3B AA 46 00 4C 10 00 00 70 04 00 0F 00 00 00 00
info: Win32Emu.Emulator[0]
      [Dispatcher] KERNEL32.DLL!CloseHandle returned 0x00000001, argBytes=4
info: Win32Emu.Emulator[0]
      [Syscall] AFTER API: Return address at 0x001FEE34 = 0x0046AA3B
info: Win32Emu.Emulator[0]
      [Syscall] KERNEL32.DLL!CreateFileA from stub at 0x0F0003C0
info: Win32Emu.Emulator[0]
      [Syscall] BEFORE API: Return address at 0x001FEDB8 = 0x004710FF
info: Win32Emu.Emulator[0]
      Dispatching KERNEL32.DLL!CreateFileA at EIP=0x0E000002 ESP=0x001FEDB8 stack=FF 10 47 00 DC 88 49 00 00 00 00 80 03 00 00 00
info: Win32Emu.Emulator[0]
      [Dispatcher] KERNEL32.DLL!CreateFileA returned 0x00001050, argBytes=28
info: Win32Emu.Emulator[0]
      [Syscall] AFTER API: Return address at 0x001FEDB8 = 0x004710FF
info: Win32Emu.Emulator[0]
      [Syscall] KERNEL32.DLL!GetFileType from stub at 0x0F000020
info: Win32Emu.Emulator[0]
      [Syscall] BEFORE API: Return address at 0x001FEDD0 = 0x00471129
info: Win32Emu.Emulator[0]
      Dispatching KERNEL32.DLL!GetFileType at EIP=0x0E000002 ESP=0x001FEDD0 stack=29 11 47 00 50 10 00 00 01 00 00 00 00 00 00 00
info: Win32Emu.Emulator[0]
      [Dispatcher] KERNEL32.DLL!GetFileType returned 0x00000001, argBytes=4
info: Win32Emu.Emulator[0]
      [Syscall] AFTER API: Return address at 0x001FEDD0 = 0x00471129
info: Win32Emu.Emulator[0]
      [Syscall] KERNEL32.DLL!SetFilePointer from stub at 0x0F000390
info: Win32Emu.Emulator[0]
      [Syscall] BEFORE API: Return address at 0x001FEDEC = 0x0046F88A
info: Win32Emu.Emulator[0]
      Dispatching KERNEL32.DLL!SetFilePointer at EIP=0x0E000002 ESP=0x001FEDEC stack=8A F8 46 00 50 10 00 00 00 00 00 00 00 00 00 00
info: Win32Emu.Emulator[0]
      [Dispatcher] KERNEL32.DLL!SetFilePointer returned 0x00000000, argBytes=16
info: Win32Emu.Emulator[0]
      [Syscall] AFTER API: Return address at 0x001FEDEC = 0x0046F88A
info: Win32Emu.Emulator[0]
      [Syscall] KERNEL32.DLL!SetFilePointer from stub at 0x0F000390
info: Win32Emu.Emulator[0]
      [Syscall] BEFORE API: Return address at 0x001FEDFC = 0x0046F88A
info: Win32Emu.Emulator[0]
      Dispatching KERNEL32.DLL!SetFilePointer at EIP=0x0E000002 ESP=0x001FEDFC stack=8A F8 46 00 50 10 00 00 00 00 00 00 00 00 00 00
info: Win32Emu.Emulator[0]
      [Dispatcher] KERNEL32.DLL!SetFilePointer returned 0x0000380D, argBytes=16
info: Win32Emu.Emulator[0]
      [Syscall] AFTER API: Return address at 0x001FEDFC = 0x0046F88A
info: Win32Emu.Emulator[0]
      [Syscall] KERNEL32.DLL!SetFilePointer from stub at 0x0F000390
info: Win32Emu.Emulator[0]
      [Syscall] BEFORE API: Return address at 0x001FEDEC = 0x0046F88A
info: Win32Emu.Emulator[0]
      Dispatching KERNEL32.DLL!SetFilePointer at EIP=0x0E000002 ESP=0x001FEDEC stack=8A F8 46 00 50 10 00 00 00 00 00 00 00 00 00 00
info: Win32Emu.Emulator[0]
      [Dispatcher] KERNEL32.DLL!SetFilePointer returned 0x0000380D, argBytes=16
info: Win32Emu.Emulator[0]
      [Syscall] AFTER API: Return address at 0x001FEDEC = 0x0046F88A
info: Win32Emu.Emulator[0]
      [Syscall] KERNEL32.DLL!SetFilePointer from stub at 0x0F000390
info: Win32Emu.Emulator[0]
      [Syscall] BEFORE API: Return address at 0x001FEDFC = 0x0046F88A
info: Win32Emu.Emulator[0]
      Dispatching KERNEL32.DLL!SetFilePointer at EIP=0x0E000002 ESP=0x001FEDFC stack=8A F8 46 00 50 10 00 00 00 00 00 00 00 00 00 00
info: Win32Emu.Emulator[0]
      [Dispatcher] KERNEL32.DLL!SetFilePointer returned 0x00000000, argBytes=16
info: Win32Emu.Emulator[0]
      [Syscall] AFTER API: Return address at 0x001FEDFC = 0x0046F88A
info: Win32Emu.Emulator[0]
      [Syscall] KERNEL32.DLL!CloseHandle from stub at 0x0F000230
info: Win32Emu.Emulator[0]
      [Syscall] BEFORE API: Return address at 0x001FEE2C = 0x0046AA3B
info: Win32Emu.Emulator[0]
      Dispatching KERNEL32.DLL!CloseHandle at EIP=0x0E000002 ESP=0x001FEE2C stack=3B AA 46 00 50 10 00 00 70 04 00 0F 00 00 00 00
info: Win32Emu.Emulator[0]
      [Dispatcher] KERNEL32.DLL!CloseHandle returned 0x00000001, argBytes=4
info: Win32Emu.Emulator[0]
      [Syscall] AFTER API: Return address at 0x001FEE2C = 0x0046AA3B
info: Win32Emu.Emulator[0]
      [Syscall] KERNEL32.DLL!HeapAlloc from stub at 0x0F000120
info: Win32Emu.Emulator[0]
      [Syscall] BEFORE API: Return address at 0x001FEE10 = 0x004694A4
info: Win32Emu.Emulator[0]
      Dispatching KERNEL32.DLL!HeapAlloc at EIP=0x0E000002 ESP=0x001FEE10 stack=A4 94 46 00 40 20 00 01 00 00 00 00 10 38 00 00
info: Win32Emu.Emulator[0]
      [ProcessEnv] VirtualAlloc(lp=0x00000000, size=0x00003810, alloc=0x00001000, prot=0x00000004)
info: Win32Emu.Emulator[0]
      [ProcessEnv] VirtualAlloc: allocated at 0x0149D000, size=0x00004000, reserve=False, commit=True, topDown=False
info: Win32Emu.Emulator[0]
      [Dispatcher] KERNEL32.DLL!HeapAlloc returned 0x0149D000, argBytes=12
info: Win32Emu.Emulator[0]
      [Syscall] AFTER API: Return address at 0x001FEE10 = 0x004694A4
info: Win32Emu.Emulator[0]
      [Syscall] KERNEL32.DLL!CreateFileA from stub at 0x0F0003C0
info: Win32Emu.Emulator[0]
      [Syscall] BEFORE API: Return address at 0x001FEDC8 = 0x004710FF
info: Win32Emu.Emulator[0]
      Dispatching KERNEL32.DLL!CreateFileA at EIP=0x0E000002 ESP=0x001FEDC8 stack=FF 10 47 00 DC 88 49 00 00 00 00 80 03 00 00 00
info: Win32Emu.Emulator[0]
      [Dispatcher] KERNEL32.DLL!CreateFileA returned 0x00001054, argBytes=28
info: Win32Emu.Emulator[0]
      [Syscall] AFTER API: Return address at 0x001FEDC8 = 0x004710FF
info: Win32Emu.Emulator[0]
      [Syscall] KERNEL32.DLL!GetFileType from stub at 0x0F000020
info: Win32Emu.Emulator[0]
      [Syscall] BEFORE API: Return address at 0x001FEDE0 = 0x00471129
info: Win32Emu.Emulator[0]
      Dispatching KERNEL32.DLL!GetFileType at EIP=0x0E000002 ESP=0x001FEDE0 stack=29 11 47 00 54 10 00 00 01 00 00 00 00 00 00 00
info: Win32Emu.Emulator[0]
      [Dispatcher] KERNEL32.DLL!GetFileType returned 0x00000001, argBytes=4
info: Win32Emu.Emulator[0]
      [Syscall] AFTER API: Return address at 0x001FEDE0 = 0x00471129
info: Win32Emu.Emulator[0]
      [Syscall] KERNEL32.DLL!SetFilePointer from stub at 0x0F000390
info: Win32Emu.Emulator[0]
      [Syscall] BEFORE API: Return address at 0x001FEE0C = 0x00472467
info: Win32Emu.Emulator[0]
      Dispatching KERNEL32.DLL!SetFilePointer at EIP=0x0E000002 ESP=0x001FEE0C stack=67 24 47 00 54 10 00 00 00 00 00 00 2C EE 1F 00
info: Win32Emu.Emulator[0]
      [Dispatcher] KERNEL32.DLL!SetFilePointer returned 0x00000000, argBytes=16
info: Win32Emu.Emulator[0]
      [Syscall] AFTER API: Return address at 0x001FEE0C = 0x00472467
info: Win32Emu.Emulator[0]
      [Syscall] KERNEL32.DLL!HeapAlloc from stub at 0x0F000120
info: Win32Emu.Emulator[0]
      [Syscall] BEFORE API: Return address at 0x001FEDEC = 0x004694A4
info: Win32Emu.Emulator[0]
      Dispatching KERNEL32.DLL!HeapAlloc at EIP=0x0E000002 ESP=0x001FEDEC stack=A4 94 46 00 40 20 00 01 00 00 00 00 00 10 00 00
info: Win32Emu.Emulator[0]
      [ProcessEnv] VirtualAlloc(lp=0x00000000, size=0x00001000, alloc=0x00001000, prot=0x00000004)
info: Win32Emu.Emulator[0]
      [ProcessEnv] VirtualAlloc: allocated at 0x014A1000, size=0x00001000, reserve=False, commit=True, topDown=False
info: Win32Emu.Emulator[0]
      [Dispatcher] KERNEL32.DLL!HeapAlloc returned 0x014A1000, argBytes=12
info: Win32Emu.Emulator[0]
      [Syscall] AFTER API: Return address at 0x001FEDEC = 0x004694A4
info: Win32Emu.Emulator[0]
      [Syscall] KERNEL32.DLL!ReadFile from stub at 0x0F000040
info: Win32Emu.Emulator[0]
      [Syscall] BEFORE API: Return address at 0x001FEDE8 = 0x0046AC69
info: Win32Emu.Emulator[0]
      Dispatching KERNEL32.DLL!ReadFile at EIP=0x0E000002 ESP=0x001FEDE8 stack=69 AC 46 00 54 10 00 00 00 10 4A 01 00 10 00 00
info: Win32Emu.Emulator[0]
      [Dispatcher] KERNEL32.DLL!ReadFile returned 0x00000001, argBytes=20
info: Win32Emu.Emulator[0]
      [Syscall] AFTER API: Return address at 0x001FEDE8 = 0x0046AC69
info: Win32Emu.Emulator[0]
      [Syscall] KERNEL32.DLL!HeapFree from stub at 0x0F000130
info: Win32Emu.Emulator[0]
      [Syscall] BEFORE API: Return address at 0x001FEE2C = 0x004693FA
info: Win32Emu.Emulator[0]
      Dispatching KERNEL32.DLL!HeapFree at EIP=0x0E000002 ESP=0x001FEE2C stack=FA 93 46 00 40 20 00 01 00 00 00 00 00 10 4A 01
info: Win32Emu.Emulator[0]
      [Dispatcher] KERNEL32.DLL!HeapFree returned 0x00000001, argBytes=12
info: Win32Emu.Emulator[0]
      [Syscall] AFTER API: Return address at 0x001FEE2C = 0x004693FA
info: Win32Emu.Emulator[0]
      [Syscall] KERNEL32.DLL!CloseHandle from stub at 0x0F000230
info: Win32Emu.Emulator[0]
      [Syscall] BEFORE API: Return address at 0x001FEE3C = 0x0046AA3B
info: Win32Emu.Emulator[0]
      Dispatching KERNEL32.DLL!CloseHandle at EIP=0x0E000002 ESP=0x001FEE3C stack=3B AA 46 00 54 10 00 00 70 04 00 0F 00 00 00 00
info: Win32Emu.Emulator[0]
      [Dispatcher] KERNEL32.DLL!CloseHandle returned 0x00000001, argBytes=4
info: Win32Emu.Emulator[0]
      [Syscall] AFTER API: Return address at 0x001FEE3C = 0x0046AA3B
info: Win32Emu.Emulator[0]
      [Syscall] KERNEL32.DLL!HeapFree from stub at 0x0F000130
info: Win32Emu.Emulator[0]
      [Syscall] BEFORE API: Return address at 0x001FEE44 = 0x004693FA
info: Win32Emu.Emulator[0]
      Dispatching KERNEL32.DLL!HeapFree at EIP=0x0E000002 ESP=0x001FEE44 stack=FA 93 46 00 40 20 00 01 00 00 00 00 00 D0 49 01
info: Win32Emu.Emulator[0]
      [Dispatcher] KERNEL32.DLL!HeapFree returned 0x00000001, argBytes=12
info: Win32Emu.Emulator[0]
      [Syscall] AFTER API: Return address at 0x001FEE44 = 0x004693FA
info: Win32Emu.Emulator[0]
      [Syscall] KERNEL32.DLL!CreateFileA from stub at 0x0F0003C0
info: Win32Emu.Emulator[0]
      [Syscall] BEFORE API: Return address at 0x001FEDC0 = 0x004710FF
info: Win32Emu.Emulator[0]
      Dispatching KERNEL32.DLL!CreateFileA at EIP=0x0E000002 ESP=0x001FEDC0 stack=FF 10 47 00 C0 88 49 00 00 00 00 80 03 00 00 00
info: Win32Emu.Emulator[0]
      [Dispatcher] KERNEL32.DLL!CreateFileA returned 0x00001058, argBytes=28
info: Win32Emu.Emulator[0]
      [Syscall] AFTER API: Return address at 0x001FEDC0 = 0x004710FF
info: Win32Emu.Emulator[0]
      [Syscall] KERNEL32.DLL!GetFileType from stub at 0x0F000020
info: Win32Emu.Emulator[0]
      [Syscall] BEFORE API: Return address at 0x001FEDD8 = 0x00471129
info: Win32Emu.Emulator[0]
      Dispatching KERNEL32.DLL!GetFileType at EIP=0x0E000002 ESP=0x001FEDD8 stack=29 11 47 00 58 10 00 00 01 00 00 00 00 00 00 00
info: Win32Emu.Emulator[0]
      [Dispatcher] KERNEL32.DLL!GetFileType returned 0x00000001, argBytes=4
info: Win32Emu.Emulator[0]
      [Syscall] AFTER API: Return address at 0x001FEDD8 = 0x00471129
info: Win32Emu.Emulator[0]
      [Syscall] KERNEL32.DLL!CloseHandle from stub at 0x0F000230
info: Win32Emu.Emulator[0]
      [Syscall] BEFORE API: Return address at 0x001FEE34 = 0x0046AA3B
info: Win32Emu.Emulator[0]
      Dispatching KERNEL32.DLL!CloseHandle at EIP=0x0E000002 ESP=0x001FEE34 stack=3B AA 46 00 58 10 00 00 70 04 00 0F 00 00 00 00
info: Win32Emu.Emulator[0]
      [Dispatcher] KERNEL32.DLL!CloseHandle returned 0x00000001, argBytes=4
info: Win32Emu.Emulator[0]
      [Syscall] AFTER API: Return address at 0x001FEE34 = 0x0046AA3B
info: Win32Emu.Emulator[0]
      [Syscall] KERNEL32.DLL!CreateFileA from stub at 0x0F0003C0
info: Win32Emu.Emulator[0]
      [Syscall] BEFORE API: Return address at 0x001FEDB8 = 0x004710FF
info: Win32Emu.Emulator[0]
      Dispatching KERNEL32.DLL!CreateFileA at EIP=0x0E000002 ESP=0x001FEDB8 stack=FF 10 47 00 C0 88 49 00 00 00 00 80 03 00 00 00
info: Win32Emu.Emulator[0]
      [Dispatcher] KERNEL32.DLL!CreateFileA returned 0x0000105C, argBytes=28
info: Win32Emu.Emulator[0]
      [Syscall] AFTER API: Return address at 0x001FEDB8 = 0x004710FF
info: Win32Emu.Emulator[0]
      [Syscall] KERNEL32.DLL!GetFileType from stub at 0x0F000020
info: Win32Emu.Emulator[0]
      [Syscall] BEFORE API: Return address at 0x001FEDD0 = 0x00471129
info: Win32Emu.Emulator[0]
      Dispatching KERNEL32.DLL!GetFileType at EIP=0x0E000002 ESP=0x001FEDD0 stack=29 11 47 00 5C 10 00 00 01 00 00 00 00 00 00 00
info: Win32Emu.Emulator[0]
      [Dispatcher] KERNEL32.DLL!GetFileType returned 0x00000001, argBytes=4
info: Win32Emu.Emulator[0]
      [Syscall] AFTER API: Return address at 0x001FEDD0 = 0x00471129
info: Win32Emu.Emulator[0]
      [Syscall] KERNEL32.DLL!SetFilePointer from stub at 0x0F000390
info: Win32Emu.Emulator[0]
      [Syscall] BEFORE API: Return address at 0x001FEDEC = 0x0046F88A
info: Win32Emu.Emulator[0]
      Dispatching KERNEL32.DLL!SetFilePointer at EIP=0x0E000002 ESP=0x001FEDEC stack=8A F8 46 00 5C 10 00 00 00 00 00 00 00 00 00 00
info: Win32Emu.Emulator[0]
      [Dispatcher] KERNEL32.DLL!SetFilePointer returned 0x00000000, argBytes=16
info: Win32Emu.Emulator[0]
      [Syscall] AFTER API: Return address at 0x001FEDEC = 0x0046F88A
info: Win32Emu.Emulator[0]
      [Syscall] KERNEL32.DLL!SetFilePointer from stub at 0x0F000390
info: Win32Emu.Emulator[0]
      [Syscall] BEFORE API: Return address at 0x001FEDFC = 0x0046F88A
info: Win32Emu.Emulator[0]
      Dispatching KERNEL32.DLL!SetFilePointer at EIP=0x0E000002 ESP=0x001FEDFC stack=8A F8 46 00 5C 10 00 00 00 00 00 00 00 00 00 00
info: Win32Emu.Emulator[0]
      [Dispatcher] KERNEL32.DLL!SetFilePointer returned 0x0000380D, argBytes=16
info: Win32Emu.Emulator[0]
      [Syscall] AFTER API: Return address at 0x001FEDFC = 0x0046F88A
info: Win32Emu.Emulator[0]
      [Syscall] KERNEL32.DLL!SetFilePointer from stub at 0x0F000390
info: Win32Emu.Emulator[0]
      [Syscall] BEFORE API: Return address at 0x001FEDEC = 0x0046F88A
info: Win32Emu.Emulator[0]
      Dispatching KERNEL32.DLL!SetFilePointer at EIP=0x0E000002 ESP=0x001FEDEC stack=8A F8 46 00 5C 10 00 00 00 00 00 00 00 00 00 00
info: Win32Emu.Emulator[0]
      [Dispatcher] KERNEL32.DLL!SetFilePointer returned 0x0000380D, argBytes=16
info: Win32Emu.Emulator[0]
      [Syscall] AFTER API: Return address at 0x001FEDEC = 0x0046F88A
info: Win32Emu.Emulator[0]
      [Syscall] KERNEL32.DLL!SetFilePointer from stub at 0x0F000390
info: Win32Emu.Emulator[0]
      [Syscall] BEFORE API: Return address at 0x001FEDFC = 0x0046F88A
info: Win32Emu.Emulator[0]
      Dispatching KERNEL32.DLL!SetFilePointer at EIP=0x0E000002 ESP=0x001FEDFC stack=8A F8 46 00 5C 10 00 00 00 00 00 00 00 00 00 00
info: Win32Emu.Emulator[0]
      [Dispatcher] KERNEL32.DLL!SetFilePointer returned 0x00000000, argBytes=16
info: Win32Emu.Emulator[0]
      [Syscall] AFTER API: Return address at 0x001FEDFC = 0x0046F88A
info: Win32Emu.Emulator[0]
      [Syscall] KERNEL32.DLL!CloseHandle from stub at 0x0F000230
info: Win32Emu.Emulator[0]
      [Syscall] BEFORE API: Return address at 0x001FEE2C = 0x0046AA3B
info: Win32Emu.Emulator[0]
      Dispatching KERNEL32.DLL!CloseHandle at EIP=0x0E000002 ESP=0x001FEE2C stack=3B AA 46 00 5C 10 00 00 70 04 00 0F 00 00 00 00
info: Win32Emu.Emulator[0]
      [Dispatcher] KERNEL32.DLL!CloseHandle returned 0x00000001, argBytes=4
info: Win32Emu.Emulator[0]
      [Syscall] AFTER API: Return address at 0x001FEE2C = 0x0046AA3B
info: Win32Emu.Emulator[0]
      [Syscall] KERNEL32.DLL!HeapAlloc from stub at 0x0F000120
info: Win32Emu.Emulator[0]
      [Syscall] BEFORE API: Return address at 0x001FEE10 = 0x004694A4
info: Win32Emu.Emulator[0]
      Dispatching KERNEL32.DLL!HeapAlloc at EIP=0x0E000002 ESP=0x001FEE10 stack=A4 94 46 00 40 20 00 01 00 00 00 00 10 38 00 00
info: Win32Emu.Emulator[0]
      [ProcessEnv] VirtualAlloc(lp=0x00000000, size=0x00003810, alloc=0x00001000, prot=0x00000004)
info: Win32Emu.Emulator[0]
      [ProcessEnv] VirtualAlloc: allocated at 0x014A2000, size=0x00004000, reserve=False, commit=True, topDown=False
info: Win32Emu.Emulator[0]
      [Dispatcher] KERNEL32.DLL!HeapAlloc returned 0x014A2000, argBytes=12
info: Win32Emu.Emulator[0]
      [Syscall] AFTER API: Return address at 0x001FEE10 = 0x004694A4
info: Win32Emu.Emulator[0]
      [Syscall] KERNEL32.DLL!CreateFileA from stub at 0x0F0003C0
info: Win32Emu.Emulator[0]
      [Syscall] BEFORE API: Return address at 0x001FEDC8 = 0x004710FF
info: Win32Emu.Emulator[0]
      Dispatching KERNEL32.DLL!CreateFileA at EIP=0x0E000002 ESP=0x001FEDC8 stack=FF 10 47 00 C0 88 49 00 00 00 00 80 03 00 00 00
info: Win32Emu.Emulator[0]
      [Dispatcher] KERNEL32.DLL!CreateFileA returned 0x00001060, argBytes=28
info: Win32Emu.Emulator[0]
      [Syscall] AFTER API: Return address at 0x001FEDC8 = 0x004710FF
info: Win32Emu.Emulator[0]
      [Syscall] KERNEL32.DLL!GetFileType from stub at 0x0F000020
info: Win32Emu.Emulator[0]
      [Syscall] BEFORE API: Return address at 0x001FEDE0 = 0x00471129
info: Win32Emu.Emulator[0]
      Dispatching KERNEL32.DLL!GetFileType at EIP=0x0E000002 ESP=0x001FEDE0 stack=29 11 47 00 60 10 00 00 01 00 00 00 00 00 00 00
info: Win32Emu.Emulator[0]
      [Dispatcher] KERNEL32.DLL!GetFileType returned 0x00000001, argBytes=4
info: Win32Emu.Emulator[0]
      [Syscall] AFTER API: Return address at 0x001FEDE0 = 0x00471129
info: Win32Emu.Emulator[0]
      [Syscall] KERNEL32.DLL!SetFilePointer from stub at 0x0F000390
info: Win32Emu.Emulator[0]
      [Syscall] BEFORE API: Return address at 0x001FEE0C = 0x00472467
info: Win32Emu.Emulator[0]
      Dispatching KERNEL32.DLL!SetFilePointer at EIP=0x0E000002 ESP=0x001FEE0C stack=67 24 47 00 60 10 00 00 00 00 00 00 2C EE 1F 00
info: Win32Emu.Emulator[0]
      [Dispatcher] KERNEL32.DLL!SetFilePointer returned 0x00000000, argBytes=16
info: Win32Emu.Emulator[0]
      [Syscall] AFTER API: Return address at 0x001FEE0C = 0x00472467
info: Win32Emu.Emulator[0]
      [Syscall] KERNEL32.DLL!HeapAlloc from stub at 0x0F000120
info: Win32Emu.Emulator[0]
      [Syscall] BEFORE API: Return address at 0x001FEDEC = 0x004694A4
info: Win32Emu.Emulator[0]
      Dispatching KERNEL32.DLL!HeapAlloc at EIP=0x0E000002 ESP=0x001FEDEC stack=A4 94 46 00 40 20 00 01 00 00 00 00 00 10 00 00
info: Win32Emu.Emulator[0]
      [ProcessEnv] VirtualAlloc(lp=0x00000000, size=0x00001000, alloc=0x00001000, prot=0x00000004)
info: Win32Emu.Emulator[0]
      [ProcessEnv] VirtualAlloc: allocated at 0x014A6000, size=0x00001000, reserve=False, commit=True, topDown=False
info: Win32Emu.Emulator[0]
      [Dispatcher] KERNEL32.DLL!HeapAlloc returned 0x014A6000, argBytes=12
info: Win32Emu.Emulator[0]
      [Syscall] AFTER API: Return address at 0x001FEDEC = 0x004694A4
info: Win32Emu.Emulator[0]
      [Syscall] KERNEL32.DLL!ReadFile from stub at 0x0F000040
info: Win32Emu.Emulator[0]
      [Syscall] BEFORE API: Return address at 0x001FEDE8 = 0x0046AC69
info: Win32Emu.Emulator[0]
      Dispatching KERNEL32.DLL!ReadFile at EIP=0x0E000002 ESP=0x001FEDE8 stack=69 AC 46 00 60 10 00 00 00 60 4A 01 00 10 00 00
info: Win32Emu.Emulator[0]
      [Dispatcher] KERNEL32.DLL!ReadFile returned 0x00000001, argBytes=20
info: Win32Emu.Emulator[0]
      [Syscall] AFTER API: Return address at 0x001FEDE8 = 0x0046AC69
info: Win32Emu.Emulator[0]
      [Syscall] KERNEL32.DLL!HeapFree from stub at 0x0F000130
info: Win32Emu.Emulator[0]
      [Syscall] BEFORE API: Return address at 0x001FEE2C = 0x004693FA
info: Win32Emu.Emulator[0]
      Dispatching KERNEL32.DLL!HeapFree at EIP=0x0E000002 ESP=0x001FEE2C stack=FA 93 46 00 40 20 00 01 00 00 00 00 00 60 4A 01
info: Win32Emu.Emulator[0]
      [Dispatcher] KERNEL32.DLL!HeapFree returned 0x00000001, argBytes=12
info: Win32Emu.Emulator[0]
      [Syscall] AFTER API: Return address at 0x001FEE2C = 0x004693FA
info: Win32Emu.Emulator[0]
      [Syscall] KERNEL32.DLL!CloseHandle from stub at 0x0F000230
info: Win32Emu.Emulator[0]
      [Syscall] BEFORE API: Return address at 0x001FEE3C = 0x0046AA3B
info: Win32Emu.Emulator[0]
      Dispatching KERNEL32.DLL!CloseHandle at EIP=0x0E000002 ESP=0x001FEE3C stack=3B AA 46 00 60 10 00 00 70 04 00 0F 00 00 00 00
info: Win32Emu.Emulator[0]
      [Dispatcher] KERNEL32.DLL!CloseHandle returned 0x00000001, argBytes=4
info: Win32Emu.Emulator[0]
      [Syscall] AFTER API: Return address at 0x001FEE3C = 0x0046AA3B
info: Win32Emu.Emulator[0]
      [Syscall] KERNEL32.DLL!HeapFree from stub at 0x0F000130
info: Win32Emu.Emulator[0]
      [Syscall] BEFORE API: Return address at 0x001FEE44 = 0x004693FA
info: Win32Emu.Emulator[0]
      Dispatching KERNEL32.DLL!HeapFree at EIP=0x0E000002 ESP=0x001FEE44 stack=FA 93 46 00 40 20 00 01 00 00 00 00 00 20 4A 01
info: Win32Emu.Emulator[0]
      [Dispatcher] KERNEL32.DLL!HeapFree returned 0x00000001, argBytes=12
info: Win32Emu.Emulator[0]
      [Syscall] AFTER API: Return address at 0x001FEE44 = 0x004693FA
info: Win32Emu.Emulator[0]
      [Syscall] KERNEL32.DLL!CreateFileA from stub at 0x0F0003C0
info: Win32Emu.Emulator[0]
      [Syscall] BEFORE API: Return address at 0x001FEDC0 = 0x004710FF
info: Win32Emu.Emulator[0]
      Dispatching KERNEL32.DLL!CreateFileA at EIP=0x0E000002 ESP=0x001FEDC0 stack=FF 10 47 00 A4 88 49 00 00 00 00 80 03 00 00 00
info: Win32Emu.Emulator[0]
      [Dispatcher] KERNEL32.DLL!CreateFileA returned 0x00001064, argBytes=28
info: Win32Emu.Emulator[0]
      [Syscall] AFTER API: Return address at 0x001FEDC0 = 0x004710FF
info: Win32Emu.Emulator[0]
      [Syscall] KERNEL32.DLL!GetFileType from stub at 0x0F000020
info: Win32Emu.Emulator[0]
      [Syscall] BEFORE API: Return address at 0x001FEDD8 = 0x00471129
info: Win32Emu.Emulator[0]
      Dispatching KERNEL32.DLL!GetFileType at EIP=0x0E000002 ESP=0x001FEDD8 stack=29 11 47 00 64 10 00 00 01 00 00 00 00 00 00 00
info: Win32Emu.Emulator[0]
      [Dispatcher] KERNEL32.DLL!GetFileType returned 0x00000001, argBytes=4
info: Win32Emu.Emulator[0]
      [Syscall] AFTER API: Return address at 0x001FEDD8 = 0x00471129
info: Win32Emu.Emulator[0]
      [Syscall] KERNEL32.DLL!CloseHandle from stub at 0x0F000230
info: Win32Emu.Emulator[0]
      [Syscall] BEFORE API: Return address at 0x001FEE34 = 0x0046AA3B
info: Win32Emu.Emulator[0]
      Dispatching KERNEL32.DLL!CloseHandle at EIP=0x0E000002 ESP=0x001FEE34 stack=3B AA 46 00 64 10 00 00 70 04 00 0F 00 00 00 00
info: Win32Emu.Emulator[0]
      [Dispatcher] KERNEL32.DLL!CloseHandle returned 0x00000001, argBytes=4
info: Win32Emu.Emulator[0]
      [Syscall] AFTER API: Return address at 0x001FEE34 = 0x0046AA3B
info: Win32Emu.Emulator[0]
      [Syscall] KERNEL32.DLL!CreateFileA from stub at 0x0F0003C0
info: Win32Emu.Emulator[0]
      [Syscall] BEFORE API: Return address at 0x001FEDB8 = 0x004710FF
info: Win32Emu.Emulator[0]
      Dispatching KERNEL32.DLL!CreateFileA at EIP=0x0E000002 ESP=0x001FEDB8 stack=FF 10 47 00 A4 88 49 00 00 00 00 80 03 00 00 00
info: Win32Emu.Emulator[0]
      [Dispatcher] KERNEL32.DLL!CreateFileA returned 0x00001068, argBytes=28
info: Win32Emu.Emulator[0]
      [Syscall] AFTER API: Return address at 0x001FEDB8 = 0x004710FF
info: Win32Emu.Emulator[0]
      [Syscall] KERNEL32.DLL!GetFileType from stub at 0x0F000020
info: Win32Emu.Emulator[0]
      [Syscall] BEFORE API: Return address at 0x001FEDD0 = 0x00471129
info: Win32Emu.Emulator[0]
      Dispatching KERNEL32.DLL!GetFileType at EIP=0x0E000002 ESP=0x001FEDD0 stack=29 11 47 00 68 10 00 00 01 00 00 00 00 00 00 00
info: Win32Emu.Emulator[0]
      [Dispatcher] KERNEL32.DLL!GetFileType returned 0x00000001, argBytes=4
info: Win32Emu.Emulator[0]
      [Syscall] AFTER API: Return address at 0x001FEDD0 = 0x00471129
info: Win32Emu.Emulator[0]
      [Syscall] KERNEL32.DLL!SetFilePointer from stub at 0x0F000390
info: Win32Emu.Emulator[0]
      [Syscall] BEFORE API: Return address at 0x001FEDEC = 0x0046F88A
info: Win32Emu.Emulator[0]
      Dispatching KERNEL32.DLL!SetFilePointer at EIP=0x0E000002 ESP=0x001FEDEC stack=8A F8 46 00 68 10 00 00 00 00 00 00 00 00 00 00
info: Win32Emu.Emulator[0]
      [Dispatcher] KERNEL32.DLL!SetFilePointer returned 0x00000000, argBytes=16
info: Win32Emu.Emulator[0]
      [Syscall] AFTER API: Return address at 0x001FEDEC = 0x0046F88A
info: Win32Emu.Emulator[0]
      [Syscall] KERNEL32.DLL!SetFilePointer from stub at 0x0F000390
info: Win32Emu.Emulator[0]
      [Syscall] BEFORE API: Return address at 0x001FEDFC = 0x0046F88A
info: Win32Emu.Emulator[0]
      Dispatching KERNEL32.DLL!SetFilePointer at EIP=0x0E000002 ESP=0x001FEDFC stack=8A F8 46 00 68 10 00 00 00 00 00 00 00 00 00 00
info: Win32Emu.Emulator[0]
      [Dispatcher] KERNEL32.DLL!SetFilePointer returned 0x0000380D, argBytes=16
info: Win32Emu.Emulator[0]
      [Syscall] AFTER API: Return address at 0x001FEDFC = 0x0046F88A
info: Win32Emu.Emulator[0]
      [Syscall] KERNEL32.DLL!SetFilePointer from stub at 0x0F000390
info: Win32Emu.Emulator[0]
      [Syscall] BEFORE API: Return address at 0x001FEDEC = 0x0046F88A
info: Win32Emu.Emulator[0]
      Dispatching KERNEL32.DLL!SetFilePointer at EIP=0x0E000002 ESP=0x001FEDEC stack=8A F8 46 00 68 10 00 00 00 00 00 00 00 00 00 00
info: Win32Emu.Emulator[0]
      [Dispatcher] KERNEL32.DLL!SetFilePointer returned 0x0000380D, argBytes=16
info: Win32Emu.Emulator[0]
      [Syscall] AFTER API: Return address at 0x001FEDEC = 0x0046F88A
info: Win32Emu.Emulator[0]
      [Syscall] KERNEL32.DLL!SetFilePointer from stub at 0x0F000390
info: Win32Emu.Emulator[0]
      [Syscall] BEFORE API: Return address at 0x001FEDFC = 0x0046F88A
info: Win32Emu.Emulator[0]
      Dispatching KERNEL32.DLL!SetFilePointer at EIP=0x0E000002 ESP=0x001FEDFC stack=8A F8 46 00 68 10 00 00 00 00 00 00 00 00 00 00
info: Win32Emu.Emulator[0]
      [Dispatcher] KERNEL32.DLL!SetFilePointer returned 0x00000000, argBytes=16
info: Win32Emu.Emulator[0]
      [Syscall] AFTER API: Return address at 0x001FEDFC = 0x0046F88A
info: Win32Emu.Emulator[0]
      [Syscall] KERNEL32.DLL!CloseHandle from stub at 0x0F000230
info: Win32Emu.Emulator[0]
      [Syscall] BEFORE API: Return address at 0x001FEE2C = 0x0046AA3B
info: Win32Emu.Emulator[0]
      Dispatching KERNEL32.DLL!CloseHandle at EIP=0x0E000002 ESP=0x001FEE2C stack=3B AA 46 00 68 10 00 00 70 04 00 0F 00 00 00 00
info: Win32Emu.Emulator[0]
      [Dispatcher] KERNEL32.DLL!CloseHandle returned 0x00000001, argBytes=4
info: Win32Emu.Emulator[0]
      [Syscall] AFTER API: Return address at 0x001FEE2C = 0x0046AA3B
info: Win32Emu.Emulator[0]
      [Syscall] KERNEL32.DLL!HeapAlloc from stub at 0x0F000120
info: Win32Emu.Emulator[0]
      [Syscall] BEFORE API: Return address at 0x001FEE10 = 0x004694A4
info: Win32Emu.Emulator[0]
      Dispatching KERNEL32.DLL!HeapAlloc at EIP=0x0E000002 ESP=0x001FEE10 stack=A4 94 46 00 40 20 00 01 00 00 00 00 10 38 00 00
info: Win32Emu.Emulator[0]
      [ProcessEnv] VirtualAlloc(lp=0x00000000, size=0x00003810, alloc=0x00001000, prot=0x00000004)
info: Win32Emu.Emulator[0]
      [ProcessEnv] VirtualAlloc: allocated at 0x014A7000, size=0x00004000, reserve=False, commit=True, topDown=False
info: Win32Emu.Emulator[0]
      [Dispatcher] KERNEL32.DLL!HeapAlloc returned 0x014A7000, argBytes=12
info: Win32Emu.Emulator[0]
      [Syscall] AFTER API: Return address at 0x001FEE10 = 0x004694A4
info: Win32Emu.Emulator[0]
      [Syscall] KERNEL32.DLL!CreateFileA from stub at 0x0F0003C0
info: Win32Emu.Emulator[0]
      [Syscall] BEFORE API: Return address at 0x001FEDC8 = 0x004710FF
info: Win32Emu.Emulator[0]
      Dispatching KERNEL32.DLL!CreateFileA at EIP=0x0E000002 ESP=0x001FEDC8 stack=FF 10 47 00 A4 88 49 00 00 00 00 80 03 00 00 00
info: Win32Emu.Emulator[0]
      [Dispatcher] KERNEL32.DLL!CreateFileA returned 0x0000106C, argBytes=28
info: Win32Emu.Emulator[0]
      [Syscall] AFTER API: Return address at 0x001FEDC8 = 0x004710FF
info: Win32Emu.Emulator[0]
      [Syscall] KERNEL32.DLL!GetFileType from stub at 0x0F000020
info: Win32Emu.Emulator[0]
      [Syscall] BEFORE API: Return address at 0x001FEDE0 = 0x00471129
info: Win32Emu.Emulator[0]
      Dispatching KERNEL32.DLL!GetFileType at EIP=0x0E000002 ESP=0x001FEDE0 stack=29 11 47 00 6C 10 00 00 01 00 00 00 00 00 00 00
info: Win32Emu.Emulator[0]
      [Dispatcher] KERNEL32.DLL!GetFileType returned 0x00000001, argBytes=4
info: Win32Emu.Emulator[0]
      [Syscall] AFTER API: Return address at 0x001FEDE0 = 0x00471129
info: Win32Emu.Emulator[0]
      [Syscall] KERNEL32.DLL!SetFilePointer from stub at 0x0F000390
info: Win32Emu.Emulator[0]
      [Syscall] BEFORE API: Return address at 0x001FEE0C = 0x00472467
info: Win32Emu.Emulator[0]
      Dispatching KERNEL32.DLL!SetFilePointer at EIP=0x0E000002 ESP=0x001FEE0C stack=67 24 47 00 6C 10 00 00 00 00 00 00 2C EE 1F 00
info: Win32Emu.Emulator[0]
      [Dispatcher] KERNEL32.DLL!SetFilePointer returned 0x00000000, argBytes=16
info: Win32Emu.Emulator[0]
      [Syscall] AFTER API: Return address at 0x001FEE0C = 0x00472467
info: Win32Emu.Emulator[0]
      [Syscall] KERNEL32.DLL!HeapAlloc from stub at 0x0F000120
info: Win32Emu.Emulator[0]
      [Syscall] BEFORE API: Return address at 0x001FEDEC = 0x004694A4
info: Win32Emu.Emulator[0]
      Dispatching KERNEL32.DLL!HeapAlloc at EIP=0x0E000002 ESP=0x001FEDEC stack=A4 94 46 00 40 20 00 01 00 00 00 00 00 10 00 00
info: Win32Emu.Emulator[0]
      [ProcessEnv] VirtualAlloc(lp=0x00000000, size=0x00001000, alloc=0x00001000, prot=0x00000004)
info: Win32Emu.Emulator[0]
      [ProcessEnv] VirtualAlloc: allocated at 0x014AB000, size=0x00001000, reserve=False, commit=True, topDown=False
info: Win32Emu.Emulator[0]
      [Dispatcher] KERNEL32.DLL!HeapAlloc returned 0x014AB000, argBytes=12
info: Win32Emu.Emulator[0]
      [Syscall] AFTER API: Return address at 0x001FEDEC = 0x004694A4
info: Win32Emu.Emulator[0]
      [Syscall] KERNEL32.DLL!ReadFile from stub at 0x0F000040
info: Win32Emu.Emulator[0]
      [Syscall] BEFORE API: Return address at 0x001FEDE8 = 0x0046AC69
info: Win32Emu.Emulator[0]
      Dispatching KERNEL32.DLL!ReadFile at EIP=0x0E000002 ESP=0x001FEDE8 stack=69 AC 46 00 6C 10 00 00 00 B0 4A 01 00 10 00 00
info: Win32Emu.Emulator[0]
      [Dispatcher] KERNEL32.DLL!ReadFile returned 0x00000001, argBytes=20
info: Win32Emu.Emulator[0]
      [Syscall] AFTER API: Return address at 0x001FEDE8 = 0x0046AC69
info: Win32Emu.Emulator[0]
      [Syscall] KERNEL32.DLL!HeapFree from stub at 0x0F000130
info: Win32Emu.Emulator[0]
      [Syscall] BEFORE API: Return address at 0x001FEE2C = 0x004693FA
info: Win32Emu.Emulator[0]
      Dispatching KERNEL32.DLL!HeapFree at EIP=0x0E000002 ESP=0x001FEE2C stack=FA 93 46 00 40 20 00 01 00 00 00 00 00 B0 4A 01
info: Win32Emu.Emulator[0]
      [Dispatcher] KERNEL32.DLL!HeapFree returned 0x00000001, argBytes=12
info: Win32Emu.Emulator[0]
      [Syscall] AFTER API: Return address at 0x001FEE2C = 0x004693FA
info: Win32Emu.Emulator[0]
      [Syscall] KERNEL32.DLL!CloseHandle from stub at 0x0F000230
info: Win32Emu.Emulator[0]
      [Syscall] BEFORE API: Return address at 0x001FEE3C = 0x0046AA3B
info: Win32Emu.Emulator[0]
      Dispatching KERNEL32.DLL!CloseHandle at EIP=0x0E000002 ESP=0x001FEE3C stack=3B AA 46 00 6C 10 00 00 70 04 00 0F 00 00 00 00
info: Win32Emu.Emulator[0]
      [Dispatcher] KERNEL32.DLL!CloseHandle returned 0x00000001, argBytes=4
info: Win32Emu.Emulator[0]
      [Syscall] AFTER API: Return address at 0x001FEE3C = 0x0046AA3B
info: Win32Emu.Emulator[0]
      [Syscall] KERNEL32.DLL!HeapFree from stub at 0x0F000130
info: Win32Emu.Emulator[0]
      [Syscall] BEFORE API: Return address at 0x001FEE44 = 0x004693FA
info: Win32Emu.Emulator[0]
      Dispatching KERNEL32.DLL!HeapFree at EIP=0x0E000002 ESP=0x001FEE44 stack=FA 93 46 00 40 20 00 01 00 00 00 00 00 70 4A 01
info: Win32Emu.Emulator[0]
      [Dispatcher] KERNEL32.DLL!HeapFree returned 0x00000001, argBytes=12
info: Win32Emu.Emulator[0]
      [Syscall] AFTER API: Return address at 0x001FEE44 = 0x004693FA
info: Win32Emu.Emulator[0]
      [Syscall] KERNEL32.DLL!CreateFileA from stub at 0x0F0003C0
info: Win32Emu.Emulator[0]
      [Syscall] BEFORE API: Return address at 0x001FEDC0 = 0x004710FF
info: Win32Emu.Emulator[0]
      Dispatching KERNEL32.DLL!CreateFileA at EIP=0x0E000002 ESP=0x001FEDC0 stack=FF 10 47 00 94 88 49 00 00 00 00 80 03 00 00 00
info: Win32Emu.Emulator[0]
      [Dispatcher] KERNEL32.DLL!CreateFileA returned 0x00001070, argBytes=28
info: Win32Emu.Emulator[0]
      [Syscall] AFTER API: Return address at 0x001FEDC0 = 0x004710FF
info: Win32Emu.Emulator[0]
      [Syscall] KERNEL32.DLL!GetFileType from stub at 0x0F000020
info: Win32Emu.Emulator[0]
      [Syscall] BEFORE API: Return address at 0x001FEDD8 = 0x00471129
info: Win32Emu.Emulator[0]
      Dispatching KERNEL32.DLL!GetFileType at EIP=0x0E000002 ESP=0x001FEDD8 stack=29 11 47 00 70 10 00 00 01 00 00 00 00 00 00 00
info: Win32Emu.Emulator[0]
      [Dispatcher] KERNEL32.DLL!GetFileType returned 0x00000001, argBytes=4
info: Win32Emu.Emulator[0]
      [Syscall] AFTER API: Return address at 0x001FEDD8 = 0x00471129
info: Win32Emu.Emulator[0]
      [Syscall] KERNEL32.DLL!CloseHandle from stub at 0x0F000230
info: Win32Emu.Emulator[0]
      [Syscall] BEFORE API: Return address at 0x001FEE34 = 0x0046AA3B
info: Win32Emu.Emulator[0]
      Dispatching KERNEL32.DLL!CloseHandle at EIP=0x0E000002 ESP=0x001FEE34 stack=3B AA 46 00 70 10 00 00 70 04 00 0F 00 00 00 00
info: Win32Emu.Emulator[0]
      [Dispatcher] KERNEL32.DLL!CloseHandle returned 0x00000001, argBytes=4
info: Win32Emu.Emulator[0]
      [Syscall] AFTER API: Return address at 0x001FEE34 = 0x0046AA3B
info: Win32Emu.Emulator[0]
      [Syscall] KERNEL32.DLL!CreateFileA from stub at 0x0F0003C0
info: Win32Emu.Emulator[0]
      [Syscall] BEFORE API: Return address at 0x001FEDB8 = 0x004710FF
info: Win32Emu.Emulator[0]
      Dispatching KERNEL32.DLL!CreateFileA at EIP=0x0E000002 ESP=0x001FEDB8 stack=FF 10 47 00 94 88 49 00 00 00 00 80 03 00 00 00
info: Win32Emu.Emulator[0]
      [Dispatcher] KERNEL32.DLL!CreateFileA returned 0x00001074, argBytes=28
info: Win32Emu.Emulator[0]
      [Syscall] AFTER API: Return address at 0x001FEDB8 = 0x004710FF
info: Win32Emu.Emulator[0]
      [Syscall] KERNEL32.DLL!GetFileType from stub at 0x0F000020
info: Win32Emu.Emulator[0]
      [Syscall] BEFORE API: Return address at 0x001FEDD0 = 0x00471129
info: Win32Emu.Emulator[0]
      Dispatching KERNEL32.DLL!GetFileType at EIP=0x0E000002 ESP=0x001FEDD0 stack=29 11 47 00 74 10 00 00 01 00 00 00 00 00 00 00
info: Win32Emu.Emulator[0]
      [Dispatcher] KERNEL32.DLL!GetFileType returned 0x00000001, argBytes=4
info: Win32Emu.Emulator[0]
      [Syscall] AFTER API: Return address at 0x001FEDD0 = 0x00471129
info: Win32Emu.Emulator[0]
      [Syscall] KERNEL32.DLL!SetFilePointer from stub at 0x0F000390
info: Win32Emu.Emulator[0]
      [Syscall] BEFORE API: Return address at 0x001FEDEC = 0x0046F88A
info: Win32Emu.Emulator[0]
      Dispatching KERNEL32.DLL!SetFilePointer at EIP=0x0E000002 ESP=0x001FEDEC stack=8A F8 46 00 74 10 00 00 00 00 00 00 00 00 00 00
info: Win32Emu.Emulator[0]
      [Dispatcher] KERNEL32.DLL!SetFilePointer returned 0x00000000, argBytes=16
info: Win32Emu.Emulator[0]
      [Syscall] AFTER API: Return address at 0x001FEDEC = 0x0046F88A
info: Win32Emu.Emulator[0]
      [Syscall] KERNEL32.DLL!SetFilePointer from stub at 0x0F000390
info: Win32Emu.Emulator[0]
      [Syscall] BEFORE API: Return address at 0x001FEDFC = 0x0046F88A
info: Win32Emu.Emulator[0]
      Dispatching KERNEL32.DLL!SetFilePointer at EIP=0x0E000002 ESP=0x001FEDFC stack=8A F8 46 00 74 10 00 00 00 00 00 00 00 00 00 00
info: Win32Emu.Emulator[0]
      [Dispatcher] KERNEL32.DLL!SetFilePointer returned 0x00001234, argBytes=16
info: Win32Emu.Emulator[0]
      [Syscall] AFTER API: Return address at 0x001FEDFC = 0x0046F88A
info: Win32Emu.Emulator[0]
      [Syscall] KERNEL32.DLL!SetFilePointer from stub at 0x0F000390
info: Win32Emu.Emulator[0]
      [Syscall] BEFORE API: Return address at 0x001FEDEC = 0x0046F88A
info: Win32Emu.Emulator[0]
      Dispatching KERNEL32.DLL!SetFilePointer at EIP=0x0E000002 ESP=0x001FEDEC stack=8A F8 46 00 74 10 00 00 00 00 00 00 00 00 00 00
info: Win32Emu.Emulator[0]
      [Dispatcher] KERNEL32.DLL!SetFilePointer returned 0x00001234, argBytes=16
info: Win32Emu.Emulator[0]
      [Syscall] AFTER API: Return address at 0x001FEDEC = 0x0046F88A
info: Win32Emu.Emulator[0]
      [Syscall] KERNEL32.DLL!SetFilePointer from stub at 0x0F000390
info: Win32Emu.Emulator[0]
      [Syscall] BEFORE API: Return address at 0x001FEDFC = 0x0046F88A
info: Win32Emu.Emulator[0]
      Dispatching KERNEL32.DLL!SetFilePointer at EIP=0x0E000002 ESP=0x001FEDFC stack=8A F8 46 00 74 10 00 00 00 00 00 00 00 00 00 00
info: Win32Emu.Emulator[0]
      [Dispatcher] KERNEL32.DLL!SetFilePointer returned 0x00000000, argBytes=16
info: Win32Emu.Emulator[0]
      [Syscall] AFTER API: Return address at 0x001FEDFC = 0x0046F88A
info: Win32Emu.Emulator[0]
      [Syscall] KERNEL32.DLL!CloseHandle from stub at 0x0F000230
info: Win32Emu.Emulator[0]
      [Syscall] BEFORE API: Return address at 0x001FEE2C = 0x0046AA3B
info: Win32Emu.Emulator[0]
      Dispatching KERNEL32.DLL!CloseHandle at EIP=0x0E000002 ESP=0x001FEE2C stack=3B AA 46 00 74 10 00 00 70 04 00 0F 00 00 00 00
info: Win32Emu.Emulator[0]
      [Dispatcher] KERNEL32.DLL!CloseHandle returned 0x00000001, argBytes=4
info: Win32Emu.Emulator[0]
      [Syscall] AFTER API: Return address at 0x001FEE2C = 0x0046AA3B
info: Win32Emu.Emulator[0]
      [Syscall] KERNEL32.DLL!HeapAlloc from stub at 0x0F000120
info: Win32Emu.Emulator[0]
      [Syscall] BEFORE API: Return address at 0x001FEE10 = 0x004694A4
info: Win32Emu.Emulator[0]
      Dispatching KERNEL32.DLL!HeapAlloc at EIP=0x0E000002 ESP=0x001FEE10 stack=A4 94 46 00 40 20 00 01 00 00 00 00 40 12 00 00
info: Win32Emu.Emulator[0]
      [ProcessEnv] VirtualAlloc(lp=0x00000000, size=0x00001240, alloc=0x00001000, prot=0x00000004)
info: Win32Emu.Emulator[0]
      [ProcessEnv] VirtualAlloc: allocated at 0x014AC000, size=0x00002000, reserve=False, commit=True, topDown=False
info: Win32Emu.Emulator[0]
      [Dispatcher] KERNEL32.DLL!HeapAlloc returned 0x014AC000, argBytes=12
info: Win32Emu.Emulator[0]
      [Syscall] AFTER API: Return address at 0x001FEE10 = 0x004694A4
info: Win32Emu.Emulator[0]
      [Syscall] KERNEL32.DLL!CreateFileA from stub at 0x0F0003C0
info: Win32Emu.Emulator[0]
      [Syscall] BEFORE API: Return address at 0x001FEDC8 = 0x004710FF
info: Win32Emu.Emulator[0]
      Dispatching KERNEL32.DLL!CreateFileA at EIP=0x0E000002 ESP=0x001FEDC8 stack=FF 10 47 00 94 88 49 00 00 00 00 80 03 00 00 00
info: Win32Emu.Emulator[0]
      [Dispatcher] KERNEL32.DLL!CreateFileA returned 0x00001078, argBytes=28
info: Win32Emu.Emulator[0]
      [Syscall] AFTER API: Return address at 0x001FEDC8 = 0x004710FF
info: Win32Emu.Emulator[0]
      [Syscall] KERNEL32.DLL!GetFileType from stub at 0x0F000020
info: Win32Emu.Emulator[0]
      [Syscall] BEFORE API: Return address at 0x001FEDE0 = 0x00471129
info: Win32Emu.Emulator[0]
      Dispatching KERNEL32.DLL!GetFileType at EIP=0x0E000002 ESP=0x001FEDE0 stack=29 11 47 00 78 10 00 00 01 00 00 00 00 00 00 00
info: Win32Emu.Emulator[0]
      [Dispatcher] KERNEL32.DLL!GetFileType returned 0x00000001, argBytes=4
info: Win32Emu.Emulator[0]
      [Syscall] AFTER API: Return address at 0x001FEDE0 = 0x00471129
info: Win32Emu.Emulator[0]
      [Syscall] KERNEL32.DLL!SetFilePointer from stub at 0x0F000390
info: Win32Emu.Emulator[0]
      [Syscall] BEFORE API: Return address at 0x001FEE0C = 0x00472467
info: Win32Emu.Emulator[0]
      Dispatching KERNEL32.DLL!SetFilePointer at EIP=0x0E000002 ESP=0x001FEE0C stack=67 24 47 00 78 10 00 00 00 00 00 00 2C EE 1F 00
info: Win32Emu.Emulator[0]
      [Dispatcher] KERNEL32.DLL!SetFilePointer returned 0x00000000, argBytes=16
info: Win32Emu.Emulator[0]
      [Syscall] AFTER API: Return address at 0x001FEE0C = 0x00472467
info: Win32Emu.Emulator[0]
      [Syscall] KERNEL32.DLL!HeapAlloc from stub at 0x0F000120
info: Win32Emu.Emulator[0]
      [Syscall] BEFORE API: Return address at 0x001FEDEC = 0x004694A4
info: Win32Emu.Emulator[0]
      Dispatching KERNEL32.DLL!HeapAlloc at EIP=0x0E000002 ESP=0x001FEDEC stack=A4 94 46 00 40 20 00 01 00 00 00 00 00 10 00 00
info: Win32Emu.Emulator[0]
      [ProcessEnv] VirtualAlloc(lp=0x00000000, size=0x00001000, alloc=0x00001000, prot=0x00000004)
info: Win32Emu.Emulator[0]
      [ProcessEnv] VirtualAlloc: allocated at 0x014AE000, size=0x00001000, reserve=False, commit=True, topDown=False
info: Win32Emu.Emulator[0]
      [Dispatcher] KERNEL32.DLL!HeapAlloc returned 0x014AE000, argBytes=12
info: Win32Emu.Emulator[0]
      [Syscall] AFTER API: Return address at 0x001FEDEC = 0x004694A4
info: Win32Emu.Emulator[0]
      [Syscall] KERNEL32.DLL!ReadFile from stub at 0x0F000040
info: Win32Emu.Emulator[0]
      [Syscall] BEFORE API: Return address at 0x001FEDE8 = 0x0046AC69
info: Win32Emu.Emulator[0]
      Dispatching KERNEL32.DLL!ReadFile at EIP=0x0E000002 ESP=0x001FEDE8 stack=69 AC 46 00 78 10 00 00 00 E0 4A 01 00 10 00 00
info: Win32Emu.Emulator[0]
      [Dispatcher] KERNEL32.DLL!ReadFile returned 0x00000001, argBytes=20
info: Win32Emu.Emulator[0]
      [Syscall] AFTER API: Return address at 0x001FEDE8 = 0x0046AC69
info: Win32Emu.Emulator[0]
      [Syscall] KERNEL32.DLL!HeapFree from stub at 0x0F000130
info: Win32Emu.Emulator[0]
      [Syscall] BEFORE API: Return address at 0x001FEE2C = 0x004693FA
info: Win32Emu.Emulator[0]
      Dispatching KERNEL32.DLL!HeapFree at EIP=0x0E000002 ESP=0x001FEE2C stack=FA 93 46 00 40 20 00 01 00 00 00 00 00 E0 4A 01
info: Win32Emu.Emulator[0]
      [Dispatcher] KERNEL32.DLL!HeapFree returned 0x00000001, argBytes=12
info: Win32Emu.Emulator[0]
      [Syscall] AFTER API: Return address at 0x001FEE2C = 0x004693FA
info: Win32Emu.Emulator[0]
      [Syscall] KERNEL32.DLL!CloseHandle from stub at 0x0F000230
info: Win32Emu.Emulator[0]
      [Syscall] BEFORE API: Return address at 0x001FEE3C = 0x0046AA3B
info: Win32Emu.Emulator[0]
      Dispatching KERNEL32.DLL!CloseHandle at EIP=0x0E000002 ESP=0x001FEE3C stack=3B AA 46 00 78 10 00 00 70 04 00 0F 00 00 00 00
info: Win32Emu.Emulator[0]
      [Dispatcher] KERNEL32.DLL!CloseHandle returned 0x00000001, argBytes=4
info: Win32Emu.Emulator[0]
      [Syscall] AFTER API: Return address at 0x001FEE3C = 0x0046AA3B
info: Win32Emu.Emulator[0]
      [Syscall] KERNEL32.DLL!HeapFree from stub at 0x0F000130
info: Win32Emu.Emulator[0]
      [Syscall] BEFORE API: Return address at 0x001FEE44 = 0x004693FA
info: Win32Emu.Emulator[0]
      Dispatching KERNEL32.DLL!HeapFree at EIP=0x0E000002 ESP=0x001FEE44 stack=FA 93 46 00 40 20 00 01 00 00 00 00 00 C0 4A 01
info: Win32Emu.Emulator[0]
      [Dispatcher] KERNEL32.DLL!HeapFree returned 0x00000001, argBytes=12
info: Win32Emu.Emulator[0]
      [Syscall] AFTER API: Return address at 0x001FEE44 = 0x004693FA
info: Win32Emu.Emulator[0]
      [Syscall] KERNEL32.DLL!CreateFileA from stub at 0x0F0003C0
info: Win32Emu.Emulator[0]
      [Syscall] BEFORE API: Return address at 0x001FEDC0 = 0x004710FF
info: Win32Emu.Emulator[0]
      Dispatching KERNEL32.DLL!CreateFileA at EIP=0x0E000002 ESP=0x001FEDC0 stack=FF 10 47 00 84 88 49 00 00 00 00 80 03 00 00 00
info: Win32Emu.Emulator[0]
      [Dispatcher] KERNEL32.DLL!CreateFileA returned 0x0000107C, argBytes=28
info: Win32Emu.Emulator[0]
      [Syscall] AFTER API: Return address at 0x001FEDC0 = 0x004710FF
info: Win32Emu.Emulator[0]
      [Syscall] KERNEL32.DLL!GetFileType from stub at 0x0F000020
info: Win32Emu.Emulator[0]
      [Syscall] BEFORE API: Return address at 0x001FEDD8 = 0x00471129
info: Win32Emu.Emulator[0]
      Dispatching KERNEL32.DLL!GetFileType at EIP=0x0E000002 ESP=0x001FEDD8 stack=29 11 47 00 7C 10 00 00 01 00 00 00 00 00 00 00
info: Win32Emu.Emulator[0]
      [Dispatcher] KERNEL32.DLL!GetFileType returned 0x00000001, argBytes=4
info: Win32Emu.Emulator[0]
      [Syscall] AFTER API: Return address at 0x001FEDD8 = 0x00471129
info: Win32Emu.Emulator[0]
      [Syscall] KERNEL32.DLL!CloseHandle from stub at 0x0F000230
info: Win32Emu.Emulator[0]
      [Syscall] BEFORE API: Return address at 0x001FEE34 = 0x0046AA3B
info: Win32Emu.Emulator[0]
      Dispatching KERNEL32.DLL!CloseHandle at EIP=0x0E000002 ESP=0x001FEE34 stack=3B AA 46 00 7C 10 00 00 70 04 00 0F 00 00 00 00
info: Win32Emu.Emulator[0]
      [Dispatcher] KERNEL32.DLL!CloseHandle returned 0x00000001, argBytes=4
info: Win32Emu.Emulator[0]
      [Syscall] AFTER API: Return address at 0x001FEE34 = 0x0046AA3B
info: Win32Emu.Emulator[0]
      [Syscall] KERNEL32.DLL!CreateFileA from stub at 0x0F0003C0
info: Win32Emu.Emulator[0]
      [Syscall] BEFORE API: Return address at 0x001FEDB8 = 0x004710FF
info: Win32Emu.Emulator[0]
      Dispatching KERNEL32.DLL!CreateFileA at EIP=0x0E000002 ESP=0x001FEDB8 stack=FF 10 47 00 84 88 49 00 00 00 00 80 03 00 00 00
info: Win32Emu.Emulator[0]
      [Dispatcher] KERNEL32.DLL!CreateFileA returned 0x00001080, argBytes=28
info: Win32Emu.Emulator[0]
      [Syscall] AFTER API: Return address at 0x001FEDB8 = 0x004710FF
info: Win32Emu.Emulator[0]
      [Syscall] KERNEL32.DLL!GetFileType from stub at 0x0F000020
info: Win32Emu.Emulator[0]
      [Syscall] BEFORE API: Return address at 0x001FEDD0 = 0x00471129
info: Win32Emu.Emulator[0]
      Dispatching KERNEL32.DLL!GetFileType at EIP=0x0E000002 ESP=0x001FEDD0 stack=29 11 47 00 80 10 00 00 01 00 00 00 00 00 00 00
info: Win32Emu.Emulator[0]
      [Dispatcher] KERNEL32.DLL!GetFileType returned 0x00000001, argBytes=4
info: Win32Emu.Emulator[0]
      [Syscall] AFTER API: Return address at 0x001FEDD0 = 0x00471129
info: Win32Emu.Emulator[0]
      [Syscall] KERNEL32.DLL!SetFilePointer from stub at 0x0F000390
info: Win32Emu.Emulator[0]
      [Syscall] BEFORE API: Return address at 0x001FEDEC = 0x0046F88A
info: Win32Emu.Emulator[0]
      Dispatching KERNEL32.DLL!SetFilePointer at EIP=0x0E000002 ESP=0x001FEDEC stack=8A F8 46 00 80 10 00 00 00 00 00 00 00 00 00 00
info: Win32Emu.Emulator[0]
      [Dispatcher] KERNEL32.DLL!SetFilePointer returned 0x00000000, argBytes=16
info: Win32Emu.Emulator[0]
      [Syscall] AFTER API: Return address at 0x001FEDEC = 0x0046F88A
info: Win32Emu.Emulator[0]
      [Syscall] KERNEL32.DLL!SetFilePointer from stub at 0x0F000390
info: Win32Emu.Emulator[0]
      [Syscall] BEFORE API: Return address at 0x001FEDFC = 0x0046F88A
info: Win32Emu.Emulator[0]
      Dispatching KERNEL32.DLL!SetFilePointer at EIP=0x0E000002 ESP=0x001FEDFC stack=8A F8 46 00 80 10 00 00 00 00 00 00 00 00 00 00
info: Win32Emu.Emulator[0]
      [Dispatcher] KERNEL32.DLL!SetFilePointer returned 0x00002334, argBytes=16
info: Win32Emu.Emulator[0]
      [Syscall] AFTER API: Return address at 0x001FEDFC = 0x0046F88A
info: Win32Emu.Emulator[0]
      [Syscall] KERNEL32.DLL!SetFilePointer from stub at 0x0F000390
info: Win32Emu.Emulator[0]
      [Syscall] BEFORE API: Return address at 0x001FEDEC = 0x0046F88A
info: Win32Emu.Emulator[0]
      Dispatching KERNEL32.DLL!SetFilePointer at EIP=0x0E000002 ESP=0x001FEDEC stack=8A F8 46 00 80 10 00 00 00 00 00 00 00 00 00 00
info: Win32Emu.Emulator[0]
      [Dispatcher] KERNEL32.DLL!SetFilePointer returned 0x00002334, argBytes=16
info: Win32Emu.Emulator[0]
      [Syscall] AFTER API: Return address at 0x001FEDEC = 0x0046F88A
info: Win32Emu.Emulator[0]
      [Syscall] KERNEL32.DLL!SetFilePointer from stub at 0x0F000390
info: Win32Emu.Emulator[0]
      [Syscall] BEFORE API: Return address at 0x001FEDFC = 0x0046F88A
info: Win32Emu.Emulator[0]
      Dispatching KERNEL32.DLL!SetFilePointer at EIP=0x0E000002 ESP=0x001FEDFC stack=8A F8 46 00 80 10 00 00 00 00 00 00 00 00 00 00
info: Win32Emu.Emulator[0]
      [Dispatcher] KERNEL32.DLL!SetFilePointer returned 0x00000000, argBytes=16
info: Win32Emu.Emulator[0]
      [Syscall] AFTER API: Return address at 0x001FEDFC = 0x0046F88A
info: Win32Emu.Emulator[0]
      [Syscall] KERNEL32.DLL!CloseHandle from stub at 0x0F000230
info: Win32Emu.Emulator[0]
      [Syscall] BEFORE API: Return address at 0x001FEE2C = 0x0046AA3B
info: Win32Emu.Emulator[0]
      Dispatching KERNEL32.DLL!CloseHandle at EIP=0x0E000002 ESP=0x001FEE2C stack=3B AA 46 00 80 10 00 00 70 04 00 0F 00 00 00 00
info: Win32Emu.Emulator[0]
      [Dispatcher] KERNEL32.DLL!CloseHandle returned 0x00000001, argBytes=4
info: Win32Emu.Emulator[0]
      [Syscall] AFTER API: Return address at 0x001FEE2C = 0x0046AA3B
info: Win32Emu.Emulator[0]
      [Syscall] KERNEL32.DLL!HeapAlloc from stub at 0x0F000120
info: Win32Emu.Emulator[0]
      [Syscall] BEFORE API: Return address at 0x001FEE10 = 0x004694A4
info: Win32Emu.Emulator[0]
      Dispatching KERNEL32.DLL!HeapAlloc at EIP=0x0E000002 ESP=0x001FEE10 stack=A4 94 46 00 40 20 00 01 00 00 00 00 40 23 00 00
info: Win32Emu.Emulator[0]
      [ProcessEnv] VirtualAlloc(lp=0x00000000, size=0x00002340, alloc=0x00001000, prot=0x00000004)
info: Win32Emu.Emulator[0]
      [ProcessEnv] VirtualAlloc: allocated at 0x014AF000, size=0x00003000, reserve=False, commit=True, topDown=False
info: Win32Emu.Emulator[0]
      [Dispatcher] KERNEL32.DLL!HeapAlloc returned 0x014AF000, argBytes=12
info: Win32Emu.Emulator[0]
      [Syscall] AFTER API: Return address at 0x001FEE10 = 0x004694A4
info: Win32Emu.Emulator[0]
      [Syscall] KERNEL32.DLL!CreateFileA from stub at 0x0F0003C0
info: Win32Emu.Emulator[0]
      [Syscall] BEFORE API: Return address at 0x001FEDC8 = 0x004710FF
info: Win32Emu.Emulator[0]
      Dispatching KERNEL32.DLL!CreateFileA at EIP=0x0E000002 ESP=0x001FEDC8 stack=FF 10 47 00 84 88 49 00 00 00 00 80 03 00 00 00
info: Win32Emu.Emulator[0]
      [Dispatcher] KERNEL32.DLL!CreateFileA returned 0x00001084, argBytes=28
info: Win32Emu.Emulator[0]
      [Syscall] AFTER API: Return address at 0x001FEDC8 = 0x004710FF
info: Win32Emu.Emulator[0]
      [Syscall] KERNEL32.DLL!GetFileType from stub at 0x0F000020
info: Win32Emu.Emulator[0]
      [Syscall] BEFORE API: Return address at 0x001FEDE0 = 0x00471129
info: Win32Emu.Emulator[0]
      Dispatching KERNEL32.DLL!GetFileType at EIP=0x0E000002 ESP=0x001FEDE0 stack=29 11 47 00 84 10 00 00 01 00 00 00 00 00 00 00
info: Win32Emu.Emulator[0]
      [Dispatcher] KERNEL32.DLL!GetFileType returned 0x00000001, argBytes=4
info: Win32Emu.Emulator[0]
      [Syscall] AFTER API: Return address at 0x001FEDE0 = 0x00471129
info: Win32Emu.Emulator[0]
      [Syscall] KERNEL32.DLL!SetFilePointer from stub at 0x0F000390
info: Win32Emu.Emulator[0]
      [Syscall] BEFORE API: Return address at 0x001FEE0C = 0x00472467
info: Win32Emu.Emulator[0]
      Dispatching KERNEL32.DLL!SetFilePointer at EIP=0x0E000002 ESP=0x001FEE0C stack=67 24 47 00 84 10 00 00 00 00 00 00 2C EE 1F 00
info: Win32Emu.Emulator[0]
      [Dispatcher] KERNEL32.DLL!SetFilePointer returned 0x00000000, argBytes=16
info: Win32Emu.Emulator[0]
      [Syscall] AFTER API: Return address at 0x001FEE0C = 0x00472467
info: Win32Emu.Emulator[0]
      [Syscall] KERNEL32.DLL!HeapAlloc from stub at 0x0F000120
info: Win32Emu.Emulator[0]
      [Syscall] BEFORE API: Return address at 0x001FEDEC = 0x004694A4
info: Win32Emu.Emulator[0]
      Dispatching KERNEL32.DLL!HeapAlloc at EIP=0x0E000002 ESP=0x001FEDEC stack=A4 94 46 00 40 20 00 01 00 00 00 00 00 10 00 00
info: Win32Emu.Emulator[0]
      [ProcessEnv] VirtualAlloc(lp=0x00000000, size=0x00001000, alloc=0x00001000, prot=0x00000004)
info: Win32Emu.Emulator[0]
      [ProcessEnv] VirtualAlloc: allocated at 0x014B2000, size=0x00001000, reserve=False, commit=True, topDown=False
info: Win32Emu.Emulator[0]
      [Dispatcher] KERNEL32.DLL!HeapAlloc returned 0x014B2000, argBytes=12
info: Win32Emu.Emulator[0]
      [Syscall] AFTER API: Return address at 0x001FEDEC = 0x004694A4
info: Win32Emu.Emulator[0]
      [Syscall] KERNEL32.DLL!ReadFile from stub at 0x0F000040
info: Win32Emu.Emulator[0]
      [Syscall] BEFORE API: Return address at 0x001FEDE8 = 0x0046AC69
info: Win32Emu.Emulator[0]
      Dispatching KERNEL32.DLL!ReadFile at EIP=0x0E000002 ESP=0x001FEDE8 stack=69 AC 46 00 84 10 00 00 00 20 4B 01 00 10 00 00
info: Win32Emu.Emulator[0]
      [Dispatcher] KERNEL32.DLL!ReadFile returned 0x00000001, argBytes=20
info: Win32Emu.Emulator[0]
      [Syscall] AFTER API: Return address at 0x001FEDE8 = 0x0046AC69
info: Win32Emu.Emulator[0]
      [Syscall] KERNEL32.DLL!HeapFree from stub at 0x0F000130
info: Win32Emu.Emulator[0]
      [Syscall] BEFORE API: Return address at 0x001FEE2C = 0x004693FA
info: Win32Emu.Emulator[0]
      Dispatching KERNEL32.DLL!HeapFree at EIP=0x0E000002 ESP=0x001FEE2C stack=FA 93 46 00 40 20 00 01 00 00 00 00 00 20 4B 01
info: Win32Emu.Emulator[0]
      [Dispatcher] KERNEL32.DLL!HeapFree returned 0x00000001, argBytes=12
info: Win32Emu.Emulator[0]
      [Syscall] AFTER API: Return address at 0x001FEE2C = 0x004693FA
info: Win32Emu.Emulator[0]
      [Syscall] KERNEL32.DLL!CloseHandle from stub at 0x0F000230
info: Win32Emu.Emulator[0]
      [Syscall] BEFORE API: Return address at 0x001FEE3C = 0x0046AA3B
info: Win32Emu.Emulator[0]
      Dispatching KERNEL32.DLL!CloseHandle at EIP=0x0E000002 ESP=0x001FEE3C stack=3B AA 46 00 84 10 00 00 70 04 00 0F 00 00 00 00
info: Win32Emu.Emulator[0]
      [Dispatcher] KERNEL32.DLL!CloseHandle returned 0x00000001, argBytes=4
info: Win32Emu.Emulator[0]
      [Syscall] AFTER API: Return address at 0x001FEE3C = 0x0046AA3B
info: Win32Emu.Emulator[0]
      [Syscall] KERNEL32.DLL!HeapFree from stub at 0x0F000130
info: Win32Emu.Emulator[0]
      [Syscall] BEFORE API: Return address at 0x001FEE44 = 0x004693FA
info: Win32Emu.Emulator[0]
      Dispatching KERNEL32.DLL!HeapFree at EIP=0x0E000002 ESP=0x001FEE44 stack=FA 93 46 00 40 20 00 01 00 00 00 00 00 F0 4A 01
info: Win32Emu.Emulator[0]
      [Dispatcher] KERNEL32.DLL!HeapFree returned 0x00000001, argBytes=12
info: Win32Emu.Emulator[0]
      [Syscall] AFTER API: Return address at 0x001FEE44 = 0x004693FA
info: Win32Emu.Emulator[0]
      [Syscall] KERNEL32.DLL!ExitProcess from stub at 0x0F000140
info: Win32Emu.Emulator[0]
      [Syscall] BEFORE API: Return address at 0x001FEE70 = 0x004698DF
info: Win32Emu.Emulator[0]
      Dispatching KERNEL32.DLL!ExitProcess at EIP=0x0E000002 ESP=0x001FEE70 stack=DF 98 46 00 FF FF FF FF 01 00 00 00 00 00 00 00
info: Win32Emu.Emulator[0]
      [Kernel32] ExitProcess(4294967295)
info: Win32Emu.Emulator[0]
      [Dispatcher] KERNEL32.DLL!ExitProcess returned 0x00000000, argBytes=4
info: Win32Emu.Emulator[0]
      [Syscall] AFTER API: Return address at 0x001FEE70 = 0x004698DF
info: Win32Emu.Emulator[0]
      No unimplemented functions found!


